"서울특별시 광진구 광나루로56길 63, 프라임프라자 107~109호 (구의동)","온누리강변프라자약국","02-3437-3027","2200","0830","2200","0830","2200","0830","2200","0830","2200","0830","2200","0900","2200","0900","2000","0900","C1110135","051","19","15626","37.536876063117866","127.09619893955268"
"경기도 과천시 별양상가2로 20, 새서울프라자 1층 13호 (별양동)","온누리건강나라약국","02-3418-6464","2100","0900","2100","0900","2100","0900","2100","0900","2100","0900","2000","0900","1800","1000","C2103658","138","37","15627","37.42682929341243","126.99255691255391"
"인천광역시 계양구 계양문화로 96, 강북프라자 112~113호 (용종동)","계산동홈플러스맞은편 국민은행건물","온누리건강백화점약국","032-545-1535","2100","0900","2100","0900","2100","0900","2100","0900","2100","0900","1800","0900","1800","1100","1900","1000","C1400878","210","65","15628","37.53909617672618","126.7372404498694"
"서울특별시 송파구 양재대로 1222 올림픽중심상가 2층 10호 (방이동)","올림픽공원역 2번 출구","온누리건강약국","02-404-9620","1930","0830","1930","0830","1930","0830","1930","0830","1930","0830","1800","0830","C1103404","056","48","15629","37.515713214710495","127.13179679207694"
"서울특별시 송파구 백제고분로12길 17 (잠실동)","온누리건강약국","02-3431-4959","2200","0900","2200","0900","2200","0900","2200","1400","2200","0900","2200","0900","2000","0900","C1100892","055","75","15630","37.5046051166072","127.080682292509"
"서울특별시 금천구 시흥대로 232 (시흥동)","온누리건강약국","02-893-0530","1900","0830","1900","0830","1900","0830","1900","0830","1900","0830","1600","0830","C1104371","086","28","15631","37.45457124185289","126.90091151414975"
"충청북도 제천시 의병대로 233 (신백동)","공휴일은 병원 진료시간에 따라 변동(전화 요망)","온누리건강약국","043-642-4300","1900","0840","1900","0840","1900","0840","1900","0840","1900","0840","1500","0840","C2300522","271","78","15632","37.13267429910284","128.2261228343344"
"서울특별시 중랑구 봉화산로 215, 1층 (신내동)","온누리건강약국","02-3422-3097","1900","0900","1900","0900","1900","0900","1900","0900","1900","0900","1400","0900","C1100894","020","54","15633","37.60760160196494","127.09656175918732"
"경상북도 포항시 북구 흥해읍 중성로32번길 21","흥해리플러스입구","온누리건강약국","054-261-4301","2100","0900","2100","0900","2100","0900","2100","0900","2100","0900","2100","0900","2100","0900","C2700859","375","47","15634","36.10665609172835","129.3468995598273"
"전라남도 곡성군 옥과면 대학로 158","전남곡성군옥과면옥과터미널","온누리건강한약국","061-363-6011","1900","0800","1900","0800","1900","0800","1900","0800","1900","0800","1500","0800","C2600236","575","04","15635","35.2765791989997","127.1366410739335"
"경상북도 경주시 황성로 18","황성동 농협옆 민연합이비인후과의원1층","온누리계림약국","054-772-7557","1800","0830","1800","0830","1800","0830","1800","0830","1800","0830","1230","0900","1300","0900","C2700106","380","86","15636","35.86486806380398","129.21399560068363"
"서울특별시 금천구 금하로24길 57 (시흥동)","온누리고성희약국","02-808-3616","2200","0900","2200","0900","2200","0900","2200","0900","2200","0900","2200","0900","2200","0900","2200","0900","C1104792","086","47","15637","37.4484839685162","126.908824053937"
"서울특별시 강남구 삼성로 150, 110호 (대치동, 한보미도종합상가)","한보미도종합상가 110호","온누리구인당약국","02-552-5550","1830","0900","1830","0900","1830","0900","1830","0900","1830","0900","1430","0900","C1102383","062","88","15638","37.49491883965336","127.06637062504875"
"경기도 용인시 수지구 광교마을로 54, 에스비타운 110호 (상현동)","온누리기분좋은약국","031-212-7004","2000","0900","2000","0900","2000","0900","2000","0900","2000","0900","1300","0900","C2103539","169","43","15639","37.29815667672422","127.07039764031154"
"경기도 과천시 별양상가1로 25 (별양동) 렉스타운 404호","온누리길약국","02-502-1966","1900","0830","1900","0830","1900","0830","1900","0830","1900","0830","1600","0830","C2100934","138","37","15640","37.42827812820284","126.99254321132143"
"경기도 성남시 분당구 돌마로 67, 금산젬월드 115호 (금곡동)","온누리길약국","031-717-0065","1800","0900","1800","0900","1800","0900","2000","0900","1800","0900","C2101329","136","18","15641","37.27611056868071","126.9555995615772"
"대구광역시 남구 영선길 28, 1층 (대명동)","범어로타리에서수성교방향2변째파란불건널목","온누리김약국","053-744-9133","1830","0900","1830","0900","1830","0900","1830","0900","1830","0900","1300","0900","1300","0900","1300","0900","C1300591","424","24","15642","35.854194255","128.5917275722"
"경기도 고양시 덕양구 중앙로 450, 108호 (행신동, 명성프라자)","온누리김원철약국","031-971-1447","2100","0900","2100","0900","2100","0900","2100","0900","2100","0900","1900","0900","C2102649","104","86","15643","37.618467379371445","126.84544304028955"
"대구광역시 북구 칠곡중앙대로 497","동화주택대로변상가","온누리낙원약국","053-326-1249","1900","0830","1900","0830","1900","0830","1900","0830","1900","0830","1500","0830","C1300850","414","43","15644","35.9400213889926","128.54967138905192"
"부산광역시 금정구 두실로 36","버스정류장: 남산소방서 사거리","온누리남산약국","051-514-0900","1900","0900","1900","0900","1900","0900","1900","0900","1900","0900","1400","0900","C1200738","462","26","15645","35.26104395277987","129.08758235565847"
"부산광역시 남구 석포로 121","버스정류장: 부산문화회관, 유엔사거리에서 남광시장방향","온누리대광당약국","051-624-8668","1900","0900","1900","0900","1900","0900","1900","0900","1900","0900","1300","0900","C1201391","484","86","15646","35.12829705072009","129.09092149610112"
"서울특별시 영등포구 도림로38길 4, (대림동)","대림역 12번 출구 앞","온누리대광약국","02-849-1330","2100","0900","2100","0900","2100","0900","2100","0900","2100","0900","1800","0900","1800","0900","C1104579","074","16","15647","37.4926393564845","126.897220118342"
"서울특별시 관악구 시흥대로 560, 1층 (신림동)","일요일은 방문 전 연락 요망","구로디지털단지역 1,6번 출구 안양 방면 100m","온누리대산약국","02-853-4967","2300","0900","2300","0900","2300","0900","2300","0900","2300","0900","2300","0900","2200","1700","2200","1700","C1102158","087","69","15648","37.482978742448424","126.90197921088979"
"서울특별시 강북구 수유로 9, (수유동)","온누리대성약국","02-982-0525","1730","0900","1730","0900","1730","0900","1730","0900","1730","0900","1300","0900","C1100900","011","11","15649","37.63193034666201","127.0181121177175"
"전라남도 고흥군 과역면 고흥로 2989","장날일경우 토,일 운영","과역시장통 앞","온누리대성약국","061-832-1234","1700","0730","1700","0730","1700","0730","1700","0730","1700","0730","1300","0730","C2600061","595","11","15650","34.679737840507116","127.36128048943144"
"경상북도 포항시 북구 중앙로 237 (죽도동)","온누리대왕약국","054-247-5255","1900","0850","1900","0850","1900","0850","1900","0850","1900","0850","1900","0850","C2700389","791","050","15651","36.03400576223","129.36537564504206"
"대전광역시 대덕구 신탄진로 804 (신탄진동)","온누리대우당약국","042-932-3812","2040","0830","2040","0830","2040","0830","2040","0830","2040","0830","2040","0830","2040","0830","C1600035","343","11","15652","36.449197783420615","127.4294843310492"
"제주특별자치도 제주시 서광로 171","제주시 시외버스터미널 맞은편","온누리대우약국","064-753-3390","1900","0830","1900","0830","1900","0830","1900","0830","1900","0830","1900","0830","C2900148","631","84","15653","33.50024553508777","126.51471557340801"
"광주광역시 북구 평교로29번길 1, 1층 (문흥동)","온누리대주약국","062-262-5800","1900","0900","1900","0900","1900","0900","1900","0900","1900","0900","1300","0900","C1500416","611","72","15654","35.18106070219929","126.92607609595677"
"충청북도 청주시 서원구 내수동로 154 (사창동)","온누리대청약국","043-266-0346","2000","0930","2000","0930","2000","0930","2000","0930","2000","0930","1900","0930","C2300612","286","63","15655","36.634099999999997","127.464183333333338"
"울산광역시 중구 손골4길 6, 1층 (복산동)","22년7월1일부터 12월 31일까지 매일 공공심야약국 합니다 밤10시부터 새벽1시 까지 평일 브레이크타임 오후7시 10시","1997년부터 약국을 한자리서 운영해온 믿을수 있고 한약과 양약 화장품 건식에 도움드릴수있습니다.육체적 건강 정신적 건강에도 모두 신경써서 행복한 인생되시길 기원합니다. 울산중구 공공심야약국으로 밤10시부터 새벽1시까지 365일 안전한의약품사용에 도움드리겠습니다.","복산동장미아파트앞","온누리동광약국","052-296-6786","2500","1400","2500","1400","2500","1400","2500","1400","2500","1400","2500","2200","2500","2200","2500","2200","C1700126","444","30","15656","35.563555555555553","129.326002777777774"
"경상남도 창원시 의창구 도계로 69 (도계동)","제일의원1층","온누리동산약국","055-277-3233","2030","0900","2030","0900","2030","0900","2030","0900","2030","0900","1930","0900","2000","1030","C2800097","511","62","15657","35.2585047098955","128.6386554531135"
"서울특별시 서초구 동작대로 194, (방배동)","정금마을(버스정류장)","온누리동성약국","02-599-7772","2000","0900","2000","0900","2000","0900","2000","0900","2000","0900","1500","0900","C1100901","065","59","15658","37.49389561067331","126.983094477797"
"서울특별시 성북구 화랑로48길 16, 101호 (석관동, 두산아파트상가)","두산아파트 상가 내 101호","온누리두산약국","02-959-2668","1810","0900","1810","0900","1810","0900","1810","0900","1810","0900","1310","0900","C1102384","027","80","15659","37.613942439784644","127.0671501741771"
"서울특별시 관악구 성현로 80, 203호 (봉천동, 관악드림타운주상가)","관악드림타운 아파트 주상가 2층 내(203호)","온누리드림약국","02-886-9517","1400","0900","1900","0900","1900","0900","1900","0900","1900","0900","1400","0900","C1103663","087","25","15660","37.48896868065434","126.94926980515413"
"대구광역시 달서구 장기로 205, (본리동)","조기마감하는 경우 있음 전화확인 필수 토요일에 가끔 세미나 있으면 13:00까지 운영","달서구본리동62-7일제빌딩(본리초등학교앞)","온누리류민정약국","053-527-5829","2000","0900","2000","0900","2000","0900","2000","0900","2000","0900","2000","0900","C1300633","426","74","15661","35.84336901027747","128.53788005833658"
"서울특별시 마포구 월드컵로14길 5, (서교동)","온누리메디칼약국","02-3141-4757","2130","0900","2130","0900","2130","0900","2130","0900","2130","0900","2030","0900","C1102638","039","96","15662","37.55600296996227","126.9107564945729"
"서울특별시 광진구 아차산로 220 (자양동)","건대입구역 6번 출구","온누리메디칼약국","02-461-0120","2200","0900","2200","0900","2200","0900","2200","0900","2200","0900","2200","0900","2200","0900","C1100902","050","72","15663","37.54068679836624","127.06769826601347"
"인천광역시 남동구 만수로 43 (만수동, 1층일부)","만수시장 파리바게트 옆.","온누리명성약국","032-462-4032","1900","0900","1900","0900","1900","0900","1900","0900","1900","0900","1500","0900","C1400399","215","24","15664","37.46029833966247","126.73318211723662"
"서울특별시 강동구 고덕로83길 18, (고덕동)","온누리모세종약국","02-429-1427","2000","0900","2000","0900","2000","0900","2000","0900","2000","0900","1800","0900","C1100903","052","22","15665","37.55800181644112","127.16881791081758"
"전라남도 나주시 성북2길 9 (성북동)","나주중앙병원후문,나주교회옆","온누리목사골약국","061-332-5505","1800","0800","1800","0800","1800","0800","1800","0800","1800","0800","1300","0800","C2600767","582","55","15666","35.03522654403065","126.7199568721841"
"경기도 의왕시 안양판교로 62","첫째,셋째 일요일 휴무","인덕원역2번출구직진300m삼호아파트상가1층 /삼호상가 107호","온누리목화약국","031-424-1044","2100","0900","2100","0900","2100","0900","2100","0900","2100","0900","2100","0900","2100","0900","2100","0900","C2101191","160","14","15667","37.39747850251701","126.98155929504115"
"강원특별자치도 원주시 문막읍 문막시장1길 13, 1층 (문막읍)","농협 옆, 송광선 내과 맞은편","온누리문막약국","033-734-7044","1830","0830","1830","0830","1830","0830","1830","0830","1830","0830","1400","0830","C2200380","263","73","15668","37.308004383821945","127.81746459296204"
"강원특별자치도 강릉시 금성로 58 (금학동)","금학동 택시부광장 부근 남전빌딩1층","온누리문일약국","033-643-2472","1830","0830","1830","0830","1830","0830","1830","0830","1830","0830","1730","0830","1800","1030","C2200620","255","39","15669","37.75188516698848","128.89498813643422"
"인천광역시 남동구 백범로 206, (만수동)","만수소방파출소 앞","온누리미성약국","032-462-3097","1900","0900","1900","0900","1900","0900","1900","0900","1900","0900","1500","0900","C1400875","215","20","15670","37.45996905422983","126.72630208301726"
"경기도 수원시 팔달구 덕영대로 905, 1층102호 (매산로1가)","온누리미소약국","031-243-1123","1800","0900","1800","0900","1800","0900","1800","0900","1800","0900","1300","0900","C2110110","164","55","15671","37.2678871208946","127.00056134027"
"서울특별시 마포구 월드컵로 29, 지하2층 (합정동, JH빌딩)","온누리미소약국","02-323-4052","2000","0830","1830","0830","2000","0830","1830","0830","1830","0830","1400","0830","C1106965","040","23","15672","37.552077909842424","126.91213899814645"
"서울특별시 은평구 통일로87길 5-10, 1층 (갈현동)","온누리민생약국","02-356-5139","1800","0900","1800","0900","1800","0900","1800","0900","1800","0900","1430","0900","C1103315","033","29","15673","37.622855703452636","126.91889193795907"
"서울특별시 성북구 돌곶이로22길 49 (석관동)","공공심야약국","온누리민우약국","02-969-4582","2500","0900","2500","0900","2500","0900","2500","0900","2500","0900","2500","0900","2500","0900","2100","1300","C1103161","027","83","15674","37.61069113060265","127.06066328755021"
"강원특별자치도 원주시 북원로 2698 (태장동)","태장교 지나서 오른편","온누리바다약국","033-742-4146","2100","0900","2100","0900","2100","0900","2100","0900","2100","0900","1900","0900","2100","0900","C2200038","263","16","15675","37.384313888888890","127.947761111111106"
"강원특별자치도 강릉시 주문진읍 주문로 64","주문진 시장입구와 원마트사이,한림정형외과 옆","온누리바다약국","033-661-0720","1800","0900","1800","0900","1800","0900","1800","0900","1800","0900","1200","0900","C2200266","254","18","15676","37.889643619500035","128.82594019581631"
"전라남도 나주시 동점문길 5 (중앙동)","터미널 근처","온누리백제약국","061-334-0221","1800","0800","1800","0800","1800","0800","1800","0800","1800","0800","1300","0800","C2600462","582","55","15677","35.03428443850352","126.7222456684793"
"충청남도 공주시 번영1로 46","충남 공주시 신관동하이마트 사거리","온누리백제약국","041-854-1230","1800","0850","1800","0850","1200","0850","1800","0850","1800","0850","1300","0830","C2400554","325","84","15678","36.47179388890179","127.1337355389667"
"전북특별자치도 남원시 충정로 370, 백제약국 (고죽동)","남원의료원건너편","온누리백제약국","063-632-7272","1900","0800","1900","0800","1900","0800","1900","0800","1900","0800","C2500816","557","33","15679","35.429894444444443","127.407686111111104"
"서울특별시 구로구 고척로 212, 102호 (고척동, 오토젠빌딩)","고척근린공원 근처, 양우아파트 입구","온누리백제약국","02-2619-6150","2030","0900","2030","0900","2030","0900","2030","0900","2030","0900","2000","0900","C1104823","082","28","15680","37.50536334730059","126.8569427439923"
"서울특별시 용산구 후암로 33-3, 1층 (후암동)","후암소방서 앞","온누리백합약국","02-774-2002","1920","0900","1920","0900","1920","0900","1920","0900","1920","0900","1330","0900","C1100846","043","32","15681","37.5488226910335","126.977484116289"
"전라남도 순천시 왕궁중앙길 28, 1층 (조례동)","온누리보건약국","061-723-5657","2030","0830","2030","0830","2030","0830","2030","0830","2030","0830","2030","0830","C2600705","579","71","15682","34.955565594927904","127.53328109876962"
"서울특별시 노원구 한글비석로 474 보람상가 (상계동)","보람상가 1층 153호","온누리보람약국","02-933-3885","2000","0800","2000","0800","2000","0800","2000","0800","2000","0800","1700","0800","C1100847","016","71","15683","37.66469796487396","127.06571679737296"
"광주광역시 남구 광복마을길 43, 한신2차아파트 상가동 (진월동)","공휴일, 일요일은 추가적으로 17:00~20:00 까지 약국 운영-전화 확인 후 방문 요함","진월동한신2A.상가내","온누리보민당약국","062-671-5001","2030","0830","2030","0830","2030","0830","2030","0830","2030","0830","2030","0830","1300","1100","1300","1100","C1500179","617","26","15684","35.121282704720436","126.89679177375996"
"경상북도 상주시 냉림서성길 16 (서성동)","온누리보성약국","054-535-4719","1830","0830","1830","0830","1830","0830","1830","0830","1830","0830","1200","0830","C2700611","371","79","15685","36.41975612596104","128.16018370383904"
"충청북도 청주시 흥덕구 사직대로 12 (복대동)","복대동최병원옆","온누리복대약국","043-267-1022","2130","0900","2130","0900","2130","0900","2130","0900","2130","0900","2130","0900","C2300260","285","94","15686","36.633976640120544","127.4486049631428"
"부산광역시 부산진구 엄광로 66 (개금동)","버스정류장: 가야벽산아파트정문","온누리본초약국","051-894-3530","2050","0910","2050","0910","2050","0910","2050","0910","2050","0910","2030","0910","2000","1000","C1201327","473","88","15687","35.14786620030691","129.0232301475943"
"충청북도 진천군 덕산읍 대월1길 19-3, 1층","전화통화후 방문요망","한국교육개발원 맞은편","온누리봄꽃약국","070-4154-4610","1800","1000","1800","1000","1800","1000","1800","1000","1800","1000","C2301138","278","74","15688","36.8996284632301","127.535433959265"
"서울특별시 송파구 양산로10길 4 (거여동)","온누리봄빛약국","02-431-0419","2000","0900","2000","0900","2000","0900","2000","0900","2000","0900","1700","0900","C1103603","057","73","15689","37.4925455789882","127.144736669069"
"경기도 광주시 퇴촌면 광동로 33","퇴촌중앙의원건물1층","온누리부부약국","031-765-8935","1900","0830","1900","0830","1900","0830","1900","0830","1900","0830","1500","0830","1300","0900","C2101719","127","11","15690","37.470715047","127.3065021077"
"전라남도 순천시 남산로 144, 1층 (풍덕동)","순천교통버스대기장 인근","온누리부부약국","061-742-1025","1840","0840","1840","0840","1840","0840","1840","0840","1840","0840","1300","0840","C2600348","579","93","15691","34.940349007774635","127.50403495644573"
"경상남도 창원시 마산합포구 3·15대로 259 (중앙동3가)","자산동경남데파트옆","온누리뿌리약국","055-248-5153","1830","0900","1830","0900","1830","0900","1830","0900","1830","0900","1300","0900","1300","0900","C2801106","512","57","15692","35.201468228872926","128.567194598417"
"서울특별시 중랑구 용마산로 438 (면목동)","면목역 2번 출구 서일대 방면 겸제삼거리","온누리사랑약국","02-494-2790","1830","0830","1830","0830","1830","0830","1830","0830","1830","0830","1300","0830","C1100850","021","89","15693","37.59030405166186","127.09751315143224"
"서울특별시 구로구 구로동로15길 17, (구로동)","남구로역 4번 출구 고대구로병원 방향","온누리사랑의약국","02-862-2884","2130","0900","2130","0900","2130","0900","2130","0900","2130","0900","2100","0900","C1102577","083","18","15694","37.487753348809136","126.88377700505143"
"경기도 안양시 만안구 박달로 431, 105호 (박달동)","안양고,박달2동주민센터맞은편입니다","온누리산소약국","031-468-0825","2000","0800","2000","0800","2000","0800","2000","0800","2000","0800","1600","0800","1900","1500","1900","1500","C2103665","139","78","15695","37.4020466740028","126.90055204185035"
"서울특별시 강동구 동남로81길 50, 103호 (고덕동)","고덕동 아이파크아파트 정문 맞은","온누리삼선약국","02-427-0033","2030","0900","2100","0900","2030","0900","2100","0900","2030","0900","1600","0900","C1100851","052","27","15696","37.559810328145204","127.15417086070384"
"서울특별시 강동구 구천면로42길 17, (천호동)","천호 한신아파트 정문 앞","온누리삼일약국","02-484-1216","2130","1030","2130","1030","2130","1030","2130","1030","2130","1030","2100","1030","C1103160","053","10","15697","37.54626223504385","127.1352594836406"
"충청북도 청주시 흥덕구 직지대로 573 (봉명동)","*봉명사거리공단쪽서원경주유소지나우측","온누리상수약국","043-274-5748","1930","0840","1930","0840","1930","0840","1930","0840","1930","0840","1600","0840","C2300314","284","53","15698","36.64350175537888","127.4566307580011"
"부산광역시 금정구 서동로 155, (서동)","버스정류장: 세웅병원","온누리새나라약국","051-521-5575","1900","0900","1900","0900","1900","0900","1900","0900","1900","0900","1400","0900","1900","0900","C1200795","463","20","15699","35.214922222222221","129.103588888888879"
"경기도 남양주시 미금로 194-1, 603동 102호 (다산동, 부영그린분산상가동)","금교초등학교앞","온누리새부영약국","031-557-8110","1200","0800","1200","0800","1200","0800","1200","0800","1200","0800","1700","0830","C2102712","122","51","15700","37.61342009905305","127.16162622928152"
"서울특별시 은평구 은평터널로 65 (수색동, 대림한숲타운아파트)","대림 한숲타운 주상가 1-1","온누리새소망약국","02-309-3771","2130","0830","2130","0830","2130","0830","2130","0830","2130","0830","2100","0900","C1100852","034","91","15701","37.5863199021361","126.90037483135322"
"경기도 수원시 영통구 효원로 381, 103호 (매탄동, 새롬프라자)","영통구청부근","온누리새소망약국","031-217-6571","2130","0900","2130","0900","2130","0900","2130","0900","2130","0900","1900","0900","C2103761","165","45","15702","37.25932371289593","127.04327886136278"
"서울특별시 관악구 법원단지길 37 (신림동)","온누리새전일약국","02-859-2951","2100","1000","2100","1000","2100","1000","2100","1000","2100","1000","1700","1000","C1104867","088","52","15703","37.4744700016338","126.919687457529"
"경기도 성남시 분당구 내정로 94","온누리새한솔약국","031-716-8543","1930","0900","1930","0900","1930","0900","1930","0900","1930","0900","1900","0900","C2103810","136","07","15704","37.368755163222644","127.11523485978836"
"경기도 성남시 분당구 분당로53번길 9, 102호 (서현동,에이원프라자)","온누리서현약국","031-701-7006","2030","0900","2030","0900","2030","0900","2030","0900","2030","0900","2000","0900","C2101484","135","91","15705","37.38390029058908","127.12136106991144"
"서울특별시 광진구 용마산로 58 (중곡동)","신성시장 입구","온누리선명약국","02-446-6940","1830","0930","1830","0930","1830","0930","1830","0930","1830","0930","1330","0930","C1100853","049","45","15706","37.558833091693444","127.0879226929353"
"서울특별시 서대문구 통일로 131 ,4층 2호","온누리선약국","02-364-9648","1830","0900","2030","0900","1830","0900","2030","0900","1830","0900","1330","0900","C1104862","037","35","15707","37.566129673744804","126.96583091476418"
"경기도 광명시 철산로 27, 106호 (철산동)","1층107호","온누리선우약국","02-2618-8733","2030","0900","2030","0900","2030","0900","2030","0900","2030","0900","2100","0900","2000","1200","C2100662","142","36","15708","37.47678839748894","126.86905432207857"
"서울특별시 성북구 성북로4길 52, 417동 1102호 (돈암동, 한신한진아파트)","토요일 마감 시간 변동 가능(방문 전 연락 요망)","한성대입구역1번마을버스이용상가앞하차/한신한진(아)제상가 417동 1102호","온누리성모약국","02-927-1282","2100","0830","2100","0830","2100","0830","2100","0830","2100","0830","2000","0830","C1103252","028","31","15709","37.59441402036504","127.01131474205678"
"경기도 부천시 소사로327번길 36","부천성모병원 응급실 앞 건물 1층","온누리성모약국","032-349-2139","1900","0800","1900","0800","1900","0800","1900","0800","1900","0800","1400","0800","C2104652","146","47","15710","37.4863140103832","126.79240773887942"
"경기도 부천시 소사로327번길 36, (소사동)","부천성모병원 응급센터 맞은편","온누리성모약국","032-343-2139","1830","0800","1830","0800","1830","0800","1830","0800","1830","0800","1330","0800","C2100404","146","47","15711","37.48632492371782","126.79246537377483"
"경상북도 구미시 인동중앙로 42 (인의동)","구미인의365-2","온누리성모약국","054-472-3505","1830","0900","1830","0900","1830","0900","1830","0900","1830","0900","1530","0900","C2700731","394","29","15712","36.10849232490101","128.42280656017144"
"서울특별시 강동구 성안로 147, (천호동)","온누리성심약국","02-479-4335","1930","0900","2100","0900","1930","0900","1930","0900","2100","0900","1530","0900","C1100854","053","39","15713","37.53648034228133","127.13464214733585"
"경상북도 울진군 죽변면 죽변북로 14","*2021년 휴일지킴이약국 - 2.21, 3.21, 4.18, 5.16, 5.30, 6.20, 7.18, 8.15, 8.29, 9.19, 10.17, 10.31, 11.21, 12.19 *명절연휴 별도 운영 *월~목- 08:30~23:00","죽변농협 아래","온누리성심약국","054-782-4930","2300","0830","2300","0830","2300","0830","2300","0830","1900","0830","1300","0830","C2701017","363","15","15714","37.060573931566985","129.4212890397381"
"서울특별시 강동구 구천면로 269-1","천호성당에서 명일동 방향 70m","온누리성원약국","02-476-3193","1900","0900","1900","0900","1900","0900","1900","0900","1900","0900","C1100859","053","25","15715","37.54430367336028","127.13229124654386"
"서울특별시 강서구 방화동로16길 32 (방화동)","방신시장 성원상가 플러스마트 1층","온누리성원약국","02-2663-5547","2030","1000","2030","1000","2030","1000","2030","1000","2030","1000","2000","1000","C1100860","076","04","15716","37.57149549641376","126.81261837624989"
"대구광역시 달성군 다사읍 달구벌대로 800-2","다사지구대옆","온누리성주약국","053-591-0610","1800","0900","1800","0900","1800","0900","1800","0900","1800","0900","1300","0900","C1300250","429","15","15717","35.86209295330638","128.45873620742123"
"경기도 부천시 상일로 92, 307호 (상동, 삼희월드프라자)","상1동 주민센터 건너편건물 3층(국민은행 옆건물)","온누리성진약국","032-327-2087","1930","0900","1930","0900","1930","0900","1930","0900","1930","0900","1630","0930","C2100229","145","98","15718","37.49131696889604","126.75247570010495"
"부산광역시 부산진구 연수로 49-1, (양정동)","버스정류장: 양정119안전센터 맞은편","온누리성진약국","051-867-4229","1930","0900","1930","0900","1930","0900","1930","0900","1930","0900","1700","0900","C1201126","472","17","15719","35.17511666666667","129.07634166666813"
"충청북도 음성군 감곡면 장감로 123","감곡파출소옆, 새한정형외과 옆","온누리성진약국","043-882-1137","2030","0830","2030","0830","2030","0830","2030","0830","2030","0830","1600","0830","2030","1300","C2300582","276","03","15720","37.11881406880223","127.63614473345496"
"서울특별시 동작구 동작대로7길 84 (사당동)","사당역 8번 출구 전방 100m","온누리세종약국","02-584-3828","2200","0900","2200","0900","2200","0900","2200","0900","2200","0900","2200","1030","1900","1400","1900","1400","C1104209","070","16","15721","37.47767662787887","126.97802757174864"
"대구광역시 서구 국채보상로 316, 201동 104호 (평리동, 평리롯데캐슬상가)","중앙고등학교맞은편","온누리소화약국","053-423-3658","1830","0900","1830","0900","1830","0900","1830","0900","1830","0900","1300","0900","C1300042","418","14","15722","35.8682761918","128.6153029798"
"서울특별시 송파구 올림픽로35길 112, 2동 303호 (신천동, 장미아파트 비상가)","온누리솔약국","02-415-6667","1920","0850","1920","0850","1920","0850","1920","0850","1920","0850","1620","0850","C1107286","055","04","15723","37.5178938201938","127.10203400490111"
"서울특별시 동작구 장승배기로 119, (노량진동)","서울동작노량진2동307-15삼거리빌딩입구","온누리송학대약국","02-814-0639","2100","0900","2100","0900","2100","0900","2100","0900","2100","0900","1800","0900","C1104451","069","35","15724","37.50821878731976","126.93989758997141"
"서울특별시 관악구 난향길 4 (신림동)","유신교회 맞은편","온누리수경약국","02-864-7311","2130","0900","2130","0900","2130","0900","2130","0900","2130","0900","2130","0900","C1100160","088","59","15725","37.46306113077721","126.91875967186405"
"서울특별시 용산구 신흥로 141 (용산동2가)","용산고등학교 인근","온누리수명약국","02-754-2697","2030","0900","2030","0900","2030","0900","2030","0900","2030","0900","2030","0900","2030","0900","2030","0900","C1102331","043","37","15726","37.5457758783548","126.981682542795"
"서울특별시 도봉구 해등로 190, 3층 314호 (쌍문동)","온누리수약국","02-999-5450","2000","0830","2000","0830","2000","0830","2000","0830","2000","0830","2000","0830","C1104069","013","94","15727","37.65820584283039","127.03550319100586"
"경기도 평택시 중앙시장로20번길 20 (신장동)","온누리수정약국","031-666-2060","2100","0830","2100","0830","2100","0830","2100","0830","2100","0830","2100","0830","C2104229","177","58","15728","37.07928507902873","127.05296497667643"
"경기도 용인시 수지구 문정로 46 (풍덕천동, 한길타운 107호)","온누리수지약국","031-262-9148","1800","0900","1800","0900","1800","0900","1800","0900","1800","0900","C2108856","168","37","15729","37.3245247522274","127.094685254345"
"전라남도 광양시 공영로 73, 1층 (중동)","광양사랑병원옆","온누리시장약국","061-792-7060","2100","0800","2100","0800","2100","0800","2100","0800","2100","0800","1800","0900","2100","0900","1800","0900","C2600372","577","88","15730","34.93601832403336","127.6971301313898"
"경상북도 포항시 남구 송림로 36-1, (송도동)","송도사거리농협맞은편","온누리신그린약국","054-244-2009","1300","0900","1300","0900","1300","0900","1300","0900","1300","0900","1300","0900","C2700436","377","98","15731","36.03306945116491","129.37581574443675"
"서울특별시 중랑구 중랑천로 114-1 (중화동)","마감 시간 전 확인 후 방문 요망","온누리신용약국","02-434-6821","2000","1030","2000","1030","2000","1030","2000","1030","2000","1030","2000","1030","C1104747","021","12","15732","37.595471298920714","127.07239328823502"
"대구광역시 수성구 달구벌대로 2435, B2층 205-1호 (범어동, 두산위브더제니스)","온누리안일약국","053-588-8260","1900","0900","1900","0900","1900","0900","1900","0900","1900","0900","1600","0900","C1300036","420","28","15733","35.85125644719156","128.47771376038696"
"경기도 양주시 남면 개나리11길 2 (남면)","온누리약국","031-861-1435","2000","0900","2000","0900","2000","0900","2000","0900","2000","0900","1600","0900","C2102756","114","04","15734","37.89638950087812","126.97474759181236"
"대전광역시 중구 계백로 1613, 대원빌딩 2층 2호 (유천동)","유천동현대아파트입구","온누리약국","042-522-0625","1800","0900","1800","0900","1800","0900","1800","0900","1800","0900","1300","0900","C1600401","349","00","15735","36.31912009397325","127.39917482396765"
"전라남도 장흥군 남부관광로 7 (장흥읍)","장흥종합병원 옆","온누리약국","061-864-6100","1800","0830","1800","0830","1800","0830","1800","0830","1800","0830","1300","0830","C2600746","593","25","15736","34.676721785291924","126.91064725631716"
"경기도 남양주시 경춘로 997, (금곡동)","온누리약국","031-592-5916","2130","0900","2130","0900","2130","0900","2130","0900","2130","0900","2100","0900","2130","0900","C2102279","122","37","15737","37.6352273377","127.212417528"
"서울특별시 노원구 상계로5길 12, 112호, 113호 (상계동, 동양메이저상가)","온누리약국","02-931-0532","2000","0900","2000","0900","2000","0900","2000","0900","2000","0900","1800","0900","C1102552","016","92","15738","37.65677000341201","127.06449437760854"
"충청남도 홍성군 홍성읍 조양로 221","토,일, 공휴일 약국 휴무","홍성의료원 맞은편","온누리약국","041-631-1023","1900","0800","1900","0800","1900","0800","1900","0800","1900","0800","C2400527","322","20","15739","36.60000011006973","126.67428773608839"
"경기도 안산시 단원구 선부광장1로 38, 113호 (선부동, 상록타운)","상록타운 113호, 은하수사우나건물1층 안쪽.,글라스스토리안경점 안쪽 공휴일도 연중 무휴로 여나 공휴일은 일단 전화연락바랍니다.","선부동 동명아파트와 주공10단지 건너편 은하수 사우나1층 엘리베이터 앞","온누리약국","031-402-2180","2200","0900","2200","0900","2200","0900","2200","0900","2200","0900","2200","0900","2130","1800","2130","1800","C2101201","152","40","15740","37.33667843299875","126.80940803598952"
"대전광역시 서구 계백로1158번길 114 (가수원동)","은아아파트202동앞","온누리약국","042-546-2277","1930","0830","1930","0830","1930","0830","1930","0830","1930","0830","1600","0830","C1600492","353","89","15741","36.299991666666664","127.354336111111110"
"충청남도 천안시 서북구 두정로 104 (두정동)","정형외과, 내과 문전약국입니다","두정푸르지오 5차 맞은편","온누리약국","041-522-5620","1900","0855","1900","0855","1900","0855","1900","0855","1900","0855","1400","0900","C2400600","310","90","15742","36.83364845356325","127.12832882125445"
"충청북도 충주시 중앙로 73 (충인동)","온누리약국","043-852-0998","1830","0900","1830","0900","1830","0900","1830","0900","1830","0900","1300","0900","C2300234","273","86","15743","36.972794444444446","127.931936111111114"
"경기도 수원시 권선구 경수대로 323, 1층 (세류동, 한마음빌딩)","온누리약손약국","031-235-7765","1830","0900","1830","0900","1830","0900","1830","0900","1830","0900","C2101839","165","80","15744","37.25581564737962","127.02125066850445"
"경기도 부천시 소사구 성주로 74, 1층 (송내동)","온누리양지약국","032-651-5594","1900","1000","1900","1000","1900","1000","1900","1000","1900","1000","C2100463","147","45","15745","37.480203868190586","126.76387710493432"
"울산광역시 남구 거마로134번길 17 (신정동)","온누리양지약국","052-275-4536","1800","0900","1800","0900","1800","0900","1800","0900","1800","0900","1300","0900","C1700252","446","51","15746","35.53830471000384","129.3049332049378"
"서울특별시 은평구 연서로 181, 1층 (갈현동)","온누리연세약국","02-352-2086","1830","0830","1830","0830","1830","0830","1830","0830","1830","0830","1330","0830","C1107339","033","34","15747","37.6150479776986","126.917667997969"
"전북특별자치도 전주시 덕진구 건지2길 13 (금암동)","전북대병원, 안디옥교회뒤","온누리열린약국","063-278-0052","1800","0830","1800","0830","1800","0830","1800","0830","1800","0830","C2500762","549","07","15748","35.84483050722845","127.14097741154279"
"경기도 고양시 일산서구 산현로 7, 103호 (탄현동,풍성프라자)","탄현이마트뒤신한은행옆","온누리열린약국","031-921-8141","2200","0930","2200","0930","2200","0930","2200","0930","2200","0930","2100","0930","2100","1300","2100","1230","C2102611","103","43","15749","37.68944384537516","126.7625735618704"
"충남 천안시 동남구 고재20길 3 (원성동)","BYC건물 뒤","온누리영신약국","041-567-7157","2000","0900","2000","0900","2000","0900","2000","0900","2000","0900","1800","0900","C2400057","311","87","15750","36.803670526593415","127.15935079813283"
"경기도 평택시 송탄로 220, 1층 (서정동)","송일초등학교근처","온누리영진약국","031-667-8603","2000","0900","2000","0900","2000","0900","2000","0900","2000","0900","1800","0900","C2103931","177","76","15751","37.06316085668936","127.05778859332963"
"광주광역시 광산구 수등로 258, (신가동)","신가지구 롯데슈퍼 옆","온누리예스약국","062-955-3141","2100","0900","2100","0900","2100","0900","2100","0900","2100","0900","1700","0900","C1500017","622","99","15752","35.184963888888888","126.837122222222220"
"대구광역시 북구 호암로 30","칠성동홈플러스뒤쪽삼성아파트입구1층","온누리옥산약국","053-341-7001","1830","0900","1830","0900","1300","0900","1830","0900","1830","0900","1300","0900","C1300086","415","86","15753","35.882326896896856","128.59378354836622"
"서울특별시 송파구 동남로 141, 옥산빌딩 (가락동)","온누리옥산약국","02-400-8501","2100","0830","2100","0830","2100","0830","2100","0830","2100","0830","1800","0800","C1101386","058","27","15754","37.4919026462716","127.126252486711"
"광주광역시 서구 상무중앙로 57","s클레스상가","온누리요셉약국","062-381-8058","1830","0900","1830","0900","1830","0900","1830","0900","1830","0900","1330","0900","C1500636","619","50","15755","35.15212547861234","126.84784949655753"
"서울특별시 강서구 곰달래로 178, (화곡동)","온누리용주약국","02-2603-3375","2100","0900","2100","0900","2100","0900","2100","0900","2100","0900","1500","0900","C1104222","077","82","15756","37.5308402392836","126.852660999954"
"부산광역시 남구 용호로 213 (용호동)","토요일, 공휴일 전화 후 방문요망","버스정류장: 용호2동 치안센터","온누리우당약국","051-625-0306","2000","0900","2000","0900","2000","0900","2000","0900","2000","0900","1600","0900","1600","0900","C1201478","485","91","15757","35.11323536439619","129.11117188850756"
"경기도 용인시 기흥구 용구대로 2398, 상가-403(마북동)","온누리우리약국","031-286-1518","1830","0900","1830","0900","1830","0900","1830","0900","1830","0900","1530","0900","1300","0900","C2100895","169","21","15758","37.30028034722484","127.10724064216654"
"광주광역시 서구 운천로 8, (금호동)","금호지구육교앞","온누리우리약국","062-372-2124","2100","0900","2100","0900","2100","0900","2100","0900","2100","0900","2100","0900","1200","0900","C1500296","620","36","15759","35.133321632245284","126.85958728675942"
"경기도 안성시 공도읍 진사길 34","평택대맞은편주은청설아파트상가","온누리우주약국","031-651-7997","2230","0830","2230","0830","2230","0830","2230","0830","2230","0830","2200","0830","C2101996","175","64","15760","36.99103606829058","127.13904581149271"
"대구광역시 동구 팔공로 137 (불로동)","불로동대구은행맞은편","온누리원약국","053-982-1690","1900","0900","1900","0900","1900","0900","1900","0900","1900","0900","1300","0900","C1301257","410","35","15761","35.91341066901712","128.6413079615246"
"경상북도 영천시 시장로 74-1","***영천시장삼거리신협옆,버스정류장앞~과일가게밀집지역건너편***","온누리유명약국","054-334-4963","1830","0900","1830","0900","1830","0900","1830","0900","1830","0900","1400","0900","C2700094","388","90","15762","35.96333713641953","128.93843900885585"
"충청남도 천안시 동남구 충절로 281","성모의원 고려치과 사이","온누리유명약국","041-564-9700","2000","0900","2000","0900","1300","0900","2000","0900","2000","0900","1300","0900","C2400034","311","93","15763","36.794002050683446","127.1604155294192"
"서울특별시 양천구 목동로 185","진명여고앞","온누리유미숙약국","02-2691-2849","2000","1000","2000","1000","2000","1000","2000","1000","2000","1000","1700","1000","C1101387","080","22","15764","37.5250035491352","126.864233746536"
"서울특별시 영등포구 영등포로 356 (신길동)","온누리유진약국","02-833-3248","1900","0900","1900","0900","1900","0900","1900","0900","1900","0900","1500","0900","C1104837","073","17","15765","37.5145812905133","126.917725103444"
"부산광역시 동래구 충렬대로359번길 62, (안락동)","버스정류장: 서원시장 사거리","온누리유한약국","051-531-5525","2000","0900","2000","0900","2000","0900","2000","0900","2000","0900","2000","0900","2000","0900","C1200195","477","87","15766","35.2004547822","129.0996426071"
"대전광역시 동구 계족로 490, (용전동)","명내과와나래정형외과사이횡단보도앞.","온누리윤약국","042-634-0344","2100","0900","2100","0900","2100","0900","2100","0900","2100","0900","1930","0900","1800","0900","C1600605","345","43","15767","36.35534834954852","127.43305026476156"
"경기도 고양시 일산동구 강촌로 157, 303호 (마두동,서울코아)","온누리은하수약국","031-901-9007","1800","0900","1800","0900","1800","0900","1800","0900","1800","0900","1400","0900","1400","0900","C2102448","104","17","15768","37.653638888888892","126.791016666666664"
"서울특별시 양천구 신정로 293","신트리1단지상가 114호","온누리은혜약국","02-2696-9888","1900","0830","1900","0830","1900","0830","1900","0830","1900","0830","1900","0830","C1101281","080","78","15769","37.513137122335166","126.8535629044767"
"인천광역시 남동구 장승로 14, (만수동)","남동구청 창대시장 앞.","온누리은혜약국","032-464-1081","1600","0900","1600","0900","1600","0900","1600","0900","1600","0900","1600","0900","C1400025","215","94","15770","37.44610658729783","126.73441232964214"
"인천광역시 남동구 경인로644번길 28-1, (간석동)","간석오거리 2번출구쪽 약산초등학교 건너편건물 1층","온누리이레약국","032-425-3806","1900","0830","1900","0830","1900","0830","1900","0830","1900","0830","1900","0900","C1400546","215","10","15771","37.46682751793682","126.7096829161875"
"광주광역시 남구 서문대로654번길 4, 1층 (진월동)","일요일, 공휴일 전화 연락 후 방문 요함","씨티병원 옆","온누리이화당약국","062-672-5511","2300","0830","2300","0830","2300","0830","2300","0830","2300","0830","2300","0830","2300","1030","2300","0830","C1500176","617","13","15772","35.11735593965737","126.89915494929454"
"인천광역시 서구 거북로 115, (석남동)","거북시장내동사무소맞은편","온누리이화약국","032-571-2569","1900","0900","1900","0900","1900","0900","1900","0900","1900","0900","1400","0900","C1400032","227","91","15773","37.50321604521686","126.67461863401802"
"경기도 군포시 번영로 380-1, 105호 (산본동, 산본4단지한라1차아파트 종합상가)","수리산역 1번출구, 산본4단지 1차 아파트 상가 약국","온누리이화약국","031-391-0982","2100","0900","2100","0900","2100","0900","2100","0900","2100","0900","1500","0900","C2100679","158","70","15774","37.34947365899242","126.92649431696474"
"충청남도 예산군 예산읍 주교로 73","예산역전 우체국 앞","온누리이화약국","041-335-2830","1930","0800","1930","0800","1930","0800","1930","0800","1930","0800","1300","0800","C2400713","324","30","15775","36.68768471658361","126.83078384958257"
"인천광역시 남동구 석산로 157, 106호 (간석동)","1,3주 일요일 휴무",".동물의약품취급약국입니다.","올리브아울렛맞은편","온누리인제약국","032-423-0931","2100","0900","2100","0900","2100","0900","2100","0900","2100","0900","1700","0900","2100","0900","2100","0900","C1400198","215","45","15776","37.461270431652","126.70769274178961"
"제주특별자치도 제주시 동광로 110, (일도이동)","인화초등학교 건너편","온누리인화약국","064-724-7272","1900","0840","1900","0840","1900","0840","1900","0840","1900","0840","1400","0840","1200","0900","C2900069","632","75","15777","33.5061208966","126.5392417157"
"전북특별자치도 군산시 삼화1길 29 (문화동)","한국병원 내에 위치함","온누리일층약국","063-464-8472","1800","0900","1800","0900","1800","0900","1800","0900","1800","0900","1300","0900","1230","0930","C2500690","541","22","15778","35.9761485192","126.7063120091"
"충청북도 충주시 탄금대로 2-1, (문화동)","주변의료기관:삼성정형외과,꽃마을의원","부민삼거리 부근","온누리임약국","043-848-0814","2100","0800","2100","0800","2100","0800","2100","0800","2030","0800","2100","0730","1800","1500","2100","0900","C2300186","274","05","15779","36.973236111111113","127.927908333333335"
"경상북도 포항시 남구 청림서길 11-1 (청림동)","온누리자모약국","054-292-4521","2500","0800","2500","0800","2500","0800","2500","0800","2500","0800","2500","0800","2500","0800","2500","2200","C2701575","379","20","15780","35.99543943513786","129.41223758658407"
"서울특별시 구로구 개봉로 66 (개봉동)","개봉2동동사무소근처","온누리자혜약국","02-2687-2770","2000","0830","2000","0830","2000","0830","2000","0830","2000","0830","1400","0830","C1101283","083","32","15781","37.4915525068167","126.856236802961"
"충청북도 제천시 풍양로15길 12, (중앙로1가)","연중무휴(공휴일, 일요일) 09:00~21:00까지 운영합니다.","연중무휴(공휴일, 일요일) 09:00~21:00까지 운영합니다.","온누리장수약국","043-642-8353","2100","0900","2100","0900","2100","0900","2100","0900","2100","0900","2100","0900","2100","0900","2100","0900","C2300227","271","73","15782","37.13800882852826","128.21205119856168"
"경기도 안성시 중앙로 370, 207호 (석정동,하평플러스)","온누리장수약국","031-672-4615","1830","0900","1830","0900","1830","0900","1830","0900","1830","0900","1300","0900","C2100552","175","81","15783","37.007611375409546","127.26788345926153"
"경기도 남양주시 진접읍 금강로유연들1길 154, 진접이마트 1층","2, 4째 주 수요일 휴무","이마트 1층에 위치해 있습니다.","온누리정다운약국","031-528-4091","2030","1000","2030","1000","2030","1000","2030","1000","2030","1000","2100","1000","2100","1000","2100","1000","C2103110","120","73","15784","37.70881828328315","127.18191754294571"
"서울특별시 용산구 원효로53길 9, (원효로2가)","원효로2가 사거리","온누리정도약국","02-712-4773","2000","0900","2000","0900","2000","0900","2000","0900","2000","0900","1600","0900","C1104021","043","64","15785","37.5360147954612","126.961991202294"
"경상북도 영천시 오수1길 5 (오수동)","온누리정약국","054-334-0793","1730","0900","1730","0900","1730","0900","1730","0900","1730","0900","C2700379","388","40","15786","35.95827725320484","128.91301053404516"
"강원특별자치도 원주시 치악로 1752 (개운동)","온누리정원약국","033-763-3777","1900","0830","1900","0830","1900","0830","1900","0830","1800","0830","1800","0830","C2200638","264","44","15787","37.33887952529842","127.95646633786488"
"경상남도 창원시 의창구 서상로 5-1 (동정동)","온누리정원약국","055-298-7006","1800","0900","1800","0900","1800","0900","1800","0900","1800","0900","1300","0900","C2801867","511","91","15788","35.2622625243","128.613762832"
"경상북도 안동시 경동로 476","태화오거리","온누리제일약국","054-857-5777","2000","0830","2000","0830","2000","0830","2000","0830","2000","0830","1700","0830","C2700320","366","56","15789","36.566438481010245","128.710762721529"
"전라남도 순천시 조례1길 19, (조례동)","순천병원정문","온누리조례제일약국","061-724-3737","1800","0900","1800","0900","1800","0900","1800","0900","1800","0900","C2600545","579","47","15790","34.96067316661804","127.52366599384285"
"부산광역시 수영구 수영로 605-1 (광안동)","2호선 광안역 2번출구/광안시장 입구","온누리조약국","051-753-2077","1700","0900","1700","0900","1700","0900","1700","0900","1700","0900","1800","0900","1500","0900","C1200099","482","54","15791","35.15981707607016","129.11328279298806"
"경기도 수원시 권선구 정조로 574, (세류동)","온누리조은약국","031-236-2289","2000","0900","2000","0900","2000","0900","2000","0900","2000","0900","1800","0900","C2101275","165","77","15792","37.260015690667394","127.01309922680435"
"서울특별시 양천구 곰달래로5길 30, 106호(신월동,은성상가)","신월동월정로재래시장입구 은성상가 106호","온누리조은약국","02-2602-6060","2000","0900","2000","0900","2000","0900","2000","0900","2000","0900","1500","0900","C1101314","079","22","15793","37.5324309410732","126.833462347009"
"경기도 고양시 일산서구 일현로 140 (탄현동)","온누리종로약국","031-913-2243","2100","0900","2100","0900","2100","0900","2100","0900","2100","0900","1800","0900","1330","0930","C2102726","102","39","15794","37.69954866242759","126.76571812406857"
"경기도 김포시 전원로 32, 108호 (장기동, 전원마을 상가동)","장기동 전원마을 월드상가 내 1층","온누리종로약국","031-998-9500","2000","0900","2000","0900","2000","0900","2000","0900","2000","0900","1700","0900","2100","0900","C2100231","100","77","15795","37.64645686024393","126.6833644615755"
"서울특별시 구로구 가마산로 246, 1층 (구로동)","구로구청 맞은 편","온누리좋은약국","02-857-1621","1900","0830","1900","0830","1900","0830","1900","0830","1900","0830","1300","0830","C1102796","083","06","15796","37.4946886322524","126.888315077346"
"부산광역시 부산진구 가야대로 594, (가야동)","버스정류장: 가야파출소근처","온누리주민약국","051-895-5024","1930","0900","1930","0900","1930","0900","1930","0900","1930","0900","1330","0900","C1200102","473","30","15797","35.154513888888886","129.036916666666656"
"경기도 양평군 용문면 용문로 356-1 (용문면)","온누리중앙약국","031-773-3237","1900","0830","1900","0830","1900","0830","1900","0830","1900","0830","1700","0830","C2104266","125","23","15798","37.4842810068618","127.59360872920934"
"전라남도 곡성군 곡성읍 중앙로 119","정석진의원옆","온누리중앙약국","061-363-8081","1800","0830","1800","0830","1800","0830","1800","0830","1800","0830","1300","0830","C2600418","575","36","15799","35.28145715827819","127.29556992898554"
"인천광역시 서구 서곶로 837 (당하동)","온누리중앙프라자약국","032-565-5554","2000","0900","2000","0900","2000","0900","2000","0900","2000","0900","1420","0900","C1401887","226","75","15800","37.5920673775339","126.67300930187099"
"광주광역시 서구 치평로 60, 2층 203호 (치평동)","운천초건너편삼성전자옆","온누리참약국","062-376-4221","1830","0900","1830","0900","1830","0900","1830","0900","1830","0900","1300","0900","C1500408","619","50","15801","35.152604092652545","126.84772122033081"
"대구광역시 북구 관음중앙로 141-1 (읍내동)","온누리참조은약국","053-321-0436","2000","0900","2000","0900","2000","0900","2000","0900","2000","0900","1500","0900","1400","0900","C1301235","414","39","15802","35.94529581225217","128.54791745284777"
"경상남도 통영시 용남면 대곡길 12, 102호 (청구아파트 상가동)","청구아파트","온누리청구약국","055-648-4416","1900","0900","1900","0900","1900","0900","1900","0900","1900","0900","1300","0900","C2800837","530","30","15803","34.864711282451466","128.44095886642"
"경기도 성남시 수정구 성남대로 1254-1 (태평동)","온누리청산약국","031-751-3928","2130","0900","2130","0900","2130","0900","2130","0900","2130","0900","2100","0900","C2101260","133","11","15804","37.44179306315705","127.12772385196592"
"경기도 고양시 덕양구 원당로125번길 12, 원릉빌딩 1층 일부호 (주교동)","온누리청심약국","031-962-0362","2100","0900","2100","0900","2100","0900","2100","0900","2100","0900","1900","0900","C2103670","102","98","15805","37.6627233873","126.8387002247"
"서울특별시 송파구 올림픽로 269 (신천동, 롯데캐슬골드)","롯데캐슬프라자 1층 127호","온누리캐슬프라자약국","02-2146-2314","1900","1000","1900","1000","1900","1000","1900","1000","1900","1000","1800","1000","C1100965","055","10","15806","37.5144273491608","127.100611434725"
"울산광역시 남구 북부순환도로 48, (무거동)","2025년 11월부터 목요일 진료시간이 10시부터 19시까지로 변경","무거위브자이 맞은편 시민건강병원옆","온누리큰사랑약국","052-277-8803","1800","0900","1800","0900","1800","0900","2000","1400","1800","0900","C1700198","446","28","15807","35.55230484967625","129.26898552732396"
"경상남도 양산시 덕계로 41-1 (덕계동)","동일2차아파트입구","온누리큰사랑약국","055-367-1101","1900","0800","1900","0800","1900","0800","1900","0800","1900","0800","1900","0800","1900","0800","1900","0800","C2801127","505","54","15808","35.37237759361685","129.14924713738318"
"서울특별시 강서구 강서로 64, 1층 (화곡동)","온누리큰사랑약국","02-2691-7005","1900","0900","1900","0900","1900","0900","1300","0900","1900","0900","1600","0900","1600","0900","C1100966","077","56","15809","37.5335037348971","126.846059127334"
"대전광역시 대덕구 계족로663번길 23","온누리태전약국","042-631-8496","1900","0900","1900","0900","1900","0900","1900","0900","1900","0900","1300","0900","C1600056","343","84","15810","36.36995424018167","127.4273797052633"
"경기도 김포시 김포한강4로 487, 2층 2015호 (구래동, 한강신도시 반도유보라 4차)","온누리태평양약국","031-8049-8832","1900","0900","1900","0900","1900","0900","1900","0900","1900","0900","1500","0900","C2107849","100","66","15811","37.646383857408736","126.62952292016834"
"강원특별자치도 강릉시 성덕포남로 64, 101호 (입암동)","수,토요일은 오전영업만함(~12:30). 점심시간폐문(12:30~1:30pm)","일요일 휴무","입암동 원마트 길건너 농협 바로 옆","온누리파란약국","033-651-7750","1730","0830","1730","0830","1230","0830","1730","0830","1730","0830","1230","0830","C2200509","255","76","15812","37.76051910143757","128.91858727924563"
"경기도 용인시 기흥구 연원로 39 (마북동, 대현빌딩)","온누리파랑새약국","031-284-3827","2000","0900","2000","0900","2000","0900","2000","0900","2000","0900","C2104012","169","08","15813","37.3019568122","127.1105861678"
"서울특별시 영등포구 양평로24길 9 (양평동5가, 한신아파트)","양평동한신아파트단지내상가","온누리평안약국","02-2634-6769","2030","0900","2030","0900","2030","0900","2030","0900","2030","0900","1600","0930","C1104884","072","04","15814","37.54089031565205","126.89117104631538"
"대구광역시 북구 칠곡중앙대로 504-1, 1층 (읍내동)","칠곡 소년원 맞은편 현대외과와 조은정형외과 중간","온누리푸른약국","053-326-0802","1900","0800","1900","0800","1900","0800","1900","0800","1900","0800","1500","0800","C1300075","414","34","15815","35.9405909376789","128.550509366435"
"서울특별시 양천구 신정로14길 6","학마을아파트상가 1단지 103호","온누리학마을약국","02-2066-8158","1930","0900","1930","0900","1930","0900","1930","0900","1930","0900","1300","0900","C1101382","080","80","15816","37.50877308100692","126.84403686795386"
"경기도 하남시 대청로59번길 15-1","온누리한국약국","031-793-9969","2030","0900","2030","0900","2030","0900","2030","0900","2030","0900","1700","0900","C2101937","129","46","15817","37.541318343192316","127.21879419461558"
"광주광역시 북구 군왕로203번길 1, 1층 (각화동)","각화동오가정의학과의원옆1층","온누리한길약국","062-261-9888","1830","0900","1830","0900","1830","0900","1830","0900","1830","0900","1300","0900","C1500145","611","66","15818","35.178936252873015","126.93506133101387"
"서울특별시 구로구 구일로10길 49","구일초등학교 맞은편","온누리한라약국","02-862-0157","2100","0900","2100","0900","2100","0900","2100","0900","2100","0900","1600","0930","C1102535","083","23","15819","37.495744201061","126.874445893777"
"전라남도 순천시 해룡면 조례못등길 150","금당2지구대주파크빌청솔1차사거리","온누리한마음약국","061-721-9040","1900","0900","1900","0900","1900","0900","1900","0900","1900","0900","1500","0900","C2600580","579","86","15820","34.946092565432664","127.5286678464453"
"부산광역시 남구 수영로 201, 1층 (대연동)","버스정류장: 못골시장 육교 옆","온누리한빛약국","051-621-0636","2000","0900","2000","0900","2000","0900","2000","0900","2000","0900","2000","0900","2000","1000","C1200172","484","45","15821","35.13510496438293","129.08873847905446"
"경상남도 양산시 양산역6길 3, 센트럴스위트 108호 (중부동)","양산역 근처","온누리한사랑약국","055-362-3265","1900","0900","1900","0900","1900","0900","1900","0900","1900","0900","1600","0900","C2800458","506","29","15822","35.33780908208554","129.02659240242446"
"경기도 성남시 수정구 성남대로 1275-1 (태평동)","온누리한솔약국","031-754-2473","1900","0900","1900","0900","1900","0900","1900","0900","1900","0900","1900","0900","C2101611","131","10","15823","37.4437944629813","127.12666498748706"
"충청북도 청주시 흥덕구 비하로 59, 1층 (비하동)","온누리현대약국","043-233-3677","2200","0900","2200","0900","2200","0900","2200","0900","2200","0900","2200","0900","2200","0900","2200","0900","C2301306","283","63","15824","36.6327028248041","127.424637922899"
"대전광역시 중구 문화로 172, (문화동)","온누리현대약국","042-582-5921","1730","0900","1730","0900","1730","0900","1730","0900","1730","0900","1230","0900","C1600359","349","98","15825","36.314186111111113","127.404358333333334"
"부산광역시 북구 효열로 214-1, (금곡동)","금곡화목아파트 앞","온누리화목약국","051-361-3009","2100","0900","2100","0900","2100","0900","2100","0900","2100","0900","1500","0900","2100","0900","C1200750","465","12","15826","35.26285333670202","129.01894661360654"
"경기도 수원시 권선구 권중로 31","온달약국","031-238-8421","1900","0800","1900","0800","1900","0800","1900","0800","1900","0800","1900","0800","C2102092","165","63","15827","37.25415904823222","127.03229870771833"
"경기도 시흥시 황고개로 531, 106호 (장곡동)","온담약국","070-7807-0232","1800","0900","1800","0900","1800","0900","1800","0900","1800","0900","1300","0900","C2109598","150","02","15828","37.3781229671527","126.78860880932"
"경기도 동두천시 정장로 37 (생연동)","온두레생연약국","031-859-0179","1800","0830","1800","0830","1800","0830","1800","0830","1800","0830","1500","0830","C2107579","113","29","15829","37.906363628","127.0509596868"
"경기도 동두천시 동광로 81 (생연동)","온두레약국","031-866-3696","1800","0900","1800","0900","1800","0900","1800","0900","1800","0900","1300","0900","C2109977","113","12","15830","37.9090244739101","127.057419156873"
"서울특별시 성북구 삼양로13길 45, 길음뉴타운,e편한세상 대림상가동 1층 102호 (길음동)","온리약국","02-6229-5252","2000","0900","2000","0900","2000","0900","2000","0900","2000","0900","1530","0900","C1110487","027","24","15831","37.61070738790994","127.01935279713399"
"서울특별시 송파구 가락로 158, 1층 102호 (송파동)","온맘약국","02-419-5878","1900","0830","1900","0830","1900","0830","1900","0830","1900","0830","1330","0830","C1109475","056","75","15832","37.5031209999929","127.113257730697"
"서울특별시 강동구 천호대로 1024, 힐스테이트 천호역 젠트리스 110호 (성내동)","온빛약국","02-6448-8886","2200","0900","2200","0900","2200","0900","2200","0900","2200","0900","2000","0900","C1110521","053","78","15833","37.5373738689796","127.12572887033"
"전북특별자치도 김제시 금성로 126 (검산동)","온빛약국","063-546-1905","1830","0830","1830","0830","1830","0830","1830","0830","1830","0830","1300","0830","C2501299","543","99","15834","35.80058490149933","126.90368419422076"
"경기도 성남시 중원구 광명로 318, 1층 (금광동)","온빛약국","0316071022","1800","0900","1800","0900","1800","0900","1800","0900","1800","0900","1300","0900","C2109762","131","81","15835","37.444890526874","127.161362212289"
"충청남도 천안시 동남구 일봉로 8, 학산빌딩 1층 103호 (신방동)","온사랑약국","041-579-6866","1900","0840","1900","0840","1900","0840","1900","0840","1900","0840","1400","0840","C2401587","311","84","15836","36.79335686196407","127.12941336084543"
"광주광역시 광산구 임방울대로 342, 103호 (수완동)","온사랑약국","062-955-9550","2100","0840","2000","0840","2100","0840","2100","0840","2100","0840","1900","0840","C1501250","623","06","15837","35.1903839954838","126.82432647259"
"인천광역시 미추홀구 미추홀대로 715, 101호 (주안동)","주안역9번출구100m","온사랑온누리약국","032-876-5632","2100","0900","2100","0900","2100","0900","2100","0900","2100","0900","1600","0900","C1400487","221","36","15838","37.46129783195354","126.67995117603097"
"인천광역시 부평구 부평대로 21, 금남빌딩 102호 (부평동)","2023.10.23.(월) 시작","온새미로약국","032-515-5327","2100","0900","2100","0900","2100","0900","2100","0900","2100","0900","2100","0900","2100","0900","C1402061","213","89","15839","37.4932660574479","126.722291360781"
"경상북도 포항시 북구 양학로 51 (득량동)","온새미로약국","054-272-9809","2000","0900","2000","0900","2000","0900","2000","0900","2000","0900","1800","0900","C2701293","376","96","15840","36.027852454811374","129.348400608789"
"세종특별자치시 소담로 87, 1층 110호 (소담동)","소담동","온샘약국","050-71322-7029","1900","1000","1900","1000","1900","1000","1900","1000","1900","1000","1900","1000","C1800369","301","50","15841"
"제주특별자치도 서귀포시 표선면 표선동서로 225 (표선의원)","표선파출소사거리","온세상건강약국","064-787-7817","1800","0830","1800","0830","1230","0830","1800","0830","1800","0830","1230","0830","C2900200","636","29","15842","33.3242518318003","126.831621729203"
"경기도 용인시 처인구 금령로 116, 402호(김량장동,용인타워)","용인타워하나은행건물","온세상약국","031-333-3027","1900","0900","1900","0900","1900","0900","1900","0900","1900","0900","1530","0900","C2103301","170","51","15843","37.235239371675","127.2092323565941"
"경기도 평택시 탄현로 341 (신장동)","온세약국","0316621171","1800","0900","1800","0900","1800","0900","1800","0900","1800","0900","1300","0900","C2109901","177","53","15844","37.0826992068803","127.056569528928"
"전북특별자치도 전주시 완산구 전라감영3길 22 (중앙동2가)","박일주내과 앞","온세종합약국","063-232-0830","1900","0830","1900","0830","1900","0830","1900","0830","1900","0830","1400","0830","C2500576","550","38","15845","35.81714682095552","127.14304084638527"
"제주특별자치도 제주시 신성로 78, 1층 (도남동)","온솔약국","064-727-1210","1930","0830","1930","0830","1930","0830","1930","0830","1930","0830","1300","0800","C2900573","632","05","15846","33.4954440983053","126.527805588365"
"경기도 수원시 권선구 동수원로242번길 6","일요일2,4주(9:00~9:45),일요일 1,3,5주(9:00~13:00) 공휴일 변동가능성 있으므로 방문전 확인전화 필요","나눔프라자106호","온수골온누리약국","031-226-2555","2130","0900","2130","0900","2130","0900","2130","0900","2130","0900","2130","0900","2145","0900","C2103306","165","53","15847","37.25093981586499","127.03498453361388"
"서울특별시 구로구 부일로1길 22, (온수동)","온수역7호선5번출구,서울네트워크버스종점","온수약국","02-2683-0262","1900","0900","1900","0900","1900","0900","1900","0900","1900","0900","1500","0900","C1101172","082","61","15848","37.4921987571775","126.82080740368"
"전북특별자치도 전주시 완산구 모악로 4679, (평화동2가)","농협하나로마트부근 1층에 위치함","온심약국","063-228-9278","2030","0830","2030","0830","1830","0830","2030","0830","2030","0830","1330","0830","C2500143","551","35","15849","35.78729027233925","127.12970353719385"
"서울특별시 송파구 백제고분로 465, 1호 103호 (방이동)","온약국","02-424-5010","2000","0900","2000","0900","2000","0900","2000","0900","2000","0900","1900","0900","1800","1000","1900","1000","C1109476","055","46","15850","37.51211962247915","127.1130485042019"
"광주광역시 남구 봉선로 12, 세븐편의점(남구사회복지협의회) 1층 (주월동)","온약국","062-456-0233","1930","0900","1930","0900","1930","0900","1930","0900","1930","0900","1430","0900","C1501314","616","97","15851","35.131989384165","126.902178324272"
"서울특별시 강남구 논현로 565, 1층 101-1호 (역삼동, 휴먼터치빌)","온약국","02-558-0158","1830","0800","1830","0800","1830","0800","1830","0800","1830","0800","1400","0800","C1110614","061","25","15852","37.506713288939594","127.03384227148392"
"대구광역시 서구 문화로 282, 1층 (평리동)","수요일 격주 09:00~13:00 운영","온약국","053-571-1844","1800","0900","1800","0900","1800","0900","1800","0900","1800","0900","1300","0900","C1301487","417","87","15853","35.875612163","128.563501023"
"서울특별시 서초구 강남대로 213, 스포타임 엘타워 1층 (양재동)","온약국","070-8691-1260","2000","0900","2030","0900","2000","0900","2030","0900","2000","0900","1400","0900","1400","0900","C1109345","067","49","15854","37.4827666361943","127.034949554107"
"경기도 안양시 동안구 안양판교로 16, 2층 201~203, 209~215호 (관양동)","온약국","031-212-8882","1900","0900","1900","0900","1900","0900","1900","0900","1900","0900","1430","0900","C2108450","139","43","15855","37.2839417579058","127.056777997528"
"대전광역시 서구 대덕대로 396 (만년동)","공휴일 전화후 방문요망","온약국","042-483-4114","1900","0900","1900","0900","1900","0900","1900","0900","1900","0900","1400","0900","1300","0900","C1601118","352","03","15856","36.3682065998","127.3799877636"
"전북특별자치도 김제시 동서로 250(요촌동)","온약국","070-7377-6525","1900","0900","1900","0900","1900","0900","1900","0900","1900","0900","1330","0900","C2501425","543","94","15857","35.8033548848377","126.894601230335"
"충청북도 충주시 번영대로 190, 1층 (연수동)","온약국","043-847-3768","1800","0830","1800","0830","1800","0830","1800","0830","1800","0830","1300","0830","C2301292","273","51","15858","36.9868827033787","127.938972609581"
"경상북도 포항시 남구 포스코대로 333, 포항상공회의소 (상도동)","온약국","054-727-2723","1800","0900","1800","0900","1800","0900","1800","0900","1800","0900","1300","0900","C2701767","377","83","15859","36.0184492197598","129.360309024944"
"충청남도 아산시 아산로 118-3, 1층 103호 (온천동)","아산연세의원하고 같은 건물","온약국","041-541-5841","1900","0900","1900","0900","1900","0900","1900","0900","1900","0900","1400","0900","1300","0900","C2401589","315","09","15860","36.79272790804203","126.99535252144815"
"전북특별자치도 전주시 완산구 유연로 314, 101호 (중화산동2가)","온약국","063-227-7609","1830","0900","1830","0900","1830","0900","1830","0900","1830","0900","1300","0900","C2501479","549","71","15861","35.8250692341578","127.119836332344"
"경기도 김포시 김포한강8로 410, 스타프라자 109호 (구래동)","온약국","031-987-5569","2000","0900","2000","0900","2000","0900","2000","0900","2000","0900","1400","0900","1400","0900","1300","0900","C2109117","100","71","15862","37.6429991455763","126.623629605751"
"서울특별시 성북구 길음로 11, 223호 (길음동, 길음역롯데캐슬트윈골드아파트)","온약국","02-6489-5552","2000","0830","2000","0830","2000","0830","2000","0830","2000","0830","1400","0830","C1110615","027","22","15863","37.603785604914","127.023437392228"
"충청남도 아산시 시민로 292 (용화동)","온양5동 동사무소 근처","온양다나약국","041-549-0216","2000","0900","2000","0900","2000","0900","2000","0900","2000","0900","1900","0900","1900","1000","C2400324","315","69","15864","36.775703861575224","126.99633287246795"
"울산광역시 울주군 온양읍 보곡2길 30-38, 1층 102호","온양밝은약국","052-238-8852","1900","0900","1900","0900","1900","0900","1900","0900","1900","0900","1300","0900","C1700740","449","76","15865","35.409662840687","129.293111489926"
"울산광역시 울주군 온양읍 남창1길 50","남창시장 장날도 운영(3일, 8일)","온양온누리약국","052-237-0851","2000","0900","2000","0900","2000","0900","2000","0900","2000","0900","1900","0900","C1700618","449","74","15866","35.4169634626","129.2809049847"
"충청남도 아산시 용화고길 97, 1층 (용화동)","365일 운영 약국","신도브래뉴아파트 정문 앞","온양우정약국","041-533-6209","2100","0900","2100","0900","2100","0900","2100","0900","2100","0900","2000","0830","1900","0900","1900","0900","C2400654","315","78","15867","36.77371020277865","127.01250969557958"
"충청남도 아산시 남부로 246, 온양농협하나로마트 L층 102호 (용화동)","온양하나로약국","041-543-0450","2130","1000","2130","1000","2130","1000","2130","1000","2130","1000","2130","1000","2130","1000","2130","1000","C2401904","315","80","15868","36.770398975553","127.009381420193"
"서울특별시 종로구 종로 205, 1층 (종로5가)","종로5가역 1번 출구 인근","온유약국","02-745-5487","2000","0800","2000","0800","2000","0800","2000","0800","2000","0800","2000","0800","2000","0900","2000","0900","C1107204","031","29","15869","37.5712030777956","127.000555911427"
"광주광역시 북구 설죽로 334, 1층 (오치동)","온유약국","062-251-3388","1800","0900","1800","0900","1800","0900","1800","0900","1800","0900","1400","0900","C1500282","610","55","15870","35.189552777777777","126.899458333333328"
"전북특별자치도 전주시 완산구 황강서원로 24 (효자동3가)","온유한약국","063-288-2442","1800","0930","1800","0930","1800","0930","1800","0930","1800","0930","1600","0930","C2500832","549","60","15871","35.82854653111352","127.0996342748709"
"서울특별시 동대문구 휘경로 13, 102호 (이문동)","온율약국","02-966-5611","2000","0830","1915","0830","1915","0830","1915","0830","2000","0830","1500","0830","1300","0900","1300","0900","C1110204","024","19","15872","37.5960166838474","127.061743635095"
"경기도 평택시 평택5로 191, 온정약국 1층 (비전동)","온정약국","031-654-6781","1800","0900","1800","0900","1800","0900","1800","0900","1800","0900","1300","0900","C2109396","178","87","15873","36.9965077822023","127.102719568423"
"서울특별시 강동구 양재대로 1601, 장수빌딩 1층 (천호동)","온정약국","02-489-2282","1920","0900","1920","0900","1920","0900","1920","0900","1920","0900","1400","0900","C1109983","053","06","15874","37.5485618818976","127.143330792968"
"서울특별시 강남구 논현로 648, 1층 (논현동)","온정약국","02-3446-2147","1830","0800","1830","0800","1830","0800","1830","0800","1830","0800","1600","0800","C1104603","061","06","15875","37.5115947398167","127.032276584624"
"부산광역시 해운대구 선수촌로 103-4 (반여동)","선수촌로 사거리 : 국민은행 반여동 지점 맞은편 건물","온정약국","051-523-2362","1900","0900","1900","0900","1900","0900","1900","0900","1900","0900","1400","0900","C1202353","480","38","15876","35.2031613028","129.1193208209"
"부산광역시 사상구 가야대로 274-3 (주례동)","점심 13:00~14:00","버스정류장: 양정로타리 백조아파트 맞은편","온정약국","051-328-8210","2000","0900","2000","0900","2000","0900","2000","0900","2000","0900","1500","0900","C1200463","470","12","15877","35.150144981279496","129.0025982929727"
"경기도 광명시 기아로 113, 정문 경비동 1층 (소하동)","온정약국","02-808-1005","1800","0900","1800","0900","1800","0900","1800","0900","1800","0900","1300","0900","C2109360","143","23","15878","37.4406350919036","126.894167397639"
"울산광역시 울주군 온산읍 덕신로 279, 수산업협동조합(온산점) 1층","21.1.01 휴무","온정약국","052-237-1237","1930","0900","1930","0900","1930","0900","1930","0900","1930","0900","1500","0900","1400","0900","C1700648","450","01","15879","35.43423972741138","129.31193379137676"
"전북특별자치도 전주시 완산구 용머리로 152 (효자동1가)","서부시장기아자동차옆,최은영내과아래","온정약국","063-221-8279","1830","0900","1830","0900","1830","0900","1830","0900","1830","0900","1300","0900","C2500400","550","93","15880","35.80583787219611","127.12691709977089"
"경상남도 창원시 성산구 대암로 80, 101호 (대방동,성원3차아파트상가)","노인복지회관","온정약국","055-283-2115","1930","0900","1930","0900","1930","0900","1930","0900","1930","0900","1400","0900","C2800490","514","62","15881","35.214940558414625","128.7052825993244"
"경기도 안양시 만안구 장내로 125, 1층 5호 (안양동)","온정약국","031-443-0280","1800","0900","1800","0900","1800","0900","1800","0900","1800","0900","1300","0900","C2109940","140","01","15882","37.3972610769061","126.921447905313"
"경상북도 경산시 하양읍 서사도리4로 1, 107호","온정약국","053-854-5999","1900","0900","1900","0900","1900","0900","1900","0900","1900","0900","1300","0900","C2701662","384","09","15883","35.9186258969803","128.808330640356"
"충청북도 청주시 흥덕구 옥산면 오송가락로 825, 1층 102호","공휴일은 전화후방문","온정약국","043-267-0890","1900","0900","1900","0900","1900","0900","1900","0900","1900","0900","1500","0900","C2301256","281","13","15884"
"경상남도 창원시 진해구 충장로 361, 102호 (경화동, 그랜드메디컬)","진해홈플러스 맞은편","온정온누리약국","055-542-0639","1900","0900","1900","0900","1900","0900","1900","0900","1900","0900","1600","0900","C2800441","516","71","15885","35.1539740488889","128.69170920027147"
"부산광역시 해운대구 중동1로 39, 예담빌딩 1층 (중동)","해운대구청 앞","온천약국","051-747-3561","2000","0900","2000","0900","2000","0900","2000","0900","2000","0900","1700","0900","C1201078","480","95","15886","35.1622131829","129.1635515246"
"부산광역시 동래구 온천장로 81-1, (온천동)","1호선 온천장역 1번출구/온천장 사거리","온천약국","051-557-0911","1930","0830","1930","0830","1930","0830","1930","0830","1930","0830","1930","0830","1930","0830","1930","0830","C1201038","477","12","15887","35.218727777777794","129.08223055555703"
"경상남도 김해시 반룡로 76","온천약국","055-314-8886","1800","0900","1800","0900","1800","0900","1800","0900","1800","0900","1300","0900","C2800714","510","02","15888","35.18869664124564","128.80626429721795"
"경상남도 창녕군 부곡면 원앙로 211","부곡시외버스터미널 부근","온천온누리약국","055-536-5333","1900","0800","1900","0800","1900","0800","1900","0800","1900","0800","1900","0800","1900","0800","C2801148","503","65","15889","35.4368648033","128.5913891103"
"부산광역시 동래구 중앙대로1325번길 16 (온천동)","건강관리협회 앞","온천정문약국","051-555-8008","1800","0900","1800","0900","1800","0900","1800","0900","1800","0900","1400","0900","C1201169","477","34","15890","35.205725036985804","129.0768643629438"
"대구광역시 수성구 화랑로 98, (만촌동)","온푸른약국","053-759-3345","1830","0900","1830","0900","1830","0900","1830","0900","1830","0900","1300","0900","C1300420","420","37","15891","35.87245841632258","128.63772289810495"
"광주광역시 광산구 용아로 390, 1층 (하남동)","마트 휴무일 운영 하지 않음","온화약국","070-8800-3837","2200","1100","2200","1100","2200","1100","2200","1100","2200","1100","2200","1100","2200","1100","2200","1100","C1501423","623","31","15892","35.1779680851717","126.805383538059"
"광주광역시 남구 봉선2로 39-3, 1층 101호 (봉선동)","온휴약국","062-716-9010","1800","0800","1800","0800","1800","0800","1230","0800","1800","0800","1230","0800","C1501328","616","96","15893","35.1260441971762","126.910496750809"
"부산광역시 수영구 과정로 54, 1층 (망미동)","10/5(일) 9~13시 10/6(월) 9~13시 10/9(목) 9~18시","온힘약국","051-753-6210","2000","0900","1900","0900","2000","0900","1900","0900","2000","0900","1300","0900","C1202862","482","18","15894","35.1761777080441","129.10768113114"
"대구광역시 수성구 수성로 180, 202동 112호 (중동, 수성센트럴 화성파크드림)","온힘약국","053-763-1105","1700","0900","1700","0900","1700","0900","1700","0900","1700","0900","1400","0900","C1301833","421","55","15895","35.8410253380818","128.612877900677"
"제주특별자치도 서귀포시 중앙로 43, 1층 (서귀동)","올레약국","064-762-3618","1900","0830","1900","0830","1900","0830","1900","0830","1900","0830","1400","0830","C2900569","635","92","15896","33.2484061219292","126.561487195477"
"제주특별자치도 제주시 도령로 64, 1층 (연동)","올레약국","064-713-4886","1900","0830","1900","0830","1900","0830","1900","0830","1900","0830","1400","0830","C2900565","631","29","15897","33.4891674212577","126.485335865845"
"서울특별시 노원구 동일로 1335, 대원빌딩 1층 일부호 (상계동)","올리브메디컬약국","02-951-0215","1900","0850","2100","0850","1900","0850","1900","0850","1900","0850","1700","0850","C1110479","017","67","15898","37.6479984188148","127.062272983643"
"전북특별자치도 전주시 완산구 홍산로 260, 엠스퀘어 1층 (효자동3가)","올리브약국","063-222-3375","2000","0900","2000","0900","2000","0900","2000","0900","2000","0900","1700","0900","C2501384","549","69","15899","35.816841237842","127.106466145067"
"충청남도 당진시 당진중앙1로 195, 골드프라자 201호 (읍내동)","올리브약국","041-352-4202","2000","0900","2000","0900","2000","0900","2000","0900","2000","0900","1400","0800","C2401671","317","70","15900","36.8975229311864","126.633991612905"
"충청남도 아산시 신창면 행목로 212-1, 1층 102호","올리브약국","041-532-5490","1900","0900","1900","0900","1900","0900","1900","0900","1900","0900","1300","0900","C2401400","315","33","15901","36.7827313077","126.9544095434"
"경상남도 양산시 물금읍 청운로 185, 오즈시티","올리브약국","055-910-8587","2100","0900","2100","0900","2100","0900","2100","0900","2100","0900","1300","0900","1300","0900","C2801831","506","13","15902","35.31723203835177","129.00277886591405"
"광주광역시 남구 백서로 37-2, 성도양복점 1층 (양림동)","전화연결이 안됨","올리브약국","062-655-9800","1740","0840","1740","0840","1740","0840","1740","0840","1740","0840","1230","0840","C1501449","616","43","15903"
"부산광역시 남구 오륙도로 85, 211-1호 (용호동, 오륙도 SK뷰 상가2)","버스정류장: 오륙도에스케이뷰아파트상가2층","올리브약국","051-627-8889","2000","0900","2000","0900","2000","0900","2000","0900","2000","0900","1800","0900","1300","0900","C1201287","485","94","15904","35.10290870624493","129.11926527103756"
"충청북도 청주시 흥덕구 대농로 43, 303호 (복대동, 신영지웰시티)","올리브약국","043-231-7580","1930","0900","1930","0900","1930","0900","1930","0900","1930","0900","1430","0900","C2301268","284","24","15905","36.6433455175785","127.426458454178"
"경상남도 진주시 동진로 440, 롯데아울렛 진주점 지하1층 (충무공동)","롯데아울렛 휴점일 참고","올리브약국","0557950107","2100","1100","2100","1100","2100","1100","2100","1100","2100","1100","2100","1100","2100","1100","2100","1100","C2802239","528","51","15906","35.1801540327483","128.139841256694"
"서울특별시 중구 명동8나길 10, 사보이호텔 1층 (충무로1가)","올리브약국","050-71374-8063","2330","1000","2330","1000","2330","1000","2330","1000","2330","1000","2330","1000","2330","1000","2330","1000","C1110715","045","36","15907","37.5617791431214","126.98425410318"
"서울특별시 영등포구 국제금융로8길 19, 중앙빌딩 103호 (여의도동)","올리브약국","02-761-5253","1915","0845","1915","0845","1915","0845","1915","0845","1915","0845","1500","0900","C1109886","073","33","15908","37.5207615513454","126.929136630611"
"경상남도 통영시 중앙로 101-6","일요일 공휴일 전화 확인 필요","공휴일 전화확인 요망","적십자병원 맞은편","올리브약국","055-645-5393","1800","0730","1800","0730","1800","0730","1800","0730","1800","0730","1300","0730","C2800160","530","61","15909","34.84244301402496","128.4203115244438"
"울산광역시 남구 삼산로 137 (달동)","굿모닝병원 사선으로 삼산쪽 맞은편","올리브약국","052-257-5700","1830","0900","1830","0900","1330","0900","1830","0900","1830","0900","1330","0900","C1700313","446","94","15910","35.53648125575557","129.3222060180767"
"대전광역시 서구 월평북로 88 (월평동)","올리브약국","042-489-0220","1900","0900","1900","0900","1900","0900","1900","0900","1900","0900","1500","0900","C1600283","352","14","15911","36.362074680090736","127.377924512226"
"경기도 고양시 덕양구 동세로 86, 삼송프라자 103호 (삼송동)","걔룡사거리국민은행1층","올리브약국","02-381-5570","2100","0900","2100","0900","2100","0900","2100","0900","2100","0900","1500","0900","1500","0900","C2106483","105","89","15912","37.650087024303055","126.88381402010483"
"서울특별시 양천구 등촌로 230, 동방빌딩 1층 (목동)","올리브약국","02-6951-1129","1900","0900","1900","0900","2100","0900","1900","0900","1900","0900","1400","0900","C1108993","079","46","15913","37.5500824636807","126.864188157127"
"서울특별시 은평구 응암로 308, 102호 (응암동)","올리브약국","02-359-3841","1830","0900","1830","0900","1830","0900","1830","0900","1830","0900","1400","0900","C1100029","034","64","15914","37.5986991732052","126.921384169108"
"서울특별시 송파구 강동대로7길 3, 1층 (풍납동)","아산병원건너편마을버스정류장옆골목","올리브약국","02-477-0969","1830","0830","1830","0830","1830","0830","1830","0830","1830","0830","C1101177","055","37","15915","37.5271110772883","127.115345159324"
"서울특별시 구로구 구로동로 153, 1층 (구로동)","올리브약국","02-853-7577","1820","0830","1820","0830","1820","0830","1820","0830","1820","0830","1400","0830","C1110833","083","09","15916","37.4923558955247","126.883433466627"
"서울특별시 마포구 신촌로 88, 1층 (노고산동)","신촌역8번출구전방100M999마트밑지하1층","올리브약국","02-335-5606","1800","0900","1800","0900","1800","0900","1800","0900","1800","0900","1330","0930","1700","1000","1500","0900","C1101175","040","58","15917","37.5553097221974","126.935331733458"
"서울특별시 강남구 선릉로 669, 상경빌딩 지하1층 (논현동)","상경빌딩","올리브약국","02-511-9262","1900","0900","1900","0900","1900","0900","1900","0900","1900","0900","1500","0900","C1104082","060","99","15918","37.5166119773031","127.041258693516"
"서울특별시 동대문구 장한로 124 (장안동)","장안동사거리바우하우스옆장안빌딩1층","올리브약국","02-2215-5290","2000","1000","1900","1000","1900","1000","1900","1000","2000","1000","1400","1000","C1101174","026","37","15919","37.5714030620762","127.071516363414"
"서울특별시 종로구 새문안로 91, 지하1층 (신문로1가, 고려빌딩)","고려빌딩","올리브약국","02-737-5035","1950","0900","1950","0900","1950","0900","1950","0900","1950","0900","1430","0900","C1104706","031","82","15920","37.5704876038354","126.974761002545"
"경기도 성남시 수정구 위례광장로 300, 창곡동 509번지 3층 314-1호 (창곡동)","올리브약국","031-756-9661","1800","0900","1800","0900","1800","0900","1800","0900","1800","0900","C2108970","136","40","15921","37.4734715546921","127.14270025965"
"경기도 하남시 위례학암로14번길 35, 1층 105호 (학암동)","올리브약국","02-402-7725","1800","0900","1800","0900","1800","0900","1800","0900","1800","0900","C2108983","130","10","15922","37.4876844642508","127.158096120587"
"전북특별자치도 익산시 서동로 112 (동산동)","첫째, 셋째 일요일 휴무 * 공공심야약국(22시~익일 새벽 1시까지)","밤에 운영하는 약국","올리브약국","063-856-5677","2500","2200","2500","2200","2500","2200","2500","2200","2500","2200","2500","2200","2500","2200","2500","2200","C2501209","546","09","15923","35.9343424781","126.9639133547"
"경기도 안양시 만안구 안양로 142, 부성빌딩 1층 1호 (안양동)","올리브약국","031-443-7569","1800","0900","1800","0900","1800","0900","1800","0900","1800","0900","C2108667","140","34","15924","37.3872321260631","126.931544948649"
"경기도 안산시 상록구 상록수로 34, 뉴라성관광호텔 B1층 101-2호 (본오동)","뉴라성호텔1층롯데슈퍼내","올리브약국","031-501-0608","2000","0900","2000","0900","2000","0900","2000","0900","2000","0900","1600","0900","1300","0900","C2103251","155","32","15925","37.30206883042008","126.86377933621077"
"충청남도 천안시 서북구 성환읍 연암율금로 508, 103호 (성환읍)","올리브약국","041-583-5490","1900","0900","2000","0900","2000","0900","1300","0900","2000","0900","1300","0900","C2401424","310","19","15926","36.9110610753","127.1341274203"
"서울특별시 노원구 동일로203가길 29","브라운스톤중계205호206호","올리브약국","02-977-8001","2000","0900","2000","0900","2000","0900","2000","0900","2000","0900","1630","0900","C1102469","017","79","15927","37.64032276416991","127.06410909287362"
"부산광역시 부산진구 서면로 40, 청양빌딩 1층 (부전동)","연중무휴 운영합니다","올리브약국","051-819-4827","2200","1000","2200","1000","2200","1000","2200","1000","2200","1000","2200","0930","1600","0930","2100","1000","C1202838","472","89","15928","35.1542477515386","129.058047918636"
"서울특별시 서초구 강남대로 521-4, 태영빌딩 1층 102호 (반포동)","올리브약국","02-515-2075","2130","0900","2130","0900","2130","0900","2130","0900","2130","0900","2130","0900","2130","0900","2130","0900","C1107266","065","36","15929","37.5086091733698","127.022086677152"
"경상남도 김해시 번화1로44번길 6, 제이에이치빌딩 1층 102호 (대청동)","올리브약국","055-338-9002","1900","0900","1900","0900","1900","0900","1900","0900","1900","0900","1400","0900","C2802194","510","04","15930","35.1909310473486","128.801250543948"
"경상남도 창원시 진해구 용원서로 44, 102호 (용원동)","올리브약국","055-604-2994","1900","0900","1900","0900","1900","0900","1900","0900","1900","0900","2200","1000","C2802356","516","04","15931","35.1014875163045","128.813575521545"
"인천광역시 남동구 남동대로 893","올리브백화점 건너편에서 간석오거리 방면으로 20m 올라오면 위치함.","올리브약국","032-421-4735","1830","0830","1830","0830","1830","0830","1830","0830","1830","0830","1500","0830","C1400679","215","50","15932","37.462017442216606","126.70808768838282"
"인천광역시 서구 원당대로 663, 한종프라자 103호 (마전동)","완정사거리에 있는 검단4동주민센터 옆 한종프라자건물 1층","올리브약국","032-566-5505","2000","0900","2000","0900","2000","0900","2000","0900","2000","0900","1330","0900","C1400585","226","43","15933","37.59393606678689","126.67485134305516"
"인천광역시 남동구 성말로13번길 20","올리브약국","032-434-0901","2100","0900","2100","0900","2100","0900","2100","0900","2100","0900","2100","0900","C1401661","215","73","15934","37.4462808264","126.7024077277"
"대구광역시 달서구 비슬로 2720 (대곡동)","올리브약국","053-325-8357","1830","0900","1830","0900","1830","0900","1830","0900","1830","0900","1400","0900","C1301375","427","65","15935","35.80928817301246","128.51274319337173"
"대구광역시 중구 달성로 37 계성빌딩 1층 (대신동)","올리브약국","053-256-7588","1830","0900","1830","0900","1830","0900","1830","0900","1830","0900","1400","0900","1300","0900","C1300079","419","27","15936","35.868465227","128.5818717359"
"인천광역시 미추홀구 아암대로29번길 48, (용현동)","구터미널 부근","올리브온누리약국","032-883-0145","2100","0900","2100","0900","2100","0900","2100","0900","2100","0900","1500","0900","1300","0900","C1400856","221","75","15937","37.45710001749288","126.63898413431165"
"서울특별시 강남구 테헤란로20길 11, 1층 (역삼동)","역삼역 3번 출구","올리브온누리약국","02-538-5257","2100","0900","2100","0900","2100","0900","2100","0900","2100","0900","1700","0900","C1107717","062","36","15938","37.498991285954","127.03454830096"
"인천광역시 남동구 남동대로 880, 올리브백화점 1층 120,121호 (간석동)","올리브편한약국","032-427-7088","1800","1000","1800","1000","1800","1000","1800","1000","1800","1000","C1401910","215","45","15939","37.4609496642869","126.708860041663"
"전북특별자치도 전주시 완산구 새터로 74, 115(상가)동 1층 102호 (서신동, 중흥아파트)","올리브한약국","063-251-6787","1900","1000","1900","1000","1900","1000","1900","1000","1900","1000","1400","1000","C2501186","549","44","15940","35.83521362730967","127.11427887129794"
"서울특별시 송파구 위례성대로 34, 1층 (방이동)","올림픽약국","02-422-5246","2000","0900","2100","0900","2000","0900","2100","0900","2000","0900","1800","0900","1600","1100","C1110886","056","27","15941","37.5157944542998","127.116023047615"
"경기도 고양시 일산동구 중앙로 1182, 올림픽스포츠센터 B102-5호 (마두동)","올림픽약국","031-906-0445","1830","0900","1830","0900","1830","0900","1830","0900","1830","0900","1400","0900","C2103832","104","14","15942","37.65261078464159","126.7781912431973"
"경기도 수원시 팔달구 중부대로 44, 건우 까사미 타워 105호 (인계동)","올바른 약국","031-223-5304","1800","0900","1800","0900","1800","0900","1800","0900","1800","0900","1300","0900","C2109558","164","70","15943","37.2750105701908","127.021676495779"
"대전광역시 유성구 계룡로 142, 지상1층 101호 (봉명동)","올바른약국","042-822-5503","1900","0830","1900","0830","1900","0830","1900","0830","1900","0830","1400","0830","C1601330","341","89","15944","36.3520089917937","127.34614757653"
"서울특별시 노원구 동일로 1493, 상계주공아파트(10단지) 105호 (상계동)","올바른약국","02-952-2250","2100","1000","2100","1000","2100","1000","2100","1000","2100","1000","2000","1000","2000","1200","C1109432","016","75","15945","37.66146985962035","127.05776073101599"
"경기도 하남시 미사강변대로54번길 75, 홍우프라자 109호 (풍산동)","올바른약국","031-792-1238","1900","0900","1900","0900","1900","0900","2100","0900","1900","0900","1500","0900","C2107842","129","19","15946","37.55620748777525","127.18874782971172"
"경기도 구리시 갈매순환로 188, A동 1층 124호 (갈매동)","건물 내 주차 가능","올바른약국","031-000-0000","1900","0900","1900","0900","1900","0900","1900","0900","1900","0900","1330","0900","C2109596","119","01","15947","37.6360592331374","127.12217649671"
"경상남도 창원시 성산구 원이대로 591, X프리빌딩 1층 (용호동)","올바른약국","055-283-5370","1900","0900","1900","0900","1900","0900","1900","0900","1900","0900","1400","0900","C2802340","514","36","15948","35.2281230637797","128.679969598663"
"부산광역시 남구 분포로 115, 힐탑탑플레이스 B동 802호 (용호동)","올바른약국","051-625-1021","2000","0830","1800","0830","2000","0830","1800","0830","1800","0830","1300","0830","C1202953","485","15","15949","35.1321898048688","129.112724828547"
"강원특별자치도 원주시 현충로 322, 1층 (태장동)","올바른약국","033-731-5869","1900","0830","1900","0830","1900","0830","1900","0830","1900","0830","1400","0830","C2201032","263","18","15950","37.3817266770434","127.947613097979"
"광주광역시 서구 화정로 259, 105호 (농성동)","올바른약국","062-363-5780","1830","0900","1830","0900","1300","0900","1830","0900","1830","0900","1300","0900","C1501127","619","82","15951","35.1481050633","126.884986731"
"광주광역시 광산구 하남대로261번길 8 (신가동)","올바른약국","0629538283","1830","0830","1830","0830","1300","0830","1830","0830","1830","0830","1300","0900","C1501137","623","12","15952","35.1800063517","126.8226020307"
"충청남도 천안시 서북구 직산읍 봉주로 64, 101호","올바른온누리약국","041-414-3131","2010","0730","2010","0730","2010","0730","2010","0730","2010","0730","1300","0730","C2401780","310","37","15953","36.8771042065017","127.153759385942"
"경기도 김포시 김포한강1로51번길 16 (장기동, 운창빌딩)","올바른한약국","031-987-8070","1900","1000","1900","1000","1900","1000","1900","1000","1900","1000","1430","1000","C2106734","100","83","15954","37.643768897242666","126.6675208366144"
"대구광역시 달서구 장기로 193, 1층 (본리동)","올약국","053-522-8001","1800","0900","1800","0900","1800","0900","1800","0900","1800","0900","C1301786","426","74","15955","35.8433312686866","128.539343807195"
"세종특별자치시 다정북로 109, 상가동 1층 109호 (다정동, 가온마을3단지)","매주 일요일 정기휴무","매주 일요일 정기휴무","다정동","올약국","044-864-0170","1900","0900","1900","0900","1300","0900","1900","0900","1900","0900","1300","0900","C1800267","301","24","15956","36.4965559988","127.2422988384"
"서울특별시 강남구 강남대로 338, 1층 (역삼동)","일요일 운영 시간 변동 가능","옵티마 강남정약국","02-6952-7831","2100","0800","2100","0800","2100","0800","2100","0800","2100","0800","1700","0900","1300","0900","C1110585","062","42","15957","37.4935021866475","127.030576783854"
"서울특별시 중구 서소문로 12 (중림동)","중구보건분소, 병의원 및 치과 처방조제, 일반매약","옵티마 건강백세약국","02-392-7855","2000","0900","2000","0900","2000","0900","2000","0900","2000","0900","1430","0900","C1104109","045","03","15958","37.558960508078","126.96333961782"
"울산광역시 남구 돋질로 228, 1층 (달동)","옵티마 유성약국","052-266-3656","1900","0900","1900","0900","1900","0900","1900","0900","1900","0900","1330","0900","C1700686","447","03","15959","35.5424448412595","129.330097932183"
"충청남도 홍성군 광천읍 광천로 320, 1층","옵티마 조은약국","0416423588","1900","0800","1900","0800","1900","0800","1900","0800","1900","0800","1230","0800","C2401839","322","93","15960","36.5024852574033","126.626085736009"
"경기도 수원시 팔달구 정조로 784, 1층 (팔달로2가)","1,3일요일 휴무","옵티마 청운약국","031-241-7788","3000","0600","3000","0600","3000","0600","3000","0600","3000","0600","3000","0600","3000","0600","2400","0000","C2106611","162","57","15961","37.27796755592164","127.01700820565183"
"서울특별시 송파구 마천로41길 9 (마천동)","옵티마100세약국","02-448-4411","2200","0900","2200","0900","2200","0900","2200","0900","2200","0900","1900","0900","C1100958","057","56","15962","37.4972210281945","127.148767685133"
"경기도 고양시 덕양구 토당로 115, 223호 (토당동, 금호프라자상가)","옵티마2층약국","031-973-8521","1900","0900","1900","0900","1900","0900","1900","0900","1900","0900","1500","0900","C2106337","105","06","15963","37.62534784747593","126.81704502475944"
"서울특별시 성북구 삼양로13길 45, 401호 (길음동, 길음뉴타운,e편한세상 대림상가)","먹는치료제 조제기관","옵티마e-편한약국","02-909-3525","1900","0900","1900","0900","1900","0900","1900","0900","1900","0900","1500","0900","C1102472","027","24","15964","37.6107252648749","127.019671620414"
"경기도 안산시 단원구 도일로 60-15, 104호 (신길동)","옵티마가정약국","031-493-0616","1930","0900","1930","0900","1930","0900","1930","0900","1930","0900","1430","0900","C2108737","154","01","15965","37.336695248327","126.784330813162"
"충청남도 논산시 강경읍 계백로 154","일요일은 한달에 한두번 운영(08:00~21:00), 공휴일 운영 시간(08:00~21:00)","논산경찰서 옆","옵티마강경제일약국","041-745-2350","2100","0800","2100","0800","2100","0800","2100","0800","2100","0800","2100","0800","2100","0800","2100","0800","C2400330","329","39","15966","36.15768235179566","127.01710159729927"
"인천광역시 서구 청라에메랄드로 84, 딜라이트타워2 106호 (청라동)","- 근무시간 전화확인 요망","옵티마강남약국","032-865-2222","2100","0900","2100","0900","2100","0900","2100","0900","2100","0900","2100","0900","2100","0900","1800","1100","C1401798","227","39","15967","37.532603179476865","126.65683688194282"
"서울특별시 관악구 은천로 35 (봉천동)","신림역7번출구마을버스3번이용,국회단지입구하차","옵티마건강약국","02-877-0198","1500","0900","1930","0830","1800","0900","1400","0900","1930","0830","1500","0900","C1103998","087","17","15968","37.4864179696983","126.939238906026"
"경기도 수원시 장안구 서부로2181번길 46","옵티마건강약국","031-246-3211","2000","0900","2000","0900","2000","0900","2000","0900","2000","0900","1700","0900","C2100607","163","57","15969","37.30318230911589","126.97021466332978"
"서울특별시 노원구 동일로204가길 34","씨앤미 1층 110호","옵티마건강약국","02-975-7900","2030","0900","2030","0900","2030","0900","2030","0900","2030","0900","1930","0900","C1104059","017","83","15970","37.6407495352012","127.068172151465"
"서울특별시 구로구 경인로 315 (개봉동)","개봉사거리경인중학교,농협옆","옵티마건강약국","02-2060-2541","2100","0900","2100","0900","2100","0900","2100","0900","2100","0900","1300","0900","C1100959","082","38","15971","37.497567026162","126.855304076313"
"서울특별시 강동구 올림픽로 787, 태성프라자 1층 102호 (암사동)","옵티마기쁨약국","02-442-1260","2000","0900","2000","0900","2000","0900","2000","0900","2000","0900","2000","0900","2000","0900","2000","0900","C1108574","052","41","15972","37.5515454300024","127.127723369224"
"경기도 안양시 동안구 동안로 120, 510호 (호계동, 올림픽스포츠센터)","범계역올림픽스포츠센타5층","옵티마나라약국","031-381-2631","1930","0830","1930","0830","1930","0830","1930","0830","1930","0830","1600","0830","C2102181","140","72","15973","37.389566290756136","126.95223336987521"
"경기도 성남시 분당구 성남대로926번길 12, 109호 (야탑동,금탑프라자)","옵티마나무약국","031-709-7279","2130","0900","2130","0900","2130","0900","2130","0900","2130","0900","2130","0900","C2102349","135","06","15974","37.41284287576681","127.12985703617693"
"서울특별시 강북구 도봉로 352, 102호 (번동, 효성네오인텔리안)","수유역1번출구전방50M","옵티마네오프라자약국","02-995-8276","2030","0900","2030","0900","2030","0900","2030","0900","2030","0900","1700","0900","C1100960","010","63","15975","37.6386747681785","127.0270330299"
"서울특별시 동작구 동작대로29길 69, 120,121호 (사당동)","이수(총신대입구역)14번출구로나오셔서남성시장안으로5분,금강산보석사우나1층입니다","옵티마다정약국","02-595-8804","1900","0900","1900","0900","1900","0900","1900","0900","1900","0900","1500","0900","C1101474","069","99","15976","37.4884520759924","126.978107297965"
"서울특별시 강남구 삼성로 642, 삼성빌딩 104호 (삼성동)","청담역 6번출구 삼성빌딩 107호","옵티마대영약국","02-514-7850","1900","0900","1900","0900","1900","0900","1900","0900","1900","0900","1700","0900","C1101052","060","84","15977","37.517401366555","127.051322820558"
"서울특별시 성북구 성북로2길 8, 1층 (동소문동1가)","지하철4호선한성대역5번출구방향40m","옵티마대우미약국","02-764-0869","2100","0900","2100","0900","2100","0900","2100","0900","2100","0900","2100","0900","2100","0900","2100","0900","C1101645","028","33","15978","37.5890029415392","127.006381765826"
"인천광역시 중구 서해대로 366, 정석빌딩 4동(별관) 1층 (신흥동3가)","옵티마대학약국","인하대병원응급실 맞은편 대한항공운항훈련원 옆","옵티마대학약국","032-885-1199","1800","0830","1800","0830","1800","0830","1800","0830","1800","0830","1330","0830","C1400631","223","32","15979","37.459079481901","126.63202325327657"
"경기도 하남시 신장로 156, 403호 (덕풍동, 하남프라자)","옵티마덕풍약국","031-791-2382","2200","0900","2200","0900","2200","0900","2200","0900","2200","0900","1930","0900","C2100507","129","69","15980","37.53992816415547","127.20195361997347"
"광주광역시 광산구 임방울대로 142-12","옵티마도유삼성약국","062-955-9169","2000","0900","2000","0900","2000","0900","2000","0900","2000","0900","1700","0900","C1500536","623","18","15981","35.173501609978246","126.81900005705549"
"서울특별시 강남구 선릉로 427, 1층 (역삼동)","옵티마든든약국","070-7802-2704","2000","0900","2000","0900","2000","0900","2000","0900","2100","0900","1700","0930","C1110779","062","12","15982","37.5030603030703","127.049314853598"
"서울특별시 성동구 성덕정길 96-1, (성수동2가)","성수역3번출구에서뚝도시장전방400M","옵티마뚝도시장약국","02-467-4711","2100","0900","2100","0900","2100","0900","2100","0900","2100","0900","2100","0900","2100","1000","2100","1000","C1101904","047","75","15983","37.5374988567148","127.054117951719"
"전북특별자치도 전주시 덕진구 태진로 125-30, 103동 1층 103호 (금암동, 휴엔하임주상복합아파트)","옵티마런던약국","063-252-2332","1900","0900","1900","0900","1900","0900","1900","0900","1900","0900","1600","0900","C2501300","549","34","15984","35.833246299394496","127.13421557891238"
"경기도 용인시 처인구 모현읍 문현로 134","옵티마명성약국","031-333-7049","2200","0800","2200","0800","2200","0800","2200","0800","2200","0800","2200","0900","2200","0900","2200","0900","C2102230","170","32","15985","37.34380622560188","127.22501766209191"
"광주광역시 광산구 풍영로 43, 1층 (월곡동)","옵티마미래약국","062-955-7588","2000","0830","2000","0830","2000","0830","2000","0830","2000","0830","1600","0830","C1500338","623","28","15986","35.17578930153253","126.81153457443622"
"서울특별시 강남구 논현로 570, 부봉빌딩 1층 일부호 (역삼동)","여송빌딩 1층","옵티마미소약국","02-554-1383","1830","0800","1830","0800","1830","0800","1830","0800","1830","0800","1400","0800","C1100062","061","35","15987","37.5071296978174","127.034278348291"
"경상남도 진주시 동부로 201, 1층 (충무공동)","옵티마미소약국","055-753-0075","1900","0900","1900","0900","1900","0900","1900","0900","1900","0900","1700","0900","C2802018","528","18","15988","35.16733409360964","128.1276483324627"
"경기도 용인시 처인구 금령로 62, 105호 (김량장동, 위너스프라자)","옵티마백강약국","031-333-2270","2000","0830","2000","0830","2000","0830","2000","0830","2000","0830","1600","0830","1300","0900","C2104193","170","51","15989","37.23469453213162","127.20328837778379"
"경상남도 진주시 진양호로 366, 1층 (신안동)","시내버스정류장 근처","옵티마보금약국","055-747-1070","2000","0830","2000","0830","2000","0830","2000","0830","2000","0830","C2801031","526","95","15990","35.18631247421557","128.06976265661635"
"경기도 성남시 수정구 산성대로 433, 1층(단대동,주현빌딩)","옵티마봄약국","031-732-3248","1900","0900","1900","0900","1900","0900","1900","0900","1900","0900","1400","0900","1300","0900","1300","0900","C2103504","131","44","15991","37.45065347980585","127.15904862530514"
"인천광역시 부평구 육동로 2 (부평동)","부평남부역인천성모병원앞","옵티마부평성모약국","032-505-2035","1800","0800","1800","0800","1800","0800","1800","0800","1800","0800","1300","0800","C1400223","214","25","15992","37.48546820721049","126.72463745057897"
"강원특별자치도 동해시 효자로 683, 1층 101호 (효가동)","옵티마북삼약국","033-522-1596","1930","0830","1930","0830","1930","0830","1930","0830","1930","0830","1900","0830","C2200629","258","02","15993","37.49283787936892","129.10846465168808"
"충청남도 천안시 동남구 방죽안2길 1","크리스마스, 신정, 광복절은 쉽니다.","방죽안오거리에서 두정역 가는길","옵티마사과약국","041-561-8700","1900","0900","1900","0900","1900","0900","1900","0900","1900","0900","1400","0900","1500","1000","C2400440","311","18","15994","36.82173393703282","127.1524925562205"
"전라남도 광양시 폭포사랑길 99","백운쇼핑 1층","옵티마사랑한약국","061-792-7519","1800","0930","1800","0930","1800","0930","1800","0930","1800","0930","1700","1300","C2600805","578","04","15995","34.94040188991514","127.73224202706538"
"인천광역시 부평구 후정동로 12 (삼산동) 인천삼산벽산블루밍","삼산초등학교 맞은편 건물 1층","옵티마삼산제일약국","032-515-0774","2100","0900","2100","0900","2100","0900","2100","0900","2100","0900","2100","0900","1300","0900","C1400927","213","18","15996","37.5192826423","126.738415468"
"서울특별시 동작구 상도로53길 6, 1층 (상도동, 순현빌딩)","옵티마상도약국","02-814-2293","2100","0900","2100","0900","2100","0900","2100","0900","2100","0900","1700","0900","C1101055","069","77","15997","37.4977598441621","126.953294025914"
"서울특별시 마포구 월드컵로 75, 1층 (망원동)","옵티마상원약국","02-322-8900","2200","0830","2200","0830","2200","0830","2200","0830","2200","0830","2200","0830","2100","1000","2100","1000","C1107175","040","13","15998","37.5556322935424","126.91015440036"
"강원특별자치도 춘천시 애막골길3번길 36 (석사동)","김현민정형외과 인근","옵티마샘물약국","033-242-5272","1900","0900","1900","0900","1900","0900","1900","0900","1900","0900","1400","0900","C2200602","243","23","15999","37.86733043222714","127.75264602571153"
"서울특별시 마포구 효창원로97길 10, (공덕동)","배문고등학교정문에서 1분거리 건너편 골목","옵티마샘터약국","02-718-3011","2200","0830","2200","0830","2200","0830","2200","0830","2200","0830","2000","0830","C1101705","041","83","16000","37.5493682893806","126.962999505133"
"충청북도 증평군 증평읍 중앙로 110, 가동","옵티마서울약국","043-838-7435","2000","0800","2000","0800","2000","0800","2000","0800","2000","0800","1300","0800","1800","0900","C2301193","279","43","16001","36.7773902082054","127.574680791401"
"서울특별시 중구 한강대로 416, 서울스퀘어 1층 9-1호 (남대문로5가)","옵티마서울약국","02-6456-8971","1830","0800","1830","0800","1830","0800","1830","0800","1830","0800","1430","0800","1300","0900","C1107423","046","37","16002","37.555503632236","126.973751343837"
"충청북도 진천군 덕산읍 덕금로 818","매월 토요일 1, 3주만 약국 운영","옵티마성심약국","043-533-8330","1900","0900","1900","0900","1900","0900","1900","0900","1900","0900","1300","0900","C2300491","278","56","16003","36.912574478722156","127.50821812495221"
"서울특별시 광진구 자양로13길 47, 1층 (자양동, 욱영빌딩)","옵티마세란약국","02-3436-9714","2100","0900","2100","0900","2100","0900","2100","0900","2100","0900","2000","0900","C1108895","050","58","16004","37.5341672695454","127.08189441761"
"서울특별시 관악구 쑥고개로 68 (봉천동)","옵티마세원약국","02-887-1970","1900","0900","1900","0900","1900","0900","1900","0900","1900","0900","1600","0900","C1102112","088","30","16005","37.4793856240803","126.943845404449"
"대구광역시 중구 남산로13길 9 (남산동)","옵티마소망약국","053-252-7578","1830","0900","1830","0900","1830","0900","1830","0900","1830","0900","1300","0900","C1300024","419","78","16006","35.861487238094654","128.58190668951838"
"경기도 광주시 경안로41번길 1, 1층 (경안동)","옵티마소망약국","031-764-9993","1800","0900","1800","0900","1800","0900","1800","0900","1800","0900","1300","0900","C2109854","127","60","16007","37.4091387929462","127.256313393582"
"대구광역시 북구 팔달로 215-2 (노원동2가)","일주일에 두번 정도 일이 있으면 19:00까지 운영","옵티마소망약국","053-352-2562","1930","0900","1930","0900","1930","0900","1930","0900","1930","0900","1530","0900","C1301208","415","58","16008","35.888199749234","128.573729615929"
"경기도 용인시 기흥구 동백중앙로 283, C동 508-1호 (중동, 골드프라자)","옵티마소정약국","031-202-9402","1900","0900","1900","0900","1900","0900","1900","0900","1900","0900","C2107481","170","06","16009","37.2780134382","127.1534888395"
"경기도 안산시 단원구 화정로 95, 1층 101호 (와동)","옵티마수약국","031-484-3162","2100","0900","2100","0900","2100","0900","2100","0900","2100","0900","1500","0900","1800","1200","C2104200","153","30","16010","37.33299572874933","126.8222293449839"
"서울특별시 성북구 보문로 93, 1층 (보문동5가)","매월 첫째주 토요일 휴무","보문역7번출구에서전방100M큰누리빌딩1층","옵티마시민약국","02-928-8663","1900","0900","1900","0900","1900","0900","1900","0900","1900","0900","1500","0900","C1101139","028","72","16011","37.5835586016915","127.020058234659"
"충청북도 청주시 서원구 구룡산로 235, (수곡동)","옵티마안민약국","043-288-5858","1950","0840","1950","0840","1950","0840","1950","0840","1950","0840","1430","0830","1300","0900","C2300131","286","88","16012","36.6160219685","127.4713297003"
"경기도 수원시 팔달구 권광로 165, 기양빌딩 1층 (인계동)","동수원갤러리아백화점대각선방향","옵티마연세약국","031-223-1688","2030","0930","2030","0930","2030","0930","2030","0930","2030","0930","1800","0930","C2100530","164","90","16013","37.262379221821696","127.03165780113735"
"대전광역시 대덕구 덕암로265번길 25","옵티마영화약국","042-931-7570","1930","0840","1930","0840","1930","0840","1930","0840","1930","0840","1700","0840","1300","0840","C1600686","343","30","16014","36.44440766756954","127.42442228923397"
"경기도 용인시 기흥구 한보라1로 14, 109호 (보라동,베스트프라자)","옵티마예일약국","031-274-4289","1900","0900","1900","0900","1900","0900","1900","0900","1900","0900","1300","0900","C2101752","170","80","16015","37.25362871098501","127.10953822576191"
"경기도 성남시 분당구 운중로 140","골드프라자 107호","옵티마우리들약국","031-704-3445","1900","0900","1900","0900","1900","0900","1900","0900","1900","0900","1700","0900","C2103363","134","66","16016","37.391299327047506","127.07859983607666"
"전북특별자치도 전주시 완산구 장승배기로 364, (서서학동)","흑석골 입구","옵티마우리약국","063-232-3806","2100","0900","2100","0900","2100","0900","2100","0900","2100","0900","2100","0900","1800","0900","C2500725","551","14","16017","35.803803676558196","127.14969488577777"
"경기도 파주시 미래로 371, 시티타워 104호 (동패동)","옵티마운정약국","031-942-1171","2130","0900","2130","0900","2130","0900","2130","0900","2130","0900","2000","0900","1300","0900","1300","0900","C2106369","109","05","16018","37.71108643161778","126.74586281336724"
"부산광역시 부산진구 연수로 47, 1층 (양정동)","매주 둘째,넷째주 토요일 휴무","옵티마원약국","051-866-3022","1900","0900","1900","0900","1900","0900","1900","0900","1900","0900","1500","0900","C1202472","472","17","16019","35.174980131","129.0760751472"
"서울특별시 강남구 강남대로102길 42, B1층, 1층 (역삼동)","옵티마웰니스뮤지엄약국","02-2038-8611","2200","1000","2200","1000","2200","1000","2200","1000","2200","1000","2200","1000","2200","1000","2200","1000","C1110899","061","28","16020"
"서울특별시 마포구 월드컵북로 236, 1층 (중동)","옵티마유한약국","02-305-4490","2100","0900","2100","0900","2100","0900","2100","0900","2100","0900","1700","0900","1700","1100","C1108815","039","41","16021","37.5703001567881","126.903428235454"
"경기도 남양주시 오남읍 진건오남로 806-6, 1층 104호","옵티마은혜약국","0315224831","1800","0900","1800","0900","1800","0900","1800","0900","1800","0900","C2108868","120","36","16022","37.6986058758908","127.202807533376"
"인천광역시 부평구 수변로107번길 58, 인왕빌딩 (부개동)","옵티마자연약국","032-511-1356","2000","0800","2000","0800","2000","0800","2000","0800","2000","0800","C1401701","213","98","16023","37.49356506669999","126.74034160139999"
"전라남도 고흥군 도양읍 차경구렁목길 225","셀메드 약국, 옵타마 약국, 천연요법 약국","녹동현대병원 옆","옵티마장수약국","061-844-3031","1730","0830","1730","0830","1730","0830","1730","0830","1730","0830","1330","0830","C2600673","595","52","16024","34.5456710282651","127.14498762426142"
"인천광역시 서구 가정로 204 (석남동)","공휴일 전화문의할 것 동물약국입니다.","거북시장 입구","옵티마정다운약국","032-579-4456","2130","0830","2130","0830","2130","0830","2130","0830","2130","0830","2130","0830","2200","0900","C1400415","227","96","16025","37.5030412149114","126.6723436899075"
"경상북도 경산시 중앙로 79, (중방동)","경산시장맞은편롯데리아옆","옵티마제일약국","053-813-7435","1900","0800","1900","0800","1900","0800","1900","0800","1900","0800","1800","0800","1700","0900","C2700065","386","23","16026","35.82339089798538","128.73559683656708"
"대전광역시 서구 도산로 155","토요일 전화후 방문요망","옵티마진명약국","042-527-8648","2000","0900","2000","0900","2000","0900","2000","0900","2000","0900","1600","0900","C1600215","353","22","16027","36.32247778222871","127.37776072882323"
"서울특별시 용산구 대사관로30길 17 (한남동)","옵티마찬미약국","02-790-4080","1700","1000","1700","1000","1700","1000","1700","1000","1700","1000","1500","1000","C1100952","044","02","16028","37.5325199375614","127.005659084915"
"대구광역시 달서구 조암로 145, 106호 (대천동)","옵티마참약국","053-643-2340","2000","0900","2000","0900","2000","0900","2000","0900","2000","0900","1400","0900","1300","0900","C1301022","427","59","16029","35.815198972920896","128.52055363709005"
"충청북도 청주시 상당구 월평로184번길 5 (용암동)","※ 명절 당일 휴무","용암동현대3차아파트맞은편","옵티마청주제일약국","043-294-0188","2300","0830","2300","0830","2300","0830","2300","0830","2300","0830","2300","0830","2300","0900","2300","0900","C2300439","287","76","16030","36.60984783959221","127.5046682010472"
"경기도 남양주시 진접읍 장현로 110,","남양주시장현시내진접농협사거리","옵티마평안약국","031-571-6084","2130","0900","2130","0900","2130","0900","2130","0900","2130","0900","2130","1400","C2102470","120","11","16031","37.71935551838679","127.183815436758"
"전라남도 화순군 화순읍 대교로 123","금호아파트 교차로 부영 5차아파트","옵티마푸른약국","061-371-0236","1940","0840","1940","0840","1940","0840","1940","0840","1940","0840","1500","0840","1300","0900","1300","0900","C2600769","581","15","16032","35.063477985199434","126.99272807306028"
"광주광역시 북구 갈마로 47 (두암동)","두암타운4거리 부근","옵티마하나로약국","062-251-8881","2100","0830","2100","0830","2100","0830","2100","0830","2100","0830","2100","0830","C1500632","611","61","16033","35.161997222222219","126.935733333333332"
"서울특별시 송파구 풍성로 52 (풍납동, 대아아파트)","대아A상가 1층 14호","옵티마하나약국","02-482-1863","1800","0900","1800","0900","1800","0900","1800","0900","1800","0900","1330","0900","C1100680","055","28","16034","37.5334814070449","127.118097938009"
"경기도 하남시 신장로 156, 107,108호 (덕풍동, 하남프라자)","옵티마하남약국","031-791-2389","2300","0900","2300","0900","2300","0900","2300","0900","2300","0900","2100","0900","2100","0900","2100","0900","C2101828","129","69","16035","37.539908333333337","127.201894444444449"
"경기도 구리시 동구릉로 124, 109호 (인창동)","옵티마행복약국","농수산물사거리의국민은행이있는빌딩1층","옵티마행복약국","031-553-1055","1950","0910","1950","0910","1950","0910","1950","0910","1950","0910","1700","0910","C2102264","119","18","16036","37.61001131418083","127.13705105755787"
"전라남도 목포시 섶나루길 126 (상동)","옵티마현대약국","0612876005","1900","0800","2000","0800","1900","0800","2000","0800","1900","0800","1600","0800","C2601056","586","59","16037","34.81106461572964","126.41915267878474"
"경기도 성남시 분당구 동판교로 92 (백현동)","옵티마희망약국","031-702-7706","1900","0900","1900","0900","1900","0900","1900","0900","1900","0900","1500","0900","C2106446","135","34","16038","37.390392145202114","127.11713303481794"
"전북특별자치도 익산시 무왕로 878 (신동)","옹기한약국","063-855-8895","1800","0900","1800","0900","1800","0900","1800","0900","1800","0900","C2501360","546","45","16039","35.9641434910868","126.956142204616"
"경기도 평택시 청북읍 청북남로 260 (청북읍)","옹달샘약국","070-7761-9713","1930","0900","1930","0900","1930","0900","1930","0900","1930","0900","1430","0900","C2107685","178","05","16040","37.019629971","126.9153196744"
"전북특별자치도 전주시 완산구 전라감영로 15, 1층 일부호 (다가동2가)","옻율당한약국","063-283-8275","1700","1000","1700","1000","1700","1000","1700","1000","1700","1000","C2501391","550","38","16041","35.8144147492289","127.140989778315"
"경기도 안산시 단원구 화정천동로4길 24, 1층 (와동, 진목공)","와동그랜드약국","031-403-2086","2200","0900","2200","0900","2200","0900","2200","0900","2200","0900","2200","0900","2000","1000","C2106910","152","49","16042","37.34453898622273","126.8211367566494"
"경기도 남양주시 와부읍 덕소로 94","설날 추석 당일에는 11~12시 사이에 문 엽니다","덕소큰길삼거리우리은행건너편버스정류장","와부약국","031-577-7949","2230","0900","2230","0900","2230","0900","2230","0900","2230","0900","2230","0900","2230","0900","2230","0900","C2102898","122","10","16043","37.58583674969676","127.21205294741682"
"강원특별자치도 철원군 서면 와수로 162-2 (와수리 약국)","와수리온누리약국","033-458-0828","2000","0900","2000","0900","2000","0900","2000","0900","1900","0900","1400","0830","C2200060","240","58","16044","38.23813415178335","127.43803319218286"
"경기도 화성시 봉담읍 와우안길 48","일요일 미운영, 공휴일 유동적 운영으로 방문 전 연락바람","수원대학교앞","와우약국","031-222-0457","2100","0900","2100","0900","2100","0900","2100","0900","2100","0900","2100","0900","C2100920","183","21","16045","37.216017789648966","126.97643514740758"
"충청남도 아산시 배방읍 광장로 210, 와이몰 202동 D214호 (요진 와이시티)","병원 처방 조제 일반약 판매하는 친절한 와이약국입니다","요진 와이시티 202동 E-214호 롯데마트 옆건물 2층","와이약국","041-621-5752","1900","0900","1900","0900","1900","0900","1900","0900","1900","0900","1400","1000","C2400631","314","71","16046","36.79645079569885","127.10740492995012"
"충청남도 홍성군 홍성읍 홍성천길 188","홍성신협 옆","와이약국","041-631-3520","1830","0830","1830","0830","1830","0830","1830","0830","1830","0830","1400","0830","C2400606","322","31","16047","36.5999399098534","126.66663168874342"
"경상북도 경산시 와촌면 금송로 405","와촌경북약국","053-255-6151","1800","0900","1800","0900","1800","0900","1800","0900","1800","0900","1700","0900","1800","0900","C2701782","384","12","16048","35.9453805901142","128.835550007778"
"전라남도 완도군 완도읍 개포로114번길 37-4","완도약국","061-553-9979","2200","0800","1830","0800","1830","0800","1830","0800","1830","0800","1300","0900","C2600689","591","14","16049","34.3183973676605","126.74593699281924"
"경상남도 사천시 곤명면 곤수로 3","■ 일요일 장날(1, 6일) 운영 여부는 전화 확인 요망","시장 입구","완사약국","055-853-8900","1800","0900","1800","0900","1800","0900","1800","0900","1800","0900","1800","0900","1500","1100","C2800934","664","921","16050","35.131513546008414","127.97695812539533"
"경상북도 영천시 시장로 53 (완산동)","대체공휴일은 영업함(일반 공휴일은 영업하지 않음)","완산동롯데리아맞은편","완산약국","054-331-0005","1800","0900","1800","0900","1800","0900","1800","0900","1800","0900","1300","0900","C2700214","388","88","16051","35.96356613114251","128.9360859713994"
"전북특별자치도 전주시 완산구 당산로 96, BYC / 복음연합내과 1층 108,109호 (서신동)","완산종로약국","063-252-1574","1800","0830","1800","0830","1800","0830","1800","0830","1800","0830","1300","0830","C2501371","549","50","16052","35.8319644571896","127.118785989741"
"서울특별시 서대문구 세검정로1길 115 (홍은동)","홍은1동사회복지회관앞","완약국","070-4235-4395","2000","0600","2000","0600","2000","0600","2000","0600","2000","0600","2000","0600","2000","0600","1900","0630","C1102893","036","11","16053","37.5954748952739","126.946120230126"
"대구광역시 동구 아양로 200","완쾌약국","053-956-4400","1730","0830","1730","0830","1730","0830","1730","0830","1730","0830","1300","0830","C1301002","411","67","16054","35.885605338192654","128.63497178875207"
"전북특별자치도 익산시 춘포면 궁성로 116","설, 추석만 운영안함(전화 후 방문)","고려온천아파트상가","왕궁온천약국","063-291-1622","2100","0900","2100","0900","2100","0900","2100","0900","2100","0900","2100","0900","2100","0900","2100","0900","C2500243","545","78","16055","35.923610435785825","127.05348262861989"
"서울특별시 중구 을지로44길 20 (광희동1가)","왕란약국","02-2267-1492","2100","0900","2100","0900","2100","0900","2100","0900","2100","0900","1300","0900","C1101046","045","61","16056","37.5652520102525","127.006382455659"
"서울특별시 강남구 학동로 106","논현역1번출구30m직진영동시장입구","왕성약국","02-547-4561","2100","0900","2100","0900","2100","0900","2100","0900","2100","0900","1900","0900","C1101048","061","10","16057","37.5112240715953","127.022549261694"
"충청남도 공주시 무령로 592, 1층 102호 (월송동)","공주시 월송동 하나로프라자 1층에 위치함. 공주대 정문에서 세종으로 가는 대로(무령로) 변.","왕성약국","041-858-8334","1900","0900","1900","0900","1900","0900","1900","0900","1900","0900","1900","0900","C2401661","325","94","16058","36.4758016469686","127.152843702949"
"서울특별시 중구 남대문로 36, 100호,1호,2호 (회현동1가)","한국은행 맞은편","왕솔약국","02-773-5001","1900","0900","1900","0900","1900","0900","1900","0900","1900","0900","1900","0900","1800","1000","C1107346","045","29","16059","37.5609585524229","126.979767074465"
"서울특별시 성동구 왕십리로 333, 유성빌딩 1층 (하왕십리동)","일요일은 홀수주에만 운영","왕십리길약국","02-2298-9888","2000","0800","2000","0800","2000","0800","2000","0800","2000","0800","1630","0800","1400","0800","1400","0800","C1109608","047","15","16060","37.562723999259","127.032571064368"
"서울특별시 성동구 무학봉길 92(하왕십리동)","왕십리약국","02-2292-4247","2100","0830","2100","0830","2100","0830","2100","0830","2100","0830","2100","0830","C1103155","047","14","16061","37.5622045860266","127.032201520239"
"경기도 성남시 수정구 수정남로 161, (신흥동)","일요일 운영 유동적","왕약국","031-734-2143","2200","0900","2200","0900","2200","0900","2200","0900","2200","0900","2230","0900","2200","1000","C2101560","133","46","16062","37.44451248583373","127.14477881513903"
"경기도 안성시 중앙로 393","왕약국","031-677-9850","1830","0900","1830","0900","1830","0900","1830","0900","1830","0900","1300","0900","C2100599","175","89","16063","37.00744091747918","127.27062026333402"
"경기도 여주시 가남읍 태평로 25 (가남읍)","왕약국","031-884-2558","1900","0900","1900","0900","1900","0900","1900","0900","1900","0900","1300","0900","C2100789","126","62","16064","37.20300070794703","127.54614119642228"
"충청남도 천안시 서북구 입장면 하장4길 8","일요일은 방문 전 전화확인 필요","입장초등학교 근처","왕약국","041-585-5053","1900","0830","1900","0830","1900","0830","1900","0830","1900","0830","1700","0830","1700","0900","C2400482","310","55","16065","36.91446053794851","127.22152775127853"
"충청남도 공주시 번영1로 83, (신관동)","국민은행 맞은편","왕약국","041-857-9747","1800","0830","1800","0830","1800","0830","1800","0830","1800","0830","1200","0830","C2400423","325","75","16066","36.474219891255686","127.13674057167031"
"울산광역시 남구 삼산로 243, 1층 (달동)","왕약국","052-266-4171","2000","0830","2000","0830","1900","0830","2000","0830","2000","0830","1600","0830","C1700706","447","07","16067","35.5389360466053","129.333669191815"
"경기도 안양시 동안구 안양판교로 12-2, 1층 (관양동)","왕약국","031-476-7406","2100","0900","2100","0900","2100","0900","2100","0900","2100","0900","1900","0900","C2101062","139","43","16068","37.4033424346748","126.96071802944787"
"서울특별시 관악구 대학5길 17 (신림동)","서울대녹두거리입구롯데리아골목으로들어와서녹두4거리에위치","왕약국","02-877-1333","2200","0900","2200","0900","2200","0900","2200","1000","2200","0900","2200","0900","2200","1000","2200","1000","C1100172","088","14","16069","37.4693816804064","126.938707602313"
"서울특별시 은평구 은평로 137, (응암동)","응암동서부병원옆건물","왕약국","02-352-7533","2030","0830","2030","0830","2030","0830","2030","0830","2030","0830","1700","0930","1400","1000","1400","1000","C1103499","034","60","16070","37.6008131897926","126.922920450728"
"서울특별시 성동구 광나루로 323(송정동)","운영시간이 유동적이므로 전화 확인 후 이용부탁드립니다.","화양사거리 직전 우리은행 앞/","왕약국","02-467-2485","2200","0900","2200","0900","2200","0900","2200","0900","2200","0900","2200","0900","2200","0900","2200","0900","C1101051","048","01","16071","37.5484222212024","127.065650905331"
"서울특별시 영등포구 영중로24길 4, 1층 (영등포동5가)","왕온누리약국","02-2679-0316","1900","0900","1900","0900","2130","0900","1900","0900","1900","0900","1700","0900","C1108025","072","50","16072","37.5220793233609","126.905529914084"
"경기도 시흥시 중심상가2길 12-2, 104호 (정왕동, 우성프라자)","왕온누리약국","070-7797-0544","1900","0900","1900","0900","1900","0900","1900","0900","1900","0900","1300","0900","C2101449","150","66","16073","37.3455412127","126.7364733186"
"광주광역시 남구 대남대로 291-1, 1층 (월산동)","왕자약국","062-366-8860","1830","0830","1830","0830","1800","0830","1800","0830","1800","0830","1300","0830","C1500305","616","15","16074","35.138246587818486","126.89564862051718"
"서울특별시 중구 다산로36길 11, 동산빌딩 (신당동)","공휴일은 전화확인후 방문하세요.","동산빌딩 1층","왕자약국","02-2231-7908","2000","0840","2000","0840","2000","0840","2000","0840","2000","0840","1400","0900","1400","1000","1500","1000","C1100951","045","85","16075","37.5628563153153","127.016184600525"
"전라남도 순천시 백연길 104, (조례동)","조례동류이비인후과건물1층","왕지약국","061-725-0575","1900","0820","1900","0820","1900","0820","1900","0820","1900","0820","1300","0820","1300","0820","C2600162","579","71","16076","34.95339023924785","127.53191822120965"
"경상북도 칠곡군 왜관읍 군청2길 9","01027289344 핸드폰 번호","왜관약국","054-977-8275","1830","0900","1830","0900","1830","0900","1830","0900","1830","0900","1330","0900","C2701568","398","81","16077","35.996197520591565","128.40208545329116"
"부산광역시 영도구 하나길 608, 외나무 약국 (신선동1가)","산복도로 중간지점","외나무약국","051-416-8629","1700","0900","1700","0900","1700","0900","1700","0900","1700","0900","1500","0900","C1200411","490","67","16078","35.088649999999994","129.04726111111245"
"서울특별시 동대문구 이문로 125, 더 메디칼빌딩 1층 (이문동)","외대정문에서석관동방향으로100m","외대김약국","02-3295-3040","1830","0830","1830","0830","1830","0830","1830","0830","1830","0830","1300","0900","C1101239","024","03","16079","37.5978850507988","127.06091209001"
"서울특별시 동대문구 휘경로 25, 1층 (이문동)","외대드림약국","050-71379-5265","2330","0730","2330","0730","2330","0730","2330","0730","2330","0730","2330","0900","2330","0900","2330","0900","C1110630","024","20","16080","37.5954706081125","127.062740095403"
"서울특별시 동대문구 휘경로 10, 1층 (이문동)","외대조은약국","02-960-4983","2400","0900","2400","0900","2400","0900","2400","0900","2400","0900","2400","0900","2400","0900","2400","0900","C1107432","024","40","16081","37.5959422581056","127.061058277535"
"제주특별자치도 제주시 우정로 70, 1층 (외도일동)","외도약국","064-712-1953","1830","0830","1830","0830","1830","0830","1230","0830","1830","0830","1230","0830","C2900459","630","69","16082","33.4866170254","126.4306320675"
"충청남도 부여군 외산면 외산로 87, 1층","외산약국","041-836-5001","1830","0830","1830","0830","1830","0830","1300","0830","1830","0830","1300","0830","C2401694","331","03","16083","36.3019809495285","126.703856012621"
"서울특별시 강북구 솔샘로 254 (미아동)","매월 둘째주 일요일만 엽니다.","삼양동사거리삼양빌딩","요나약국","02-988-8834","2200","0830","2200","0830","2200","0830","2200","0830","2200","0830","2200","0900","2100","0900","2100","0900","C1103264","011","94","16084","37.6193297017502","127.020743950051"
"강원특별자치도 춘천시 서부대성로48번길 22-2 (요선동)","인성병원 응급실 앞","요선약국","033-254-8198","1900","0900","1900","0900","1900","0900","1900","0900","1900","0900","1500","0900","C2200126","242","72","16085","37.881256295127045","127.72717148094634"
"대구광역시 남구 명덕로 140, 1층 (대명동)","요셉약국","070-5111-5585","1900","0900","1900","0900","1900","0900","1900","0900","1900","0900","1400","0900","C1301624","424","09","16086","35.85633030218158","128.585296809088"
"대구광역시 달성군 다사읍 대실역북로 12","주말,공휴일 전화확인 필수(유동적임)","주말,공휴일 전화확인 필수(유동적임)","요셉약국","053-588-5409","1800","0900","1800","0900","1300","0900","1800","0900","1800","0900","1300","0900","C1301662","429","13","16087","35.8578043218354","128.466739452711"
"경기도 부천시 고리울로52번길 14, 1층 (고강동)","요한약국","032-671-5696","2100","0900","2100","0900","2100","0900","2100","0900","2100","0900","1700","0900","C2107181","144","08","16088","37.5265336688","126.8214678895"
"경상북도 칠곡군 왜관읍 중앙로 166","일요일은 당번일때만 운영","왜관남부정류장옆","요한약국","054-972-0550","2130","0830","2130","0830","2130","0830","2130","0830","2130","0830","2100","0830","2100","0900","C2700054","398","90","16089","35.98978018463299","128.39971425677396"
"대구광역시 수성구 달구벌대로 3294","사월역3번출구시지퍼스트1층엘레베이터맞은편","요한약국","053-795-2112","1930","0830","1930","0830","1930","0830","1930","0830","2030","0830","1530","0830","C1300116","422","79","16090","35.8363853280867","128.71596079106442"
"전라남도 광양시 광양읍 와룡길 9-4","광양읍 성보7차아파트 진입로 공용주차장 앞","용강약국","061-761-2121","1300","0830","1300","0830","1300","0830","1300","0830","1300","0830","C2601049","577","47","16091","34.97106936953665","127.60986268311507"
"서울특별시 동작구 노량진로26길 13 (본동)","공휴일은 전화확인 후 방문하세요.","일요일 영업합니다. 연중 공휴일은 구정과 추석 당일만 휴무입니다. 그외 공휴일은 영업합니다.","노들역3번출구상도터널방면30M","용강약국","02-814-2605","2100","0900","2100","0900","2100","0900","2100","0900","2100","0900","2100","0900","1900","0900","2100","0900","C1101241","069","08","16092","37.5116622544578","126.954417001933"
"경기도 용인시 처인구 백옥대로 1108 (김량장동)","용광약국","031-335-9600","1900","0900","1900","0900","1900","0900","1900","0900","1900","0900","C2101640","170","51","16093","37.234526517128984","127.20930476307714"
"인천광역시 미추홀구 인주대로266번길 17","용남시장 안","용남시장약국","032-863-7022","2000","0900","2000","0900","2000","0900","2000","0900","2000","0900","1500","0900","C1400468","222","09","16094","37.45187812968741","126.66565597089966"
"제주특별자치도 제주시 용담로 46","용담온누리약국","064-712-0259","1830","0830","1830","0830","1830","0830","1830","0830","1830","0830","1330","0830","C2900082","631","57","16095","33.512792771031606","126.5076149327097"
"충청남도 금산군 금산읍 인삼광장로 47, 용담한약국","매달 10,20,30일 휴무","매달 10,20,30일 휴무, 한약만 취급","인삼호텔 쇼핑몰센터 155호","용담한약국","041-753-8875","1700","0900","1700","0930","1700","0930","1700","0930","1700","0930","1700","1000","1700","1000","1700","1000","C2400805","327","39","16096","36.10148950686951","127.4989659783095"
"서울특별시 성동구 용답19길 1, 1층 (용답동)","365일 연중 무휴 밤 10시30분까지 운영합니다.","* 365일 야간 운영 / 온누리상품권, 임신바우처, ALI/WeChat PAY, 카카오페이, 애플페이, 제로페이, 서울페이 등 간편결제 사용 가능 - 일반의약품, 동물의약품, 영양제, 건강기능식품 맞춤 상담 - 약국 근처 용답어울림 공영주차장 1시간 무료 주차권 지급(주차장은 밤9시까지)","용답원약국","02-2216-6227","2230","1000","2230","1000","2230","1000","2230","1030","2230","1030","2230","1030","2230","1030","2230","1030","C1110452","048","04","16097","37.5626473912015","127.051388250712"
"경상북도 포항시 남구 오천읍 정몽주로616번길 2 (오천읍)","용덕약국","054-292-2438","2100","0900","2100","0900","2100","0900","2100","0900","2100","0900","1800","0900","C2700693","379","07","16098","35.972929145462444","129.41523761480496"
"경기도 양평군 청운면 청운로 1","일요일 방문 시 전화 요망 (일요일 휴진일이 규칙적이지 않음)","용두리중앙약국","031-771-9278","1700","0900","1700","0900","1700","0900","1700","0900","1700","0900","1300","0900","1400","0800","1600","0900","C2103969","125","30","16099","37.55475185126281","127.70965355869717"
"충청북도 제천시 용두대로15길 4 (하소동)","일요일은 병원 진료시간에 따라 운영","용두메디컬약국","043-651-5550","1930","0830","1930","0830","1930","0830","1930","0830","1930","0830","1430","0900","1300","0900","C2301109","271","62","16100","37.139377518718234","128.20116077445863"
"서울특별시 광진구 자양로 201, 항석빌딩 1층 (구의동)","구의사거리위치","용마약국","02-447-9621","2000","0830","2000","0830","2000","0830","1830","0830","2000","0830","1500","0830","C1101244","049","91","16101","37.5456068642204","127.085384289312"
"제주특별자치도 서귀포시 안덕면 사계남로216번길 31, B동 102호","점심시간X","용머리약국","070-7757-7128","1800","1000","1800","1000","1800","1000","1800","1000","1800","1000","1900","1000","1900","1000","1900","1000","C2900557","635","28","16102","33.2338321614312","126.309711110022"
"대전광역시 서구 도산로 402, 양녕빌딩 103호 (용문동)","용문비타민약국","042-537-1275","2000","0900","2000","0900","2000","0900","2000","0900","2000","0900","1400","0900","C1601435","353","07","16103","36.3392230994348","127.394865430675"
"경기도 양평군 용문면 용문로 344-1 (용문면)","용문약국","031-773-3780","2200","0900","2200","0900","2200","0900","2200","0900","2200","0900","2200","0900","2200","0900","C2103610","125","20","16104","37.483452777777778","127.592466666666667"
"경기도 부천시 원미구 상일로 69 (상동)","송내역 반달마을근처","용문약국","032-322-1788","1900","0900","1900","0900","1900","0900","1900","0900","1900","0900","1300","0900","C2100194","145","97","16105","37.49225531568294","126.75009797260715"
"경기도 양평군 용문면 용문로 380-2, 1층","용문온누리약국","031-773-7735","1800","0900","1800","0900","1800","0900","1800","0900","1800","0900","1300","0900","C2110143","125","23","16106","37.4857483999286","127.595465778939"
"대전광역시 서구 계룡로 639, 에이스침대 대전사옥 1층 2호 (탄방동)","용문일등약국","042-710-8282","1830","0830","2000","0830","1830","0830","2000","0830","1830","0830","1300","0830","C1601443","352","64","16107","36.338768929668","127.393382805646"
"광주광역시 북구 설죽로 289-5","용봉동현대병원옆","용봉금호약국","062-574-2222","1830","0830","1830","0830","1830","0830","1830","0830","1830","0830","1330","0830","C1500088","500","070","16108","35.185369919222204","126.89782516678792"
"광주광역시 북구 반룡로27번길 11, (용봉동)","한화꿈에그린아파트 근접","용봉약국","062-523-2368","2000","0900","2000","0900","2000","0900","2000","0900","2000","0900","1900","0900","C1500369","611","81","16109","35.179641646738716","126.90118153438787"
"광주광역시 북구 비엔날레로 91, 1층 (용봉동)","용봉아이파크부근","용봉프라자약국","062-513-8080","2100","0830","2100","0830","2100","0830","2100","0830","2100","0830","1330","0850","C1500087","611","08","16110","35.179956381452534","126.88987339593288"
"대구광역시 달서구 성지로 86, (용산동)","용산경북약국","053-584-8484","2000","0930","2000","0930","2000","0930","2000","0930","2000","0930","1400","0930","1400","0930","C1300343","426","17","16111","35.8568783408772","128.52123752604646"
"서울특별시 용산구 대사관로 58, 용산대학약국 1층 (한남동)","용산대학약국","02-795-4549","2000","0830","2000","0830","2000","0830","2000","0830","2000","0830","1800","0900","1800","1000","C1108663","044","02","16112","37.5332727696489","127.004608412079"
"대구광역시 달서구 용산로 225, (용산동)","용산동맥도날드,농협네거리","용산동산약국","053-521-7959","2130","0900","2130","0900","2130","0900","2130","0900","2130","0900","2130","0900","2130","0900","C1300651","426","28","16113","35.857716094487955","128.53027324392963"
"서울특별시 용산구 서빙고로 17, A몰동 2층 2073-1호 (한강로3가)","공휴일 정상 운영. 명절에도 연휴에도 정상 운영.","진짜로 연중무휴 매일 여는 용산매일여는약국 입니다^^","용산매일여는약국","02-790-3655","2000","0800","2000","0800","1900","0800","2000","0800","2000","0800","1900","0900","1900","0900","1900","0900","C1110186","043","87","16114","37.5269056148241","126.966566172294"
"서울특별시 용산구 한강대로 92, 지층 (한강로2가, LS용산타워)","신용산역 2번 출구 LS용산타워","용산약국","02-794-7952","1930","0900","1930","0900","1930","0900","1930","0900","1930","0900","1300","1030","C1104665","043","86","16115","37.5281759339792","126.96752270323"
"충청북도 충주시 거룡2길 77, (용산동)","주변의료기관:용산의원","용산약국","043-843-3043","2000","0830","2000","0830","2000","0830","2000","0830","2000","0830","1300","0800","C2300586","274","00","16116","36.964711111111114","127.936766666666671"
"서울특별시 용산구 새창로 217, 용산토투밸리 1층 (한강로2가)","토요일은 더 늦게까지 영업하는 날도 있으니 전화주세요.","용산오늘약국","02-6390-7377","2030","0830","2030","0830","2030","0830","2030","0830","2030","0830","1430","0830","C1108153","043","76","16117","37.5302166820111","126.967776259525"
"대구광역시 달서구 용산로 232, (용산동)","용산제일약국","053-524-3956","2100","0900","2100","0900","2100","0900","2100","0900","2100","0900","2000","0900","C1300471","426","27","16118","35.8583310523893","128.53088062730012"
"서울특별시 용산구 서빙고로 17, 용산 센트럴파크 해링턴스퀘어 D동 2층 50호 (한강로3가)","용산파크약국","02-797-5055","2000","0930","2000","0930","1900","0930","2000","0930","2000","0930","1600","0930","C1108994","043","87","16119","37.5269056148241","126.966566172294"
"대구광역시 달서구 용산로 226, 1층 (용산동)","용산현대약국","053-526-9756","1830","0900","1830","0900","1830","0900","1830","0900","1830","0900","1300","0900","C1300588","426","27","16120","35.85776831051172","128.53086779437592"
"경상북도 안동시 경동로 876 (용상동)","용상시장 옆, 용상연합가정의학과의원 옆","용상약국","054-821-2811","1900","0800","1900","0800","1900","0800","1900","0800","1900","0800","1300","0800","C2700723","367","12","16121","36.55902700274941","128.75135192048316"
"서울특별시 광진구 아차산로 626 (광장동)","용상약국","02-457-9311","2000","0900","2000","0900","2000","0900","2000","0900","2000","0900","2000","0900","2000","1200","2000","1200","C1103384","049","69","16122","37.5483915835002","127.107647577078"
"경기도 포천시 소흘읍 호국로 482, 용상빌딩 1층 103호","포천시 소흘읍 용상골사거리에 위치한 약국입니다","용상약국","031-541-1355","2100","0900","2100","0900","2100","0900","2100","0900","2100","0900","2100","0900","2100","0900","2100","0900","C2109685","111","84","16123","37.8158537860517","127.136049684193"
"서울특별시 강동구 고덕로 109, (암사동)","롯데캐슬강일중학교옆대로변양지상가1층","용성약국","02-429-9558","2000","0800","2000","0800","2000","0800","2000","0800","2000","0800","2000","0800","2000","0800","2000","0800","C1102885","052","37","16124","37.5549629751793","127.137534131713"
"서울특별시 성북구 동소문로13나길 111 (동소문동7가)","용수약국","02-923-4756","1800","0900","1800","0900","1800","0900","1800","0900","1800","0900","1200","0900","C1102366","028","30","16125","37.5961165122017","127.014772967949"
"경기도 이천시 부발읍 경충대로 2100","하이닉스정문앞","용수약국","031-635-0907","2200","0900","2200","0900","2200","0900","2200","0900","2200","0900","1900","0900","C2100510","173","32","16126","37.252489044878196","127.4899169630946"
"경기도 광주시 초월읍 무들로 205","용수약국","031-768-6662","2000","0900","2000","0900","2000","0900","2000","0900","2000","0900","1900","0900","C2104406","127","33","16127","37.380274750847064","127.3051445884339"
"충청남도 천안시 서북구 월봉로 132, 103호 (쌍용동)","천안 쌍용동 용암마을아파트 정문앞 1층","용암동아약국","041-574-5200","1830","0900","1830","0900","1830","0900","1830","0900","1830","0900","1400","0900","C2400461","311","66","16128","36.802358276076156","127.11909363209878"
"대구광역시 수성구 청수로 59-1, 1층 (중동)","용암약국","053-767-8799","1730","0900","1730","0900","1730","0900","1730","0900","1730","0900","1330","0900","C1301828","421","55","16129","35.8408599380582","128.614792855606"
"충청남도 천안시 서북구 월봉로 134 (쌍용동, 리치프라자)","주민센터 맞은편","용암약국","070-4240-7098","1900","0900","1900","0900","1330","0900","1900","0900","1900","0900","1330","0900","C2400585","311","66","16130","36.802599723151204","127.1191433054118"
"충청북도 청주시 상당구 1순환로 1261, 1층 (용암동)","청주시상당구용암동용암농협사거리","용암약국","043-295-3645","1830","0900","1830","0900","1830","0900","1830","0900","1830","0900","1400","0900","C2300435","287","76","16131","36.60866709311133","127.50521253915157"
"경상북도 청도군 청도읍 청화로 187-1","용암약국","054-373-8799","1900","0830","1900","0830","1900","0830","1900","0830","1900","0830","1400","0830","C2700104","383","41","16132","35.64211365951119","128.7453780380029"
"충청북도 청주시 상당구 중고개로 181, 103호 (용암동, 대상코스모빌딩)","용암엘지약국","043-297-3344","1800","0900","1800","0900","1800","0900","1300","0900","1800","0900","1300","0900","C2300005","287","63","16133","36.62047414066737","127.51474045958052"
"경기도 용인시 기흥구 강남로 13, 303호 (구갈동, 칼리지포인트)","용약국","031-283-6183","1900","0900","1900","0900","1900","0900","1900","0900","1900","0900","C2106692","169","77","16134","37.2718456133","127.127048332"
"대구광역시 북구 동북로 168, (산격동)","일요일, 공휴일은 당번제로 운영","용약국","053-951-0105","2000","0900","2000","0900","2000","0900","2000","0900","2000","0900","1600","0900","2000","0900","2000","0900","C1301035","415","35","16135","35.89909781518149","128.61087540952204"
"경기도 수원시 권선구 곡반정로 160, 라퍼스트 423호 (곡반정동)","용약국","031-8019-7708","1800","0900","1800","0900","1800","0900","1800","0900","1800","0900","1300","0900","C2109422","166","68","16136","37.2417399462448","127.034165232558"
"대전광역시 중구 목중로 31","용약국","042-226-6852","1830","0830","1830","0830","1830","0830","1830","0830","1830","0830","1300","0830","C1601040","348","11","16137","36.33649609092281","127.41049984766464"
"충청남도 천안시 동남구 대흥로 274, (성황동)","삼도상가건물 앞쪽","용약국","041-565-3798","1900","0830","1900","0830","1900","0830","1900","0830","1900","0830","1400","0830","C2401074","311","28","16138","36.812271461566354","127.14917397910818"
"서울특별시 용산구 대사관로24길 6 (한남동)","일요일 방문전 전화확인 필요","순천향병원앞","용약국","02-794-5528","2030","0800","2030","0800","2030","0800","2030","0800","2030","0800","2030","0800","2030","0800","2030","0800","C1103471","044","02","16139","37.5331588930348","127.004346826153"
"서울특별시 마포구 신촌로 102-1, 1층 (노고산동)","2호선신촌역6번출구5M전방","용약국","02-701-7760","2100","0900","2100","0900","2100","0900","2100","0900","2100","0900","1600","0900","2100","0830","C1102370","041","01","16140","37.5546237294451","126.937387418317"
"대전광역시 동구 용운로 105, 1층 (용운동)","용운탑약국","042-721-7554","1900","0830","1900","0830","1400","0830","1900","0830","1900","0830","1400","0830","C1601465","346","53","16141","36.3279035735549","127.454026126911"
"대전광역시 동구 백룡로 145, 2층 (용운동)","용운태평양약국","042-284-5554","1900","0830","1900","0830","1900","0830","1900","0830","1900","0830","1500","0830","C1601365","345","26","16142","36.3279961921783","127.454340285977"
"경상남도 창원시 진해구 용원동로 231, 1층 105,120호 (용원동)","용원어시장약국","055-546-7893","1930","0830","1930","0830","1930","0830","1930","0830","1930","0830","1400","0830","C2802289","516","10","16143","35.0935000911791","128.818595424735"
"경상남도 창원시 진해구 용원로 9 (용원동)","용원천지연약국","055-547-2121","1930","0900","1930","0900","1930","0900","1930","0900","1930","0900","1730","0900","C2801769","516","05","16144","35.1006635879","128.8105400013"
"경기도 평택시 현신3길 76, 701동 101호 (용이동, 평택 용이2차 푸르지오)","용이푸른약국","031-691-5121","2100","1030","2100","1030","2100","1030","2100","1030","2100","1030","1900","1030","C2107356","178","67","16145","36.9980496085","127.1425124606"
"경기도 용인시 기흥구 신구로12번길 12 (신갈동)","070-7608-4016 으로도 통화가능","강남병원후문옆","용인강남약국","031-283-5453","2330","0900","2330","0900","2330","0900","2330","0900","2330","0900","2330","0900","2330","0900","C2103677","170","64","16146","37.273382941","127.110747309"
"경기도 용인시 처인구 모현읍 대지로439번길 2","천주교공원묘지입구SK주유소맞은편","용인능원약국","031-333-9806","2000","0930","2000","0930","2000","0930","2000","0930","2000","0930","1900","0930","C2103666","168","84","16147","37.330645223816894","127.15583903016555"
"경기도 용인시 처인구 금학로 91, 상가동 1층 101호 (삼가동, 금령마을우남퍼스트빌아파트)","용인보건당약국","031-323-5561","2000","0900","2000","0900","2000","0900","2000","0900","2000","0900","C2100896","170","17","16148","37.2401845873","127.173982136"
"경기도 용인시 처인구 백옥대로 1136, (김량장동)","용인센타약국","031-323-1577","1930","0700","1930","0700","1930","0700","1930","0700","1930","0700","1600","0700","C2100678","170","52","16149","37.23702127374489","127.20892849594765"
"경기도 용인시 처인구 금령로13번길 20 (김량장동)","용인실로암약국","031-335-9348","1900","0900","1900","0900","1900","0900","1900","0900","1900","0900","1600","0900","C2101325","449","925","16150","37.236671939732545","127.1982891357878"
"경기도 용인시 처인구 포곡읍 포곡로 72, 대두빌딩 108호","둔전역옆","용인윤약국","031-339-7429","2100","0900","2100","0900","2100","0900","2100","0900","2100","0900","2000","0900","C2102228","449","812","16151","37.26757552212275","127.21402759784442"
"경기도 용인시 처인구 중부대로 1360 (김량장동)","용인자매약국","031-333-3361","1930","0900","1930","0900","1930","0900","1930","0900","1930","0900","1330","0900","C2103160","170","61","16152","37.23435417849787","127.19559746681733"
"경기도 용인시 처인구 백옥대로1068번길 1, (김량장동)","일요일 대부분 운영하지만, 유동적이기 때문에 전화 필요","롯데슈퍼앞","용인태평양약국","031-336-3292","2300","0900","2300","0900","2300","0900","2300","0900","2300","0900","C2101671","170","63","16153","37.231083224150005","127.21003897610572"
"경기도 용인시 처인구 명지로60번길 8-12, 105호 (역북동)","용인파란문약국","031-323-3272","2000","0900","2000","0900","2000","0900","2000","0900","2000","0900","1600","0900","C2107766","170","56","16154","37.2318484196181","127.18793625898553"
"경기도 용인시 기흥구 중부대로 682, 가동 1층 (상하동, 동양마트)","용인하나로약국","070-8899-1366","1800","0900","1800","0900","1800","0900","1800","0900","1800","0900","C2107472","170","70","16155","37.2660475596","127.1358457417"
"인천광역시 미추홀구 인주대로 273 (주안동)","용일약국","032-873-9965","1900","0900","1900","0900","1900","0900","1900","0900","1900","0900","1300","0900","C1401805","221","57","16156","37.45265528564145","126.66688130723567"
"대전광역시 동구 계족로 416, 1층 (용전동)","용전약국","042-624-8981","1850","0840","1850","0840","1850","0840","1850","0840","1850","0840","1300","0840","C1600439","345","52","16157","36.34912161663621","127.43244985942769"
"대구광역시 수성구 범안로 70, 1층 (범물동)","용지봉약국","053-217-6933","1830","0900","1830","0900","1830","0900","1830","0900","1830","0900","1300","0900","1200","0900","C1301614","422","41","16158","35.817839291523846","128.64545025368105"
"대구광역시 남구 효성로 84, (봉덕동)","공휴일은 병원 사정에 따라 운영","중동교지나봉덕초등학교길목사거리","용지온누리약국","053-784-3262","1800","0900","1800","0900","1800","0900","1800","0900","1800","0900","1300","0900","C1300389","425","10","16159","35.840714820100686","128.59824912046952"
"전북특별자치도 무주군 무주읍 주계로 119","무주신경외과앞","용천약국","063-322-1090","1830","0830","1830","0830","1830","0830","1830","0830","1830","0830","1330","0830","C2500818","555","21","16160","36.00716173454331","127.66311096835986"
"경기도 용인시 처인구 이동읍 백옥대로 618, 102, 103호","용천온누리약국","031-338-2996","2000","0900","2000","0900","2000","0900","2000","0900","2000","0900","C2109293","171","28","16161","37.1919796487002","127.207261976421"
"서울특별시 성동구 용답중앙27길 6, 1층 (용답동)","용하약국","02-2212-5911","2030","0830","2030","0830","2030","0830","2030","0830","2030","0830","1800","0830","C1102372","048","05","16162","37.5629720194248","127.054796126294"
"인천 부평구 시장로51번길 16 (부평동)","매월 마지막 주 토요일 휴무","0507-1334-1130","용한당한약국","032-525-1130","1800","1000","1800","1000","1800","1000","1800","1000","1800","1000","1800","1000","C1402135","213","91","16163","37.4956591473957","126.726433088246"
"인천광역시 부평구 열우물로50번길 9-2 (십정동)","일요일 운영 유동적이므로 방문 전 확인 필요","동암역북광장","용한약국","032-424-4732","2230","0900","2230","0900","2230","0900","2230","0900","2230","0900","2300","0900","2300","0900","C1400445","214","45","16164","37.47318459620363","126.70084052202661"
"경기도 가평군 설악면 신천중앙로132번길 3","용한약국","031-584-7322","2200","0700","2200","0700","2200","0700","2200","0700","2200","0700","2200","0800","C2102838","124","65","16165","37.677159010169746","127.49208408585284"
"경기도 수원시 팔달구 세지로 405, 1층 (우만동)","용한약국","031-217-7997","1930","0930","1930","0930","1930","0930","1930","0930","1930","0930","1500","0930","1700","0930","C2104370","162","35","16166","37.2579726482559","127.04188929442823"
"경기도 남양주시 퇴계원읍 퇴계원로 93","저녁시간의 경우 30분정도 빨리 문을 닫을 경우도 있음.","퇴계원전화국전방으로200미터도심빌딩내.","용한약국","031-527-1188","2200","0900","2200","0900","2200","0900","2200","0900","2200","0900","2100","0900","2200","1000","C2102334","121","20","16167","37.654858629885155","127.14396461328685"
"경기도 양평군 양서면 양수로155번길 9 (양서면)","공휴일 방문 전 전화확인 필요","용한약국","031-774-6111","1800","0900","1800","0900","1800","0900","1800","0900","1800","0900","1400","0900","C2102568","125","85","16168","37.54378485696488","127.31854025307396"
"경기도 용인시 처인구 금령로85번길 1, (김량장동)","용한약국","031-335-3666","2000","0830","2000","0830","2000","0830","2000","0830","2000","0830","2000","0830","2000","0830","C2103650","170","52","16169","37.235495147092","127.20570126124741"
"서울특별시 서대문구 거북골로14길 5","공휴일은 전화확인하세요.","삼호아파트단지내상가111호","용한약국","02-307-1377","1930","0900","1930","0900","1930","0900","1930","0900","1930","0900","1930","0900","1930","0900","1700","1100","C1102373","036","90","16170","37.5757078583544","126.913446596547"
"서울특별시 강서구 허준로 47, 상가동 105호 (가양동, 가양2단지아파트)","가양2단지아파트 상가동","용한약국","02-2668-7644","2000","0930","2000","0930","2000","0930","2000","0930","2000","0930","1500","0930","C1101134","075","24","16171","37.5710135675057","126.84658518265"
"강원특별자치도 춘천시 우석로101번길 86 (석사동)","대우아파트 앞","용한약국","033-261-5100","1830","0900","1830","0900","1830","0900","1830","0900","1830","0900","1300","0900","C2200298","243","18","16172","37.86933220418698","127.75632127838514"
"전북특별자치도 남원시 남문로 393(왕정동)","용한약국","063-632-1107","1800","0830","1800","0830","1300","0830","1800","0830","1800","0830","1300","0830","C2501442","557","64","16173","35.4069937086459","127.374529948263"
"경상남도 창원시 진해구 신항4로 49, 1층 (용원동)","용한약국","055-551-8883","2200","0800","2200","0800","2200","0800","2200","0800","2200","0800","2200","0800","2200","0800","2200","0800","C2802021","516","11","16174","35.08771642148093","128.81790672235599"
"충청남도 서산시 예천7로 34-8, 102호 (예천동)","용한약국","041-666-1331","1900","1000","1900","1000","1500","1000","1900","1000","1900","1000","1400","1000","C2401854","320","05","16175","36.7646103807536","126.447498314673"
"서울특별시 구로구 도림로 29, (구로동)","남구로역6번출구","용해약국","02-863-4867","2100","0900","2100","0900","2100","0900","2100","0900","2100","0900","2100","0900","C1101136","083","20","16176","37.4870852069078","126.887832281348"
"인천광역시 미추홀구 독정이로 7","용현시장 뒷길. 월미랜드보석사우나 맞은편. 남인천농협용현지점과 같은건물.","용현독일약국","032-882-8899","1900","0900","1900","0900","1900","0900","1900","0900","1900","0900","1400","0900","C1400285","221","79","16177","37.45676247978379","126.65474323059607"
"경기도 의정부시 용민로 1 (용현동)","용현비타민약국","031-851-9356","1900","0900","1900","0900","1900","0900","1900","0900","1900","0900","1900","0900","C2106555","117","84","16178","37.73434427394502","127.07959308113322"
"인천광역시 미추홀구 독배로 420-1, 102,103,104호 (용현동)","용현우리약국","032-888-8876","1900","0900","1900","0900","1900","0900","1900","0900","1900","0900","1700","0900","C1401741","221","79","16179","37.45720885618335","126.65000235731208"
"부산광역시 남구 용호로 141, 1동 104호 (용호동, 대현메디컬)","용호대형약국","051-628-7227","1830","0830","2030","0830","1830","0830","2030","0830","1830","0830","1430","0830","C1203088","485","85","16180","35.1193765123923","129.112250795144"
"부산광역시 남구 분포로 145, 2층 091호 (용호동, 더블유)","버스정류장: 용호만유람선터미널정류장 하차","용호더블유약국","051.611.1898","2000","0900","2000","0900","2000","0900","2000","0900","2000","0900","1600","0900","1600","0900","C1202490","485","15","16181","35.1335473189369","129.11293586340173"
"경상남도 김해시 분성로529번길 21-1 (어방동)","용호약국","055-324-9070","1800","1000","1800","1000","1800","1000","1800","1000","1800","1000","1400","1000","C2801948","508","44","16182","35.2375777921","128.9035831199"
"서울특별시 도봉구 노해로41길 42, (쌍문동)","쌍문동 숭미초등학교에서 도보로 1분거리(동익아파트입구)","용호약국","02-991-7134","1900","0900","1900","0900","1900","0900","1900","0900","1900","0900","1600","0900","1230","1000","1230","0900","C1101137","013","79","16183","37.650123075089","127.025207791512"
"경기도 파주시 파주읍 혜음로 1689, 용화당 약국","* 공공심야약국(22시~익일 새벽 1시까지)","용화당약국","031-953-8792","2500","2200","2500","2200","2500","2200","2500","2200","2500","2200","2500","2200","2500","2200","2500","2200","C2102844","108","34","16184","37.8285752827","126.8400028205"
"서울특별시 노원구 노원로16길 21 (하계동) 중계주공9단지아파트106호","혜성여고정문 주공아파트9단지상가 106호","용화당약국","02-949-7877","2100","0900","2100","0900","2100","0900","2100","0900","2100","0900","1900","0900","C1104888","017","48","16185","37.6421285089207","127.07368840486"
"충청남도 아산시 시민로 294, 광염빌딩 2층 202호 (용화동)","용화삼거리약국","041-547-4240","1900","0900","1900","0900","1900","0900","1900","0900","1900","0900","1400","0900","C2401907","315","69","16186","36.7760378523684","126.996494535727"
"경상북도 포항시 북구 용흥로 28 (용흥동)","용흥혜민약국","054-232-3186","1930","0900","1930","0900","1930","0900","1930","0900","1930","0900","1700","0900","C2700856","791","170","16187","36.0335854432715","129.3562969887837"
"서울특별시 관악구 호암로 528, 1층 (신림동)","미림여고에서 위로 200m","우경약국","02-871-1549","2000","0730","2000","0730","2000","0730","2000","0730","2000","0730","1500","0730","C1101122","088","21","16188","37.4647534170789","126.931731490409"
"경기도 화성시 10용사로 284","우남약국","031-226-1236","2030","1200","2030","1200","2030","1200","2030","1200","2030","1200","C2106815","184","18","16189","37.199135880932886","127.04924418947826"
"서울특별시 영등포구 여의대방로 386 (여의도동)","운영시간이 유동적이므로 전화 확인 후 이용 부탁드립니다.","인도네시아대사관옆 진주상가","우당약국","02-761-1190","2200","0800","2200","0800","2200","0800","2200","0800","2200","0800","2130","1000","2200","0800","C1101032","073","43","16190","37.5188979456571","126.931943269754"
"경상남도 거제시 두모길 12","토요일, 공휴일 당직 약국일시 08:30~17:00까지 운영 (방문전 전화요망)","거제대우병원 앞","우당약국","055-681-4609","1900","0830","1900","0830","1900","0830","1900","0830","1900","0830","1300","0830","1700","0830","C2800815","533","17","16191","34.871260158846624","128.72233501846554"
"경기도 하남시 미사강변대로34번길 66, 플레이스이안 107호 (풍산동)","우당온누리약국","031-796-2515","1800","1000","1800","1000","1800","1000","1800","1000","1800","1000","C2108426","129","19","16192","37.5554605670957","127.187670573886"
"서울특별시 마포구 만리재로 22, 1층 102호 (신공덕동)","공휴일은 전화확인하세요.","우대온누리약국","02-718-4897","2000","0900","2000","0900","2000","0900","2000","0900","2000","0900","1700","0900","1300","0900","C1104348","041","95","16193","37.5447318483083","126.954279417254"
"강원특별자치도 춘천시 사우로 38, 1층 102호 (사농동)","우두온누리약국","033-255-8275","2100","0900","2100","0900","2100","0900","2100","0900","2100","0900","1800","0900","1800","0900","1800","0900","C2201037","242","26","16194","37.9066908603316","127.728762272332"
"서울특별시 동대문구 사가정로 214 (장안동)","우량아약국","02-2245-3241","1900","0830","1900","0830","1900","0830","1900","0830","1900","0830","1800","0830","C1101037","025","25","16195","37.5784920139968","127.068757353353"
"부산광역시 사상구 대동로 94","버스정류장: 반도프라자상가3층 313,314호","우리i약국","051-325-7449","1830","0900","1830","0900","1830","0900","1830","0900","1830","0900","1300","0900","C1200519","470","51","16196","35.137934776863496","128.97831317776465"
"경기도 오산시 경기대로 189","우리가족건강온누리약국","031-377-6161","1900","0830","1900","0830","1900","0830","1900","0830","1900","0830","C2100139","181","43","16197","37.1417703246088","127.07302438606142"
"경기도 용인시 처인구 이동면 경기동로687번길 5, 1층","송전터미널옆","우리건강약국","031-336-7029","2100","0800","2100","0800","2100","0800","2100","0800","2100","0800","2100","0800","2100","1400","C2100131","449","832","16198","37.140301263271326","127.19693879784039"
"경상남도 김해시 김해대로 1814-15","조은금강병원밑","우리금강약국","055-333-0171","1830","0900","1830","0900","1830","0900","1830","0900","1830","0900","1330","0900","C2801007","508","80","16199","35.26401734806617","128.86341724196674"
"서울특별시 중구 동호로10길 30","약수역3번출구약수하이츠아파트상가","우리네약국","02-2252-3335","1930","0900","1930","0900","1930","0900","1930","0900","1930","0900","1600","0900","C1103374","045","93","16200","37.5551915990934","127.016359379417"
"광주광역시 서구 상무평화로 110-1, 1층 (치평동)","우리네약국","062-381-2200","1800","0900","1800","0900","1800","0900","1800","0900","1800","0900","1300","0900","C1500161","619","63","16201","35.148383575463825","126.85106577537827"
"경상남도 양산시 서창로 183-1 (삼호동)","서창동사무소건너편","우리네약국","055-364-5525","2000","0900","2000","0900","2000","0900","2000","0900","2000","0900","1700","0900","C2800339","505","28","16202","35.41585324000894","129.17208137982385"
"광주광역시 광산구 하남대로 294 (운남동)","우리네약국","062-954-7119","1830","0800","1830","0800","1830","0800","1830","0800","1830","0800","1200","0800","C1500243","623","14","16203","35.178735732583554","126.82569382675763"
"충청남도 예산군 예산읍 창말로 32-1","신례원의원 옆","우리네약국","041-335-7685","1830","0830","1830","0830","1830","0830","1830","0830","1830","0830","1330","0830","C2400098","324","21","16204","36.72855777648553","126.84245770617451"
"전라남도 구례군 동편제길 31 (구례읍)","수요일 목요일 야간 공공심야약국 23시까지","구례군보건의료원 맞은편","구례보건의료원앞","우리네온누리약국","061-783-4119","1800","0900","1800","0900","2300","0900","2300","0900","1800","0900","C2600758","576","48","16205","35.21525620746697","127.46116538421181"
"경기도 안양시 만안구 안양로 310, 1층 (안양동)","안양CGV대로건너편","우리네온누리약국","070-4232-7677","1830","0900","1900","0900","1900","0900","1900","0900","1900","0900","1600","0900","C2103414","139","92","16206","37.399723296830075","126.92094721269395"
"서울특별시 구로구 디지털로27길 116 (구로동)","남구로역2번출구,구로남초교방향약130m","우리네온누리약국","02-853-2614","2130","0800","2130","0800","2130","0800","2130","0800","2130","0800","2130","0900","2100","1000","2100","1000","C1104886","083","74","16207","37.4848784332703","126.8879955701"
"경상북도 문경시 농암면 농암길 64","우리농암약국","054-571-6631","1800","0830","1800","0830","1800","0830","1800","0830","1800","0830","1600","0900","1600","0900","C2700992","370","00","16208","36.59953132099562","128.00325403977774"
"서울특별시 강남구 선릉로 26, 1층 (개포동)","점심시간 : 13:00~14:00","구룡역 5번출구에서 627m","우리다온약국","02-577-1346","1900","0900","1900","0900","1900","0900","1900","0900","1900","0900","1300","0900","C1109565","063","25","16209","37.4822879125616","127.061486552862"
"서울특별시 강남구 남부순환로 2936, 윈플러스상가 1층 102호 (대치동)","공휴일 운영은 확인필요","우리대치약국","02-569-8009","1900","0900","1900","0900","1900","0900","1900","0900","1900","0900","1400","0900","C1108079","062","91","16210","37.4933489108525","127.06191661451"
"경상남도 창원시 의창구 사화로 396 (팔용동)","디오오토갤러리","우리대학약국","055-270-5270","1800","0900","1800","0900","1800","0900","1800","0900","1800","0900","1300","0900","C2800948","513","93","16211","35.237003667235974","128.64291077342708"
"경기도 수원시 영통구 월드컵로 185 (원천동)","토요일 운영주: 2주, 4주차 운영","우리대학약국","031-217-8175","1900","0830","1900","0830","1900","0830","1900","0830","1900","0830","1300","0900","C2103341","165","02","16212","37.27874957510229","127.04535694646819"
"서울특별시 강북구 도봉로81길 3, 1층 (수유동)","공휴일은 전화확인하세요.","우리대한약국","02-908-2225","1900","0900","1900","0900","1900","0900","1900","0900","1900","0900","1300","0900","1900","1000","C1106943","010","81","16213","37.6351217049974","127.022909310761"
"서울특별시 양천구 남부순환로 603, 1층 (신월동)","우리동네맘약국","02-6080-8466","1930","0900","1930","0900","1930","0900","1930","0900","1930","0900","1500","0900","C1109699","080","65","16214","37.5152188104643","126.840692066592"
"강원특별자치도 원주시 입춘로 110, 109호 (반곡동)","우리동네약국","033-733-1668","1800","0900","1800","0900","1800","0900","1800","0900","1800","0900","C2200912","264","65","16215","37.32341377414921","127.98167283999092"
"전북특별자치도 익산시 동서로63길 25, 제상가1동 102호 (어양동, e편한세상 어양)","우리동네약국","063-834-4174","2200","1000","2200","1000","2200","1000","2200","1000","2200","1000","2200","1000","2000","1200","C2501412","545","65","16216","35.953258715425","126.984245628388"
"전라남도 완도군 완도읍 개포로 151, 완도군산림조합","우리동네약국","061-550-1175","1800","0800","1800","0800","1800","0800","1800","0800","1800","0800","1200","0800","C2601277","591","15","16217","34.3195082604554","126.744571263571"
"제주특별자치도 제주시 중앙로 355 (이도이동)","1,3,5주 토요일 휴무","우리동네약국","064-755-1978","1800","0830","1800","0830","1800","0830","1800","0830","1800","0830","1400","0830","C2900418","632","31","16218","33.490170867670244","126.5385299433202"
"울산광역시 북구 매곡로 7, 농소농업협동조합 1층 (신천동)","현대자동차4공장문맞은편","우리동네약국","052-287-1939","2000","1000","2000","1000","2000","1000","2000","1000","2000","1000","2000","1000","1900","1000","1900","1000","C1700281","442","20","16219","35.5399570623483","129.38657697051343"
"경상남도 창원시 마산회원구 양덕로 120, 금천빌딩 지상1층 101호 (양덕동)","우리동네약국","055-299-0911","1900","0900","1900","0900","1900","0900","1900","0900","1900","0900","1400","0900","C2802234","513","64","16220","35.2297509402309","128.585406820607"
"서울특별시 광진구 뚝섬로 533, 1층 (자양동)","우리동네약국","070-7808-1191","1830","0830","1830","0830","1830","0830","1830","0830","1830","0830","1330","0830","C1109146","050","70","16221","37.5351794522591","127.069529253887"
"경상남도 진주시 충의로 20-33, 1층 106-107호 (충무공동)","우리동네약국","0557545204","1800","1000","1800","1000","1800","1000","1800","1000","1800","1000","1400","1000","C2801939","528","52","16222","35.1762154508","128.1485617462"
"서울특별시 강서구 양천로 713 (염창동)","우리동네온누리약국","02-3662-0069","1930","0900","1930","0900","1930","0900","1930","0900","1930","0900","1500","0900","C1109035","075","40","16223","37.5498405882542","126.875250908344"
"광주광역시 광산구 사암로215번길 85, 102호 (우산동)","우리동네온누리약국","062-531-6123","1800","0830","1800","0830","1230","0830","1800","0830","1800","0830","1300","0830","C1500919","623","59","16224","35.1638606988178","126.80354724034721"
"경기도 성남시 수정구 수정로74번길 4, 1층 (수진동)","우리동네우리약국","031-721-0233","1930","0800","1930","0800","1930","0800","1930","0800","1930","0800","1500","0830","C2100854","133","16","16225","37.43955739614971","127.12877054598798"
"경기도 광주시 신현로 121, A동 104,105호 (신현동)","우리동네이화약국","031-726-3500","1930","0900","1930","0900","1930","0900","1930","0900","1930","0900","1530","0900","C2107971","128","20","16226","37.35897170554964","127.15994760669057"
"경기도 평택시 세교6로 45, 상가동 205호 (세교동, 힐스테이트 평택2차)","우리동네현대약국","031-8094-0110","2000","1000","2000","1000","2000","1000","2000","1000","2000","1000","C2107826","178","42","16227","37.01041129777244","127.08801842865564"
"경기도 평택시 청북읍 청북남로 254, 112호","우리동네효자약국","031-684-5787","1800","0900","1800","0900","1800","0900","1800","0900","1800","0900","C2108852","178","05","16228","37.0196678967991","126.915939935324"
"충청남도 아산시 온천대로 1493, 102호 (온천동)","우리동네효자약국","041-545-3090","2000","0900","2000","0900","2000","0900","2000","0900","2000","0900","1900","0900","C2401874","315","13","16229","36.7816261141985","127.003803145848"
"세종특별자치시 한누리대로 2257, 판타지타워 104호 (대평동)","비타민,영양제,건강기능식품 전문. 언제든 편하게 연락주세요","대평동","우리두리약국","044-864-1422","2000","0900","2000","0900","2000","0900","2000","0900","2000","0900","1600","0900","C1800306","301","53","16230","36.4726136159886","127.277998405269"
"강원특별자치도 춘천시 우두1길 17, 우리 프라자 1층 101,102호 (우두동)","365일 운영하는 드럭스토어형 약국","우리두리온누리약국","033-252-5222","1900","0830","1900","0830","1900","0830","1900","0830","1900","0830","1400","0830","1800","1000","1800","1000","C2201116","242","21","16231","37.91136380230048","127.73855741748798"
"경상남도 진주시 문산읍 동부로591번길 1 (문산읍)","문산성모의원 근처","우리들약국","055-761-7494","1230","0830","1230","0830","1230","0830","1230","0830","1230","0830","1300","0830","C2800338","528","34","16232","35.16803838360289","128.16442245033645"
"광주광역시 서구 경열로 74, (농성동)","돌고개역에서서구청방향으로100미터","우리들약국","062-368-0100","1800","0900","1800","0900","1800","0900","1700","0900","1800","0900","1230","0900","C1500095","619","31","16233","35.1512081272831","126.89404735133057"
"대전광역시 대덕구 대전로 1211 (오정동)","우리들약국","042-672-7758","1900","0900","1900","0900","1900","0900","1900","0900","1900","0900","1300","0900","C1601043","343","80","16234","36.36229192262438","127.41760128889083"
"경상북도 경산시 하양읍 하양로 106, 1층","하양우방1차맞은편","우리들약국","053-852-4616","1900","0900","1900","0900","1900","0900","1900","0900","1900","0900","1400","0900","1400","0900","C2700220","384","36","16235","35.914405301087385","128.81873113277567"
"대전광역시 중구 보문로 35","우리들약국","042-286-6789","1815","0845","1815","0845","1815","0845","1815","0845","1815","0845","1315","0845","C1600306","350","33","16236","36.31370466636972","127.43700600970382"
"경상남도 김해시 능동로 153 (부곡동)","장유건강지원센터(보건지소)앞 농협건물","우리들약국","055-313-0272","1930","0840","1930","0840","1930","0840","1930","0840","1930","0840","1700","0840","1300","0840","C2800990","509","81","16237","35.20245593012017","128.807969713605"
"대전광역시 서구 계룡로 621 (탄방동)","마감1시간전에는 전화 확인 후 방문바랍니다.","용문역5번출구와롯데백화점중간연합정형외과옆","우리들약국","070-4416-4050","1900","0900","1900","0900","1900","0900","1900","0900","1900","0900","1400","0900","C1601014","352","64","16238","36.34000822267336","127.3919030009814"
"경상남도 양산시 상북면 반회서6길 18, 우리들약국","상북초등학교","우리들약국","055-374-2356","2030","0900","2030","0900","2030","0900","2030","0900","2030","0900","1240","0900","C2800814","505","59","16239","35.41515510262883","129.05865009389316"
"충청남도 공주시 번영2로 18-8","현대병원 옆","우리들약국","041-881-4131","1900","0830","1900","0830","1900","0830","1900","0830","1900","0830","1300","0830","C2400189","325","85","16240","36.46902652465033","127.1328427176991"
"전북특별자치도 완주군 봉동읍 봉동로 139-1","한진주유소옆, 봉동터미널","우리들약국","063-261-2888","1900","0900","1900","0900","1900","0900","1900","0900","1900","0900","1500","0900","C2500765","553","26","16241","35.93746643943438","127.16817892820484"
"경상남도 밀양시 중앙로 381-1 (내이동)","북성사거리 부근","우리들약국","055-354-7686","2000","0900","2000","0900","2000","0900","2000","0900","2000","0900","1800","0900","C2800436","504","27","16242","35.4956892961","128.7510421181"
"전북특별자치도 익산시 중앙로1길 7, 남성이비인후과 (중앙동1가)","우리들약국","063-852-0995","1800","0900","1800","0900","1800","0900","1800","0900","1800","0900","1330","0900","C2500734","545","93","16243","35.94015678636203","126.94857766890595"
"경기도 부천시 상동로 84 (상동)","우리들약국","032-327-7531","2000","0900","2000","0900","2000","0900","2000","0900","2000","0900","1800","0900","C2106470","145","45","16244","37.50442135827673","126.75339507512194"
"충청남도 부여군 부여읍 중앙로 9, 1층","부여축협 금강지점 맞은편","우리들약국","041-837-2780","1900","0830","1900","0830","1900","0830","1800","0830","1900","0830","1300","0830","C2400748","331","46","16245","36.28095585205412","126.91150322072707"
"경기도 안산시 단원구 예술대학로 20, 110호 (고잔동, 전원빌딩)","중앙역하나은행맞은편전원빌딩1층","우리들약국","031-484-0161","1900","0930","1900","0930","1900","0930","1900","0930","1900","0930","1500","0930","C2103786","153","61","16246","37.318763888888888","126.837155555555555"
"경기도 수원시 영통구 봉영로 1576, 2층 (영통동, 홈플러스 영통점)","*홈플러스 휴일엔 약국도 휴무입니다.","우리들약국","031-201-8298","2200","1000","2200","1000","2200","1000","2200","1000","2200","1000","2200","1000","2200","1000","C2100500","443","814","16247","37.251751460984224","127.0725224682032"
"강원특별자치도 동해시 동해대로 5133(효가동)","우리들약국","033-521-2277","1800","0900","1800","0900","1800","0900","1800","0900","1800","0900","C2201100","258","01","16248","37.5033992595729","129.1069105138664"
"대구광역시 중구 달구벌대로 2126, (봉산동)","반월당역9번출구입구대성빌딩4층","우리들약국","053-257-3006","1830","0900","1830","0900","1830","0900","1830","0900","1830","0900","1300","0900","C1300760","419","58","16249","35.86461633406255","128.59597902622892"
"부산광역시 사상구 대동로 155 (학장동)","학장성심의원 옆(버스정류장이름:학장지구대)","우리들약국","051-365-0103","1830","0930","1830","0930","1830","0930","1830","0930","1830","0930","1300","0930","C1200504","617","846","16250","35.14144691724042","128.98349272692622"
"대구광역시 남구 대명로 216 (대명동)","우리들약국","053-623-0597","1800","0830","1800","0830","1800","0830","1800","0830","1800","0830","1230","0830","C1300273","424","50","16251","35.84039433311613","128.58092453441785"
"대구광역시 북구 산격로8길 1 , 1층(산격동)","공휴일은 유동적으로 운영","대도시장(실내체육관)에서산격대우APT.방향100미터우측(성지가정의학과1층)","우리들약국","053-953-6848","2030","0830","2030","0830","2030","0830","2030","0830","2030","0830","1800","0830","C1301062","415","44","16252","35.8937744688","128.6053840927"
"부산광역시 중구 흑교로52번길 6-1, 1층 (보수동1가)","여러분의 초록빛 건강한 인생을 함께 나누고싶은 보수동 우리들약국입니다.","중부산 세무소 뒷길 새마을금고 맞은편.","우리들약국","051-241-0075","1900","0830","1900","0830","1900","0830","1900","0830","1900","0830","1500","0830","C1200126","489","62","16253","35.104162955915676","129.02539473710522"
"부산광역시 부산진구 백양관문로 7, 105호 (개금동,주공아파트복합상가)","버스정류장: 개금주공아파트 2단지복합상가","우리들약국","051-892-1199","2030","0900","2030","0900","2030","0900","2030","0900","2030","0900","2000","0900","C1200036","471","71","16254","35.1600400753","129.0302963952"
"서울특별시 중랑구 신내로 50-3, 선일빌딩 (신내동)","우리들약국","02-437-9090","1830","0900","1830","0900","1830","0900","1830","0900","1830","0900","1330","0900","C1101318","020","69","16255","37.6037240392537","127.095977151761"
"부산광역시 동구 고관로 115-2, (수정동)","1호선 부산진역 5번 출구","우리들약국","051-463-0059","1830","0900","1830","0900","1830","0900","1830","0900","1830","0900","1500","0900","C1201378","487","81","16256","35.12914677598222","129.04664978665375"
"부산광역시 서구 대티로 179, 1층 (서대신동3가)","공휴일 운영 확인 후 방문요망","위생병원 옆","우리들약국","051-256-3633","1900","0900","1900","0900","1900","0900","1900","0900","1900","0900","1500","0900","1800","0900","1800","0900","C1200689","492","10","16257","35.111650342456535","129.01173651783205"
"부산광역시 사하구 낙동대로 451, 금동빌딩 1층 (하단동)","지하철 1호선 하단역 12번 출구 하단 오거리","우리들약국","051-206-6500","1800","0900","1800","0900","1800","0900","1800","0900","1800","0900","1300","0900","1300","0900","C1201053","494","08","16258","35.1044822557122","128.96874782990332"
"부산광역시 사하구 다대로 131-4, 1층 (신평동)","강동병원에서 대고개쪽으로 올라와서 영인의원 뒤쫏","우리들약국","051-201-0401","2000","0900","2000","0900","2000","0900","2000","0900","2000","0900","1400","0900","C1201133","493","93","16259","35.0905916529881","128.97819560362439"
"서울특별시 노원구 월계로 370","월계역 4번 출구/희성프라자 103호","우리들약국","02-977-3225","2130","0800","2130","0800","2130","0800","2130","0800","2130","0800","1800","0800","C1101320","019","05","16260","37.6309766775099","127.06102564028"
"충청북도 청주시 흥덕구 서현중로 66, 레인보우빌딩 1층 102, 103호 (강서동)","청주 원병원 건물입니다. 농협 옆에 위치해있습니다.","우리들약국","043-232-5433","1930","0900","1930","0900","1930","0900","1930","0900","1930","0900","1330","0900","C2301284","283","78","16261","36.6242814973877","127.4282835725"
"경상북도 영주시 대학로 29, 삼성홈플러스 (휴천동)","2,4째 월요일 휴무","우리들약국","054-635-3138","2200","1000","2200","1000","2200","1000","2200","1000","2200","1000","2200","1000","2200","1000","2200","1000","C2701598","361","26","16262","36.80914420480249","128.62128940321327"
"전라남도 영광군 영광읍 신남로 225,","읍내파출소 앞.","우리들약국","061-353-3512","1700","0830","1700","0830","1200","0830","1700","0830","1700","0830","1200","0830","C2600068","570","44","16263","35.27585814070103","126.50664188326652"
"전라남도 여수시 소라면 죽림중앙로 52, 102호","우리들약국","061-682-1014","1830","0830","1830","0830","1830","0830","1830","1400","1830","0830","1300","0830","C2600675","596","55","16264","34.764782488221734","127.6379033026609"
"강원특별자치도 원주시 평원로 164, 1층 (학성동)","우리들약국","033-900-7300","2000","0900","2000","0900","2000","0900","2000","0900","2000","0900","2000","0900","C2201096","264","13","16265","37.3567821453357","127.944028853913"
"강원특별자치도 평창군 진부면 진부중앙로 84","우리들약국","033-336-0900","1900","0830","1900","0830","1900","0830","1900","0830","1900","0830","1600","0830","C2200606","253","32","16266","37.63853532499971","128.55999991611722"
"전라남도 보성군 보성읍 현충로 26-2","원봉리 5-22 보성터미널 근처, 원봉식당 식육점 근처","우리들약국","061-852-8613","1700","0800","1700","0800","1700","0800","1700","0800","1700","0800","1200","0800","C2600312","594","58","16267","34.76441352081574","127.07601502015451"
"인천광역시 남동구 호구포로 788, (구월동)","모래내시장 내","우리들약국","032-465-0607","2000","0900","2000","0900","2000","0900","2000","0900","2000","0900","2030","0900","2030","0900","C1400106","215","34","16268","37.452681503438065","126.71931022184009"
"세종특별자치시 조치원읍 새내로 122, 메가박스 126~127호","조치원읍 정리","우리들약국","044-868-8503","1830","0830","1830","0830","1830","0830","1830","0830","1830","0830","1700","0830","1700","0830","C1800021","300","24","16269","36.60129503043595","127.29976772587602"
"인천광역시 계양구 계양문화로 19, 우성프라자 1층 101-103호 (작전동)","- 법정공휴일 휴무","인천세종병원 앞 위치","우리들약국","032-552-5430","1900","0830","1900","0830","1900","0830","1900","0830","1900","0830","1330","0830","C1401614","210","79","16270","37.5324390065","126.735970994"
"경상북도 청도군 이서면 학산1길 45-1","우리들약국","054-372-5569","1830","0830","1830","0830","1830","0830","1830","0830","1830","0830","1230","0830","C2701511","383","17","16271","35.6624219603","128.6672506555"
"전라남도 진도군 지산면 지산로 1182","현대의원 옆","우리들약국","061-542-6868","1130","0730","1130","0730","1130","0730","1130","0730","1130","0730","1200","0730","C2600590","589","50","16272","34.4246222983995","126.16604003816832"
"강원특별자치도 강릉시 옥가로 53-1 (교동)","교2동 강릉역오거리에서 옥천오거리방향 190m, 공내과 옆","우리들약국","033-645-0106","1830","0830","1830","0830","1830","0830","1830","0830","1830","0830","1300","0830","C2200255","255","51","16273","37.76114685444374","128.89992925239585"
"전북특별자치도 고창군 고창읍 화신1길 23","고창터미널맞은편","우리들약국","063-561-1183","1800","0830","1800","0830","1800","0830","1800","0830","1800","0830","C2500488","564","36","16274","35.436144155564556","126.69521400571298"
"경상남도 창원시 마산합포구 3·15대로 192 (중앙동2가) 중앙메디칼 101호","우리들약국","055-246-0555","1900","0900","1900","0900","1900","0900","1900","0900","1900","0900","C2801729","517","37","16275","35.19521415645461","128.56715349648948"
"경상남도 사천시 동금로 7, 메디칼빌딩 (동금동)","우리들약국","055-835-7010","1830","0800","1830","0800","1830","0800","1830","0800","1830","0800","1300","0800","C2802073","525","66","16276","34.93223349774864","128.07693040449362"
"전북특별자치도 전주시 덕진구 권삼득로 303, 1층 (금암동)","우리들약국","063-901-9128","2230","1000","2230","1000","2230","1000","2230","1000","2230","1000","2230","1000","2230","1000","2230","1000","C2501344","548","98","16277","35.8432195149705","127.128450121907"
"제주특별자치도 제주시 우정로 56 (외도일동)","우리들약국","064-712-6543","1900","0840","1900","0840","1900","0840","1900","0840","1900","0840","1300","0840","C2900155","630","69","16278","33.487950088270225","126.43074412467277"
"경상남도 창원시 의창구 지귀로 10, 102호(봉곡동,고려빌딩)","명곡로터리","우리들약국","055-288-0546","1830","0900","1830","0900","1830","0900","1830","0900","1830","0900","1830","0900","2100","1000","1830","0900","C2800869","511","76","16279","35.243852777777775","128.648761111111099"
"울산광역시 남구 남산로354번길 21 (신정동)","태화로타리제일병원앞","우리들약국","052-269-1004","1900","0900","1900","0900","1900","0900","1900","0900","1900","0900","1400","0900","C1700363","446","23","16280","35.548535250950536","129.30654013790434"
"울산광역시 울주군 언양읍 헌양길 175, 103호","우리들약국","052-254-4518","2000","0830","2000","0830","2000","0830","2000","0830","2000","0830","2000","0830","2000","1400","2000","0830","C1700591","449","45","16281","35.567064402576136","129.11698034057056"
"경기도 의정부시 신흥로 141-1 1층","우리들약국","031-872-0075","2000","0800","2000","0800","2000","0800","2000","0800","2000","0800","1800","0800","C2106664","116","27","16282","37.728805998187525","127.04331919020821"
"서울특별시 성북구 동소문로46길 6, 1층 (하월곡동)","먹는치료제 조제기관 공휴일은 전화확인하세요","우리들약국","02-911-3336","2400","0900","2400","0900","2400","0900","2400","0900","2400","0900","2400","0900","2400","0900","1600","0900","C1109228","027","33","16283","37.6069520405666","127.029118393717"
"서울특별시 강북구 오현로 190 (번동)","매달 첫째주 일요일만 영업 공휴일 전화확인하세요.","번동초등학교근처","우리들약국","02-981-7577","2000","0830","2000","0830","2000","0830","2000","0830","2000","0830","1700","0830","1700","1200","1700","0830","C1101319","012","24","16284","37.6284742878356","127.039410708924"
"경상북도 울진군 삼율2길 19 (후포면)","장날만 운영 3일 8일","손상문외과근처위치합니다.","우리들약국","054-788-5095","1800","0830","1800","0830","1800","0830","1800","0830","1800","0830","1300","0830","C2700979","363","70","16285","36.67862618213902","129.44307396662626"
"서울특별시 양천구 목동중앙본로28길 1, 1층 (목동)","목2동체육센타근처성운빌딩1층","우리들약국","02-2648-3290","2100","0800","2100","0800","2100","0800","2100","0800","2100","0800","2000","0800","C1102557","079","73","16286","37.5438676988813","126.870653610803"
"서울특별시 관악구 난곡로 198 (신림동)","우리들약국","02-864-0250","2100","0900","2100","0900","2100","0900","2100","0900","2100","0900","1700","0900","C1110017","088","54","16287","37.472825182748","126.919253754138"
"서울특별시 도봉구 도봉로145나길 7 (방학동)","우리들약국","02-956-8208","1900","0830","1900","0830","1900","0830","1900","0830","1930","0830","1500","0830","C1108861","013","40","16288","37.6649546325203","127.041856585691"
"서울특별시 광진구 영화사로 30 (중곡동)","신성시장에서영화사방면으로150미터우측","우리들약국","02-452-7120","2040","0900","2040","0900","2040","0900","2040","0900","2040","0900","1700","0900","C1104604","049","50","16289","37.556895639262","127.090242778033"
"경기도 오산시 경기대로 154, 111호 (원동, 패션폴라리스)","오산이마트건너편그랜드웨딩홀1층, 패션폴라리스 111호","우리들약국","031-372-6377","2000","0800","2000","0800","2000","0800","2000","0800","2000","0800","1600","0800","C2102041","181","44","16290","37.13833859135124","127.07388102366933"
"경기도 광주시 곤지암읍 곤지암로 22","토요일, 공휴일 방문 전 전화확인 필수","우리들약국","031-798-8802","2000","0900","2000","0900","2000","0900","2000","0900","2000","0900","1500","0900","1500","0900","C2101668","128","04","16291","37.349277777777779","127.344405555555554"
"경기도 시흥시 장현능곡로 9, 103호 (장곡동)","우리들약국","0507-1353-6064","1800","0900","1800","0900","1800","0900","1800","0900","1800","0900","1300","0900","C2109427","149","96","16292","37.3729966011257","126.79155731408"
"경기도 포천시 군내면 청군로 3411","포천종합고등학교건너편","우리들약국","031-535-5616","2100","0900","2100","0900","2100","0900","2100","0900","2100","0900","2100","0900","C2102840","111","53","16293","37.89389708013165","127.2056858473126"
"경기도 의왕시 부곡시장길 29, 우리들약국 (삼동)","도깨비시장오거리구)서독약국","우리들약국","031-461-9462","2030","0930","2030","0930","2030","0930","2030","0930","2030","0930","2000","0900","2100","0900","C2101446","160","89","16294","37.318990938223244","126.95201750398292"
"경기도 성남시 수정구 산성대로 285-1 (신흥동, 1층)","우리들약국","031-747-9300","2000","0900","2000","0900","2000","0900","2000","0900","2000","0900","1900","0900","1900","1000","C2102163","133","54","16295","37.44170740929536","127.14859284882725"
"경기도 수원시 팔달구 팔달로119번길 8, (화서동)","화서사거리 우리맘소아과 주차장(골목길) 건너편","우리들약국","031-245-0188","1930","0830","1930","0830","1930","0830","1930","0830","1930","0830","1630","0830","C2102298","164","41","16296","37.279363526225595","127.0033827805034"
"경기도 양평군 지평면 지평의병로 113-1","지평면사무소앞","우리들약국","031-775-0366","1900","0900","1900","0900","1800","0900","1900","0900","1900","0900","1400","0900","C2102511","125","41","16297","37.474835379819126","127.63858201362443"
"경기도 성남시 중원구 광명로 330-1 (금광동) 1층","우리들약국","031-741-1585","1900","0900","1900","0900","1900","0900","1900","0900","1900","0900","C2106426","131","82","16298","37.44532890490977","127.16271686656077"
"울산광역시 동구 대학길 72 (화정동)","대송농수산물시장 파리바게트 맞은편","우리들약국","052-252-7569","1900","0900","1900","0900","1900","0900","1900","0900","1900","0900","1300","0900","C1700167","440","74","16299","35.49845909954605","129.42164346182273"
"경기도 파주시 경의로 1066, 중앙타워빌딩 101-2호 (야당동)","우리들약국","031-937-8855","2000","0900","2100","0900","2100","0900","2100","0900","2000","0900","1410","0910","1600","1000","C2108223","109","08","16300","37.7122942448468","126.759640419122"
"경기도 고양시 덕양구 권율대로 900, 105호 (신원동)","우리들약국","031-02-371-0052","1900","0900","1900","0900","1900","0900","1900","0900","1900","0900","1500","0900","C2104048","105","71","16301","37.62331107504023","126.83695490114613"
"경기도 양주시 광적면 가래비8길 7 (광적면)","광적농협건너편","우리들약국","031-837-6966","1900","0845","1900","0845","1900","0845","1900","0845","1900","0845","1400","0845","C2102801","114","19","16302","37.824426630902806","126.98471829924776"
"경기도 화성시 동탄솔빛로 67, 102-3호 (반송동, 성우프라자)","우리들약국","031-8003-0101","2000","0900","2000","0900","2000","0900","2000","0900","2000","0900","1700","0900","C2100516","184","43","16303","37.19483776777497","127.07429533830052"
"경기도 수원시 장안구 금당로 42, 1층 101호 (조원동, 그린프라자)","공휴일은 변동사항이 많음.","우리들약국","031-255-9659","2030","0900","2030","0900","2030","0900","2030","0900","2030","0900","1530","0900","C2103358","162","82","16304","37.303517605486675","127.01535363955601"
"경기도 여주시 세종로 73","버스종합터미널-홈마트사이","우리들약국","031-885-5121","2230","0830","2230","0830","2230","0830","2230","0830","2230","0830","2200","0830","2230","0830","C2100606","126","31","16305","37.29138636214666","127.63548021300679"
"서울특별시 강남구 남부순환로 2615, 1층 103호 (도곡동, 극동스타클래스)","우리들약국","02-577-1108","2000","0900","2000","0900","2000","0900","2000","0900","2000","0900","1600","0900","C1108550","062","67","16306","37.4851852937745","127.035883711966"
"인천광역시 부평구 부흥로 245, 101호 (부평동)","동아2차아파트 맞은편건물 1층","우리들약국","032-507-1530","1900","0900","1900","0900","1900","0900","1900","0900","1900","0900","1700","0900","C1400376","213","78","16307","37.499061295588724","126.71912313811693"
"서울특별시 은평구 연서로 35, 1층 (역촌동)","공휴일은 전화확인하세요.","응암역2번출구에서5분거리","우리들약국","02-356-1530","1800","0900","1800","0900","1800","0900","1800","0900","1800","0900","1400","0900","1500","0820","C1102942","034","21","16308","37.6022659568562","126.915561701676"
"서울특별시 송파구 백제고분로 466, 세나빌딩 1층 (방이동)","우리들약국","02-484-3230","1900","0900","1900","0900","1900","0900","1900","0900","1900","0900","1430","0900","C1107112","056","31","16309","37.5119345765183","127.113590915217"
"서울특별시 강동구 올림픽로 781, (암사동)","암사역4번출구전방10m","우리들약국","02-427-0012","0130","0900","0130","0900","0130","0900","0130","0900","0130","0900","2530","0900","2530","0930","0130","0900","C1101316","052","41","16310","37.551017286411","127.127536987931"
"충청북도 청주시 상당구 월평로 174 (용암동)","용암메디컬의원아래","우리들약국","043-286-0008","2100","0900","2100","0900","2100","0900","2100","0900","2100","0900","2100","0900","2100","0900","2100","0900","C2300468","287","76","16311","36.61046493387677","127.50369514644674"
"충청남도 천안시 서북구 한들3로 9 (백석동, 서울우리병원)","우리들약국","070-8806-4530","1830","0900","1830","0900","1830","0900","1830","0900","1830","0900","1400","0900","C2401450","310","97","16312","36.8242893131","127.1234620319"
"충청북도 옥천군 옥천읍 금장로 24","제일의원 옆","우리들약국","043-733-0187","1900","0800","1900","0800","1900","0800","1900","0800","1900","0800","1500","0800","2000","0800","C2300249","290","38","16313","36.30187750329537","127.56706205133216"
"부산광역시 연제구 명륜로2번길 7, 1층 104호 (거제동, 삼익퓨쳐타워아파트)","1호선 교대역 4번출구","우리들약국","051-504-4991","1830","0900","1830","0900","1330","0900","1830","0900","1830","0900","1300","0900","C1202211","475","14","16314","35.19517235802299","129.08095382238682"
"충청남도 홍성군 갈산면 상촌로 8 (갈산면)","서해마트 맞은편","우리들약국","041-632-1949","1830","0800","1830","0800","1830","0800","1830","0800","1800","0800","1200","0800","1300","0800","C2400758","322","02","16315","36.602861111111110","126.548466666666670"
"서울특별시 동작구 사당로 196, 1층 (사당동, 거묵프리미엄상가)","거묵상가1층","우리들온누리약국","02-522-0993","1900","0900","1900","0900","1900","0900","1900","0900","1900","0900","1400","0900","C1104473","070","09","16316","37.4849352560532","126.969895596347"
"전라남도 무안군 삼향읍 남악4로 71 1층 102호","우리들온누리약국","061-285-9526","1900","0900","1900","0900","1900","0900","1900","0900","1900","0900","1230","0830","1230","0830","C2601242","585","67","16317","34.8121352591208","126.465462650532"
"경상북도 경주시 원화로 285","경주역포항방면건너편50M농협옆1층","우리들온누리약국","054-743-7722","1830","0830","1830","0830","1830","0830","1830","0830","1830","0830","1830","0830","1900","1400","1200","0900","C2701035","381","46","16318","35.84618742145871","129.21702019055485"
"경기도 양주시 덕계로4길 4, 1층 110호 (덕계동)","우리들온누리약국","031-859-3339","1900","0900","1900","0900","1900","0900","1900","0900","1900","0900","C2107343","114","61","16319","37.7556225071","127.1135955886"
"경기도 포천시 소흘읍 솔모루로 15 (소흘읍)","우리들온누리약국","031-541-1275","1900","0900","1900","0900","1900","0900","1900","0900","1900","0900","1600","0900","C2103098","111","78","16320","37.8246600079576","127.14200012656997"
"충청북도 충주시 계명대로 19 (칠금동)","주변의료기관:늘푸른소아과 정연무내과 달빛어린이병원 협약 약국","롯데마트에서좌측동신아파트쪽대로변","우리들온누리약국","043-855-3131","2030","0830","2030","0830","2030","0830","2030","0830","2030","0830","1800","0830","1800","0830","1800","0830","C2300590","273","59","16321","36.982677777777781","127.916516666666666"
"경기도 용인시 처인구 남사읍 한숲로 84, 1층 129호 (e편한세상 용인 한숲시티)","우리들온누리약국","031-336-7789","1930","0900","1930","0900","1930","0900","1930","0900","1930","0900","C2108200","171","17","16322","37.1560904773047","127.1734309273"
"서울특별시 동대문구 망우로 78, 1층 (휘경동)","우리들위생약국","02-2212-0612","1830","0800","1830","0800","1830","0800","1830","0800","1830","0800","1300","0800","1830","0800","1830","0800","C1103251","024","99","16323","37.5897577082906","127.062022206819"
"대전광역시 유성구 궁동로18번길 31, (궁동)","우리들의약국","042-822-0427","2100","0930","2100","0930","2100","0930","2100","0930","2100","0930","2100","0930","C1600281","341","37","16324","36.36289358127619","127.34916952187956"
"전북특별자치도 전주시 완산구 유연로 270","한약국(처방전, 일반약품판매 불가).","우리들한약국","063-255-9666","1830","0930","1830","0930","1830","0930","1830","0930","1830","0930","1500","0930","C2500847","549","70","16325","35.82516205171773","127.11505239952316"
"경기도 성남시 분당구 미금일로 55, 205호 (구미동, 하얀마을(6)상가동)","우리마을약국","031-711-5827","1900","0900","1900","0900","1900","0900","1900","0900","1900","0900","1500","0900","C2102367","136","33","16326","37.34574045727334","127.1136704403743"
"서울특별시 영등포구 신풍로 28, 비스타에코 B136호 (신길동, 비스타동원)","공휴일 전화확인하세요.","우리마음약국","02-848-3313","2030","0900","2030","0900","2030","0900","2030","0900","2030","0900","2030","0900","1500","0900","C1110671","074","30","16327","37.4998139228913","126.90960294998"
"충청북도 제천시 의림대로 128 (중앙로2가)","일요일 운영 일정치 않음(운영시 4시간만운영)","(구)명동약국 상호 변경하면서 장소 이전","우리메디컬약국","043-643-3381","1900","0900","1900","0900","1900","0900","1900","0900","1900","0900","1400","0900","C2300618","271","73","16328","37.13917628207482","128.21137203698288"
"강원특별자치도 원주시 능라동길 51, 시네시티타워 111호 (무실동)","우리메디컬약국","033-744-8877","1900","0900","1900","0900","1900","0900","1900","0900","1900","0900","1500","0900","C2201055","263","92","16329","37.3348375505556","127.930151577563"
"경기도 성남시 분당구 내정로173번길 1, 5층 (수내동)","우리미소약국","031-711-7655","1830","0900","1830","0900","1830","0900","1830","0900","1830","0900","1400","0900","C2101216","135","97","16330","37.37411712493014","127.11943954965947"
"경기도 용인시 수지구 현암로 132, 107호 (죽전동, C.H리베로I)","농협건물1층","우리민들레약국","031-889-7585","2100","0900","2100","0900","2100","0900","2100","0900","2100","0900","C2103702","168","80","16331","37.331504709600544","127.12392160335808"
"경기도 화성시 봉담읍 동화서북안2길 9, 1동 108호","우리바른약국","031-233-0831","1800","0900","1800","0900","1800","0900","1800","0900","1800","0900","1300","0900","C2110116","182","98","16332","37.219091184314","126.970377654632"
"경기도 남양주시 별내3로 340, 천보프라자 105호 (별내동)","우리별약국","031-572-7712","2100","0830","2100","0830","2100","0830","2100","0830","2100","0830","1430","0830","1430","0900","C2106798","120","97","16333","37.66762497472323","127.1165280110388"
"서울특별시 동대문구 약령시로 133, 1층 (청량리동)","우리보강약국","02-969-7524","1800","0900","1800","0900","1800","0900","1800","0900","1800","0900","1430","0900","C1101324","024","84","16334","37.5833853215255","127.044745762835"
"서울특별시 중랑구 사가정로51길 45, 우리보건약국, 민초원건강원 1층 (면목동)","우리보건약국","02-433-8221","1800","0900","1800","0900","1800","0900","1800","0900","1800","0900","2200","0800","C1103159","022","21","16335","37.5828974405524","127.087756596085"
"경기도 고양시 일산서구 하이파크3로78번길 1, 107호(덕이동,리더스프라자)","우리봄약국","031-925-3816","1800","0900","1800","0900","1800","0900","1800","0900","1800","0900","1300","0900","C2103758","102","34","16336","37.6987335001618","126.75321641002691"
"서울특별시 노원구 노원로19길 23, 1층 105호 (중계동)","12:00-14:00 휴게시간 공휴일 전화확인하세요.","우리사랑약국","02-971-8940","1800","1000","1800","1000","1800","1000","1800","1000","1800","1000","1800","1000","2100","0900","C1107442","017","87","16337","37.6446641839286","127.069471525618"
"전북특별자치도 진안군 진안읍 진무로 1144 (진안읍)","우리사랑약국","063-432-1004","1800","0900","1800","0900","1800","0900","1800","0900","1800","0900","1300","0900","1300","0900","C2501125","554","22","16338","35.793912307964746","127.43233273317489"
"광주광역시 서구 군분2로 6, 1층 (화정동)","광주새우리병원옆","우리사랑약국","062-369-7788","1800","0900","1800","0900","1800","0900","1800","0900","1800","0900","1400","0900","C1500409","619","78","16339","35.15334294173901","126.8813434150576"
"서울특별시 은평구 은평로 108, 1층 103호 (응암동, 메트로럭스주상복합APT)","공휴일 전화확인하세요.","응암동이마트후문맞은편에바로위치한우리사랑약국 메트로럭스1층","우리사랑약국","02-352-4966","2000","0830","2100","0830","2000","0830","2000","0830","2100","0830","1700","0830","1900","1000","C1102558","034","54","16340","37.5997123185996","126.919882555261"
"경기도 성남시 중원구 산성대로582번길 2, 1층 (은행동)","우리산성약국","031-733-1770","2200","0830","2200","0830","2200","0830","2200","0830","2200","0830","C2107162","131","52","16341","37.461449406","127.168159215"
"서울특별시 용산구 한강대로 95, 2층 207호 (한강로2가, 래미안용산)","우리서울약국","02-3785-1233","2000","0930","2000","0930","2000","0930","2000","0930","2000","0930","1500","0930","C1108090","043","78","16342","37.5288173852679","126.966653789116"
"서울특별시 강동구 동남로49길 21-15, 1층/지하1층 (둔촌동)","서울보훈병원신경과앞90미터","우리선약국","02-477-7311","1800","0830","1800","0830","1800","0830","1800","0830","1800","0830","C1103937","053","68","16343","37.5314130551259","127.148665299765"
"경기도 부천시 부일로571번길 54 (소사동)","부천성모병원 정문 앞 건물 1층","우리성모약국","032-351-0051","1815","0815","1815","0815","1815","0815","1815","0815","1815","0815","C2100278","146","47","16344","37.48601600351966","126.79202413110283"
"전북특별자치도 전주시 완산구 선너머4길 6 (중화산동1가)","우리수약국","063-231-7577","1800","0830","1800","0830","1800","0830","1800","0830","1800","0830","C2501099","549","87","16345","35.81376281887677","127.1326381128843"
"부산광역시 부산진구 가야대로 602, 1층 일부 (가야동)","우리스마일약국","070-7779-7361","1900","0900","1900","0900","1900","0900","1900","0900","1900","0900","1500","0900","C1203004","473","30","16346","35.1546747769454","129.037686118506"
"서울특별시 금천구 금하로 762, 1층 (시흥동)","우리스마일약국","02-2039-0754","1930","0900","1930","0900","1930","0900","1930","0900","1930","0900","1600","0900","C1110652","086","45","16347","37.4498863722075","126.914331902321"
"충청남도 예산군 예산읍 금오대로 49-7,","하나로마트","우리시민약국","041-333-2656","1900","0830","1900","0830","1900","0830","1900","0830","1900","0830","1300","0830","C2400134","324","28","16348","36.69412096028959","126.83361531354802"
"제주특별자치도 제주시 일주동로 255, 1층 (화북일동)","우리아빠약국","064-751-3732","1900","0830","1900","0830","1900","0830","1900","0830","1400","0830","1230","0830","C2900545","632","88","16349","33.5206342191569","126.572210822067"
"충청남도 천안시 동남구 만남로 50, 1층 104호 (신부동, 터미널프라자)","문타워 옆","우리아이약국","041-555-0103","2030","0830","2030","0900","2030","0900","2030","0900","2030","0900","1600","0830","1300","0900","C2401355","311","23","16350","36.8186764923","127.1576147397"
"경기도 용인시 기흥구 죽전로 39, 304-2호 (보정동,에스제이타워)","SJ타워 306호","우리아이약국","031-889-5800","1900","0900","1900","0900","1900","0900","1900","0900","1900","0900","1300","0900","C2104006","168","98","16351","37.32071958501107","127.1128734653197"
"부산광역시 사하구 다대로 271 (장림동)","1호선 장림역 4번출구","우리아이약국","051-262-5700","2000","0830","2000","0830","2000","0830","2000","0830","2000","0830","1800","0830","1600","0830","C1200763","495","09","16352","35.07809697602019","128.97757399484104"
"광주광역시 광산구 사암로340번길 47 (월곡동)","신정,성탄절 당일 휴무","운남10단지건너편 소진빌딩3층","우리아이약국","062-956-5212","1900","0830","1900","0830","1900","0830","1900","0830","1900","0830","1600","0830","1600","0930","C1500262","623","28","16353","35.175326651425195","126.81137097564388"
"서울특별시 영등포구 영신로34길 5, 1층 (영등포동4가)","공휴일은 전화확인하세요.","김안과병원 앞","우리안약국","02-2631-3880","1800","0900","1800","0900","1800","0900","1800","0900","1800","0900","1500","0830","1230","0830","1230","0830","C1100153","073","01","16354","37.5200612927296","126.901816584428"
"부산광역시 동래구 중앙대로 1523, 103동B-04호 (온천동,SK허브스카이)","버스정류장:SK허브스카이 103동 B층 -04호","우리안약국","051-554-3008","1800","0900","1800","0900","1800","0900","1800","0900","1800","0900","1300","0900","C1200073","477","10","16355","35.221758333333334","129.085647222222235"
"경기도 양주시 삼숭로38번길 80, 3층 2313호 (삼숭동, 양주자이프라자)","우리약국","031-848-6755","1830","0900","1830","0900","1830","0900","1830","0900","1830","0900","1400","0900","C2102676","114","87","16356","37.7960721877","127.1058278216"
"경기도 수원시 팔달구 장다리로 282-7, (인계동)","쉬즈메디소아과뒷편","우리약국","031-237-3727","1800","0900","1800","0900","1800","0900","1800","0900","1800","0900","1400","0830","1300","0900","C2103817","164","81","16357","37.27381693260436","127.02854842363217"
"대전광역시 서구 둔산중로 38, 109호 (둔산동, 둔산메트르존빌딩)","시청역8번출구","우리약국","042-484-8687","1900","0900","1900","0900","1900","0900","1900","0900","1900","0900","1500","0900","C1600343","352","41","16358","36.34996213530913","127.3872328911034"
"서울특별시 영등포구 도림로 322, (신길동)","우리약국","02-833-1975","1900","0900","1900","0900","1900","0900","1900","0900","1900","0900","1400","0900","1800","1000","1800","1000","C1103510","073","82","16359","37.50631253085159","126.90194305545657"
"서울특별시 마포구 숭문길 215, (대흥동)","이대역 5번 출구","우리약국","02-715-7290","2130","0900","2130","0900","2130","0900","2130","0900","2130","0900","2100","0900","C1102805","041","12","16360","37.55596823927549","126.94644599580813"
"서울특별시 도봉구 도봉로 551-10 (쌍문동, 금강맨션)","도봉구민회관 맞은편 골목 속 금강맨션104호","우리약국","02-994-4086","1700","0800","1700","0800","1700","0800","1700","0800","1700","0800","1300","0900","C1101315","014","36","16361","37.65461033895216","127.0373968176835"
"서울특별시 용산구 한강대로23길 55, 아이파크몰 리빙파크 6층 218호 (한강로3가)","우리약국","02-2012-1507","2000","1000","2000","1000","2000","1000","2000","1000","2000","1000","1830","0930","C1101326","043","77","16362","37.5297718014452","126.964741503485"
"서울특별시 광진구 능동로 18, 105호 (자양동, 이튼타워리버3차)","자양역 1번 출구에서 150m","우리약국","02-461-9300","2000","0800","2000","0800","2000","0800","2000","0800","2000","0800","1600","0800","C1103771","050","96","16363","37.532681666917","127.067878953418"
"경기도 평택시 평택1로 41 (통복동)","비전프라자앞","우리약국","031-653-7666","2000","0900","2000","0900","2000","0900","2000","0900","2000","0900","1500","0900","C2101011","178","94","16364","36.99567276502255","127.08765748842865"
"경기도 가평군 조종면 현창로 37","일요일, 공휴일 - 격주운영","우리약국","031-585-4599","2200","0730","2200","0730","2200","0730","2200","0730","2200","0730","2100","0800","C2103966","124","37","16365","37.818283333333333","127.348144444444443"
"경기도 의정부시 금신로 318 (신곡동)","우리약국","031-821-8291","1900","0830","1900","0830","1900","0830","1900","0830","1900","0830","C2107178","117","78","16366","37.7449679707","127.0625444157"
"경기도 성남시 분당구 분당로 43, 1층 (서현동)","1층","우리약국","031-704-3379","1900","0900","1900","0900","1900","0900","1900","0900","2030","0900","1600","0900","C2103729","135","91","16367","37.38406349924903","127.12035864590461"
"경기도 고양시 덕양구 원당로125번길 18, (주교동)","주교동우일시장앞","우리약국","031-962-7144","2200","1000","2200","1000","2200","1000","2200","1000","2200","1000","1900","1000","1900","1000","1900","1000","C2103008","102","98","16368","37.66328229239073","126.83825928963718"
"경기도 성남시 중원구 금상로 120 (상대원동)","우리약국","031-748-5438","2000","0900","2000","0900","2000","0900","2000","0900","2000","0900","2000","0900","1900","1100","C2102036","132","34","16369","37.44235506715769","127.16821141776799"
"경기도 양주시 회정로 114, 금강프라자 112호 (덕정동)","일요일,공휴일 휴무","양주시덕정동주공5단지","우리약국","031-858-0064","2000","0900","2000","0900","2000","0900","2000","0900","2000","0900","1500","0900","C2102551","114","56","16370","37.83723491807814","127.06593367863792"
"울산광역시 북구 명촌로 80, 105호 (명촌동, 평창리비에르3차상가)","명촌평창리비에르3차상가내","우리약국","052-287-0049","1900","0900","1900","0900","1900","0900","1900","0900","1900","0900","1300","0900","C1700343","442","55","16371","35.553683198699616","129.3551538514816"
"경기도 동두천시 생골로 36","국민마트옆","우리약국","031-868-5005","1900","0900","1900","0900","1900","0900","1900","0900","1900","0900","1400","0900","C2103960","113","18","16372","37.90014801320836","127.06194080497968"
"경기도 시흥시 대은로 79 (대야동)","우리약국","031-311-0117","2200","0900","2200","0900","2200","0900","2200","0900","2200","0900","2100","0900","2000","0900","C2101582","149","14","16373","37.44460651403358","126.7971041880852"
"대전광역시 유성구 북유성대로 87(지족동)","우리약국","042-822-7100","1800","0830","1800","0830","1800","0830","1800","0830","1800","0830","1300","0830","C1601376","340","84","16374","36.3745975874047","127.32571981962"
"대전광역시 중구 문화로 277, 1층 (대사동)","우리약국","042-223-3007","1830","0830","1830","0830","1830","0830","1830","0830","1830","0830","C1601193","349","64","16375","36.3181360437","127.4150404814"
"경기도 남양주시 진건읍 사릉로 408-1","우리약국","031-574-2211","2000","0900","2000","0900","2000","0900","2000","0900","2000","0900","1800","0900","C2102492","121","36","16376","37.65656588562912","127.17893141632002"
"경기도 포천시 소흘읍 호국로 433, 1층","우리약국","031-541-4581","2000","0900","2000","0900","2000","0900","2000","0900","2000","0900","2000","0900","2000","0900","C2107903","111","84","16377","37.81176666680985","127.13433646223278"
"울산광역시 울주군 온양읍 연안2길 19,","미도파아파트 101동 맞은편","우리약국","052-239-8275","1800","0900","1800","0900","1800","0900","1200","0900","1800","0900","1200","0900","C1700006","449","79","16378","35.408569444444446","129.282236111111104"
"경기도 수원시 장안구 파장로 74, 101호 (파장동)","우리약국","031-269-5254","1800","0900","1800","0900","1800","0900","1800","0900","1800","0900","C2108331","163","49","16379","37.3062528541304","126.992725378373"
"경기도 하남시 덕산로 33, 108호 (덕풍동, 한솔리치빌1단지아파트)","우리약국","031-794-0797","2100","0930","2100","0930","2100","0930","2100","0930","2100","0930","1700","0930","C2100036","129","81","16380","37.53258295983021","127.19785195395299"
"경기도 안양시 동안구 동안로 11, 1층 (호계동, 무궁화코오롱상가)","무궁화코오롱상가 1층","우리약국","031-381-0828","1900","0900","1900","0900","1900","0900","1900","0900","1900","0900","1500","0900","1900","0900","C2102193","141","00","16381","37.3813558274","126.9559826933"
"서울특별시 종로구 옥인길 32-5 (옥인동)","박노수미술관 옆","우리약국","02-738-9179","2130","1000","2130","1000","2130","1000","2130","1000","2130","1000","2130","1000","2100","1400","C1101145","030","34","16382","37.581099977042456","126.96679203837871"
"경기도 군포시 금정로19번길 1 (금정동)","금정프린스호텔---금정초등학교중간","우리약국","031-457-9475","2200","0830","2200","0830","2200","0830","2200","0830","2200","0830","2200","0830","2200","0830","C2102370","158","12","16383","37.3669807993538","126.94316233181118"
"서울특별시 강서구 강서로18다길 34 (화곡동, 은하빌리지)","까치산역 1번 출구 미성아파트 방향","우리약국","02-2604-1248","2000","0900","2000","0900","2000","0900","2000","0900","2000","0900","1600","0900","C1102534","077","52","16384","37.53570130486115","126.84712336275899"
"서울특별시 은평구 불광로 104, (불광동)","대호프라자아파트 인근","우리약국","02-387-3980","1900","0900","1900","0900","1900","0900","1900","0900","1900","0900","1430","0900","C1103157","033","63","16385","37.6160200103974","126.933134631479"
"서울특별시 성동구 성덕정길 34","우리약국","02-465-3221","2100","0900","2100","0900","2100","0900","2100","0900","2100","0900","2100","0900","C1101285","047","74","16386","37.53886993891904","127.04733558961912"
"서울특별시 동대문구 한천로 4, 1층 (장안동)","우리약국","070-8242-8579","1800","0900","1800","0900","1800","0900","1800","0900","1800","0900","1300","0900","C1100994","026","33","16387","37.56330899036472","127.0585535570106"
"부산광역시 부산진구 당감로 47-2, 1층 (당감동)","우리약국","051-895-6448","C1202926","471","45","16388","35.165938802124","129.038939478624"
"서울특별시 중구 다산로 185, 신흥빌딩 102호 (신당동)","우리약국","02-2232-9110","2030","0800","2030","0800","2030","0800","2030","0800","2030","0800","1600","0800","1800","0900","C1109964","046","08","16389","37.5601736712129","127.013443806995"
"서울특별시 송파구 오금로 404, 원일빌딩 1층 105호 (가락동)","우리약국","02-431-1221","2030","0900","2000","0900","2030","0900","2000","0900","2030","0900","1500","0900","1300","0900","C1109633","057","69","16390","37.4975927810188","127.135121781578"
"서울특별시 강동구 구천면로 250, (천호동)","우리약국","02-470-5990","1900","0900","1900","0900","1900","0900","1900","0900","1900","0900","1400","0900","C1101328","053","30","16391","37.54249575283725","127.13154406642023"
"충청북도 옥천군 청산면 지전길 37-2, 우리약국","지전리버스주차장앞","우리약국","043-732-8050","1900","0800","1900","0800","1900","0800","1900","0800","1900","0800","1500","0800","C2300509","290","13","16392","36.345290852840485","127.79292091104648"
"경기도 부천시 경인로 505, 104호 (괴안동, 역곡하이뷰)","우리약국","032-345-6777","2200","0830","2200","0830","2200","0830","2200","0830","2200","0830","2100","0830","2100","1000","2100","0900","C2109029","146","76","16393","37.484476635631","126.811119805002"
"충청북도 영동군 영동읍 계산로 5 (영동읍)","오정형외과 옆","우리약국","043-742-0039","1930","0900","1930","0900","1930","0900","1930","0900","1930","0900","1400","0900","C2300923","291","45","16394","36.17513374053675","127.77832680936007"
"충청북도 괴산군 괴산읍 읍내로 257 (괴산읍)","괴산군민회관맞은편삼성디지탈프라자옆","우리약국","043-833-8717","1900","0830","1900","0830","1900","0830","1900","0830","1900","0830","1700","0830","1700","0900","C2300188","280","34","16395","36.8064707649887","127.79271166339916"
"충청북도 청주시 서원구 1순환로1137번길 102, 1층 (분평동)","분평동은사우나뒷건물","우리약국","043-298-1002","1900","0900","1900","0900","1900","0900","1900","0900","1900","0900","1400","0900","C2300329","287","94","16396","36.61087927123944","127.49334971937161"
"충청남도 보령시 대해로 52 (궁촌동, 우리약국)","보령우리약국입니다.","신제일병원근처","우리약국","041-936-2232","2000","0900","2000","0900","2000","0900","2000","0900","2000","0900","1500","0900","C2401441","334","59","16397","36.3436402417","126.5936109659"
"경기도 연천군 전곡읍 온골로 36 (전곡읍)","우리약국","031-832-1972","1830","0900","1830","0900","1830","0900","1830","0900","1830","0900","1300","0900","C2102478","110","28","16398","38.0242345956891","127.06855246490156"
"경기도 수원시 영통구 센트럴타운로 15, 111호 (이의동, 아이플렉스)","우리약국","031-214-6860","1900","1000","1900","1000","1900","1000","1900","1000","1900","1000","C2107455","165","08","16399","37.288237844689505","127.057253028599"
"경기도 안산시 단원구 인현중앙길 29 (고잔동, 삼두상가)","은혜와진리교회뒤연립단지내골목4거리","우리약국","031-487-2014","2030","0900","2030","0900","2030","0900","2030","0900","2030","0900","1700","0900","C2103794","153","45","16400","37.32418675229767","126.82092086493381"
"경기도 용인시 기흥구 청마로 11-1 (청덕동)","이마트흥덕점뒤스타프라자","우리약국","031-548-2053","2030","0900","2030","0900","2030","0900","2030","0900","2030","0900","C2102026","168","92","16401","37.274779499657825","127.07380962801397"
"서울특별시 금천구 시흥대로 211 (시흥동)","우리약국","02-802-0023","2030","0830","2000","0830","2000","0830","2030","0830","2000","0830","2000","0830","1430","0900","C1110014","086","32","16402","37.4527027261923","126.900917256611"
"경기도 김포시 고촌읍 김포대로 340, 김포뉴시티 2층 207호 (고촌읍)","우리약국","031-989-0797","1800","0900","1800","0900","1800","0900","1800","0900","1800","0900","C2107926","101","25","16403","37.6013693331852","126.77081467598958"
"경기도 화성시 융건로 91, B105호 (기안동, 풍성신미주타운)","우리약국","031-898-7997","1900","0900","1900","0900","1900","0900","1900","0900","1900","0900","1600","0900","C2100924","183","41","16404","37.219537201775665","126.98851509686719"
"경기도 용인시 처인구 금학로265번길 5-6, 3층 (역북동)","우리약국","070-4895-3004","1800","1000","1800","1000","1800","1000","1800","1000","1800","1000","C2108575","170","46","16405","37.2385067605119","127.192660731296"
"경기도 광명시 철산로 16, 1층 (철산동)","우리약국","02-2611-3211","2100","0900","2100","0900","2100","0900","2100","0900","2100","0900","1600","0900","2100","0900","C2109225","142","37","16406","37.475705829032","126.868033484683"
"경기도 성남시 수정구 수정로 273","우리약국","031-747-8002","2100","0900","2100","0900","2100","0900","2100","0900","2100","0900","2100","0900","C2102209","132","59","16407","37.44925441699205","127.14569811542242"
"부산광역시 수영구 민락로6번길 31, 1층 (민락동)","버스정류장: 골목시장 해변 입구","우리약국","051-753-3825","1830","0830","1830","0830","1830","0830","1830","0830","1830","0830","1630","0830","C1200605","482","86","16408","35.15685517389217","129.12399864911606"
"대구광역시 중구 동덕로 75 (대봉동)","우리약국","053-427-8861","1700","0800","1700","0800","1700","0800","1700","0800","1700","0800","1300","0800","C1301371","419","50","16409","35.861455535326876","128.60325741197468"
"전라남도 진도군 진도읍 남문길 45, 1층 (진도읍)","당번제로 22시까지 운영하기도함 주말, 공휴일 전화 후 방문","우리약국","061-544-9770","1900","0820","1900","0820","1900","0820","1900","0820","1900","0820","C2601102","589","21","16410","34.4823555612","126.2637206402"
"강원특별자치도 춘천시 춘천로 68 (효자동)","춘천 경찰서앞","우리약국","033-244-4765","1800","0900","1800","0900","1800","0900","1800","0900","1800","0900","C2200081","243","66","16411","37.87025955295076","127.725016149298"
"강원특별자치도 인제군 기린면 기린로 46, 1층","우리약국","033-463-5070","2030","0830","2030","0830","2030","0830","2030","0830","2030","0830","1500","0830","C2201072","246","60","16412","37.9561547797843","128.318317377976"
"부산광역시 서구 까치고개로 216","부산대병원 응급실 맞은편 밑신호등, 토성동역 8번 출입구","우리약국","051-243-6900","1830","0830","1830","0830","1830","0830","1830","0830","1830","0830","C1201348","492","45","16413","35.09966777373243","129.01935478903079"
"대구광역시 달서구 월배로 58, 1층 (진천동)","우리약국","053-642-7205","2000","0900","2000","0900","2000","0900","2000","0900","2000","0900","1600","0900","C1300494","427","71","16414","35.813447027408365","128.5218080474392"
"부산광역시 수영구 황령산로8번길 54, (남천동)","토요일 격주 오후 4시 30분까지 근무합니다 일요일 2019년12월29일 기준 3주당 1회 09:00-17:00 근무합니다.","좋은강안병원 주차장 옆 (병원건물 2층쪽)","우리약국","051-612-6500","1830","0900","1730","0900","1730","0900","1730","0900","1730","0900","1330","0900","C1200120","482","65","16415","35.1498318691","129.1102080034"
"부산광역시 동구 중앙대로286번길 3, 1층 (초량동)","구 침례병원 맞은편","우리약국","051-466-0940","1830","0900","1830","0900","1830","0900","1830","0900","1830","0900","1400","0900","C1200368","487","30","16416","35.12235026638419","129.04398737489853"
"부산광역시 사하구 낙동대로 212, 1층 (괴정동)","우리약국","051-202-2311","1900","0900","1900","0900","1900","0900","1900","0900","1900","0900","1500","0900","C1200227","493","38","16417","35.10050775073842","128.9936375111959"
"부산광역시 수영구 광안로 4, 광안동에스케이뷰 106동 104호 (광안동)","2호선 광안역 5번출구","우리약국","051-751-7674","1800","0900","1900","0900","1800","0900","1900","0900","1930","0900","1300","0900","C1201199","482","98","16418","35.15692817715635","129.11337591621827"
"부산광역시 해운대구 중동1로 26 (중동)","버스정류장:우1동 우체국앞","우리약국","051-741-5554","1900","0900","1900","0900","1900","0900","1900","0900","1900","0900","1400","0900","C1200498","480","95","16419","35.163591666666669","129.160913888888899"
"부산광역시 동래구 아시아드대로 224 (온천동)","3호선 미남역 4번출구","우리약국","051-503-5115","1800","0900","1800","0900","1800","0900","1800","0900","1800","0900","1400","0900","C1202103","478","37","16420","35.203728047623336","129.06716710776826"
"부산광역시 북구 화명대로 42 (화명동)","2호선 화명역 1번 출구","우리약국","051-333-5171","1930","0830","1930","0830","1930","0830","1930","0830","1930","0830","1400","0830","C1201202","465","26","16421","35.2344064173","129.0126769959"
"대구광역시 남구 성당로 200-2 (대명동)","성당시장대로변","우리약국","053-654-6234","2000","0830","2000","0830","2000","0830","2000","0830","2000","0830","1930","0830","2000","0830","C1301063","424","54","16422","35.85063372741669","128.5732634436875"
"부산광역시 부산진구 범일로 186, 1층 (범천동)","1호선 범내골역 4번 출구","우리약국","051-637-9277","1800","0900","1800","0900","1800","0900","1800","0900","1800","0900","1300","0900","C1202421","473","57","16423","35.1466798669","129.059622725"
"부산광역시 금정구 공단로 5 (금사동)","버스정류장: 금사동교차로","우리약국","051-531-8458","1800","0900","1800","0900","1800","0900","1800","0900","1800","0900","1300","0900","C1201083","463","33","16424","35.21602802103842","129.10975262805638"
"부산광역시 기장군 정관읍 정관로 561, 정관타워 107호","점심13:00~14:00","정관이진캐스빌 아파트 앞","우리약국","051-728-7144","1900","0900","1900","0900","1800","0900","1900","0900","1900","0900","1400","0900","C1202396","460","15","16425","35.322013037","129.1753708944"
"부산광역시 동래구 사직북로 16 1층","사직사거리 국민은행건물 1층","우리약국","051-506-7933","1900","0900","1900","0900","1900","0900","1900","0900","1900","0900","1400","0900","C1202395","478","66","16426","35.1973053517","129.0607817886"
"부산광역시 사상구 새벽로 166 (감전동)","감전2동 우편 취급소 옆","우리약국","051-317-0997","1900","0830","1900","0830","1900","0830","1900","0830","1900","0830","1330","0830","C1200019","469","81","16427","35.15590217387178","128.98346590559623"
"충청남도 홍성군 광천읍 홍남로 666","명절 휴무","삼성연합의원 옆","우리약국","041-641-3303","1830","0730","1830","0730","1830","0730","1830","0730","1830","0730","1230","0730","1300","0730","1200","0730","C2400281","322","95","16428","36.50311160577096","126.62464196668628"
"충청남도 천안시 서북구 쌍용대로 318 (성정동)","공휴일 휴무","죠스 떡볶이 옆","우리약국","041-592-5029","1900","0900","1900","0900","1900","0900","1900","0900","1900","0900","1500","0900","C2400647","311","34","16429","36.82560373458977","127.13768154548673"
"전라남도 장성군 장성읍 영천로 204,","장성읍사무소 맞은편","우리약국","061-395-2480","1800","0830","1800","0830","1800","0830","1800","0830","1800","0830","1230","0800","C2600012","572","19","16430","35.302662496756504","126.78526887538041"
"광주광역시 광산구 동곡로 739, 1층 105호 (선암동)","우리약국","062-945-6354","1830","0900","2000","0900","1830","0900","2000","0900","1830","0900","1300","0900","1330","1000","1300","1000","C1501241","624","02","16431","35.1475147449314","126.777872846834"
"광주광역시 남구 금화로 403, 금화메디타워 1층 102호 (월산동)","남구 월산동 GS온누리주유소 옆 하이마트 주월점과 같은 건물에 위치","쌍촌동호남대정문건너편육교옆","우리약국","062-368-9022","1830","0830","1830","0830","1830","0830","1830","0830","1830","0830","1400","0830","C1500364","616","00","16432","35.15074611928969","126.86178188664614"
"경상북도 영주시 영주로 203-2, 우리약국 (영주동)","우리약국","054-635-1234","1800","0900","1800","0900","1800","0900","1800","0900","1800","0900","1400","0900","C2700589","360","77","16433","36.82611391531594","128.6221186014298"
"전라남도 여수시 망마로 63, (신기동)","신기동부영3차건너편갤럭시골목입구","우리약국","061-682-0070","1300","0900","1300","0900","1300","0900","1300","0900","1300","0900","1300","0900","C2600223","596","86","16434","34.75880030506843","127.66972148630111"
"대구광역시 군위군 동서길 37 (군위읍)","우리약국","054-383-2044","1830","0830","1830","0830","1830","0830","1830","0830","1830","0830","1330","0830","1300","0830","C2701056","390","15","16435","36.23614265845439","128.56619168242474"
"경상북도 청도군 화양읍 청화로 77","대남병원입구","우리약국","054-371-5006","1930","0830","1930","0830","1930","0830","1930","0830","1930","0830","1700","0830","1930","0900","C2700969","383","29","16436","35.64791983565558","128.73615983834483"
"경상북도 영천시 북안면 못안길 2-85 (우리약국)","우리약국","054-332-8584","1800","0900","1800","0900","1800","0900","1800","0900","1800","0900","1300","0900","C2701421","389","07","16437","35.9158810479","129.0105296272"
"경상북도 봉화군 춘양면 의양로 69","중앙의원근처","우리약국","054-672-1719","1830","0830","1830","0830","1830","0830","1830","0830","1830","0830","1400","0830","C2700081","362","16","16438","36.93533541663961","128.91318860839357"
"전라남도 함평군 손불면 손불중앙길 77,","손불합동개인택시 건너편부근 손불의원 근처","우리약국","061-322-4017","1200","0730","1200","0730","1200","0730","1200","0730","1200","0730","1300","0730","C2600283","571","10","16439","35.143522222222224","126.430486111111108"
"강원특별자치도 영월군 영월읍 하송로 45","우리약국","033-373-3100","1830","0900","1830","0900","1830","0900","1830","0900","1830","0900","1230","0900","C2200551","262","34","16440","37.1838107882","128.46393937550013"
"강원특별자치도 철원군 서면 와수로 162, 우리약국","와수우체국앞","우리약국","033-458-7582","1830","0830","1830","0830","1830","0830","1830","0830","1830","0830","1300","0900","C2200544","240","58","16441","38.2383088473","127.4382480891"
"전라남도 보성군 보성읍 중앙로 61-14","보성리 889-1 굿모닝 모텔 근처 서병기 내과 근처","우리약국","061-852-9470","1730","0800","1730","0800","1730","0800","1730","0800","1730","0800","C2600325","594","58","16442","34.76790453816509","127.08284433967216"
"경상북도 구미시 여헌로 55 (인의동)","우리약국","054-607-4554","0901","0900","0901","0900","0901","0900","0901","0900","0901","0900","2100","0900","2100","1200","2100","0900","C2701585","394","33","16443","36.1063706220307","128.42474803949"
"경상북도 성주군 성주읍 성주로 3203,","성주군청앞","우리약국","054-933-9183","2000","0800","2000","0800","2000","0800","2000","0800","2000","0800","1430","0800","C2700216","400","25","16444","35.918955848","128.2846739967"
"경상북도 상주시 중앙로 172 (남성동)","우리약국","054-535-5422","1900","0800","1900","0800","1900","0800","1900","0800","1900","0800","1300","0800","C2701371","371","97","16445","36.41553185059814","128.15729122095223"
"인천광역시 서구 서달로 159, 102호 (석남동)","우리약국","032-579-8150","1400","0900","1400","0900","1400","0900","1400","0900","1400","0900","1400","0900","C1401744","228","00","16446","37.51279566841521","126.67863083723914"
"강원특별자치도 속초시 동해대로 4177, 1층 (조양동)","2018년 추석연휴(휴무)","우리약국","033-947-5997","1800","0830","1800","0830","1230","0830","1800","0830","1800","0830","1230","0830","C2200486","248","71","16447","38.20138549783527","128.58650023910647"
"인천광역시 남동구 독곡로6번길 4, 1층 (서창동)","현대모닝사거리쪼끼쪼끼우측,신일교회맞은편에있습니다.","우리약국","032-466-7578","1930","0900","1930","0900","1930","0900","1930","0900","1930","0900","1530","0900","C1401437","216","04","16448","37.43796172083751","126.74685708428954"
"세종특별자치시 보듬3로 6, 204-1호 (도담동, 라온프라이빗시티2상가)","도담동","우리약국","044-868-5851","1830","0900","1830","0900","1400","0900","1830","0900","1830","0900","1400","0900","C1800197","339","006","16449","36.51283542773553","127.25899678530976"
"인천광역시 중구 제물량로 65 (신흥동3가)","신흥사거리에 위치한 건물 1층","우리약국","032-888-7021","1930","0900","1930","0900","1930","0900","1930","0900","1930","0900","1500","0900","C1400599","223","30","16450","37.465975826237866","126.63494636131462"
"인천광역시 계양구 계양대로 121, 107호 (작전동, 계산예술극장)","운영시간 확인 필요","우리약국","032-546-4640","1800","0900","1800","0900","1800","0900","1800","0900","1800","0900","1300","0900","C1401611","210","45","16451","37.5346815685","126.7222141158"
"전라남도 순천시 해룡면 조례못등길 123","동명초교 앞","우리약국","061-721-6820","1830","0830","1830","0830","1830","0830","1830","0830","1830","0830","1500","0830","C2600710","579","83","16452","34.94778611079036","127.52888248680463"
"강원특별자치도 강릉시 주문진읍 주문로 97 (주문진읍)","구 주문진읍사무소앞//주문진 중앙공원 맞은편","우리약국","033-662-2661","1800","0830","1800","0830","1800","0830","1800","0830","1800","0830","1300","0830","C2200401","254","14","16453","37.892694368584536","128.8266174264519"
"강원특별자치도 양양군 강현면 동해대로 3084","여름철 밤 10시까지 근무하나 이후 유동적일수 있음(21시 이후 확인후 방문)","의약분업 예외 지역","강현면 주청리(낙산시내버스정류장 앞)","우리약국","033-671-6659","2100","0800","2100","0800","2100","0800","2100","0800","2100","0800","2100","0800","2100","0800","2100","0800","C2200357","250","09","16454","38.11750168610367","128.62916523174726"
"전라남도 담양군 고서면 원등1길 4","일요일 미운영 공휴일 의원 운영 시간에 따라 운영","고서면사무소 3거리에 위치.","우리약국","061-381-1390","1900","0830","1900","0830","1800","0830","1900","0830","1900","0830","1500","0830","C2600652","573","85","16455","35.22318847074962","126.97427522822508"
"대구광역시 서구 서대구로62길 3, (비산동)","우리약국","053-357-6825","1900","0900","1900","0900","1900","0900","1900","0900","1900","0900","1300","0900","C1300342","417","23","16456","35.88492793320775","128.55755716137332"
"경상남도 진주시 도동로 224, 1층 (하대동)","탑마트 근처","우리약국","055-752-6990","1300","0900","1300","0900","1300","0900","1300","0900","1300","0900","C2800186","527","67","16457","35.190180555555557","128.122197222222212"
"경상남도 남해군 남해읍 화전로122번길 11","롯데슈퍼건너편","우리약국","055-862-6888","1800","0800","1800","0800","1800","0800","1800","0800","1800","0800","1300","0800","C2800615","524","14","16458","34.842034859344366","127.8949214917211"
"경상남도 거제시 거제면 읍내로2길 28","일요일은 전화문의 후 방문","거제면사무소 부근","우리약국","055-633-4178","1800","0800","1800","0800","1800","0800","1800","0800","1800","0800","1400","0800","1800","0900","C2800150","532","86","16459","34.85056874080677","128.59047778606617"
"부산광역시 남구 수영로266번길 37, 109호 (대연동, 우성2)","초당약국 아래 시장 안","우리약국","051-627-6315","1900","0930","1900","0930","1900","0930","1900","0930","1900","0930","1700","0930","C1201317","484","98","16460","35.1351583041068","129.097114405568"
"경상북도 김천시 평화12길 25 (평화동)","약국","경북김천시평화동245-69","우리약국","054-439-8501","1730","0840","1730","0840","1730","0840","1730","0840","1730","0840","1300","0840","C2700276","396","08","16461","36.124648978214445","128.1115950272678"
"경상남도 함안군 칠원면 용산2길 57,","칠원면 소재 영동병원 부근","우리약국","055-586-7122","1800","0900","1800","0900","1800","0900","1800","0900","1800","0900","1300","0900","C2800728","637","920","16462","35.30947421720993","128.51583315969654"
"경상남도 사천시 사남면 진삼로 1102, 104호","우리약국","055-855-8896","1800","0900","1800","0900","1800","0900","1800","0900","1800","0900","1300","0900","C2801749","525","36","16463","35.05990760175004","128.06712248308133"
"충청남도 공주시 번영1로 100 (신관동)","우리약국","041-852-7785","1900","0830","1900","0830","1900","0830","1900","0830","1900","0830","1400","0830","C2401685","325","82","16464","36.4739924491978","127.138700517602"
"경상남도 창원시 의창구 사림로 47 (사림동)","사림프라자","우리약국","055-266-1958","1900","0900","1900","0900","1900","0900","1900","0900","1900","0900","1700","0900","1500","0900","C2800368","511","43","16465","35.24746758408997","128.67781135579705"
"경상북도 경산시 경안로 206, 1층 (중방동)","경산오거리세명병원옆","우리약국","053-813-7585","1800","0900","1800","0900","1800","0900","1800","0900","1800","0900","1300","0900","C2700579","386","19","16466","35.8259246652071","128.73698314226254"
"광주광역시 북구 평교로 42","우리약국","062-261-4005","1830","0830","1830","0830","1830","0830","1830","0830","1830","0830","1400","0830","C1500037","611","35","16467","35.18103185352288","126.92606733979179"
"제주특별자치도 제주시 서광로 195 (삼도일동)","우리약국","064-758-1894","1900","0830","1900","0830","1900","0830","1900","0830","1900","0830","1300","0830","C2900221","631","83","16468","33.50017384795052","126.51741440824105"
"광주광역시 동구 제봉로 37, (학동)","전대병원 건너편(큰길)","우리약국","062-225-8080","1800","0830","1800","0830","1800","0830","1800","0830","1800","0830","1300","0830","2130","0830","2130","0830","C1500257","614","89","16469","35.1417988591","126.9205929237"
"경상북도 포항시 북구 새천년대로1075번길 1, 1층 (창포동)","창포동 우리약국입니다.","우리약국","054-255-8275","2000","0900","2000","0900","2000","0900","2000","0900","2000","0900","1700","0900","C2701523","376","31","16470","36.064579749073374","129.3711271047178"
"전라남도 목포시 양을로 145-1, 1층 (산정동)","우리약국","062-272-1333","1830","0800","1830","0800","1830","0800","1830","0800","1830","0800","C2601084","586","34","16471","34.8097142127","126.3864367373"
"경상북도 포항시 남구 포스코대로 138","남구이동사거리","우리약국","054-281-5005","2000","0900","1930","0900","1930","0900","2000","0900","1930","0900","1430","0900","C2700261","376","78","16472","36.02559963964302","129.34064262921413"
"경상북도 청송군 현서면 구산북로 67","현서면현서농협근처","우리약국","054-872-1163","2000","0830","2000","0830","2000","0830","2000","0830","2000","0830","1300","0830","C2700001","374","62","16473","36.276072770885236","128.89669460104017"
"울산광역시 동구 전하로 2 (전하동)","우리은행 건물 맞은편","우리약국","052-234-1256","1900","0900","1900","0900","1900","0900","1900","0900","1900","0900","1300","0900","C1700160","440","34","16474","35.51233340538233","129.43051023911153"
"전라남도 영암군 신북면 황금동1길 14,","신북농협농자재판매장 맞은편","우리약국","061-471-3155","1900","0730","1900","0730","1900","0730","1900","0730","1900","0730","1830","0750","C2600499","584","01","16475","34.887362167171794","126.691037669483"
"대구광역시 북구 신암로 27, 1층 (칠성동1가)","공휴일은 국경일에만 운영","우리약국","053-217-2233","1800","0800","1800","0800","1800","0800","1800","0800","1800","0800","1300","0800","1300","0800","C1301236","415","83","16476","35.87525906559979","128.60540132252424"
"전북특별자치도 전주시 완산구 당산로 49, 109동 104호 우리약국(서신동)","제일비사벌 상가","우리약국","063-272-5735","1900","0830","1900","0830","1900","0830","1900","0830","1900","0830","1530","0830","C2500083","549","48","16477","35.832067329378596","127.11331150253775"
"경상남도 양산시 물금읍 화합1길 15","우리약국","055-386-3344","1800","0900","1800","0900","1800","0900","1800","0900","1800","0900","C2801872","506","10","16478","35.3299662928","129.0073904497"
"경상남도 창녕군 창녕읍 교리1길 4,","한성병원 부근","우리약국","055-532-1928","1800","0830","1800","0830","1800","0830","2000","0830","1800","0830","1200","0830","1200","0830","C2800911","503","23","16479","35.54237004269041","128.49387746068535"
"광주광역시 서구 월드컵4강로 221, 1층 (쌍촌동)","우리약국","062-374-5202","1800","0830","1800","0830","1800","0830","1800","0830","1800","0830","1300","0830","C1501411","619","67","16480","35.1559069851122","126.8691056542"
"경상남도 하동군 진교면 민다리길 82,","2째주 일요일 운영","농협 부근","우리약국","055-884-8031","1800","0800","1800","0800","1800","0800","1800","0800","1800","0800","1300","0800","1500","0900","C2800500","523","44","16481","35.029026658905295","127.90266613001174"
"경상남도 통영시 중앙로 264","송림데파트","우리약국","055-641-6104","1830","0900","1830","0900","1830","0900","1830","0900","1830","0900","1300","0900","1300","0900","C2800283","530","41","16482","34.854072347942534","128.4290307220607"
"경상남도 창원시 마산회원구 북성로 127, 103호 (회원동)","우리약국","055-223-7277","2000","0900","1900","0900","1900","0900","2000","0900","1900","0900","1300","0900","C2802343","512","95","16483","35.2188260595375","128.570422199541"
"충청남도 청양군 청양읍 중앙로 133","일요일, 공휴일마다 다름","시외버스 터미널 건너편 부여 방향","우리약국","041-943-3766","1900","0900","1900","0900","1900","0900","1900","0900","1900","0900","C2400152","333","30","16484","36.45145479986057","126.80290825099843"
"전북특별자치도 정읍시 조곡천2길 7, (수성동)","하나마트와 연희내과 사이","우리약국","063-533-7729","1800","0830","1800","0830","1800","0830","1800","0830","1800","0830","1300","0830","C2500136","561","65","16485","35.565833333333330","126.855469444444438"
"경상남도 밀양시 상남면 상남로 792","매월 2,4주 수요일 휴무","한국화이바 부근","우리약국","055-353-0079","1930","0700","1930","0700","1930","0700","1930","0700","1930","0700","2030","0700","2030","0700","2030","0700","C2800210","504","49","16486","35.42911884704876","128.76506697279183"
"전북특별자치도 순창군 순창읍 순창로 231-6","우리약국","063-653-8285","1800","0830","1800","0830","1800","0830","1800","0830","1800","0830","1300","0830","C2501316","560","40","16487","35.37601429063208","127.14293601476122"
"충청남도 논산시 강경읍 계백로 116 (강경읍)","농협 옆","우리약국","041-745-0533","1900","0830","1900","0830","1900","0830","1900","0830","1900","0830","1900","0830","C2400425","329","39","16488","36.157109490999254","127.0145588410776"
"부산광역시 중구 중구로 113, 1~2층 (대청동4가)","12:30~13:30 점심","우리약국","051-465-6777","1800","0900","1800","0900","1800","0900","1800","0900","1800","0900","1300","0900","C1202839","489","72","16489","35.1065524453187","129.031977987541"
"전북특별자치도 김제시 동서로 244-1, (요촌동)","김제터미널 맞은편","우리약국","063-545-7582","1900","0830","1900","0830","1900","0830","1900","0830","1900","0830","1400","0830","C2500363","543","94","16490","35.803172222222223","126.894055555555553"
"경상남도 김해시 가락로16번길 1 (부원동)","공휴일은 전화문의","관광호텔","우리약국","055-327-2511","2100","0900","2100","0900","2100","0900","2100","0900","2100","0900","1330","0900","2100","1330","2100","0900","C2800808","509","25","16491","35.22818127842651","128.88262630529653"
"부산광역시 남구 용호로 154, 2층 (용호동, 용호메디칼센타)","부산용호동 우체국 : 버스정류장","우리약국","051-621-7227","1900","0900","1900","0900","1900","0900","1900","0900","1900","0900","1330","0900","C1202321","485","67","16492","35.1185497392","129.1115196204"
"충청남도 당진시 당진중앙1로 179 (읍내동)","수협본점 건물1층","우리약국","041-352-6195","1900","0830","1900","0830","1900","0830","1900","0830","1900","0830","1300","0900","1300","1000","C2400666","317","70","16493","36.89700304573661","126.63298379732248"
"서울특별시 구로구 오류로8길 57 (오류동)","대성빌딩 1층 102호 (오류동역 2번 출구, 우리은행 건물)","우리약국","02-2066-0681","1830","0830","1830","0830","1830","0830","1830","0830","1830","0830","1400","0830","C1104429","083","41","16494","37.49239888450569","126.84352249311416"
"충청북도 청주시 청원구 율봉로 97, (율량동)","상당구율량동1283번지","우리약국","043-216-8777","2100","0830","1900","0830","1900","0830","1900","0830","2100","0830","1500","0900","C2300436","283","40","16495","36.66692968081029","127.48005166494194"
"부산광역시 영도구 태종로 87, 1층 (대교동2가)","남포역 8번 출구에서 898m","우리엄마약국","051-412-9990","1800","0900","1800","0900","1800","0900","1800","0900","1800","0900","1300","0900","C1202924","490","36","16496","35.0919869835198","129.040594970988"
"서울특별시 서대문구 연희로 40, 1층 (연희동)","우리연세약국","02-6951-1778","1925","0915","1925","0915","1925","0915","1925","0915","1925","0915","1700","0915","C1110276","037","81","16497","37.5622053976669","126.927695164411"
"대전광역시 동구 대전로 889, 1층 (삼성동)","삼성사거리한독노인병원옆","우리온누리약국","042-622-9885","1900","0900","1900","0900","1900","0900","1900","0900","1900","0900","1300","0900","C1600020","346","20","16498","36.33839240544263","127.42890192271684"
"대구광역시 북구 침산남로 176, 1층 (침산동)","우리온누리약국","053-253-1676","1800","0900","1800","0900","1800","0900","1800","0900","1800","0900","C1301926","415","84","16499","35.8873685215143","128.594700376145"
"울산광역시 남구 삼산로 141, 1층 (달동)","우리온누리약국","052-945-1919","1800","0900","1800","0900","1300","0900","1800","0900","1800","0900","1300","0900","C1700733","446","94","16500","35.5365406836802","129.322663718559"
"서울특별시 강동구 올림픽로78길 60, 2층 3-209호 (천호동, 강동 밀레니얼 중흥S-클래스)","우리온누리약국","02-6369-1778","1900","0900","1900","0900","1900","0900","1500","0900","1900","0900","1500","0900","1300","0900","C1110644","053","26","16501","37.5409734434557","127.128499316444"
"전북특별자치도 부안군 부안읍 번영로 158-1","파리바게트옆","우리온누리약국","063-584-2403","1800","0800","1800","0800","1800","0800","1800","0800","1800","0800","1400","0800","C2500728","563","15","16502","35.72639104495417","126.73790263490807"
"전라남도 광양시 광양읍 읍내중앙길 13,","일요일: 전화 후 방문(홀수달만 운영: 1월, 3월, 5월, 7월, 9월, 11월)","시민한의원 근처","우리온누리약국","061-762-7007","1830","0830","1830","0830","1830","0830","1830","0830","1830","0830","1300","0830","1800","0900","C2600714","577","43","16503","34.97563179986213","127.58822337813913"
"경기도 파주시 문산읍 방촌로 1721 (우리메디컬프라자 104,105호)","우리온누리약국","031-953-9272","1300","1000","1300","1000","1300","1000","1300","1000","1300","1000","1400","0900","1300","1000","1300","1000","C2103185","108","16","16504","37.8664530601","126.7845884152"
"강원특별자치도 춘천시 퇴계로 243, 1층 (석사동)","2일, 7일 장날에는 토요일, 일요일 09:00~1800 운영함.","우리온누리약국","07075530412","1800","0900","1800","0900","1800","0900","1800","0900","1800","0900","1300","0900","1700","0900","C2200946","243","90","16505","37.8673150409","127.7185912547"
"서울특별시 동작구 노량진로 155 (노량진동)","일요일은 운영시간 변동가능","노량진역 1,2번 출구","우리온누리약국","02-826-5116","2120","0850","2120","0850","2120","0850","2120","0850","2120","0850","2100","0850","2100","1400","C1102473","069","02","16506","37.5139426146558","126.943210195982"
"서울특별시 광진구 광나루로 614 (구의동, 만택빌딩)","우리온누리약국","02-458-5669","1900","0900","1900","0900","1900","0900","1900","0900","1900","0900","1600","0900","C1104738","051","17","16507","37.5407914746361","127.09583385236"
"서울특별시 금천구 디지털로 200, 우리은행 가산IT타워 1층 (가산동)","우리온누리약국","02-865-9004","2000","0900","2000","0900","2000","0900","2000","0900","2000","0900","1400","0900","C1108631","085","14","16508"
"서울특별시 동작구 흑석한강로 27, B106호 (흑석동, 흑석한강푸르지오)","휴게시간 13:00~14:00","흑석동주민센터 위쪽 흑석한강푸르지오106동 2층소재","흑석한강푸르지오 A동 B106-1","우리온누리약국","02-825-5558","2100","0900","2100","0900","2100","0900","2100","0900","2100","0900","1600","0900","2000","1600","1700","0900","C1104112","069","81","16509","37.5040994188129","126.966284444741"
"서울특별시 서대문구 통일로 87, NH농협생명빌딩 지하1층 (미근동)","우리온누리약국","02-363-8855","1800","0900","1800","0900","1800","0900","1800","0900","1800","0900","C1108616","037","39","16510","37.5627767312819","126.968512766878"
"서울특별시 관악구 호암로 530(신림동)","우리온누리약국","02-882-2205","2000","0840","2000","0840","2000","0840","2000","0840","2000","0840","1500","0840","C1109917","088","21","16511","37.4649646084727","126.931721690253"
"경기도 고양시 덕양구 화정로 47, 동원텔 302호(화정동)","우리온누리약국","031-813-3346","1930","0900","1930","0900","1930","0900","1930","0900","1930","0900","1600","0900","C2103469","104","97","16512","37.63518278865937","126.83141832088789"
"경기도 용인시 수지구 진산로 28, 성원상떼빌아파트 상가1동 101호 (상현동)","우리온누리약국","031-262-5006","2000","0900","2000","0900","2000","0900","2000","0900","2000","0900","1300","0900","C2103863","169","25","16513","37.314760189971594","127.09266355354964"
"강원특별자치도 원주시 영랑길 14-2, 청연재빌딩 1층 (행구동)","우리온누리약국","033-900-2525","1900","0830","1900","0830","1900","0830","1900","0830","1900","0830","1430","0830","C2200988","264","56","16514","37.3410005935","127.9717094418"
"경기도 안성시 공도읍 서동대로 4079, 2층 1,2호 (주은풍림아파트)","안성시공도읍주은풍림아파트상가2층","우리온누리약국","031-654-5257","1930","0830","1930","0830","1930","0830","1930","0830","1930","0830","1500","0830","1300","0830","C2104008","175","52","16515","36.99816846484118","127.15956284925562"
"서울특별시 강서구 가로공원로76길 100, 1층 (화곡동)","1층","우리온누리약국","02-2692-7020","1900","0900","1900","0900","1900","0900","1900","0900","1900","0900","1300","0900","C1104488","077","66","16516","37.5328236634124","126.83883535208"
"서울특별시 강남구 남부순환로397길 57, 1층 1호 (대치동, 대치메디칼센터)","여천씨티빌딩 801호 일부","우리온누리약국","02-557-5888","1930","0800","1930","0800","1930","0800","1930","0800","1930","0800","1600","0800","C1103830","062","80","16517","37.4930515273501","127.058298289251"
"인천광역시 부평구 원적로 434 (산곡동) 202호","산곡고GS수퍼마켓옆불가마사우나건물2층","우리온누리약국","032-508-3883","1930","0830","1330","0830","1330","0830","1330","0830","1330","0830","1600","0830","C1401442","213","77","16518","37.503319434108214","126.71460827662274"
"서울특별시 송파구 석촌호수로 61, 4층 411호 (잠실동, 트리지움상가 4층 411호)","트리지움상가 411호","우리온누리약국","02-412-5632","2000","0930","1900","0930","1900","0930","1900","0930","2000","0930","1600","0930","C1103901","055","55","16519","37.5106960472158","127.086224807954"
"경기도 부천시 역곡로496번길 84 (고강동)","공휴일 당번일경우만 운영(전화요망)","진영아파트 옆","우리온누리약국","032-673-6300","1900","0900","1900","0900","1900","0900","1900","0900","1900","0900","1830","0900","2000","1000","C2104638","144","07","16520","37.52819551839696","126.82173544574066"
"경기도 고양시 일산동구 위시티로 34, 1층 일부호 (식사동)","심야약국으로 새벽1시까지 근무합니다","우리온누리약국","031-969-9004","2500","0900","2500","0900","2500","0900","2500","0900","2500","0900","2500","2100","2500","1400","2500","1400","C2109260","103","24","16521","37.6754073829399","126.809134791841"
"경기도 수원시 권선구 경수대로 193, 세류비즈타워 1층 105호 (세류동)","우리온누리약국","031-232-1006","1800","0900","1800","0900","1800","0900","1800","0900","1800","0900","C2108810","166","60","16522","37.2444673949843","127.017204222682"
"경기도 부천시 소사구 경인로 240-1 (심곡본동)","우리온누리약국","032-654-7733","2000","0900","2000","0900","2000","0900","2000","0900","2000","0900","1300","0900","1300","0900","1300","0900","C2107302","147","11","16523","37.4829131756","126.782153209"
"경기도 하남시 미사강변동로 79, 미사역타워 1층 109호 (망월동)","우리온누리약국","031-795-1692","2000","0900","2000","0900","2000","0900","2000","0900","2000","0900","1600","0900","C2107681","129","13","16524","37.5620321614","127.1928144801"
"경기도 안양시 동안구 동안로 128, 1층 (호계동)","범계역2번출구앞","우리온누리약국","031-386-0491","2200","0900","2200","0900","2200","0900","2200","0900","2200","0900","2200","0900","2200","1000","C2101592","140","72","16525","37.39036440982126","126.95177213066085"
"인천광역시 남동구 구월로 212, 1601동 234호 (구월동, 힐캐슬프라자)","구월2동 주민센터 옆","우리온누리약국","032-471-7333","1830","0900","1830","0900","1830","0900","1830","0900","1830","0900","1530","0900","C1400686","215","61","16526","37.45611053657807","126.71397887913639"
"대구광역시 달성군 화원읍 비슬로 2579-4","우리온누리약국","053-635-0222","1900","0900","1900","0900","1900","0900","1900","0900","1900","0900","1400","0900","C1300054","429","55","16527","35.80396487768198","128.49917521266926"
"부산광역시 기장군 정관읍 정관중앙로 56, 프라임빌딩 1층 101호","버스정류장: 중앙공원/프라임클리닉센터 101호","우리온누리약국","051-728-2674","2100","0900","2100","0900","2100","0900","2100","0900","2100","0900","1800","0900","1800","0900","1800","0900","C1200642","460","23","16528","35.3217470902073","129.17952863217084"
"경상북도 칠곡군 석적읍 남율로9길 50, 102호","우방신천지아파트입구","우리온누리약국","054-977-7588","1900","0900","1900","0900","1900","0900","1900","0900","1900","0900","1400","0900","C2700586","398","44","16529","36.0683605894631","128.404378788653"
"광주광역시 북구 북문대로187번길 10, (운암동)","운암한국병원주차장앞","우리운암약국","062-527-9470","1800","0830","1800","0830","1800","0830","1800","0830","1800","0830","1330","0830","C1500513","612","66","16530","35.1845512921","126.8696745667"
"서울특별시 강남구 논현로175길 58, 1층 (신사동)","우리원약국","02-548-5604","1900","0900","1900","0900","1900","0900","1900","0900","1900","0900","1600","0900","C1109764","060","29","16531","37.5244473244974","127.02418294154"
"충청북도 청주시 흥덕구 가로수로 1317 (복대동, 서울아동병원)","일요일 14:00~21:00까지 휴게시간입니다.","죽천교 서울아동병원 1층에 위치해 있습니다.","복대사거리 /점심 12:30~14:00","우리윤약국","043-233-0123","2500","0900","2500","0900","2500","0900","2500","0900","2500","0900","2500","0900","2500","0900","2500","0900","C2301042","285","85","16532","36.633036563","127.4398987589"
"서울특별시 마포구 백범로 8, 우정마샹스 오피스텔 비110호 (노고산동)","우리이약국","070-7617-1520","1830","0830","1830","0830","1830","0830","1830","0830","1830","0830","1600","0830","1300","0830","C1108804","041","00","16533","37.5540039439813","126.936731657301"
"서울특별시 양천구 남부순환로 330, 103호 (신월동)","메디힐병원 건너편 덕수펠리체 1층","우리이화약국","070-8832-7752","2100","0900","2100","0900","2100","0900","2100","0900","2100","0900","2100","0900","C1103871","079","09","16534","37.537193944133","126.826977901114"
"광주광역시 광산구 상무대로 258 (송정동)","우리일층약국","062-944-5507","1850","0830","1850","0830","1850","0830","1850","0830","1850","0830","1430","0830","C1500015","624","28","16535","35.1414207871","126.7950332867"
"서울특별시 동대문구 천호대로 289, 1층 101호 (답십리동)","답십리역 3번 출구","우리재약국","02-2214-6922","1930","0830","1930","0830","1930","0830","1930","0830","1930","0830","1600","0900","1700","0900","C1107762","026","04","16536","37.5668988918932","127.053284511547"
"경기도 용인시 처인구 금령로71번길 3(김량장동)","우리정감약국","070-7755-0150","1800","0900","1800","0900","1800","0900","1800","0900","1800","0900","1300","0900","C2109182","170","52","16537","37.2352272506744","127.203789921058"
"서울특별시 은평구 갈현로41길 10-1 (갈현동)","우리정다운약국","02-384-3399","1830","0800","1830","0800","1830","0800","1830","0800","1830","0800","1230","0800","C1102553","033","15","16538","37.6246305120298","126.916247117462"
"전북특별자치도 전주시 완산구 당산로 39, 상가 108동 1층 112호 (서신동)","서신2지구 뱅뱅맞은편 , 제일비사벌아파트 입구","우리정다운약국","063-275-9115","1930","0830","1930","0830","1930","0830","1930","0830","1930","0830","1500","0830","C2500359","549","48","16539","35.83234340273942","127.1130053237932"
"충청남도 천안시 동남구 천안여상로 53, 1, 2층 (봉명동)","우리정문약국","041-415-1041","1800","0800","1800","0800","1800","0800","1800","0800","1800","0800","1300","0800","C2401875","311","51","16540","36.8036396922328","127.138018952222"
"인천광역시 연수구 원인재로 286, 대림아파트 상가동 110호 (연수동)","우리정문약국","032-811-5253","1900","0930","1900","0930","1900","0930","1900","0930","1900","0930","1400","0930","C1402105","219","37","16541","37.4190437850829","126.692671112056"
"대구광역시 동구 국채보상로 791, 성암빌딩 1층 (신천동)","우리제일약국","053-253-7911","1900","0900","1900","0900","1900","0900","1900","0900","1900","0900","C1301747","412","68","16542","35.8682012061187","128.617339435293"
"서울특별시 영등포구 도림로 206, 1층 (대림동)","대림 119 안전센터 인근","우리조운약국","02-832-4224","1900","0900","1900","0900","1900","0900","1900","0900","1900","0900","1400","0900","C1100343","074","23","16543","37.4969340590015","126.903590753985"
"서울특별시 노원구 동일로 1689, 2층 206호 (상계동, 하이베라스)","우리조은약국","02-6397-1820","1900","0900","1900","0900","1900","0900","1900","0900","1900","0900","1600","0900","C1108698","016","04","16544","37.6791213093376","127.054950932229"
"서울특별시 중랑구 용마산로 501, 우리약국 1층 (망우동)","망우동 우림시장 오거리","우리종로온누리약국","02-433-1100","2000","0830","2000","0830","2000","0830","2000","0830","2000","0830","1800","0830","1800","0830","C1102456","021","65","16545","37.5958296340418","127.099905531925"
"강원특별자치도 춘천시 삭주로 80 (교동)","춘천성심병원 본관 앞","우리종합약국","033-255-8868","1800","0830","1800","0830","1800","0830","1800","0830","1800","0830","1300","0830","C2200106","242","58","16546","37.88341911928408","127.73969505101711"
"전북특별자치도 전주시 완산구 전라감영로 40-1, 1층 (중앙동4가)","우리종합약국","063-232-7572","2100","0830","2100","0830","2100","0830","2100","0830","2100","0830","2100","0830","2100","1400","2100","1400","C2501376","550","43","16547","35.8151681765171","127.143827222976"
"경기도 부천시 길주로 280, 프리머스 부천타워 114호 (중동)","우리좋은약국","032-205-0115","2000","0900","2000","0900","1915","0900","2000","0900","2000","0900","1400","0900","C2109102","145","48","16548","37.5029057564875","126.77319533212"
"충청남도 논산시 대화로 57-1 (대교동)","다농L마트 맞은편","우리집약국","041-736-6627","1800","0830","1800","0830","1800","0830","1800","0830","1800","0830","1300","0830","C2400131","329","48","16549","36.20790305161809","127.08280036715341"
"경기도 용인시 기흥구 새천년로26번길 2 104호 (신갈동, 센타프라자)","용인면허시험장맞은편새천년4단지앞","우리집약국","031-275-5655","2000","0900","2000","0900","2000","0900","2000","0900","2000","0900","1400","0900","C2101411","169","59","16550","37.289122974355415","127.11192406393716"
"충청남도 천안시 서북구 직산읍 군수1길 1","365일 연중무휴 심야약국","우리집약국","041-585-1145","2100","0730","2100","0730","2100","0730","2100","0730","2100","0730","2100","0730","2500","0900","2100","0730","C2401649","310","31","16551","36.8938993649763","127.13709821849"
"울산광역시 동구 진성14길 96 (전하동)","동울산시장내동부신협앞","우리집약국","052-201-6888","1900","0900","1900","0900","1900","0900","1900","0900","1900","0900","1300","0900","C1700094","440","44","16552","35.509799131106384","129.42606120728163"
"서울특별시 금천구 시흥대로 291 (독산동, 금천롯데캐슬골드파크3차)","마트 휴무일과 동일(매달 2,4주 일요일 휴무)","롯데마트 금천점 지하 1층에 위치해 있는 약국입니다. 휴무일은 마트와 동일합니다. 동물의약품 및 가정상비약, 일반의약품이 구비되어 있으며 친절한 상담이 가능합니다.","우리캐슬약국","02-802-2455","2200","1000","2200","1000","2200","1000","2200","1000","2200","1000","2200","1000","2200","1000","2200","1000","C1108241","086","08","16553","37.4599560487863","126.896699156299"
"전북특별자치도 전주시 완산구 쑥고개로 398-14 (효자동2가)","우리팜약국","063-223-6667","1230","0900","1230","0900","1230","0900","1230","0900","1230","0900","C2501149","550","79","16554","35.80380133364207","127.10817986190277"
"대전광역시 서구 대덕대로 219, 5층 (둔산동)","갤러리아타임월드별관4층","우리팜약국","042-477-0021","1830","0900","1830","0900","1830","0900","1830","0900","1830","0900","1600","0900","1200","0900","C1600247","352","29","16555","36.352625000000003","127.378641666666667"
"전라남도 무안군 삼향읍 남악3로 71","더트리폴리앙 상가","우리팜약국","061-283-2378","1930","0840","1930","0840","1930","0840","1930","0840","1930","0840","1700","0900","C2600640","585","66","16556","34.81193296278962","126.45991405245152"
"경기도 고양시 일산서구 일현로 47, 108호 (탄현동,예일큰프라자)","탄현국민은행맞은편","우리팜약국","031-925-7007","1900","0900","1900","0900","1900","0900","1900","0900","1900","0900","1500","0900","C2102320","103","43","16557","37.691588567507644","126.76277307497885"
"경기도 오산시 경기대로 178","비전탑 114호","우리팜약국","031-374-7006","1900","0900","1900","0900","1900","0900","1900","0900","1900","0900","1300","0900","C2103176","181","44","16558","37.14064527452322","127.0739057313139"
"부산광역시 중구 구덕로 4, (광복동1가)","우리팜약국","051-257-8305","1830","0830","1830","0830","1830","0830","1830","0830","1830","0830","1400","0900","1400","0900","C1201382","489","54","16559","35.0983080146394","129.03513269955457"
"서울특별시 강서구 강서로 27, 1층 106호 (화곡동)","1층","우리팜약국","02-2602-1278","2130","0900","2130","0900","2130","0900","2130","0900","2130","0900","2000","0900","2000","1600","2000","1600","C1103619","077","78","16560","37.5303651480517","126.847206208517"
"서울특별시 영등포구 영등포로36길 6, (영등포동4가)","우리팜약국","02-2679-5575","1800","0900","1800","0900","1800","0900","1800","0900","1800","0900","1500","0900","C1101176","073","01","16561","37.5195629480315","126.903455993761"
"충청북도 청주시 흥덕구 가경로 10, 1층 (가경동)","우리팜약국","043-236-5600","1900","0900","1900","0900","1900","0900","1900","0900","1900","0900","1500","0900","1300","0900","1300","0900","C2300201","284","09","16562","36.61702745050711","127.44399991555196"
"인천광역시 계양구 계양대로 53, 휘림빌딩 1층 (작전동)","작전역 방향","우리팜약국","032-551-7535","2200","0900","2200","0900","2200","0900","2200","0900","2200","0900","2200","0900","C1400959","211","10","16563","37.52857978285085","126.7221190873184"
"부산광역시 부산진구 가야대로 767, (부전동)","1,2호선 서면역 9번출구","우리팜약국","051-668-8999","1900","0900","1900","0900","1900","0900","1900","0900","1900","0900","1700","0900","1300","0900","C1200442","472","57","16564","35.15795555555555","129.0555000000014"
"전북특별자치도 익산시 부송1로 95, 109호 (부송동)","우리한약국","063-000-0000","1700","1000","1700","1000","1700","1000","1700","1000","1700","1000","C2501507","545","56","16565","35.9635795534558","126.97160227973"
"경기도 안양시 만안구 냉천로193번길 27 (안양동)","83호","우리한약국","031-465-7579","1900","1000","1900","1000","1900","1000","1900","1000","1900","1000","1700","1000","1700","1000","C2104412","430","010","16566","37.39642606022691","126.91819978461387"
"경기도 수원시 영통구 인계로 219, 135호 (매탄동, 삼성아파트 상가동)","우리한약국","031-215-4488","1900","1000","1900","1000","1900","1000","1900","1000","1900","1000","1600","1000","C2106875","165","37","16567","37.26558845960689","127.04135685894974"
"대구광역시 달서구 달구벌대로 1690, 1층 (두류동)","추석연휴 내내 야간오픈 합니다 ^^ 자세한 시간표는 네이버 블로그 참조 바랍니다 https://blog.naver.com/leescuba","https://blog.naver.com/leescuba","우리함께약국","053-656-5521","1830","0930","1830","0930","1830","0930","1830","0930","1830","0930","1430","0930","C1301414","426","45","16568","35.8549340926","128.5508742069"
"서울특별시 영등포구 신길로 145, 1층 102호 (신길동)","우리희망약국","02-842-1333","1900","0900","1900","0900","1900","0900","1900","0900","1900","0900","1800","0900","1800","0900","1800","0900","C1110862","073","95","16569","37.5052191180452","126.910395805911"
"전라남도 목포시 옥암로 77-1 (옥암동)","우리힐약국","061-276-3939","1730","0900","1730","0900","1730","0900","1730","0900","1730","0900","1230","0900","C2601106","586","87","16570","34.8061257598","126.4269246478"
"서울특별시 관악구 난곡로26길 13 (신림동)","난곡동 성당 입구","우림시장약국","02-854-3254","1800","0900","1800","0900","1800","0900","1800","0900","1800","0900","1300","0900","C1100252","088","55","16571","37.4705429317532","126.920729188095"
"경기도 고양시 일산동구 중앙로1275번길 38-10","우림약국","031-906-7798","1900","0900","1900","0900","1900","0900","1900","0900","1900","0900","1400","0900","C2102344","104","01","16572","37.65993795108692","126.7709342697797"
"경기도 가평군 가평읍 가화로 155-19 (우림약국)","* 공공심야약국(22시~익일 새벽 1시까지)","우림약국","031-582-5661","2500","2200","2500","2200","2500","2200","2500","2200","2500","2200","2500","2200","2500","2200","2500","2200","C2102572","124","13","16573","37.83298185290904","127.51063041565103"
"서울특별시 강북구 삼양로 466, 1층 (수유동)","4.19사거리 삼양동쪽 수유우체국 옆","우림약국","02-993-5921","2100","0900","2100","0900","2100","0900","2100","0900","2100","0900","2100","0900","2100","0900","C1104412","010","39","16574","37.644792936286","127.015974837679"
"경상남도 창원시 진해구 해원로 43 (석동, 우림필유)","롯데마트근처","우림약국","055-544-7476","1830","0830","1830","0830","1830","0830","1830","0830","1830","0830","1300","0900","C2800729","516","74","16575","35.15578886789502","128.69726864587392"
"경기도 동두천시 중앙로 280-12 (생연동)","중앙시장앞랜드로바골목","우림약국","031-863-6907","1830","0900","1830","0900","1830","0900","1830","0900","1830","0900","1330","0900","C2102808","113","29","16576","37.9062922065664","127.05488685860317"
"경기도 화성시 10용사로 343-2, 114호 (능동, 폴리클리닉빌딩)","우림아파트앞","우림약국","031-613-5332","2100","0900","2100","0900","2100","0900","2100","0900","2100","0900","2100","0900","1700","1000","C2102135","184","29","16577","37.1994105840468","127.055790927504"
"서울특별시 강서구 등촌로 183","세스빌딩 1층","우림약국","02-2651-0222","1830","0900","1830","0900","1830","0900","1730","0900","1830","0900","1300","0900","C1104458","076","68","16578","37.5462537856239","126.862263586062"
"서울특별시 송파구 오금로 477 (거여동)","우림약국","02-430-1911","2100","0900","2100","0900","2100","0900","2100","0900","2100","0900","1900","0900","C1101246","057","44","16579","37.4943492306914","127.142349617166"
"서울특별시 중랑구 망우로 412, 기성빌딩 1층 (망우동)","우림청솔약국","02-496-9503","2000","0900","2000","0900","2000","0900","2000","0900","2000","0900","1700","0900","1700","0900","1700","0900","C1110182","021","64","16580","37.5990279049671","127.097942388734"
"서울특별시 서초구 태봉로 62, 105호 (우면동, 네이처프라자)","우면메디칼약국","02-575-0234","2000","0830","2000","0830","2000","0830","2000","0830","2000","0830","1500","0830","C1107641","067","64","16581","37.464057071815","127.024997566281"
"경기도 평택시 송탄로 260, 2층 (서정동)","우미약국","031-663-4598","1930","0900","1930","0900","1930","0900","1930","0900","1930","0900","1600","0900","C2108006","177","74","16582","37.06678262971833","127.0589157534472"
"서울특별시 동작구 시흥대로 638 (신대방동)","휴게시간 12:30-13:30","대림사거리 장연복내과 빌딩 1층","우방온누리약국","02-846-7784","1700","0900","1700","0900","1700","0900","1700","0900","1700","0900","1230","0830","C1102449","070","69","16583","37.4888493308126","126.90674185448"
"광주광역시 광산구 금봉로 107 (우산동)","우산약국","062-942-6030","1800","0900","1800","0900","1800","0900","1800","0900","1800","0900","1230","0900","C1500418","506","050","16584","35.15207194215393","126.81041609037498"
"서울특별시 구로구 구로동로 112-2","구로시장 우리은행 우측 20m","우산약국","02-839-4551","1700","1000","1700","1000","1700","1000","1700","1000","1700","1000","1700","0900","C1103561","083","15","16585","37.4886730231123","126.884805331325"
"광주광역시 북구 면앙로 48 (문흥동)","우산주공2차 건너편","우산종로약국","062-269-2815","2100","0900","2100","0900","2100","0900","2100","0900","2100","0900","2100","0900","C1500039","611","88","16586","35.17904080087762","126.91729838215656"
"부산광역시 남구 진남로 206","버스정류장: 현대아파트 근처","우석약국","051-637-9935","2000","0900","2000","0900","2000","0900","2000","0900","2000","0900","1800","0900","1800","0900","C1201318","484","22","16587","35.14436689672818","129.07668297120853"
"서울특별시 중랑구 봉화산로 61 (중화동)","우선약국","02-433-1946","1800","0900","1800","0900","1800","0900","1800","0900","1800","0900","1300","0900","C1100063","020","49","16588","37.6017802609902","127.081319137241"
"서울특별시 동작구 여의대방로 22, 104호 (신대방동)","우성상가 104호","우성당약국","02-845-9312","1400","0900","1400","0900","1400","0900","1400","0900","1400","0900","1400","0900","C1104328","070","65","16589","37.4910969139998","126.911813692107"
"서울특별시 양천구 지양로 78 (신월동)","우성상가 내","우성메디칼약국","02-2605-1339","2000","0900","2000","0900","2000","0900","2000","0900","2000","0900","2000","0900","2000","1000","2000","1000","C1103874","080","34","16590","37.5226624829591","126.833599900906"
"경기도 의왕시 계원대학로 20 (내손동, 우성메디컬센타)","내손동우성메디칼센타","우성메디칼약국","031-426-0289","1800","0900","1800","0900","1800","0900","1800","0900","1800","0900","2130","0900","C2103850","160","39","16591","37.37921303513866","126.97366987443729"
"서울특별시 강서구 수명로 80, 베스트프라자빌딩 102호 (내발산동)","우성약국","02-2667-3300","1900","0830","1900","0830","1900","0830","1900","0830","1900","0830","1430","0900","1400","1000","1400","1000","C1108599","076","35","16592","37.5532272483636","126.826392872773"
"경기도 성남시 중원구 희망로 340, 1층 (상대원동)","상대원시장부근","우성약국","031-734-1880","2000","0900","2000","0900","2000","0900","2000","0900","2000","0900","2000","0900","2200","0900","C2101292","132","41","16593","37.436494626173534","127.15793845676083"
"경기도 화성시 향남읍 향남로 392, 102호 (우성메디피아)","우성약국","031-8059-1357","0700","0830","0700","0830","0700","0830","0700","0830","0700","0830","1500","0830","C2101565","186","00","16594","37.1300007338241","126.92149958297924"
"대구광역시 수성구 수성로 244, (중동)","우성약국","053-768-4466","1800","0900","1800","0900","1800","0900","1800","0900","1800","0900","1200","0900","C1300825","421","34","16595","35.847275711490255","128.61317572541873"
"충청남도 서산시 대산읍 구진로 6,","당번약국일경우 08:00-20:00 운영(대산약국,우성프라자약국과 돌아가면서)","찜질방 옆","우성약국","041-681-3893","1930","0830","1930","0830","1930","0830","1930","0830","1930","0830","1330","0830","C2400580","319","09","16596","36.936120420340124","126.43599975029661"
"전북특별자치도 익산시 평동로7길 79, (중앙동3가)","(연중무휴)","(구)경찰소 국민은행 건너편, 중앙교회건너편","우성약국","063-855-3233","2200","0900","2200","0900","2200","0900","2200","0900","2200","0900","2200","0900","2200","0900","2200","0900","C2500799","546","01","16597","35.9389492620349","126.95031649393878"
"제주특별자치도 제주시 천수로 53","점심시간 13:00~14:00","동여중사거리 수협옆","우성약국","064-722-6019","2100","0830","2100","0830","2100","0830","2100","0830","2100","0830","2100","0830","2100","0900","2100","0900","C2900118","632","55","16598","33.50411932929972","126.54227036695625"
"대전광역시 서구 정림동로5번길 23, 1층 (정림동)","우성약국","042-582-1522","1800","0900","1800","0900","1800","0900","1800","0900","1800","0900","1430","0900","C1600248","353","96","16599","36.305491666666668","127.365611111111107"
"인천광역시 남동구 방축로 503, 108호 (간석동, 우성상가)","간석역북광장우성아파트상가","우성약국","0324295655","1800","0900","1800","0900","1800","0900","1800","0900","1800","0900","1800","0900","C1400341","215","03","16600","37.4659065557803","126.69357293273351"
"서울특별시 송파구 올림픽로4길 40 (잠실동)","우성나상가 3층","우성약국","02-423-4080","1800","0900","1800","0900","1800","0900","1800","0900","1800","0900","1300","0900","C1102941","055","71","16601","37.5071938064643","127.074204083657"
"경기도 고양시 일산동구 동국로 48, 1층(식사동,일산송보빌딩)","추석 연휴 9월30일(수)~10월4일(일)까지 휴무입니다","우성약국","031-969-3355","1800","0900","1800","0900","1800","0900","1800","0900","1800","0900","1300","0900","C2102346","103","26","16602","37.677416666666666","126.805791666666664"
"충청남도 아산시 배방읍 고속철대로 147, 111호 (우성메디피아)","이마트 트레이더스","우성약국","041-557-6900","2000","0900","2000","0900","2000","0900","2000","0900","2000","0900","1530","0900","C2400677","336","857","16603","36.79745067331851","127.10576145018986"
"대구광역시 서구 북비산로 319-1 (비산동)","북비산네거리","우성약국","053-552-7551","1900","0900","1900","0900","1900","0900","1900","0900","1900","0900","1400","0900","2000","0930","C1301115","417","45","16604","35.8798257401","128.5706970455"
"인천광역시 미추홀구 석정로 389-5, (주안동)","주안역입구교차로 수협옆건물 1층(주안부고교 근처)","우성약국","032-862-8676","1900","0900","1900","0900","1900","0900","1900","0900","1900","0900","1600","0900","C1400839","221","26","16605","37.467141217872495","126.67875178505372"
"서울특별시 중랑구 동일로 675 (면목동)","중랑전화국사거리","우성약국","02-438-8455","2000","0900","2000","0900","2000","0900","2000","0900","2000","0900","1800","0900","C1101138","021","30","16606","37.5906368074662","127.079726481324"
"서울특별시 노원구 한글비석로 463","우성약국","02-936-6603","2000","0900","2000","0900","2000","0900","2000","0900","2000","0900","1800","0900","C1102452","016","79","16607","37.6642163473947","127.066437317536"
"강원특별자치도 강릉시 성덕로 316-15, 1층 107호 (입암동)","우성약국","070-4060-1850","2100","1300","2100","1300","2100","1300","2100","1300","2100","1300","2000","1500","C2200990","256","16","16608","37.755239939702655","128.92060275791286"
"경기도 고양시 일산동구 백석로 105, 109호 (백석동, 백송마을3단지 우성종합상가)","백송마을3단지","우성온누리약국","031-901-7575","2000","0900","2000","0900","2000","0900","2000","0900","2000","0900","1900","0900","2000","0900","C2104172","104","19","16609","37.64931841494012","126.7888028071622"
"경기도 평택시 고덕중앙로 218, 1층 113.114호 (고덕동)","우성탑약국","031-667-0528","2000","0900","2000","0900","2000","0900","2000","0900","2000","0900","C2108170","180","14","16610","37.0478983616708","127.044963673866"
"경기도 성남시 분당구 중앙공원로40번길 42, 118호,119호(서현동,우성종합상가)","공휴일 방문 전 전화확인 필수","우성플러스약국","031-702-3370","1930","0830","1930","0830","1930","0830","1930","0830","1930","0830","1600","0830","1300","0830","C2101473","135","89","16611","37.378205109281644","127.13211413227253"
"서울특별시 관악구 관악로30길 12","봉천우성아파트 상가동 121호, 122호","우성혜민약국","02-882-6612","1830","0900","1830","0900","1400","0900","1830","0900","1830","0900","1400","0900","C1100598","087","35","16612","37.4841357625535","126.960607343765"
"대구광역시 수성구 달구벌대로 2420 (범어동)","우송약국","053-746-1155","1820","0900","1820","0900","1820","0900","1820","0900","1820","0900","1300","0900","C1301205","420","85","16613","35.8584335747","128.6272135699"
"인천광역시 부평구 부개로 9 (부개동)","부개소방파출소 건너편건물 2층","우수약국","032-362-3993","1600","0900","1600","0900","1600","0900","1600","0900","1600","0900","C1400587","213","49","16614","37.49827853036997","126.73928872004434"
"충청남도 금산군 금산읍 금산로 1473,","을지병원사거리","우신약국","041-754-3252","1800","0830","1800","0830","1300","0830","1800","0830","1800","0830","1300","0830","C2400539","327","37","16615","36.105298098553675","127.48888539218352"
"경기도 부천시 원미로 77, 1층 1호 (원미동)","원미로사우촌입구","우신약국","032-651-6524","2100","0900","2100","0900","2100","0900","2100","0900","2100","0900","2130","0900","C2100173","145","72","16616","37.48964166938077","126.78999571192779"
"충청남도 공주시 신관로 41 (신관동)","토요일, 일요일,공휴일 방문전 전화 확인요망","연중무휴 방문전 전화확인요망","터미널 택시승강장","우신약국","041-855-3277","1830","0800","1830","0800","1830","0800","1830","0800","1830","0800","1830","0800","1830","0800","1830","0800","C2400553","325","84","16617","36.46921281993881","127.1337505202138"
"부산광역시 북구 은행나무로 3 (만덕동)","우신약국","051-335-0977","1800","0900","1800","0900","1300","0900","1800","0900","1800","0900","1300","0900","C1200774","466","13","16618","37.4501477097","126.9030742307"
"부산광역시 사상구 백양대로 880","버스정류장: 우신프라자","우신프라자약국","051-313-2089","1930","0900","1930","0900","1930","0900","1930","0900","1930","0900","1600","0900","1600","0900","C1200390","469","31","16619","35.18496708973347","128.99135477979155"
"경상북도 포항시 남구 상공로 126 (대도동)","우아온누리약국","054-727-3004","2000","0830","2000","0830","2000","0830","2000","0830","2000","0830","1500","0900","C2701606","378","16","16620","36.0186397779261","129.361603662537"
"충청북도 청주시 청원구 향군로 118, 1층 (우암동)","우암파출소 부근","우암메디칼약국","043-225-7040","1800","0900","1800","0900","1800","0900","1800","0900","1800","0900","1300","0900","C2301118","284","80","16621","36.655248121720774","127.48168804210644"
"부산광역시 남구 유엔로 14, (우암동)","우암센텀메디컬 밑 일신보라맞은편","우암센텀약국","051-637-1637","1900","0830","1900","0830","1900","0830","1900","0830","1900","0830","1300","0830","C1201054","484","82","16622","35.12559969996939","129.07967440247668"
"부산광역시 남구 우암로 166, 1층 (우암동)","버스정류장:우암파출소","우암약국","051-631-1610","1800","0830","1800","0830","1800","0830","1800","0830","1800","0830","1230","0830","C1202170","484","73","16623","35.124599698030934","129.0787133428862"
"충청북도 청주시 흥덕구 서경로 18, 101호 (가경동)","평일 점심휴게 12:30~14:00 저녁 휴게 17:30~18:10","우암한약국","043-231-2212","1900","1000","1900","1000","1900","1000","1600","1000","C2301288","284","13","16624","36.6174807237865","127.44193498121"
"서울 노원구 섬밭로 209 (하계동)","하계역 5번 출구","우약국","02-3296-5900","1900","0900","1900","0900","1900","0900","1900","0900","1900","0900","1800","0900","1900","0830","C1101143","017","76","16625","37.634930666229","127.065698730107"
"전북특별자치도 전주시 완산구 용리로 37, 영재빌딩 1층 (삼천동1가)","우연약국","063-227-7335","1900","0830","1900","0830","1900","0830","1900","1400","1900","0830","1400","0830","C2501492","550","85","16626","35.7988582774967","127.113829072145"
"서울특별시 성동구 왕십리로 339, (하왕십리동)","우인약국","02-2297-1556","1800","0730","1800","0730","1800","0730","1800","0730","1800","0730","1300","0730","C1101144","047","10","16627","37.5629076652687","127.032085242674"
"경상남도 진주시 도동천로 113","한보아파트 사거리 앞","우인약국","055-758-7760","2100","0900","2100","0900","2100","0900","2100","0900","2100","0900","2000","0900","C2800666","527","91","16628","35.181286575473635","128.11187820107992"
"인천광역시 미추홀구 동주길135번길 20-6, (주안동)","공휴일 유동적 진료","주안4동경인상가뒤시장골목","우일약국","032-425-2958","2100","0730","2100","0730","2100","0730","2100","0730","2100","0730","2000","0730","2000","0800","C1400488","221","48","16629","37.457499211828676","126.68398088737133"
"서울특별시 관악구 난곡로24길 5 (신림동)","우림시장 뒷길","우일약국","02-837-3006","2000","0900","2000","0900","2000","0900","2000","0900","2000","0900","1800","0900","C1100251","088","56","16630","37.4698858369543","126.920479036882"
"충청북도 증평군 증평읍 중앙로 208 (1층 우정약국)","증평우체국 건물 1층","우정약국","043-838-8321","1830","0830","1830","0830","1830","0830","1830","0830","1830","0830","1300","0830","C2301035","279","30","16631","36.784193139","127.5818982008"
"경상남도 양산시 북정로 21, 1층 101호 (북정동)","우정약국","055-381-0623","2100","0900","2100","0900","2100","0900","2100","0900","2100","0900","2100","0900","2100","0900","C2802312","505","72","16632","35.3590682440469","129.042832035007"
"충청남도 천안시 서북구 한들3로 30, 104a호 (백석동)","우정약국","041-555-6209","1930","0900","1930","0900","1930","0900","1930","0900","1930","0900","1600","0900","C2401518","310","98","16633","36.8265055882","127.1238960204"
"경기도 남양주시 진접읍 장현천로 28, 1층 103호","우정약국","031-571-6007","1900","0900","1900","0900","1900","0900","1900","0900","1900","0900","1800","0900","C2102964","120","11","16634","37.719201587468305","127.18387994620966"
"경기도 부천시 경인로 511","우정약국","032-524-2221","1930","0900","1930","0900","1930","0900","1930","0900","1930","0900","1630","0900","1300","0900","C2100358","146","76","16635","37.48469338046377","126.81190610170489"
"서울특별시 영등포구 경인로 841, 서울영등포동4가우체국 3층 (영등포동4가)","우정약국","02-2631-7083","1830","0900","1830","0900","1830","0900","1830","0900","1830","0900","1330","0900","C1109680","073","05","16636","37.5165301858178","126.90604309721"
"서울특별시 동작구 서달로 144 (흑석동)","서울시동작구흑석동86-117","우정약국","02-816-7711","1800","0830","1800","0830","1800","0830","1800","0830","1800","0830","1400","0830","C1102380","069","80","16637","37.5062431107495","126.961349648499"
"부산광역시 북구 덕천로 188, 벽산라인아파트 (만덕동)","버스정류장: 덕양초등학교 맞은편/호산스포맥스빌딩 내","우정약국","051-337-7542","2000","0900","2000","0900","2000","0900","2000","0900","2000","0900","1600","0900","C1201192","466","02","16638","35.210983310234646","129.02432422143568"
"서울특별시 종로구 종로 200-4, 제우빌딩 1층 (종로4가)","우정약국","02-2277-8566","2030","0800","2030","0800","2030","0800","2030","0800","2030","0800","2030","0800","2030","0930","2000","0800","C1110238","031","95","16639","37.5705761665237","126.999877974446"
"대구광역시 남구 대명로 133, 1층 102호 (대명동)","우정약국","053-4883-2281","1830","0900","1830","0900","1830","0900","1830","0900","1830","0900","1330","0900","C1301942","424","74","16640"
"서울특별시 용산구 백범로 341, A동 315호 (원효로1가)","용산구보건소 후문 앞","우정약국","02-713-5408","2000","0900","2000","0900","1900","0900","1900","0900","2000","0900","1500","0900","C1101036","043","15","16641","37.5379386735674","126.967973433167"
"부산광역시 해운대구 윗반송로 94 (반송동)","4호선 동부산대학역 4번 출구","우정약국","051-544-2111","1830","0900","1830","0900","1830","0900","1830","0900","1830","0900","1300","0900","C1201136","480","10","16642","35.232319474781356","129.15808572400078"
"경상남도 진주시 진양호로 317, (신안동)","참조은산부인과건물1층","우정약국","055-743-9655","1830","0900","1830","0900","1830","0900","1830","0900","1830","0900","1330","0830","C2800936","526","76","16643","35.18145918675236","128.06615622520238"
"경기도 하남시 미사강변동로84번길 39, 에코타워 1층 108호 (망월동)","우정약국","031-791-4032","1800","0830","1800","0830","1800","0830","1800","0900","1800","0830","C2107933","129","12","16644","37.563404835729926","127.19527640090601"
"대전광역시 서구 둔산남로9번길 45 103호 (명승빌딩)","둔산동은하수후문앞","우정약국","042-482-7800","1700","0900","1700","0900","1700","0900","1700","0900","1700","0900","1800","0900","C1600249","352","34","16645","36.35006503345113","127.37858057345396"
"서울특별시 중랑구 망우로 428, 우정약국 1층 (망우동)","망우사거리 하나은행 옆","우정약국","02-432-4927","2100","0900","2100","0900","2100","0900","2100","0900","2100","0900","2100","0900","2100","0900","C1100954","021","64","16646","37.5994888819392","127.0997353556"
"부산광역시 남구 수영로 196","버스정류장: 못골시장","우정약국","051-627-4441","1900","0900","1900","0900","1900","0900","1900","0900","1900","0900","1500","0900","C1200150","484","92","16647","35.1347592950797","129.0880890170669"
"경상북도 구미시 인동가산로 17 (황상동)","인동 메가박스 영화관 건너편","우정약국","054-473-1933","2000","0900","1900","0900","1900","0900","1900","0900","1900","0900","1500","0900","1400","0900","1400","0900","C2700068","394","31","16648","36.10731566079532","128.41899337612233"
"경상북도 포항시 북구 새천년대로 580, 1층 (용흥동)","우정약국","054-275-4310","2000","0900","2000","0900","2000","0900","2000","0900","2000","0900","1300","0900","C2701615","377","51","16649","36.0256029736351","129.353708814457"
"인천광역시 부평구 부평문화로 100-1 (부평동)","우정약국","032-507-1768","1900","0900","1900","0900","1900","0900","1900","0900","1900","0900","1430","0900","C1401443","213","96","16650","37.49411622001554","126.72742590815748"
"서울특별시 강북구 삼양로77길 25(수유동)","우정약국","02-945-0975","2130","0900","2130","0900","2130","0900","2130","0900","2130","0900","2000","0900","C1102379","011","03","16651","37.6296952731454","127.016878572118"
"서울특별시 마포구 백범로 4, 1층 (노고산동)","우정옵티마약국","02-6012-8600","2100","0900","2100","0900","2100","0900","2100","0900","2100","0900","1800","0900","C1108738","041","00","16652","37.5543277907154","126.936784234683"
"경기도 용인시 기흥구 덕영대로 1732","우정원약국","031-205-4339","2030","0900","2030","0900","2030","0900","2030","0900","2030","0900","C2100813","171","04","16653","37.245903471747596","127.07705842609793"
"경기도 고양시 일산동구 경의로 315, 101호 (마두동,설촌상가)","우주약국","031-907-0567","1800","0900","1800","0900","1800","0900","1800","0900","1800","0900","1400","0900","C2103647","104","17","16654","37.658030555555555","126.793122222222223"
"경기도 파주시 청암로 79, 110호 (다율동)","우주약국","070-8888-4294","1800","0900","1800","0900","1800","0900","1800","0900","1800","0900","1300","0900","C2109648","108","65","16655","37.7351756146619","126.732804646837"
"서울특별시 강동구 양재대로 1571 홈플러스 지하 2층","2,4째주 일요일은 10:00~15:00 입니다.","주공2단지 종합상가 A동 207호","우주약국","02-481-5050","2100","1000","2100","1000","2100","1000","2100","1000","2100","1000","2100","1000","2100","1000","2100","1000","C1102146","053","14","16656","37.5457145865749","127.14225531407"
"서울특별시 동대문구 장한로 139, 105호 (장안동)","우주약국","02-2249-0908","2030","0900","2030","0900","1900","0900","2030","0900","1900","0900","1400","0900","C1110177","025","30","16657","37.5728968765918","127.071425420868"
"서울특별시 강남구 선릉로 402, 1층 103호 (대치동)","우주약국","02-3443-3723","2030","0900","2030","0900","2030","0900","2030","0900","1900","0900","1900","0900","C1109215","061","98","16658","37.5007996814053","127.051008258871"
"경기도 성남시 분당구 내정로 170, 동신파크빌딩 3층 3호, 3-1호 (수내동)","하나은행분당중앙지점3층","우주약국","031-717-1015","1900","0900","1900","0900","1900","0900","1900","0900","1900","0900","1500","0900","C2102042","135","99","16659","37.373468136940836","127.11968689917503"
"서울특별시 양천구 목동서로 280 (신정동, 목동신시가지아파트8단지)","목동8단지 809동 앞 상가1층 113","우주약국","02-2646-1001","1930","0930","1930","0930","1930","0930","1930","0930","1930","0930","1330","0930","C1103718","080","12","16660","37.5223402739432","126.867563264965"
"인천광역시 부평구 시장로 7(부평동)","부평역 21번 출구 바로 앞","우주약국","032-503-8003","2100","1030","2100","1030","2100","1030","2100","1030","2100","1030","1700","1030","C1401983","213","94","16661","37.492158127416","126.723959510661"
"충청남도 아산시 탕정면 한들물빛6로 16, 109호","우주약국","041-910-7234","2000","0800","2000","0800","2000","0800","2000","0800","2000","0800","1600","0830","C2401785","314","65","16662","36.7874966402122","127.084912995556"
"경상북도 경주시 화랑로 116-1","우리은행맞은편","우주약국","054-741-4334","2100","0900","2100","0900","2100","0900","2100","0900","2100","0900","2000","0900","2000","1300","2000","1300","C2701031","381","54","16663","35.844302865372825","129.21347952400882"
"경상남도 사천시 곤양면 서삼로 5 (삼성연합의원)","곤양면 농협근처","우주약국","055-852-5425","1930","0800","1930","0800","1930","0800","1930","0800","1930","0800","1500","0800","1300","0800","C2801916","525","04","16664","35.0568906747","127.9615461031"
"제주특별자치도 제주시 용담로 92","우주약국","070-4111-6964","1900","0830","1900","0830","1900","0830","1900","0830","1900","0830","1230","0830","1230","0830","C2900168","631","56","16665","33.51187372156275","126.51230417439078"
"인천광역시 남동구 용천로 68, (주)발해인터내셔날 1층 일부(101)호 (구월동)","신규등록, 운영시간 확인 필요","우주약국","032-710-0401","1800","0900","C1402144","215","62","16666","37.4556135317647","126.714923695289"
"전라남도 여수시 신월로 114, 1층 (웅천동)","일요일은 전화 후 방문","우주약국","061-921-6696","2000","0900","2000","0900","2000","0900","2000","0900","2000","0900","C2601164","596","92","16667","34.747955778870995","127.68042136522219"
"서울특별시 성북구 아리랑로 15, 102호 (동소문동6가)","우주온누리약국","02-922-0544","1930","0830","1930","0830","1930","0830","1930","0830","1930","0830","1600","0830","C1101238","028","30","16668","37.5942413982281","127.015930395304"
"경기도 광명시 범안로 1055, 세일빌딩 (하안동)","세일빌딩(106호)","우주온누리약국","02-895-2835","2130","0900","1900","0930","1900","0930","1900","0930","1900","0930","1900","0900","1900","0900","C2101490","142","47","16669","37.462957670020145","126.8798315420532"
"경상북도 상주시 동수1길 19","우주온누리약국","054-532-4919","1830","0900","1830","0900","1830","0900","1830","0900","1830","0900","1300","0900","C2701048","371","82","16670","36.41982080936867","128.152110062957"
"서울특별시 동대문구 사가정로13길 3, 1층 (전농동)","1층","우진당약국","02-2244-7790","1930","0900","1930","0900","1930","0900","1930","0900","1930","0900","1730","0900","C1104590","025","06","16671","37.57806531145814","127.05800190266882"
"경기도 구리시 건원대로 75, 승인빌딩 103호 (인창동)","우진메디칼약국","031-553-3553","1900","0900","1900","0900","1900","0900","1900","0900","1900","0900","1400","0900","C2108013","119","18","16672","37.608051670547205","127.13858994595826"
"경기도 고양시 일산동구 무궁화로 31-2","우리은행 대각선 위치","우진약국","031-913-1323","2130","1000","1000","1000","1000","1000","1000","1000","1000","1000","2130","1000","2200","1900","2200","1900","C2102746","103","64","16673","37.66304909463526","126.76777392437592"
"경기도 화성시 우정읍 조암남로 39 (우정읍)","우진약국","031-351-0821","2130","0830","2130","0830","2130","0830","2130","0830","2130","0830","2130","0900","1800","0930","C2100844","185","67","16674","37.08437355267715","126.81934539966691"
"서울특별시 강서구 곰달래로53가길 3, 우진타워빌딩 (화곡동)","추석연휴 9/16 09:00~22:00 9/17 휴무 9/18 14:00~22:00 일요일 휴게시간 12:30-14:30","남부시장입구","우진약국","02-2654-5225","2100","0900","2100","0900","2100","0900","2100","0900","2100","0900","2000","0900","2100","0900","C1101240","077","40","16675","37.533663025321","126.859043463589"
"경기 수원시 영통구 매영로 84 (매탄동, 한국아파트)","우진온누리약국","031-213-4089","1900","0900","1900","0900","1900","0900","1900","0900","1900","0900","1700","0900","C2109958","165","42","16676","37.2681997491564","127.050043481678"
"경기도 고양시 일산서구 일산로 580, 105호 (일산동, 정발상가)","우진온누리약국","031-914-4126","2000","0900","2000","0900","2000","0900","2000","0900","2000","0900","1700","0900","C2103043","103","74","16677","37.67965976072315","126.76417707138154"
"부산광역시 영도구 대교로2번길 5, (봉래동3가)","버스정류장: 기동순찰대","우창약국","051-412-0815","1900","0930","1900","0930","1900","0930","1900","0930","1900","0930","C1200682","490","05","16678","35.09328895819701","129.04463468871666"
"경상북도 포항시 북구 중앙로 438 (우현동)","우현열린약국","054-246-0369","0000","0000","0000","0000","0000","0000","0000","0000","0000","0000","1300","0900","C2700792","377","21","16679","36.051191880309204","129.36214648871132"
"전북특별자치도 완주군 용진읍 운곡4로 20, 상가동 B126호 (모아미래도 센트럴시티 1차 아파트)","운곡약국","063-244-4257","1830","0900","1830","0900","1830","0900","1830","0900","1830","0900","1730","1300","C2501517","553","52","16680","35.9055873446629","127.166322821973"
"전라남도 무안군 운남면 운해로 580","운남농협 건너편.","운남약국","061-452-4439","1700","0800","1700","0800","1700","0800","1700","0800","1700","0800","1200","0800","C2600235","585","37","16681","34.96075781910153","126.34065698855798"
"광주광역시 광산구 풍영로 37, 1층 (월곡동)","운남주공10단지 앞","운남온누리약국","062-959-1224","1900","0830","1900","0830","1900","0830","1900","0830","1900","0830","1300","0830","C1500019","623","28","16682","35.17545954315527","126.81162315777715"
"부산광역시 서구 구덕로 332 (동대신동3가)","일요일, 공휴일 운영 확인 후 방문요망","버스정류장: 구덕운동장삼거리","운동장약국","051-243-3611","1900","0900","1900","0900","1900","0900","1900","0900","1900","0900","1300","0900","1300","0900","C1200821","492","11","16683","35.1133487378","129.0162572506"
"전북특별자치도 남원시 운봉읍 운봉로 694,","신협옆,","운봉백제약국","063-634-7000","1730","0830","1730","0830","1230","0830","1730","0830","1730","0830","1230","0830","C2500364","557","18","16684","35.437525","127.53167777777777"
"서울특별시 강북구 도봉로 260 (미아동)","운산약국","02-983-1003","1900","0830","1900","0830","1900","0830","1900","0830","1900","0830","1430","0830","C1101242","011","32","16685","37.6317067557155","127.024422935028"
"인천광역시 중구 영종대로 184, 영종예스타워복합상영관 115호 (운서동)","운서마루약국","050-71417-5453","2000","0900","2000","0900","1900","0900","2000","0900","2000","0900","1400","0900","1400","0900","C1401950","223","76","16686","37.4922653048347","126.498778533214"
"인천광역시 중구 영종대로 106, 104호 (운서동)","운서온누리약국","032-751-7196","2010","0900","2010","0900","2010","0900","2010","0900","2010","0900","1400","0900","C1402072","223","71","16687","37.4948667059655","126.490907352263"
"광주광역시 북구 북문대로 101 (운암동)","365일 연중무휴. 항상 열려있습니다. 010-4159-7277 문자 및 카카오톡 문의 가능합니다.","운암약국","062-522-7277","2200","0900","2200","0900","2200","0900","2200","0900","2200","0900","2200","0900","2200","1300","2200","0900","C1501006","612","56","16688","35.17857297048921","126.87603830104945"
"광주광역시 북구 북문대로 33, 1층 (운암동)","운암동문화예술회관맞은편","운암우리들약국","062-526-3600","1900","0900","1900","0900","1900","0900","1900","0900","1900","0900","1500","0900","C1500232","612","61","16689","35.174725929080935","126.88163756860274"
"광주광역시 북구 북문대로 45, 1층 (운암동)","광주북구운암동90-2","운암종로약국","062-522-1711","1830","0900","1830","0900","1830","0900","1830","0900","1830","0900","1300","0900","C1500183","612","61","16690","35.175272222222219","126.880600000000001"
"광주광역시 북구 북문대로 113, 1층 (운암동)","공휴일 전화 연락 후 방문 요함","대로변운암주공3단지맞은편","운암프라자약국","062-514-7707","2200","0900","2200","0900","2200","0900","2200","0900","2200","0900","2200","0900","2200","0900","C1500564","612","56","16691","35.17928263804203","126.87503354650653"
"경기도 김포시 김포한강11로 288-27, 한강프라자 106, 107호 (운양동)","운양온누리약국","031-998-7174","1930","0900","1930","0900","1930","0900","1930","0900","1930","0900","1500","0900","C2106345","100","73","16692","37.65478280033616","126.68335968633874"
"서울특별시 성북구 회기로 9 (종암동)","운용약국","02-912-3417","2000","0900","2000","0900","2000","0900","2000","0900","2000","0900","1600","0900","C1102376","027","96","16693","37.5914320327837","127.037675992587"
"경기도 파주시 미래로602번길 3, 윤정프라자 108,109호 (와동동)","운정건강약국","031-941-5521","2100","0900","2100","0900","2100","0900","2100","0900","2100","0900","1500","0900","C2106659","108","95","16694","37.73130576328937","126.75166992864885"
"경기도 파주시 한울로 123 3층 (동패동)","2주,4주 수요일 휴무, 명절당일 휴무.","운정뜰약국","070-8849-8534","2200","1000","2200","1000","2200","1000","2200","1000","2200","1000","2200","1000","2200","1000","2200","1000","C2103198","109","05","16695","37.71033885061863","126.74510731956047"
"경기도 파주시 청암로17번길 53, 106호 (목동동, 월드타워2)","운정사랑약국","070-7799-2191","2100","0900","2100","0900","2100","0900","2100","0900","2100","0900","1700","0900","1400","0900","1400","0900","C2107476","108","92","16696","37.7281814497","126.7352231513"
"경기도 파주시 경의로1240번길 30, 112호 (와동동)","운정샤인약국","031-8070-8935","1800","0900","1800","0900","1800","0900","1800","0900","1800","0900","1300","0900","C2109812","108","96","16697","37.7276767207063","126.762633144183"
"경기도 파주시 경의로 1074, 삼융시네마 104호 (야당동)","운정시네마약국","031-945-1131","1800","0900","1800","0900","1800","0900","1800","0900","1800","0900","C2108887","109","08","16698","37.7131570773604","126.759892016322"
"경기도 파주시 와석순환로 72, 홍원프라자 106호 (야당동)","운정온누리약국","031-942-1905","2030","0830","2030","0830","2030","0830","2030","0830","2030","0830","1800","0830","C2107215","109","07","16699","37.7106438571","126.7512625784"
"경기도 파주시 교하로 87, 1층 102호 (목동동)","운정일번약국","031-947-7575","1800","0900","1800","0900","1800","0900","1800","0900","1800","0900","C2108197","108","92","16700","37.7276351585525","126.733927631718"
"경기도 파주시 와석순환로515번길 91, 109호 (와동동)","운정프라임약국","070-8286-7964","1800","0900","1800","0900","1800","0900","1800","0900","1800","0900","1300","0900","C2109118","108","96","16701","37.728265030704","126.763608173724"
"경기도 파주시 경의로1240번길 37-1, 1층 106호 (와동동)","운정프라자약국","031-943-6555","2100","0900","2100","0900","2100","0900","2100","0900","2100","0900","2100","0900","C2109099","108","96","16702","37.7287269707899","126.763659680105"
"경기도 파주시 해올1길 7, 103호 (다율동)","운정하모니약국","031-949-5689","1900","0900","1900","0900","1900","0900","1900","0900","1900","0900","1400","0900","C2109052","108","65","16703","37.7338563774749","126.730019004483"
"경기도 파주시 해올1길 12, 에스디드림스퀘어 1층 107호 (다율동)","운정해오름약국","031-943-9992","1800","0900","1800","0900","1800","0900","1800","0900","1800","0900","1300","0900","C2109629","108","65","16704","37.7335990751191","126.729514206963"
"경기도 성남시 분당구 운중로 115, 102호 (운중동, 판오션타워)","운중약국","031-705-7753","1900","0900","1900","0900","1900","0900","1900","0900","1900","0900","1400","0900","C2107263","134","61","16705","37.3920617318","127.0760678031"
"충청북도 청주시 흥덕구 1순환로 503 (봉명동)","운천약국","043-263-2458","1930","0900","1930","0900","1930","0900","1930","0900","1930","0900","1500","0900","C2300211","284","75","16706","36.647402777777778","127.465791666666661"
"광주광역시 서구 상무대로 880 (쌍촌동)","공휴일 전화 연락 후 방문 요함","운천종로약국","062-371-7117","2100","0900","2100","0900","2100","0900","2100","0900","2100","0900","2100","0900","2100","0900","C1501042","619","89","16707","35.1501714718","126.8582282357"
"광주광역시 서구 운천로 148, 1층 106호 (쌍촌동)","운천중앙약국","062-716-6842","1830","0830","2000","0830","1830","0830","2000","0830","1830","0830","1300","0830","C1501215","619","91","16708","35.14580424981681","126.85734912563295"
"경상북도 구미시 금오산로 54 (원평동)","운영시간 변경 예정, 방문 전 전화확인 필요","운현약국","054-452-4249","2100","0910","2100","0910","2100","0910","2100","0910","2100","0910","1700","0900","C2700955","392","25","16709","36.12763348020952","128.33723033939253"
"인천광역시 미추홀구 경인로34번길 4, (숭의동)","숭의로타리에서 제물포방향으로 장안4거리에 위치.","운현약국","032-883-2038","1900","0900","1900","0900","1900","0900","1900","0900","1900","0900","1300","0900","C1400129","221","69","16710","37.463665391990936","126.6469474850763"
"울산광역시 남구 대학로94번길 6, 1층 전면우측호 (무거동)","울대정문약국","052-222-8418","2200","1000","2200","1000","2200","1000","2200","1000","2200","1000","2200","1000","2200","1000","2200","1200","C1700666","446","11","16711","35.543066313679645","129.2604906581672"
"울산광역시 남구 남중로 48, 울산점 EMART (삼산동)","마트 휴무일에만 휴무","이마트3층","울산21세기약국","052-266-6166","2150","1000","2150","1000","2150","1000","2150","1000","2150","1000","2150","1000","2150","1000","2150","1000","C1700128","447","16","16712","35.53790879924646","129.34843998173406"
"울산광역시 남구 중앙로 258, (신정동)","신정시장 맞은편","울산선진약국","052-272-8555","1900","0900","1900","0900","1900","0900","1900","0900","1900","0900","1800","0900","1800","0900","C1700217","446","83","16713","35.5436656077737","129.31099267792945"
"울산광역시 중구 학성로 180, 101-102호 (학성동)","세민병원맞은편","울산세명약국","052-297-8275","2000","0800","2000","0800","2000","0800","2000","0800","2000","0800","1800","0800","1800","0900","1800","0900","C1700075","445","21","16714","35.5567429566","129.3305853119"
"울산광역시 남구 번영로250번길 9 (삼산동)","세이브존 지하 1층","울산세이브존약국","052-266-9500","2100","1000","2100","1000","2100","1000","2100","1000","2100","1000","2100","1000","2100","1000","2100","1000","C1700360","446","96","16715","35.54808029864923","129.32460429474355"
"울산광역시 남구 화합로194번길 12, 1층 (삼산동)","보람병원 신관 옆","울산약국","052-268-6966","2000","0830","2000","0830","2000","0830","2000","0830","2000","0830","1700","0830","1300","0830","1300","0830","C1700366","447","13","16716","35.54258840874117","129.3406665366427"
"울산광역시 남구 신정로37번길 21 (달동)","굿모닝병원 뒤편 주차장 입구","울산우리안약국","052-266-1502","1900","0900","1900","0900","1900","0900","1900","0900","1900","0900","1300","0900","C1700314","447","22","16717","35.534636638281704","129.31973210451014"
"울산광역시 북구 진장유통1로 74 (진장동)","01091859177","울산제일큰약국","052-288-9177","2000","1000","2000","1000","2000","1000","2000","1000","2000","1000","2200","1000","2200","1000","2200","1000","C1700741","442","49","16718","35.577159833958","129.355717100355"
"울산광역시 남구 수암로 107, (신정동)","수암시장건너편버스정류장앞","울산중앙약국","052-266-9250","1900","0900","1900","0900","1900","0900","1900","0900","1900","0900","1600","0900","1600","0900","1600","0900","C1700042","447","39","16719","35.52892278725225","129.31951134017484"
"울산광역시 남구 삼산로 269, 1층 (삼산동)","현대백화점옆탑텐클리닉빌딩1층","울산탑약국","052-261-0048","1900","0900","1900","0900","1900","0900","1900","0900","1900","0900","1530","0900","1600","1400","1800","1000","C1700237","447","05","16720","35.53949209371604","129.33669473258215"
"울산광역시 남구 월평로159번길 20, 1층 (신정동)","울산현대약국","052-260-4567","1900","0900","1900","0900","1900","0900","1900","0900","1900","0900","1330","0900","C1700713","446","86","16721","35.546597267244","129.322129266866"
"경상북도 울진군 울진읍 현내항길 78","울진군 당번약국 운영 (일요일 09:00부터 21:00까지 영업)","울진의료원 맞은편에 위치한 더불어 사는 울진메디칼약국 입니다. 당번약국은 보건소홈페이지, 휴일지킴이 앱에서 확인 가능합니다.","울진군의료원맞은편 연호ic입구","울진메디칼약국","054-783-8512","1900","0800","1900","0800","1900","0800","1900","0800","1900","0800","2100","0900","1900","0800","C2701004","363","25","16722","36.99197439765303","129.40842447273545"
"경상북도 울진군 울진읍 현내항길 81","울진군의료원 앞","울진제일약국","054-781-0556","2200","0830","2200","0830","2200","0830","2200","0830","2200","0830","1800","0830","C2701379","363","21","16723","36.992088268886114","129.40885033422663"
"서울특별시 영등포구 선유로 64 (문래동3가)","문래역3번출구도보5분","웃는내일약국","02-2068-9969","2000","0900","2000","0900","2000","0900","2000","0900","2000","0900","1600","0900","1230","0930","1230","0930","C1104045","072","95","16724","37.5196290903877","126.889679122256"
"부산광역시 북구 금곡대로 270, 화명동대림타운 1층 104호 (화명동)","2호선 화명역 2번출구","웃는약국","051-947-5600","1830","0900","1830","0900","1830","0900","1830","0900","1830","0900","2100","0900","C1200550","465","36","16725","35.23238536061592","129.013863643884"
"제주특별자치도 제주시 동광로 124, 기봉빌딩 1층 (일도이동)","점심시간 13:00~14:00","웃는약국","064-758-1232","1900","0830","1900","0830","1900","0830","1900","0830","1900","0830","1300","0830","C2900582","632","75","16726","33.5069867270985","126.540293885402"
"서울특별시 중랑구 면목로 306, 1층 (면목동)","웃는약국","02-6452-5959","2000","0900","2000","0900","2000","0900","2000","0900","2000","0900","1800","0900","C1110561","022","49","16727","37.5794328772401","127.087720604522"
"대전광역시 동구 동대전로 231, 제2동 1층 (가양동)","매월 마지막주 토요일은 운영안함","웃어요약국","042-672-9975","1900","0900","1900","0900","1900","0900","1900","0900","1900","0900","1500","0900","C1601390","345","97","16728","36.3420731673177","127.447871780329"
"서울특별시 관악구 남부순환로 1369, 1층 (신림동, 관악농협 농산물백화점)","웃음가득약국","02-863-1807","2050","0900","2050","0900","2050","0900","2050","0900","2050","0900","2050","0900","2050","0900","2050","0900","C1108625","087","68","16729","37.4801331328431","126.902907755863"
"전북특별자치도 익산시 평동로 740 (동산동)","웃음약국","063-854-8202","1900","0830","1900","0830","1900","0830","1900","0830","1900","0830","1300","0830","C2501297","546","76","16730","35.92908144661529","126.95960744260259"
"대구광역시 수성구 달구벌대로 2652, 1층 (만촌동)","웃음약국","053-000-0000","1900","0900","1900","0900","1900","0900","1900","0900","1900","0900","1300","0900","C1301888","420","68","16731","35.8556529376385","128.651688769388"
"서울특별시 은평구 가좌로 330, 지하3층 303호 (신사동)","웃음짓는약국","02-356-8028","1900","0900","1900","0900","1900","0900","1900","0900","1900","0900","1300","0900","C1109048","034","37","16732","37.5968525032668","126.908857113919"
"경기도 안성시 중앙2길 10, 1층 (대천동)","웃음짓는약국","031-674-2847","1800","0900","1800","0900","1800","0900","1800","0900","1800","0900","C2108857","175","89","16733","37.0082645970449","127.270222974835"
"경상북도 안동시 중앙로 62, 101호 (동부동)","안동시 동부동 김재왕내과의원 건너. (구)대우증권사거리","웅부약국","054-852-8578","1830","0800","1830","0800","1830","0800","1830","0800","1830","0800","1300","0800","C2700356","367","05","16734","36.56492734419783","128.73330542921533"
"경상남도 양산시 평산로 11, 101호 (평산동)","웅상힘약국","055-384-8381","2400","1000","1800","1000","1800","1000","1800","1000","1800","1000","1300","1000","C2802145","505","49","16735","35.3813022276222","129.153747197401"
"경기도 구리시 경춘북로 252, 841동 C179호 (갈매동, 갈매역아이파크)","웅약국","031-527-0924","2000","0900","2000","0900","1900","0900","2000","0900","2000","0900","1500","0900","C2108359","119","01","16736","37.6338125904837","127.118322701737"
"제주특별자치도 제주시 중앙로 195","웅진약국","064-723-7677","1800","0900","1800","0900","1200","0900","1800","0900","1800","0900","1200","0900","C2900085","631","97","16737","33.50199360333888","126.52842480997248"
"대전광역시 대덕구 중리로 9","한약국","웅진한약국","042-623-6464","1800","1000","1800","1000","1800","1000","1800","1000","1800","1000","1700","1000","C1601110","343","94","16738","36.359976317107815","127.42515190677156"
"전라남도 여수시 예울마루로 41 (웅천동)","웅천온누리약국","061-686-0030","1930","0930","1930","0930","1930","0930","1930","0930","1930","0930","1600","0930","C2600007","596","91","16739","34.7469137604356","127.67067170264474"
"서울특별시 광진구 워커힐로 177, 워커힐호텔 컨벤션동 지하1층 (광장동)","워커힐약국","02-457-4566","2000","1000","2000","1000","2000","1000","2000","1000","2000","1000","2000","1000","2000","1000","C1108399","049","63","16740","37.5586287308609","127.11170683593"
"대구광역시 서구 통학로48길 44 (비산동)","비산1동동사무소앞","원고개약국","053-558-3711","2400","0800","2400","0800","2400","0800","2400","0800","2400","0800","2400","0800","2400","1200","C1300392","417","45","16741","35.88119240989353","128.56782734353808"
"경기도 안산시 단원구 라성로 43, 310호 (원곡동, 벽산블루밍아파트상가)","원곡늘푸른약국","031-475-9270","2000","0900","2000","0900","2000","0900","2000","0900","2000","0900","1600","0900","C2101965","153","81","16742","37.327536111111108","126.800236111111104"
"경기도 안산시 단원구 원곡로 53-1","원곡메디칼약국","031-508-5400","2200","0900","2200","0900","2200","0900","2200","0900","2200","0900","2200","0900","2200","0900","C2101926","153","76","16743","37.33188731062559","126.79371796963099"
"경기도 안산시 단원구 화랑로 39, 1층 (원곡동)","원곡우리들약국","031-495-2566","1800","0900","1800","0900","1800","0900","1800","0900","1800","0900","C2101436","153","74","16744","37.33092982527611","126.79647377111736"
"경기도 안산시 단원구 중앙대로 461, 1층 101호 (원곡동)","안산역1번출구건너편","원곡종로약국","031-493-7580","2200","0900","2200","0900","2200","0900","2200","0900","2200","0900","2200","0900","2200","0900","2200","0900","C2101963","153","93","16745","37.327987041871026","126.7903923024293"
"경기도 안산시 단원구 원초로 30, 308호 (원곡동, 보성프라자)","원곡햇살약국","031-410-7839","1900","0900","1900","0900","1900","0900","1900","0900","1900","0900","1600","0900","1300","0900","C2106912","153","82","16746","37.32840119721739","126.80170025641587"
"경기도 수원시 영통구 대학로 43, B동 103호 (이의동)","원광약국","031-202-7798","1930","0930","1930","0930","1930","0930","1930","0930","1930","0930","C2104369","162","25","16747","37.25194570272443","127.0743817959855"
"인천광역시 부평구 체육관로 18, 103호 (삼산동)","원광한약국","032-514-5688","1830","0930","1830","0930","1830","0930","1830","0930","1830","0930","C1402118","213","44","16748","37.5083675736892","126.733628745974"
"경기도 안양시 동안구 평촌대로223번길 49, 아트타워빌딩 5층 501호 (호계동)","원광한약국","031-383-3180","1900","0900","1900","0900","1900","0900","1900","0900","1900","0900","1500","0900","C2101102","140","72","16749","37.389977777777780","126.953424999999996"
"대구광역시 달서구 월서로 20","원광한약국","053-635-0246","2000","1000","2000","1000","2000","1000","2000","1000","2000","1000","1700","1000","C1301367","704","808","16750","35.8207488964234","128.53229495842947"
"경기도 수원시 장안구 대평로90번길 46","일반의약품은 취급안함( 한약관련 )","원광한약국","031-268-1177","1900","1000","1900","1000","1900","1000","1900","1000","1900","1000","C2104316","163","34","16751","37.29695836186652","126.99519665406726"
"인천광역시 서구 탁옥로98번길 1, 106호 (심곡동)","원광한약국","032-564-7757","1800","1000","1800","1000","1800","1000","1800","1000","1800","1000","C1401554","227","11","16752","37.399511174883834","126.72481897806911"
"경기도 군포시 산본로323번길 26-30, 302호 (산본동, 여명프라자)","원광한약국","031-394-1079","1900","0930","1900","0930","1900","0930","1900","0930","1900","0930","1300","1000","C2104340","158","65","16753","37.35972976134702","126.93046667907654"
"충청남도 아산시 번영로217번길 25-9(모종동)","원광한약국","041-541-1642","1900","1000","1900","1000","1900","1000","1900","1000","1900","1000","C2401774","315","22","16754","36.7866207933282","127.013829968767"
"경상북도 구미시 원남로 7 (남통동)","원남약국","054-458-2700","1830","0830","1830","0830","1830","0830","1830","0830","1830","0830","1300","0830","C2700108","730","050","16755","36.130781747990774","128.32244458919695"
"충청북도 보은군 삼승면 원남로 31-2","원남약국","043-544-6464","1800","0830","1800","0830","1800","0830","1800","0830","1800","0830","1300","0830","C2300154","289","25","16756","36.39632421370708","127.73221271475539"
"대전광역시 유성구 진잠로78번길 69, (원내동)","원내성심약국","042-543-5133","2030","0900","2030","0900","2030","0900","2030","0900","2030","0900","1800","0900","C1600417","342","30","16757","36.299380555555558","127.319758333333340"
"경기도 고양시 덕양구 호국로 803 (주교동, 세창아파트)","원당시장약국","031-968-5969","2100","0800","2100","0800","2100","0800","2100","0800","2100","0800","2000","0800","C2107118","104","62","16758","37.65784144142544","126.83707432359803"
"경기도 고양시 덕양구 호국로 788, 1층 (성사동)","원당시장대로변","원당약국","031-962-5114","2100","0900","2100","0900","2100","0900","2100","0900","2100","0900","2100","0900","2100","0900","2100","0900","C2103002","104","64","16759","37.65631850387612","126.8362220597026"
"인천광역시 서구 원당대로 866, 202호 (당하동, 세브란스빌딩)","원당연세약국","032-569-2773","1900","0830","1900","0830","1900","0830","1900","0830","1900","0830","1400","0830","C1400795","226","82","16760","37.593215058691605","126.69765901124279"
"인천광역시 서구 원당대로 859","원당LG자이APT 대로변","원당우리약국","032-568-1591","2100","0900","2100","0900","2100","0900","2100","0900","2100","0900","1400","0900","1400","0900","C1400549","226","24","16761","37.594006536764205","126.6971213458327"
"서울특별시 관악구 남부순환로248길 15, 1층 (봉천동)","원당프라자약국","02-872-0050","2000","0900","2000","0900","2000","0900","2000","0900","2000","0900","1800","0900","C1109009","087","93","16762","37.4753518868978","126.965721925992"
"광주광역시 남구 양림로 72, (양림동)","한약국","원당한약국","062-675-5275","1830","0930","1830","0930","1830","0930","1830","0930","1830","0930","1500","1000","C1500330","616","63","16763","35.13762465479417","126.91660292133286"
"대구광역시 달서구 월배로 317, 1층(송현동)","원더풀약국","053-655-8270","1900","0830","1900","0830","1900","0830","1900","0830","1900","0830","1400","0830","C1300596","427","42","16764","35.8241166151","128.5454056792"
"경상북도 포항시 남구 오천읍 원동로 75, 103호 (오천읍)","원동농협(오천농협 원동지점) 옆 건물","원동약국","054-249-0400","1830","0900","1830","0900","1830","0900","1830","0900","1830","0900","1300","0900","C2701449","378","83","16765","35.9697218584","129.4023526517"
"충청북도 청주시 청원구 안덕벌로 40, (내덕동)","청주시상당구내덕2동109-19","원동약국","043-213-6457","2000","0900","2000","0900","2000","0900","2000","0900","2000","0900","1900","0900","1900","1000","C2300330","285","02","16766","36.65757719000854","127.49299882484982"
"경기도 화성시 매송면 푸른들판로 2028 (매송면)","매송IC좌회전후전방50M프린스장건너편","원리반월당약국","031-296-7005","2100","0830","2100","0830","2100","0830","2100","0830","2100","0830","2000","0930","1900","1000","C2100943","182","86","16767","37.278069689633064","126.88504930095966"
"충청남도 천안시 서북구 음봉로 909-11 (백석동)","천안시 서북구 백석동 604 에 위치한 원마트마트약국입니다 (원랜드,원마트 주차장앞) 체질상담 체질한약 일반의약품판매와 건강기능식품판매.. 건강상담 해드립니다","메가마트 1층","원마트약국","041-584-2234","2000","0930","2000","0930","2000","0930","2000","0930","2000","0930","2000","0930","2000","0930","C2400458","310","94","16768","36.86164091811418","127.15229771363871"
"경기도 부천시 원미로 113","3째주 일요일만 운영(09:00~14:00)","원미사랑약국","032-657-9556","2000","0900","2000","0900","2000","0900","2000","0900","2000","0900","C2103690","145","68","16769","37.49281690882238","126.79070837828262"
"경기도 부천시 부천로 107 (심곡동)","원미 북초등학교 사거리 보람내과의원건물 1층","원미쎈타약국","032-668-7313","1930","0900","1930","0900","1930","0900","1930","0900","1930","0900","1800","0830","C2100226","420","820","16770","37.493816308802764","126.78464551246728"
"전북특별자치도 전주시 완산구 전주객사5길 17, (고사동)","객사 뒤","원민약국","063-284-8422","1700","0900","1700","0900","1700","0900","1700","0900","1700","0900","1700","0900","C2500510","549","99","16771","35.81892238166251","127.14541706793604"
"강원특별자치도 속초시 중앙로129번길 60 (중앙동)","원산한약국","033-633-9309","1900","0900","1900","0900","1900","0900","1900","0900","1900","0900","1800","0900","1800","0900","C2201125","248","32","16772","38.2053093292953","128.58921475402119"
"서울특별시 서초구 반포대로 291, 원베일리 스퀘어 115A호 (반포동)","원스퀘어약국","0507-1440-2416","1900","0830","1900","0830","1830","0830","1900","0830","1900","0830","1600","0900","1400","1000","C1110474","065","06","16773","37.5049020694443","126.999480997797"
"충청남도 천안시 동남구 목천읍 삼성5길 19 (비호무도아카데미)","서울성심의원 앞","원앙약국","041-568-9311","1930","0900","1930","0900","1930","0900","1930","0900","1930","0900","1600","0900","C2400773","312","26","16774","36.761039286096604","127.17452561109334"
"대전광역시 서구 관저북로 12, 1층 (관저동)","원앙마을4단지정문","원앙약국","042-541-1314","1930","0840","1930","0840","1930","0840","1930","0840","1930","0840","1400","0840","C1600433","353","64","16775","36.3028950230013","127.33728755784728"
"경기도 고양시 일산동구 정발산로 47, 웅신아트 1층 105호 (장항동)","원약국","031-932-6564","1800","1000","1800","1000","1800","1000","1800","1000","1800","1000","C2108551","104","02","16776","37.6577562129592","126.773723421027"
"경기도 안산시 단원구 동산로 60, 145,146호 (원시동)","안산시반월공단본부건너편신한은행옆","원약국","031-492-5245","2100","0900","2100","0900","2100","0900","2100","0900","2100","0900","C2100988","154","34","16777","37.31315897392012","126.7970274212305"
"경기도 오산시 수청로 201, 105호 (금암동, 센타프라자)","일요일, 공휴일 전화 확인 후 방문","세교택지지구 근생3블록1로트","원약국","070-4038-2706","2100","0900","2100","0900","2100","0900","2100","0900","2100","0900","1300","0900","C2102123","181","09","16778","37.17639887220582","127.04452751283344"
"서울특별시 중랑구 망우로 353, C동 313호 (상봉동, 상봉 프레미어스 엠코)","원약국","02-438-7798","1900","0900","1900","0900","1900","0900","1900","0900","1900","0900","1330","0900","1200","0900","1200","1000","C1108886","020","87","16779","37.5983328190955","127.091624142481"
"서울특별시 노원구 동일로 1098 (공릉동)","원약국","02-977-1824","1900","0900","1900","0900","1900","0900","1900","0900","1900","0900","1300","0900","C1109302","018","39","16780","37.6279664534118","127.072245353338"
"서울특별시 강서구 남부순환로11가길 104, 1층 (공항동)","원약국","02-2064-7599","1900","0900","1900","0900","1900","0900","1900","0900","1900","0900","1500","0900","C1104126","076","25","16781","37.5582066121367","126.813516560468"
"서울특별시 은평구 은평로 121 (응암동)","원약국","02-388-6700","2130","0830","2130","0830","2130","0830","2130","0830","2100","0830","1800","0830","2100","1700","2100","1700","C1107017","034","61","16782","37.6004493355977","126.921096166394"
"경기도 성남시 분당구 판교로 375, 503일부호 (삼평동, 메가스페이스1)","원약국","031-705-3720","1900","0900","1900","0900","1900","0900","1900","0900","1900","0900","C2103516","134","89","16783","37.40442063119956","127.11559142845994"
"경기도 고양시 일산서구 호수로 817, 레이킨스몰 264(일부)호 (대화동)","원약국","070-4156-7861","2000","1000","2000","1000","2000","1000","2000","1000","1630","1000","1630","1000","C2108047","103","91","16784","37.6679852998624","126.7516453042934"
"경기도 남양주시 진건읍 사릉로402번길 2, 101호 (진건읍)","원약국","031-575-7571","1800","0900","1800","0900","1800","0900","1800","0900","1800","0900","C2108146","121","36","16785","37.6564212578317","127.179951551714"
"경기도 이천시 부발읍 경충대로 2172","이천IC 방향 출구 앞","원약국","031-635-6161","1300","0900","1300","0900","1300","0900","1300","0900","1300","0900","1300","0900","C2103838","173","32","16786","37.2690084019","127.4774435862"
"울산광역시 북구 아진로 78 (상안동)","맑음샘빌딩 105호","원약국","052-293-8277","1830","0900","1830","0900","1300","0900","1830","0900","1830","0900","1300","0900","C1700305","442","08","16787","35.63042599681073","129.3403208690072"
"대전광역시 유성구 대덕대로 586","원약국","042-867-6950","2100","0900","2100","0900","2100","0900","2100","0900","2100","0900","1500","0900","C1600012","341","21","16788","36.38519898003859","127.37894093514117"
"서울특별시 관악구 은천로 61, 1층 101호 (봉천동, 은천누리에뜰)","원약국","02-888-0527","1900","0900","1900","0900","1900","0900","1900","0900","1900","0900","1400","0900","C1109012","087","16","16789","37.4863805612294","126.942260028869"
"서울특별시 광진구 아차산로 229, 한림타워 1층 103호 (화양동)","원약국","02-468-8797","2000","0930","2000","0930","1900","1000","2000","0930","2000","0930","1530","0930","C1108880","050","18","16790","37.540809126931","127.068990676571"
"경기도 용인시 처인구 금령로 95, 1층 (김량장동)","원약국","031-333-4172","1800","0900","1800","0900","1800","0900","1800","0900","1800","0900","2100","0900","2100","0900","C2109801","170","52","16791","37.2357080859566","127.206834614276"
"경상남도 양산시 물금읍 부산대학로 130, 101호","원약국","055-383-8188","1900","0900","1900","0900","1900","0900","1900","0900","1900","0900","1300","0900","C2802210","506","52","16792","35.3172099969322","129.010034917735"
"전북특별자치도 전주시 덕진구 기린대로 471-1 (덕진동1가)","덕진동 지하보도 옆","원약국","063-254-7572","1800","0900","1800","0900","1800","0900","1800","0900","1800","0900","1230","0900","C2500567","548","93","16793","35.84185755693759","127.12591659709076"
"전북특별자치도 익산시 중앙로 4","중앙동 제일은행 옆","원약국","063-851-6911","1830","0900","1830","0900","1830","0900","1830","0900","1830","0900","1200","0900","C2500517","545","93","16794","35.93969120513408","126.94735891146476"
"충청남도 논산시 계백로 995(취암동)","논산시외버스터미널 맞은편입니다. 토요일에도 늦게까지 정상근무합니다.","원약국","041-735-4172","1930","0830","1930","0830","1930","0830","1930","0830","1930","0830","1930","0830","1900","1000","C2401766","329","71","16795","36.2037178979284","127.08824108805"
"전북특별자치도 정읍시 중앙로 85-1 (수성동)","공휴일은 전화후 방문","공휴일 전화후 방문","이영식 이비인후과 옆,군청로타리","원약국","063-535-5350","1830","0830","1830","0830","1830","0830","1830","0830","1830","0830","1300","0830","C2500397","561","61","16796","35.569352589134745","126.84957951285045"
"충청남도 아산시 탕정면 한들물빛5로 17, 1층 102호","원약국","041-910-7800","2200","0900","2200","0900","2200","0900","2200","0900","2200","0900","2200","0900","2200","0900","2200","0900","C2401809","314","65","16797","36.787212457757","127.08525035055"
"경기도 용인시 수지구 성복2로 162, 105호 (성복동, LG빌리지6차 상가동)","엘지빌리지6차상가 105호","원약국","031-272-2351","2100","0900","2100","0900","2100","0900","2100","0900","2100","0900","2100","0900","C2103179","168","09","16798","37.312503298332324","127.07845162850163"
"대전광역시 서구 문정로 88 (탄방동)","원약국","042-487-7278","1900","0900","1900","0900","1900","0900","1900","0900","1900","0900","1400","0900","1700","0900","C1601024","352","63","16799","36.34643781779291","127.38895866695078"
"광주광역시 동구 필문대로 186, (산수동)","산수오거리와 광주은행 사이","원약국","062-226-6238","1800","0830","1800","0830","1800","0830","1800","0830","1800","0830","1300","0830","C1500150","614","33","16800","35.154199836616","126.93140767712629"
"경상북도 김천시 자산로 154-1 (성내동)","원약국","054-433-1838","1730","0830","1730","0830","1730","0830","1730","0830","1730","0830","1300","0830","C2701381","395","86","16801","36.12406357383334","128.11828829859203"
"강원특별자치도 강릉시 노가니길 31 (노암동)","노암동 한라아파트 진입로 중간","원약국","033-644-4677","1930","0830","1930","0830","1930","0830","1930","0830","1930","0830","1600","0830","1800","1000","C2200339","255","91","16802","37.747667618894674","128.90160047137837"
"경상북도 구미시 선산읍 남문로 34","일요일은 당번일 경우만 운영(08:30-19:00)","원약국","054-481-7374","1900","0830","1900","0830","1900","0830","1900","0830","1900","0830","1300","0830","C2701455","391","26","16803","36.2404902452","128.3020231146"
"강원특별자치도 원주시 나비허리길 169, 103호 (관설동)","원약국","033-765-6953","1900","0900","1900","0900","1900","0900","1900","0900","1900","0900","1200","0900","C2201094","264","71","16804","37.3185243000649","127.965856286565"
"전라남도 순천시 팔마로 211 (덕암동)","원약국","061-745-4547","2100","0900","2100","0900","2100","0900","2100","0900","2100","0900","A2602368","579","64","16805","34.9409953739471","127.509724197208"
"대구광역시 달서구 구마로 217, 1층 (성당동)","일요일은 불규칙적으로 운영하므로 전화 필수","그린맨션맞은편","원약국","053-621-9504","1900","0900","1900","0900","1900","0900","1900","0900","1900","0900","1400","0900","C1300153","426","81","16806","35.837420521166464","128.54915364969048"
"인천광역시 남동구 백범로 325-2 (간석동) (간석동)1층","원약국","032-441-8252","1800","0900","1800","0900","1800","0900","1800","0900","1800","0900","C1401468","215","44","16807","37.46391102724771","126.713772471024"
"인천광역시 남동구 호구포로 770, (구월동)","모래내시장(소구월버스정거장)근처홍외과1층","원약국","032-465-7722","1800","0900","1800","0900","1800","0900","1800","0900","1800","0900","1300","0900","C1400241","215","36","16808","37.45105749389678","126.71914676694328"
"부산광역시 북구 금곡대로 166, 상가동 3층 316호 (화명동, 롯데캐슬카이저)","수정역 4번 출구","원약국","051-363-4555","1900","0900","1900","0900","1900","0900","1900","0900","1900","0900","1400","0900","C1202614","465","39","16809","35.2263603201003","129.012210130511"
"서울특별시 서초구 서초중앙로 36, 1층 (서초동, 준영빌딩)","원약국","02-582-2628","1930","0900","1930","0900","1930","0900","1930","0900","1930","0900","1400","0900","C1107389","066","43","16810","37.48556823488","127.016208730523"
"충청북도 청주시 흥덕구 오송읍 오송생명7로 136, 102호","매주 일요일 정기휴무","원약국","0507-1370-3073","2000","0900","2000","0900","2000","0900","2000","0900","2000","0900","1530","0900","C2301245","282","22","16811","36.619821750903","127.315386748492"
"충청북도 진천군 진천읍 상산로 77","토일 약국사정에 따라 종료시간 상이, 반드시 전화후방문","원약국","043-535-4172","2030","0900","2030","0900","2030","0900","2030","0900","2030","0900","1900","0900","1900","0900","C2301239","278","33","16812","36.8547285290763","127.442648560225"
"경기도 부천시 역곡로 470, 1층 (고강동, 유진프라자)","원약국","032-681-8388","2000","0830","2000","0830","2000","0830","2000","0830","2000","0830","C2106904","144","11","16813","37.52655822902455","126.81633174921158"
"충청북도 청주시 흥덕구 진재로 141, 대농지구 롯데캐슬시티 122호 (복대동)","원온누리약국","043-715-1733","2100","0900","2100","0900","2100","0900","2100","0900","1300","0900","2100","1300","C2301304","284","25","16814","36.6436916593296","127.431060254591"
"서울특별시 마포구 월드컵북로 396, B1070호 (상암동, 누리꿈스퀘어)","원온누리약국","02-2132-8077","1830","0900","1830","0900","1830","0900","1830","0900","1830","0900","1300","0900","C1108897","039","25","16815","37.5794283422818","126.889782954548"
"부산광역시 해운대구 선수촌로 104-10, 선수촌빌딩 (반여동)","원온누리약국","051-784-7661","1845","0900","1845","0900","1845","0900","1845","0900","1845","0900","1500","0900","1300","0900","C1202382","480","37","16816","35.1946532234","129.1298667932"
"경기도 성남시 분당구 대왕판교로606번길 58, 판교푸르지오월드마크 1층 1-89호 (삼평동)","원이약국","031-605-3131","1800","0900","1800","0900","1800","0900","1800","0900","1800","0900","1300","0900","C2109735","135","25","16817","37.3954205092827","127.113554546191"
"강원특별자치도 원주시 원일로 89, 1층 (일산동)","원일약국","033-747-4387","1730","0900","1730","0900","1730","0900","1730","0900","1730","0900","1200","0900","C2201097","264","31","16818","37.34863500334271","127.949799738303"
"충청북도 제천시 청전대로 182, 비둘기아파트 (청전동)","공휴일은 병원 진료시간에 따라 변동(전화 요망)","강남의원 옆 / 청전동우체국맞은편비둘기아파트상가","원일약국","043-653-9959","2100","0900","2100","0900","1800","0900","1800","0900","2100","0900","1300","0900","C2300128","271","52","16819","37.151663449422706","128.21762208581973"
"부산광역시 기장군 장안읍 좌동길 39","동남권원자력의학원 버스정류장","원자력 가람약국","051-727-9888","1800","0900","1800","0900","1800","0900","1800","0900","1800","0900","C1201221","460","33","16820","35.320698188253616","129.24209008020466"
"부산광역시 기장군 장안읍 좌동길 37 (장안읍)","2016.12.12 -정식오픈","동남권원자력의학원 맞은편","원자력메디칼약국","051-727-8967","1800","0900","1800","0900","1800","0900","1800","0900","1800","0900","C1202302","460","33","16821","35.3205637043","129.2420520078"
"서울특별시 노원구 공릉로46길 18 (공릉동, 윤탁노블레스)","윤탁노블레스빌딩 107호 원자프라자약국","원자프라자온누리약국","02-974-1242","2000","0900","2000","0900","2000","0900","2000","0900","2000","0900","1400","0900","2000","0900","C1103341","018","15","16822","37.6271730017224","127.079993640334"
"대전광역시 중구 중앙로129번길 30 (선화동)","일반의약품만 구매가능","원정약국","042-253-9920","2100","0830","2100","0830","2100","0830","2100","0830","2100","0830","2000","0900","2000","0900","2000","0900","C1600330","348","38","16823","36.329269444444442","127.423500000000004"
"서울특별시 중구 청구로 70, 신진빌딩 1층 (신당동)","청구역에서 흥인초등학교 옆","원정약국","02-2234-1933","1900","0900","1900","0900","1900","0900","1900","0900","1900","0900","1400","0900","C1102910","045","86","16824","37.5601290198261","127.014638984408"
"경기도 부천시 오정구 원종로 41, 1층 일부 (원종동)","원종고래약국","032-719-7334","1800","0900","1800","0900","1800","0900","1800","0900","1800","0900","1300","0900","C2109749","144","27","16825","37.5242632559362","126.804468527211"
"경기도 부천시 소사로 773 (원종동)","원종사거리국민은행맞은편","원종백문약국","032-677-9354","2200","0900","2200","0900","2200","0900","2200","0900","2200","0900","2200","0900","2230","1100","2230","1100","C2100362","144","27","16826","37.52522031604561","126.80459128204926"
"경기도 부천시 소사로 799 (원종동)","원종센타약국","032-675-2663","2100","0900","2100","0900","2100","0900","2100","0900","2100","0900","2100","0900","C2100013","144","27","16827","37.527399443769205","126.80458038008899"
"경기도 부천시 원종로 50 (원종동)","원종사거리 나들이길방향 10M 농협옆건물 1층","원종온누리약국","032-673-8705","1800","0900","1800","0900","1800","0900","1800","0900","1800","0900","1300","0900","C2100175","144","24","16828","37.52391722749091","126.80553701658937"
"경기도 부천시 소사로 754, 3층 (원종동)","원종사거리 롯데리아 옆건물","원종이화약국","032-683-7133","1900","0930","1900","0930","1900","0930","1900","0930","1900","0930","1400","0930","1230","0930","1200","0930","C2100195","144","24","16829","37.523240951936465","126.80521862948899"
"강원특별자치도 원주시 서원대로 174, (단계동)","* 공공심야약국(22시~익일 새벽 1시까지)","시외버스터미널 길 건너편","원주대문약국","033-763-6342","2500","0800","2500","0800","2500","0800","2500","0800","2500","0800","2500","0800","2500","0800","2500","0800","C2200531","263","82","16830","37.34389648524297","127.93074462132514"
"강원특별자치도 원주시 호저면 원문로 691","원주대형약국","033-733-1065","2300","0800","2300","0800","2300","0800","2300","0800","2300","0800","2300","0800","2300","0800","2300","0800","C2201061","263","48","16831","37.3499125238792","127.897257289687"
"강원특별자치도 원주시 일산로 25 (일산동)","원주백세약국","033-747-8875","1830","0900","1830","0900","1830","0900","1830","0900","1830","0900","C2201068","264","27","16832","37.3488353042997","127.947427947295"
"강원특별자치도 원주시 중앙로 136, (중앙동)","자유상가 지나서 중앙로B도로 관광호텔사거리","원주시장약국","033-745-7575","2000","0830","2000","0830","2000","0830","2000","0830","2000","0830","1900","0830","1900","0900","1900","0900","C2200382","264","28","16833","37.350944444444444","127.949616666666671"
"강원특별자치도 원주시 원일로 106-1(중앙동)","원동사거리, 케이알병원 옆","원주약국","033-742-2822","1900","0830","1900","0830","1900","0830","1900","0830","1900","0830","1400","0830","C2200180","264","28","16834","37.347169444444447","127.948977777777785"
"강원특별자치도 원주시 판부면 서곡널다리길 2","원주제일큰약국","033-761-1890","2200","0900","2200","0900","2200","0900","2200","0900","2200","0900","2200","0900","2200","0900","2200","0900","C2201130","263","99","16835","37.3234017286873","127.937328132714"
"경기도 부천시 소사로 756, 우진빌딩 1층 (원종동)","원중약국","032-213-7650","2030","0900","2030","0900","2030","0900","2030","0900","2030","0900","1530","0900","C2107818","144","24","16836","37.52344457414573","126.80521242332522"
"인천광역시 중구 제물량로 121, (답동)","송도중학교옆","원지당약국","032-762-3064","1800","0900","1800","0900","1800","0900","1800","0900","1800","0900","1800","0900","C1400406","223","24","16837","37.468808251829216","126.63012977644104"
"경상남도 산청군 신안면 원지강변로63번길 30-26, 1층","원지우리약국","055-972-4505","1800","0800","1800","0800","1800","0800","1800","0800","1800","0800","1300","0830","C2801701","522","49","16838","35.29861012533929","127.95772592418177"
"대구광역시 달서구 구마로 265","청광빌딩 지하 원진약국","원진약국","053-621-0205","1830","0900","1830","0900","1830","0900","1830","0900","1830","0900","1400","0900","C1300537","426","80","16839","35.83778276044435","128.55683230448057"
"서울특별시 중구 을지로 164, 베스트웨스턴호텔국도 1층 (을지로4가)","원진온누리약국","02-6466-1983","1900","0830","1900","0830","1900","0830","1900","0830","1900","0830","1300","0830","C1108634","045","48","16840","37.56618051111","126.996298813435"
"경기도 수원시 영통구 월드컵로179번길 6","원천약국","031-213-0028","1830","0830","1830","0830","1830","0830","1830","0830","1830","0830","1300","0900","C2101258","165","02","16841","37.27858005520392","127.04569511801364"
"강원특별자치도 인제군 북면 원통로 220 (북면)","원통약국","033-462-3777","1830","0830","1830","0830","1830","0830","1830","0830","1830","0830","1500","0830","1800","0830","1500","0830","C2200024","246","16","16842","38.12421293039467","128.20776412370137"
"전북특별자치도 익산시 하나로 443, 101호 (영등동)","원팜약국","063-722-9900","1900","0900","1900","0900","1900","0900","1900","0900","1900","0900","1300","0900","C2501385","545","46","16843","35.9599440072402","126.981004278733"
"경상북도 구미시 고아읍 문장로26길 3, 2층 201호 (낙원프라자)","원호우리약국","054-441-0238","1930","0830","1930","0830","1930","0830","1930","0830","1930","0830","1700","0830","1330","0830","1330","0830","C2700018","391","49","16844","36.152195858407524","128.3319238580653"
"전북특별자치도 전주시 완산구 용머리로 290, (서완산동1가)","시외버스 배차장 입구","원화당약국","063-284-4666","1800","0900","1800","0900","1800","0900","1800","0900","1800","0900","1330","0900","C2500446","550","97","16845","35.812138888888889","127.139327777777780"
"경기도 고양시 덕양구 권율대로 685, 105호,106호 (원흥동)","원흥메디컬약국","031-965-5757","2130","0800","2130","0800","2130","0800","2130","0800","2130","0800","C2108218","105","60","16846","37.6512009108214","126.874069957986"
"경기도 고양시 덕양구 권율대로 672, 3호선 원흥역 봄오피스텔 311,312호 (원흥동)","원흥온누리약국","031-967-2265","2000","0900","2000","0900","2000","0900","2000","0900","2000","0900","2000","0900","C2107341","105","64","16847","37.6497896647","126.8749667465"
"경기도 용인시 수지구 만현로 110","/ 원희캐슬프라자 B동111-2호","원희온누리약국","031-897-7856","2000","0900","2000","0900","2000","0900","2000","0900","2000","0900","1700","0900","C2103643","169","30","16848","37.30680478758605","127.0843970834141"
"서울특별시 노원구 석계로 104, 그린빌딩 101,102호 (월계동)","월계365약국","02-6091-3957","2300","1000","2300","1000","2300","1000","2300","1000","2300","1000","2200","1000","2200","1000","2200","1000","C1110133","018","86","16849","37.6231787796716","127.060752840168"
"서울특별시 노원구 월계로45길 28, 1층 2-3호 (월계동, 월계아파트형 공장내)","서울특별시노원구월계동561번징월계아파트형공장1층2ㅡ3호","월계약국","02-905-2340","1900","0900","1900","0900","1900","0900","1900","0900","1900","0900","1400","0900","C1101038","018","82","16850","37.6268415975561","127.050970904678"
"광주광역시 광산구 월계로 100, 1층 (월계동)","월계초사거리","월계약국","062-971-4822","1900","0900","1900","0900","1900","0900","1900","0900","1900","0900","1300","0900","C1500455","622","66","16851","35.21327326228822","126.8365504494983"
"서울특별시 노원구 마들로 111, 214호 (월계동, 삼호나상가)","삼호나상가 214호","월계우리약국","02-974-1717","1830","0830","1830","0830","2000","0830","1830","0830","1830","0830","1300","0830","C1103249","019","09","16852","37.6238343591525","127.064778103315"
"광주광역시 광산구 월계로 195","공휴일 당일 휴무 기상악화 및 공휴일운영시 방문전 전화필요","첨단호반리젠시빌3-5차 건너편","월계종로약국","062-972-1303","2200","0900","2200","0900","2200","0900","2200","0900","2200","0900","2200","0900","2100","0900","C1500467","622","77","16853","35.213538772146435","126.84700466565931"
"서울특별시 노원구 초안산로5길 12, 110호 (월계동, 월계프라자)","대우 프루지오 아파트 앞 종합상가","월계프라자약국","02-2214-9402","1830","0830","1830","0830","1830","0830","1830","0830","1830","0830","1400","0830","C1101040","018","68","16854","37.6325606295737","127.051747902831"
"서울특별시 성북구 화랑로 102, 102호 (하월곡동)","월곡건강약국","070-8633-5251","2100","0900","2000","0900","2000","0900","2100","0900","2000","0900","1500","0900","C1110675","027","93","16855","37.6031467428278","127.043136599272"
"서울특별시 성북구 화랑로 61, 1층 (하월곡동)","월곡보건약국","02-909-8144","1900","0900","1900","0900","1900","0900","1900","0900","1900","0900","C1108664","027","51","16856","37.6026344702756","127.039173301852"
"서울특별시 성북구 월계로 52 (하월곡동, 에스엠메디칼)","창문여자중학교맞은편하월곡동우리은행옆/에스엠메디칼 102호","월곡우리약국","02-917-7400","1900","0830","1900","0830","1900","0830","1900","0830","1900","0830","1500","0830","C1101042","027","41","16857","37.6114796332605","127.035579387829"
"서울특별시 성북구 화랑로 76, 코업스타클래스 지하1층 (하월곡동)","월곡플러스약국","02-943-1432","2130","1000","2130","1000","2130","1000","2130","1000","2130","1000","2130","1000","2130","1000","2130","1000","C1109612","027","51","16858","37.6017059749991","127.040579524379"
"경기도 김포시 월곶면 애기봉로 11","조각공원 30m인근","월곶약국","031-987-8780","2100","0830","2100","0830","2100","0830","2100","0830","2100","0830","2000","0900","2000","0900","C2100398","100","24","16859","37.71621115303395","126.55566429332633"
"경기도 시흥시 월곶중앙로70번길 3, 118호 (월곶동, 풍림프라자)","토요일은 운영시간이 유동적임","월곶온누리약국","031-318-2808","2200","0900","2200","0900","2200","0900","2200","0900","2200","0900","2100","0900","1500","0900","C2102110","149","64","16860","37.38941274846019","126.73804679063625"
"경기도 안산시 단원구 중앙대로 449, 1층 1호 (원곡동)","월드약국","050-71342-0671","2200","0800","2200","0800","2200","0800","2200","0800","2200","0800","2200","0800","2200","0800","2200","0800","C2109376","153","94","16861","37.328566184542","126.789297670252"
"부산광역시 연제구 거제천로 248 (연산동)","공휴일 전화 후 방문요망","버스정류장: 월드메르디앙 출입구","월드약국","051-867-6493","2000","0900","2000","0900","2000","0900","2000","0900","2000","0900","1700","0900","1700","1000","C1201328","475","18","16862","35.191894444444443","129.084061111111112"
"경기도 파주시 가온로 27, 교하1차월드메르디앙상가동 204호 (목동동)","월드약국","031-948-1500","2000","0900","2000","0900","2000","0900","2000","0900","2000","0900","1500","0900","C2102533","108","93","16863","37.72703460343784","126.74304881773871"
"대구광역시 달서구 와룡로 169, 101동 104호 (감삼동, 월드마크웨스트엔드)","월드약국","053-522-3738","1900","0900","1900","0900","1900","0900","1400","0900","1900","0900","1400","0900","C1301608","426","88","16864","35.84873282750851","128.53639085459335"
"대전광역시 유성구 은구비로 36, 102-A호 (지족동)","공휴일 전화후 방문요망","열매마을5단지정문잎","월드약국","042-477-7968","2000","0900","2000","0900","2000","0900","2000","0900","2000","0900","1630","0900","1600","0900","C1600481","340","86","16865","36.375716589073036","127.31894538680558"
"울산광역시 동구 방어진순환도로 747(전하동)","로즈메디 산부인과 인접","월드약국","052-232-3900","1830","0900","1830","0900","1830","0900","1830","0900","1830","0900","1300","0900","C1700583","440","47","16866","35.50842876259421","129.42987360404732"
"서울특별시 마포구 월드컵북로 502, 월드컵파크 프라자 210호 (상암동)","월드컵파크프라자 209호","월드약국","02-303-8533","1900","0900","1900","0900","1900","0900","1900","0900","1900","0900","1400","0900","C1103880","039","18","16867","37.5850443805494","126.879869563728"
"경기도 성남시 분당구 정자일로 240, 112일부호 (정자동, 월드프라자)","월드약국","031-715-9597","2100","0930","2100","0930","2100","0930","2100","0930","2100","0930","C2106966","135","55","16868","37.37155635633329","127.10628980474922"
"경기도 수원시 팔달구 경수대로604번길 18, (우만동)","경기도청정문앞","월드약국","031-211-0815","1800","0900","1800","0900","1800","0900","1800","0900","1800","0900","1300","0900","C2103508","162","40","16869","37.279723330841605","127.03182065151394"
"서울특별시 양천구 목동서로 77, 129호(목동,현대월드타워상가)","목2동버스정류장앞현대월드타워1층129,130호","월드약국","02-6678-2244","1900","0900","1900","0900","2000","0900","1900","0900","1900","0900","1600","0900","C1102145","079","83","16870","37.5359631978743","126.877988123429"
"서울특별시 강동구 구천면로 229-1, (천호동)","월드약국","02-472-4067","1900","0830","1900","0830","1900","0830","1900","0830","1900","0830","1700","0830","C1102886","053","26","16871","37.5413608592578","127.129911891845"
"울산광역시 남구 삼산로 274, 1층 (삼산동)","삼산동경은저축은행빌딩1층","월드약국","052-257-7754","1930","0830","1930","0830","1930","0830","1930","0830","1930","0830","1500","0830","C1700267","447","19","16872","35.53893196491959","129.3370413661632"
"경기도 안산시 상록구 감골로 59, 727동 102호 (사동, 월드크리닉)","시곡초등학교 맞은편에 위치하며, 안리숙내과 건물 1층 약국입니다.","시곡초교앞대은교회옆1층","월드온누리약국","031-408-6015","1900","0830","1900","0830","1900","0830","1900","0830","1900","0830","1400","0830","C2102097","156","24","16873","37.28790820042874","126.85226304449301"
"경기도 성남시 중원구 산성대로582번길 10 1층 (은행동,오성빌딩) (은행동)","월드옵티마약국","031-745-2600","2000","0900","2000","0900","2000","0900","2000","0900","2000","0900","1600","0900","C2103230","131","52","16874","37.460951261786114","127.16870518830686"
"서울특별시 송파구 올림픽로35길 112, 장미아파트 비상가 101,102호 (신천동)","설날,추석날 휴무","장미B상가 (잠실중학교옆)","월드중앙약국","02-423-3016","2030","0830","2030","0830","2030","0830","2030","0830","2030","0830","2030","0830","1830","1030","1830","1030","C1104067","055","04","16875","37.5178866228576","127.101917258808"
"서울특별시 도봉구 마들로 650, 104-2호 (방학동,도봉월드상가)","도봉월드빌딩 104-2","월드중앙약국","070-4191-1885","1800","0830","1800","0830","1500","0830","1800","0830","1800","0830","1400","0830","C1104408","013","31","16876","37.6680283468222","127.047064658894"
"경기도 수원시 팔달구 월드컵로 331 (우만동)","월드컵경기장 앞","월드컵세란약국","031-257-5674","1940","0920","1940","0920","1940","0920","1940","0920","1940","0920","1330","0920","C2103566","162","36","16877","37.28738544704594","127.03299218160093"
"대구광역시 달서구 월배로 432 (송현동)","삼일병원 옆 횡단보도 앞에 위치","목화웨딩도로건너편","월드컵약국","053-629-8575","2030","0900","2030","0900","2030","0900","2030","0900","2030","0900","1900","0900","1900","1000","1900","1000","C1300592","428","18","16878","35.83221490840517","128.55311161716594"
"제주특별자치도 서귀포시 일주동로 9213, GS25 1층 6호 (법환동)","이마트 휴무일(둘째주 09:00~18:00, 넷째주 09:00~13:00) 운영하오니 오시기 전 전화 후 방문 부탁드립니다.","월드컵약국","064-739-2112","2100","0900","2100","0900","2100","0900","2100","0900","2100","0900","2100","0900","2100","1000","C2900501","635","72","16879","33.24871234332011","126.5084911665039"
"서울특별시 마포구 월드컵북로38길 8, 1층 (중동)","4,5주 일요일 운영/","수색기차역 맞은편","월드컵약국","02-304-1604","1800","0900","1800","0900","1800","0900","1800","0900","1800","0900","1300","0900","C1102364","039","41","16880","37.5705360366117","126.903537617961"
"서울특별시 송파구 올림픽로 300, 지하1층 (신천동, 롯데마트월드타워점)","월드타워약국","02-3213-2828","2200","1000","2200","1000","2200","1000","2200","1000","2200","1000","2200","1000","2200","1000","2200","1000","C1107497","055","51","16881","37.5137129859207","127.104301829165"
"서울특별시 중구 남대문로 81, 롯데백화점 본점 9층 (소공동)","월드탑약국","02-772-3966","2000","1030","2000","1030","2000","1030","2000","1030","2000","1030","2030","1030","2030","1030","2030","1030","C1108466","045","33","16882","37.5647299033135","126.981730421825"
"서울특별시 강동구 진황도로 153, 101호 (둔촌동)","월드팜약국","02-474-2820","1750","0900","1820","0900","1820","0900","2000","0900","1820","0900","1500","0900","C1102365","053","65","16883","37.5323545432379","127.141675444061"
"제주특별자치도 제주시 월랑로 39, 동마빌딩 (노형동)","점심시간 13:00~14:00","노형신시가지본죽사거리","월랑약국","064-742-9770","2030","0830","2030","0830","2030","0830","1900","0830","2030","0830","1300","0830","1230","0830","C2900093","631","00","16884","33.489028717986045","126.4756073176196"
"경기도 파주시 월롱면 통일로 979","월롱우리약국","031-947-5156","2000","0900","2000","0900","2000","0900","2000","0900","2000","0900","1700","0900","1700","0900","C2107071","109","46","16885","37.79637832101245","126.79140006323595"
"대구광역시 달서구 월배로 147, 1층 (진천동)","월배에스약국","053-644-2378","1800","0900","1800","0900","1800","0900","1800","0900","1800","0900","C1301880","427","84","16886","35.8164064206563","128.530043985302"
"경기도 남양주시 화도읍 경춘로2248번길 15, 남양주월산사랑으로부영1단지 103호","월산약국","031-593-7275","1700","0900","1700","0900","1700","0900","1700","0900","1700","0900","C2107068","121","90","16887","37.65466611990848","127.33791286860554"
"광주광역시 동구 경양로 278, (계림동)","계림오거리","월산약국","062-225-2737","1800","0800","1800","0800","1800","0800","1800","0800","1800","0800","1200","0800","C1500151","614","28","16888","35.155001755386145","126.91991392637501"
"대구광역시 달서구 학산로 16 (월성동)","월성강약국","053-633-8427","1900","0900","1900","0900","1900","0900","1900","0900","1900","0900","1700","0900","C1300689","427","50","16889","35.826499062434905","128.5313674456334"
"대구광역시 달서구 조암로 32, 신월성미소지움 116호 (월성동)","대구 달서구 자정약국 입니다. 매일 21-24시 365일 열어요!! 오전/오후 병원진료 때문이라면 네이버 &quot;월성사랑약국&quot; 검색하셔서 확인하셔요.","친절한 약국이 되겠습니다. 영어 가능한 약국입니다. Medication counseling is available in English!","월성사랑약국","053-635-7300","2400","2100","2400","2100","2400","2100","2400","2100","2400","2100","2400","2100","2400","2100","2400","2100","A1303075","427","53","16890","35.8188914286","128.52127242870037"
"대구광역시 달서구 조암남로 41","월성하나약국","053-643-6366","1900","0900","1900","0900","1900","0900","1900","0900","1900","0900","1500","0900","1300","0900","C1300645","427","79","16891","35.82127153741635","128.5286138091568"
"대전광역시 서구 청사서로 12, (월평동)","무지개아파트정문","월평종로약국","042-487-8588","1930","0900","1930","0900","1930","0900","1930","0900","1930","0900","1330","0900","C1600253","352","20","16892","36.358930555555553","127.376802777777783"
"경기도 고양시 일산동구 정발산로 24, A동109호(장항동,웨스턴돔)","일요일,공휴일 유동적 운영","웨스턴약국","031-931-5969","2200","1100","2200","1100","2200","1100","2200","1100","2200","1100","2200","1300","C2102923","104","03","16893","37.6558956887","126.7720388187"
"서울특별시 강남구 선릉로 311, 1층 103호 (역삼동)","365일 오픈. 오시기 전에 연락주세요.","한티빌딩 103호","웰그린약국","02-501-1600","2100","0900","2100","0900","2100","0900","2100","0900","2100","0900","2100","0900","1900","0900","1600","0900","C1108303","062","18","16894","37.4973342152953","127.052077839969"
"경상북도 구미시 신시로 67 (형곡동)","웰그린약국","054-451-1919","2100","0900","2100","0900","2100","0900","2100","0900","2100","0900","1700","0900","1700","0900","1700","0900","C2701346","392","94","16895","36.113876001806446","128.33874288693613"
"서울특별시 강남구 압구정로 443, 이유덕 부티크 지하1층 (청담동)","웰니스약국","02-543-3953","1900","0930","1900","0930","1900","0930","1900","0930","1900","0930","1700","0930","C1109977","060","10","16896","37.5267071258912","127.046018085058"
"서울특별시 중구 명동10길 51, 나인트리호텔 1층 (충무로2가)","웰니스약국","02-3789-5088","2300","1000","2300","1000","2300","1000","2300","1000","2300","1000","2300","1000","2300","1000","2300","1000","C1108280","045","37","16897","37.5615921385709","126.986022168744"
"경기도 성남시 분당구 정자일로 197, 2층 203-1호 (정자동)","웰니스약국","031-602-1100","1800","1000","1800","1000","1800","1000","1800","1000","1800","1000","C2108415","135","57","16898","37.3680299802465","127.105520669444"
"경기도 성남시 분당구 불정로 381","효자촌 맥도날드 옆건물(올떡,,던킨건물)","효자촌맥도날드옆건물1층","웰리드동진약국","031-701-5441","2100","0830","2100","0830","2100","0830","2100","0830","2100","0830","2000","0830","C2103652","135","86","16899","37.374639534215504","127.13680316153004"
"대구광역시 수성구 동대구로 341, 1층 (범어동)","웰메타약국","050-71399-5369","1900","1000","1900","1000","1900","1000","1900","1000","1900","1000","1700","1000","C1301887","420","19","16900","35.8609342315294","128.625996276897"
"경상남도 김해시 진영읍 본산로 15-17, 106호","공휴일은 병원 진료일에만 오전(09:00~13:00) 운영하니 전화 확인 후 방문 요함","공휴일은 전화 확인 필요함","웰버약국","055-342-4948","2000","0900","2000","0900","2000","0900","2000","0900","2000","0900","1300","0900","1300","0900","C2801989","508","58","16901","35.306681549","128.7365893259"
"서울특별시 강동구 아리수로93나길 76, 104호 (강일동)","웰빙365약국","02-2135-2121","2100","0900","2100","0900","2100","0900","2100","0900","2100","0900","2100","0900","2100","0900","2100","0900","C1109933","054","15","16902","37.5724724003773","127.175933655982"
"서울특별시 강서구 하늘길 112, 3층 (공항동, 국내선청사)","국내선청사 3층","웰빙국내선약국","02-2662-3623","1940","0700","1940","0700","1940","0700","1940","0700","1940","0700","1940","0700","1940","0800","1940","0800","C1100943","075","05","16903","37.558958766307","126.803085626211"
"충청남도 홍성군 홍성읍 충절로 1051 (홍성읍)","홍성 도서관 건너편 위치","홍성읍구소방서앞(도서관앞)","웰빙몰약국","041-632-6263","2030","0830","2030","0830","2030","0830","2030","0830","2030","0830","1200","0830","1700","0830","1700","0900","C2400282","322","35","16904","36.599257264270435","126.66635809834685"
"서울특별시 광진구 뚝섬로 499 (자양동)","웰빙서울온누리약국","02-497-3092","2000","0900","2000","0900","2000","0900","2000","0900","2000","0900","1800","0900","C1103615","050","77","16905","37.5361236595816","127.065827941467"
"인천광역시 부평구 마장로 338, 산곡행복의집 1층 일부호 (산곡동)","웰빙약국","032-504-0333","2000","0830","2000","0830","2000","0830","2000","0830","2000","0830","1400","0900","1400","0900","1400","0900","C1401849","213","61","16906","37.5080869407335","126.703824453719"
"경기도 안산시 단원구 중앙대로 457, 1층 (원곡동)","1층/ 안산역 3번 출구 앞","웰빙약국","031-493-1594","2200","0900","2200","0900","2200","0900","2200","0900","2200","0900","2200","0900","2200","1200","C2102161","153","93","16907","37.328213888888889","126.789900000000003"
"경기 수원시 영통구 대학로 109 (이의동)","웰빙약국","031-213-5682","1800","0900","1800","0900","1800","0900","1800","0900","1800","0900","1300","0900","C2109957","162","24","16908","37.3050939587778","127.047162492679"
"충청북도 청주시 흥덕구 대농로 43, 1차 상업시설동 412호 (복대동, 신영지웰시티)","웰빙약국","043-237-8018","1800","0830","1800","0830","1800","0830","1800","0830","1800","0830","1300","0830","C2301170","284","24","16909","36.643269102284","127.42668481137"
"경기도 안양시 동안구 안양판교로 16, 7층 717,718호 (관양동)","웰빙약국","031-00-0000","1800","0900","1800","0900","1800","0900","1800","0900","1800","0900","1300","0900","C2110191","139","43","16910","37.4004234238597","126.977752889335"
"부산광역시 남구 수영로 203, (대연동)","못골시장 육교에서 대연사거리 방향","웰빙약국","051-623-0049","1830","0900","1830","0900","1830","0900","1830","0900","1830","0900","1300","0900","C1200171","484","45","16911","35.13517775048436","129.08891557279315"
"경상남도 양산시 삽량로 171 (중부동)","보건소 옆","웰빙약국","055-363-6776","1800","0900","1800","0900","1800","0900","1800","0900","1800","0900","C2800488","506","29","16912","35.33534093980039","129.02552348780003"
"대전광역시 유성구 계룡로 114, 대전유성BYC빌딩 105,106호 (봉명동)","웰빙약국","042-822-8276","2030","0900","2030","0900","2030","0900","2030","0900","2030","0900","1630","0900","1330","1000","1330","1000","C1601190","341","88","16913","36.3526633842","127.3429741507"
"서울특별시 도봉구 도봉로 604, 1층 (창동)","에이치큐브병원내1층","웰빙약국","02-908-1255","1900","0900","1900","0900","1900","0900","1900","0900","1900","0900","1400","0900","C1104673","014","01","16914","37.6583143285943","127.041034393222"
"서울특별시 강북구 도봉로 187, Y빌딩 (미아동)","주말은 운영시간이 상이하므로 확인후 방문","미아역5번출구우회전둘째사거리","웰빙약국","02-984-2752","1900","0900","1900","0900","1900","0900","1900","0900","1900","0900","1700","0900","1800","1000","1800","1100","C1103308","011","70","16915","37.6254205559935","127.026184524499"
"울산광역시 남구 삼산로 260, (삼산동)","현대백화점앞","웰빙약국","052-274-4850","1900","0900","1900","0900","1900","0900","1900","0900","1900","0900","1600","0900","C1700130","447","19","16916","35.53869934455211","129.33565439985068"
"경기도 성남시 분당구 백현로 97, 1층 108호 (수내동, 다운타운빌딩)","웰빙약국","031-717-8778","2100","0900","2100","0900","2100","0900","2100","0900","2100","0900","1700","0900","C2100848","135","95","16917","37.376748865244544","127.11156176122437"
"서울특별시 강서구 마곡중앙5로 22, 102호 (마곡동)","웰빙온누리약국","02-2088-3261","2000","0730","2000","0730","2000","0730","2000","0730","2000","0730","1600","0730","C1109650","077","88","16918","37.5672498211268","126.825303015866"
"경기도 안양시 동안구 평촌대로 131, 101호 (호계동, 아카데미센터)","웰빙프라자약국","031-381-8284","2230","0900","2230","0900","2230","0900","2230","0900","2230","0900","2230","0900","C2100705","140","99","16919","37.38372577287076","126.95922932135011"
"대전광역시 대덕구 동서대로1777번길 17 (송촌동)","웰스365약국","042-710-6256","1900","0830","1900","0830","1900","0830","1900","0830","1900","0830","1900","0830","1900","0830","1900","0830","C1601421","344","25","16920","36.3547084480477","127.442738657647"
"서울특별시 강남구 봉은사로1길 4, 1층 (논현동)","웰스약국","02-518-8821","2000","0930","2000","0930","2000","0930","2000","0930","2000","0930","1800","0930","C1107977","061","20","16921","37.5051312701242","127.025346249372"
"서울특별시 강남구 봉은사로1길 4, 1층 (논현동)","웰스약국","02-518-8821","2000","0930","2000","0930","2000","0930","2000","0930","2000","0930","1800","0930","C1110110","061","20","16922","37.5051312701242","127.025346249372"
"전라남도 순천시 충효로 15, 메가박스 1층 109호 (덕암동)","웰약국","061-746-4851","1800","0900","1800","0900","1800","0900","1800","0900","1800","0900","1200","0800","C2601209","579","64","16923","34.9412469710257","127.510856293357"
"경기도 용인시 수지구 현암로 113, 지성빌딩 102호 (죽전동)","웰약국","031-889-7239","1800","0830","1800","0830","1800","0830","1800","0830","1800","0830","1300","0830","C2109205","168","75","16924","37.3319579496512","127.122080957991"
"강원특별자치도 춘천시 효석로 5, 1층 (효자동)","웰약국","033-261-1172","1700","0800","1700","0800","1700","0800","1700","0800","1700","0800","1300","0800","C2201079","243","73","16925","37.8648442859302","127.732805087242"
"경기도 의정부시 충의로 53","웰유약국","031-852-3367","2030","0900","2030","0900","2030","0900","2030","0900","2030","0900","1600","0900","C2102768","117","89","16926","37.736487410281256","127.08725156498289"
"경기도 성남시 분당구 분당내곡로 159 , A동 115호 (삼평동, KCC웰츠타워)","웰츠약국","070-4256-8810","2100","0900","2100","0900","2100","0900","2100","0900","2100","0900","1600","0900","1300","0900","C2106444","135","24","16927","37.397990219795815","127.11252054031588"
"서울특별시 강남구 학동로 342","SK허브블루 407-2호,3호","웰팜약국","02-3014-9600","1900","0900","1900","0900","1900","0900","1900","0900","1900","0900","1400","0900","C1104316","060","99","16928","37.5167560126387","127.040841265738"
"서울특별시 성북구 길음로13길 22, 상가동 210호 (길음동, 길음뉴타운7단지두산위브아파트)","점심시간 13:00-14:00","웰팜약국","02-914-7773","1800","0830","1800","0830","1800","0830","1800","0830","1800","0830","1300","0830","C1109240","027","15","16929","37.60960362698653","127.01964980647236"
"경기도 시흥시 능곡번영길 24, 103호 (능곡동)","위더스약국","031-313-5869","1800","0900","1800","0900","1800","0900","1800","0900","1800","0900","1300","0900","C2108998","149","99","16930","37.3700594236227","126.807438350886"
"부산광역시 연제구 중앙대로 1111","1,3호선 연산역 7번출구(위드타워 1층)","위드메디칼약국","051-851-0020","1930","0830","1930","0830","1930","0830","1930","0830","1930","0830","1400","0830","C1200020","475","24","16931","35.186859174339034","129.08124055230965"
"충청남도 천안시 서북구 불당34길 18, 1층 108호 (불당동)","위드유약국","041-555-6386","1830","0900","1830","0900","1830","0900","1830","0900","1830","0900","1300","0900","C2401505","311","56","16932","36.8064529845","127.1064314409"
"경기도 김포시 전원로 1, 106호 (장기동, 메디프라자)","장기사거리","위드유온누리약국","031-981-9902","1930","0900","1930","0900","1930","0900","1930","0900","1930","0900","1600","0900","1300","0900","C2106609","100","77","16933","37.645015593997954","126.68046872390057"
"인천광역시 서구 완정로 35","검단2차풍림아이원 씨티은행건너편 건물 1층","위드팜100세약국","032-565-1201","2000","0900","2000","0900","2000","0900","2000","0900","2000","0900","2000","0900","C1400974","226","39","16934","37.5955842427","126.6700770147"
"서울특별시 송파구 올림픽로37길 130, 파크리오 124,125,126호 (신천동)","위드팜가까운지하철약국","02-413-9333","1830","0900","1830","0900","1830","0900","1830","0900","1830","0900","C1108921","055","07","16935","37.5208819816451","127.104421421949"
"인천광역시 미추홀구 석정로 430 (주안동)","주안역 뒷역 국민은행 앞.","위드팜굿모닝약국","032-863-3900","1930","0900","1930","0900","1930","0900","1930","0900","1930","0900","1600","0900","C1400836","221","29","16936","37.46640386032667","126.68330135009474"
"대구광역시 남구 백의1길 30-10, 1층 (대명동)","위드팜다올약국","053-657-2454","1800","0900","1800","0900","1800","0900","1800","0900","1800","0900","C1301796","424","17","16937","35.8458479335024","128.586911257428"
"울산광역시 동구 명덕6길 16 (서부동)","명덕현대예술관뒷편","위드팜대학약국","052-236-3258","1900","0900","1900","0900","1900","0900","1900","0900","1900","0900","1400","0900","C1700342","440","31","16938","35.523397657429925","129.4316064550904"
"서울특별시 노원구 한글비석로 56, 1층 10호 (하계동, 미성아파트상가)","미성상가 1층 10호","위드팜대학약국","02-974-7668","1830","0740","1830","0740","1830","0740","1830","0740","1830","0740","1300","0900","C1101158","018","29","16939","37.63587040045521","127.068692930122"
"서울특별시 강동구 진황도로61길 52, 1층 (둔촌동)","위드팜만보약국","02-474-0051","1830","0830","1830","0830","1830","0830","1830","0830","1830","0830","1800","0900","C1109981","053","69","16940","37.5282068722657","127.14589704272"
"서울특별시 강남구 일원로 115, 삼성생명 일원역 빌딩 1층 113호 (일원동)","위드팜바른약국","02-445-1030","1830","0830","1830","0830","1830","0830","1830","0830","1830","0830","1330","0830","C1108142","063","55","16941","37.4840224010593","127.084459720088"
"부산광역시 동구 고관로 151 (좌천동)","좌천동 봉생병원 후문쪽","버스정류장: 봉생병원","위드팜백세약국","051-643-0880","1730","0800","1730","0800","1730","0800","1730","0800","1730","0800","1230","0830","C1200917","487","73","16942","35.131177777777779","129.049672222222227"
"경기도 고양시 일산동구 일산로 326, 대신상가 104, 105, 106호호 (마두동)","위드팜봄약국","031-8073-8006","1800","0900","1800","0900","1800","0900","1800","0900","1800","0900","1300","0900","C2110146","104","07","16943","37.6645937211916","126.784486159153"
"서울특별시 종로구 경교장길 35, 3152,3153,3154호 (평동, 경희궁자이 3단지)","위드팜삼정바로약국","02-723-3363","1800","0830","1800","0830","1800","0830","1800","0830","1800","0830","1300","0830","C1108638","031","80","16944","37.5688537151032","126.965114852628"
"대구광역시 중구 국채보상로 474 (동산동)","지하철2호선서문시장역출구300m동산병원앞","위드팜새동산약국","053-252-6292","1830","0830","1830","0830","1830","0830","1830","0830","1830","0830","1400","0830","C1300668","419","31","16945","35.87034660342214","128.58250334510205"
"대구광역시 달서구 달구벌대로203길 6, 1,2층 (101~103)호 (호산동)","위드팜새동안약국","053-585-6292","1830","0830","1830","0830","1830","0830","1830","0830","1830","0830","1300","0830","C1301575","426","02","16946","35.85342668715958","128.47889462311647"
"서울특별시 서초구 반포대로 138, 양진빌딩 (서초동)","위드팜서초역약국","02-537-8980","1830","0830","1830","0830","1830","0830","1830","0830","1830","0830","1300","0900","C1103904","065","95","16947","37.4924104305263","127.007964774497"
"서울특별시 서초구 사평대로 205 (반포동)","서울성모병원북문건너편메리어트호텔앞B/P4-9","위드팜수약국","02-599-3909","1830","0830","1830","0830","1830","0830","1830","0830","1830","0830","1300","0830","C1101248","065","45","16948","37.5044921229104","127.007845270854"
"서울특별시 서대문구 성산로 486 (대신동)","위드팜신촌약국","02-312-5103","1900","0840","1900","0840","1900","0840","1900","0840","1900","0840","1400","0840","C1101250","037","65","16949","37.5607282670759","126.94126714618"
"경기도 의정부시 천보로 268 (금오동)","위드팜신한솔약국","031-847-9493","1830","0830","1830","0830","1830","0830","1830","0830","1830","0830","1300","0800","C2102841","117","65","16950","37.758163888888888","127.079066666666662"
"서울특별시 송파구 오금로 20 (신천동)","지하철2호선 성내역구내 제 215-20호","위드팜잠실나루역약국","02-416-0223","1800","0900","1800","0900","1800","0900","1800","0900","1800","0900","C1103340","055","04","16951","37.5206867318088","127.103811089444"
"경기도 화성시 큰재봉길 23-11, 109동 1층 110호 (석우동, 동탄쉐르빌)","위드팜정문약국","031-8015-3613","1800","0830","1800","0830","1800","0830","1800","0830","1800","0830","C2106814","184","50","16952","37.2175037286462","127.0793487883158"
"경기도 수원시 영통구 중부대로246번길 12 (매탄동)","공휴일 전화 확인 후 방문","위드팜참약국","031-212-6404","1930","0900","1930","0900","1930","0900","1930","0900","1930","0900","1530","0900","2030","0900","C2101246","165","30","16953","37.274466666666669","127.042197222222228"
"서울특별시 강동구 천호대로 1107, 1층 (길동, 강동역에스케이허브)","위드팜천사약국","02-484-5152","1800","0830","1800","0830","1800","0830","1800","0830","1800","0830","1300","0830","C1109960","053","55","16954","37.5355802857957","127.134841810959"
"경기도 성남시 수정구 위례광장로 9-9, 위례우남역 퍼스트푸르지오시티 1층 112호 (창곡동)","위례광장약국","031-723-7488","2100","0900","2100","0900","2100","0900","2100","0900","2100","0900","1900","0900","C2107740","136","46","16955","37.464519373718275","127.14113691015085"
"경기도 성남시 수정구 위례광장로 310, 우성트램타워 B동 104호 (창곡동)","위례다나약국","031-722-6477","2030","0900","2030","0900","2030","0900","2030","0900","2030","0900","C2107093","136","40","16956","37.472731423229895","127.14243658017672"
"경기도 하남시 위례학암로14번길 18, 서미프라자 1층 110호 (학암동)","위례마음약국","02-449-7701","1800","0900","1800","0900","1800","0900","1800","0900","1800","0900","1300","0900","C2109259","130","10","16957","37.4874373669582","127.156366750847"
"경기도 성남시 수정구 위례동로 153, 113,114호 (창곡동, 에이플타워 )","위례메디칼약국","031-722-3882","2100","0830","2100","0830","2100","0830","2100","0830","2100","0830","1700","0830","1430","0830","1430","0830","C2107238","136","42","16958","37.473511344","127.1500033396"
"경기도 성남시 수정구 위례광장로 300, B40호 (창곡동, 위례중앙역중앙타워)","위례미소약국","031-753-7985","2200","1100","2200","1100","2200","1100","2200","1100","2200","1100","2200","1100","2200","1100","2200","1100","C2107652","136","40","16959","37.4734663234","127.1427047717"
"경기도 하남시 위례학암로14번길 11, 101호 (학암동)","위례바른약국","02-3401-8999","1800","0900","1800","0900","1800","0900","1800","0900","1800","0900","C2108789","130","10","16960","37.4874763723343","127.157255454221"
"경기도 성남시 수정구 위례서일로 18, 102, 103호 (창곡동, 더존메디칼타워)","더조은병원 1층","위례수약국","031-756-0365","2500","0900","2500","0900","2500","0900","2500","0900","2500","0900","2500","0900","2500","1000","2500","1000","C2107648","136","47","16961","37.4651107592","127.1378102137"
"경기도 하남시 위례대로 200, 스타필드시티 위례점 B1층 B108호 (학암동)","위례스타약국","02-6953-5770","1800","0900","1800","0900","1800","0900","1800","0900","1800","0900","1300","0900","C2110001","130","12","16962","37.4801356884837","127.148404124838"
"경기도 성남시 수정구 위례광장로 300, 808호 (창곡동, 위례중앙역중앙타워)","위례우리들약국","031-722-0754","0000","0000","C2108643","136","40","16963","37.4734715546921","127.14270025965"
"경기도 성남시 수정구 위례서일로 46, 위례엘포트한라비발디 107,109호 (창곡동)","위례일번약국","031-756-8863","1800","0900","1800","0900","1800","0900","1800","0900","1800","0900","1300","0900","C2109632","136","46","16964","37.463903364606","127.1405219714"
"서울특별시 송파구 위례광장로 199, 성희프라자 109호 (장지동)","위례정약국","02-403-1515","1800","0900","1800","0900","2000","0900","1800","0900","1800","0900","1300","0900","C1108922","058","49","16965","37.4816895827721","127.142760998646"
"경기도 성남시 수정구 위례광장로 19, 115호 (창곡동, 아이페리온)","위례조은약국","031-757-0088","1900","0930","1900","0930","1900","0930","1900","0930","1900","0930","1500","0930","C2107484","136","46","16966","37.4656878945","127.1404563583"
"경기도 성남시 수정구 위례광장로 310, A동 104호 (창곡동, 우성트램타워)","위례중앙약국","031-757-3331","2100","0900","2100","0900","2100","0900","2100","0900","2100","0900","1600","0900","1400","0900","1400","0900","C2107091","136","40","16967","37.472731423229895","127.14243658017672"
"경기도 성남시 수정구 위례광장로 322, 아이플렉스 1층 119호 (창곡동)","설, 추석 연휴만 휴무합니다.","위례진약국","031-754-5082","2300","0900","2300","0900","2300","0900","2300","0900","2300","0900","2300","0900","2300","0900","2300","0900","C2107158","136","40","16968","37.4717688853","127.1426518039"
"서울특별시 송파구 위례서로 234, 212호 (거여동)","매월 마지막주 일요일 휴무","위례탑약국","02-449-7843","2100","0900","1900","0900","1900","0900","1900","0900","2100","0900","1400","0900","1330","0900","C1110101","057","90","16969","37.4855446186705","127.141802056959"
"경기도 성남시 수정구 위례광장로 322, 아이플렉스 1층 118호 (창곡동)","위례퍼스트약국","031-753-5006","2100","0900","2100","0900","2100","0900","2100","0900","2100","0900","1630","0900","C2107092","136","40","16970","37.471768885305735","127.14265180388214"
"경기도 하남시 위례대로 256, 2층 (학암동)","위례포레약국","031-0000-0000","1800","0900","1800","0900","1800","0900","1800","0900","1800","0900","1300","0900","C2109529","130","11","16971","37.4841748415699","127.149670760718"
"서울특별시 송파구 위례광장로 193, 1층 (장지동)","위례송파푸르지오아파트 근처","위례푸른약국","02-449-7478","1800","1000","1900","1000","1900","1000","1900","1000","1900","1000","1400","1000","C1107502","058","49","16972","37.4817394651186","127.142191034933"
"경기도 하남시 위례학암로14번길 31, 경서타워2 1층 105호 (학암동)","위례하이약국","02-408-1418","1800","0900","1800","0900","1800","0900","1800","0900","1800","0900","1300","0900","C2109018","130","10","16973","37.4874483449696","127.157665615555"
"제주특별자치도 서귀포시 남원읍 태위로 127 (위미약국)","위미 킹마트서측 /위미농협건너편/","위미약국","064-764-6603","1830","0900","1830","0900","1830","0900","1830","0900","1830","0900","1300","0900","C2900087","636","11","16974","33.275003068308884","126.66107706292277"
"인천광역시 부평구 세월천로 77, 1층 (산곡동)","영아다방 근처 건물 1층","위민약국","032-519-2737","2000","1000","2000","1000","2000","1000","2000","1000","2000","1000","1300","1000","C1400261","213","07","16975","37.513552322131666","126.70014785213402"
"경기도 부천시 원미구 신흥로 150-1, 2층 상가8동208호 (중동, 위브더스테이트)","위브그린약국","032-710-7470","1800","0900","1800","0900","1800","0900","1800","0900","1800","0900","1300","0900","C2110145","145","74","16976","37.4978431915417","126.778849232416"
"경기도 부천시 신흥로 190, 211,212호 (중동, 위브더스테이트)","위브약국","032-620-5600","2000","0900","2000","0900","2000","0900","2000","0900","2000","0900","C2103543","145","49","16977","37.501403402615864","126.77720942291915"
"전북특별자치도 남원시 광한서로 57 (금동)","일요일 공휴일 전화 후 방문 요망","일요일 공휴일 전화후 방문","국민은행사거리","위생약국","063-625-2249","2030","1000","2030","1000","2030","1000","2030","1000","2030","1000","2030","1000","2000","1400","2000","1000","C2500287","557","69","16978","35.406286111111108","127.377919444444444"
"부산광역시 서구 대티로134번길 73 (서대신동2가)","공휴일 운영 확인 후 방문요망","1호선 동대신동역 3번출구","위생약국","051-257-1134","1900","0900","1900","0900","1900","0900","1800","0900","1300","0900","1800","0900","1800","0900","C1200273","492","30","16979","35.11213889922912","129.01161255773087"
"경기도 안산시 상록구 본삼로 38, 3동 105호 (본오동, 월드상가)","본오3동사무소앞KFC옆 월드상가3-105호","위성숙모어모아새한양약국","031-407-5823","2300","0900","2300","0900","2300","0900","2300","0900","2300","0900","2300","0900","2300","0900","2300","0900","C2100749","155","38","16980","37.30072785532686","126.86400392789007"
"경기도 고양시 일산동구 위시티2로11번길 31, 120호 (식사동, 스타타워)","위시티사랑약국","031-969-4085","1800","0900","1800","0900","1800","0900","1800","0900","1900","0900","C2106919","103","23","16981","37.677939481710474","126.8121594118078"
"경기도 고양시 일산동구 위시티4로 46, 106호(식사동,일산자이2단지상가)","위시티우리약국","031-964-1158","2030","0900","2030","0900","2030","0900","2030","0900","2030","0900","1900","0900","C2103479","103","22","16982","37.68086853754688","126.81538015332825"
"경기도 고양시 일산동구 위시티4로 80, 1동 204일부호 (식사동, 위시티일산자이1단지아파트)","위시티진영약국","070-4241-0108","1230","0900","1230","0900","1230","0900","1230","0900","1230","0900","1700","0900","C2103420","103","21","16983","37.68209581025105","126.81208045008026"
"강원특별자치도 강릉시 성산면 위촌길 73","위촌리홍약국","033-644-4346","2100","0800","2100","0800","2100","0800","2100","0800","2100","0800","2100","0800","2200","0800","C2200949","254","47","16984","37.76018712630001","128.8547235154006"
"인천광역시 남동구 장승로 41, 1층 102호 (만수동)","위케어 만수약국","032-464-7707","2200","0830","2200","0830","2200","0830","2200","0830","2200","0830","C1402004","215","91","16985","37.4453472551652","126.737207848246"
"인천광역시 연수구 먼우금로 302, 203호 (연수동, 연수유천아파트)","13:00~14:00 평일 휴게시간","위케어연수약국","050-71395-9655","1800","0900","1800","0900","1800","0900","1800","0900","1800","0900","1300","0900","C1402097","219","24","16986"
"서울특별시 강남구 남부순환로 2936","원플러스상가 108호","윈플러스약국","02-568-3240","2000","0900","2000","0900","2000","0900","2000","0900","2000","0900","1700","0900","C1101254","062","91","16987","37.4933489108525","127.06191661451"
"경상남도 창원시 의창구 중동북로 23, 1층 121~122호 (중동)","윙스약국","055-715-2224","1830","0900","1830","0900","1830","0900","1830","0900","1830","0900","1300","0900","C2802397","513","80","16988","35.2581399667822","128.627158203479"
"인천광역시 미추홀구 인주대로35번길 46, 1,2층 일부(전면부)호 (숭의동)","유(U)정문약국","032-881-8639","1830","0830","1830","0830","1830","0830","1830","0830","1830","0830","1330","0830","C1401948","221","73","16989","37.461673516144","126.643397474449"
"대구광역시 달성군 유가면 테크노상업로 100 (유가읍)","유가약국","053-269-0717","1900","0900","1900","0900","1900","0900","1900","0900","1900","0900","1400","0900","C1301322","430","18","16990","35.69323542636845","128.46050468041818"
"경상북도 포항시 남구 연일읍 유강길 18-10","유강새마을금고옆","유강약국","054-273-9600","2000","0900","2000","0900","2000","0900","2000","0900","2000","0900","1500","0900","C2700673","790","885","16991","36.005270448701516","129.32037913180142"
"서울특별시 도봉구 마들로 684, 1층 (도봉동)","도봉서원 아파트 앞, 도봉중학교 맞은편","유경약국","02-986-0533","1900","0900","1900","0900","1900","0900","1900","0900","1900","0900","1400","0900","C1106924","013","30","16992","37.6710450698082","127.046683445527"
"강원특별자치도 강릉시 솔올로 25, 1층 (교동)","유경약국","033-647-2058","1900","0900","1900","0900","1900","0900","1900","0900","1900","0900","1500","0900","C2200442","255","15","16993","37.764224574988","128.877633747842"
"대구광역시 달서구 월곡로 86, C동 지1층 (도원동)","유공약국","053-632-6334","1800","0900","1800","0900","1800","0900","1800","0900","1800","0900","C1300465","428","35","16994","35.805396334955994","128.55069363529466"
"충청남도 공주시 유구읍 중앙1길 32,","순복음교회 맞은편","유구약국","041-841-2082","1800","0830","1800","0830","1800","0830","1800","0830","1800","0830","C2400216","325","06","16995","36.54751246811506","126.95080881676"
"서울특별시 중구 명동길 26, 유네스코회관 402호 (명동2가)","명동유네스코회관402호","유네스코약국","02-778-7880","1900","0900","1900","0900","1830","0900","1900","0900","1900","0900","1400","0900","C1102466","045","36","16996","37.5634574532023","126.983764788709"
"경상남도 창원시 의창구 중동중앙로 95, 스타유니빌딩 1층 101~103호 (중동)","유니스타약국","055-815-8484","2100","0900","2100","0900","2100","0900","2100","0900","1900","0900","1320","0900","1320","0900","1320","0900","C2802215","513","80","16997","35.259500710884","128.628806524607"
"울산광역시 울주군 언양읍 유니스트길 50, 울산과학기술원 205동 B109호","유니스트약국","070-7773-9314","1830","0900","1830","0900","1830","0900","1830","0900","1830","0900","C1700702","449","19","16998","35.5773071411833","129.187618949573"
"대구광역시 달서구 조암로 4 (월성동)","병원사정에 따라 더 열기도 함","유니약국","053-637-1493","1900","0800","1900","0800","1900","0800","1900","0800","1900","0800","1600","0800","C1301311","427","52","16999","35.82625242637395","128.52919858611088"
"부산광역시 연제구 월드컵대로 142 (연산동)","1,3호선 연산역 5번 출구","유니약국","051-863-1919","1900","0900","1900","0900","1900","0900","1900","0900","1900","0900","1300","0900","C1200511","475","24","17000","35.18650180707498","129.0809324552091"
"경상남도 창원시 의창구 중동중앙로 47, 어반브릭스 스튜디오스트리트몰동 1층 1014,1022호 (중동)","유니약국","055-256-0101","2100","1000","2100","1000","2100","1000","2100","1000","2100","1000","1700","1000","C2802180","513","82","17001","35.2566260149864","128.624998278346"
"경기도 수원시 권선구 권광로 68, 1층 (권선동)","유니약국","031-307-6112","1900","0900","1900","0900","1900","0900","1900","0900","1900","0900","1330","0900","C2106578","165","56","17002","37.2539866789641","127.02908648824036"
"서울특별시 강서구 마곡중앙로 161-8, 두산더랜드파크 A동 A210호 (마곡동)","유니약국","02-6989-8070","1800","0900","1800","0900","1800","0900","1400","0900","1800","0900","1300","0800","C1108532","077","88","17003","37.568851450649","126.827338682565"
"서울특별시 강남구 테헤란로 109, 1층 (역삼동, 강남제일빌딩)","공휴일은 전화확인하세요.","유니팜서울약국","02-556-7886","2030","0930","2030","0930","2030","0930","2030","0930","2030","0930","1700","0900","1700","1000","C1104230","061","34","17004","37.4988253733783","127.028991540151"
"경기도 안산시 단원구 광덕1로 195, 광장타워 1층 110호 (고잔동)","유니팜약국","031-402-3823","1800","1000","1800","1000","1800","1000","1800","1000","1800","1000","C2108574","154","77","17005","37.3081653124811","126.831622803713"
"경기도 김포시 김포한강4로 110, 105호 (장기동)","#김포페이 #국민지원금 #김포약국 #장기역약국 #장기동약국 #김포핫플 #장기동핫플 #휴베이스약국 #약국","유니팜약국","031-988-8911","2200","0800","2200","0800","2200","0800","2200","0800","2200","0800","1600","0900","1300","0900","1300","0900","C2108891","100","80","17006","37.644615943567","126.668942929297"
"서울특별시 강남구 도산대로 415, (청담동)","공휴일이 일요일인 경우 운영하지 않으니 방문전 반드시 전화 확인후 이용바랍니다","유니팜약국","02-546-8707","2100","0900","2100","0900","2100","0900","2100","0900","2100","0900","1800","0930","1830","0900","C1103779","060","14","17007","37.5237788528603","127.04092043531"
"경기도 광명시 도덕공원로 59 (철산동, 광명푸르지오아파트 상가 2층)","광명푸르지오상가동 204호","유달산한약국","02-2619-8860","1800","1000","1800","1000","1800","1000","1800","1000","1800","1000","C2104323","142","53","17008","37.47366947982691","126.86461926360701"
"전라남도 목포시 하당로153번길 4 (상동)","목포한방병원앞","유달약국","061-282-0282","1300","0900","1300","0900","1300","0900","1300","0900","1300","0900","1300","0900","C2600406","586","67","17009","34.80545248138434","126.4145298032723"
"인천광역시 중구 서해대로494번길 2-1 (유동)","옹진농협 옆","유동약국","032-885-9809","1830","0900","1830","0900","1830","0900","1830","0900","1830","0900","1300","0900","1300","0900","C1400233","223","26","17010","37.46974048921271","126.63700500531104"
"광주광역시 동구 참판로 29","대성빌딩근처","유리약국","062-223-0880","1900","0800","1900","0800","1900","0800","1900","0800","1900","0800","1700","0800","C1500236","614","04","17011","35.16189948499842","126.92858311013482"
"경상남도 진주시 도동천로 84, (상대동)","유리약국","055-763-3017","1900","0900","1900","0900","1900","0900","1900","0900","1900","0900","1300","0900","C2800968","527","96","17012","35.17922044966572","128.10969066108805"
"경기도 화성시 봉담읍 시청로 1401, 1층 (봉담읍)","해병대사령부옆","유리약국","031-227-0370","2000","0900","2000","0900","2000","0900","2000","0900","2000","0900","1500","0900","C2100960","183","34","17013","37.175055555555552","126.934813888888883"
"경상북도 경주시 용담로116번길 6, 1층 (황성동, 광덕빌딩)","유림약국","054-771-9997","1930","0830","1930","0830","1930","0830","1930","0830","1930","0830","1500","0830","C2701393","380","82","17014","35.86533214053987","129.20962332200213"
"경상북도 경산시 경산로44길 11 (옥산동)","신화평광사거리정평노래방건물1층","유림약국","053-815-5670","2030","0900","2030","0900","2030","0900","2030","0900","2030","0900","2000","0900","C2700917","386","60","17015","35.827631108650195","128.72650053801243"
"광주광역시 동구 필문대로 174, 1층 (산수동)","산수오거리 우체국 옆","유림약국","062-512-5566","1800","0900","1800","0900","1800","0900","1800","0900","1800","0900","1200","0900","C1500324","614","06","17016","35.15525335859781","126.93150886122441"
"대전광역시 동구 대전로779번길 7","유림약국","042-274-4782","1900","0800","1900","0800","1900","0800","1900","0800","1900","0800","1700","0800","1700","0800","C1600522","346","28","17017","36.32925008342722","127.43347067339334"
"경상남도 창원시 의창구 소계로 88 (소계동, 열린치과의원)","소계동농협입구","유림약국","055-294-5531","2100","0900","2100","0900","2100","0900","2100","0900","2100","0900","1800","0900","C2800323","511","85","17018","35.257075000000000","128.599205555555557"
"부산광역시 남구 전포대로 69, (문현동)","2호선 국제금융센터부산은행역 2번 출구","유림약국","051-645-3407","1800","0900","1800","0900","1800","0900","1800","0900","1800","0900","1300","0900","C1200321","484","01","17019","35.1430066768","129.0663980135"
"경상남도 사천시 남일로 35 (동금동)","공휴일은 병원 진료시에 오전(08:30~12:00) 운영, 전화 확인 후 방문 요함","사천시동금동삼천포서울병원옆","유림약국","055-835-0303","1900","0830","1900","0830","1900","0830","1900","0830","1900","0830","1500","0830","1200","0830","C2800918","664","831","17020","34.932952798305415","128.0803451770871"
"대구광역시 동구 아양로 185 (신암동)","유림약국","053-941-0688","2030","0900","2030","0900","2030","0900","2030","0900","2030","0900","1300","0900","C1300514","411","84","17021","35.88590693941077","128.6334906612568"
"경기도 부천시 원미로 111, (원미동)","운영 시작 시간 및 주말 운영 시간 변동적임.","원미사거리에 있는 유림아파트 내 상가건물 1층","유림약국","032-665-3793","1900","0900","1900","0900","1900","0900","1900","0900","1900","0900","1800","0900","C2100449","145","71","17022","37.492559541410316","126.79073725113939"
"서울특별시 성동구 무학봉13길 1(하왕십리동)","하왕십리동동사무소옆","유림약국","02-2292-5235","2100","0830","2100","0830","2100","0830","2100","0830","2100","0830","2000","0830","C1103383","047","10","17023","37.5607557985078","127.029379511167"
"경기도 수원시 장안구 서부로 2123, (율전동)","성균관대맞은편편의점옆","유림약국","031-295-8266","2200","0900","2200","0900","2200","0900","2200","0900","2200","0900","2200","0900","C2100700","163","62","17024","37.29813763242733","126.97087849377024"
"경기도 수원시 권선구 덕영대로1142번길 43, 1층 (세류동)","유림약국","031-234-1209","2200","0900","2200","0900","2200","0900","2200","0900","2200","0900","2200","0900","2130","1130","C2100781","166","57","17025","37.24930385833343","127.01528608716961"
"서울특별시 노원구 동일로230가길 15 (상계동)","공휴일은 전화확인하세요.","우방아파트상가 101호","유림약국","02-930-6858","2100","0900","2100","0900","2100","0900","2100","0900","2100","0900","2130","0900","2100","0900","C1101154","016","31","17026","37.6721825261507","127.057188339382"
"서울특별시 영등포구 양평로 95-1, (양평동4가)","유림약국","02-2676-0266","2000","0900","2000","0900","2000","0900","2000","0900","2000","0900","1500","0900","C1100495","072","08","17027","37.5364218751433","126.896457204499"
"인천광역시 부평구 부일로 11, 205호 (부평동, 아이앤비아파트)","인천마사회 부근","유림약국","032-525-9772","1830","0900","1830","0900","1300","0900","2000","0900","1830","0900","1400","0900","C1400090","214","00","17028","37.4906873364","126.7315090775"
"서울특별시 동작구 사당로 215, 107호 (사당동, 서림빌딩)","7호선 남성역 4번출구","유림온누리약국","02-532-8225","2000","0900","2000","0900","2000","0900","2000","0900","2000","0900","1400","0900","C1107408","070","04","17029","37.4844593113614","126.972344800972"
"경기도 안양시 동안구 흥안대로 502, 1층 (관양동)","인덕원사거리삼성아파트후문","유림온누리약국","031-421-3973","1900","0830","1900","0830","1900","0830","1900","0830","1900","0830","1600","0830","1700","0900","C2101762","139","43","17030","37.39880927235511","126.97748030414342"
"경상북도 포항시 북구 삼호로 391","환호해맞이그린빌상가2층","유명당약국","054-252-7770","1800","0900","1800","0900","1800","0900","1800","0900","1800","0900","1200","0900","C2700110","376","04","17031","36.06909259867231","129.3928284688027"
"대전광역시 유성구 계룡로 81 (봉명동)","유명약국","042-719-7509","2030","0800","2030","0800","2030","0800","2030","0800","2030","0800","1500","0800","C1601072","341","68","17032","36.354492535015105","127.33990281495495"
"전라남도 여수시 충무로 43, (충무동)","교동우체국앞","유명약국","061-663-1124","1800","0900","1800","0900","1800","0900","1800","0900","1800","0900","1200","0900","C2600108","597","33","17033","34.74045596258681","127.73127034606212"
"경상북도 경주시 외동읍 입실로 78","유명약국","054-748-1988","1900","0900","1900","0900","1900","0900","1900","0900","1900","0900","1500","0900","C2701630","382","13","17034","35.7153515788773","129.324270874057"
"강원특별자치도 정선군 사북읍 사북중앙로 11","유명약국","033-592-3823","2000","0900","2000","0900","2000","0900","2000","0900","2000","0900","1800","0900","1800","0900","C2200515","261","53","17035","37.22712367147006","128.81588691948934"
"경상북도 구미시 구미중앙로 61","원평동중앙시장입구","유명약국","054-452-5946","2000","0900","2000","0900","2000","0900","2000","0900","2000","0900","1700","0900","2000","0900","1700","0900","C2700558","392","21","17036","36.12981195406494","128.32963088700836"
"대구광역시 수성구 신매로 84 (신매동)","유명약국","053-792-1357","1900","0900","1900","0900","1400","0900","1900","0900","1900","0900","1400","0900","C1300503","422","75","17037","35.8369706531544","128.70883366590053"
"강원특별자치도 화천군 사내면 사내로2길 1","일요일,공휴일 유동적이라 확인후 방문","군인백화점 근처","유명약국","033-441-7270","2000","0800","2000","0800","2000","0800","2000","0800","2000","0800","1300","0800","C2200115","241","54","17038","38.071168613205295","127.52164498341184"
"대구광역시 서구 평리로 245 (중리동)","유명약국","053-525-6677","1900","0900","1900","0900","1900","0900","1900","0900","1900","0900","1400","0900","C1300025","418","38","17039","35.86280798620001","128.5502039742002"
"서울특별시 노원구 동일로192길 83, 용마빌딩 1층 105호 (공릉동)","휴게시간 12:30-13:30 공휴일 전화확인하세요.","유명약국","02-6053-1048","1900","0930","1900","0930","1900","0930","1900","0930","1900","0930","1930","0930","1900","1400","2100","1300","C1109109","018","33","17040","37.6275129140111","127.077197965689"
"경기도 평택시 세교상가1길 3, (세교동)","유명약국","031-655-7925","1400","0900","1400","0900","1400","0900","1400","0900","1400","0900","1400","0900","C2101718","178","39","17041","37.00012694317379","127.0794998309506"
"경기도 수원시 팔달구 덕영대로697번길 21-7, 정자프라자 1층 101호 (화서동)","유명약국","031-295-1205","1800","0900","1800","0900","1800","0900","1800","0900","1800","0900","C2108222","164","35","17042","37.2851955790967","126.990945681161"
"충청남도 태안군 태안읍 환동로 80 (태안읍)","태안읍 구터미널 수협앞","유명약국","041-674-2076","1800","0830","1800","0830","1800","0830","1800","0830","1800","0830","1400","0830","C2400704","321","43","17043","36.75407012306651","126.29430506999122"
"경기도 하남시 미사강변남로 29, 마인드 프라자 106호 (망월동)","유명약국","070-4111-0088","2030","0900","2030","0900","2030","0900","2030","0900","1930","0900","1600","0900","C2108001","129","14","17044","37.55980297460847","127.18500838456954"
"경기도 남양주시 화도읍 마석중앙로 73, 101, 102호","유명약국","031-594-4565","2000","0900","2000","0900","2000","0900","2000","0900","2000","0900","1500","0900","C2102590","121","80","17045","37.652231379693184","127.30807613393854"
"대전광역시 중구 계백로 1727 (오류동)","서대전사거리센트리아오피스텔옆","유명약국","042-524-5586","1800","0900","1800","0900","1800","0900","1800","0900","1800","0900","1800","0900","1800","0900","C1600312","349","09","17046","36.32233955896469","127.41103972461067"
"경상남도 사천시 중앙로 133 (벌리동)","■ 공휴일 운영은 전화 확인 요망","삼천포내과의원 옆","유명약국","055-833-3196","1800","0900","1800","0900","1800","0900","1800","0900","1800","0900","1230","0900","1230","0900","C2800672","525","58","17047","34.93772922601846","128.07882794634804"
"충청남도 보령시 대흥로 74 (대천동)","유명약국","041-935-1606","1830","0830","1830","0830","1300","0830","1830","0830","1830","0830","1300","0830","C2401191","334","55","17048","36.3510505999","126.5912329633"
"제주특별자치도 제주시 용문로 163","용문로타리김명식내과옆","유명약국","064-711-4587","1800","0900","1800","0900","1800","0900","1800","0900","1800","0900","1230","0900","C2900119","631","56","17049","33.50930367733911","126.5108032572185"
"경기도 안산시 단원구 선부로 243","와동764-19","유명약국","031-505-3718","2130","0830","2130","0830","2130","0830","2130","0830","2130","0830","1630","0830","1800","0900","C2100622","152","45","17050","37.34152077127105","126.82219294921322"
"서울특별시 영등포구 도신로60길 2","유명약국","02-845-3780","2200","0900","2200","0900","2200","0900","2200","0900","2200","0900","1800","0900","C1102571","073","49","17051","37.511784488477","126.916830327223"
"충청남도 서천군 비인면 비인로 174,","신협 맞은편","유명약국","041-952-7045","1730","0815","1730","0815","1730","0815","1730","0815","1730","0815","1300","0815","C2400349","336","08","17052","36.140720317888906","126.6030863604893"
"경기도 용인시 기흥구 한보라1로 92 (보라동, 보라지구EMART)","2,4주 일요일 ,구정(음력설날) 당일 ,추석당일은 휴무","이마트보라점 1층","이마트1층","유명약국","031-284-2751","2030","1030","2030","1030","2030","1030","2030","1030","2030","1030","2030","1030","2030","1030","2030","1030","C2104198","170","80","17053","37.24760141571949","127.1051295253941"
"경상남도 창원시 마산합포구 진동면 진북산업로 31, 1층","공휴일은 전화 확인 요망","유명약국","055-271-5901","1900","0900","1900","0900","1900","0900","1900","0900","1900","0900","1400","0900","C2802029","517","93","17054","35.11903069670708","128.48787938752713"
"충청북도 괴산군 괴산읍 읍내로11길 3,","괴산읍터미널앞","유명약국","043-832-3355","1800","0900","1800","0900","1800","0900","1800","0900","1800","0900","1400","0900","1400","0900","1400","0900","C2300326","280","30","17055","36.80917525684343","127.7943077855553"
"부산광역시 남구 못골로 24-1","2호선 못골역(남구청) 2번출구","유명약국","051-634-4216","1800","0900","1800","0900","1800","0900","1800","0900","1800","0900","1300","0900","C1200317","484","53","17056","35.13550321645633","129.08503721671553"
"서울특별시 양천구 신월로 164, 1층 104호(신월동)","신월6동신곡시장옆승일뷰티타워1층104호","유명약국","02-2696-1004","2000","0900","1900","0900","1900","0900","2000","0900","1900","0900","1500","0900","C1102572","080","64","17057","37.517760427962","126.842018042503"
"전북특별자치도 전주시 덕진구 우아로 8, (우아동3가)","한양주유소 골목(2.4주 토요일은 13시까지 영업)","유명약국","063-246-5400","1900","0900","1900","0900","1900","0900","1900","0900","1900","0900","1400","0900","C2500491","549","08","17058","35.84871080981258","127.15701282903167"
"서울특별시 관악구 난곡로 202, 1층 (신림동)","유명약국","02-866-6414","1900","0900","1900","0900","1900","0900","1900","0900","1900","0900","1600","0900","C1106916","088","54","17059","37.4730432495559","126.919154714755"
"경기도 화성시 남양읍 남양성지로 139-1, 국제포인트 프라자 107호 (남양읍)","유명온누리약국","031-356-6797","2100","0900","2100","0900","2100","0900","2100","0900","2100","0900","1800","0900","C2100649","182","61","17060","37.20909068495402","126.81844234970288"
"경기도 동두천시 중앙로 267 (생연동)","유명온누리약국","031-861-3201","2000","0900","2000","0900","2000","0900","2000","0900","2000","0900","1730","0900","1800","0900","C2102882","113","28","17061","37.90535573897265","127.05375821715145"
"경상북도 경주시 화랑로 135, 경주지업사 (성동동)","토요일, 일요일, 공휴일 방문 전 전화확인 필요","경주역 우체국 맞은편","유명온누리약국","054-772-3443","1830","0600","1830","0600","1830","0600","1830","0600","1830","0600","1330","0600","1200","0600","1300","0600","C2701002","381","46","17062","35.844649238460335","129.21573109882877"
"광주광역시 광산구 상무대로 206 (송정동)","광주송정역1번출구","유명종로약국","062-944-6275","2100","0900","2100","0900","2100","0900","2100","0900","2100","0900","2100","0900","2100","0900","2100","0900","C1500897","624","30","17063","35.13760816775497","126.79193976389487"
"경상남도 통영시 중앙로 240 (북신동)","일요일은 휴무, 공휴일은 운영 시간 유동적으로 전화 확인 필요","국민은행","유명프라자약국","055-645-2569","1900","0900","1900","0900","1900","0900","1900","0900","1900","0900","1400","0900","C2800270","530","47","17064","34.85182369211724","128.42833149866192"
"경상북도 김천시 자산로 59-1 (모암동)","일요일 공휴일 전화후 방문 부탁 / 설, 추석 당일 휴무","유명프라자온누리약국","054-434-9955","2000","0900","2000","0900","2000","0900","2000","0900","2000","0900","2000","0900","2000","1400","2000","1400","C2700649","395","90","17065","36.11933148055623","128.12522419099983"
"경기도 부천시 부일로 704, 1층상가 (역곡동)","역곡북부역에서부천방향200m","유명한약국","032-343-4787","2130","0900","2130","0900","2130","0900","2130","0900","2130","0900","1800","0900","C2100277","146","73","17066","37.48466930693414","126.80818278127823"
"강원특별자치도 춘천시 후석로186번길 10-1, (석사동)","진흥아파트 정문앞","유명한약국","033-261-0123","1900","0900","1900","0900","1900","0900","1900","0900","1900","0900","1300","0900","C2200112","243","23","17067","37.867438888888891","127.753177777777779"
"경상남도 통영시 중앙로 90 (서호동)","일요일은 짝수주 운영, 공휴일 설, 추석 제외 모두 운영","일요일은 짝수주 운영, 공휴일 설, 추석 제외 모두 운영","비치호텔","유명한약국","055-645-6325","1930","0600","1930","0600","1930","0600","1930","0600","1930","0600","1800","0600","1800","0600","1800","0600","C2800695","530","55","17068","34.841669357123614","128.41918822132726"
"경상남도 양산시 소주회야1길 13, 102호 (소주동)","2,4째주 토요일 운영","주민센터","유명한약국","055-362-7133","2100","0900","2100","0900","2100","0900","2100","0900","2100","0900","2000","0900","C2800599","505","14","17069","35.40792805609747","129.15855523538295"
"경상남도 창원시 의창구 의안로2번길 17 (소답동, 유명한약국)","39사단 버스정류소 맞은편","유명한약국","055-255-9911","1800","0830","1800","0830","1800","0830","1800","0830","1800","0830","1240","0830","C2800228","511","99","17070","35.26173307435223","128.6255731878047"
"충청북도 청주시 상당구 낭성면 산성로 698-13","전화후방문","유명한약국","043-221-3576","1800","0900","1800","0900","1800","0900","1800","0900","1800","0900","1800","0900","1800","0900","1800","0900","C2300467","281","92","17071","36.82456152739415","127.6129258554949"
"서울특별시 성동구 독서당로 295, 1층 (금호동3가)","공휴일은 전화확인바람","금남시장삼거리 인근","유명한약국","02-2237-5875","2130","0830","2130","0830","2130","0830","2130","0830","2130","0830","2130","0830","2100","0900","2030","0900","C1100510","047","30","17072","37.5483955634545","127.021845153107"
"충청남도 공주시 의당면 의당로 325","우성농협 맞은편","유명한약국","041-857-2535","1800","0830","1800","0830","1800","0830","1800","0830","1800","0830","1400","0830","C2400217","325","17","17073","36.470123077901654","127.05302956221308"
"경기도 평택시 지산로 62 (지산동)","유미약국","031-666-2577","2000","1000","2000","1000","2000","1000","2000","1000","2000","1000","2000","0900","2000","1000","C2101594","177","63","17074","37.07964120205954","127.06185873549988"
"대구광역시 달성군 달구벌대로 866 (다사읍) 유민약국","유민약국","053-581-8270","1930","0830","1930","0830","1930","0830","1930","0830","1930","0830","1400","0830","C1301228","429","18","17075","35.85818580444097","128.46410052871602"
"부산광역시 해운대구 윗반송로51번길 178, (반송동)","윗반송 시장통 4호선 동부산 대학역","유민약국","051-542-8290","2050","0830","2050","0830","2050","0830","2050","0830","2050","0830","2050","0830","2050","0830","C1200594","480","06","17076","35.233277777777786","129.1576027777797"
"서울특별시 성북구 동소문로 127-2, 1층 (동선동4가)","유민약국","02-929-8937","1800","0930","1800","0930","1800","0930","1800","0930","1300","0930","2200","1000","2200","1000","C1102573","028","29","17077","37.5944169731323","127.018589015035"
"대구광역시 수성구 지범로 204","유빈약국","053-763-6541","1900","0900","1900","0900","1300","0900","1900","0900","1900","0900","1300","0900","C1300641","422","09","17078","35.819911811768726","128.64085626809555"
"서울특별시 서초구 명달로 58, 1층 105호 (서초동)","2024년 9월 18일 14:00~18:00시 영업","유사랑약국","02-6082-0105","1930","0900","1930","0900","1930","0900","1930","0900","1930","0900","1400","0900","C1109533","067","08","17079","37.4825306878643","127.004801571654"
"대전광역시 동구 계족로 476 (용전동)","점심시간(13:00~14:00) 전화 후 방문요망","유산균약국","042-584-2220","2000","0900","2000","0900","2000","0900","2000","0900","2000","0900","2000","0900","2000","0900","2000","0900","C1600043","345","47","17080","36.3541485807","127.4328920855"
"제주특별자치도 서귀포시 중정로73번길 3-1","동명백화점 남측 뒷블럭","유선약국","064-762-3273","1800","0900","1800","0900","1800","0900","1800","0900","1800","0900","1300","0900","C2900088","635","91","17081","33.248465620819424","126.56394803780081"
"대전광역시 유성구 대학로 44, 1층 111,112호 (봉명동)","유성365약국","042-822-5548","2200","0930","2200","0930","2200","0930","2200","0930","2200","0930","2200","0930","1800","0930","1800","0930","C1601323","341","85","17082","36.357559700048","127.343396052745"
"대전광역시 유성구 계룡로155번길 26-12, 1층 (봉명동)","유성건강약국","042-822-7627","1830","0900","1830","0900","1830","0900","1830","0900","1830","0900","1330","0900","C1601349","341","87","17083","36.3530369370161","127.348512739783"
"대전광역시 유성구 북유성대로 89(지족동)","유성대학약국","042-719-1150","1830","0830","1830","0830","1830","0830","1830","0830","1830","0830","1300","0830","C1601369","340","84","17084","36.3748348428944","127.325629206262"
"대전광역시 유성구 계룡로 150, 1층 (봉명동)","유성미래약국","042-822-8221","2200","0800","2200","0800","2200","0800","2200","0800","2200","0800","2200","0800","2200","0900","2200","0900","C1601092","341","89","17085","36.35170716325456","127.34706004548197"
"대전광역시 유성구 유성대로 740, (장대동)","불규칙하나 일요일/공휴일은 휴무가 있으니 전화 후 확인바랍니다","유성약국","042-822-2926","2030","0830","2030","0830","2030","0830","2030","0830","2030","0830","2030","0830","2030","0830","2030","0830","C1600246","305","308","17086","36.35894735907129","127.3337096514783"
"제주특별자치도 제주시 도령로 5","유성약국","064-744-5477","1900","0900","1900","0900","1900","0900","1900","0900","1900","0900","1400","0900","C2900214","630","98","17087","33.486767709643274","126.47991628707834"
"서울특별시 동작구 등용로14길 65, (노량진동)","유성약국","02-813-4550","1900","1200","1900","1200","1900","1200","1900","1200","1900","1200","1800","1200","C1103476","069","27","17088","37.5125101659755","126.935100951057"
"서울특별시 노원구 덕릉로 459-37","상계주공 1단지 아파트 주공1단지 가상가","유성약국","02-931-8175","2100","0900","2100","0900","2100","0900","2100","0900","2100","0900","2100","0900","C1103462","016","39","17089","37.6468005039827","127.059592952406"
"경기도 수원시 장안구 송정로 195, 1층 (조원동)","수원종합운동장","유성약국","031-258-2196","2200","0900","2200","0900","2200","0900","2200","0900","2200","0900","C2100799","162","86","17090","37.299267672266716","127.01763666283877"
"서울특별시 은평구 통일로 741 (대조동)","유성약국","02-352-3119","1900","0900","1900","0900","1900","0900","1900","0900","1900","0900","1400","0900","C1102575","033","96","17091","37.6114268242168","126.928611590744"
"대구광역시 북구 동북로 311, (복현동)","복현동광명아파트입구","유성약국","053-943-3991","1830","0900","1830","0900","1830","0900","1830","0900","1830","0900","1230","0900","C1300248","415","30","17092","35.89197800212256","128.6238488387049"
"서울특별시 종로구 동호로 408, 흥일빌딩 (종로5가)","유성약국","02-2263-9666","1900","0830","1900","0830","1900","0830","1900","0830","1900","0830","1900","0830","1800","0900","1800","0900","C1109452","031","96","17093","37.5707224672019","127.002228046083"
"부산광역시 사하구 낙동대로199번길 3 (괴정동)","공휴일 운영 확인 후 방문요망","1호선 괴정역 10번출구","유성약국","051-202-0927","1930","0900","1930","0900","1900","0900","1930","0900","1930","0900","1500","0900","1300","0900","C1201082","604","083","17094","35.10037982360111","128.9952792093099"
"광주광역시 서구 쌍학로 47, (쌍촌동)","쌍촌주공 1층","유성약국","062-371-3838","1830","0900","1830","0900","1830","0900","1830","0900","1830","0900","1300","0900","C1500266","619","96","17095","35.14677830926113","126.86990382709348"
"경상북도 안동시 중앙시장3길 35","옥야동, 아주안제요양병원, 차이비인후과의원 옆","유성약국","054-841-0045","1900","0830","1900","0830","1900","0830","1900","0830","1900","0830","1300","0830","C2700042","366","98","17096","36.56499320949279","128.72128840284034"
"충청북도 청주시 흥덕구 사운로 204 (운천동)","공휴일 변동 있음 전화 확인 필요","주변의료기관:원구연정신건강의학과","흥덕대교사거리에서운천동사무소방향200미터","유성약국","043-266-2667","1800","0800","1800","0800","1800","0800","1800","0800","1800","0800","1500","0800","1400","0800","C2300202","284","69","17097","36.646996359904804","127.47746768898605"
"경기도 시흥시 도일로124번길 2, 102호 (거모동)","유성온누리약국","031-492-5275","1900","0900","1900","0900","1900","0900","1900","0900","1900","0900","C2103205","150","69","17098","37.34134171329688","126.78416079667465"
"대전광역시 유성구 계룡로 50, (봉명동)","유성리베라호텔-유성시외버스터미널 중간","유성태평양약국","042-823-8561","1900","0830","1900","0830","1900","0830","1900","0830","1900","0830","1500","0830","1900","0900","C1600503","341","77","17099","36.35494546153466","127.33652238831601"
"대전광역시 유성구 계룡로 92","유성하나약국","042-826-7285","1830","0900","1830","0900","1830","0900","1830","0900","1830","0900","1630","0900","C1600483","341","79","17100","36.35355627121403","127.34080266356688"
"대전광역시 유성구 온천동로 43 (봉명동)","유성홈플러스옆","유성한사랑약국","042-824-7979","1830","0830","1830","0830","1830","0830","1830","0830","1830","0830","1300","0830","C1600327","341","86","17101","36.35532678038533","127.35060105408232"
"대전광역시 유성구 유성대로646번길 61, (구암동)","토요일 16시 이후에는 불규칙할 수 있으니 반드시 전화 확인 후 방문 바랍니다.","유성생명과학고입구","유성한우리약국","042-824-4928","2130","0930","2130","0930","2130","0930","2130","0930","2130","0930","2100","0930","C1600375","341","81","17102","36.350913894858785","127.33190626022175"
"경기도 고양시 덕양구 동세로 63, 1층 (삼송동, 강남프라자)","유스약국","02-381-9475","1900","0830","1900","0830","1900","0830","1900","0830","1900","0830","1500","0830","C2106832","105","88","17103","37.64813418203108","126.88431111039203"
"경기도 고양시 일산동구 일산로 452, 일산프라자 (정발산동)","유승약국","070-8860-3657","1400","0900","1400","0900","1400","0900","1400","0900","1400","0900","C2107692","103","57","17104","37.6740435856","126.7769481725"
"서울특별시 은평구 역말로9길 1, 1층 (대조동)","유승약국","02-352-6595","1800","0900","1800","0900","1800","0900","1800","0900","1800","0900","1500","0900","C1102542","033","93","17105","37.6112227241805","126.921613359886"
"인천광역시 강화군 길상면 온수길36번길 2 (길상면)","길상농협 앞","유신약국","032-937-0020","2000","0900","2000","0900","2000","0900","2000","0900","2000","0900","2000","0800","2100","1000","C1400641","230","50","17106","37.63955067497152","126.49094876121916"
"서울특별시 금천구 시흥대로104길 14, (독산동)","공휴일은 전화확인바람","시흥대로50m와독산초등학교사이","유아약국","02-804-0785","2200","0900","2200","0900","2200","0900","2200","0900","2200","0900","2130","0900","2100","1430","2100","1000","C1100389","086","16","17107","37.4645954982554","126.898525995032"
"대구광역시 달서구 월배로 18 (진천동)","유안약국","053-639-8858","2100","0900","2100","0900","2100","0900","2100","0900","2100","0900","1700","0900","C1301470","427","70","17108","35.8114873432","128.5175775918"
"서울특별시 중랑구 공릉로2길 13, 도림빌딩 (묵동)","먹골역 1번출구 직진 후 사거리 우회전","유앤아이온누리약국","02-973-3188","2000","0900","2000","0900","2000","0900","2000","0900","2000","0900","1600","0900","C1100390","020","34","17109","37.6122111433458","127.078740933301"
"경기도 수원시 권선구 서수원로47번길 11, 그린메디프라자 1층 105호 (오목천동)","유약국","031-293-2878","1800","1000","1800","1000","1800","1000","1800","1000","1800","1000","C2108447","166","40","17110","37.2336125723228","126.977843693121"
"경기도 연천군 연천읍 신망로 2","신망리역50미터우측건물","유약국","031-834-2576","2100","0900","2100","0900","2100","0900","2100","0900","2100","0900","2100","0900","2100","1800","C2102475","110","09","17111","38.133508503799895","127.07899971106123"
"경기도 성남시 분당구 미금로 45, 진도훼미리프라자 1층 127호 (구미동)","유약국","031-714-4274","1800","0900","1800","0900","1800","0900","1800","0900","1800","0900","1300","0900","C2109981","136","25","17112","37.3373516330101","127.115784120324"
"경기도 평택시 팽성읍 부용로 27, 106호","유약국","031-651-5559","1400","0900","1400","0900","1400","0900","1400","0900","1400","0900","1400","0900","C2103077","179","89","17113","36.96323698886978","127.05873098093755"
"경기도 수원시 영통구 덕영대로1483번길 14, 1층 (망포동)","5/6 임시공휴일 정상운영(08;30~20:00) 합니다","유약국","031-205-9287","2000","0830","2000","0830","2000","0830","2000","0830","2000","0830","1500","0830","C2108581","166","80","17114","37.246388238069","127.052856373383"
"경기도 군포시 광정로 25-16, 107호 (금정동, 퇴계종합상가)","유약국","031-392-4128","2100","0900","2100","0900","2100","0900","2100","0900","2100","0900","2100","0900","C2102081","158","64","17115","37.35583807310803","126.9317570208294"
"서울특별시 강서구 화곡로 329, 101호 (화곡동)","매월 두번째 수요일은 14:00까지 운영","유약국","02-2695-7576","1830","0800","1830","0800","1700","0800","1830","0800","1830","0800","1330","0800","C1104394","076","49","17116","37.5534298465129","126.850536584044"
"강원특별자치도 원주시 치악로 1504 (단구동)","유약국","033-761-5718","2100","0830","2100","0830","2100","0830","2100","0830","2100","0830","2100","0830","1900","0830","1900","0830","C2200237","264","52","17117","37.319093064584145","127.96717199886005"
"부산광역시 부산진구 가야대로 765, 1층 (부전동)","주말/공휴일 전화문의 후 방문요망","1,2호선 서면역 9번출구","유약국","051-805-2788","2100","0830","2100","0830","2100","0830","2100","0830","2100","0830","2100","0830","2100","0830","2100","0830","C1202656","472","57","17118","35.1579059840208","129.055349204519"
"충청남도 홍성군 홍성읍 조양로 141","유약국","041-631-3900","1800","0830","1800","0830","1800","0830","1800","0830","1800","0830","1300","0830","C2401807","322","22","17119","36.6018736668089","126.665656557289"
"전북특별자치도 고창군 고창읍 화신1길 16 (고창읍)","고창병원인근 서울약국 앞","유약국","063-564-5282","1830","0830","1830","0830","1830","0830","1830","0830","1830","0830","1300","0830","C2501082","564","36","17120","35.435988399268666","126.69417231155455"
"전북특별자치도 장수군 장계면 한들로 107","토/일/공휴일은 3군데 약국이 돌아가면서 당직이면 개국함(0900~19:00)","장계터미널 옆","유약국","063-352-0786","1730","0820","1730","0820","1300","0820","1730","0820","1730","0820","1300","0820","C2500199","556","15","17121","35.73095009566926","127.58127911829174"
"경상남도 김해시 내외중앙로 35, 아카데미 빌딩 (외동)","유약국","055-338-2640","1900","0900","1900","0900","1900","0900","1900","0900","2100","0900","1700","0900","C2802281","509","48","17122","35.2332002911407","128.866048348261"
"경기도 안양시 만안구 안양로 266 1층","유약국","031-469-5300","1830","0900","1830","0900","1830","0900","1830","0900","1830","0900","1500","0930","1500","0930","C2100972","139","96","17123","37.396545066251136","126.92369728082471"
"충청남도 부여군 부여읍 사비로 76, 1층","성요셉병원 옆","유약국","041-834-7890","1900","0900","1900","0900","1900","0900","1900","0900","1900","0900","1400","0900","C2400139","331","51","17124","36.27944848253957","126.91072579876271"
"대전광역시 서구 대덕대로234번길 18, 유웰빌딩 지하1층 (둔산동)","유약국","042-471-3777","2000","0900","2000","0900","2000","0900","2000","0900","2000","0900","1500","0900","C1601346","352","33","17125","36.3533519633572","127.380599488763"
"서울특별시 동작구 상도로50길 2-13 (상도1동)","공휴일은 전화확인하세요","지하철7호선상도역과숭실대역사이살피제주유소뒤","유약국","02-815-6003","2100","0900","2100","0900","2100","0900","2100","0900","2100","0900","2100","0900","2100","0900","2100","0900","C1100392","070","33","17126","37.4990636399965","126.950730182929"
"대전광역시 유성구 계룡로 109, 지상1층 (봉명동)","유엔약국","042-825-7581","2100","0900","2100","0900","2100","0900","2100","0900","2100","0900","2100","0900","2100","0900","C1601469","341","87","17127","36.3536521363177","127.342917547663"
"경기도 수원시 권선구 호매실로90번길 86, 호매실가든주차타워 1층 106호 (호매실동)","유연약국","031-296-6794","2100","0900","2100","0900","2100","0900","2100","0900","2100","0900","C2108312","166","30","17128","37.259465810768","126.964251036891"
"서울특별시 성동구 왕십리로 410, 상가 L동 3층 318호 (하왕십리동, 센트라스)","정형외과.이비인후과.내과약 취급 동물약 취급","유연약국","02-2297-9733","1900","0900","1900","0900","1900","0900","1900","0900","1900","0900","1500","0900","C1107677","047","01","17129","37.56479755210159","127.02912314406476"
"인천광역시 계양구 하느재로20번길 1 (계산동)","새나들이백화점 부근","유영약국","032-543-7036","2100","0930","2100","0930","2100","0930","2100","0930","2100","0930","1900","0930","2200","0900","C1400871","210","40","17130","37.54540337513297","126.7252714864154"
"경기도 부천시 조마루로385번길 92, 부천테크노밸리 U1 center 127호 (원미동)","유원센터약국","032-240-6288","2100","0800","2100","0800","2100","0800","2100","0800","2100","0800","1300","0800","C2108872","145","58","17131","37.500801739038","126.79011439794"
"인천광역시 미추홀구 낙섬중로 101, 1층 (용현동)","- 월요일~금요일 전화로 운영시간 확인 후 방문 권장","유원아파트 상가","유원소망약국","032-885-3929","1300","0900","1300","0900","1300","0900","1300","0900","1300","0900","2130","0830","2130","0830","C1400166","221","75","17132","37.45656428437341","126.64149336382368"
"인천광역시 계양구 장제로 718, (작전동)","한림병원 앞","유원약국","032-551-5650","1900","0900","1900","0900","1900","0900","1900","0900","1900","0900","1300","1000","C1400450","210","79","17133","37.531847222222225","126.734186111111114"
"경기도 구리시 경춘로 212, 1층 102호 (수택동)","유이약국","031-553-0555","1800","0900","1800","0900","1800","0900","1800","0900","1800","0900","1300","0900","C2110010","119","27","17134","37.600244720246","127.138867851761"
"경기도 평택시 지산로 85 (독곡동, 우남빌딩)","송북초등학교앞","유일약국","031-666-1909","2100","0900","2100","0900","2100","0900","2100","0900","2100","0900","1700","0900","2100","0900","C2103238","177","20","17135","37.08063831979094","127.06424377549896"
"경기도 화성시 병점2로 38, 1층 102호 (병점동)","하모니마트사거리(구럭키마트)","유일약국","031-236-9955","2200","0900","2200","0900","2200","0900","2200","0900","2200","0900","2100","0900","2100","0900","2100","0900","C2102000","184","14","17136","37.20642296870458","127.0409713162765"
"경기도 평택시 원평1로 30","서부역뒤쪽","유일약국","031-658-6009","2000","0900","2000","0900","2000","0900","2000","0900","2000","0900","1600","0900","C2102179","179","22","17137","36.9894078878232","127.08340441062666"
"서울특별시 중구 세종대로 23, 1층 (남대문로5가)","유일약국","02-318-5997","2000","0900","2000","0900","2000","0900","2000","0900","2000","0900","1600","0900","C1109572","045","12","17138","37.5590909738298","126.973844589811"
"경상북도 포항시 남구 효자동길6번길 8, 1층 (효자동)","포항시남구효자동sk1차앞","유일약국","054-276-9754","2000","0900","2000","0900","2000","0900","2000","0900","2000","0900","1400","0900","C2700904","376","64","17139","36.00662528265054","129.33500829485848"
"경기도 동두천시 동두천로 119, 지행역프라자 304호 (지행동)","지행역1번출구지행역프라자3층","유일약국","031-862-2030","1800","0900","1800","0900","1800","0900","1800","0900","1800","0900","1300","0900","C2102936","113","50","17140","37.892061128193475","127.05460374095276"
"경기도 파주시 법원읍 사임당로 893, 유일약국","법원읍천현초교의정부방향100m","유일약국","031-958-6279","2200","0900","2200","0900","2200","0900","2200","0900","2200","0900","2100","0800","2100","0800","C2102617","108","26","17141","37.84815317733574","126.88062266678344"
"대구광역시 남구 양지로 20-4 (대명동)","유일약국","053-621-3577","1800","0900","1800","0900","1800","0900","1800","0900","1800","0900","1300","0900","C1300527","424","54","17142","35.85094134507466","128.57440969112628"
"대구광역시 동구 동촌로 231, 1층 (방촌동)","09-19 토 13시","유일약국","053-984-0061","1900","0900","1900","0900","1900","0900","1900","0900","1900","0900","1300","0900","C1300805","411","46","17143","35.881603513195486","128.66580175406744"
"대구광역시 중구 국채보상로 529, (하서동)","토요일, 일요일, 공휴일은 당번일때만 17:50까지 운영, 당번이 아닐 시 12:40까지 운영","곽병원정문오른쪽","유일약국","053-253-0012","1730","0900","1730","0900","1730","0900","1730","0900","1730","0900","1300","0900","1700","0900","1700","0900","C1300167","419","19","17144","35.87039408837979","128.58859839848273"
"충청북도 증평군 증평읍 역전로 53","유일약국","043-838-8757","1800","0830","1800","0830","1800","0830","1800","0830","1800","0830","1300","0830","C2301077","279","30","17145","36.7817451237","127.5812882071"
"부산광역시 사상구 광장로 7 (괘법동, 홈플러스)","일요일 및 공휴일 운영일은 마트 운영일과 동일","버스정류장:홈플러스","유일약국","051-312-6288","2200","1000","2200","1000","2200","1000","2200","1000","2200","1000","2200","1000","2200","1000","2200","1000","C1202124","469","70","17146","35.16433466076401","128.97771463631378"
"충청남도 공주시 번영1로 134 (신관동)","신관클리닉 오른쪽","유일약국","041-856-8570","1930","0830","1930","0830","1930","0830","1930","0830","1930","0830","1430","0830","C2400331","325","81","17147","36.47420276017858","127.14232685460402"
"전북특별자치도 익산시 금마면 금마길 43 (유일약국)","패밀리마트앞","유일약국","063-836-6213","1900","0800","1900","0800","1900","0800","1900","0800","1900","0800","1400","0800","C2500790","545","72","17148","35.99055281744603","127.05189969921061"
"강원특별자치도 삼척시 진주로 8 (남양동)","남양동 삼척의료원,하나로마트 사이","유일프라자약국","033-573-2289","1830","0800","1830","0800","1830","0800","1830","0800","1830","0800","1300","0800","C2200280","259","20","17149","37.441347222222220","129.164294444444437"
"경기도 성남시 분당구 벌말로 10, 1층 107호 (야탑동, 목련마을근린상가)","유정약국","031-708-0927","1900","0900","1900","0900","1900","0900","1900","0900","1900","0900","1300","0900","C2103744","135","13","17150","37.408934071385765","127.13827443953794"
"서울특별시 은평구 연서로 258, (불광동)","연신내역3번출구100미터명동보리밥옆","유정약국","02-355-6270","1900","0900","1900","0900","1900","0900","1900","0900","1900","0900","1400","0900","C1103299","033","50","17151","37.6198100033795","126.923335802805"
"울산광역시 북구 염포로 673 (염포동)","상떼빌아파트 정문","유정약국","052-287-7587","1930","0900","1930","0900","1930","0900","1930","0900","1930","0900","1400","0900","1300","0900","C1700144","442","60","17152","35.53247308400935","129.39139506755419"
"충청북도 제천시 의림대로 153 (의림동)","유정약국","043-644-2428","1830","0830","1830","0830","1830","0830","1830","0830","1830","0830","1300","0830","C2301090","271","65","17153","37.1414076654","128.2120288801"
"충청남도 아산시 남부로 353, 104호 (풍기동, 동일하이빌아파트상가)","동일 하이빌 아파트 상가","유정약국","041-549-5315","1900","0900","1900","0900","1900","0900","1900","0900","1900","0900","1300","0900","C2400411","315","79","17154","36.77272166214806","127.01999885891922"
"대구광역시 북구 학정동로 10, 나동 1층 103호 (국우동, 칠곡그린빌 5,6단지)","유정약국","053-326-0246","1830","0900","1830","0900","1830","0900","1830","0900","1830","0900","1400","0900","C1300627","414","20","17155","35.944734429314714","128.56702887023096"
"서울특별시 동작구 여의대방로22나길 1, 1층 (신대방동)","공휴일 영업하나, 수요일이 공휴일인경우는 영업안함","유정온누리약국","02-822-5692","1900","0900","1900","0900","1600","0930","1900","0900","1900","0900","1330","0900","1400","0900","C1107880","070","58","17156","37.4975103435893","126.920806652541"
"대구광역시 수성구 청수로 200","캐슬골드파크(구.황금아파트)동대구농협옆(박이비인후과1층)","유정온누리약국","053-766-1658","1930","0900","1930","0900","1930","0900","1930","0900","1930","0900","1730","0900","C1300531","421","77","17157","35.83891034038018","128.6297994623166"
"서울특별시 은평구 서오릉로 166, 유풍빌딩 1층 (갈현동)","일요일은 유동적으로 운영하여 방문 전 전화확인 필요 공휴일은 전화확인바람","구산역 4번 출구 인근","유진약국","02-384-8877","2100","0900","2100","0900","2100","0900","2100","0900","2100","0900","1900","0830","1700","1000","1900","1000","C1100637","033","36","17158","37.6128048616854","126.915228694484"
"경기도 시흥시 중심상가로 334, 1층 (정왕동, 은성빌딩)","은성빌딩 1층","유진약국","031-432-1621","2200","0900","2200","0900","2200","0900","2200","0900","2200","0900","1700","0900","C2106681","150","62","17159","37.33624459485714","126.7489907886322"
"서울특별시 강남구 언주로 323 (역삼동)","언주로르네상스호텔과강남세브란스병원중간지점","유진약국","02-562-3923","1900","0900","1900","0900","1900","0900","1900","0900","1900","0900","1300","0900","C1100638","062","26","17160","37.4967458451005","127.045099200513"
"경기도 이천시 장호원읍 장감로 96","장호원 큰다리 옆","유진약국","031-641-2030","2000","0600","2000","0600","2000","0600","2000","0600","2000","0600","1700","0600","C2101041","174","20","17161","37.117783333333335","127.633169444444448"
"경기도 화성시 동탄원천로 338, 103호 (능동, 동탄포레스트 프라자)","유진약국","031-613-9956","2100","0900","2100","0900","2100","0900","2100","0900","2100","0900","2100","0900","2100","0900","C2106809","184","23","17162","37.217133748463496","127.0586358881984"
"전북특별자치도 군산시 공단대로 384, 1층 (나운동)","보건소 사거리 기아자동차옆 (구 군산세계로약국자리)","유진약국","063-462-2667","1830","0900","1830","0900","1830","0900","1830","0900","1830","0900","1230","0900","C2500796","541","39","17163","35.9623867973937","126.69980914771278"
"울산광역시 남구 중앙로 263, 1층 (신정동)","신정시장 버스정류장(시청방향) 앞","유진약국","052-258-1245","1800","0900","1800","0900","1230","0900","1800","0900","1800","0900","1230","0900","C1700353","446","71","17164","35.54412364273293","129.3102252634251"
"대전광역시 대덕구 동춘당로94번길 11-21","대전송촌동선비마을3단지앞은혜프라자1층","유진약국","042-636-0631","2100","0900","2100","0900","2100","0900","2100","0900","2100","0900","2100","0900","1700","0900","1700","0900","C1600304","344","01","17165","36.3661985880296","127.43923715437245"
"경기도 수원시 팔달구 고화로14번길 15, 1층 (매산로3가)","유진약국","031-241-9993","1800","0900","1800","0900","1800","0900","1800","0900","1800","0900","1300","0900","C2109277","164","56","17166","37.2711227227527","127.008556436496"
"경기도 남양주시 금곡로 15, 1층 (금곡동)","유진약국","031-511-1364","1800","0800","1800","0800","1800","0800","1800","0800","1800","0800","C2104611","122","34","17167","37.63392124147403","127.20475711129006"
"제주특별자치도 제주시 관덕로 60, (일도일동)","중앙로터리 동측 금강제화 맞은편","유진약국","064-753-7116","1800","0840","1800","0840","1800","0840","1800","0840","1800","0840","1300","0840","C2900104","631","92","17168","33.5129399669","126.5257129368"
"서울특별시 서대문구 연희로 85 (연희동)","연희삼거리신한은행건물인사이드빌딩105호","유진온누리약국","02-335-1794","1800","0830","1800","0830","1800","0830","1800","0830","1800","0830","1300","0830","C1103931","037","08","17169","37.5659975754095","126.929894728865"
"경기도 하남시 감일백제로180번길 17, 퀸즈에비뉴 1층 124호 (감이동)","유진온누리약국","02-474-9047","1800","0900","1800","0900","1800","0900","1800","0900","1800","0900","1300","0900","C2109421","129","99","17170","37.5091544674194","127.154873948836"
"서울특별시 마포구 도화4길 73","현대2차아파트상가 104","유진온누리약국","02-702-1210","1930","0900","1930","0900","1500","0900","1930","0900","1930","0900","1500","0900","C1100148","041","80","17171","37.538718127097","126.951132481622"
"경기도 고양시 일산서구 중앙로 1565 (대화동)","유진온누리약국","031-915-3382","1900","0900","1900","0900","1900","0900","1900","0900","1900","0900","1400","0900","C2102306","103","81","17172","37.6757366132862","126.7477429098316"
"경기도 용인시 수지구 고기로 80, 105호 (동천동)","유진하나로약국","0507-1466-9334","1800","0900","1800","0900","1800","0900","1800","0900","1800","0900","1300","0900","C2109783","168","24","17173","37.344903632041","127.094359175421"
"대구광역시 달서구 성서서로 355-1 (신당동)","와룡공원건너편","유창약국","053-592-2033","1900","0830","1900","0830","1900","0830","1900","0830","1900","0830","1600","0830","C1300171","704","919","17174","35.85698460213206","128.4996712224276"
"경상북도 포항시 북구 중흥로 336, 굿모닝 타워 1층 106호 (죽도동)","유창약국","054-277-2334","1800","0900","1800","0900","1800","0900","1800","0900","1800","0900","1300","0900","C2701763","377","73","17175"
"대구광역시 서구 서대구로 304 (비산동)","대구서구비산7동883-1","유창약국","053-357-0463","2000","0900","2000","0900","2000","0900","2000","0900","2000","0900","2000","0900","C1300299","417","24","17176","35.884692336687706","128.5571792410422"
"서울특별시 송파구 송파대로 288, 신정빌딩 1층 (가락동)","운영시간 미확정으로 전화확인 필요","가락시장 반대편 우성, 금호 아파트 입구에서 바로 안쪽","유창온누리약국","02-400-7585","2100","0900","2100","0900","2100","0900","2100","0900","2100","0900","2100","0900","2100","0830","C1107055","057","11","17177","37.495033486768","127.117042586324"
"부산광역시 북구 금곡대로303번길 22, 정능빌딩 3층 302호 (화명동)","유채약국","051-365-0428","1900","0830","1900","0830","1900","0830","1900","0830","1900","0830","1400","0830","C1202810","465","25","17178","35.2357333783758","129.012649816552"
"대전광역시 중구 평촌로 58 (유천동)","유천동양약국","042-525-7599","2000","0830","2000","0830","2000","0830","2000","0830","2000","0830","1400","0830","C1601287","348","87","17179","36.3212144016661","127.393531434484"
"대전광역시 중구 계백로 1543, 1층 (유천동)","유천큰사랑약국","042-527-3650","2200","0900","2200","0900","2200","0900","2200","0900","2200","0900","2200","0900","2200","1400","2200","1400","C1601344","348","91","17180","36.3171751642831","127.39179446232"
"대전광역시 중구 계백로1565번길 68 (유천동)","유천프라자약국","042-534-0486","1930","0900","1930","0900","1930","0900","1930","0900","1930","0900","1700","0900","C1600363","348","87","17181","36.320633333333333","127.393083333333337"
"대전광역시 중구 계백로 1597 (유천동)","공휴일은 특별한 사유가 없는 한 쉽니다. 양해 바랍니다.","유천한마음약국","042-525-8700","1900","0830","1900","0830","1230","0830","1900","0830","1900","0830","1330","0900","C1601063","349","00","17182","36.31876500206868","127.39756054285438"
"서울특별시 중구 다산로 168, 성원빌딩 1층 (신당동)","휴게시간 13:00-13:40","유쾌한약국","02-2234-0827","0100","0900","0100","0900","0100","0900","0100","0900","0100","0900","1300","0900","C1107935","045","89","17183","37.5588130051943","127.013269833607"
"서울특별시 관악구 난곡로 217, 1층 (신림동)","공휴일은 전화확인바람","난곡입구세이브마트건너편","유쾌한약국","02-852-7477","1900","0900","1900","0900","1900","0900","1900","0900","1900","0900","1500","0900","1300","0900","C1100639","088","64","17184","37.4738513821693","126.917484545337"
"경기도 안산시 단원구 적금로 120, 안산상공회의소 별관동 1층 101호 (고잔동)","유킹스파머시가까운약국","031-504-8575","1800","0900","1800","0900","1800","0900","1800","0900","1800","0900","1300","0900","C2107537","153","57","17185","37.3189395408","126.826405099"
"전라남도 순천시 해룡면 순광로 234-9, 가동 1층 101호","유킹스파머시가까운약국","061-724-8271","1800","0830","1800","0830","1800","0830","1800","0830","1800","0830","C2601167","579","72","17186","34.963534635494476","127.54526744785693"
"전라남도 여수시 거북선공원1길 26-1 (학동)","유킹스파머시여수바다약국","061-683-0365","1300","0830","1300","0830","1300","0830","1300","0830","1300","0830","C2601065","596","76","17187","34.76268415581415","127.6654995704236"
"전라남도 여수시 어항로 45-1 (봉산동)","유킹스파머시조은약국","061-641-0366","1300","0900","1300","0900","1300","0900","1300","0900","1300","0900","C2601165","597","63","17188","34.73109130125953","127.72316635308277"
"경기도 용인시 수지구 신수로 767, 분당수지 U-TOWER 128호 (동천동)","유타워 온누리약국","031-525-3223","2000","0730","2000","0730","2000","0730","2000","0730","2000","0730","2000","0730","C2107350","168","27","17189","37.3383160489","127.1017200496"
"서울특별시 구로구 경인로47길 54 (고척동)","동양공전과구로성심병원사이길,동아한신아파트맞은편","유풍약국","02-2618-9311","2030","0900","2030","0900","2030","0900","2030","0900","2030","0900","1800","0900","C1100640","082","22","17190","37.5015074126632","126.865301478683"
"경상북도 구미시 상사서로 161 (사곡동)","유하약국","054-463-3776","1800","0900","1800","0900","1800","0900","1800","0900","1800","0900","1400","0900","C2700581","393","25","17191","36.096823563825055","128.35645800989687"
"전북특별자치도 정읍시 우암로 6, 유한당약국 (시기동)","구시장 버스승강장 앞","유한당약국","063-532-8855","1800","0830","1800","0830","1800","0830","1800","0830","1800","0830","1300","0830","C2500607","561","62","17192","35.56394631305613","126.85410964924114"
"서울특별시 동대문구 천호대로 295, 2층 10호 (답십리동, 우창프라자)","우창빌딩210호","유한약국","02-2214-0205","1900","0900","1900","0900","1900","0900","1900","0900","1900","0900","1300","0900","C1102932","026","04","17193","37.5664577767003","127.053852977095"
"경기도 안산시 단원구 화랑로 67 (원곡동)","유한약국","031-494-3050","2000","0900","2000","0900","2000","0900","2000","0900","2000","0900","1500","0900","1500","0900","1500","0900","C2100751","153","74","17194","37.328725690939095","126.79738241097795"
"서울특별시 송파구 올림픽로 104 (잠실동)","잠실새내역 4번출구","유한약국","02-421-5777","2030","0900","2030","0900","2030","0900","2030","0900","2030","0900","1600","0900","C1104070","055","57","17195","37.5114667980986","127.082263786514"
"서울특별시 강남구 논현로115길 71, 1층 101호 (논현동)","매달 1,2,3번째 일요일 정기휴무","유한약국","02-547-1696","2130","0820","2130","0820","2130","0820","2130","0820","2130","0820","2130","0900","2130","0820","2130","0820","C1100489","061","18","17196","37.5083210457629","127.027203108252"
"경기도 의정부시 시민로 120, 1층 (의정부동, 은덕빌딩 다동)","유한약국","031-837-1761","2000","0900","2000","0900","1900","0900","2000","0900","2000","0900","1900","0900","C2106882","116","97","17197","37.738343480921884","127.04843458923373"
"경상북도 문경시 점촌로 23 (점촌동)","유한약국","054-556-6666","1830","0830","1830","0830","1830","0830","1830","0830","1830","0830","1300","0830","C2700876","369","71","17198","36.596916970373286","128.20011071065966"
"경상북도 경산시 하양읍 하양로 108-1","유한약국","053-854-7900","1900","0900","1900","0900","1900","0900","1900","0900","1900","0900","1500","0900","1300","0900","C2701356","384","36","17199","35.91368306051691","128.81935705247827"
"강원특별자치도 춘천시 금강로 68-4 (조양동)","동부교회 옆","유한약국","033-256-7894","1900","0900","1900","0900","1900","0900","1900","0900","1900","0900","1500","0830","C2200153","243","53","17200","37.87913921781383","127.72850402945028"
"전라남도 목포시 청호로 176 (산정동)","*국제볼링장 옆","유한약국","061-272-6556","1800","0800","1800","0800","1800","0800","1800","0800","1800","0800","1300","0800","C2600671","586","39","17201","34.80650164090755","126.37369613772637"
"강원특별자치도 정선군 고한읍 고한6길 10","매주 주말 공휴일 운영하지만 유동적 전화 후 방문","유한약국","033-591-2434","1900","0800","1900","0800","1900","0800","1900","0800","1900","0800","1900","0800","1900","0800","1900","0800","C2200467","261","55","17202","37.20063608299746","128.85401624802478"
"전라남도 신안군 임자면 진리길 2","임자면보건지소옆","유한약국","061-275-8288","1800","0800","1800","0800","1800","0800","1800","0800","1800","0800","1230","0800","C2600148","588","02","17203","35.08651114532942","126.10718830744471"
"경상북도 영주시 중앙로 105, 1층 (하망동)","우리은행건너편김진희소아과밑","유한약국","054-632-5900","1930","0830","1930","0830","1930","0830","1930","0830","1930","0830","1300","0830","C2700544","360","75","17204","36.82261615149288","128.62357796585982"
"전라남도 나주시 남평읍 남평2로 50-1","한약국","남평파출소 근처. 패밀리 마트 근처","유한약국","061-331-2235","1700","1000","1700","1000","1700","1000","1700","1000","1700","1000","1300","1000","1700","0900","C2600762","582","27","17205","35.046729453105314","126.84138329139907"
"강원특별자치도 강릉시 성덕포남로 191, 1층 (포남동)","포남1동 경찰서사거리","유한약국","033-643-5231","1800","0900","1800","0900","1800","0900","1800","0900","1800","0900","1300","0900","C2200523","255","45","17206","37.76840641584677","128.90795129862818"
"대구광역시 북구 침산남로19길 10, 113호(침산동,현대그린상가)","침산청구아파트정문앞","유한약국","053-355-7323","2000","0900","2000","0900","2000","0900","2000","0900","2000","0900","2000","0900","2000","0900","C1300859","415","59","17207","35.8901253124","128.5870467708"
"부산광역시 금정구 서명로 17, (서동)","서4동 파출소 옆","유한약국","051-522-0913","1830","0900","1830","0900","1830","0900","1830","0900","1830","0900","1300","0900","C1200831","463","27","17208","35.21369879091803","129.1014682843669"
"경상남도 양산시 동면 양산대로 377, 농산물종합유통센터 1층 (동면)","유한약국","055-388-4777","2100","1000","2100","1000","2100","1000","2100","1000","2100","1000","2100","1000","2100","1000","2100","1000","C2802082","506","39","17209","35.30658230981928","129.02516668692576"
"경상남도 통영시 무전8길 13-38, 107호(무전동)","미래산부인과","유한약국","055-642-3570","1930","0900","1930","0900","1930","0900","1930","0900","1930","0900","1600","0900","1800","1300","C2800879","530","43","17210","34.85806195831963","128.42784542481235"
"전북특별자치도 군산시 백릉로 50, 1층 1호 (조촌동)","공휴일 탄력 운영 전화 확인 필요","궁전제과옆경암동 우리가정의학과옆경암동 성가의원옆","유한약국","063-443-4320","1830","0900","1830","0900","1830","0900","1830","0900","1830","0900","1300","0900","C2500498","540","77","17211","35.975704479143694","126.73124882588249"
"전북특별자치도 익산시 서동로 129, 유한약국 (마동)","고래등오거리","유한약국","063-855-0621","2000","0830","2000","0830","2000","0830","2000","0830","2000","0830","2000","0830","2000","0830","C2500326","545","98","17212","35.93552703443065","126.96533207990949"
"전북특별자치도 전주시 완산구 장승배기로 266, 유한약국(평화동1가)","평화주공 1,2단지 정류장 앞","유한약국","063-287-6770","1900","0900","1900","0900","1900","0900","1900","0900","1900","0900","1300","0900","C2500509","551","19","17213","35.798358333333333","127.141241666666673"
"부산광역시 부산진구 중앙대로 757, (부전동, 1층)","매월 둘째주일요일 휴무","부전시장 입구","유한약국","051-803-9178","2130","0900","2130","0900","2130","0900","2130","0900","2130","0900","2130","0900","2130","0900","2130","0900","C1200765","472","51","17214","35.160122222222220","129.060672222222223"
"서울특별시 종로구 종로 230-2, 1층 (종로5가)","종로5가 5번출구","유한약국","02-2272-4746","2030","0830","2030","0830","2030","0830","2030","0830","2030","0830","2030","0830","2030","0830","2030","0830","C1108636","031","96","17215","37.5707828960818","127.003398953096"
"경기도 이천시 마장면 오천로 33, 아리온프라자 1동 1층 108호","일요일,공휴일 휴무 입니다.","안녕하세요.유한약국입니다.","마장 제일의원 옆","유한약국","031-632-2008","1930","0850","1930","0850","1930","0850","1930","0850","1930","0850","1830","0900","C2102151","173","87","17216","37.25458706972375","127.35130737963792"
"강원특별자치도 원주시 예술관길 28","일요일,공휴일은 전화 확인후방문 부탁드립니다( 개인사정상 폐문가능)","명륜2동 동사무소, 한지공원 더샾아파트 주변입니다","치악예술과 앞","유한약국","033-763-0097","2100","0800","2100","0800","2100","0800","2100","0800","2100","0800","2100","0800","1800","0930","1600","0930","C2200254","264","79","17217","37.333035964155236","127.94190654813781"
"광주광역시 남구 독립로 108-1 (백운동)","유한약국","062-676-5855","1900","0830","1900","0830","1900","0830","1900","0830","1900","0830","1800","0830","C1500107","616","45","17218","35.14317671166993","126.90328196206765"
"충청남도 당진시 당진중앙1로 171, (읍내동)","동절기 21:30분에도 문닫음.","정외과 옆","유한약국","041-352-6161","2000","0900","2000","0900","2000","0900","2000","0900","2000","0900","2000","1300","C2400007","317","70","17219","36.89660937079767","126.63272539590286"
"부산광역시 남구 수영로 171-1","못골지하철역 2번출구","유한약국","051-646-0678","1830","0900","1830","0900","1830","0900","1830","0900","1830","0900","1330","0900","C1201245","484","53","17220","35.13500268508304","129.0854668549598"
"경상남도 진주시 촉석로 199, 1층 (대안동)","중앙시장 근처","유한약국","055-747-8511","1900","0900","1900","0900","1900","0900","1900","0900","1900","0900","1700","0900","C2800196","527","53","17221","35.19551826555357","128.08417885475478"
"인천광역시 중구 연안부두로33번길 36, 1층 4, 17, 24호 (항동7가)","공휴일 및 일요일 사전 문의","연안부두 종합어시장 맞은편","유한온누리약국","032-883-2600","2200","1000","2200","1000","2200","1000","2200","1000","2200","1000","2200","1000","2200","0900","C1400491","223","51","17222","37.45358493401018","126.60578487061527"
"충청북도 청주시 서원구 모충로25번길 3 (개신동)","개신동방송통신대근처","유향약국","043-274-2598","1830","0900","1830","0900","1200","0900","1830","0900","1830","0900","1300","0900","C2300006","286","66","17223","36.625105555555557","127.466525000000004"
"경기도 고양시 일산동구 고봉로 795, 1층 일부호 (설문동)","주말 운영 시간 변동적","유화약국","031-977-0661","1800","0900","1800","0900","1800","0900","1800","0900","1800","0900","C2109124","102","45","17224","37.7259295615036","126.795155380606"
"경기도 수원시 권선구 수인로 173 (서둔동)","유화약국","031-293-4658","1900","0900","1900","0900","1900","0900","1900","0900","1900","0900","1600","0900","C2100766","166","08","17225","37.27542255995256","126.98013297581716"
"경상남도 진주시 망경로298번길 14-1 (강남동)","작은육거리 근처","육거리약국","055-754-0116","1930","0830","1930","0830","1930","0830","1930","0830","1930","0830","1300","0830","C2800536","527","10","17226","35.18479609015844","128.08663628667688"
"충청북도 청주시 상당구 청남로 2200, 1층 (석교동)","연중무휴","육거리시장입구","육거리큰약국","043-250-7770","2000","0830","2000","0830","2000","0830","2000","0830","2000","0830","2000","0830","1900","0830","2000","0830","C2300402","287","11","17227","36.627817766042234","127.49140052015374"
"서울특별시 관악구 난우길 10, 101호,102호 (신림동)","공휴일은 전화확인바람","육당약국","02-866-7776","2030","0830","2030","0830","2030","0830","2030","0830","2030","0830","1800","0830","1600","1000","1600","1100","C1108410","088","52","17228","37.4740269636356","126.918879281753"
"광주광역시 서구 염화로 89 (화정동) 1층","육일약국","062-371-0061","2000","0830","2000","0830","2000","0830","2000","0830","2000","0830","1400","0830","C1500888","620","26","17229","35.14245914125383","126.8743022256485"
"경상북도 구미시 송원동로 61 (원평동)","토요일은 유동적 근무이기 때문에, 방문 전 전화 확인 필요.","육일약국","054-457-0610","2000","0900","1800","0900","1800","0900","1800","0900","2000","0900","1300","0900","C2701610","392","32","17230","36.1223120148892","128.35032762501"
"서울특별시 성북구 동소문로 106, 유타 6층 (동선동1가)","육층약국","02-927-6265","2000","0930","2000","0930","2000","0930","2000","0930","2000","0930","1600","0930","C1108315","028","45","17231","37.5925747617089","127.017088831326"
"경기도 수원시 영통구 덕영대로 1470, 망포역 플래티넘베이스 607-1호 (망포동)","육층安약국","07043350812","1800","0900","1800","0900","1800","0900","1800","0900","1800","0900","1300","0900","C2109473","166","85","17232","37.245061076317","127.051036910265"
"서울특별시 금천구 남부순환로 1426","금천경찰서맞은편농협옆","윤경약국","02-802-5639","1900","0900","1900","0900","1900","0900","1900","0900","1900","0900","1800","0900","C1104422","085","48","17233","37.4805382475346","126.909165681531"
"서울특별시 동작구 상도로 65, (대방동)","7호선신대방삼거리역5번출구금성빌딩","윤경약국","02-883-9256","2030","0900","2030","0900","2030","0900","2030","0900","2030","0900","1700","0900","C1100508","069","54","17234","37.4999838361632","126.927922011043"
"서울특별시 동작구 시흥대로 644 (신대방동)","신대방동대신증권길건너","윤당약국","02-832-9845","1730","0900","1730","0900","1300","0900","1730","0900","1730","0900","1300","0900","C1103106","070","69","17235","37.4891633875617","126.907041108146"
"대구광역시 북구 학정로 415","윤성약국","053-327-3277","1830","0900","1830","0900","1830","0930","1830","0900","1830","0900","1400","0900","C1300611","414","23","17236","35.94183864373852","128.56298242535797"
"경상북도 경산시 성동로 2, 1층 (정평동)","윤슬약국","053-816-1565","1800","0830","1800","0830","1800","0830","1800","0830","1800","0830","1400","0830","C2701756","386","53","17237","35.8350321811318","128.726098634139"
"서울특별시 강북구 삼양로 162, 젬스톤프라자 1층 106호 (미아동)","윤슬약국","02-988-7942","1900","0800","1900","0800","1900","0800","1900","0800","1900","0800","1400","0800","C1109095","012","01","17238","37.6183872008438","127.021622086882"
"인천광역시 남동구 인하로507번길 4, 벽성빌딩 102호 (구월동)","윤슬약국","050-71410-1072","2000","0900","2000","0900","2000","0900","2000","0900","2000","0900","1600","0900","C1402040","215","74","17239","37.4434453440203","126.703196199958"
"강원특별자치도 춘천시 후석로 7, 1층 (석사동)","윤슬약국","033-262-6207","1930","0900","1930","0900","1930","0900","1930","0900","1930","0900","1330","0900","C2200976","243","78","17240","37.8563165667","127.7389514118"
"인천광역시 남동구 문화서로 5-1 (구월동)","공휴일 유동적","남인천여중앞","윤약국","0324339962","2200","0900","2200","0900","2200","0900","2200","0900","2200","0900","2100","0900","2100","0930","C1400262","215","67","17241","37.44607552494722","126.69538850468927"
"인천광역시 연수구 학나래로118번길 9, 107호 (선학동, 선학프라자)","공휴일 운영 문의 필요","선학역60미터 남동방향","윤약국","032-814-1345","2030","0900","2030","0900","2030","0900","2030","0900","2030","0900","2030","0900","1930","0900","C1400382","219","09","17242","37.42803245677512","126.69844082655237"
"전라남도 무안군 삼향읍 남악5로48번길 17","남악시장앞.","윤약국","061-802-2004","2000","0900","2000","0900","2000","1200","2000","0900","2000","0900","1500","0900","C2600668","585","68","17243","34.80990725737075","126.4731818457765"
"경상북도 경주시 원화로 305-2, 1층 (성동동)","윤약국","054-774-4133","1930","0830","1930","0830","1930","0830","1930","0830","1930","0830","1330","0830","C2701678","381","39","17244","35.8480727818248","129.217024106999"
"경상북도 포항시 북구 두호로 56, 1층 (두호동)","윤약국","054-253-8205","1830","0900","1830","0900","1830","0900","1830","0900","1830","0900","1330","0900","C2701592","376","23","17245","36.0609560857514","129.37243279518"
"경상남도 거창군 거창읍 중앙로 136, 1층","윤약국","055-941-0725","1900","0830","1900","0830","1900","0830","1900","0830","1900","0830","1330","0830","C2802372","501","38","17246","35.6869671655569","127.913217434429"
"전북특별자치도 익산시 고봉로34길 40, (영등동)","제일3차 아파트 정문 앞","윤약국","063-833-2104","2100","0930","2100","0930","2100","0930","2100","0930","2100","0930","2100","0930","2000","0930","C2500324","545","45","17247","35.960106712090116","126.97556095753604"
"경기도 구리시 이문안로 31, 2층 204호 (교문동)","윤약국","031-565-4577","1800","0900","1800","0900","1800","0900","1800","0900","1800","0900","1300","0900","C2110249","119","37","17248","37.5923090473201","127.134841738617"
"서울특별시 강북구 한천로 1071, 태양빌딩 (수유동)","광산사거리에서구청방향30m쪽","윤약국","02-994-1686","1830","0900","1830","0900","1830","0900","1830","0900","1830","0900","1400","0900","C1100617","010","70","17249","37.6419028875761","127.023771033384"
"경기도 김포시 풍무로 8, G PLACE 지하1층 B101호 일부호 (풍무동)","윤약국","031--","1800","0900","1800","0900","1800","0900","1800","0900","1800","0900","1300","0900","1300","0900","C2106927","101","20","17250","37.592310308064434","127.13484230703743"
"경기도 양평군 용문면 용문로 384, 1층","윤약국","031-771-2300","1830","0800","1830","0800","1830","0800","1830","0800","1830","0800","1700","0800","1500","0900","1500","0900","C2109459","125","23","17251","37.4859743184173","127.595779749754"
"경기도 의정부시 평화로 196, 216(호원동,신일에리시움)","망월사역앞기업은행2층","윤약국","031-826-6568","1900","0900","1900","0900","1900","0900","1900","0900","1900","0900","1300","0900","1200","0900","C2102630","117","12","17252","37.70947368245947","127.04834436811507"
"서울특별시 강동구 양재대로 1365, 심포니타워 110호 (성내동)","윤약국","02-487-6694","1900","0900","1930","0900","1900","0900","1900","0900","1930","0900","1500","0900","C1100615","054","04","17253","37.5280657478158","127.135874866354"
"서울특별시 송파구 백제고분로 365 (석촌동)","윤약국","02-422-2884","1900","0900","1900","0900","1900","0900","1900","0900","1900","0900","1600","0900","C1100120","056","16","17254","37.5052665438398","127.106298010481"
"서울특별시 서대문구 수색로2길 16-1 (남가좌동)","윤약국","02-306-9212","1800","0900","1800","0900","1300","0900","1800","0900","1800","0900","1300","0900","C1107450","037","12","17255","37.5695860728644","126.916226725174"
"경기도 수원시 권선구 세류로 46 (세류동)","윤약국","031-232-2019","2000","0900","2000","0900","2000","0900","2000","0900","2000","0900","1600","0900","C2102369","165","93","17256","37.26324892575161","127.007884272664"
"경기도 고양시 일산동구 일산로 442, 신일프라자 102호 (정발산동)","윤약국","031-913-0863","2100","0900","2100","0900","2100","0900","2100","0900","2100","0900","1600","0900","C2102401","103","57","17257","37.67366741726757","126.77772462205539"
"인천광역시 서구 검단로744번1길 25, 1층 일부호 (불로동)","윤약국","032-564-8707","1500","0900","1500","0900","1500","0900","1500","0900","1500","0900","1500","0900","C1401653","226","31","17258","37.6126862259","126.6864014633"
"충청북도 청주시 흥덕구 사직대로 7 (복대동)","동절기(12월~2월)에는 일요일 운영 010 6352 8352 전화 후 방문","01063858352","공단오거리인근","윤약국","050-71317-8352","2200","0900","2200","0900","2200","0900","2200","0900","2200","0900","2200","0900","0700","0430","2200","0900","C2300203","285","93","17259","36.634422320330614","127.44816276632141"
"경기도 안산시 단원구 라성로 43, 405호 (원곡동, 벽산블루밍아파트)","윤약국","031-475-5056","1930","0900","1930","0900","1930","0900","1930","0900","1930","0900","1400","0900","C2100737","153","81","17260","37.327371732009055","126.80017521386392"
"경기도 오산시 밀머리로1번길 12-6 (원동)","윤온누리약국","031-375-7100","1800","0900","1800","0900","1800","0900","1800","0900","1800","0900","C2107767","181","44","17261","37.14103954811642","127.07482976130076"
"경상북도 칠곡군 왜관읍 중앙로2길 36, 1층","윤이약국","054-973-9739","1800","0900","1800","0900","1800","0900","1800","0900","1800","0900","1300","0900","C2701747","398","94","17262","35.9918839011509","128.398418113507"
"충청남도 천안시 동남구 서부대로 293(신방동)","윤정약국","041-415-2445","1700","0800","1700","0800","1700","0800","1700","0800","1200","0800","C2401750","311","75","17263","36.7937222997099","127.127796189565"
"경상북도 울릉군 울릉읍 도동길 152","윤정약국","054-791-2629","2100","0800","2100","0800","2100","0800","2100","0800","2100","0800","2100","0800","2100","0800","C2700251","402","24","17264","37.484718165610104","130.90382476936634"
"인천광역시 남동구 포구로 64-35, (논현동)","약국 운영 마감시간 21:30~22:30으로 유동적, 주말 운영시작시간 09:00~14:00으로 유동적, 방문전 확인 필요","인천시남동구논현동소래풍림아파트107동앞","윤정희약국","032-446-3337","2100","1000","2100","1000","2100","1000","2100","1000","2100","1000","2100","1100","2230","1200","2130","1400","C1400624","216","70","17265","37.405719313733634","126.7371538739985"
"서울특별시 영등포구 여의나루로 42, 여의도종합상가 1층 115호 (여의도동)","대체휴일은 단축 영업합니다. 공휴일은 전화확인하세요..","여의도종합상가 115","윤중약국","02-780-9036","2100","0900","2100","0900","2100","0900","2100","0900","2100","0900","1800","1000","2100","0900","C1100381","073","28","17266","37.521470230225","126.924971147893"
"경기도 고양시 덕양구 중앙로 554, 103호(행신동,희성프라자)","윤진약국","031-970-3648","1830","0900","1830","0900","1830","0900","1830","0900","1830","0900","1400","0900","C2102777","104","95","17267","37.623669444444445","126.835788888888885"
"경기도 용인시 수지구 수풍로131번길 2, 에덴파크 104호 (동천동)","윤진약국","031-276-8358","1900","0900","1900","0900","1900","0900","1900","0900","1900","0900","C2100870","168","28","17268","37.33573876859349","127.09336622302426"
"서울특별시 송파구 마천로 311, 윤호약국 (마천동)","윤호약국","02-400-0148","2030","0900","2030","0900","2030","0900","2030","0900","2030","0900","1700","0900","C1100382","057","58","17269","37.4954514166429","127.150361806674"
"경상북도 포항시 남구 오천읍 원동로 32, 102호","윤호온누리약국","054-293-3265","1900","0900","1900","0900","1900","0900","1900","0900","1900","0900","1300","0900","C2701658","378","85","17270","35.9657766115607","129.403197520658"
"강원특별자치도 속초시 청초호반로 135, 1층 (조양동)","율곡약국","033-635-2887","1830","0900","1830","0900","1830","0900","1830","0900","1830","0900","1830","0900","C2200983","248","72","17271","38.1909175897","128.5793914703"
"경상북도 김천시 혁신3로 5 (율곡동, 율곡스퀘어Ⅲ)","신정, 설연휴, 추석연휴는 휴무합니다.","율곡약국","054-431-0947","1930","0830","1930","0830","1930","0830","2030","0830","1930","0830","1300","0830","1300","0830","C2701376","396","60","17272","36.11795249023166","128.18332309780194"
"강원특별자치도 강릉시 경강로 2079 (임당동)","2018년 추석연휴 24일 ~ 25일(휴무), 26일(운영)","임당동 임당주차장옆 유암빌딩1층(동아장 맞은편)","율곡약국","033-648-6465","1730","0800","1730","0800","1730","0800","1730","0800","1730","0800","1500","0800","C2200447","255","33","17273","37.75396513444271","128.8944874797536"
"충청북도 청주시 청원구 율중로79번길 34, 103호 (율량동)","점심 13시~14시","율량세종약국","043-213-1055","1930","0900","1930","0900","1930","0900","1930","0900","1930","0900","1300","0900","C2301147","283","15","17274","36.660295209675","127.509268990328"
"충청북도 청주시 청원구 사뜸로 59, 정진영내과 (율량동)","율량동신한은행맞은편","율량신세계약국","043-213-2005","2030","0830","2030","0830","2030","0830","2030","0830","2030","0830","1800","0830","C2300097","283","40","17275","36.66713374274291","127.48039745488461"
"충청북도 청주시 청원구 율량로 96, 102호 (주성동)","율량약국","043-212-0805","1900","0830","1900","0830","1900","0830","1330","0830","1900","0830","1330","0800","C2301166","283","18","17276","36.6721628524252","127.496607315409"
"충청북도 청주시 청원구 율봉로175번길 10-4 (율량동)","롯데슈퍼맞은편","율량큰사랑약국","043-211-0926","2230","0830","2230","0830","2230","0830","2230","0830","2230","0830","2230","0830","2230","0900","2200","0900","C2300058","283","27","17277","36.669117615478555","127.48881380664253"
"경기도 화성시 동탄원천로 382-46 (반월동)","율약국","031-232-3371","2000","0900","2000","0900","2000","0900","2000","0900","2000","0900","1700","0900","C2107231","183","96","17278","37.2230231144","127.0584105906"
"제주특별자치도 서귀포시 중문로 1 (중문동)","토요일 13:00 이후에는 전화 후 방문 바랍니다.","율약국","064-738-2115","1850","0830","1850","0830","1850","0830","1850","0830","1850","0830","1300","0830","C2900435","635","45","17279","33.25200204832214","126.42299418487262"
"충청북도 청주시 상당구 중앙로 80, 1층 109호 (북문로3가, 청주행정타운코아루휴티스)","도청사거리 나보나스퀘어 2층","율약국","043-252-1212","1900","0900","1900","0900","1900","0900","1900","0900","1900","0900","1900","0900","C2301104","285","42","17280","36.63427843798835","127.49107031370845"
"경기도 수원시 장안구 서부로 2117 (율전동)","율전세계로약국","031-298-1192","1800","1000","1800","1000","1800","1000","1800","1000","1800","1000","C2100675","163","62","17281","37.297676243579694","126.97064407674384"
"전라남도 목포시 부흥로 25, 1층 (상동)","율전약국","061-282-7501","2000","0850","2000","0850","2000","0850","2000","0850","2000","0850","1900","0850","1900","1130","1900","0850","C2600996","586","91","17282","34.80138695270608","126.42516965944277"
"경기도 수원시 장안구 서부로 2125","율전약국","031-293-3783","2100","0900","2100","0900","2100","0900","2100","0900","2100","0900","1900","0900","1300","0900","C2100890","163","60","17283","37.298374651781316","126.97111894448402"
"경기도 수원시 장안구 서부로 2119, 농협 1층 (율전동)","율전중앙약국","0313088896","1800","0900","1800","0900","1800","0900","1800","0900","1800","0900","1300","0900","C2109391","163","62","17284","37.2978622630281","126.970776508304"
"전라남도 여수시 율촌면 동산개길 10","율촌동산약국","061-692-9670","1800","0800","1800","0800","1800","0800","1800","0800","1800","0800","1230","0800","C2601112","596","02","17285","34.881560226","127.5786432682"
"경상남도 김해시 율하6로 64, 112호 (장유동)","토요일 (14:00 ~ 17:00) 휴게시간입니다.","중앙대 약대를 졸업한 16년 경력의 약사입니다. 다양한 경험과 경력으로 최선을 다해 상담해 드리겠습니다. 오시는 분의 건강을 위한 바른 생각으로 운영하겠습니다. 율하2지구 인근 병의원 처방조제 가능합니다. 최신식 자동조제기(ATC) 도입으로 신속하고 깨끗한 조제가 가능합니다. 동물의약품 취급약국","율하바른약국","055-904-2233","2000","0900","2000","0900","2000","0900","2000","0900","2000","0900","2000","0900","2000","1700","2000","1700","C2802361","510","20","17286","35.1723828841377","128.823506036676"
"경상남도 김해시 율하3로 37, 110호 (율하동, 경보센텀빌딩)","율하센텀약국","055-329-1336","1900","0900","1900","0900","1900","0900","1900","0900","1900","0900","1600","0830","1300","0900","C2801691","510","19","17287","35.171638241931454","128.81374125891745"
"대구광역시 동구 안심로 106, 103호(율하동,메디원타워)","율하수약국","053-965-8020","1930","0900","1930","0900","1930","0900","2030","0900","2000","0900","1630","0900","1300","0900","C1300918","410","98","17288","35.8670095541","128.6962012428"
"경상남도 김해시 율하6로 67, 솔로몬빌딩 1층 102,103호 (장유동)","율하스타약국","055-327-2907","2000","0900","2000","0900","2000","0900","2000","0900","2000","0900","1900","0900","1800","1000","1800","1000","C2802258","510","22","17289","35.171483822131","128.822795165676"
"대구광역시 동구 반야월로 108, 1층 (율하동)","반야월저탄장사거리새마을금고옆","율하약국","053-961-3220","1830","0900","1830","0900","1830","0900","1400","0900","1830","0900","1400","0900","1400","0900","C1300340","411","18","17290","35.87309725274187","128.7002194312265"
"경상남도 김해시 율하3로 38, 경보오션 103호 (율하동)","설/추석 당일과 다음날은 휴무","율하약국","055-323-0819","2200","0900","2200","0900","2200","0900","2200","0900","2200","0900","2100","0900","1230","0900","1300","0900","C2801826","510","18","17291","35.171331900105194","128.81425677101748"
"경상남도 김해시 율하1로 110, 105호 (율하동)","율하열린약국","055-324-7720","2030","0900","2030","0900","2030","0900","2030","0900","2030","0900","1400","0900","1300","0900","1300","0900","C2800982","510","18","17292","35.172796407722736","128.81563708078593"
"경상남도 김해시 율하3로 21 (율하동)","1,3,5 일요일 휴무","1,3,5 일요일 휴무","율하온누리약국","055-313-0026","2130","0900","2130","0900","2130","0900","2130","0900","2130","0900","1830","0900","1930","1400","1930","1300","C2800421","510","19","17293","35.17044206247303","128.8127357078778"
"대구광역시 동구 안심로22길 60, 1층 104호 (율하동, 동흥메디칼센타)","대구동구율하동1432번지율하온누리약국","율하온누리약국","053-964-8850","1900","0900","1900","0900","1900","0900","1900","0900","1900","0900","1400","0900","C1301069","411","05","17294","35.863102877136164","128.69837212518775"
"대구광역시 동구 안심로 54, 1층 (율하동)","율하역네거리","율하우리들약국","053-965-6006","2100","0830","2100","0830","2100","0830","2100","0830","2100","0830","1700","0830","1700","0900","1300","0900","C1300162","411","51","17295","35.87021938739237","128.6916375727465"
"경상남도 김해시 율하3로 65, 103호 (율하동)","율하우리약국","055-313-7695","1900","0900","1900","0900","1900","0900","1900","0900","1900","0900","1300","0900","C2802379","510","14","17296","35.1735457687819","128.815542928202"
"경상남도 김해시 율하1로 106, 107호 (율하동)","공휴일은 오전시간(09:00~13:00) 운영하기도 함. 전화 확인 후 방문 필요.","율하제일약국","055-329-4272","1900","0900","1900","0900","1900","0900","1900","0900","1900","0900","1600","0900","C2800942","510","19","17297","35.173208367785364","128.81504931411865"
"대구광역시 동구 율하동로8길 73, 1층 (율하동)","율하푸른약국","053-961-3131","1830","0900","1830","0900","1830","0900","1830","0900","1830","0900","1400","0900","C1301525","411","02","17298","35.8643549476","128.7021802813"
"전북특별자치도 전주시 덕진구 시천로 96-14, 제2동 1층 101,103호 (송천동2가)","으뜸365약국","063-000-0000","2200","0900","2200","0900","2200","0900","2200","0900","2200","0900","2200","0900","2200","0900","2200","0900","C2501521","548","27","17299","35.8675107263432","127.11590470689"
"강원특별자치도 동해시 효자로 690 (효가동, 으뜸약국)","효가사거리 동성프라자 건너편","으뜸길약국","033-522-3868","2000","0800","2000","0800","2000","0800","2000","0800","2000","0800","1800","0800","1800","0900","C2200209","258","06","17300","37.49223087218519","129.10976810052222"
"대구광역시 북구 대현남로 42, 1층 (대현동)","으뜸약국","053-951-0510","1800","0900","1800","0900","1800","0900","1800","0900","1800","0900","C1301863","415","70","17301","35.881743878423","128.607716480315"
"충청남도 당진시 석문면 대호만로 1699 (석문면)","8:30~19:00 토요일은 종종 13:00까지 운영","하나의원(041-353-3182) 옆 위치","으뜸약국","041-357-6502","1900","0830","1900","0830","1900","0830","1900","0830","1900","0830","C2401575","317","06","17302","37.01176133757339","126.5417077076595"
"광주광역시 동구 필문대로106번길 2, (계림동)","한동내과 옆","으뜸약국","062-521-8276","1800","0900","1800","0900","1800","0900","1800","0900","1800","0900","1300","0900","C1500591","614","05","17303","35.161055555555556","126.929872222222215"
"제주특별자치도 제주시 노형로 376, 1층 (노형동)","노형초등학교건너 최고이비인후과1층","노형초등학교건너 최고이비인후과1층","으뜸약국","064-749-0003","2130","0900","2130","0900","2130","0900","2130","0900","2130","0900","2100","0900","2100","0900","2100","0900","C2900412","630","83","17304","33.483402409354866","126.47611373872998"
"충청북도 충주시 예성로 395 (연수동)","연수주공45단지","으뜸약국","043-846-5837","2000","0900","2000","0900","2000","0900","2000","0900","2000","0900","1430","0900","C2301133","273","41","17305","36.99156082538118","127.93378079595904"
"경상남도 김해시 활천로 33-1 (삼정동)","평일 운영 마감 시간, 공휴일 운영 여부는 유동적으로 전화 확인 후 방문 필요","으뜸약국","055-325-8810","2030","0830","2030","0830","2030","0830","2030","0830","2030","0830","1300","0830","C2801776","509","23","17306","35.23067472600642","128.8934754099473"
"울산광역시 울주군 범서읍 천상길 17","범서농협 대동지점 맞은편 건물","으뜸약국","052-248-7590","1830","0830","1830","0830","1300","0830","1830","0830","1830","0830","1400","0830","C1700600","449","31","17307","35.56173347836863","129.22989547658085"
"경상북도 김천시 혁신4로 69, 이노베이션 스퀘어 103호 (율곡동)","365일 연중무휴","김천혁신도시 뚜레쥬르옆 율곡동 으뜸약국입니다. 365일 연중무휴약국이며, 김천휴일지킴이 약국입니다. 늘 감사합니다.","으뜸약국","054-435-5357","2000","0830","2000","0830","2000","0830","2000","0830","2000","0830","2000","0830","1900","1000","2000","1000","C2701546","396","60","17308","36.12146361280431","128.18912491234718"
"경상북도 경산시 대학로 23, 101,102호 (정평동)","첫째, 셋째 일요일 : 14:00~22:00","으뜸약국","053-811-0414","2200","0830","2200","0830","2200","0830","2200","0830","2200","0830","2200","0830","2200","0830","2200","0830","C2701721","386","53","17309","35.8349899307502","128.725539422094"
"인천광역시 계양구 효서로 182 (효성동, 풍림아파트)","효성동남초등학교앞","으뜸약국","032-548-8071","1900","0930","1900","0930","1900","0930","1900","0930","1900","0930","1900","0930","C1400692","211","12","17310","37.527810568523556","126.71640998338262"
"전라남도 영광군 영광읍 신남로 268","기독병원 앞","으뜸약국","061-353-6699","1730","0800","1730","0800","1730","0800","1730","0800","1730","0800","1330","0830","C2600393","570","45","17311","35.2745170079","126.5107548719"
"전라남도 영암군 영암읍 낭주로 173","* 공공심야약국(22시~익일 새벽 1시까지)","공설운동장 앞","으뜸약국","061-471-7684","1730","0800","1730","0800","1730","0800","1730","0800","1730","0800","1300","0800","C2600613","584","16","17312","34.803379738595446","126.70027840678219"
"전라남도 순천시 연향1로 62 (연향동)","(점심시간) 12:00~14:00","한약제조","부영2차 205동 옆(후문근처)","으뜸약국","061-726-7566","1830","0930","1830","0930","1830","0930","1830","0930","1830","0930","C2600610","579","88","17313","34.943286883482536","127.52043559243143"
"인천광역시 중구 도원로7번길 12-1 (선화동)","신흥메디칼의원 골목안쪽에 위치한 건물 1층","으뜸약국","032-881-0092","2100","0900","2100","0900","2100","0900","2100","0900","2100","0900","1700","0900","1300","0900","C1400522","223","29","17314","37.46570847195885","126.63589717256728"
"경기도 수원시 팔달구 세지로 349 (지동)","으뜸약국","031-257-7253","2030","0830","2030","0830","2030","0830","2030","0830","2030","0830","C2101538","162","43","17315","37.28195588352229","127.02521372616436"
"인천광역시 서구 한중로 10, 메르시타워 109호 (백석동)","으뜸약국","050-71303-3775","2100","0900","2100","0900","2100","0900","2100","0900","2100","0900","1900","0900","C1402128","226","87","17316","37.5776679082","126.673809821857"
"부산광역시 부산진구 엄광로44번길 36-6, 1~2층 (개금동)","격주 토요일 정기휴무","으뜸약국","051-897-0790","1900","0800","1900","0800","1900","0800","1900","0800","1900","0800","1400","0800","C1202960","473","88","17317","35.1465789612098","129.021298272926"
"경기도 이천시 장호원읍 장감로87번길 4","장호원 마트 옆","으뜸약국","031-642-3344","1400","0900","1400","0900","1400","0900","1400","0900","1400","0900","2100","0900","C2100619","174","18","17318","37.11783849888166","127.63221652773434"
"충청남도 천안시 서북구 직산읍 자은가리1길 68, 상가동 104호 (우성아파트)","","으뜸약국","041-588-7574","2210","0830","2210","0830","2210","0830","2210","0830","2210","0830","2210","0830","2210","0830","2210","0830","C2401498","310","38","17319","36.8702009646","127.1282373848"
"경기도 고양시 일산동구 일산로 46, 411호 (백석동, 남정씨티프라자3차)","으뜸약국","070-8234-1743","1830","0900","1830","0900","1830","0900","1830","0900","1830","0900","C2106459","104","49","17320","37.64235645995964","126.7878839598955"
"경기도 남양주시 진접읍 봉현로 23","으뜸약국","031-572-7601","1900","0900","1900","0900","1900","0900","1900","0900","1900","0900","1400","0900","C2102771","120","13","17321","37.715698816409066","127.18009087685414"
"경기도 안양시 동안구 흥안대로 415, 두산벤처다임 2층 252호 (평촌동)","으뜸약국","070-7723-4155","2000","0900","2000","0900","2000","0900","2000","0900","2000","0900","1800","0900","C2101763","140","59","17322","37.370969328","126.9573931843"
"서울특별시 관악구 신림로 339, 1층 (신림동)","으뜸약국","02-888-7888","2100","0930","2100","0930","2100","0930","2100","0930","2100","0930","1800","0930","C1108701","087","59","17323","37.4845586933158","126.929278703389"
"서울특별시 동대문구 왕산로 52, 102동 104호 (용두동, 신설동역대우아이빌)","으뜸약국","02-953-3368","1900","0900","1900","0900","1900","0900","1900","0900","1900","0900","1400","0900","C1109214","025","83","17324","37.5771885830465","127.029470644625"
"경기도 평택시 평택2로20번길 11, (평택동)","평택","으뜸약국","070-8836-0587","2030","0830","2030","0830","2030","0830","2030","0830","2030","0830","1700","0830","2100","1600","C2103620","179","09","17325","36.99277801340042","127.08922031952883"
"서울특별시 송파구 충민로2길 24, 리더스프라자 103호 (장지동)","공휴일은 전화확인바람","장지역 2번 출구","으뜸약국","02-403-0734","1900","0900","1900","0900","1900","0900","1900","0900","1900","0900","1400","0900","1300","0900","1300","0900","C1107740","058","16","17326","37.4776438114231","127.127283305984"
"경기도 의정부시 능곡로 66 상가동 105호","으뜸약국","031-848-7773","2000","0900","2000","0900","2000","0900","2000","0900","2000","0900","1700","0900","C2102381","117","41","17327","37.743332224","127.0617624426"
"대전광역시 유성구 학하로 104, 102호 (학하동)","학하동 파스쿠치 근처","으뜸약국","042-335-0715","1830","0830","1830","0830","1830","0830","1830","0830","1830","0830","1400","0830","C1601375","342","10","17328","36.342351581436","127.306563241113"
"경기도 남양주시 오남읍 진건오남로 812, 104호 (오남읍)","으뜸온누리약국","031-527-9284","1900","0900","1900","0900","1900","0900","1900","0900","1900","0900","1500","0900","C2107431","120","36","17329","37.6990122891","127.2026073714"
"인천광역시 남동구 논현로 69, 하늘마을휴먼시아3단지 상가비동 104호 (논현동)","으뜸온누리약국","0324311125","1920","0900","1830","0900","1920","0900","1920","0900","1920","0900","1430","0900","C1401869","216","50","17330","37.4020362820175","126.714148144253"
"경상북도 경산시 대학로 291 (대동)","일요일, 공휴일 휴업","은결약국","053-817-2769","2200","0900","2200","0900","2200","0900","2200","0900","2200","0900","2200","0900","C2700713","385","33","17331","35.8371524073","128.7537536638"
"경기도 시흥시 은계번영길 9, 골드웨이 116호 (은행동)","은계골드약국","031-311-4420","2100","1000","2100","1000","2100","1000","2100","1000","2100","1000","2100","1000","C2108546","149","23","17332","37.4375150988434","126.80163294672"
"경기도 시흥시 은계로 260, 우평라비엔 105호 (계수동)","은계약국","031-314-7712","1900","0830","1900","0830","1900","0830","1900","0830","1900","0830","1400","0830","1300","0830","C2107810","149","23","17333","37.44486970695203","126.80313810088252"
"경기도 시흥시 은계번영길 1, 태산W타워 111호 (은행동)","365일 오픈(일부 공휴일제외) 및 저녁 9시까지 항상 오픈하며 지역주민들의 건강증진 및 상담에 노력을 다하고 있는 은계온누리약국입니다. - 병,의원 처방조제 - 일반의약품 및 건강기능식품, 의료기기 판매 - 온누리약국 글루콤 판매 - 약사와건강 셀로맥스 제품군, 네이쳐스팜 아이타민 리퀴드씨엠 등 제품군 판매","은계온누리약국","031-311-5513","2100","0830","2100","0830","2100","0830","2100","0830","2100","0830","2100","0830","2100","0900","2100","0900","C2107914","149","22","17334","37.43655980426645","126.80160959246535"
"경기도 시흥시 은계번영길 23, 은계타운 110~111호 (은행동)","은계호수약국","031-317-5905","2100","0900","1930","0900","2100","0900","2100","0900","1930","0900","1500","0900","1300","0900","1300","0900","C2107983","149","23","17335","37.43712229211874","126.80392224045347"
"경상북도 포항시 북구 흥해읍 흥해로 57, 1층","공휴일(2일, 7일)만 진료","은광약국","054-262-0114","2300","0830","2300","0830","2300","0830","2300","0830","2300","0830","1700","0830","1900","0900","C2701723","375","43","17336","36.109899054118","129.347344145978"
"강원특별자치도 동해시 발한로 236-1","공휴일이 일요일과 겹치면 운영안함.","발한동 재래시장 입구","은광약국","033-531-3585","1930","0800","1930","0800","1930","0800","1930","0800","1930","0800","1930","0800","1930","0800","C2200492","257","20","17337","37.550297362860015","129.10783233025882"
"경기도 파주시 문산읍 독서울1길 14 (문산읍)","은광약국","031-947-7100","2030","0900","2030","0900","2030","0900","2030","0900","2030","0900","1430","0900","C2100071","108","12","17338","37.8658570593","126.8044509673"
"서울특별시 은평구 갈현로 258, (갈현동)","서울갈현초등학교 뒤편","은나라약국","02-358-8778","1830","0900","1830","0900","1830","0900","1830","0900","1830","0900","1430","0900","C1100484","033","31","17339","37.6199107828924","126.91612317005"
"경기 안산시 상록구 감골2로 11 (사동, 예누림)","일요일 운영 변동적","은당약국","031-409-5500","2000","0900","2000","0900","2000","0900","2000","0900","2000","0900","1800","0900","C2100897","156","23","17340","37.2903463538573","126.853952716137"
"서울특별시 동작구 사당로16길 22 (사당동)","토요일은 시간변동 가능성 있습니다.","7호선남성역에서5분거리","은미약국","02-521-6950","1900","0900","1900","0900","1900","0900","1900","0900","1900","0900","1900","0900","C1100487","070","10","17341","37.4825851158043","126.97309261448"
"대구광역시 달서구 월배로11길 32, 102호 (대천동)","은민약국","053-636-7771","1830","0900","1830","0900","1830","0900","1830","0900","1830","0900","1300","0900","C1301395","427","60","17342","35.8161220375","128.5196440614"
"경기도 시흥시 은계번영길 2, 서미프라자 102호 (은행동)","은비약국","031-312-7572","2000","0900","2000","0900","2000","0900","2000","0900","2000","0900","C2108306","149","22","17343","37.4365420151402","126.802231444801"
"대구광역시 달서구 송현로7길 10","월촌역","은빛약국","053-624-7505","1900","0830","1900","0830","1900","0830","1900","0830","1900","0830","1500","0830","C1300755","428","02","17344","35.82093202612755","128.5464346625721"
"서울특별시 노원구 동일로245가길 41, 109호 (상계동, 은빛2단지아파트)","방문 전 전화 확인 후 이용바랍니다","은빛약국","02-930-0323","1820","0900","1820","0900","1820","0900","1820","0900","1820","0900","1300","0900","C1102277","016","04","17345","37.6806663867465","127.053801434371"
"서울특별시 은평구 통일로87길 2, (갈현동)","은빛약국","02-355-5362","1830","0900","1830","0900","1830","0900","1830","0900","1830","0900","1800","0900","1800","0900","C1102272","033","28","17346","37.6234721824825","126.91945266589"
"경기도 고양시 일산동구 중앙로 1192, 104호 (마두동)","은빛약국","0319058913","1800","0900","1800","0900","1800","0900","1800","0900","1800","0900","1800","0900","C2107858","104","14","17347","37.651734444701574","126.77838834339941"
"세종특별자치시 부강면 시장길 26","부강면 부강리","은사약국","044-275-9122","1830","0830","1830","0830","1830","0830","1830","0830","1830","0830","1230","0830","1230","0830","C1800035","300","75","17348","36.529035547269146","127.36827604536037"
"서울특별시 노원구 한글비석로 264, 중계그랜드프라자 1층 120호 (중계동)","휴게시간 13:20-14:00","은사약국","02-6953-0357","1930","0850","1930","0850","1930","0850","1930","0850","1930","0850","1500","0850","C1109258","017","20","17349"
"경기도 부천시 수도로 182, 101호 (도당동, 삼성I파크)","도당주공아파트, 은성사우나","은성약국","032-677-8106","1600","0900","1600","0900","1600","0900","1600","0900","1600","0900","C2100393","144","80","17350","37.51967681049323","126.78757565515579"
"전라남도 영광군 영광읍 신남로 168, 1층 (영광읍)","은성약국","061-353-5246","1700","0830","1700","0830","1700","0830","1700","0830","1700","0830","1200","0830","C2601180","570","41","17351","35.27572221578791","126.50042031043358"
"제주특별자치도 서귀포시 동문로 46, 제일산부인과 1층 (서귀동)","신정은 근무 안합니다","동문로터리에서 1호광장방면 현대산부인과 건너편","은성약국","064-732-1346","1800","0830","1800","0830","1800","0830","1800","0830","1800","0830","1200","0830","1200","0830","C2900089","635","91","17352","33.24928909186374","126.56634330951891"
"광주광역시 광산구 상무대로 260, 1층 (송정동)","은성약국","062-431-8900","1900","0830","1900","0830","1900","0830","1900","0830","1900","0830","1400","0830","C1501385","624","28","17353","35.1415833024467","126.795086648164"
"서울특별시 구로구 신도림로19길 7, 1층 110호 (신도림동,성광메디칼빌딩)","동아1차A,신도림중학교근처","은성약국","02-2636-9150","2000","0900","2000","0900","2000","0900","2000","0900","2000","0900","1700","0900","C1102274","082","02","17354","37.5112029731186","126.884470304555"
"부산광역시 남구 동명로164번길 100","공휴일 전화 후 방문요망","버스정류장: 동일아파트 입구","은성약국","051-624-3106","2100","0830","2100","0830","2100","0830","2100","0830","2100","0830","2100","0830","2100","0830","C1200600","485","91","17355","35.11464130534824","129.113712531982"
"서울특별시 동작구 노량진로8길 3, 경성빌딩 (노량진동)","기독교TV 옆","은성약국","02-816-4744","1840","0850","1840","0850","1840","0850","1840","0850","1840","0850","1320","0850","C1100339","069","28","17356","37.5129296184414","126.93649160368"
"울산광역시 동구 양지5길 72, 1층 (화정동)","화정동농수산물시장앞","은성약국","052-251-2016","1930","0900","1930","0900","1930","0900","1930","0900","1930","0900","1300","0900","C1700344","440","74","17357","35.49863104279527","129.42079800813823"
"경기도 고양시 일산서구 고양대로 732, 101호 (일산동, 대진빌딩)","은성약국","031-917-8410","1800","0900","1800","0900","1800","0900","1800","0900","1800","0900","1300","0900","C2103549","103","54","17358","37.68272946127466","126.77718971091227"
"서울특별시 종로구 삼일대로 434 (낙원동)","공휴일 운영여부는 전화확인바람","종로3가역5번출구전방100m","은성약국","02-765-4808","2130","0000","2130","0000","2130","0000","2130","0000","2130","0000","2130","0000","2130","0000","C1100342","031","33","17359","37.5733519866702","126.988133763054"
"충청북도 충주시 천변로 169, (교현동)","은성약국","043-842-6100","1800","0900","1800","0900","1800","0900","1800","0900","1800","0900","1300","0900","C2300099","273","77","17360","36.976738888888889","127.927016666666660"
"대구광역시 달서구 월배로 440, 1층 (송현동)","은성약국","053-657-3306","1800","0900","1800","0900","1800","0900","1800","0900","1800","0900","1300","0900","1300","0900","C1300798","428","18","17361","35.83276731147692","128.55415817596943"
"서울특별시 관악구 신림로 210 (신림동)","은성온누리약국","02-883-7555","2030","0900","2030","0900","2030","0900","2030","0900","2030","0900","1400","0900","C1106915","088","28","17362","37.4761341307056","126.937522260461"
"서울특별시 송파구 올림픽로 509 (풍납동)","강동구청역 4번 출구에서 풍납사거리 방향","은세약국","02-472-7571","1900","0900","1900","0900","1900","0900","1900","0900","1900","0900","1500","0900","C1103509","055","38","17363","37.5278698593939","127.11839160464"
"대구광역시 달서구 조암남로 158, 2층 (유천동)","은솔약국","053-643-7878","1900","0900","1900","0900","1900","0900","1900","0900","1900","0900","1400","0900","C1301345","427","61","17364","35.81659420474562","128.51736499709094"
"제주특별자치도 제주시 한림읍 한림중앙로 46 (한림읍)","은솔약국","064-796-7474","1800","0830","1800","0830","1800","0830","1800","0830","1800","0830","1300","0830","1800","1400","1800","1400","C2900443","630","29","17365","33.41059731773345","126.26511329545454"
"대전광역시 서구 계백로1158번길 9, 세브란스의원 1층 (가수원동)","가수원사거리은아아파트303동담길","은아약국","042-541-0390","1830","0800","1830","0800","1830","0800","1830","0800","1830","0800","1300","0800","C1600368","353","87","17366","36.30429360582149","127.35223041878733"
"부산광역시 부산진구 새싹로 158, (연지동)","버스정류장: 연지초등학교 입구","은아약국","051-805-8839","2100","0900","2100","0900","2100","0900","2100","0900","2100","0900","2100","0900","2100","0900","C1200167","471","33","17367","35.17031306416427","129.05020982561388"
"경기도 안산시 상록구 상록수로 16, 108호 (본오동, 우남센스빌)","세화병원응급실앞에위치","은아약국","031-419-3112","2200","0900","2200","0900","2200","0900","2200","0900","2200","0900","2200","0900","2000","1000","C2100547","155","32","17368","37.3023864876768","126.86156008799603"
"경기도 부천시 중동로 406, 1층 (삼정동)","은약국","032-684-8109","1900","0900","1900","0900","1900","0900","1900","0900","1900","0900","C2106903","144","95","17369","37.5161019863","126.7704241581"
"서울특별시 강남구 삼성로 549 (삼성동)","은약국","02-557-7676","1900","0900","1900","0900","1900","0900","1900","0900","1900","0900","1700","1000","C1100377","061","55","17370","37.5106008934452","127.054270559443"
"서울특별시 금천구 시흥대로 224, 금천리메인시티 102호 (시흥동)","동경빌딩 3층","은약국","02-806-1203","1900","0830","1900","0830","1900","0830","1900","0830","1900","0830","1400","0830","C1100379","086","28","17371","37.4539384154465","126.901396188424"
"경기도 양주시 은현면 은현로 54 (은현면)","은현농협 건너편","은약국","031-868-3273","2000","0830","2000","0830","2000","0830","2000","0830","2000","0830","2000","0830","2000","0830","C2102725","114","27","17372","37.87376384400888","127.0240212606414"
"서울특별시 도봉구 도봉로 473, (쌍문동)","4호선 쌍문역 3번 출구 수협은행 옆 골목","은약국","02-992-4321","2000","0830","2000","0830","2000","0830","2000","0830","2000","0830","1800","0830","C1102884","014","43","17373","37.6480007664082","127.033995113936"
"서울특별시 마포구 월드컵북로 224, 209호 (성산동)","은약국","02-0000-0000","1800","0800","1800","0800","1300","0800","1800","0800","1800","0800","1300","0800","C1109730","039","41","17374","37.5698020382057","126.904699040069"
"전북특별자치도 전주시 덕진구 견훤로 501, 1층 일부호 (우아동3가)","기린중학교 후문 맞은편","은약국","063-242-3997","1900","0830","1900","0830","1900","0830","1900","0830","1900","0830","1300","0830","C2500343","549","05","17375","35.854960816041256","127.15543152540547"
"서울특별시 구로구 시흥대로 551, 3층 (구로동, 광희빌딩)","은약국","02-852-2283","2000","0900","1900","0900","1900","0900","2000","0900","1900","0900","1500","0900","C1107684","083","92","17376","37.4825399425928","126.900246298277"
"광주광역시 광산구 월계로 203, 117(일부)호 (월계동)","은약국","062-972-7651","1900","0830","1900","0830","1900","0830","1900","0830","1900","0830","1400","0830","C1501130","622","77","17377","35.2086099739","126.8421980686"
"전라남도 순천시 이수로 291","은약국","조례동 새우리병원 1층","은약국","061-723-1453","1830","0830","1830","0830","1830","0830","1830","0830","1830","0830","1400","0830","C2600092","579","50","17378","34.95252457072313","127.51610155580505"
"경상북도 구미시 형곡로 198 (형곡동)","형곡동 중앙시장쪽에서 사곡가는방향으로 20m정도 내려옴","은약국","054-451-3206","1830","0930","1830","0930","1830","0930","1830","0930","1830","0930","1400","0930","C2700818","393","17","17379","36.10696399733745","128.3376236999707"
"광주광역시 남구 대남대로 337 (월산동)","은약국","062-369-7447","1800","0900","1800","0900","1800","0900","1800","0900","1800","0900","1300","0900","C1500224","616","13","17380","35.14145782477851","126.89321614579629"
"전라남도 화순군 화순읍 만연로 32-1","일요일 격주로 운영 09:00~19:00 전화 후 방문","타미플루 보유","성심병원맞은편","은약국","061-372-4433","1800","0900","1800","0900","1800","0900","1800","0900","1800","0900","1300","0900","C2600425","581","25","17381","35.058561453618736","126.99034237148854"
"강원특별자치도 춘천시 후석로 22 (석사동)","국민은행옆","은약국","033-262-8235","1830","0900","1830","0900","1830","0900","1830","0900","1830","0900","1300","0900","C2200129","243","91","17382","37.856730140329255","127.74023730869646"
"대구광역시 달서구 상인서로 103-6, 리젠트프라자 702호 (상인동)","은약국","053-644-3432","1900","0900","1900","0900","1900","0900","1900","0900","1900","0900","1500","0900","1300","0900","C1300884","428","09","17383","35.81871674588778","128.53985050131962"
"경기도 고양시 일산동구 정발산로 38","웨스턴돔옆건물","은약국","031-902-1512","1830","0900","1830","0900","1830","0900","1830","0900","1830","0900","1500","0900","1500","0900","C2103798","104","03","17384","37.65686146379275","126.77342335560616"
"대전광역시 동구 은어송로 58 (가오동)","글로리타워 102호","은어송약국","042-286-1030","2050","0830","2050","0830","2050","0830","2050","0830","2050","0830","1850","0830","C1600588","346","95","17385","36.30604284958425","127.455904462881"
"부산광역시 동래구 아시아드대로 245, 1층 101호 (온천동)","은온누리약국","0519390805","1900","0900","2000","0900","1900","0900","2000","0900","1900","0900","1300","0900","C1203038","478","46","17386","35.2058667427455","129.06792763962"
"부산광역시 동구 대영로 261, 1층 (초량동, 은성빌딩)","은온누리약국","051-977-0072","1830","0900","1830","0900","1830","0900","1830","0900","1830","0900","1300","0900","C1202253","488","22","17387","35.111864299702304","129.0392643790636"
"제주특별자치도 제주시 1100로 3283, 1층 (노형동, 영화빌딩)","대체공휴일은 09:00~13:00 운영합니다.","은우약국","064-748-7542","1900","0900","2000","0900","1900","0900","2000","0900","1900","0900","1430","0900","C2900444","630","87","17388","33.479405200121135","126.48179699639986"
"경기도 안성시 공도읍 공도로 91, 103호 (성지프라자)","은유약국","031-657-5673","1840","0900","1840","0900","1840","0900","1840","0900","1840","0900","1500","0830","C2101959","175","61","17389","37.000081553878495","127.17113948533401"
"서울특별시 도봉구 시루봉로 105, 1층 111호 (방학동, 신동아상가)","은은약국","02-955-3011","2000","0900","1900","0900","1900","0900","2000","0900","1900","0900","1430","0900","C1107789","013","62","17390","37.6601767333194","127.027032098141"
"경기도 성남시 분당구 느티로 71, 106호(정자동,현대프라자)","은정약국","031-711-9260","2100","0900","2100","0900","2100","0900","2100","0900","2100","0900","2100","0900","1900","0900","C2101219","136","10","17391","37.3688005862824","127.1125898455374"
"서울특별시 용산구 후암로 7-1, 1층 (후암동)","용산고등학교에서 힐튼호텔 방향 50m","은정약국","02-754-1511","1830","0900","1830","0900","1330","0900","1830","0900","1830","0900","1330","0900","C1102267","043","35","17392","37.5466508636957","126.978124576499"
"경기도 파주시 조리읍 봉천로 22-1","은지약국","031-944-2005","1900","0900","1900","0900","1900","0900","1900","0900","1900","0900","1500","0900","C2102782","109","37","17393","37.7432092012555","126.80932435965605"
"대구광역시 동구 동촌로 208","방촌시장카톨릭정형외과옆","은진약국","053-981-4091","1830","0900","1830","0900","1830","0900","1830","0900","1830","0900","1400","0900","C1300597","411","60","17394","35.88219485536652","128.6631289806605"
"전북특별자치도 군산시 의료원로 159, 신일아파트상가 (나운동)","신일아파트상가","은파약국","063-462-2710","1800","0800","1800","0800","1800","0800","1800","0800","1800","0800","1230","0800","C2500219","541","45","17395","35.95885611976932","126.69888361476427"
"서울특별시 은평구 연서로 74, 보광빌딩 1층 (역촌동)","은평마리약국","02-351-4668","1830","0900","1830","0900","1315","0900","1830","0900","1830","0900","1400","0900","1400","0900","C1108865","034","02","17396","37.6057262353977","126.915724946615"
"서울특별시 은평구 증산로 371, 은평신용협동조합 102호 (신사동)","휴게시간 13:20~14:00","은평성심약국","02-304-1737","1800","0900","1800","0900","1800","0900","1300","0900","1800","0900","1300","0900","C1110577","034","48","17397","37.5895376912069","126.912885066283"
"서울특별시 은평구 은평로 116, 103호 (응암동)","5월4일,5일 임시휴무 5월 6일 대체휴무일 10시 ~ 6시 (휴게시간: 1시~2시)","은평스타약국","02-6956-6828","1930","0830","1930","0830","1930","0830","1930","0830","1930","0830","1500","0830","1300","0930","C1108996","034","54","17398","37.599874221866","126.920675858475"
"서울특별시 은평구 진관2로 29-21","은평오렌지약국","02-389-5553","2000","0900","2000","0900","2000","0900","2000","0900","2000","0900","2000","0830","C1100127","033","06","17399","37.635741734904","126.919341649662"
"서울특별시 은평구 은평로 170 (응암동)","휴게시간 13:30-14:00","은평온누리약국","02-3157-5236","1830","0900","1830","0900","1830","0900","1830","0900","1830","0900","1300","0900","C1107147","034","62","17400","37.6010893852841","126.926662375326"
"서울특별시 은평구 서오릉로 162, 1층 103호 (갈현동)","은평자연약국","02-389-1101","2200","0900","2200","0900","2200","0900","2200","0900","2200","0900","2200","0900","2100","1400","2100","1400","C1107340","033","36","17401","37.6126730476242","126.91535501574"
"서울특별시 은평구 불광로 60 (불광동)","라비앙프라자 1층 104호","은평제일약국","02-359-1331","2000","0830","2000","0830","2000","0830","2000","0830","2000","0830","1600","0830","C1103786","033","65","17402","37.6122935940935","126.932156008786"
"서울특별시 은평구 통일로 1034, 135,136,137호 (진관동, 은평 스카이뷰 자이)","방문 전 전화 확인 바랍니다.","연중무휴 밤 10시까지 영업합니다.","은평천사약국","02-356-7304","2200","0830","2200","0830","2200","0830","2200","0830","2200","0830","2200","0830","2200","1100","2200","1100","C1110035","033","06","17403","37.6352810682306","126.917656215121"
"부산광역시 부산진구 전포대로 190, 1층 (전포동)","점심시간 13:00-14:00","전포1동 부산은행 큰 도로변","은하수약국","051-806-3570","1800","0900","1800","0900","1300","0900","1800","0900","1800","0900","1300","0900","C1200314","473","05","17404","35.153788888888890","129.065813888888897"
"경기도 부천시 원미구 송내대로265번길 19, 대신프라자 5층 503호 (상동)","부천서울어린이병원 동일, 연중무휴","연중무휴 약국입니다,","은하수약국","032-329-9140","2100","0900","2100","0900","2100","0900","2100","0900","2100","0900","1800","0900","1800","0900","1800","0900","C2106605","145","42","17405","37.50648667307403","126.75788150431856"
"충청북도 진천군 진천읍 중앙동로 100, 대성빌딩 1층","은하수약국","043-533-9390","1830","0830","1830","0830","1830","0830","1830","0830","1830","0830","1330","0830","C2301244","278","34","17406","36.8587562922635","127.444737571716"
"대전광역시 서구 둔산남로 46","은하수약국","042-483-0058","1900","0900","1900","0900","1900","0900","1900","0900","1900","0900","1530","0900","C1600025","352","35","17407","36.34859681882399","127.38247159497472"
"경상남도 진주시 진주역로95번길 25, NK빌딩 102호 (가좌동)","은하수약국","055-755-3515","1900","0930","1900","0930","1900","0930","1900","0930","1900","0930","1300","0930","C2802279","528","26","17408","35.1519188449752","128.111717292923"
"경기도 의정부시 용민로 60, 1층 106호 (용현동)","은하수약국","031-851-8711","1800","1000","1800","1000","1800","1000","1800","1000","1800","1000","C2108542","117","85","17409","37.7365994268374","127.085227306759"
"경기도 안양시 동안구 경수대로 767-1","은하수약국","031-477-7525","2000","0900","2000","0900","2000","0900","2000","0900","2000","0900","1500","0900","C2103206","140","41","17410","37.38914602489373","126.94739130855048"
"경기도 부천시 원미구 길주로 199, 111호 (중동, 굿모닝프라자)","부천시청역5번출구","은하약국","032-324-1090","2100","0900","2100","0900","2100","0900","2100","0900","2100","0900","1600","0900","C2106724","145","38","17411","37.505074937092736","126.76453966329493"
"경상북도 구미시 봉곡남로 83, 경우빌딩 1층 (봉곡동)","은하약국","054-453-5775","1930","0900","1930","0900","1930","0900","1930","0900","1930","0900","1500","0900","C2700838","392","07","17412","36.1492191355885","128.311269460287"
"서울특별시 서대문구 통일로 463, (홍제동)","지하철3호선홍제역4번출구전방30M","은하약국","02-394-7814","2100","0900","2100","0900","2100","0900","2100","0900","2100","0900","1830","0900","C1100569","036","36","17413","37.5896244224324","126.942734489087"
"서울특별시 구로구 개봉로 68, 1층 (개봉동)","개봉로 개봉초교 골목 지나서","은하약국","02-2612-5579","2000","0830","2000","0830","1930","0830","2000","0830","2000","0830","1600","0830","1700","1300","C1102271","083","32","17414","37.4917558215986","126.856275990267"
"대전광역시 서구 탄방로7번길 65 (탄방동)","은하약국","042-486-9600","2130","0900","2130","0900","2130","0900","2130","0900","2130","0900","2130","0900","2100","1700","2100","1700","C1600409","352","56","17415","36.3462772845","127.3939484833"
"인천광역시 계양구 경명대로 1048, 동성빌딩 2층 (계산동)","은하약국","032-221-1003","1900","0900","1900","0900","1900","0900","1900","0900","1900","0900","1400","0900","C1401790","210","49","17416","37.54315343155388","126.72327349410489"
"서울특별시 송파구 양재대로 1164, 홍일빌딩 6층 1호 (오금동)","휴게시간 월,금 13:15~14:00","은하약국","02-6677-7575","2000","0830","1900","0830","1900","0830","1900","0830","2000","0830","1500","0830","C1108061","056","52","17417","37.5110472091949","127.128258090026"
"부산광역시 사하구 낙동대로 216, 1층 (괴정동)","동산요양병원 옆","은하약국","051-206-1486","1900","0900","1900","0900","2000","0900","1600","0900","1900","0900","1330","0900","C1201178","493","38","17418","35.10041002935835","128.99322283346322"
"부산광역시 동래구 명안로85번길 48, (명장동)","조양맨션 건너편","은하약국","051-523-2155","1900","0900","1900","0900","1900","0900","1900","0900","1900","0900","1300","0900","C1201107","477","72","17419","35.204622222222220","129.101944444444456"
"경기도 양평군 용문면 용문로 375-1, 1층 (용문면)","은하약국","031-772-9475","1800","0830","1800","0830","1300","0830","1800","0830","1800","0830","1300","0830","C2102389","125","22","17420","37.485644012124666","127.59490390957127"
"대구광역시 달성군 유가면 비슬로64길 52-1","유가파출소옆","은하약국","053-614-2058","2100","1000","2100","1000","2100","1000","2100","1000","2100","1000","1900","1000","C1301029","429","93","17421","35.672829338974736","128.44886410080795"
"서울특별시 성동구 장터길 32-1, (금호동4가)","휴게시간 평일 13:00~14:00(주말 제외)","은하약국","02-2282-3607","1900","0900","1900","0900","1900","0900","1900","0900","1900","0900","1330","0900","1330","0900","1300","0900","C1100458","047","25","17422","37.5482012734059","127.019468459665"
"인천광역시 남동구 만수로 63, 만수 쎈타 플라자 101-2호 (만수동)","만수센터프라자 1층","은하약국","032-466-8931","2000","0700","2000","0700","2000","0700","2000","0700","2000","0700","1600","0700","1300","0800","1300","0800","C1400590","215","24","17423","37.461423751362446","126.73480576735045"
"서울특별시 서대문구 명지대3길 1 (남가좌동)","일요일 2, 4주 운영","공공심야약국 22:00 ~ 익일 1시까지","명지대학교 후문 방향","은하약국","02-372-1513","2500","1000","2500","1000","2500","1000","2500","1000","2500","1000","2500","1000","2500","1000","2500","1000","C1103294","036","73","17424","37.5822054658106","126.923631375579"
"서울특별시 영등포구 국회대로70길 22 (여의도동)","금강빌딩","은하약국","02-783-1990","2000","0900","2000","0900","2000","0900","2000","0900","2000","0900","C1104266","072","37","17425","37.528604315304","126.920622646202"
"경기도 의정부시 태평로73번길 21, 1층 (의정부동)","은하약국","031-846-8026","1900","0900","1900","0900","1900","0900","1900","0900","1900","0900","1900","0900","1900","0900","C2109978","116","95","17426","37.7389951615734","127.050347364004"
"부산광역시 사상구 가야대로 330, 삼선빌딩 1,2층 (주례동)","좋은삼선병원 정문","은하온누리약국","051-327-7200","1800","0830","1800","0830","1800","0830","1800","0830","1800","0830","1330","0830","C1200912","470","07","17427","35.150459638580095","129.0085748768983"
"서울특별시 동작구 사당로2가길 102, 119호 (사당동, 사당자이아파트 상가)","은하온누리약국","02-3474-7525","2100","1000","2100","1000","2100","1000","2100","1000","2100","1000","1700","1000","C1103875","070","28","17428","37.4883730263155","126.96341744773"
"서울특별시 강북구 삼양로 161 (미아동)","삼양사거리(스타벅스 옆)","은행나무약국","02-946-0086","2000","0900","2000","0900","2000","0900","2000","0900","2000","0900","1700","0900","C1100428","011","95","17429","37.6183899941147","127.021123478902"
"서울특별시 금천구 금하로 705, 2층 (시흥동)","은행나무약국","02-2613-2234","1830","0900","1830","0900","1830","0900","1830","0900","1830","0900","1330","0900","C1100430","085","73","17430","37.4515708431855","126.908361346757"
"경기도 성남시 중원구 산성대로 526","은행동은행시장입구","은행시장약국","031-734-4021","2000","0830","2000","0830","2000","0830","2000","0830","2000","0830","2000","0900","C2102129","131","57","17431","37.45760596773998","127.16432706177494"
"경기도 안양시 만안구 안양로 290, 3층 (안양동, 조흥은행)","은행애약국","031-466-2904","1830","0900","1830","0900","1830","0900","1830","0900","1830","0900","1500","0900","C2100575","139","92","17432","37.39834251963673","126.92220019738408"
"대전광역시 중구 중앙로 159 (은행동)","으능정거리맞은편사스빌딩1층","은행약국","042-224-2365","1900","0900","1900","0900","1900","0900","1800","0900","2000","0900","1400","0900","C1600112","348","32","17433","36.329436111111114","127.427138888888891"
"강원특별자치도 춘천시 동면 춘천로 457, 1층","은행약국","033-241-7606","1830","0830","1830","0830","1830","0830","1830","0830","1830","0830","1300","0830","C2200936","242","09","17434","37.892837348262695","127.75530960308369"
"경기도 부천시 부일로 289 (상동)","은행약국","032-668-8175","1800","0900","1800","0900","1800","0900","1800","0900","1800","0900","C2108095","146","21","17435","37.4885272058449","126.762265618032"
"대구광역시 달서구 계대동문로 116, (이곡동)","은행약국","053-588-8301","1830","0900","1830","0900","1830","0900","1830","0900","1830","0900","1500","0900","C1300120","426","12","17436","35.85508667109544","128.50522668337714"
"인천광역시 부평구 마장로242번길 5 (산곡동)","공휴일 유동적","백운역에서백마장방향한신휴아파트지나조은성모병원가기전","은행약국","032-501-3075","2000","0900","2000","0900","2000","0900","2000","0900","2000","0900","1700","0900","C1400703","213","76","17437","37.49975689424855","126.70314063129753"
"대구광역시 동구 동촌로 229, 1층 (방촌동)","은행약국","053-982-3535","1800","0900","1800","0900","1800","0900","1800","0900","1800","0900","C1301779","411","46","17438","35.8816306163156","128.665655145718"
"경상북도 구미시 구미중앙로13길 3, (원평동)","구미역앞외환은행옆","은행약국","054-451-1779","1930","0900","1930","0900","1930","0900","1930","0900","1930","0900","1700","0900","C2700911","392","20","17439","36.12880211744385","128.33190385203352"
"광주광역시 광산구 하남대로 290, 2층 (운남동)","운남동광주은행건물","은행약국","062-952-1555","1830","0900","1830","0900","1830","0900","1830","0900","1830","0900","1300","0900","C1500116","623","14","17440","35.178719444444447","126.825275000000005"
"경기도 안양시 동안구 관평로319번길 6, 1층 (관양동)","관양동현대아파트앞","은행약국","031-388-1986","2000","0900","2000","0900","2000","0900","2000","0900","2000","0900","1500","0900","1300","1100","C2100637","139","36","17441","37.40503680038291","126.9572106864837"
"부산광역시 부산진구 동성로 107, 1층 (전포동)","1호선 부전역 1번 출구","은행약국","051-992-0772","2000","0900","2000","0900","2000","0900","2000","0900","2000","0900","1700","0900","C1202405","473","01","17442","35.159644789","129.0670866263"
"서울특별시 중랑구 동일로 796, 신한은행 지층 (중화동)","은행약국","02-2208-3008","2000","0900","2000","0900","2000","0900","2000","0900","2000","0900","1500","0900","C1102253","020","88","17443","37.6013739146808","127.079867261168"
"대구광역시 달성군 다사읍 서재로20길 1 (다사읍)","은행약국","053-588-2175","1830","0900","1830","0900","1830","0900","1830","0900","1830","0900","1300","0900","C1301569","429","27","17444","35.87166954946098","128.49724087865673"
"대구광역시 남구 성당로 206, (대명동)","성당시장대로변","은행약국","053-622-4500","1800","0900","1800","0900","1800","0900","1800","0900","1800","0900","1300","0900","1300","0900","C1300864","424","54","17445","35.850995399601146","128.5736524643989"
"경기도 의정부시 동일로 589, 동신아파트 (상가동) 107호 (신곡동)","법정공휴일 휴무, 대체공휴일 정상영업, 일요일이 공휴일인 경우 휴무.","신곡2동 롯데슈퍼 옆 동신아파트 상가 내 약국 매주 일요일 영업 토요일, 공휴일 휴무 (대체공휴일은 정상영업)","신곡2동굿모닝마트옆","은행약국","031-840-3274","1800","0900","1300","0900","1800","0900","1800","0900","1700","0900","1700","0900","C2102283","117","43","17446","37.740758132674884","127.05642681101813"
"서울특별시 강동구 고덕로83길 14, 2층 201호 (고덕동)","은행약국","02-426-4565","1800","0800","1800","0800","1800","0800","1800","0800","1800","0800","1300","0800","C1108556","052","22","17447","37.5577459800108","127.16891138348"
"경기도 양주시 은현면 은현로 63, 은현약국 (은현면)","은현약국","031-867-8333","2000","0900","2000","0900","2000","0900","2000","0900","2000","0900","1700","0900","C2102690","114","27","17448","37.87463142959137","127.02404704655458"
"서울특별시 중랑구 망우로32길 49 (면목동)","면목2동 동부시장 내","은혜당약국","02-437-3337","2030","0900","2030","0900","2030","0900","2030","0900","2030","0900","2030","0900","1800","1100","1800","1100","C1104577","021","24","17449","37.5916125153851","127.077389475675"
"대전광역시 중구 계룡로920번길 29 (대사동)","은혜로약국","042233369","1800","0900","1800","0900","1800","0900","1800","0900","1800","0900","C1601142","349","64","17450","36.3191366349","127.4154778588"
"서울특별시 은평구 통일로 1030, 은평헤스티아 103호 (진관동)","은혜성모약국","02-388-1500","1800","0830","1800","0830","1800","0830","1800","0830","1800","0830","1300","0830","C1108337","033","11","17451","37.6341922549283","126.917695482942"
"경상남도 창원시 의창구 봉곡로111번길 8 (봉곡동, 동승빌딩)","봉곡시장내","은혜약국","055-237-8849","2100","0830","2100","0830","2100","0830","2100","0830","2100","0830","2000","0830","2200","0840","C2801067","511","47","17452","35.24725749438847","128.67110566925163"
"충청남도 논산시 중앙로 423-1, (취암동)","현대증권 맞은편","은혜약국","041-732-5500","1800","0830","1800","0830","1800","0830","1800","0830","1800","0830","1230","0830","C2400586","329","54","17453","36.20159735853868","127.08724210227338"
"전북특별자치도 완주군 삼례읍 동학로 23","일요일,공휴일 전화 후 방문","고려병원 옆 삼례 터미널 앞에 위치","은혜약국","063-291-9542","1900","0830","1900","0830","1900","0830","1900","0830","1900","0830","1500","0830","C2500492","553","42","17454","35.90990774785054","127.0746686195737"
"충청남도 공주시 반포면 정광터2길 22,","은혜약국","041-857-7588","1700","0900","1700","0900","1700","0900","1700","0900","1700","0900","1600","0900","1700","0900","C2400453","326","21","17455","36.40092591230256","127.22689440358309"
"전북특별자치도 전주시 완산구 흑석로 27 (서서학동)","흑석골 아래 삼거리 곽정찬 가정의학과 1층","은혜약국","063-284-8888","1800","0830","1800","0830","1800","0830","1800","0830","1800","0830","1300","0830","C2500649","551","14","17456","35.801782290140764","127.15046498825452"
"충청북도 단양군 매포읍 평동3로 4 (매포읍)","농협사거리","은혜약국","043-422-5511","1930","0830","1930","0830","1930","0830","1930","0830","1930","0830","1730","0900","1730","0900","C2300486","270","05","17457","37.03440656779328","128.29861043054012"
"제주특별자치도 서귀포시 표선면 표선관정로 97 (서울약국)","설, 추석당일은 쉽니다.","연세의원옆","은혜약국","0647875242","1800","0730","1800","0730","1800","0730","1800","0730","1800","0730","1300","0730","1200","0730","1200","0730","C2900188","636","29","17458","33.32431743786887","126.83085119051034"
"경상북도 상주시 상산로 269","은혜약국","054-534-1616","1800","0830","1800","0830","1800","0830","1800","0830","1800","0830","1300","0830","C2700812","371","97","17459","36.414858814916784","128.15895954433205"
"전라남도 무안군 무안읍 무안중앙로 37,","다섯째 일요일 09:00~18:00","무안읍 기독의원 바로 옆","은혜약국","061-454-6313","1800","0800","2100","0800","1800","0800","1800","0800","1800","0800","1500","0800","1800","0800","C2600612","585","25","17460","34.989334708291786","126.47505218779295"
"전라남도 여수시 새터로 64 (신기동)","은혜약국","061-692-0675","1730","0900","1730","0900","1730","0900","1730","0900","1730","0900","C2601317","596","84","17461","34.7615173074709","127.674295786438"
"전라남도 화순군 화순읍 서양로 336","화순노인전문병원 바로앞","은혜약국","061-375-0032","1900","0900","1900","0900","1900","0900","1900","0900","1900","0900","C2600622","581","29","17462","35.06157460529041","127.00096767294386"
"광주광역시 광산구 첨단월봉로 96 (산월동)","첨단보훈병원정문건너편","은혜약국","062-971-9797","1800","0900","1800","0900","1800","0900","1800","0900","1800","0900","C1500597","622","72","17463","35.20638506166898","126.84898594116515"
"전라남도 순천시 팔마로 126 (조곡동)","병원휴가 시 단축운영할 수 있으니 방문전 꼭 연락부탁드립니다.","공휴일, 일요일 운영하는 약국입니다. 특별한 상황이 아니라면 근무시간은 늘 지켜지니, 염두해두시고 휴일에 방문시에는 사전연락 부탁드립니다.","은혜약국","061-746-3375","1900","0700","1900","0700","1900","0700","1900","0700","1900","0700","1530","0700","1100","0700","1300","0700","C2601153","579","62","17464","34.9448365385","127.501750431"
"광주광역시 서구 풍암신흥로 21, 1층 (풍암동)","은혜약국","062-651-7175","2100","0900","2100","0900","2100","0900","2100","0900","2100","0900","2100","0900","2100","1400","2100","1400","C1501324","620","50","17465","35.120291537315","126.865874385019"
"경상북도 칠곡군 왜관읍 2번도로길 52","왜관역앞2번도로","은혜약국","054-974-1340","1800","0900","1800","0900","1800","0900","1800","0900","1800","0900","1300","0900","C2700268","398","91","17466","35.992212817552875","128.39770750376596"
"경상북도 경주시 화랑로 92-1 (동부동)","은혜약국","054-775-2838","1830","0930","1830","0930","1830","0930","1830","0930","1830","0930","1300","0930","C2700664","381","54","17467","35.84476289197025","129.21132089648282"
"경상북도 포항시 남구 연일읍 유강길9번길 51 (연일읍)","은혜약국","054-274-9695","1830","0900","1830","0900","1300","0900","1830","0900","1830","0900","1300","0900","C2700634","376","56","17468","36.00474048848367","129.3152124814679"
"전라남도 장성군 강변안길 22-1 (장성읍)","장성혜원병원 내","은혜약국","061-395-9336","1730","0830","1730","0830","1730","0830","1730","0830","1730","0830","1300","0830","C2600807","572","21","17469","35.29775023470032","126.77449838257213"
"강원특별자치도 춘천시 중앙로 76, 1층 (중앙로2가)","신해철신경외과 옆","은혜약국","033-257-4236","1730","0830","1730","0830","1730","0830","1730","0830","1730","0830","1300","0830","C2200100","242","73","17470","37.879949672203686","127.72634027447856"
"인천광역시 미추홀구 경인로 128 (숭의동)","은혜약국","032-884-5848","1830","0930","1830","0930","1830","0930","1830","0930","1830","0930","C1401689","402","812","17471","37.4659974597","126.6568205268"
"강원특별자치도 평창군 평창읍 백오로 111, 1층","은혜약국","033-334-8007","C2201138","253","76","17472","37.3678032574609","128.396145893833"
"서울특별시 서초구 강남대로 605, 1층 101호 (잠원동)","은혜약국","02-512-9939","2000","0930","2000","0930","2000","0930","2000","0930","2000","0930","1630","0930","C1110056","065","26","17473","37.5157514042207","127.019161294387"
"경기도 용인시 기흥구 동백7로 79, 1층 102호 (동백동, 두빈빌딩)","공휴일 전화 후 방문 요망","백현마을 코아루아파트 맞은편","은혜약국","031-285-9907","2000","0900","2000","0900","2000","0900","2000","0900","2000","0900","C2103542","170","03","17474","37.28171887899534","127.15987900891713"
"경기도 부천시 원미구 부일로 731 (역곡동)","역곡북부역사거리에 위치한 건물 3층(씨티은행 맞은편)","은혜약국","032-342-4220","1900","0900","1900","0900","1900","0900","1900","0900","1900","0900","1600","0900","1300","0900","C2100239","146","71","17475","37.48589279332902","126.8109272101938"
"충청북도 청주시 상당구 사직대로 354-2 (서문동)","청주시상당구서문동홈플러스옆","은혜약국","043-225-5455","1830","0900","1830","0900","1830","0900","1830","0900","1400","0900","C2300343","285","25","17476","36.63648157781807","127.48648206604767"
"충청남도 부여군 사비로 61 (부여읍)","하나의원 맞은편","은혜약국","041-835-1130","1810","0840","1810","0840","1810","0840","1810","0840","1810","0840","1330","0840","C2401241","331","53","17477","36.27798826773868","126.91031785510128"
"서울특별시 금천구 시흥대로 242, 반석빌딩 1층 (시흥동)","은혜약국","02-807-0496","1830","0830","1830","0830","1830","0830","1830","0830","1830","0830","1400","0830","C1108028","086","26","17478","37.4554300101577","126.900712478914"
"경기도 수원시 영통구 인계로 220 (매탄동, 정희섭이비인후과)","은혜약국","031-214-3742","1900","0900","1900","0900","1900","0900","1900","0900","1900","0900","C2107314","165","43","17479","37.26482435610271","127.0414139369708"
"서울특별시 중랑구 봉우재로 239 (망우동)","공휴일 휴무","은혜약국","02-432-0386","2100","0900","2100","0900","2100","0900","2100","0900","2100","0900","2100","0900","1900","1200","1900","1200","C1102362","021","72","17480","37.5957565381477","127.099509114026"
"경기도 안양시 동안구 관악대로 480, 107호 (관양동)","은혜약국","031-421-1128","2000","0900","2000","0900","2000","0900","2000","0900","2000","0900","1700","0830","C2101535","139","51","17481","37.402425700777364","126.97552688483677"
"서울특별시 강남구 밤고개로1길 10 (수서동)","수서현대벤쳐빌 2층 220-2","은혜약국","02-6289-8767","1900","0930","1900","0930","1900","0930","1900","0930","1900","0930","1500","0930","C1102265","063","49","17482","37.4880244867416","127.101844450006"
"서울특별시 양천구 오목로 193","신정역 2번 출구 직진 100미터","은혜약국","02-2698-1635","2030","0900","2030","0900","2030","0900","2030","0900","2030","0900","C1102266","079","44","17483","37.5255837202815","126.858867366666"
"서울특별시 성북구 종암로 93, 1층 (종암동)","은혜약국","02-926-1122","1900","0900","1900","0900","1900","0900","1900","0900","1900","0900","1400","0900","C1100237","028","10","17484","37.5985441078618","127.034403359357"
"서울특별시 송파구 백제고분로39길 10-20, 101호 (석촌동)","은혜약국","02-420-2282","2000","0830","2000","0830","2000","0830","1800","0830","1800","0830","1400","0800","C1109632","056","16","17485","37.5056453193309","127.105904513799"
"경기도 광주시 퇴촌면 광동로 49","은혜약국","031-762-2230","1930","0900","1930","0900","1930","0900","1930","0900","1930","0900","1420","0900","1200","0900","C2107939","127","11","17486","37.470652772144625","127.30827439847809"
"경기도 의왕시 포일로 26, 건형상가 203호 (내손동)","은혜약국","031-425-0524","1400","0900","1400","0900","1400","0900","1400","0900","1400","0900","1600","0900","C2102152","160","24","17487","37.38873556795166","126.97608308135494"
"경기도 안성시 양성면 만세로 608","은혜약국","031-672-9005","1900","0800","1900","0800","1900","0800","1900","0800","1900","0800","1530","0800","C2107099","175","02","17488","37.05828754302462","127.19615997777892"
"경기도 동두천시 지행로 51, 1층 103호 (지행동)","은혜약국","031-857-7582","2000","0900","2000","0900","2000","0900","2000","0900","2000","0900","1600","0900","1600","0900","1600","0900","C2107580","113","46","17489","37.8926899754","127.0530284701"
"경기도 의정부시 진등로 1, 1층 103호 (녹양동)","셋째, 다섯째주 일요일 근무","은혜약국","031-876-7600","2230","0900","2230","0900","2230","0900","2230","0900","2230","0900","2230","0900","2200","0900","C2102284","116","06","17490","37.75793557960563","127.03400350457848"
"경기도 포천시 포천로 1637-1 (신읍동)","포천병원건너편","은혜약국","031-531-7697","1900","0900","1900","0900","1900","0900","1900","0900","1900","0900","1600","0900","C2106538","111","41","17491","37.901943663105726","127.19870987828433"
"서울특별시 도봉구 도봉로118길 11 (창동)","쌍문역 1번 출구 창문어린이집 근처","은혜약국","02-992-9191","2400","0830","2400","0830","2400","0830","2400","0830","2400","0830","2100","0830","2100","0830","C1100238","014","53","17492","37.6490642641892","127.035897595304"
"충청남도 계룡시 엄사면 번영로 36, 3층","은혜약국","070-7723-6774","1900","0800","1900","0800","1900","0800","1900","0800","1900","0800","1300","0800","C2401909","328","05","17493","36.2888639555206","127.241312164181"
"서울특별시 마포구 숭문길 221, 1층 (대흥동)","은혜약국","02-707-1613","1900","0900","1900","0900","1900","0900","1900","0900","1900","0900","1300","0900","C1108898","041","12","17494","37.5562440264362","126.946428030039"
"서울특별시 영등포구 국제금융로6길 33, 1층 104호 (여의도동)","은혜약국","02-784-3062","1830","0830","1830","0830","1830","0830","1830","0830","1830","0830","C1107893","073","31","17495","37.5207908297398","126.926911965929"
"서울특별시 구로구 경인로43길 49, MD동 2층 B-204-1호 (고척동, 고척아이파크)","은혜온누리약국","02-2625-7666","2000","0830","2000","0830","2000","0830","2000","0830","2000","0830","1800","0830","1800","0830","C1109783","082","26","17496","37.4990691887707","126.857532971967"
"경상남도 진주시 동진로 124 1층 (상대동)","기계공고입구버스정류소앞","은혜온누리약국","055-752-7205","1800","0900","1800","0900","1800","0900","1800","0900","1800","0900","1300","0900","C2800142","527","94","17497","35.1790392274","128.1046692422"
"광주광역시 서구 월드컵4강로 235, 1층 104호 (쌍촌동)","은혜온누리약국","062-376-1122","1830","0900","1830","0900","1830","0900","1830","0900","1830","0900","1300","0900","C1501001","619","67","17498","35.15716730628822","126.86897632151913"
"경기도 용인시 기흥구 동백죽전대로527번길 100-3, 105호 (중동)","은혜온누리약국","031-281-0913","1900","0900","1900","0900","1900","0900","1900","0900","1900","0900","1530","0900","C2107762","169","87","17499","37.28085162184774","127.14350399580663"
"대구광역시 북구 학정로 419, 1층 (동천동)","공휴일은 하는 날도, 안하는 날도 있음","365약국(연중무휴)","은혜온누리약국","053-322-5633","2000","0900","2000","0900","2000","0900","2000","0900","2000","0900","1700","0900","1300","0900","C1300693","414","23","17500","35.94207887444949","128.56308023642157"
"경기도 수원시 팔달구 효원로219번길 55, 101호 (인계동)","은혜온누리약국","031-8067-5070","1800","0900","1800","0900","1800","0900","1800","0900","1800","0900","1300","0900","C2109366","164","90","17501","37.2658047782332","127.026696806281"
"경기도 하남시 대청로 33 (신장동)","은혜온누리약국","031-795-0642","1830","0900","1830","0900","1830","0900","1830","0900","1830","0900","1500","0900","C2101843","129","47","17502","37.541006218635054","127.21604599691909"
"서울특별시 서대문구 수색로 56, 125호 (북가좌동, 성공타워1)","가좌역 3번 출구 건너편 삼거리","은혜온누리약국","02-304-1729","2000","0900","2000","0900","2000","0900","2000","0900","2000","0900","1800","0900","C1107593","037","09","17503","37.5708154693004","126.912242300278"
"서울특별시 강남구 남부순환로 2912, 117호, 118호 (대치동, 우성아파트상가)","우성아파트상가 17호, 118호","은혜온누리약국","02-564-5674","2000","0900","2000","0900","2000","0900","2000","0900","2000","0900","1700","0900","C1100244","062","89","17504","37.4907059879875","127.056142941592"
"경기도 수원시 장안구 창룡대로 185","은혜온누리약국","031-241-6233","2000","0900","2000","0900","2000","0900","2000","0900","2000","0900","1500","0900","C2103296","162","19","17505","37.292507533766056","127.03033846740124"
"인천광역시 강화군 강화읍 강화대로 404","은화약국","032-933-7570","1900","0830","1900","0830","1900","0830","1900","0830","1900","0830","1900","0800","C1401510","230","31","17506","37.746474719384295","126.48638823410297"
"경기도 의정부시 동일로 713, 1층 117호 (금오동)","을지1번약국","031-928-4030","1800","0900","1800","0900","1800","0900","1800","0900","1800","0900","C2108926","117","49","17507","37.7503693471011","127.050563059147"
"대전광역시 서구 대덕대로242번길 48(둔산동)","을지나은약국","042-488-2929","1800","0830","1800","0830","1800","0830","1800","0830","1800","0830","1300","0830","C1601360","352","33","17508","36.354107558159","127.38224945551"
"대전광역시 서구 대덕대로234번길 45 (둔산동, 하이베라스)","을지다사랑약국","042-472-5700","1800","0900","1800","0900","1800","0900","1800","0900","1800","0900","1200","0900","C1601129","352","33","17509","36.353823843","127.3822574267"
"서울특별시 중구 을지로 51, 내외빌딩 4층 (을지로2가)","을지로다정약국","02-732-2462","1900","0900","1900","0900","1900","0900","1900","0900","1900","0900","1430","0900","C1109319","045","39","17510","37.5664928978912","126.983681840765"
"대전광역시 서구 대덕대로234번길 45 (둔산동)","토요일은 첫째 세째주만 근무함","을지실로암약국","042-482-0036","1900","0830","1900","0830","1900","0830","1900","0830","1900","0830","1500","0830","C1601168","352","33","17511","36.353823843","127.3822574267"
"서울특별시 중구 을지로 170, 을지트윈타워 1층 107호 (을지로4가)","휴게시간 13:20~14;00(토요일 제외)","을지약국","02-3706-7204","1900","0900","1900","0900","1900","0900","1900","0900","1900","0900","1330","0830","C1110088","045","48","17512","37.5661391831606","126.99732748195"
"인천광역시 부평구 부평대로 132 (부평동, 헤리움노블레스 101호)","13:00~13:40 평일 휴게시간","을지약국","032-521-0119","1900","0900","1900","0900","1300","0900","1900","0900","1900","0900","1400","0900","1300","0900","1300","0900","C1400603","213","56","17513","37.5032504192864","126.722091414864"
"충청남도 공주시 번영2로 18-11","","현대병원 맞은편","을지약국","041-855-1413","2100","0800","2100","0800","2100","0800","2100","0800","2100","0800","2100","0800","2100","0800","2100","0800","C2400407","325","85","17514","36.46898249603734","127.1335433210408"
"인천광역시 미추홀구 인하로 121 (용현동)","인하대 후문쪽으로 성광교회 앞에 위치.","을지약국","032-861-1181","1300","0900","1300","0900","1300","0900","1300","0900","1300","0900","1500","0900","C1400566","222","08","17515","37.45002134802186","126.66162293038421"
"대전광역시 서구 대덕대로242번길 48, 1층 (둔산동)","을지우리약국","042-488-3882","1730","0830","1730","0830","1730","0830","1730","0830","1730","0830","1200","0830","C1600080","352","33","17516","36.354087419499116","127.38225770589814"
"경기도 의정부시 동일로711번길 21, 1층 (금오동)","을지우림약국","031-843-2200","1730","0800","1730","0800","1730","0800","1730","0800","1730","0800","1730","0800","C2108744","117","49","17517","37.7496546641699","127.050854527219"
"대전광역시 서구 둔산서로 81 1층","을지참조은약국","042-489-2552","1830","0830","1830","0830","1830","0830","1830","0830","1830","0830","1300","0830","C1600081","352","33","17518","36.35410020228082","127.38263311156738"
"충청남도 아산시 음봉면 음봉로 805","산동사가리장미아파트","음봉약국","041-533-8075","2000","0900","2000","0900","2000","0900","2000","0900","2000","0900","1800","0900","C2400338","314","19","17519","36.82908659329377","127.09638775986079"
"충청북도 음성군 음성읍 시장로 84","평일 마감시간 및 주말/휴일 전화 후 방문요망","제일연합의원, 현대내과 옆","음성서울약국","043-872-4231","1900","0900","1900","0900","1900","0900","1900","0900","1900","0900","1600","0900","C2300247","276","96","17520","36.935252499494865","127.69330661358083"
"충청북도 음성군 음성읍 수정로 60","문화사거리 구 롯데리아 위치","음성약국","043-872-3828","1930","0830","1930","0830","1930","0830","1930","0830","1930","0830","1630","0830","1300","0900","C2300578","277","02","17521","36.93481435091424","127.6929850892847"
"경상북도 구미시 백산로 61 (송정동)","송정동번개시장","음양약국","054-458-6005","2000","0900","2000","0900","2000","0900","2000","0900","2000","0900","1500","0900","1300","0900","C2700541","392","74","17522","36.1215510575052","128.34059037107664"
"충청남도 서산시 시장1로 9-1 (동문동)","읍내약국","041-666-5700","1900","0830","1900","0830","1900","0830","1900","0830","1900","0830","1900","0900","C2401681","319","81","17523","36.7824156333566","126.454794196763"
"충청남도 당진시 당진중앙1로 94 (읍내동)","버거킹 앞","읍내약국","041-355-2979","1800","0830","1800","0830","1800","0830","1800","0830","1800","0830","1300","0830","C2400237","317","69","17524","36.894350170657894","126.62948724245785"
"충청남도 예산군 덕산면 예덕로 1","읍내약국","041-338-3881","2000","0830","2000","0830","2000","0830","2000","0830","2000","0830","2000","0830","C2401433","324","06","17525","36.704256877","126.6688771792"
"서울특별시 은평구 응암로 248, 1층 (응암동)","응암유명약국","02-355-2322","2100","0900","2100","0900","2100","0900","2100","0900","2100","0900","2000","0900","2000","1000","2000","1000","C1110358","034","66","17526","37.593986165368","126.918313189116"
"서울특별시 은평구 응암로 189, 1층 (응암동)","매달 세 번째 일요일만 운영(1,2,4,5째 일요일 정기휴무)","응암오거리에서 대림시장 방면 첫 번째 횡단보도","응암프라자약국","02-303-3693","2100","0830","2100","0830","2100","0830","2100","0830","2100","0830","2000","0800","2000","0900","2000","0900","C1103379","034","85","17527","37.5889591969241","126.91667433041"
"경상남도 의령군 의령읍 의병로 257","의령제일약국","055-574-6038","1300","0900","1300","0900","1300","0900","1300","0900","1300","0900","1300","0800","C2800366","521","45","17528","35.320330311721314","128.26492943262522"
"충청북도 충주시 앙성면 가곡로 1034 (하나의원)","의림약국","043-855-6632","2000","0830","2000","0830","2000","0830","2000","0830","2000","0830","1900","0830","C2300589","273","03","17529","37.10755976016858","127.75360921184676"
"충청북도 제천시 숭문로 56 (명동)","서울병원앞","의림약국","043-642-2923","1900","0900","1900","0900","1900","0900","1900","0900","1900","0900","1500","0900","C2300292","271","69","17530","37.13817066843178","128.20678681816764"
"경상북도 의성군 의성읍 문소3길 110","토요일, 일요일, 공휴일 방문 전 전화확인 필요","의성약국","054-834-2240","1930","0830","1930","0830","1930","0830","1930","0830","1930","0830","1800","0830","1300","0900","1400","0900","C2700274","373","37","17531","36.3556978321","128.6944912967"
"경상북도 의성군 의성읍 문소3길 110-1","*의성시외버스터미널맞은편*","의성프라자약국","054-832-6460","2030","0800","2030","0800","2030","0800","2030","0800","2030","0800","2030","0800","1900","0730","C2701007","373","37","17532","36.35579897274447","128.69447566587846"
"경기도 의왕시 오전천로 35, 101호 (오전동)","의왕연세약국","031-427-5336","2100","0900","2100","0900","2100","0900","2100","0900","2100","0900","C2109057","160","60","17533","37.3502243908803","126.977551687622"
"경기도 의왕시 사천2길 27, 1층 (왕곡동, 의왕상가)","의왕시 고천동주민센터 뒤에 위치한 동네약국입니다.","의왕시왕곡동GS슈퍼마켓옆 의왕상가 1층","의왕종로약국","031-457-0480","2200","0830","2200","0830","2200","0830","2200","0830","2200","0830","1900","0830","1600","0900","1600","0900","C2101988","160","69","17534","37.34627942182696","126.97717999721203"
"광주 남구 주월로 86 (주월동)","의정 한약국","062-945-9995","1700","0930","1700","0930","1700","0930","1700","0930","1700","0930","C1501450","616","02","17535","35.1391879932222","126.887492543076"
"경기도 의정부시 동일로 732, 금오동 근린생활시설 1층 (금오동)","의정부 을지약국","031-847-1269","1800","1000","1800","1000","1800","1000","1800","1000","1800","1000","C2108606","117","58","17536","37.7519573928855","127.049286104824"
"경기도 포천시 구절초로 17 (신읍동)","신읍사거리","의정부약국","031-535-8117","2200","0800","2200","0800","2200","0800","2200","0800","2200","0800","2100","0900","C2102497","111","47","17537","37.895747222222219","127.202622222222217"
"경기도 의정부시 시민로 83, 광장타워 1층 110호 (의정부동)","의정부약국","031-874-7888","1800","0900","1800","0900","1800","0900","1800","0900","1800","0900","C2108832","116","70","17538","37.7387719935114","127.04452089288"
"경기도 부천시 석천로 171, 중동프라자 1층 112호 (중동)","이강약국","032-322-8593","2200","1000","2200","1000","2200","1000","2200","1000","2200","1000","C2108090","145","46","17539","37.502992718722","126.762520362737"
"광주광역시 북구 용봉로 28, (신안동)","전남대치과병원출입구건너편","이건약국","062-525-5050","1900","0900","1900","0900","1900","0900","1900","0900","1900","0900","1300","0900","C1500283","612","20","17540","35.17146723227396","126.90007174471266"
"대전광역시 중구 계룡로816번길 113 (태평동)","이경약국","042-523-0185","1930","0900","1930","0900","1930","0900","1930","0900","1930","0900","1400","0900","C1600325","348","94","17541","36.32544616692706","127.40056964617047"
"대구광역시 달서구 선원남로 113, (이곡동)","성곡초등학교옆","이곡동산약국","053-587-2411","1900","0900","1900","0900","1900","0900","1900","0900","1900","0900","1500","0900","C1300242","426","15","17542","35.85731905632372","128.51267017126523"
"전라남도 함평군 함평읍 중앙길 80 1층","이기세약국","061-324-7710","1800","0830","1800","0830","1800","0830","1800","0830","1800","0830","1800","0830","C2601223","571","52","17543","35.0635143006168","126.522413555172"
"대전광역시 유성구 지족로 283, 104호 (지족동)","이나약국","042-823-7576","2200","0900","2200","0900","2200","0900","2200","0900","2200","0900","2000","0900","2000","0900","C1601207","340","70","17544","36.38774206050002","127.30806378049999"
"대구광역시 서구 달서로 187, 1층 (비산동)","이노약국","053-555-8558","1900","0900","1900","0900","1900","0900","1900","0900","1900","0900","1500","0900","C1301604","417","79","17545","35.87892780710197","128.57100263773657"
"서울특별시 강남구 선릉로 326, 1층 107호 (대치동)","이담약국","02-6085-2300","2000","0900","2000","0900","2000","0900","2000","0900","2000","0900","1700","0900","C1109141","062","05","17546","37.4987674609702","127.05204400427"
"서울특별시 강서구 강서로 357, 1층 일부호 (내발산동)","이대1번약국","02-2661-7111","1900","0830","1900","0830","1900","0830","1900","0830","1900","0830","1300","0900","1830","0900","1800","0900","C1109953","076","32","17547","37.5576668863222","126.837387751506"
"경기도 수원시 권선구 정조로 521-1, 1층 (세류동)","약국","세류동 한서빌딩","이대약국","031-238-2383","2100","0830","2100","0830","2100","0830","2100","0830","2100","0830","1800","0830","1300","0830","C2101248","165","87","17548","37.25503481853107","127.01167102393329"
"충청남도 예산군 예산읍 창말로 16","명절 당일은 12시부터 운영함","신례원 동가마트옆","이대약국","041-334-8733","2100","0830","2100","0830","2100","0830","2100","0830","2100","0830","2100","0830","C2400259","324","21","17549","36.72789950218308","126.84480106480638"
"경기도 연천군 연천읍 연천로252번길 3, 1층","이대중앙약국","031-834-0124","1900","0900","1900","0900","1900","0900","1900","0900","1900","0900","1300","0900","1800","1000","1300","0900","C2102926","110","16","17550","38.0993669397318","127.07480927441048"
"서울특별시 강남구 일원로 95 (일원동)","이대학약국","02-445-1558","1800","0900","1800","0900","1800","0900","1800","0900","1800","0900","1300","0900","C1104803","063","51","17551","37.4857363331786","127.083524202025"
"서울특별시 서대문구 이화여대길 42, 1층 (대현동)","이대행복한약국","02-873-8881","2130","0930","2130","0930","2130","0930","2130","0930","2130","0930","2100","1000","2000","1000","2000","1000","C1109431","037","64","17552","37.5588780112567","126.945856403546"
"서울특별시 강남구 테헤란로87길 29, 1층 (삼성동, 엠타워)","이도건강약국","02-564-3333","1900","0900","1900","0900","1900","0900","1900","0900","1900","0900","1600","0900","C1104212","061","67","17553","37.5095900006982","127.057990612268"
"강원특별자치도 양양군 양양읍 양양로 36","이도약국","033-673-0045","1830","0840","1830","0840","1600","0840","1830","0840","1830","0840","1230","0840","C2200954","250","21","17554","38.0769481234","128.6246181489"
"서울특별시 동작구 만양로 112, 1층 (노량진동, 서원빌딩)","이도약국","02-822-2229","1930","0930","1930","0930","1930","0930","1930","0930","1930","0930","1700","0930","1300","0900","C1103126","069","13","17555","37.5133362743662","126.944421042599"
"서울특별시 영등포구 당산로31길 14 (당산동3가)","영등포보건소 근처","이도온누리약국","02-2633-7167","2200","0830","2200","0830","2200","0830","2200","0830","2200","0830","1900","0830","C1100794","072","56","17556","37.52671648601564","126.89608084445777"
"인천광역시 서구 중봉대로 587, 지하2층 (경서동, 홈플러스 청라점)","마트 운영시간과 동일","이도온누리약국","032-562-8050","2130","1000","2130","1000","2130","1000","2130","1000","2130","1000","2130","1000","2130","1000","C1401755","227","62","17557","37.532373952014495","126.64874178093169"
"경상북도 포항시 남구 희망대로 360-9 (이동)","이동 큰 약국","054-285-7220","1830","0900","1830","0900","1830","0900","1830","0900","1830","0900","1330","0900","C2701632","376","59","17558","36.0343971657702","129.331924154441"
"경상북도 포항시 남구 포스코대로 144 (대잠동)","이동약국","054-272-7588","2100","0900","2100","0900","2100","0900","2100","0900","2100","0900","1800","0900","1800","0900","1800","0900","C2701281","376","79","17559","36.02552682829596","129.34145474225863"
"경상북도 포항시 남구 희망대로 348 (이동)","이동정문약국","054-281-7567","1800","0900","1800","0900","1800","0900","1800","0900","1800","0900","1300","0900","C2701414","376","59","17560","36.0350562449","129.3321880833"
"경기도 용인시 처인구 이동읍 백옥대로 595, 이동농협 1층","주민들의 건강과 편의를 위해 휴무없이 공휴일, 주말에도 영업합니다. 오전9시부터 오후7시까지 전화번호 010-8232-7579 이동하나로마트 휴무일정과 같이 설당일과 추석당일만 쉽니다.","이동하나로약국입니다. 약국 전화번호는 010-8232-7579입니다. 동물의약품 취급약국입니다.","이동하나로약국","031-000-0000","1900","0900","1900","0900","1900","0900","1900","0900","1900","0900","1900","0900","1900","0900","1900","0900","C2109722","171","28","17561","37.1900505043469","127.205914207252"
"서울특별시 금천구 서부샛길 606, 125호 (가산동, 대성디폴리스)","이든약국","02-861-9110","2000","0900","2000","0900","2000","0900","2000","0900","2000","0900","C1104093","085","04","17562","37.4799534974765","126.877008239669"
"경상남도 창원시 의창구 창이대로492번길 15 (용호동, 지하1층)","이랑비랑한약국","055-262-1275","1900","0930","1900","0930","1900","0930","1900","0930","1900","0930","1500","1000","C2801846","514","29","17563","35.23611287878293","128.68695456728295"
"광주광역시 서구 죽봉대로 66, LG생활건강빌딩 1층 (농성동)","전화를 받지 않음","이레약국","062-368-3563","1830","0900","2100","0900","1830","0900","2100","0900","1830","0900","1330","0900","C1501392","619","32","17564","35.1591075923028","126.883652857169"
"경상북도 구미시 신시로14길 4, (송정동)","현대안과1층","이레약국","054-441-2901","1830","0900","1830","0900","1830","0900","1830","0900","1830","0900","1500","0900","1300","0900","C2700774","392","87","17565","36.11525056201679","128.3396008517035"
"대전광역시 중구 계백로 1681 (오류동)","이레약국","042-538-8276","1900","0900","1900","0900","1900","0900","1900","0900","1900","0900","1500","0900","C1600449","349","10","17566","36.320911111111108","127.406166666666664"
"경기도 남양주시 화도읍 마석중앙로 51, 1층 일부호 (화도읍)","이레약국","031-595-4535","1800","1000","1800","1000","1800","1000","1800","1000","1800","1000","C2108301","121","79","17567","37.6529001694975","127.305515222353"
"경기도 의정부시 평화로 620, (의정부동)","이레약국","031-843-3770","1900","0900","1900","0900","1900","0900","1900","0900","1900","0900","1600","0900","C2102728","116","86","17568","37.74725244947393","127.04572066467966"
"경기도 수원시 영통구 영통로214번길 8, 1층 (영통동)","이레약국","031-204-2772","2000","0930","1900","0930","1900","0930","1900","0930","2000","0930","1500","0930","C2107261","166","98","17569","37.2462164627","127.0575718963"
"서울특별시 강동구 올림픽로 787, 태성프라자 109호 (암사동)","이레약국","02-429-7197","2000","0840","1900","0840","1900","0840","1900","0840","2000","0840","1400","0830","1320","1000","C1109279","052","41","17570","37.5515454300024","127.127723369224"
"서울특별시 영등포구 디지털로 375, (대림동)","대림중앙시장 입구(디지털단지로 관악농협 대림지점 방향)","이레약국","02-841-6429","2000","0830","2000","0830","2000","0830","2000","0830","2000","0830","2000","0900","C1104449","074","18","17571","37.4908763420608","126.90132515094"
"서울특별시 성동구 성덕정길 78 (성수동2가)","이레약국","02-464-3050","1900","0900","1900","0900","1900","0900","1900","0900","1900","0900","1300","0900","C1103406","047","75","17572","37.5378451286198","127.052075111317"
"서울특별시 은평구 통일로 738 (불광동)","불광역 8번 출구","이레약국","02-359-1945","1900","0900","1900","0900","1900","0900","1900","0900","1900","0900","1600","0900","C1107016","033","58","17573","37.611415859944","126.929406673052"
"부산광역시 해운대구 재반로 116","버스정류장: 재송동우체국/부산은행맞은편","이레약국","051-782-2001","1900","0840","1900","0840","1900","0840","1900","0840","1900","0840","1500","0840","C1201333","480","53","17574","35.188650854359224","129.12683410265774"
"서울특별시 동대문구 사가정로 122, 전농동하우스토리 3층 313호 (전농동)","전농사거리 전농하우스토리 2층 206호","이레약국","02-2215-4535","1830","0900","1830","0900","1830","0900","1830","0900","1830","0900","1500","0900","C1100795","025","31","17575","37.5772114550055","127.058517800585"
"인천광역시 남동구 구월남로 172, 1층 일부(102)호 (구월동)","인천길병원 이비인후과 센터 옆.","이레약국","032-462-1851","1900","0830","1900","0830","1900","0830","1900","0830","1900","0830","1400","0900","1400","0900","C1400954","215","65","17576","37.45277049295215","126.70843076649902"
"경기도 광주시 신현로 24, 1층 (신현동)","이레약국","031-715-6169","1800","0900","1800","0900","1800","0900","1800","0900","1800","0900","C2108764","127","71","17577","37.3599094563599","127.149648826628"
"대구광역시 달성군 가창면 가창로216길 61 (가창면)","이레약국","053-766-7568","1830","0900","1830","0900","1830","0900","1830","0900","1830","0900","1330","0900","C1300974","429","35","17578","35.80433288392475","128.6235887591531"
"대구광역시 북구 복현로 88, (복현동)","고척네거리","이레약국","053-381-1002","1900","0900","1900","0900","1900","0900","1900","0900","1900","0900","1500","0900","C1300249","415","22","17579","35.89934730452862","128.62232920159613"
"전북특별자치도 전주시 덕진구 호성3길 11 (호성동1가)","이레약국","063-244-5921","1900","0830","1900","0830","1900","0830","1900","0830","1330","0830","C2501269","549","04","17580","35.8607144385","127.1511968238"
"대구광역시 달서구 계대동문로 47, (신당동)","와룡시장","이레약국","053-592-0401","1930","0900","1930","0900","1930","0900","1930","0900","1930","0900","1700","0900","1900","1400","1700","0900","C1300863","426","09","17581","35.85572230180932","128.4975586084648"
"경기도 김포시 풍무로 85 (풍무동)","양도초등학교 주변 풍무동 롯데마트 옆 건물 1층","이레약국","031-984-3805","2000","0830","2000","0830","2000","0830","2000","0830","2000","0830","1700","0830","C2100331","101","16","17582","37.60325665386973","126.72139950664109"
"경기도 안양시 동안구 관평로170번길 33, 109호 (관양동, 평촌주공공이)","평촌한림대병원정문앞","이레약국","031-381-7379","1900","0830","1900","0830","1900","0830","1900","0830","1900","0830","1400","0830","C2103904","140","66","17583","37.39281718962535","126.9621505516059"
"강원특별자치도 속초시 동해대로 4024, 1층 (조양동)","이레약국","033-631-0706","1900","0900","1900","0900","1930","0900","2000","0900","1900","0900","1730","0900","C2200586","248","72","17584","38.19020177740002","128.59449246650018"
"서울특별시 중랑구 겸재로 237, 1층 (망우동)","면목역 2번출 구에서 590m","이레온누리약국","02-2039-2936","2030","0830","2030","0830","1900","0830","2030","0830","1900","0830","1430","0830","C1109539","021","75","17585","37.5900456568688","127.093946205207"
"경기도 성남시 수정구 수정로 291, 1층 104호 (신흥동)","이레온누리약국","031-747-5862","1800","1000","1800","1000","1800","1000","1800","1000","1800","1000","C2108515","132","60","17586","37.4510900877003","127.147173393044"
"인천광역시 남동구 구월로 332 (만수동)","하이웨이 주유소 시청방향 가다가 왼쪽편 기아자동차 옆.","이레중앙약국","032-465-0153","1400","0900","1400","0900","1400","0900","1400","0900","1400","0900","1400","0900","C1400075","215","35","17587","37.45511337809908","126.72741382815155"
"전라남도 목포시 영산로 362, 2층 (용해동)","이로약국","061-277-2100","2000","0830","2000","0830","2000","0830","2000","0830","2000","0830","1700","0830","1230","0830","C2601307","587","01","17588","34.805844944384","126.405147331124"
"서울특별시 서대문구 신촌역로 20, 1층 102호 (대현동)","이로운약국","02-703-7582","2030","0830","2030","0830","2030","0830","2030","0830","2030","0830","1900","0900","1800","0900","C1110460","037","66","17589","37.5583684806137","126.943137336942"
"경상남도 거제시 고현천로 10, 고현시외버스터미널 1층 (고현동)","이로운약국","055-632-7772","2000","0900","2000","0900","2000","0900","2000","0900","2000","0900","2000","0900","2000","0900","C2802419","532","51","17590","34.8909456748635","128.62418945551"
"경상남도 창원시 의창구 중동중앙로 83, 더세븐파크 114호 (중동)","이로운약국","055-297-1235","1900","0900","1900","0900","1900","0900","1900","0900","1900","0900","1300","0900","C2802199","513","80","17591","35.2592747554021","128.627528978508"
"인천광역시 남동구 논고개로 77, 에코타워 1층 109호 (논현동)","이로운약국","032-428-7466","1900","0830","1900","0830","1900","0830","1900","0830","1900","0830","1430","0830","C1401815","216","79","17592","37.398437607938","126.726253921698"
"부산광역시 동래구 명장로 48, 명장1동 새마을금고 1층 일부호 (명장동)","버스정류장: 명장시장","이로운약국","051-523-0256","1930","0900","1930","0900","1930","0900","1930","0900","1930","0900","1500","0900","C1202528","477","74","17593","35.20461233874573","129.1059902559779"
"경상북도 구미시 신시로10길 8 (형곡동)","이롬약국","054-715-7151","1800","0900","1800","0900","1800","0900","1800","0900","1800","0900","1300","0900","C2701623","392","95","17594","36.1144332843191","128.339813310424"
"서울특별시 관악구 관악로 234, 2층 (봉천동)","이루는 교회 건물 2층","이루는약국","02-875-8725","1900","0900","1900","0900","1900","0900","1900","0900","1900","0900","1600","0900","C1108272","087","37","17595","37.4849750677458","126.956296677425"
"경기도 화성시 봉담읍 상리1길 109, 101호","이룸미소약국","031-297-3380","1800","0900","1800","0900","1800","0900","1800","0900","1800","0900","C2108890","183","07","17596","37.2275617857491","126.941961589072"
"부산광역시 남구 수영로 216-2, 1층 (대연동)","2호선 대연역 5번 출구","이룸약국","051-626-2237","1900","0900","1900","0900","1900","0900","1900","0900","1900","0900","1500","0900","C1202473","484","92","17597","35.134708402","129.0903702339"
"서울특별시 강서구 마곡중앙로 143, 르웨스트시티 지하2층 210호일부호 (마곡동)","이룸약국","050-71456-2467","1900","0830","1900","0830","1900","0830","1900","0830","1900","0830","1600","0830","C1110741","077","97","17598","37.5647750742195","126.825252880539"
"서울특별시 은평구 서오릉로 145, 상원빌딩 1층 (구산동)","이룸약국","02-355-0628","2100","0900","2100","0900","2100","0900","2100","0900","2100","0900","1830","0900","C1110598","034","12","17599","37.611286414672","126.916477274153"
"서울특별시 송파구 중대로 118, 에이치빌딩 103호 (가락동)","이룸약국","02-400-5339","2000","0900","1900","0900","2000","0900","1900","0900","2000","0900","1400","0900","C1110059","058","29","17600","37.4936812403428","127.121607778483"
"서울특별시 동대문구 한천로58길 47, 상가동 1층 101호 (이문동, 쌍용아파트)","쌍용아파트 상가 내 1층","이룸약국","02-960-4773","1830","0900","1830","0900","1830","0900","1830","0900","1830","0900","1500","0900","C1100797","024","23","17601","37.6007507501532","127.068769452719"
"대구광역시 동구 안심로 358, 1층 (동호동)","이룸약국","053-267-0220","1800","0900","1800","0900","1800","0900","1800","0900","1800","0900","C1301825","410","86","17602","35.8675334141926","128.723756348095"
"경기도 남양주시 별내중앙로 24, 405-1호 (별내동)","이룸약국","070-4212-7272","1800","0900","1800","0900","1800","0900","1800","0900","1800","0900","1300","0900","C2109431","121","13","17603","37.645449802714","127.126224455286"
"대구광역시 달서구 와룡로 206, 1층 (죽전동)","이룸약국","053-523-8288","1800","0900","1800","0900","1800","0900","1800","0900","1800","0900","C1301827","426","39","17604","35.851058905638986","128.5375866797342"
"전북특별자치도 익산시 인북로 96, 이리약국 (갈산동)","구 경찰서에서 중앙 초등학교 방향","이리약국","063-853-2221","1800","0900","1800","0900","1800","0900","1800","0900","1800","0900","1300","0900","C2500225","546","00","17605","35.937540291060614","126.95285464674913"
"경기도 안산시 단원구 중앙대로 397, 1층 (신길동, 이마트트레이더스 신길점)","이마트약국","031-492-0615","2300","1000","2300","1000","2300","1000","2300","1000","2300","1000","2300","1000","2300","1000","C2100095","154","02","17606","37.33125168616514","126.78497949766115"
"경기도 수원시 권선구 상탑로 104 (서둔동)","이마트약국","031-292-6445","2100","0900","2100","0900","2100","0900","2100","0900","2100","0900","2100","0900","C2101186","166","09","17607","37.27089969436718","126.98240261495144"
"강원특별자치도 원주시 북원로 1928 (무실동)","마트 휴무일인 2,4째 수요일 휴무","이마트 내","이마트윤약국","033-743-7199","2200","1000","2200","1000","2200","1000","2200","1000","2200","1000","2200","1000","2200","1000","2200","1000","C2200879","263","95","17608","37.32061819796757","127.91875549857417"
"경기도 성남시 분당구 성남대로779번길 26, 서안빌딩 1층일부 (이매동)","운영시간 확인요망","이매다나약국","031-702-1511","1800","0900","1800","0900","1800","0900","1800","0900","1800","0900","C2107722","135","66","17609","37.3995050799","127.125695937"
"경기도 평택시 고덕로 250, 1층 109호 (고덕동)","이메디칼약국","031-663-1490","1800","0900","1800","0900","1800","0900","1800","0900","1800","0900","1300","0900","C2109556","180","22","17610","37.0363056605908","127.028330660423"
"서울특별시 동대문구 이문로35길 21, 상가G동 201호 (이문동, 래미안라그란데아파트)","이문라라약국","070-4066-0850","2100","0900","2100","0900","1900","0900","2100","0900","2100","0900","1400","0900","1400","0900","C1110631","024","04","17611","37.5991201612927","127.060849796043"
"서울특별시 동대문구 이문로 131, 1층 (이문동, 삼일퍼스탑)","이문메디칼약국","02-962-0345","1900","0900","1900","0900","1900","0900","1900","0900","1900","0900","1500","0900","1300","0900","C1102357","024","03","17612","37.5984075761066","127.061181910084"
"서울특별시 동대문구 이문로30길 20, 1층 (이문동)","이문온누리약국","02-960-0942","1900","0900","1900","0900","1900","0900","1900","0900","1900","0900","1400","0900","C1110904","024","19","17613","37.5964929459066","127.061228467489"
"서울특별시 동대문구 신이문로 27, 1층 101호 (이문동)","이문2동주민센터 앞","이문우량아약국","02-967-3025","2200","0830","2200","0830","2200","0830","2200","0830","2200","0830","1900","0830","1600","0900","1600","0900","C1101033","024","09","17614","37.603158367782","127.065295029716"
"서울특별시 동대문구 이문로 130, 1층 (이문동)","외대 이마트 옆","이문태평양약국","02-969-0308","1900","0900","1900","0900","1900","0900","1900","0900","1900","0900","1300","0900","C1104435","024","18","17615","37.5981135279555","127.06146080082"
"대전광역시 중구 보문산로 404 (대사동)","운영마감시간이 임박한 경우에는 전화 확인 후 방문하여 주시기 바랍니다","이박사약국","042-255-7577","1900","0800","1900","0800","1900","0800","1900","0800","1900","0800","1300","0900","C1601200","350","41","17616","36.3175126834","127.4180705305"
"경상남도 창녕군 이방면 이방로 955-1 (이방면)","옥양고등학교 부근","이방약국","055-532-5511","2100","0730","2100","0730","2100","0730","2100","0730","2100","0730","2100","0730","2100","0730","C2801052","503","00","17617","35.6011206512","128.38246539"
"경기도 광주시 이배재로 116, 회덕빌딩 1층 6호 (회덕동)","이배재약국","031-767-1900","C2108622","127","66","17618","37.4270776525841","127.242394898267"
"전북특별자치도 남원시 이백면 문화안길 3, 25시편의점,이백반점","이백문화마을앞","이백백제약국","063-635-2121","1900","0830","1900","0830","1900","0830","1900","0830","1900","0830","1700","0830","C2500678","557","23","17619","35.42658190697831","127.43519722093538"
"대구광역시 북구 칠곡중앙대로 411, 우영펠리스 2층 (태전동)","이백세약국","053-651-5500","1900","0900","1900","0900","1900","0900","1900","0900","1900","0900","1500","0900","C1301273","414","51","17620","35.8628184149283","128.6024409670585"
"대구광역시 북구 팔거천동로 210, 1층 (동천동)","이베약국","053-323-9052","1800","0900","1800","0900","1800","0900","1800","0900","1800","0900","C1301804","414","23","17621","35.9426949433166","128.558445150955"
"인천광역시 서구 율도로 62-1, 1층 (석남동)","연합의원 대각선 맞은편","이삭약국","032-267-7582","1500","0900","1500","0900","1500","0900","1500","0900","1500","0900","1500","0900","C1400579","227","85","17622","37.5134070198","126.6690139195"
"서울특별시 강남구 일원로 53, 1층 (일원동, 소림빌딩)","이삼성약국","02-3412-1254","1900","0900","1900","0900","1900","0900","1900","0900","1900","0900","1300","0900","C1109216","063","43","17623","37.4892626357407","127.081809638604"
"충청북도 증평군 증평읍 광장로 121-1,","이상약국","043-836-5447","1900","0900","1900","0900","1900","0900","1900","0900","1900","0900","1300","0900","C2300592","279","31","17624","36.78422293745042","127.5853712940856"
"경상남도 진주시 진주대로 1059-1, (대안동)","우리은행 옆","이상약국","055-742-2323","1300","0900","1300","0900","1300","0900","1300","0900","1300","0900","1600","0900","C2800197","526","84","17625","35.194152777777781","128.083641666666665"
"부산광역시 북구 화명대로 35","","신호타워 104호 2호선 화명역 1번 출구","이상약국","051-361-9988","1900","0900","1900","0900","1900","0900","1900","0900","1900","0900","1500","0900","C1200209","465","25","17626","35.23517021277313","129.01200374190063"
"경상남도 의령군 의령읍 충익로 23-2, 상가","장날 - 일요일이면 19시 까지.","의령우체국 맞은편","이선약국","055-573-6033","1700","0900","1700","0900","1700","0900","1700","0900","1700","0900","1700","0800","1300","0800","C2800786","521","49","17627","35.3185130299783","128.26220047378388"
"경기도 성남시 분당구 대왕판교로606번길 58, 2-19A호 (삼평동, 판교 푸르지오월드마크)","이선온누리약국","031-8016-8359","1930","0830","1930","0830","1930","0830","1900","0900","1930","0830","1600","0830","2000","0900","C2106508","135","25","17628","37.395524076753986","127.11364907439665"
"부산광역시 동래구 충렬대로107번길 106 (온천동)","버스정류장: 온천초등학교","이소약국","051-558-3317","1900","0900","1900","0900","1900","0900","1900","0900","1900","0900","1900","0900","1500","0900","1800","1000","C1202226","477","28","17629","35.21144656471657","129.07342829785688"
"부산광역시 사상구 새벽로 230, 1층 (괘법동)","2호선 사상역 1번출구","이소약국","051-989-8858","1900","0830","1900","0830","1900","0830","1900","0830","1900","0830","1330","0830","C1202682","469","73","17630","35.161569010617","128.984525217418"
"서울특별시 강서구 강서로 242, 상가동 4층 17호 (화곡동, 강서힐스테이트)","이소약국","02-2699-8681","2000","0900","2000","0900","2000","0900","2000","0900","2000","0900","1500","0900","1300","0900","C1108114","076","94","17631","37.5471644988463","126.836797010994"
"서울특별시 노원구 공릉로32길 56, 101호 (공릉동)","개인사정에 따라 영업시간이 달라질 수 있습니다.","이손약국","02-973-3235","2000","0900","2000","0900","2000","0900","2000","0900","2000","0900","1400","0900","C1107659","018","26","17632","37.6217209177572","127.082268337885"
"서울특별시 동작구 동작대로29길 24, 정현빌딩 1층 101호 (사당동)","이수김약국","02-534-8204","2000","0900","2000","0900","2000","0900","2000","0900","2000","0900","1500","0900","C1107771","069","97","17633","37.488216007563","126.980664260663"
"서울특별시 서초구 서초대로 13, 1동 1층 101호 (방배동)","이수다온약국","02-6949-5158","1900","0900","1900","0900","1900","0900","1900","0900","1900","0900","1300","0900","C1109532","065","69","17634","37.4859076526233","126.983849087155"
"서울특별시 동작구 사당로 285(사당동)","이수밝은약국","02-535-1738","2200","0900","2200","0900","2200","0900","2200","0900","2200","0900","2200","1000","2200","1000","2200","1000","C1109625","070","08","17635","37.4846491148735","126.979182539226"
"서울특별시 동작구 사당로 300, 222호 (사당동, 이수자이)","이수역9번출구/이수자이상가 222호","이수사랑약국","02-3473-3171","2000","0900","2000","0900","2000","0900","2000","0900","2000","0900","1600","0900","C1104366","070","13","17636","37.4843790909712","126.980281616349"
"전라남도 목포시 중화길 13 (상동)","박찬연 이비인후과 근처","이수약국","061-272-7387","1800","0830","1800","0830","1800","0830","1800","0830","1800","0830","1300","0900","C2600228","586","43","17637","34.80998610310178","126.42437472273512"
"충청북도 충주시 국원대로 187 (금릉동)","임광사거리 현대연합의원","이수약국","043-851-1644","2400","0900","2400","0900","2400","0900","2400","0900","2400","0900","2400","0900","2400","0900","2400","0900","C2300560","273","40","17638","36.98807734204579","127.92803670744828"
"충청북도 영동군 영동읍 난계로 1202","이수약국","043-743-3054","1900","0800","1900","0800","1900","0800","1900","0800","1900","0800","1300","0800","C2301232","291","49","17639","36.1720214505982","127.773862970797"
"서울특별시 강서구 곰달래로25길 33, 101호 (화곡동)","이수약국","02-2696-5878","2100","0900","2100","0900","2100","0900","2100","0900","2100","0900","1700","0900","2100","0900","2100","0900","C1107035","077","57","17640","37.5321670552506","126.84881350564429"
"경기도 평택시 송탄로40번길 67 (이충동)","이수약국","031-611-6197","1400","0900","1400","0900","1400","0900","1400","0900","1400","0900","1500","0900","C2100661","177","85","17641","37.0514107520579","127.05800452421685"
"서울특별시 광진구 천호대로 655, 1층 (중곡동)","이수오렌지약국","02-6398-0909","1800","0900","1800","0900","1800","0900","1800","0900","1800","0900","C1110375","049","53","17642","37.5525998964224","127.089726753209"
"서울특별시 서초구 동작대로 108, 304호 (방배동, 디오슈페리움2차)","디오슈페리움2차 304호","이수온누리약국","02-3483-2551","1800","0800","1800","0800","1800","0800","1800","0800","1800","0800","1300","0800","C1103823","065","68","17643","37.4860911031957","126.982616599369"
"서울특별시 동작구 사당로 300(사당동, 이수자이)","이수자이온누리약국","02-522-5931","2000","0900","2000","0900","2000","0900","2000","0900","2000","0900","1600","0900","C1109251","070","13","17644","37.4843790909712","126.980281616349"
"서울특별시 서초구 서초대로 2, 이수파이브 1층 (방배동)","이수참약국","02-525-2455","2000","0900","2000","0900","2000","0900","2000","0900","2000","0900","1530","0900","C1109765","066","75","17645","37.4850946096473","126.982764382885"
"서울특별시 성동구 왕십리로 309, 101호 (행당동)","지하철2호선왕십리역11번출구와연결됨 이수이스타빌101호","이수프라자약국","02-2298-2569","2000","0840","2000","0840","2000","0840","2000","0840","2000","0840","1600","0840","C1100799","047","15","17646","37.5613776986706","127.034582633625"
"충청남도 아산시 배방읍 세교중앙로 10, 105-106호","이순신약국","041-531-0240","2000","0830","2000","0830","2000","0830","2000","0830","2000","0830","1400","0830","C2401906","314","73","17647","36.7808811764355","127.092664937618"
"대구광역시 동구 팔공로51길 33 (봉무동)","이시아약국","053-984-6272","2000","0900","2000","0900","2000","0900","2000","0900","2000","0900","1500","0900","C1301258","410","26","17648","35.92284521945196","128.6371339093359"
"경기도 고양시 덕양구 화정로 53 (화정동)","공휴일 문의요망","이십일세기새롬약국","031-965-4677","2100","0900","2100","0900","2100","0900","2100","0900","2100","0900","1800","0900","C2103793","104","97","17649","37.635185327725075","126.83194432457199"
"서울특별시 서초구 남부순환로 2606, 금정빌딩 202호 (양재동)","휴일 및 18시이후 방문시 전화로 사전 확인","이안약국","02-6242-0220","2100","0900","2000","0900","2100","0900","2000","0900","2100","0900","1400","0900","1400","1000","1400","0900","C1109975","067","37","17650","37.4844676069296","127.035697374817"
"경기도 부천시 원미구 길주로 262, 이안 더 클래식 1층 129호 (중동)","이안약국","070-4024-7278","2200","0900","2200","0900","2200","0900","2200","0900","2200","0900","2200","0900","2200","0900","2200","0900","C2108081","145","48","17651","37.5030683739057","126.771411913047"
"서울특별시 양천구 국회대로 252 (신정동)","이안약국","02-2699-7518","1730","0900","1730","0900","1730","0900","1730","0900","1730","0900","1800","0900","C1108081","079","37","17652","37.5292673454353","126.863052596041"
"대구광역시 동구 송라로 142, 1층 (신암동)","이안약국","053-939-0559","1930","0840","1900","0840","1930","0840","1930","0840","1930","0840","1300","0850","C1301672","412","06","17653","35.8793019486028","128.615353351094"
"서울특별시 송파구 중대로10길 5, 1층 (가락동)","경찰병원 4번출구, 가락시장 5번출구","이안약국","02-3012-3366","1800","0900","1800","0900","1800","0900","1800","0900","1800","0900","1300","0900","C1107728","058","29","17654","37.4934500351833","127.12196405692"
"경기도 시흥시 진말로 20, 101호 (장곡동)","이안약국","070-4323-0422","1800","1000","1800","1000","1800","1000","1800","1000","1800","1000","C2108457","150","02","17655","37.3791079421499","126.785791596091"
"경상북도 문경시 점촌5길 2, 1층 102,103호 (점촌동)","이안약국","054-553-2919","2000","0800","2000","0800","2000","0800","2000","0800","2000","0800","1800","0800","C2701664","369","71","17656","36.5963696319002","128.199959380746"
"부산광역시 부산진구 신암로 70, 서면항도타워맨션 B동 109,110호 (범천동)","버스정류장: 범천아파트","이안약국","051-639-8222","1900","0900","1900","0900","1900","0900","1900","0900","1900","0900","1400","0900","C1202518","473","43","17657","35.14793218141521","129.0544405367942"
"경기도 성남시 중원구 성남대로1130번길 3 (성남동) 1층","이안약국","031-759-8811","2100","0930","2100","0930","2100","0930","2100","0930","2100","0930","C2106428","133","65","17658","37.4307299494453","127.12979751956134"
"서울특별시 중랑구 면목로 305, 1층 (면목동, 성일빌딩)","일요일, 공휴일 불규칙 운영으로 전화확인 필요","이안온누리약국","02-493-5074","1930","0830","1930","0830","1930","0830","1930","0830","1930","0830","1600","0830","1300","0900","1300","0900","C1104275","022","38","17659","37.5796950058533","127.087437887012"
"인천광역시 서구 청라커낼로 252 (청라동, 청라 롯데캐슬)","이야기약국","032-563-8875","1900","0930","1900","0930","1900","0930","1900","0930","1900","0930","1700","0930","C1401883","227","62","17660","37.5302535716189","126.647782386384"
"부산광역시 서구 해돋이로269번길 4, (아미동2가)","공휴일 별도 문의바람","아미파출소 우측 1호선 토성역 6번 출구","이약국","051-256-2351","1830","0900","1830","0900","1830","0900","1830","0900","1830","0900","1400","0900","C1200953","492","40","17661","35.100572222222219","129.016227777777772"
"인천광역시 남동구 백범로 275 (간석동, 1층일부)","방문 전 사전 전화 문의 요청(간혹 운영 안할 때 있음)","간석사거리 부근, 상인천중학교 버스정류장","이약국","032-439-4802","2130","1000","2130","1000","2130","1000","2130","1000","2130","1000","2130","1000","2130","1000","2130","1000","C1400832","215","46","17662","37.46138045432387","126.71880523836381"
"서울특별시 종로구 지봉로 43 (창신동)","이약국","02-763-4197","2000","0900","2000","0900","2000","0900","2000","0900","2000","0900","1600","0900","C1109956","031","04","17663","37.5740609271284","127.015435932974"
"충청북도 단양군 단양읍 삼봉로 316,","단양군농협앞.단양의원1층","이약국","043-422-1009","1800","0830","1800","0830","1800","0830","1800","0830","1800","0830","1230","0830","C2300585","270","11","17664","36.984941666666664","128.369561111111125"
"강원특별자치도 강릉시 금성로42번길 2 (금학동)","금학동 구)썬프라자 맞은편(신한은행 근처)","이약국","033-648-3040","2000","0800","2000","0800","2000","0800","2000","0800","2000","0800","1900","0800","1900","0800","C2200494","255","40","17665","37.7530054016338","128.89649650458034"
"세종특별자치시 만남로3길 7, 1층 (일부)호 (고운동)","토요일, 일요일, 공휴일 휴무","토요일, 일요일, 공휴일 휴무","고운동","이약국","044-5562-1648","1730","0900","1730","0900","1730","0900","1730","0900","1730","0900","C1800366","300","63","17666","36.5003153366255","127.235875973665"
"전북특별자치도 익산시 인북로32길 63, (영등동)","구 노동청앞","이약국","063-841-9401","1900","0900","1900","0900","1900","0900","1900","0900","1900","0900","1600","0900","C2500783","546","24","17667","35.94765372175746","126.96361748314332"
"경상남도 창원시 의창구 원이대로 283, 청마상가 (봉곡동)","시티세븐 맞은편","이약국","055-238-3930","2030","0900","2030","0900","2030","0900","2030","0900","2030","0900","2000","0900","C2800769","511","76","17668","35.242688888888885","128.650927777777781"
"전라남도 화순군 이양면 학포로 558","이양면사무소 근처","이양약국","061-372-3011","1800","0830","1800","0830","1800","0830","1800","0830","1800","0830","1300","0830","C2600056","581","65","17669","34.887152791411935","126.9877846465178"
"경상북도 김천시 혁신3로 40, 일오삼 메트로 106호 (율곡동)","이연약국","054-436-0298","2100","0900","2100","0900","2100","0900","2100","0900","2100","0900","2100","0900","2100","1100","2100","1100","C2701661","396","60","17670","36.1153695339223","128.180991531695"
"서울특별시 서초구 동산로6길 38 (양재동)","이오당약국","02-577-1711","2200","0900","2200","0900","2200","0900","2200","0900","2200","0900","2200","0900","2200","1000","C1107390","067","86","17671","37.469460109253","127.04449384586"
"경기도 성남시 분당구 운중로 118, 4층 403호 일부 (운중동,스타타워빌딩)","은중동 주민센터 근처","이오약국","031-8016-2533","1900","0900","1900","0900","1900","0900","2000","0900","1900","0900","1400","0900","1400","1000","C2103115","134","66","17672","37.39138325429955","127.0760637500477"
"충청북도 청주시 상당구 무농정로 116-6 (용암동)","용암동세원아파트상가1층","이우진약국","043-285-2181","1830","0900","1830","0900","1830","0900","1830","0900","1830","0900","1300","0900","C2300106","287","80","17673","36.60994062786282","127.51172161925837"
"서울특별시 구로구 경인로 625, 힐스테이트 신도림역 센트럴 1층 111호 (신도림동)","이웃사랑 힐스약국","02-2633-2773","2020","0900","2020","0900","2020","0900","2020","0900","2020","0900","1830","0900","1800","1100","1800","1100","C1110381","082","10","17674","37.5070842748567","126.884718686628"
"경기도 안산시 단원구 광덕2로 164, 101호 (고잔동, 메디피아)","안산법원검찰청사거리안산테마의원1층","이웃사랑약국","031-401-1800","2000","0900","2000","0900","2000","0900","2000","0900","2000","0900","1500","0900","C2100752","154","76","17675","37.30969114389749","126.8282155342618"
"서울특별시 동대문구 한천로46길 56-4, 101호 (장안동, 부성빌딩)","이웃사랑약국","02-2217-5861","2100","0900","2100","0900","2100","0900","2100","0900","2100","0900","2000","0900","C1100232","025","14","17676","37.5815994230314","127.071385165569"
"서울특별시 은평구 은평로9길 13, 103호 (응암동)","서부경찰서 옆","이웃집약국","02-389-6772","1900","0900","1900","0900","1900","0900","1900","0900","1900","0900","1400","0900","C1107820","034","61","17677","37.6013680588223","126.921205947636"
"서울특별시 강북구 삼양로 244 (미아동)","삼양시장오거리","이원약국","02-946-1958","2150","0800","2150","0800","2150","0800","2150","0800","2150","0800","2150","0800","C1103660","011","27","17678","37.6251438661727","127.01856483277"
"충청북도 옥천군 이원면 묘목로 129","전화후방문","이원약국","043-732-7582","1830","0800","1830","0800","1830","0800","1830","0800","1830","0800","1500","0800","C2301249","290","61","17679","36.2471371740606","127.618972787837"
"충청북도 진천군 이월면 진광로 789 (이월면)","이월터미널 부근","이월밝은약국","043-535-0122","2000","0900","2000","0900","2000","0900","2000","0900","2000","0900","1800","0900","C2301008","278","14","17680","36.93078854398549","127.4288710310619"
"경기도 수원시 영통구 태장로 68, 오로라휘트니스 103호 (망포동)","이음약국","031-8019-8820","1800","0900","1800","0900","1800","0900","1800","0900","1800","0900","1300","0900","C2109302","166","87","17681","37.2389316890871","127.05354381098"
"경기도 군포시 엘에스로 143, 2004 일부호 (금정동, 힐스테이트 금정역)","이음약국","031-000-0000","1800","0900","1800","0900","1800","0900","1800","0900","1800","0900","1300","0900","C2109995","158","09","17682","37.3728500250826","126.944923276711"
"경기도 남양주시 다산중앙로 153, 상가동 2층 210-2호 (다산동, 다산자이 아이비플레이스)","이음약국","031-566-2565","1900","0900","2000","0900","1900","0900","1900","0900","2000","0900","1500","0900","C2109141","122","48","17683","37.6267191714451","127.150621535388"
"인천광역시 남동구 인하로489번길 10, 시티프라자 105호 (구월동)","이음약국","050-71448-4891","2330","1000","2330","1000","2330","1000","2330","1000","2330","1000","1800","1000","C1402173","215","74","17684","37.4440208642924","126.701282448506"
"대구광역시 수성구 수성로 353, 1층 (수성동1가)","이음약국","053-741-1357","1830","0900","1830","0900","1830","0900","1830","0900","1830","0900","1300","0900","C1301731","421","22","17685","35.8570783251581","128.613466983536"
"서울특별시 서초구 잠원로4길 50, 4층 2-420호 (잠원동)","이음약국","02-537-3174","1800","0830","1800","0830","1800","0830","1800","0830","1800","0830","1330","0830","1330","0830","1330","0830","C1110852","065","22","17686","37.512777866474","127.011981173143"
"경상북도 포항시 북구 흥해읍 이인로 105, 1층","이인제일큰약국","070-8728-0008","2200","1130","2200","1130","2200","1130","2200","1130","2200","1130","2200","1400","2200","1400","2200","1400","C2701779","375","66","17687","36.0696179946037","129.332851995296"
"경기도 의정부시 천보로 56, 109호 (민락동)","이정약국","031-853-1023","2000","0900","2000","0900","2000","0900","2000","0900","2000","0900","1600","0900","C2107647","118","13","17688","37.7448487574","127.0952710385"
"서울특별시 은평구 갈현로33길 27, (갈현동)","선일여고정문앞골목코너","이정옵티마약국","02-354-2195","2100","0900","2100","0900","2100","0900","2100","0900","2100","0900","2100","0900","C1102358","033","21","17689","37.621402385251","126.913526404488"
"경기도 성남시 분당구 판교로 478, 1층 (이매동, 금강프라자)","이정현약국","031-709-3217","2100","1030","2100","1030","2100","1030","2100","1030","2100","1030","2100","1030","C2101328","135","66","17690","37.40511531738753","127.12692063599191"
"충청북도 진천군 진천읍 중앙동로 81-1,","진천중앙시장입구","이정환약국","043-533-2981","1900","0900","1900","0900","1900","0900","1900","0900","1900","0900","1400","0900","C2300492","278","33","17691","36.85723356961126","127.44474614878078"
"전라남도 순천시 서문성터길 1, (행동)","순천의료원정문앞","이조약국","061-752-5767","2000","0830","2000","0830","2000","0830","2000","0830","2000","0830","1500","0900","C2600384","579","41","17692","34.957085724230374","127.48343494580294"
"인천광역시 계양구 안남로 565 (효성동)","공휴일 유동적 운영","인천계양구효성1동2번버스종점","이조약국","032-547-4999","1800","0900","1800","0900","1800","0900","1800","0900","1800","0900","1800","0900","2100","0900","C1400146","210","98","17693","37.533718429584745","126.70986280385877"
"경기도 고양시 덕양구 행신로143번길 72-1, 1층 (행신동)","이조약국","031-972-4426","1830","0900","1830","0900","1830","0900","1830","0900","1830","0900","1330","0900","C2102362","105","13","17694","37.622536111111110","126.831258333333338"
"충청남도 당진시 밤절로 146, 103호 (수청동)","신터미널 앞","이조은약국","041-352-1532","1900","0900","1900","0900","1900","0900","1900","0900","1900","0900","1400","0900","1300","0900","C2400148","317","71","17695","36.90150039073667","126.64575303648686"
"경상남도 양산시 북정11길 3, 이종범약국 (북정동)","이종범약국","0553862100","2000","0820","2000","0820","2000","0820","2000","0820","2000","0820","1500","0820","1300","0900","C2800308","505","70","17696","35.36191824563492","129.0483515026727"
"경상남도 거제시 거제대로 3447-1, 1층 (아주동)","이즈약국","055-681-5900","1800","0900","1800","0900","1800","0900","1800","0900","1800","0900","C2801877","533","04","17697","34.8674029234","128.6932619852"
"서울특별시 중랑구 망우로 411 (망우동)","쟝스병원1층","이즈약국","02-496-6526","2100","0900","2100","0900","2100","0900","2100","0900","2100","0900","1800","0900","1800","0900","1800","0900","C1104500","020","73","17698","37.5995969226542","127.097891610363"
"광주광역시 북구 첨단연신로91번길 42, 첨단써밋센트럴타워 (신용동)","이지약국","062-575-7200","1800","0900","1800","0900","1800","0900","1800","0900","1800","0900","1300","0900","C1501341","610","87","17699","35.2065115281589","126.859845764525"
"경기도 수원시 영통구 도청로 103, e편한세상 시티 광교 B14호 (이의동)","이지약국","03180195308","1800","0900","1800","0900","1800","0900","1800","0900","1800","0900","1300","0900","C2109662","165","09","17700","37.2913371476466","127.047289123302"
"경기도 하남시 미사강변중앙로 11, 두산 더프론트 미사 104호 (풍산동)","이지약국","031-794-6238","1800","0900","1800","0900","1800","0900","1800","0900","1800","0900","1300","0900","C2109677","129","39","17701","37.5481884050162","127.191564131859"
"서울특별시 중랑구 면목로 398, 1층 (면목동)","이지약국","02-2207-8757","2000","0830","2000","0830","2000","0830","2000","0830","2000","0830","1600","0830","C1107993","021","97","17702","37.5874670452343","127.088066640446"
"서울특별시 강남구 남부순환로365길 26, 1층 104호 (도곡동)","매달 1,2,3번째 일요일 정기휴무","이지약국","02-565-5646","2100","0900","2100","0900","2100","0900","2100","0900","2100","0900","1700","0900","1700","1000","C1102294","062","70","17703","37.4870159556898","127.039572253845"
"경기도 하남시 미사강변중앙로7번안길 25, u-테크밸리 E동 1층 111호 (풍산동)","이지약국","031-8027-6238","1800","0900","1800","0900","1800","0900","1800","0900","1800","0900","1300","0900","C2109343","129","39","17704","37.5490546362801","127.190330716133"
"서울특별시 마포구 양화로 152, 1층 (동교동, 대화빌딩)","홍대입구역 9번 출구","이지약국","02-336-1957","2000","0900","2000","0900","2000","0900","2000","0900","2000","0900","1630","0900","C1100235","040","50","17705","37.5558241112217","126.922891779053"
"대전광역시 대덕구 동서대로 1783, (송촌동)","이지약국","042-631-2472","1830","0900","1830","0900","1830","0900","1830","0900","1830","0900","1300","0900","C1600057","344","25","17706","36.35505890281018","127.4439022202279"
"경기도 화성시 동탄순환대로 708, 103호 (영천동, 에듀프라자1)","공공야간약국 운영으로 새벽 1시까지 매일 운영 합니다.","이지약국","031-373-9970","2500","0900","2500","0900","2500","0900","2500","0900","2500","0900","2500","0900","2500","1200","2500","1200","C2107146","184","66","17707","37.2079961915","127.110421874"
"전북특별자치도 전주시 덕진구 정언신로 142","롯데@와현대@ 사이에 위치","이지약국","063-244-8806","1900","0830","1900","0830","1900","0830","1900","0830","1900","0830","1500","0830","C2500726","550","23","17708","35.830265154030606","127.16931729196824"
"경상남도 창원시 마산합포구 3·15대로 261, 1층 101호 (중앙동3가)","이지약국","055-242-7572","1900","0900","1900","0900","1900","0900","1900","0900","1900","0900","C2801897","512","57","17709","35.2016370513","128.5672417621"
"충청남도 아산시 배방읍 희망로46번길 45-9, 1층 102호 (정주프라자)","KTX역 인근 약국으로 ‘신도시이진병원’ 건물의 1층에 위치함","이진약국","041-531-9474","2300","0800","2300","0800","2300","0800","2300","0800","2300","0800","2200","0800","1800","0800","1800","0800","C2401304","314","70","17710","36.789709482533354","127.1073538697199"
"경기도 이천시 이섭대천로 1236 (창전동)","이천 우리들약국","031-637-9637","2000","0900","2000","0900","2000","0900","2000","0900","2000","0900","1400","0830","C2101139","173","70","17711","37.28042388348149","127.44712292476996"
"대구광역시 남구 명덕로 326, (이천동)","툐요일은 시간보다 일찍 닫기도 함","이천메디칼약국","053-472-3672","2000","0900","2000","0900","2000","0900","2000","0900","2000","0900","2000","0900","2000","0900","C1300215","424","33","17712","35.85487819934562","128.60581148520166"
"경기도 이천시 애련정로87번길 52 (창전동)","이천오렌지약국","031-633-3213","1800","0900","1800","0900","1800","0900","1800","0900","1800","0900","1300","0900","C2110087","173","70","17713","37.2786223373347","127.447481057953"
"경기도 이천시 중리천로13번길 21, 이천프라자 (관고동)","이천온누리약국","031-632-3337","2000","0900","2000","0900","2000","0900","2000","0900","2000","0900","1900","0900","C2108433","173","68","17714","37.2815567840481","127.439287622395"
"경기도 이천시 이섭대천로 1440-50, 1층 (증포동)","이천이마트약국","070-4914-6767","1800","1000","1800","1000","1800","1000","1800","1000","1800","1000","C2108422","173","48","17715","37.2939826019532","127.459120762603"
"서울특별시 용산구 이촌로 300, 제1호 (이촌동)","금강병원반도아파트 버스정류장 앞","이촌사랑약국","02-794-1687","2000","0830","2000","0830","2000","0830","2000","0830","2000","0830","1800","0830","2000","1000","C1108220","044","25","17716","37.51772014378708","126.98112936372655"
"서울특별시 용산구 이촌로 224, 301호 (이촌동, 리버뷰맨션)","이촌약국","02-798-2901","1830","0830","1830","0830","1830","0830","1830","0830","1830","0830","1500","0830","C1103059","044","27","17717","37.5201457860245","126.97187711918"
"인천광역시 계양구 용종로 2, 2층 (계산동)","계산4동주민센터 앞 기업은행 건물 2층.","이층메디칼약국","032-541-6005","1400","0900","1400","0900","1400","0900","1400","0900","1400","0900","1630","0900","C1400243","210","71","17718","37.533948328813075","126.74148551179033"
"서울특별시 성북구 보문로 183, 2층 (삼선동4가, 논현빌딩)","먹는치료제 조제기관","이층봄약국","02-922-8874","1800","0800","1800","0800","1800","0800","1800","0800","1800","0800","1400","0800","C1109238","028","61","17719","37.5901760910555","127.01478538083"
"서울특별시 용산구 이촌로 224, 210-1, 209, 217호 (이촌동, 한강쇼핑센터)","이층성장약국","02-792-7881","1900","0830","1900","0830","1900","0830","1900","0830","1900","0830","1400","0830","C1104022","044","27","17720","37.5201457860245","126.97187711918"
"서울특별시 송파구 법원로 128, 문정에스케이브이원지엘메트로시티 A동 216호 (문정동)","이층약국","02-560-4970","1940","1000","2030","1000","1930","1000","1930","1000","2030","1000","1500","1000","C1108964","058","54","17721","37.4868314347245","127.120453991896"
"서울특별시 은평구 연서로 9, 2층 205(상가)호 (역촌동, 센타폴리스)","이층약국","02-6085-0466","1800","0900","1800","0900","1800","0900","1800","0900","1800","0900","1300","0900","1300","0900","1300","0900","C1107950","034","21","17722","37.6000984485","126.9155675486"
"경기도 수원시 영통구 봉영로 1623, 206-1호 (영통동, 드림피아빌딩)","월요일 09:30~18:00 화요일 09:30~18:00 수요일 09:30~18:00 목요일 09:30~18:00 금요일 09:30~18:00 토요일 09:00~14:30 , 공휴일 및 일요일 휴무","이층약국","031-206-6110","1800","0930","1800","0930","1800","0930","1800","0930","1800","0930","1430","0900","C2107062","167","03","17723","37.255934544244866","127.07473584312541"
"서울특별시 서대문구 홍은중앙로3길 9, 203호 (홍은동, 북한산 두산 위브)","이층약국","02-379-8540","1900","0900","1900","0900","1900","0900","1900","0900","1900","0900","1400","0900","C1108651","036","10","17724","37.59780572403318","126.94604234063439"
"서울특별시 광진구 능동로 18 (자양동, 이튼타워리버3차)","이층약국","070-7795-8876","1830","0900","1830","0900","1830","0900","1830","0900","1830","0900","1400","0900","C1107259","050","96","17725","37.532681666917","127.067878953418"
"서울특별시 강북구 도봉로 53, 2층 (미아동)","4호선미아삼거리역6번출구나이키2층","이층약국","02-986-3583","1900","0930","1900","0930","1900","0930","1900","0930","1900","0930","1630","0930","C1100112","012","11","17726","37.6138335845815","127.029606516765"
"전라남도 영암군 삼호읍 대불주거로 187, 삼호농협공단지점 2층 202호","이층약국","061-461-9700","1830","0900","1830","0900","1830","0900","1830","0900","1830","0900","1230","0900","C2601291","584","56","17727","34.7550118875742","126.455895340082"
"경기도 성남시 분당구 성남대로 349, 시그마타워 (정자동)","이층약국","031-714-2769","1830","0900","1830","0900","2000","0900","1830","0900","1830","0900","1430","0830","C2106454","135","58","17728","37.3672948530592","127.107697854179"
"경상남도 창원시 성산구 원이대로 587 (용호동, 정우상가)","정우상가 내","이층약국","055-287-6161","1830","0900","1830","0900","1830","0900","1830","0900","1830","0900","1230","0900","C2800435","514","36","17729","35.22850710234581","128.67929713693954"
"충청남도 천안시 서북구 직산읍 천안대로 1732","주소:직산읍 천안대로 1732","직산부영아파트 앞","이층약국","041-583-3525","1930","0900","1930","0900","1930","0900","1930","0900","1930","0900","1730","1000","1730","1000","C2400536","310","31","17730","36.893565167160496","127.13747143303398"
"충청남도 아산시 음봉면 음봉로 279-22","이층약국","041-533-3525","1900","0900","1900","0900","1900","0900","1900","0900","1900","0900","1700","1000","C2401872","314","15","17731","36.8462140945234","127.041658530586"
"경상남도 거제시 거제중앙로 1925, 2층 207호 (고현동)","이층약국","055-633-2789","1900","0900","1900","0900","1900","0900","1900","0900","1900","0900","1430","0900","C2802396","532","52","17732","34.8898097831565","128.622105474301"
"경상북도 경주시 원효로51번길 12, 2층 (성건동)","이층약국","054-624-2753","1730","0830","1730","0830","1230","0830","1730","0830","1730","0830","1400","0830","C2701718","381","56","17733","35.8432992930284","129.20661818948"
"경기도 성남시 수정구 산성대로 223, 일문파이낸스빌딩 2층 (신흥동)","이층약국","031-722-3817","1800","0900","1800","0900","1800","0900","1800","0900","1800","0900","C2108940","133","45","17734","37.4389606016971","127.142274806185"
"부산광역시 북구 금곡대로303번길 36, 스페이스303 202호 (화명동)","2호선 화명역 1,3번 출구","이층에약국","051-711-2234","1830","0900","1830","0900","1830","0900","1830","0900","1830","0900","1400","0900","C1202593","465","25","17735","35.2358273650311","129.011989056128"
"서울특별시 강남구 자곡로 201, 210호 (자곡동, 강남더샵라르고오피스텔)","이층엔약국","02-2226-2212","1900","0900","1900","0900","1900","0900","1900","0900","1900","0900","1400","0900","C1109059","063","72","17736","37.4753775851032","127.104713854582"
"경상남도 창원시 진해구 안골로 348, 용원그랜드쇼핑 212호 (용원동)","이층열린약국","055-552-5465","1800","0900","1800","0900","1800","0900","1800","0900","1800","0900","C2802411","516","05","17737","35.1020412132206","128.810296757787"
"서울특별시 서초구 신반포로 157, 2층 202호 (잠원동)","이층열린약국","02-591-6214","1800","0900","1800","0900","1800","0900","1800","0900","1800","0900","1300","0900","C1110805","065","12","17738","37.5055133936715","127.001460546765"
"경기도 안산시 상록구 샘골로 140","진내과의원 옆에 있습니다","경남빌딩 203호","이층종로약국","070-8865-4985","1800","0830","1800","0830","1800","0830","1800","0830","1800","0830","1600","0830","C2103891","155","41","17739","37.29622191563217","126.86332189857015"
"경기도 부천시 소사로 758, 2층 (원종동, 한성빌딩)","원종사거리 농협 옆 건물 2층","이층큰약국","032-684-1295","1930","0900","1930","0900","1930","0900","1930","0900","1930","0900","1700","0900","C2100271","144","24","17740","37.523666759918164","126.80520106244452"
"경기도 고양시 일산동구 백석로 24","이층호수약국","031-901-5547","1930","0900","1930","0900","1930","0900","1930","0900","1930","0900","1630","0900","C2102324","104","19","17741","37.64357299822126","126.78245593784268"
"충청남도 천안시 동남구 만남로 28, 천안문빌딩 104호 (신부동)","단국대치과병원 앞","이튼약국","041-566-5225","2100","0900","2100","0900","2100","0900","2100","0900","2100","0900","1400","0900","C2400046","311","23","17742","36.8185489319833","127.155257906401"
"부산광역시 남구 전포대로91번길 47","설, 추석 명절 당일 전화 후 방문요망(운영시간13:00~18:00) 휴무일: 2주 4주 월요일","버스정류장: 이마트 문현점 3층","이팜약국","051-645-1560","2130","1000","2130","1000","2130","1000","2130","1000","2130","1000","2130","1000","2200","1000","2130","1000","C1200319","484","01","17743","35.14431958690343","129.0642580591006"
"부산광역시 사상구 광장로 17","이마트 운영시간 및 휴무일과 동일","버스정류장:사상역 이마트 1층 김해경전철 괘법르네시떼역 1번 출구","이팜약국","051-324-8660","2200","1000","2200","1000","2200","1000","2200","1000","2200","1000","2200","1000","2200","1000","2200","1000","C1201408","469","70","17744","35.16423617797593","128.97888867242398"
"서울특별시 양천구 신정이펜2로 12, 105호 (신정동)","이펜약국","02-2605-3368","1900","0900","1900","0900","1900","0900","1900","0900","1900","0900","1900","0900","C1100052","080","49","17745","37.5126074619051","126.83282424606"
"경기도 과천시 별양상가3로 14, e편한세상 시티 과천 1층 104-1호 (별양동)","이편한약국","02-507-2020","1800","0900","1800","0900","1800","0900","1800","0900","1800","0900","1300","0900","C2109480","138","37","17746","37.4258421392212","126.991248273288"
"경기도 광명시 오리로 801 (하안동, e편한세상센트레빌아파트 가동상가 105호)","하안본주공1단지아파트 가동상가105호 이편한세상센트레빌아파트 가동상가 1","이편한약국","070-4112-1258","1730","0900","1730","0900","1730","0900","1730","0900","1730","0900","1800","0845","C2102074","142","56","17747","37.469875037029674","126.86827974035418"
"대전광역시 대덕구 신탄진로 780 (신탄진동)","이편한약국","042-932-5656","2030","0930","2030","0930","2030","0930","2030","0930","2030","0930","1700","0930","2030","0930","C1600564","343","12","17748","36.4469764967869","127.42983033184053"
"경기도 고양시 일산서구 주화로 180, 104호 (대화동, 월드메르디앙)","3호선대화역1번출구일산인제백병원응급실바로앞","이편한온누리약국","031-913-0066","1900","0900","1900","0900","1900","0900","1900","0900","1900","0900","1300","0900","C2103001","103","80","17749","37.67437805154695","126.74947049508287"
"경기도 여주시 대신면 여양로 2004","이포보약국","031-000-0000","1800","0900","1800","0900","1800","0900","1800","0900","1800","0900","1300","0900","C2110163","126","08","17750","37.4049908215424","127.545004252955"
"경기도 여주시 대신면 여양로 1979","이포약국","031-882-4122","2130","0900","2130","0900","2130","0900","2130","0900","2130","0900","2130","0900","2130","0900","C2101300","126","08","17751","37.39071678702724","127.53157300725357"
"경기도 성남시 분당구 야탑로 95, 507호 (야탑동,세신옴니코아)","이호약국","031-709-1712","1900","0930","1900","0930","1900","0930","1900","0930","1900","0930","1600","0930","C2101080","135","06","17752","37.410165646406135","127.12931023386795"
"경기도 부천시 원미구 신흥로 167, 101호 (중동, 신영빌딩)","이화그린약국","032-322-6655","2000","0900","2000","0900","2000","0900","2000","0900","2000","0900","1600","0930","C2106850","145","80","17753","37.4984423848844","126.77682820509943"
"대전광역시 서구 청사로 130, 103호 (월평동, 청사로프라자)","이화누리약국","042-477-3331","1800","0830","1800","0830","1800","0830","1800","0830","1800","0830","1300","0830","C1601157","352","20","17754","36.3595639572","127.3784081965"
"인천광역시 동구 방축로 191, 인천교자동차매매단지 1층 123,124호 (송림동)","인천교자동차매매단지내","이화당약국","032-576-4200","1800","0900","1800","0900","1800","0900","1800","0900","1800","0900","1300","0900","C1400501","225","32","17755","37.479625049374796","126.66555896542646"
"대전광역시 중구 중앙로16번길 17 (문화동)","서대전네거리 병무청옆","이화당약국","042-222-0256","1830","0830","1830","0830","1830","0830","1830","0830","1830","0830","1330","0830","1300","0830","C1600121","349","44","17756","36.321963888888888","127.414441666666661"
"경기도 파주시 미래로 377, 운정스퀘어빌딩 109호 (동패동)","이화마돈나약국","031-949-1510","1800","0900","1800","0900","1800","0900","1800","0900","1800","0900","C2108204","109","05","17757","37.7117389201588","126.745865121396"
"서울특별시 서대문구 독립문로14길 3, 1층 107호 (냉천동)","이화매일약국","02-362-5698","1900","0800","1900","0800","1900","0800","1900","0800","1900","0800","1500","0900","1800","1000","1400","1000","C1110006","037","46","17758","37.5668276642327","126.963975289329"
"서울특별시 영등포구 당산로 122, 우미빌딩 1층 102호 (당산동3가)","2호선/5호선 영등포구청역 5번출구 나가기전 왼쪽 엘리베이터 출구 내리면 바로 앞.","이화메디약국","02-2633-3721","2100","0830","2100","0830","2100","0830","2100","0830","2100","0830","2100","0830","1400","1000","2230","1030","C1108091","072","59","17759","37.5254091769692","126.8969344415"
"부산광역시 부산진구 성지로 84-1, (초읍동)","버스정류장: 부산진고등학교","이화메디칼약국","051-804-6607","2000","0830","2000","0830","2000","0830","2000","0830","2000","0830","1800","0830","C1200315","471","16","17760","35.177977777777777","129.053805555555556"
"부산광역시 수영구 수영로 710-1, 102호 (광안동)","수영로타리 롯데리아건물 2,3호선 수영역 5번 출구","이화메디컬약국","051-761-4222","1845","0900","1845","0900","1845","0900","1845","0900","1845","0900","1410","0900","C1201277","482","66","17761","35.16769272627065","129.11722771557268"
"서울특별시 마포구 양화로 45, B105호 (서교동, 메세나폴리스몰)","이화메세나약국","02-332-5452","2030","1400","2030","1400","2030","1400","2030","1400","2030","1400","1800","1230","2030","1400","C1107040","040","36","17762","37.5515008030203","126.91395024016"
"경기도 용인시 수지구 현암로 75, 101호 (죽전동, 명문약국)","이화명문약국","031-262-7466","2000","0900","2000","0900","2000","0900","2000","0900","2000","0900","1600","0900","C2107070","168","71","17763","37.33166974019096","127.11760301671391"
"대전광역시 유성구 배울1로 128, 용산써밋프라자 Ⅱ 지상1층 103호 (용산동)","이화바로약국","042-935-6936","1930","0900","1930","0900","1930","0900","1930","0900","1930","0900","1400","0900","C1601440","340","40","17764","36.4165344415447","127.39373838095"
"서울특별시 마포구 양화로 156, LG팰리스빌딩 306-1호 (동교동)","이화바이오약국","02-332-3508","1900","0930","1900","0930","1900","0930","1900","0930","1900","0930","1430","0930","C1108899","040","50","17765","37.5561130617043","126.923446601456"
"서울특별시 강서구 공항대로 543, 1층 104-1호 (염창동, 센터스퀘어)","이화밝은약국","02-3663-1878","1830","0930","1900","0930","1830","0930","1900","0930","1830","0930","1500","0930","C1109469","075","62","17766","37.5507388549618","126.866412265444"
"서울특별시 강동구 양재대로 1360, 포레온스테이션5 2058호 (둔촌동)","이화밝은약국","02-475-2058","1900","0900","1900","0900","1900","0900","1900","0900","1900","0900","1500","0900","C1110905","054","09","17767","37.5274758605763","127.137046059861"
"경기도 고양시 덕양구 도래울로 34, 1층 일부(104)호 (도내동)","이화봄약국","070-4213-7707","1900","0900","1900","0900","1900","0900","1900","0900","1900","0900","1400","0900","1300","0900","C2106475","105","51","17768","37.629373876528284","126.86880198504751"
"서울특별시 서대문구 수색로 56, 3층 309-1호 (북가좌동, 성공타워1)","토요일 운영시간 2,4주: 오후 2시 / 1,3,5주: 오후 4시","가좌삼거리 성공타워","이화사랑약국","02-375-8800","2000","0900","1900","0900","1900","0900","1900","0900","1930","0900","1400","0900","C1107594","037","09","17769","37.5708154693004","126.912242300278"
"경기도 의정부시 평화로 228, 108호(호원동)","공휴일 - 유연근무","이화사랑약국","031-873-3579","1930","0800","1930","0800","1930","0800","1930","0800","1930","0800","1700","0800","1400","0800","C2103128","117","10","17770","37.71219121821769","127.04785733083827"
"강원특별자치도 원주시 치악로 1527, 판부하나로마트 1층 이화샛별약국 (관설동)","이화샛별약국","033-761-5545","2130","0900","2130","0900","2130","0900","2130","0900","2130","0900","2100","0900","2100","0900","2100","0900","C2200997","264","71","17771","37.3202259344","127.964817373"
"서울특별시 송파구 문정로 1, B108호 (문정동, 문정역 마에스트로)","이화선약국","02-408-2001","2000","0900","2000","0900","2000","0900","2000","0900","2000","0900","1400","0900","1400","0900","C1110223","058","06","17772","37.486359565989","127.123087289463"
"경기도 수원시 팔달구 경수대로 617 (지동)","노블레스웨딩컨벤션맞은편,동부파출소와수병원사이","이화수약국","031-207-9777","2200","0900","2200","0900","2200","0900","2200","0900","2200","0900","1800","0900","1800","0900","1800","0900","C2106610","162","49","17773","37.28067895189636","127.02982744567585"
"부산광역시 사상구 낙동대로 786 (엄궁동)","버스정류장: 엄궁교차로 부산 엄궁동 우체국 건물내 위치","이화약국","051-315-4800","1900","0900","1900","0900","1900","0900","1900","0900","1900","0900","1400","0900","C1202366","470","39","17774","35.1304388435","128.9720064058"
"서울특별시 노원구 한글비석로 384, 319호 (중계동, 대호프라자)","일요일 및 공휴일 운영시간 변동가능(휴일지킴이약국홈페이지, 네이버 등에 공지)","전철4호선 상계역 3번 출구와 연결되는 대호프라자 3층에 위치한 저희 이화약국은 처방조제 뿐 아니라 일반의약품을 통한 경질환 케어, 건강기능성식품 등 다양한 건강관련 제품들을 만나실 수 있으며, 청소년진로직업체험교육과 말벗서비스를 제공하고 있습니다. 지하주차장 이용시 엘리베이터로 3층으로 오시면 됩니다","대호프라자 319호","이화약국","02-951-6102","1800","0900","2030","0900","1800","0900","2030","0900","1800","0900","1300","0900","1700","1000","1700","1000","C1104113","016","62","17775","37.6598085040664","127.073239970178"
"부산광역시 강서구 명지오션시티11로 74, 1층 102호 (명지동)","버스정류장: 극동스타클래스아파트","이화약국","051-637-8113","2050","0900","2050","0900","2050","0900","2050","0900","2050","0900","1800","0900","C1202242","467","64","17776","35.08225776068475","128.90299695217067"
"경기도 남양주시 진접읍 장현로 77, 218호 (장현프라자)","이화약국","031-572-3377","1830","0900","1830","0900","1830","0900","1830","0900","1830","0900","1400","0900","C2103232","120","14","17777","37.7176148567","127.1808905642"
"부산광역시 수영구 연수로 378-2","3호선 망미역 1번출구","이화약국","051-752-5223","1830","0900","1830","0900","1830","0900","1830","0900","1830","0900","1300","0900","1300","0900","C1200996","482","42","17778","35.169821708","129.1111108585"
"세종특별자치시 한누리대로 499, 청암빌딩 2층 203(일부)호 (어진동)","일요일 및 공휴일 휴무 휴게시간 없음","일요일 및 공휴일 휴무 휴게시간 없음","어진동","이화약국","044-866-6115","1900","0930","1900","0930","2000","0930","1900","0930","1900","0930","1400","0900","C1800364","301","02","17779","36.5080698154972","127.261123189578"
"경기도 김포시 김포한강8로 378, 웅신프라자 108,109호 (구래동)","이화약국","031-983-2111","1930","0900","1930","0900","1930","0900","1930","0900","1930","0900","1430","0800","C2103718","100","71","17780","37.64364400529891","126.62695767387571"
"경기도 광명시 시청로 30, 1층 (철산동)","주공7단지상가 다동 109호","이화약국","02-2685-3343","1900","0900","1900","0900","1900","0900","1900","0900","1900","0900","1300","0900","C2103284","142","34","17781","37.47942100958242","126.86410359478282"
"경기도 용인시 기흥구 보정로 32, 2층 207-1호 (보정동, 지젤스포츠클럽)","이화약국","031-272-0171","1900","0900","1900","0900","1900","0900","1900","0900","1900","0900","1430","0900","C2106725","169","03","17782","37.31401578330483","127.1111001953645"
"경기도 화성시 병점1로 221, 화인메디컬프라자 105호 (진안동)","이화약국","031-232-2332","1800","0900","1800","0900","1800","0900","1800","0900","1800","0900","1700","0900","C2106682","184","04","17783","37.21360155523698","127.04182417344933"
"경기도 성남시 분당구 미금로 44, 1층 (구미동, 국민프라자)","이화약국","031-713-4518","1900","0930","1900","0930","1900","0930","1900","0930","1900","0930","1600","0930","C2101168","136","26","17784","37.337304041506734","127.11652399325194"
"경기도 안성시 죽산면 죽주로 226-1","토요일 1주, 3주: 07:30~19:00 토요일 2주, 4주: 09:00~19:00","이화약국","031-676-6031","2000","0730","2000","0730","2000","0730","2000","0730","2000","0730","1900","0900","1900","0900","C2101714","175","19","17785","37.07376107624327","127.42060218950368"
"경기도 부천시 장말로 294, (심곡동)","심곡초등학교근처 상공회의소 건너편건물 1층","이화약국","032-652-8684","2100","0900","2100","0900","2100","0900","2100","0900","2100","0900","2100","0900","2000","0900","C2100166","146","15","17786","37.491203735701795","126.77468422100187"
"광주광역시 동구 남문로 694-14","서정치과 정문 앞","이화약국","062-233-7567","1830","0830","1830","0830","1830","0830","1830","0830","1830","0830","C1500480","614","63","17787","35.132681499887184","126.9292016293877"
"전라남도 나주시 나주로 190 (중앙동)","나주터미널 내부에 위치.","이화약국","061-333-6789","2000","0820","2000","0820","2000","0820","2000","0820","2000","0820","1900","0820","1400","0930","1800","0900","C2600584","582","55","17788","35.03359763588317","126.72148089538072"
"전라남도 구례군 구례읍 봉동길 7 1층","이화약국","061-781-7730","1800","0900","1800","0900","1800","0900","1800","0900","1800","0900","C2601168","576","39","17789","35.20956286688733","127.46833589745731"
"전라남도 순천시 우석로 98, (남정동)","남산중학교 인근","이화약국","061-742-0250","1230","0900","1230","0900","1230","0900","1230","0900","1230","0900","1300","0900","C2600094","579","58","17790","34.93743713423028","127.48869294482914"
"광주광역시 북구 서양로 139","이화약국","062-941-1534","1900","0900","1900","0900","1900","0900","1900","0900","1900","0900","1500","0900","C1500989","612","11","17791","35.16794976406165","126.91619874624534"
"인천광역시 계양구 경명대로 1049, 2층 (계산동)","계산동 삼거리 농협2층","이화약국","032-553-1113","1300","0930","1300","0930","1300","0930","1300","0930","1300","0930","1300","0930","C1400301","210","39","17792","37.54382166358302","126.72341891823037"
"전라남도 목포시 녹색로 41","전남목포미래병원옆","이화약국","061-802-0802","1730","0830","1730","0830","1730","0830","1730","0830","1730","0830","1230","0830","C2600423","586","06","17793","34.823107218270124","126.4270228838917"
"강원특별자치도 원주시 시청로 84","2018년 추석연휴(휴무)","신한은행 근처","이화약국","033-735-9747","1900","0900","1900","0900","1900","0900","1900","0900","1900","0900","1700","0900","C2200526","263","88","17794","37.33640319810583","127.9280602979058"
"강원특별자치도 춘천시 중앙로 66 (중앙로2가)","국민은행 맞은편","이화약국","033-255-2097","1800","0830","1800","0830","1800","0830","1800","0830","1800","0830","1300","0830","C2200377","242","73","17795","37.87962039954641","127.72644915406505"
"인천광역시 강화군 강화읍 중앙로 27 (강화읍)","강화터미널 옆 성용프라자","이화약국","032-934-5534","1900","0900","1900","0900","1900","0900","1900","0900","1900","0900","1500","0900","C1400116","230","37","17796","37.7406409271","126.4907307052"
"대구광역시 수성구 동대구로 11","이화약국","053-241-8277","1830","0900","1830","0900","1830","0900","1830","0900","1830","0900","1300","0900","C1301130","421","75","17797","35.83145202577918","128.6229056617164"
"부산광역시 동구 고관로 119 (수정동)","버스정류장: 수정파출소","이화약국","051-462-0414","1900","0830","1900","0830","1900","0830","1900","0830","1900","0830","1500","0830","C1200187","487","81","17798","35.129392133064975","129.04684898657868"
"부산광역시 수영구 수영로 565 (광안동)","버스정류장: 수영중학교","이화약국","051-758-5791","1900","0900","1900","0900","1900","0900","1900","0900","1900","0900","1300","0900","C1200114","482","61","17799","35.156322211422996","129.11241964514593"
"대구광역시 달서구 성당로 209 (성당동)","성당시장건너편","이화약국","053-628-1230","1800","0900","1800","0900","1800","0900","1800","0900","1800","0900","1300","0900","C1300738","426","69","17800","35.85107198770908","128.57310274976575"
"부산광역시 북구 효열로 2, 204호 (금곡동, 율리벽산블루밍아파트)","2호선 율리역 4번출구","이화약국","051-363-5119","1900","0900","1900","0900","1900","0900","1900","0900","1900","0900","1500","0900","C1202386","465","11","17801","35.2471197427","129.0135580856"
"부산광역시 연제구 중앙대로 1033 (연산동)","1호선 시청역 7번 출구","이화약국","051-868-2258","1930","0900","1930","0900","1930","0900","1930","0900","1930","0900","1530","0900","C1202346","475","42","17802","35.1809310558","129.0771441248"
"대전광역시 서구 관저로 157, 하이존 105호 (관저동)","이화약국","042-541-8272","2130","0900","2130","0900","2130","0900","2130","0900","2130","0900","1800","0900","C1600594","353","78","17803","36.299326275508115","127.33977019999244"
"경상남도 양산시 양산역6길 9, 비와이씨마트 (중부동)","이화약국","055-367-9337","2000","0900","2000","0900","2000","0900","2000","0900","2000","0900","1500","0830","C2801746","506","29","17804","35.33755354363739","129.0270655536585"
"경상남도 창원시 성산구 동산로 124, 성원아파트 5층 516호 (상남동)","대동백화점 앞","이화약국","055-275-1556","1900","0900","1900","0900","1900","0900","1900","0900","1900","0900","1500","0900","1300","0900","C2800091","514","99","17805","35.219370742247435","128.691593449779"
"충청남도 아산시 온천대로 1509-3 (온천동)","연중무휴","네파 맞은편","이화약국","041-545-1157","2130","0730","2130","0730","2130","0730","2130","0730","2130","0730","2100","0730","2100","0730","2130","0730","C2400412","315","14","17806","36.78126026970525","127.00541865532509"
"충청남도 천안시 서북구 성성9로 7, 1층 105호 (성성동)","이화약국","041-555-5559","2020","0830","2020","0830","2020","0830","2020","0830","2020","0830","1700","0830","1600","1200","1600","1200","C2401636","310","78","17807","36.8402189650106","127.131232344707"
"경상남도 창원시 마산합포구 합포로 108, (오동동)","하나병원 옆","이화약국","055-248-6345","1930","0830","1930","0830","1930","0830","1930","0830","1930","0830","1400","0830","C2800126","517","22","17808","35.20801050778234","128.58166124603437"
"광주광역시 남구 서문대로 762, 5호(주월1동)","라인가든아파트 상가 1층","이화약국","062-655-5562","1800","0900","1800","0900","1800","0900","1800","0900","1800","0900","1200","0900","C1500256","616","99","17809","35.12744497529548","126.89814850936174"
"경상북도 상주시 상서문로 52 (남성동)","상주시적십자병원옆","이화약국","054-535-2435","1800","0830","1800","0830","1800","0830","1800","0830","1800","0830","1300","0830","C2700646","371","97","17810","36.414532395998044","128.15618979089817"
"경상북도 경산시 진량읍 다문로 65","진량외환은행사거리","이화약국","053-857-7579","2100","0900","2100","0900","2100","0900","2100","0900","2100","0900","2100","0900","1300","0900","1700","0900","C2700714","384","86","17811","35.87540703793471","128.81823249041176"
"경상북도 포항시 남구 포스코대로353번길 8 (대도동)","이화약국","054-273-5220","1800","0900","1800","0900","1800","0900","1800","0900","1800","0900","1300","0900","C2700124","378","16","17812","36.01777891901883","129.3627076452131"
"서울특별시 영등포구 신길로 28 (신길동)","태양의집건너편KT4층","이화약국","02-836-3011","1800","0830","1800","0830","1800","0830","1800","0830","1800","0830","1400","0830","C1100724","074","37","17813","37.4951980337395","126.909088561235"
"서울특별시 마포구 월드컵로 126, 1층 (성산동)","마포구청역 4번출구 직진300m 망원동기업은행 건너편","이화약국","02-892-1767","2030","0900","2030","0900","2030","0900","2030","0900","2030","0900","1800","0900","1800","0900","C1104350","039","70","17814","37.5595485848202","126.907263959731"
"서울특별시 용산구 대사관로 60, 1층 (한남동)","이화약국","070-8860-7760","1800","0900","1800","0900","1800","0900","1800","0900","1800","0900","1300","0900","1300","0900","1300","0900","C1109322","044","02","17815","37.5332723132353","127.004757530363"
"서울특별시 금천구 독산로85길 7 (독산동)","외1필지","이화약국","02-856-1228","2100","0830","2100","0830","2100","0830","2100","0830","2100","0830","2130","0830","C1103230","085","46","17816","37.4723186579455","126.902664185445"
"대전광역시 중구 당디로 52, 1층 (산성동)","이화약국","042-581-4777","2000","0900","2000","0900","2000","0900","2000","0900","2000","0900","1700","0900","C1601140","349","93","17817","36.3096446153","127.3933365534"
"경기도 용인시 수지구 성복1로 106, B04호 (성복동)","이화약국","031-276-9872","2000","0900","2000","0900","2000","0900","2000","0900","2000","0900","1900","0900","C2103070","168","53","17818","37.316833347078266","127.06823594507015"
"경기도 이천시 이섭대천로 1272-8 (창전동)","금강메디컬센터 근처","이화약국","031-632-8998","1800","0900","1800","0900","1800","0900","1800","0900","1800","0900","1300","0900","C2100525","173","63","17819","37.283691666666670","127.447441666666663"
"서울특별시 동작구 양녕로38길 2, (상도1동)","동작구상도터널입구","이화약국","02-815-1155","1830","0830","1830","0830","1830","0830","1830","0830","1830","0830","1530","0800","C1100727","069","12","17820","37.5049159223443","126.950681777012"
"서울특별시 강북구 덕릉로40길 79, 대명빌딩 1층 (번동)","복합 5단지 아파트상가","이화약국","02-980-2274","1930","0830","1930","0830","1930","0830","1930","0830","1930","0830","1330","0830","C1100723","011","35","17821","37.6343855765606","127.033550579883"
"인천광역시 부평구 마장로 435 (청천동)","청천사거리 청천파출소 버스정류장 박문빌딩 1층","이화약국","032-506-0640","1900","0900","1900","0900","1900","0900","1900","0900","1900","0900","1430","0900","C1400178","213","05","17822","37.51704248819065","126.70395377894657"
"경기도 광주시 태봉로 51 (태전동)","태전동성원프라자1층","이화약국","031-797-2408","1830","0830","1830","0830","1830","0830","1830","0830","1830","0830","1400","0830","1300","1000","C2103763","127","84","17823","37.38868216238321","127.22981218650904"
"경기도 평택시 탄현로326번길 3 (지산동)","이화약국","031-663-5911","2000","0900","1900","0900","1900","0900","2000","0900","1900","0900","1600","0900","C2101780","177","57","17824","37.08121913527526","127.05610183338527"
"경기도 군포시 군포로 494, 204-1호 (당동, 당동빌딩)","이화약국","031-455-5446","1900","0830","1900","0830","1900","0830","1900","0830","1900","0830","1400","0830","C2101345","158","56","17825","37.350460364025494","126.94486776221757"
"서울특별시 서대문구 통일로 419-2, 1, 2층 (홍제동)","이화약국","02-391-8277","2000","0900","2000","0900","2000","0900","2000","0900","2000","0900","1700","0900","C1108945","036","46","17826","37.5867055735068","126.946195276553"
"서울특별시 강서구 강서로 187, 103호 (화곡동)","화곡역8번출구100m유광사산부인과건너편","이화약국","02-2602-6172","2000","0900","2000","0900","2000","0900","2000","0900","2000","0900","1800","0900","C1102354","077","14","17827","37.5428947633309","126.838834495799"
"서울특별시 성북구 길음로 20, 래미안길음3차아파트상가 1층 116호 (길음동)","이화약국","02-911-4326","1900","0900","1900","0900","1900","0900","1820","0900","1900","0900","1330","0900","C1108753","027","25","17828","37.6047542475415","127.023040195601"
"서울특별시 종로구 대학로5길 53, 1층 (연건동)","이화약국","02-763-0300","1900","0830","1900","0830","1900","0830","1900","0830","1900","0830","1300","0900","C1108149","030","82","17829","37.5795662821209","127.001458708991"
"서울특별시 은평구 연서로 331-1 (불광동)","이화약국","02-355-4453","1800","1000","1800","1000","1800","1000","1800","1000","1800","1000","1300","1000","C1100725","033","43","17830","37.6249266034897","126.928475661781"
"경기도 과천시 별양상가1로 25 (별양동, 렉스타운 105호)","그레이스호텔 입구 맞은편 렉스타운 1층","이화약국","02-503-7750","2130","0830","2130","0830","2130","0830","2130","0830","2130","0830","2100","0900","C2101744","138","37","17831","37.42827812820284","126.99254321132143"
"경기도 안양시 동안구 관악대로 129, 1층 102호 (비산동)","비산동이마트근처삼성래미안아파트대로변2층에있습니다.","이화약국","031-444-3485","2230","0800","2230","0800","2230","0800","2230","0800","2230","0800","1600","0900","1700","0900","C2100868","139","22","17832","37.39919903787409","126.93841720250002"
"부산광역시 사하구 다대낙조1길 19(다대동)","버스정류장: 다대1동몰운대우체국옆","이화약국","051-265-2966","1800","0900","1800","0900","1800","0900","1800","0900","1800","0900","1300","0900","C1200258","495","05","17833","35.050058887844045","128.9658386626953"
"충청북도 제천시 의병대로 111, (남천동)","우리들정형외과옆","이화약국","043-643-0609","2000","0800","2000","0800","2000","0800","2000","0800","2000","0800","1400","0800","1400","0800","C2300226","271","74","17834","37.13553580052737","128.21317313589793"
"충청북도 보은군 보은읍 보은로 112-1,","삼산초교앞이화약국","이화약국","043-543-5443","1800","0830","1800","0830","1800","0830","1400","0830","1800","0830","1300","0830","C2300062","289","48","17835","36.48408749153318","127.7179903342086"
"충청북도 청주시 흥덕구 2순환로 1254 (강서동, DS빌딩)","터미널부근 경복궁 바로 옆 1층","이화약국","043-231-5453","1900","0800","1900","0800","1900","0800","1900","0800","1900","0800","1500","0800","C2301037","283","78","17836","36.6242525185","127.4309722226"
"부산광역시 영도구 태종로 160, 수도빌딩 1층 (봉래동4가)","버스정류장: 수도메디칼의원","이화약국","051-418-0103","1730","0900","1730","0900","1730","0900","1730","0900","1730","0900","1300","0900","1200","0900","C1200410","490","57","17837","35.093319444444447","129.045950000000005"
"서울특별시 송파구 가락로 211, 충북빌딩 (송파동)","백제고분사거리국민은행옆","이화약산온누리약국","02-419-2755","2200","0900","2200","0900","2200","0900","2200","0900","2200","0900","1400","0900","C1100785","056","63","17838","37.5074746077949","127.116274373454"
"울산광역시 북구 이화5길 10 (중산동)","점심시간 휴무 (13:00-14:00)","글로리아아파트 정문 맞은편","이화열린약국","052-298-8595","1900","0930","1900","0930","1900","0930","1900","0930","1900","0930","1300","0930","1300","0900","1300","0900","C1700141","683","450","17839","35.662550000000003","129.339047222222234"
"부산광역시 북구 금곡대로303번길 2, 106,107호 (화명동, 시티타워)","공휴일 가변적으로 운영, 전화 후 방문 요망","2호선 화명역 3번출구/롯데마트 후문 앞시티타워 1층","이화온누리약국","051-361-8005","2100","0900","2100","0900","2100","0900","2100","0900","2100","0900","1700","0900","1330","0900","C1200974","465","25","17840","35.235621519066","129.01346820282347"
"울산광역시 남구 삼산로 17, 1층 (신정동)","이화온누리약국","052-265-2588","2000","0900","2000","0900","2000","0900","2000","0900","2000","0900","1400","0900","C1700735","446","78","17841","35.5331796199081","129.309740538145"
"부산광역시 사하구 낙동남로 1392 (하단동)","하단오거리","이화온누리약국","051-206-5536","2000","0800","2000","0800","2000","0800","2000","0800","2000","0800","1600","0800","C1200530","604","850","17842","35.10589248213521","128.96385282187867"
"경상북도 김천시 용암로 19-16","토,일 당번주(2,4주)는 22:00까지 운영_2019.05.03 확인 토,일 번갈아서 22:00까지 당직운영_2021.02.08 확인","약국","김천의료원주차장앞","이화온누리약국","054-437-4300","1800","0830","1800","0830","1800","0830","1800","0830","1800","0830","1330","0830","2200","0830","2200","0830","C2701008","395","79","17843","36.12189838353706","128.12745756365655"
"경기도 용인시 처인구 백옥대로1068번길 12, 상가동 107호 (김량장동, 현대아파트)","이화온누리약국","031-332-0045","2100","0900","2100","0900","2100","0900","2100","0900","2100","0900","1800","0900","2100","1000","C2107764","170","63","17844","37.22929972244938","127.21175131169541"
"서울특별시 송파구 마천로 295-1, 메디파크빌딩 (마천동)","이화온누리약국","02-402-2671","1830","0900","1830","0900","1830","0900","1830","0900","1830","0900","1300","0900","C1100786","057","57","17845","37.4962804641087","127.149199609227"
"서울특별시 도봉구 노해로63다길 21, 범도 1층 101호 (창동)","이화온누리약국","02-904-3698","1900","0845","1900","0845","1900","0845","1900","0845","1900","0845","1400","0845","C1110266","013","99","17846","37.6537695868912","127.046173103105"
"서울특별시 영등포구 도신로 89, 1층 102호 (도림동)","이화온누리약국","02-848-5530","2000","0900","2000","0900","2000","0900","2000","0900","2000","0900","1800","0900","1900","1100","C1109671","073","70","17847","37.507273849528","126.902095954101"
"서울특별시 관악구 난곡로 53, 303호 (신림동, 관악산휴먼시아상가동)","관악산휴먼시아아파트상가동303호","이화온누리약국","02-855-2851","1930","0900","1930","0900","1930","0900","1930","0900","1930","0900","1600","0900","C1104557","088","62","17848","37.4602221608432","126.919326648265"
"서울특별시 강동구 구천면로 233, 한양메디스퀘어 1층 109호 (천호동)","이화온누리약국","02-478-3561","2130","0800","2130","0800","2130","0800","2130","0800","2130","0800","1700","0800","1200","0900","1200","0900","C1107329","053","26","17849","37.5416637215789","127.130124238718"
"경상남도 거제시 서문로 72, 1층 (고현동, 태원빌딩)","공휴일은 전화 문의","부산은행 거제지점 맞은편","이화온누리약국","055-635-9792","1930","0900","1930","0900","1930","0900","1930","0900","1930","0900","1300","0900","C2800349","532","51","17850","34.889712856896686","128.62364607876321"
"경기도 용인시 수지구 풍덕천로 119, 305호 (풍덕천동, 로얄스포츠센터)","이화옵티마약국","031-276-8202","1800","0900","1800","0900","1800","0900","1800","0900","1800","0900","C2107386","168","36","17851","37.3230654418","127.09490749170001"
"서울특별시 은평구 은평로 4, 1층 (신사동)","250503","신사동고개 사거리 (신사중앙의원 옆)","이화우리약국","02-303-1300","1830","0900","1830","0900","1500","0900","1830","0900","1830","0900","1400","0900","1300","0900","C1109785","034","50","17852","37.5965030482673","126.909611348708"
"경기도 광주시 광주대로 66, 다명 1층 (경안동)","이화원약국","031-766-1318","2030","0900","1830","0900","1830","0900","1830","0900","1830","0900","C2107856","127","57","17853","37.41261597281709","127.2606935457159"
"경기도 부천시 소사구 경인로 210-1, 정인빌딩 1층 일부호 (심곡본동)","이화윤약국","032-651-3080","1800","0900","1800","0900","1800","0900","1800","0900","1800","0900","1300","0900","C2109791","147","11","17854","37.4831874632788","126.77872216213"
"경기도 고양시 덕양구 동송로 33, 이편한세상시티삼송 2층 43호 (동산동)","이화이편한약국","02-381-8817","1900","0900","1900","0900","1900","0900","1900","0900","1900","0900","1500","0900","C2108174","105","95","17855","37.6490641128528","126.896975022417"
"부산광역시 남구 분포로 113","버스정류장: LG메트로시티APT 상가 1005동 307호","이화자연약국","051-612-2804","1900","0900","1900","0900","1900","0900","1900","0900","1900","0900","1430","0900","C1200029","485","23","17856","35.12727412491742","129.10902825841254"
"경기도 부천시 경인로 217, 1층일부층 (심곡본동)","이화자유약국","032-655-3324","2000","0900","2000","0900","2000","0900","2000","0900","2000","0900","C2106977","147","09","17857","37.483517977759114","126.77984493599516"
"서울특별시 강서구 마곡중앙4로 74, 104~105호 (마곡동)","이화정문약국","02-2662-4863","1900","0830","1900","0830","1900","0830","1900","0830","1900","0830","1400","0900","C1108403","078","05","17858","37.5578847487506","126.834921605573"
"경기도 광주시 광주대로55번길 7-6 (경안동)","이화정문약국","031-769-7893","1830","0900","1830","0900","1830","0900","1830","0900","1830","0900","C2107407","127","56","17859","37.411144554","127.2594911172"
"서울특별시 송파구 거마로 4, 102호 (거여동)","이화제니약국","02-430-2001","1930","0900","2000","0900","1930","0900","2000","0900","1900","0900","1700","0900","C1108489","057","68","17860","37.493354261299","127.144860016213"
"경기도 성남시 분당구 서현로180번길 26, 1층 102호 (서현동, 아름빌딩)","이화제일약국","031-706-7501","1900","0900","1900","0900","1900","0900","1900","0900","1900","0900","1900","0900","1800","1000","C2101483","135","90","17861","37.387233333333334","127.121208333333328"
"서울특별시 마포구 마포대로 195, 4단지상가동 219호 (아현동, 마포래미안푸르지오)","이화키즈팜약국","02-312-3125","2000","0900","2000","0900","2000","0900","2000","0900","2000","0900","1700","0900","1330","0900","1330","0830","C1107172","041","29","17862","37.5524339233654","126.95422378666"
"경기도 성남시 분당구 야탑로81번길 10, 분당아미고타워 310-1호 (야탑동)","야탑역3번출구아미고타워3층","이화탑약국","031-622-0303","2030","0900","2030","0900","2030","0900","2030","0900","2030","0900","1300","0900","C2101551","134","97","17863","37.41062838802734","127.12819749004979"
"경기도 수원시 팔달구 경수대로 425, 1층 102호 (인계동)","이화태평양약국","031-221-5077","1800","0900","1800","0900","1800","0900","1800","0900","1800","0900","C2108233","164","80","17864","37.2642526267482","127.025125618372"
"서울특별시 도봉구 덕릉로 239 (창동)","신창시장입구","이화태평양약국","02-991-8447","2300","0900","2300","0900","2300","0900","2300","0900","2300","0900","2100","0900","2000","1100","2000","1100","C1102806","014","70","17865","37.6392117182212","127.038240549644"
"경기도 남양주시 와부읍 덕소로 180, 214호 (두산위브상가)","이화팜약국","031-521-9537","1900","0900","1900","0900","1900","0900","1900","0900","1900","0900","1600","0900","C2107500","122","73","17866","37.5801673652","127.2157252466"
"서울특별시 성북구 보국문로 50, 지하1층 B105호 (정릉동, 청수프라자)","마지막주 일요일만 운영","청수프라자 지하1층 B105호","이화프라자약국","02-914-2053","1900","0900","1900","0900","1900","0900","1900","0900","2000","0900","1430","0900","1600","1000","C1102355","027","17","17867","37.6088639482975","127.01008574376"
"서울특별시 강서구 공항대로 261, 발산파크프라자 113호 (마곡동)","공휴일은 전화확인하세요","이화햇살약국","02-3665-3335","2100","0730","2100","0730","2100","0730","2100","0730","2100","0730","1730","0900","1730","0900","2100","0900","C1109618","078","03","17868","37.5591532341498","126.836520966803"
"서울특별시 송파구 오금로 543, 1층 (거여동)","이화힐약국","070-8806-2998","2000","0900","2030","0900","1900","0900","2030","0900","1900","0900","1400","0900","C1109478","057","68","17869","37.4930260696894","127.149025326101"
"전북특별자치도 익산시 하나로 438, 1층 (어양동)","전자랜드 21 맞은편","익산고려종합약국","063-834-2220","1900","0900","1900","0900","1900","0900","1900","0900","1900","0900","1300","0900","C2500470","545","53","17870","35.95924058323237","126.98188251816353"
"전북특별자치도 익산시 무왕로 905 (신동)","원대병원 앞","익산약국","063-841-8100","1900","0830","1900","0830","1900","0830","1900","0830","1900","0830","1300","0900","C2500300","545","38","17871","35.96373895622045","126.9590959415541"
"전북특별자치도 익산시 서동로5길 69, (마동)","고래동오거리","익산은혜약국","063-858-9545","1900","0900","1900","0900","1900","0900","1900","0900","1900","0900","1300","0900","C2500082","545","98","17872","35.93575145885721","126.96512288084489"
"전북특별자치도 익산시 인북로 93","중앙초교에서성락교회근처,석의원옆","익산종로약국","063-842-8275","1900","0900","1900","0900","1900","0900","1900","0900","1900","0900","1600","0900","C2500597","546","01","17873","35.93736816566632","126.95236517467387"
"전북특별자치도 익산시 오산면 외검길 35-39 (오산면)","익산종합약국","063-857-6584","1900","0900","1900","0900","1900","0900","1900","0900","1900","0900","1700","0900","1700","0900","C2501318","546","69","17874","35.953998440922945","126.91658688822758"
"전북특별자치도 익산시 고봉로30길 89","어양동 현대아파트 101동 앞","익산초당약국","063-831-1351","2100","0930","2100","0930","2100","0930","2100","0930","2100","0930","1830","1000","C2500664","546","39","17875","35.955739859732454","126.97995464865755"
"전북특별자치도 익산시 무왕로 1035 (영등동)","익산시 영등동 홈플러스 2층 내부에 있습니다 동물의약품도 모두 취급합니다 친절하고 깨끗한 약국 성실한 상담자로서 건강과 행복만들기에 최선을 다하고 있습니다","익산시 영등동 홈플러스 2층 내부에 있습니다 동물의약품도 모두 취급합니다 친절하고 깨끗한 약국 성실한 상담자로서 건강과 행복만들기에 최선을 다하고 있습니다","익산플러스약국","063-859-8067","2100","1030","2100","1030","2100","1030","2100","1030","2100","1030","2100","1030","2200","1000","2100","1030","C2501223","545","45","17876","35.958901724","126.9722205127"
"전북특별자치도 익산시 무왕로 971 (신동)","익산행복약국","063-722-1122","1800","0830","1800","0830","1800","0830","1800","0830","1800","0830","1300","0830","C2501461","545","43","17877","35.9610569244252","126.965839835953"
"충청남도 천안시 동남구 원성4길 2 (원성동, 익수약국)","익수약국","041-563-8313","2000","0930","2000","0930","2000","0930","2000","0930","2000","0930","2000","1000","C2401343","311","26","17878","36.80669308839187","127.16196954451754"
"경기도 수원시 팔달구 인계로108번길 31, 107,108,109호 (인계동)","인계백화점약국","031-239-7774","2400","0900","2400","0900","2400","0900","2400","0900","2400","0900","2400","0900","2400","0900","C2109971","164","89","17879","37.2663375067882","127.029229118005"
"경기도 수원시 팔달구 인계로 53","인계햇살약국","070-4134-2935","2250","0900","2250","0900","2250","0900","2250","0900","2250","0900","2250","0900","2250","0900","2250","0900","C2106763","164","74","17880","37.26967677694067","127.02383123448519"
"경상북도 경산시 성암로 42","경산시옥산동대구은행대각선맞은편","인과원약국","053-817-9911","2000","0900","2000","0900","2000","0900","2000","0900","2000","0900","1900","0900","C2700422","386","80","17881","35.822763891702635","128.72226667336204"
"대전광역시 서구 신갈마로 120","인과원약국","042-527-0072","1900","0900","1900","0900","1900","0900","1900","0900","1900","0900","1400","0900","C1600179","352","81","17882","36.34422741969607","127.36882459265337"
"경기도 안양시 동안구 관악대로 488, 114호 (관양동, 창덕에버빌)","인덕그린프라자약국","031-425-9293","2030","0900","2030","0900","2030","0900","2030","0900","2030","0900","1600","0900","C2100579","139","51","17883","37.40205257054696","126.9755728682965"
"경기도 구리시 벌말로 200, 새롬프라자10차 1층 101호 (토평동)","구리여고에서검배사거리쪽으로300m","인덕약국","031-566-9111","1800","0900","1800","0900","1800","0900","1800","0900","1800","0900","1600","0900","C2102890","119","45","17884","37.594084509034474","127.15102715544408"
"서울특별시 노원구 월계로 370","월계동인덕전문대후문","인덕약국","02-993-6250","2200","0730","2200","0730","2200","0730","2200","0730","2200","0730","2200","0800","2200","0800","1800","1230","C1100791","019","05","17885","37.6309766775099","127.06102564028"
"대구광역시 북구 팔거천동로 36, 1층 (구암동)","칠곡면허시험장근처태암교네거리","인덕약국","053-323-5044","2000","0840","2000","0840","2000","0840","2000","0840","2000","0840","1600","0840","1300","0840","C1301060","414","65","17886","35.92796717025331","128.55263851630894"
"경기도 안양시 동안구 관양로305번길 34","인덕원삼성아파트상가 107호","인덕원약국","031-425-6813","2030","0900","2030","0900","2030","0900","2030","0900","2030","0900","1500","0900","C2100680","139","43","17887","37.39873597580016","126.97962097332825"
"충청남도 논산시 강경읍 대흥로 27 (강경읍)","대흥시장입구","인삼당약국","041-745-5757","1730","0830","1730","0830","1730","0830","1730","0830","1730","0830","1300","0830","C2400166","329","30","17888","36.156214789592134","127.01340217179853"
"전북특별자치도 완주군 소양면 소양로 204","인삼당약국","063-244-0051","1830","0900","1830","0900","1830","0900","1830","0900","1830","0900","1230","0900","C2500823","553","56","17889","35.85480234994408","127.2305401007535"
"충청남도 논산시 중앙로410번길 13-12, 1층 (취암동)","일반의약품 판매, 한약조제 합니다. (처방전은 받지 않습니다.)","시외버스터미널 뒤편","인삼당한약국","041-733-2989","2030","0830","2030","0830","2030","0830","2030","0830","2030","0830","2000","0900","C2400814","329","74","17890","36.202659721418534","127.08867991468557"
"전북특별자치도 전주시 덕진구 조경단로 5 (금암동)","태평양수영장 옆","인삼약국","063-252-8822","1800","0830","1800","0830","1800","0830","1800","0830","1800","0830","1230","0830","C2500025","549","31","17891","35.835251435078604","127.13594668027888"
"경기도 남양주시 수동면 남가로 1588-1","인생약국","031-000-0000","1800","0900","1800","0900","1800","0900","1800","0900","1800","0900","C2109227","120","31","17892","37.6969233115603","127.333700707264"
"세종특별자치시 나성북로 30, 퍼스트원 542호 (나성동)","일요일 및 공휴일 휴무","일요일 및 공휴일 휴무","나성동","인생약국","0448643713","2000","0830","2000","0830","2000","0830","2000","0830","2000","0830","1500","0830","C1800327","301","28","17893","36.4890737483121","127.260245278663"
"경기도 안성시 죽산면 죽주로 256","인생약국","031-676-6053","1930","0900","1930","0900","1930","0900","1930","0900","1930","0900","1500","0900","C2101950","175","19","17894","37.07504644888756","127.42385040580712"
"서울특별시 강남구 선릉로 755, 1층 (논현동)","공휴일은 전화확인하세요","강남구청역3번출구에서 남쪽","인선약국","02-542-1954","2100","0900","2100","0900","1900","0900","2100","0900","2100","0900","1900","0900","1800","1000","1800","1000","C1100711","060","55","17895","37.5220250107345","127.039180326759"
"충청남도 서천군 장항읍 장항로 189,","새마을금고 옆","인성당약국","041-956-8890","1900","0800","1900","0800","1900","0800","1900","0800","1900","0800","1500","0900","C2401076","336","74","17896","36.011097164394435","126.69861295927441"
"서울특별시 종로구 통일로 250 (무악동)","인성약국","02-363-8311","1830","0900","1830","0900","1830","0900","1830","0900","1830","0900","1400","0900","C1100663","030","30","17897","37.5747294742294","126.957954995331"
"충청남도 태안군 안면읍 구억말길 35","일요일 4주에 한번 운영","새마을금고 옆","인성약국","041-673-1616","1820","0820","1820","0820","1820","0820","1820","0820","1820","0820","1800","0820","1800","0900","C2400742","321","64","17898","36.51851329128831","126.34554111008825"
"전라남도 광양시 광영로 44-1 (광영동)","중앙의원 근처","인성약국","061-792-9919","1200","0900","1200","0900","1200","0900","1200","0900","1200","0900","1600","1300","C2600125","577","15","17899","34.962188683724754","127.72404372325468"
"경상북도 포항시 남구 중앙로 100-1","목화예식장맞은편제일마디병원과등외과사이","인성약국","054-282-5006","1900","0900","1900","0900","1900","0900","1900","0900","1900","0900","1400","0900","C2700667","378","08","17900","36.02215525223268","129.36904481528907"
"서울특별시 구로구 오류로 73, 1층 (오류동)","공휴일은 전화확인바람","인성약국","02-6053-1130","1900","0900","1900","0900","1900","0900","1900","0900","1900","0900","1330","0800","1300","0900","1300","0900","C1110376","083","42","17901","37.4911698352242","126.84056754919"
"대구광역시 동구 금강로 17, 1층 (신서동)","인성약국","053-965-3568","1900","0900","1900","0900","1900","0900","1900","0900","1900","0900","1300","0900","1700","1100","C1300965","410","87","17902","35.86647283371914","128.72490068677075"
"인천광역시 미추홀구 미추로 52 (숭의동)","인소망약국","032-873-7426","1800","0900","1800","0900","1800","0900","1800","0900","1800","0900","1400","0900","C1401902","221","61","17903","37.4645951631412","126.646228933112"
"제주특별자치도 제주시 관덕로 54-2","제주은행본점입구","인수당건재약국","064-722-2262","1900","0930","1900","0930","1900","0930","1900","0930","1900","0930","1900","0900","C2900228","631","92","17904","33.51295507659386","126.52512335010789"
"서울특별시 관악구 인헌17길 3 (봉천동)","지하철2호선 낙성대역 1번출구 4번 마을버스 이용가능, 군인아파트 아래쪽 위치함","인한동군인아파트아래쪽","인수당약국","02-877-8835","2130","0900","2130","0900","2130","0900","2130","0900","2130","0900","2130","0900","C1103057","087","96","17905","37.4705485350441","126.968057486138"
"서울특별시 강북구 덕릉로 17, 1층 (수유동)","공휴일은 전화확인하세","서울특별시 공공야간약국ㅡ운영시간(.22시~익일1시, 365일)","인수약국","02-993-7378","2500","1300","2500","1300","2500","1300","2500","1300","2500","1300","2500","1300","2500","2000","2500","2200","C1104200","010","94","17906","37.6341236251215","127.01552164893"
"인천광역시 미추홀구 석정로 327, 1층 (도화동,순일빌딩)","도화5거리와 주안북역 사이 대로변 CU마트 건물","인암종로약국","032-875-0509","2100","0900","2100","0900","2100","0900","2100","0900","2100","0900","2000","0900","2000","0900","C1400098","221","16","17907","37.46797023735455","126.67189909078297"
"서울특별시 동대문구 휘경로 60, 101동 상가동 104호 (휘경동, 휘경SK VIEW 아파트)","방이사거리","인애약국","02-962-7273","1930","0900","1930","0900","1930","0900","1930","0900","1930","0900","1700","0900","C1100806","024","34","17908","37.593701245652","127.064897703345"
"대구광역시 동구 아양로 51-1 (신암동)","평화시장궁전라벤다건너편","인애약국","053-956-1557","2000","0900","2000","0900","2000","0900","2000","0900","2000","0900","1300","0900","C1300660","411","98","17909","35.88245188072958","128.6197590852819"
"전라남도 고흥군 동강면 고흥로 4261,","동강면","인애약국","061-833-2060","1730","0800","1730","0800","1730","0800","1730","0800","1730","0800","1200","0800","C2600550","595","02","17910","34.77980482974094","127.33324767680663"
"광주광역시 광산구 첨단중앙로182번길 16","쌍암공원 앞","인애약국","062-973-2060","1900","0830","1900","0830","1900","0830","1900","0830","1900","0830","1300","0830","1900","0830","C1500601","622","74","17911","35.221738123710914","126.84305193134293"
"서울특별시 종로구 종로 19, 421호 (종로1가)","르메이에르종로타운 421호","인앤아웃약국","02-2075-7505","1920","1000","1920","1000","1920","1000","1920","1000","1920","1000","1250","1000","C1100018","031","57","17912","37.5708444878121","126.979923668151"
"전라남도 여수시 학동1길 26","인약국","061-654-4027","1300","0900","1300","0900","1300","0900","1300","0900","1300","0900","1300","0900","C2601119","596","77","17913","34.7658507185","127.6640219754"
"경기도 안산시 상록구 석호로 312, 101호(본오동,대신빌딩)","인영약국","031-417-3005","1800","0900","1800","0900","1800","0900","1800","0900","1800","0900","C2100549","155","51","17914","37.293294444444442","126.865183333333334"
"인천광역시 미추홀구 인하로 301-1 (주안동)","미추홀구 공공심야 약국","신기촌시장쌍용아파트앞","인영약국","070-8874-7561","2500","0800","2500","0800","2500","0800","2500","0800","2500","0800","2500","0800","2500","0800","2500","1300","C1400417","222","27","17915","37.44819754961787","126.6817654467738"
"서울특별시 동대문구 왕산로 118 (용두동)","제기역3번출구전방50M","인영약국","02-966-5225","1800","0830","1800","0830","1800","0830","1800","0830","1800","0830","1500","0830","C1100664","025","66","17916","37.5779845895232","127.036337443392"
"경기도 평택시 평택2로20번길 4, (평택동)","인영온누리약국","031-655-0956","2030","0830","2030","0830","2030","0830","2030","0830","2030","0830","1700","0830","C2101031","179","09","17917","36.99286858272143","127.08860483341641"
"서울특별시 서대문구 인왕시장길 24, 1층 1,2,21호 (홍제동)","공휴일은 전화확인하세요","인왕약국","02-379-6154","2100","0800","2100","0800","2100","0800","2100","0800","2100","0800","2100","0800","2000","0900","2000","0900","C1109268","036","28","17918","37.5912181094482","126.943319446717"
"서울특별시 중구 중림로 21 (중림동, 더플레이스충정로)","공휴일은 운영시간 변동이 가능하니 사전에 연락하고 방문하시길 바랍니다.","인우약국","02-392-7291","2100","0900","2100","0900","2100","0900","2100","0900","2100","0900","2100","0900","2100","0900","C1100666","045","06","17919","37.558980785321","126.966068233101"
"서울특별시 용산구 신흥로20길 5 (용산동2가)","토요일은 운영시간 변동이 가능하니 사전 연락 후 방문하시길 바랍니다.","인원약국","02-774-4035","2100","0830","2100","0830","2100","0830","2100","0830","2100","0830","2100","0900","C1100704","043","28","17920","37.5460428565575","126.984957981897"
"전북특별자치도 남원시 인월면 인월로 68","인월시장입구 인월가정의학과옆","인월백제약국","063-636-0664","1800","0830","1800","0830","1400","0830","1800","0830","1800","0830","1400","0830","C2500398","557","15","17921","35.46101866577323","127.60258936200961"
"전북특별자치도 남원시 인월면 인월북2길 19","터미널 옆","인월약국","063-632-1199","1820","0830","1820","0830","1820","0830","1820","0830","1820","0830","1330","0830","C2500680","557","15","17922","35.461637220233555","127.60362068157848"
"전라남도 영광군 법성면 연우로 6,","법성파출소 옆","인의당약국","061-356-4200","1900","0800","1900","0800","1900","0800","1900","0800","1900","0800","1800","0800","C2600313","570","11","17923","35.36249044465925","126.44422126983997"
"인천광역시 동구 금곡로82번길 14, 솜림동동 1층 (송림동)","약국 운영마감시간 21:00~22:00 유동적이므로 방문전 확인 필수","동산중고등학교 맞은편","인일약국","032-763-0044","2100","0800","2100","0800","2100","0800","2100","0800","2100","0800","2100","0800","2100","0800","2100","0800","C1400330","225","61","17924","37.47315579676471","126.64637943471233"
"인천광역시 중구 연안부두로 9, (항동7가)","연안사거리부근 원조명진해수탕 옆","인일약국","032-883-9919","2000","0700","2000","0700","2000","0700","2000","0700","2000","0700","2000","0700","C1400578","223","48","17925","37.45643808313539","126.604726549002"
"충청북도 청주시 흥덕구 가경로 163 (가경동)","가경동형석1차아파트102동맞은편","인재당온누리약국","043-232-1102","1830","0900","1830","0900","1830","0900","1830","0900","1830","0900","1300","0900","C2300364","283","93","17926","36.62929389732846","127.43629085056253"
"경기도 의정부시 비우로 69, (녹양동)","인정약국","031-874-0541","2000","0900","2000","0900","2000","0900","2000","0900","2000","0900","1700","0900","C2102386","116","12","17927","37.75831830797484","127.03463009876589"
"경기도 고양시 일산동구 정발산로196번길 7-25, (마두동)","정발고등학교뒤 건영빌라3단지앞","인정약국","031-905-9050","2200","1030","2200","1030","2200","1030","2200","1030","2200","1030","2130","1030","C2102394","104","12","17928","37.66357388476816","126.7885081760434"
"서울특별시 성북구 삼선교로 14 (삼선동1가)","공휴일은 전화확인하세요","인정온누리약국","02-766-6733","2100","0830","2100","0830","2100","0830","2100","0830","2100","0830","2000","0830","1500","0900","1500","0900","C1100705","028","65","17929","37.5875478715081","127.007361690732"
"서울특별시 금천구 한내로 62, 상가동 1층 1010호 (독산동, 한신아파트)","인정온누리약국","02-804-9649","2000","0900","2000","0900","2000","0900","2000","0900","2000","0900","1600","0900","C1110645","085","99","17930","37.4553912730949","126.888877618767"
"서울특별시 광진구 뚝섬로 655, (자양동)","서울성자초등학교 인근","인정온누리약국","02-457-5167","2000","0830","2000","0830","2000","0830","2000","0830","2000","0830","1600","0830","C1104542","050","60","17931","37.5315883995083","127.082319709264"
"대전광역시 중구 과례로39번길 16, (문화동)","인제당약국","042-522-1551","1730","0900","1730","0900","1730","0900","1730","0900","1730","0900","1300","0900","C1600378","350","19","17932","36.31208002408435","127.41088848871342"
"서울특별시 중랑구 망우로 214, 1층 (상봉동)","중랑역 3번 출구","인제약국","02-434-6870","1900","0900","1900","0900","1900","0900","1900","0900","1900","0900","1600","0900","C1102309","021","21","17933","37.5937481809153","127.076630319913"
"경기도 수원시 장안구 월드컵로428번길 35, (연무동)","공휴일은 운영 변동이 많음.","인제약국","031-243-7158","2200","0900","2200","0900","2200","0900","2200","0900","2200","0900","2200","0900","2200","0900","C2101381","162","20","17934","37.29508192442118","127.02652637919726"
"부산광역시 해운대구 반송로892번길 5 (반송동)","윗반송 김대식외과 앞","인제약국","051-544-4949","2000","0900","2000","0900","2000","0900","2000","0900","2000","0900","1300","0900","C1200944","480","04","17935","35.2309465823","129.1517219944"
"경기도 광명시 금하로 525, 1층 (소하동)","광명공영주차장근방","인제약국","02-2612-8150","2130","0930","2130","0930","2130","0930","2130","0930","2130","0930","C2101362","143","14","17936","37.4512322065","126.8903336552"
"부산광역시 연제구 월드컵대로 241, 1층 (거제동)","인제약국","051-502-9226","1840","0830","1840","0830","1840","0830","1840","0830","1840","0830","1200","0830","C1200629","475","25","17937","35.18873184562596","129.06796164560487"
"대구광역시 수성구 청수로 27-5","대구수성구중동417-43","인제약국","053-766-7124","1830","0900","1830","0900","1830","0900","1830","0900","1830","0900","1400","0900","C1300258","421","54","17938","35.84106691663335","128.6112637549603"
"대구광역시 달성군 화원읍 비슬로 2574 (화원읍)","화원삼거리바로앞","인제약국","053-633-1027","1900","0900","1900","0900","1900","0900","1900","0900","1900","0900","1500","0900","C1300307","429","62","17939","35.80322307052194","128.49837440000357"
"경상북도 구미시 흥안로 19 (옥계동)","옥계동 하나가정의학과 아래1층","인제약국","054-471-7500","2000","0900","2000","0900","2000","0900","2000","0900","2000","0900","1700","0900","C2700156","391","79","17940","36.146932942540516","128.4165328140846"
"서울특별시 관악구 원신2길 17, 인제약국 (신림동)","신림6동시장입구마을버스정류장30미터위","인제약국","02-877-8597","2200","0900","2200","0900","2200","0900","2200","0900","2200","0900","2200","0900","2200","0900","2200","0900","C1102257","088","46","17941","37.4711206210989","126.932727401384"
"전라남도 영광군 영광읍 신남로 186,","버스터미널 근처","인제약국","061-351-2435","2030","0730","2030","0730","2030","0730","2030","0730","2030","0730","1900","1000","1900","1000","1900","1000","C2600495","570","43","17942","35.27579176935842","126.5024301869338"
"경상남도 김해시 인제로 174-1 (어방동)","일요일, 공휴일 운영은 유동적으로 전화 확인 필요","하나로마트창선본점 부근","인제약국","055-321-6339","1900","0900","1900","0900","1900","0900","1900","0900","1900","0900","1600","0900","C2800539","621","170","17943","35.24419899596179","128.9041709278871"
"제주특별자치도 제주시 동광로 108-1 (일도이동)","인화초등학교건너편","인제약국","064-724-7276","1800","0830","1800","0830","1800","0830","1800","0830","1800","0830","1300","0830","C2900409","632","75","17944","33.50604481215485","126.5391474110152"
"경상북도 상주시 상서문로 59 (남성동)","인제약국","054-532-0035","1830","0830","1830","0830","1830","0830","1830","0830","1830","0830","1300","0830","C2700907","371","99","17945","36.415231187276866","128.15586566709015"
"경상북도 고령군 대가야읍 시장길 6","인제약국","054-954-2676","1800","0900","1800","0900","1800","0900","1800","0900","1800","0900","1300","0900","C2701518","401","37","17946","35.72935105467899","128.2682130088373"
"경상북도 영천시 완산3길 12 (완산동)","인제약국","054-338-3330","1800","0830","1800","0830","1800","0830","1800","0830","1800","0830","1300","0830","C2700516","388","94","17947","35.965308813204686","128.9395468103039"
"부산광역시 해운대구 좌동순환로249번길 21, 아이에스프라자 103호 (좌동)","토요일 운영시간 유동적으로 전화 후 방문 요망 / 일요일 및 공휴일 당번약국 운영","인제온누리약국","051-701-1261","1830","0830","1830","0830","1830","0830","1830","0830","1830","0830","1300","1000","C1200743","481","08","17948","35.17433207166065","129.1819091410445"
"경기도 고양시 일산서구 호수로856번길 73-2, 1층 (대화동)","인제조은약국","031-915-2400","1800","0830","1800","0830","1800","0830","1800","0830","1800","0830","1300","0830","C2103465","103","83","17949","37.6737440707361","126.74980793763869"
"충청남도 아산시 인주면 현대로 1298,","인주면사무소맞은편","인주민약국","041-533-0238","2200","0800","2200","0800","2200","0800","2200","0800","2200","0800","2100","0900","2100","0900","2100","0900","C2400205","314","36","17950","36.869248804578135","126.88530445750783"
"경기도 안성시 안성맞춤대로 1024, 좌측호 (인지동)","공휴일 진료시간은 유선 확인 요청","인지약국","031-674-2004","2000","0830","2000","0830","2000","0830","2000","0830","2000","0830","1600","0830","1530","1000","1530","1000","C2103086","175","92","17951","37.004893055660695","127.26897496738871"
"경기도 안양시 동안구 경수대로570번길 9 (호계동)","인진약국","031-454-9819","2200","0900","2200","0900","2200","0900","2200","0900","2200","0900","2100","0900","2100","0900","C2103882","141","09","17952","37.37393053645942","126.95830378602001"
"경기도 구리시 건원대로76번길 34, 삼보아파트단지내상가 201-1호 (인창동)","인창스마일약국","031-523-3824","1800","0900","1800","0900","1800","0900","1800","0900","1800","0900","1300","0900","C2110248","119","21","17953","37.6074068823846","127.141208267231"
"경기도 구리시 건원대로 91","농수산물4거리,유가네칼국수옆,주공1단지후문횡단보도앞","인창온누리약국","031-552-1616","2000","0900","2000","0900","2000","0900","2000","0900","2000","0900","1300","0900","C2102387","119","18","17954","37.60904187025438","127.13827303220637"
"인천광역시 미추홀구 미추홀대로 594, 동경프라자 1층 (주안동)","다이소 인천신기사거리점 바로 옆 위치, 주안동물메디컬센터 바로 옆 위치","인천365대형약국","032-424-6482","2300","0900","2300","0900","2300","0900","2300","0900","2300","0900","2300","0900","2300","0900","2300","0900","C1402211","222","27","17955","37.4506412846237","126.680365444021"
"인천광역시 남동구 장승남로 37, 1층 (만수동, 스카이프라자)","남동초등학교 옆. 만수6동 주민센터 근처.","인천굿모닝약국","032-471-5134","1900","0900","1900","0900","1900","0900","1900","0900","1900","0900","1430","0900","C1400459","215","94","17956","37.443672910235485","126.73640529056784"
"인천광역시 남동구 인하로 497-5 (구월동) 1층","인천메디칼약국","032-426-7911","1930","0830","1930","0830","1930","0830","1930","0830","1930","0830","1930","0830","C1401465","215","74","17957","37.44359736923527","126.70159568491363"
"인천광역시 계양구 계양문화로 19, 우성프라자 104~107호 (작전동)","인천세중온누리약국","032-548-7770","1900","0900","1900","0900","1900","0900","1900","0900","1900","0900","C1401641","210","79","17958","37.5324390065","126.735970994"
"인천광역시 서구 한중1로 14, 센트럴빌딩 107호 (백석동)","인천송약국","032-567-9710","2000","0900","2000","0900","2000","0900","2000","0900","2000","0900","1900","0900","C1402129","226","87","17959","37.5781231262514","126.673758251277"
"인천광역시 계양구 계양대로 206 (계산동)","계산삼거리 미래장수병원 1층","인천시민약국","070-4045-8275","1700","0900","1700","0900","1700","0900","1700","0900","1700","0900","C1400764","210","49","17960","37.542339457967756","126.72300349701571"
"인천광역시 서구 서로3로 104, 신화프라자 102호 (당하동)","인천아라약국","032-565-1513","2030","1000","2030","1000","2030","1000","2030","1000","2030","1000","1400","1000","C1402059","228","69","17961","37.5888315671731","126.707697803272"
"인천광역시 동구 샛골로 212 (송림동)","교원국제회관 옆","인천약국","032-766-2879","1800","0900","1800","0900","1800","0900","1800","0900","1800","0900","1300","0900","C1400100","225","34","17962","37.465203531552675","126.71137118360551"
"인천광역시 중구 홍예문로98번길 7 (인현동)","동인천역 맞은편 롯데리아근처상가 1층","인천약국","032-772-8677","1430","0930","1430","0930","1430","0930","1430","0930","1430","0930","1400","0930","C1400041","223","16","17963","37.475754904037935","126.63078805192586"
"인천광역시 계양구 봉오대로 613, 102호 (효성동)","인천우리약국","032-555-7377","2000","0910","2000","0910","2000","0910","2000","0910","2000","0910","1430","0910","C1402111","210","96","17964","37.530791840314","126.717116051041"
"인천광역시 계양구 장제로 789, 1층 (계산동)","인천제일큰약국","032-543-5433","2500","0900","2500","0900","2500","0900","2500","0900","2500","0900","2500","0900","2500","0900","2500","0900","C1402110","210","58","17965","37.538415998975","126.734101772778"
"인천광역시 미추홀구 연남로 35","365일 가능 (개문시간 조금 늦을때도 있으니 전화확인요망)","인천시외버스터미널 내","인천터미널약국","032-432-0231","2100","0700","2100","0700","2100","0700","2100","0700","2100","0700","2100","0700","2100","0700","2200","0700","C1400401","222","42","17966","37.44142513088326","126.70131578539238"
"인천광역시 중구 서해대로417번길 2, 102호 (신흥동2가)","인천항약국","032-719-3421","2100","0700","2100","0700","2100","0700","2100","0700","2100","0700","2100","1000","2100","1000","C1402201","223","25","17967","37.4641967342285","126.633021191231"
"부산광역시 동래구 충렬대로 248 (수안동)","4호선 수안역 6,8번출구/동래시장건너편(수안동우체국옆)","인촌약국","051-558-5088","2000","0900","2000","0900","2000","0900","2000","0900","2000","0900","1800","0900","C1201201","478","77","17968","35.2010075553","129.0862276129"
"경상남도 남해군 삼동면 동부대로1876번길 21","인춘당약국","055-863-0275","1800","0900","1800","0900","1800","0900","1200","0900","1800","0900","C2802352","524","44","17969","34.8313682661267","128.002147417671"
"경상남도 통영시 평인일주로 66 (인평동)","충무중학교 근처","인평약국","055-641-1140","1830","0900","1830","0900","1830","0900","1830","0900","1830","0900","1300","0900","C2800460","530","64","17970","34.84062627807691","128.39780916924158"
"인천광역시 미추홀구 인하로77번길 6 (용현동)","인하사랑약국","032-872-9094","2300","0900","2300","0900","2300","0900","2300","0900","2300","0900","2300","1000","2300","1000","2300","1000","C1401685","222","07","17971","37.4513373408","126.6571949167"
"인천광역시 미추홀구 독배로317번길 29, 컬러프라자 101호 (용현동)","인천SK 스카이뷰 아파트 1번 Gate","인하스카이뷰약국","032-710-3863","2000","0900","2000","0900","2000","0900","2000","0900","2000","0900","1500","0900","C1401929","221","88","17972","37.4477592050689","126.646865934414"
"인천광역시 중구 인항로 42, 신영상가 104호 (신흥동3가)","인하정문약국","032-888-7548","1930","0830","1930","0830","1930","0830","1930","0830","1930","0830","1300","0830","C1401918","223","33","17973","37.4569569650732","126.634796916705"
"인천광역시 미추홀구 인하로 73-1, 1층 우측호 (용현동)","인하후문약국","032-225-0103","2300","0900","2300","0900","2300","0900","2300","0900","2300","0900","2300","1000","2300","1000","C1402017","222","07","17974","37.4514233649715","126.656597574068"
"광주광역시 남구 서문대로824번길 11","백운광장(구)차산부인과 맞은편","인해약국","062-652-2687","1830","0900","1830","0900","1830","0900","1830","0900","1830","0900","1230","0900","C1500578","616","97","17975","35.13207792648261","126.90171971480797"
"서울특별시 관악구 인헌길 12, 1층 (봉천동)","인헌연세약국","02-877-4123","1900","0900","1900","0900","1900","0900","1900","0900","1900","0900","1400","0900","C1109013","087","93","17976","37.4751223464381","126.9667976087"
"서울특별시 관악구 인헌길 35, 영빌딩 1층 (봉천동)","공휴일은 전화확인하세요","인헌온누리약국","02-877-3870","1900","0900","1900","0900","1900","0900","1900","0900","1900","0900","1330","0900","1330","0900","C1110023","087","95","17977","37.4738875513983","126.966937206754"
"서울특별시 성북구 돌곶이로41길 33 (장위동)","장곡초등학교에서300m","인현약국","02-918-7353","2000","0900","2000","0900","2000","0900","2000","0900","2000","0900","1800","0900","C1100708","027","54","17978","37.6176005356258","127.046371938874"
"인천광역시 동구 화도진로 183","일요일, 공휴일 유동적 운영(0900~1300)","인천역근처 만석비치타운 주공아파트상가 아파트201호","인혜약국","032-773-8085","2000","0900","2000","0900","2000","0900","2000","0900","2000","0900","1700","0900","1300","0900","C1400499","225","05","17979","37.485200543465055","126.62270467160035"
"서울특별시 마포구 만리재로 15, 310,311호(공덕동,제일빌딩)","공덕역4,5번출구 제일빌딩 310,311호","인혜약국","02-702-2150","1830","0900","1830","0900","2000","0900","1830","0900","1830","0900","1500","0900","C1103139","042","14","17980","37.5445849310546","126.95276773044"
"충청남도 예산군 예산읍 예산로 179, 1층 106호","새마을금고 맞은편","인화당약국","041-337-5080","1800","0830","1800","0830","1800","0830","1800","0830","1800","0830","1300","0830","C2401293","324","35","17981","36.68599182340756","126.73790858604806"
"경기도 평택시 정암로 17 (서정동)","인화당약국","031-664-8818","2000","0900","2000","0900","2000","0900","2000","0900","2000","0900","1600","0900","C2101826","177","79","17982","37.05711746685686","127.05567933991503"
"충청북도 청주시 서원구 모충로12번길 9-13, 1층 5호 (개신동, 한사랑아파트)","충대병원오거리에서모충동언덕쪽으로200m조은새마을금고옆/우정한사랑@ 방통대/","인화약국","043-263-3770","2300","1100","2300","1100","2300","1100","2300","1100","2300","1100","2300","1100","2300","1200","2300","1100","C2300337","286","68","17983","36.62480070170912","127.46713694285178"
"경기도 안양시 만안구 장내로 86, 2층 (안양동)","인화약국","031-449-3779","1800","0900","1800","0900","1800","0900","1800","0900","1800","0900","1400","0900","C2101068","139","98","17984","37.39498570395047","126.9182600149042"
"경기도 수원시 권선구 권광로 77, 102호 (권선동)","농수산물시장정문에서권선시장가기전사거리근처","인화약국","031-222-7979","2300","0900","2300","0900","2300","0900","2300","0900","2300","0900","2300","0900","2300","0900","2300","0900","C2103684","165","68","17985","37.254995877534704","127.02896513609096"
"대전광역시 서구 도솔로 68 (도마동)","배제시장입구새마을금고옆","인화약국","042-523-1343","2000","0830","2000","0830","2000","0830","2000","0830","2000","0830","1800","0830","C1600367","353","34","17986","36.316630555555555","127.373500000000007"
"서울특별시 마포구 토정로 219","신수동사거리 인근","인화약국","02-715-8602","1900","0900","1900","0900","1900","0900","1900","0900","1900","0900","1500","0900","C1103058","040","88","17987","37.5450075151427","126.935309402194"
"부산광역시 기장군 정관읍 정관덕산길 40","버스정류장: 기장 도시관리공단 맞은편","인화약국","051-728-5520","1900","0900","1900","0900","1900","0900","1900","0900","1900","0900","1700","0900","C1200453","460","22","17988","35.32246146722547","129.18394084393898"
"서울특별시 동작구 만양로 84, 102,103호 (노량진동, 삼익주상복합상가)","격주 일요일 정기 휴무 , 공휴일 전화확인하세요","동작구노량진동330번지삼익주상복합상가1층102호","인화약국","02-826-9848","2100","0900","2100","0900","2100","0900","2100","0900","2100","0900","2000","0900","2000","1000","2100","1000","C1100709","069","14","17989","37.5113671453073","126.945225673807"
"대구광역시 북구 매전로 14 , 1층(매천동)","인화약국","053-312-7827","2100","0900","2100","0900","2100","0900","2100","0900","2100","0900","2100","0900","2000","1200","C1300598","414","87","17990","35.9084950268","128.5435758489"
"경상남도 창원시 성산구 대암로 40-14 (남양동)","공휴일 전화확인요망(병원 운영시 운영함","창원중앙병원근처","인화약국","055-282-7889","2200","0900","2200","0900","2200","0900","2200","0900","2200","0900","2130","0900","1800","1100","1800","0900","C2801024","514","84","17991","35.21370042493281","128.70085389505158"
"전라남도 영암군 시종면 쌍구길 15-1,","만물마트 맞은편","인화약국","061-472-8012","2000","0700","2000","0700","2000","0700","2000","0700","2000","0700","1300","0700","C2600021","584","27","17992","34.86823437707614","126.60810041740024"
"전북특별자치도 전주시 덕진구 무삼지로 80, 이태관내과 1층 (인후동1가)","마트엔마트옆","인후종로약국","063-241-3538","1900","0900","1900","0900","1900","0900","1900","0900","1900","0900","1600","0900","1400","0900","C2500306","550","18","17993","35.832650000000001","127.163113888888887"
"전북특별자치도 전주시 덕진구 견훤로 405, (인후동2가)","우아동 홈플러스 백제로 전북대병원방향 맞은편","인후해맑은약국","063-241-8881","1900","0830","1900","0830","1900","0830","1900","0830","1900","0830","1330","0830","C2500718","549","06","17994","35.84715134472895","127.1519990816007"
"경기도 성남시 수정구 산성대로283번길 11 (신흥동)","종합시장과우체국뒷줄위치.","일가약국","031-741-2935","2200","0900","2200","0900","2200","0900","2200","0900","2200","0900","2200","0900","2100","1600","C2100541","133","51","17995","37.4423032129305","127.14768098613612"
"광주광역시 북구 설죽로 513, (일곡동)","일곡베스트약국","062-571-0900","2200","0830","2200","0830","2200","0830","2200","0830","2200","0830","2100","0830","2100","1200","2100","1000","C1500539","610","40","17996","35.20483688033758","126.89751385029437"
"광주광역시 북구 양일로 313, 1층 (일곡동)","삼일절, 광복절, 개천절 휴무 그외 공휴일 전화 연락 후 방문 요함","일곡열린약국","062-571-4626","1900","0840","1900","0840","1900","0840","1900","0840","1900","0840","1330","0840","1330","0840","C1501213","610","40","17997","35.20290469040656","126.89788086330773"
"광주광역시 북구 설죽로 502, 일곡온누리약국 (일곡동)","일요일, 공휴일 전화 연락 후 방문 요함","일곡온누리약국","062-571-7608","2000","0900","2000","0900","2000","0900","2000","0900","2000","0900","1800","0900","1600","1000","2000","0900","C1501323","610","41","17998","35.20397737922","126.898511074464"
"광주광역시 북구 설죽로 495-8 (일곡동)","일곡우리약국","062-573-7578","1900","0900","1900","0900","1900","0900","1900","0900","1900","0900","1500","0900","C1500155","610","40","17999","35.20305794767219","126.89778074541483"
"광주광역시 북구 설죽로 495-10, 1층 (일곡동)","일곡행복약국","062-571-0606","1900","0900","1900","0900","1900","0900","1900","0900","1900","0900","1400","0900","C1501117","610","40","18000","35.2032071101","126.897366549"
"경기도 용인시 처인구 모현면 백옥대로 2410","일곱빛약국","031-334-2577","1900","0900","1900","0900","1900","0900","1900","0900","1900","0900","C2106771","170","35","18001","37.33860320883977","127.25029032635963"
"경상북도 구미시 선산읍 남문로 28,","일광약국","054-481-1426","1800","0830","1800","0830","1800","0830","1800","0830","1800","0830","1300","0830","C2700706","391","26","18002","36.2398386672827","128.3027720837199"
"서울특별시 관악구 신사로20길 52, 1층 (신림동)","일광약국","02-855-3659","2000","0800","2000","0800","2000","0800","2000","0800","2000","0800","2000","0800","2000","0800","2000","0800","C1101762","087","05","18003","37.4868831753124","126.917557843068"
"부산광역시 기장군 일광읍 해송4로 17, 101호","일광역프라자약국","051-723-3252","1830","0900","1830","0900","1830","0900","1830","0900","1830","0900","1400","0900","C1202756","460","44","18004","35.2668406513147","129.231379815711"
"인천광역시 부평구 부평문화로 97, 1층 일부호 (부평동)","부평자유시장로터리 주변 건물.","일광온누리약국","032-503-1768","2030","0900","2030","0900","2030","0900","2030","0900","2030","0900","2030","0900","C1400855","213","92","18005","37.49439341702274","126.72729374745185"
"전북특별자치도 전주시 완산구 서원로 360 (중화산동1가)","예수병원 옆","일동약국","063-238-3211","2000","0800","2000","0800","2000","0800","2000","0800","2000","0800","1900","0800","C2500800","550","46","18006","35.813430555555556","127.133338888888886"
"부산광역시 남구 수영로 209","점심시간 월~금 13:00~14:00 / 토요일 점심시간없이 운영","2호선 대연역 6번 출구","일동약국","051-612-0551","1900","0900","1900","0900","1900","0900","1900","0900","1900","0900","1400","0900","C1200837","484","45","18007","35.135270452748","129.08959396632954"
"경기도 안산시 상록구 구룡로 15 (일동)","안산중앙병원입구삼거리호동초교후문입구","일동중앙약국","031-419-3900","2100","0900","2100","0900","2100","0900","2100","0900","2100","0900","2000","0900","2000","0900","2000","0900","C2101955","153","24","18008","37.311976564091815","126.86738568561711"
"경기도 포천시 일동면 화동로 1076-1","일동국민은행에서이동방향으로5m","일동한미약국","031-535-2363","1600","0900","1600","0900","1600","0900","1600","0900","1600","0900","2000","0900","C2102579","111","17","18009","37.95920687863715","127.31892032235109"
"부산광역시 동래구 사직북로 24 (사직동)","쌍용입구사거리","일동희보약국","051-502-6708","2000","0900","2000","0900","2000","0900","2000","0900","2000","0900","1500","0900","C1200491","478","59","18010","35.1979635722501","129.06044522939695"
"경기도 안산시 단원구 선이로 20, 1층 102호( 내부적)호 (선부동)","일등365약국","031-483-1442","2230","1000","2230","1000","2230","1000","2230","1000","2230","1000","2230","1000","2230","1000","2230","1000","C2107270","152","20","18011","37.3422283495","126.8027472883"
"인천광역시 남동구 청능대로 581, 103호 (논현동, 광성프라자)","논현역 홈플러스대각선 방향","일등메디칼약국","032-434-1188","2100","0900","2100","0900","2100","0900","2100","0900","2100","0900","1800","0900","C1400730","216","53","18012","37.401283859944364","126.72360314638007"
"울산광역시 동구 방어진순환도로 863, 상가동 401,402호 (전하동, 스위첸 웰츠타워 1차)","일등약국","052-232-2991","1830","0900","1830","0900","1830","0900","1830","0900","1830","0900","C1700699","440","33","18013","35.5178023584309","129.429982200139"
"서울특별시 양천구 목동중앙북로 21, 102호 (목동)","일등약국","02-6084-7334","1900","0900","1900","0900","1900","0900","1900","0900","1900","0900","1400","0900","C1109720","079","46","18014","37.5484817493435","126.866159640554"
"서울특별시 관악구 관악로 154, 1층 (봉천동)","일등약국","02-846-3321","1900","0930","1900","0930","1900","0930","1900","0930","1900","0930","1700","0930","C1109367","087","88","18015","37.4788988744276","126.952633638607"
"서울특별시 영등포구 도림로 152-6","일등약국","02-831-0105","1800","0900","1800","0900","1800","0900","1800","0900","1800","0900","1230","0900","C1100154","074","17","18016","37.493525202191","126.898967796811"
"부산광역시 북구 백양대로 1025, 103,4호 (구포동, 협진태양아파트)","2호선 구남역 2번 출구","일등약국","0513366966","1900","0900","1900","0900","1900","0900","1900","0900","1900","0900","1300","0900","C1201123","466","50","18017","35.1978202211816","128.995085475357"
"충청남도 서산시 안견로 194 (동문동)","서산터미널","일등약국","041-664-4000","2100","0800","2100","0800","1900","0800","2100","0800","2100","0800","1400","0800","C2400322","319","81","18018","36.78116773731596","126.4590713614383"
"경기도 평택시 탄현로 333 (신장동)","일등약국","031-668-9630","2000","0900","2000","0900","2000","0900","2000","0900","2000","0900","C2107896","177","53","18019","37.08193637952589","127.05615182722724"
"경기도 부천시 호현로489번길 32-1, 1층,2층 (소사본동)","세종병원 정문 앞건물 1층","일등약국","032-342-3075","1900","0900","1900","0900","1900","0900","1900","0900","1900","0900","C2100382","147","54","18020","37.48071271573568","126.79153571201748"
"충청북도 청주시 상당구 중고개로 129, 122호 (용암동)","동물의약품 취급","일등약국","043-283-1629","2000","0830","2000","0830","2000","0830","2000","0830","2000","0830","1400","0830","C2301185","288","08","18021","36.6166363294552","127.518193782998"
"경기도 안양시 동안구 관악대로 221, 1층 (비산동)","일등약국","031-381-7786","1900","0900","1900","0900","1900","0900","1900","0900","1900","0900","1400","0900","1300","0900","C2106474","139","19","18022","37.401070408066225","126.94764065314959"
"경기도 하남시 감일백제로 105, 101호 (감이동)","일등약국","02-474-7726","1800","0900","1800","0900","1800","0900","1800","0900","1800","0900","C2108134","130","04","18023","37.5046787838267","127.161230343047"
"서울특별시 종로구 경교장길 35, 상가동 3148,3149호 (평동, 경희궁자이 3단지)","365일 심야 야간 근무합니다. 휴게시간 18:00-22:00","365일 심야근무 합니다. 근무시간은 평일 8시반부터 19시까지 근무 (19시부터 22시까지 휴식) 토요일은 9시부터 1시까지 근무(오후1시부터 22시까지 휴식) 밤 10시부터 새벽1시까지 근무합니다.","일등약국","02-723-7581","2500","0830","2500","0830","2500","0830","2500","0830","2500","0830","2500","0830","2500","2200","2500","2200","C1108596","031","80","18024","37.56803765828466","126.9662686637706"
"대전광역시 중구 계룡로 876, 102호 (오류동)","일등약국","042-525-7121","1800","0900","1800","0900","1800","0900","1800","0900","1800","0900","C1601418","349","09","18025","36.3232332443476","127.411063165281"
"경상남도 거제시 서문로3길 26, 윤석빌딩 1층 (고현동)","일등약국","055-636-6351","1900","0900","1900","0900","1900","0900","1900","0900","1900","0900","1300","0900","C2802245","532","52","18026","34.8905475089643","128.618499854088"
"충청남도 천안시 동남구 봉명4길 15, 101동 상가동 38호 (봉명동, 봉명역센트럴시티아파트)","일등약국","041-571-1178","1800","0900","1800","0900","1800","0900","1800","0900","1800","0900","1300","0900","C2401877","311","51","18027","36.8053705924728","127.136260255089"
"충청남도 공주시 번영1로 124","연중무휴 아침8시반부터 밤11시까지 운영합니다","미앤맘산부인과,앤젤리너스 건물","일등약국","041-852-7777","2300","0830","2300","0830","2300","0830","2300","0830","2300","0830","2300","0830","2300","0830","2300","0830","C2400555","325","81","18028","36.47414986662915","127.1413269997417"
"경상남도 창원시 진해구 냉천로 87, 103호 (석동, Y-Zone)","국민은행 부근","일등약국","0555421199","2000","0900","2000","0900","2000","0900","2000","0900","2000","0900","1530","0900","C2800238","515","95","18029","35.15381828506184","128.70815344883414"
"전북특별자치도 익산시 함열읍 함열중앙로 11","성모의원옆","일등약국","063-862-6660","1200","0900","1200","0900","1200","0900","1200","0900","1200","0900","C2500770","545","11","18030","36.07925144724153","126.95903370136877"
"충청남도 보령시 웅천읍 장터중앙길 150, 105호","버스정류장 앞","일등약국","041-934-9889","2000","0800","2000","0800","2000","0800","2000","0800","2000","0800","2000","0800","1900","1230","1900","0900","C2400724","335","20","18031","36.233926181005494","126.59918742832735"
"경상남도 진주시 동진로 5, (칠암동)","바른병원 근처","일등약국","055-795-4656","1930","0830","1930","0830","1930","0830","1930","0830","1930","0830","1400","0830","C2800667","527","25","18032","35.17900533272149","128.09170644861385"
"서울특별시 구로구 구로동로 149 (구로동)","일등약국","02-853-1118","1830","0830","1830","0830","1830","0830","1830","0830","1830","0830","C1107403","083","09","18033","37.491894065664","126.883551445539"
"충청남도 아산시 배방읍 배방로13번길 9-4, 1층 105호","일등약국","041-545-8439","2000","0900","2000","0900","2000","0900","2000","0900","2000","0900","1400","0900","C2401761","314","82","18034","36.7764584232543","127.055439597616"
"경상남도 창원시 마산회원구 내서읍 삼계6길 14 (내서읍)","일등약국","055-232-1061","1800","0900","1800","0900","1800","0900","1800","0900","1800","0900","1300","0900","C2801993","512","36","18035","35.2327996461","128.5034824266"
"광주광역시 북구 양산택지로 55, 1층 일부호 (양산동)","일등약국","062-522-8989","1930","0930","1930","0930","1930","0930","1930","0930","1930","0930","1700","0930","C1500615","610","24","18036","35.17736079243599","126.87358275376005"
"경상남도 김해시 내외중앙로 81, 동화선프라자 101(일부)호 (내동)","한들마트옆","일등약국","055-335-3785","1900","0830","2100","0830","1900","0830","1900","0830","2100","0830","1500","0830","1400","0830","1400","0830","C2800411","509","48","18037","35.23280732817472","128.50344304009033"
"강원특별자치도 원주시 남원로 558, 1층 (개운동)","일등약국","033-766-1126","1830","0850","1830","0850","1830","0850","1830","0850","1830","0850","1330","0850","C2201085","264","48","18038","37.3336959551006","127.947863891202"
"대구광역시 수성구 들안로 274","수성시장사거리","일등약국","053-759-1239","1930","0830","1930","0830","1930","0830","1930","0830","1930","0830","1300","0830","1300","0830","C1300753","421","19","18039","35.854569515774365","128.61744323758757"
"부산광역시 동래구 안연로109번길 21","버스정류장: 안락로타리 봉생병원","일등약국","051-527-3344","1800","0900","1800","0900","1800","0900","1800","0900","1800","0900","1300","0900","C1201499","478","89","18040","35.1969402725","129.096732924"
"경기도 안산시 상록구 석호로 162, 1층 (사동)","선부제일종합시장사거리큰길건너편","일등온누리약국","031-406-4312","2200","0900","2200","0900","2200","0900","2200","0900","2200","0900","2130","0900","2130","0900","C2103270","155","89","18041","37.2974872754","126.8497965204"
"충청남도 천안시 서북구 성거읍 성거길 103, 105호","삼일아파트상가 1층","일등온누리약국","041-577-8188","2000","0900","2000","0900","2000","0900","2000","0900","2000","0900","1600","0900","C2400354","310","45","18042","36.87473002751862","127.20090640286833"
"대전광역시 서구 문정로 134, 1층 104호 (탄방동)","일등프라자약국","042-471-6543","2000","0900","2000","0900","2000","0900","2000","0900","2000","0900","2000","0900","C1601299","352","55","18043","36.3464807849565","127.394244490134"
"전라남도 무안군 일로읍 일로로 74-1 (일로읍)","일로약국","061-281-0722","1700","0730","1700","0730","1700","0730","1700","0730","1700","0730","1230","0730","C2601171","585","75","18044","34.8494078052874","126.49459145169752"
"경기도 안양시 만안구 병목안로 2, PROJECT 240 TOWER B동 1층 102호 (안양동)","안양역cgvb관1층","일번가약국","031-463-5855","2000","0830","2000","0900","2000","0900","2000","0900","2000","0900","2000","0830","C2101061","140","01","18045","37.39963988408607","126.92018836056859"
"강원특별자치도 평창군 진부면 진부중앙로 74-2 (진부면)","일번가온누리약국","033-333-7300","1800","0840","1800","0840","2130","0830","1730","0830","1730","0830","1330","0830","1330","0830","1330","0830","C2201003","253","32","18046","37.6376763229","128.55928410240017"
"서울특별시 송파구 토성로 21, 1층 (풍납동)","공휴일은 전화확인바람","일번약국","아산병원 동관후문,풍납동한강극동아파트후문","일번약국","02-473-0056","1900","0900","1900","0900","1900","0900","1900","0900","1900","0900","1700","1000","1730","1000","1730","1000","C1104561","055","34","18047","37.530802764182","127.113000103151"
"강원특별자치도 원주시 일산로 30, 1층 (일산동)","일번약국","033-744-1911","1800","0900","1800","0900","1800","0900","1800","0900","1800","0900","C2201174","264","27","18048","37.3483763308252","127.947518672871"
"전라남도 여수시 좌수영로 1, 1층 (서교동)","일번지약국","061-920-6699","1800","0900","1800","0900","1800","0900","1800","0900","1800","0900","C2601257","597","51","18049","34.7750616773107","127.648005855398"
"대구광역시 수성구 국채보상로 856, 1층 (범어동)","구효성코아내1층","일번지약국","053-755-4778","1900","0830","1900","0830","1900","0830","1900","0830","1900","0830","1700","0830","C1300924","420","12","18050"
"서울특별시 강남구 강남대로84길 23, 1층 106호 (역삼동)","공휴일은 전화확인하세요","강남역1번출구바로앞(지상)","일번지약국","02-567-2501","2000","0900","2000","0900","2000","0900","2000","0900","2000","0900","1800","0900","1800","1300","1800","1300","C1102311","062","33","18051","37.4971298698887","127.0303844347"
"경기도 고양시 일산서구 호수로856번길 74-9, 1층 (대화동)","일산백병원근처","일산굿모닝약국","031-925-3200","1800","0830","1800","0830","1800","0830","1800","0830","1800","0830","1300","0830","C2103042","103","83","18052","37.6734535207863","126.7504527738351"
"경기도 고양시 일산동구 고양대로 739","고양대로산들마을사거리배스킨라빈스2층","일산그린약국","031-975-2475","1800","0900","1800","0900","1800","0900","1800","0900","1800","0900","1300","0900","C2103951","103","38","18053","37.68288048458598","126.77854492137848"
"경기도 고양시 일산동구 중앙로1275번길 38-10, 우림로데오스위트 2층 218호호 (장항동)","일산늘푸른약국","031-905-4535","1900","0900","1900","0900","1900","0900","1900","0900","1900","0900","1530","0900","C2103218","104","01","18054","37.660045579498096","126.77068460918517"
"경기도 고양시 일산동구 일산로 324, 서오능상가 1층 103호 (마두동)","일산다나약국","031-932-3560","1800","0900","1800","0900","1800","0900","1800","0900","1800","0900","1300","0900","C2110062","104","07","18055","37.6644264745675","126.784571193156"
"경기도 고양시 일산서구 호수로856번길 74-3, 1(전체)층 (대화동)","일산더조은약국","031-914-8275","0001","0000","C2108314","103","83","18056","37.6735812672191","126.750191954966"
"경기도 고양시 일산동구 강송로 49, 101호 (백석동, 윈스턴파크)","일산메디칼약국","031-902-9988","1830","0900","1830","0900","1830","0900","1830","0900","1830","0900","1300","0900","C2108861","104","50","18057","37.6448507377235","126.792083451585"
"경기도 고양시 일산동구 일산로 211 (마두동, 2층일부)","일산사랑약국","031-903-8806","1900","0900","1900","0900","1900","0900","1900","0900","1900","0900","1530","0900","C2103016","104","16","18058","37.65494875609821","126.78938962597672"
"강원특별자치도 원주시 원일로115번길 5","일요일 유동적 확인후 방문","농협사거리 파리바게트 지하","일산서진약국","033-746-8081","1830","0800","1830","0800","1830","0800","1830","0800","1830","0800","1300","0800","1200","0800","C2200520","264","27","18059","37.349579841941505","127.94802213995456"
"경기도 고양시 일산서구 가좌1로 53","가좌고등학교 뒷편 푸르지오아파트앞","일산선약국","031-923-0222","2000","0900","2000","0900","2000","0900","2000","0900","2000","0900","2100","0830","2000","1200","2000","0900","C2100111","102","09","18060","37.68762897331379","126.71902364767388"
"경기도 고양시 일산서구 고양대로 666, 상가동 C113호 (일산동, e편한세상 일산 어반스카이)","일산시장약국","031-976-3655","1800","0900","1800","0900","1800","0900","1800","0900","1800","0900","1300","0900","C2109450","103","53","18061","37.6835547426274","126.769264328922"
"경기도 고양시 일산동구 일산로 439, 1(일부)층 (정발산동)","추석,구정 제외 공휴일 운영","동원산부인과 1층","일산아이약국","031-925-0350","2100","0900","2100","0900","2100","0900","2100","0900","2100","0900","1330","0900","1300","0900","1300","0900","C2103995","103","59","18062","37.6729571866","126.7779987911"
"강원특별자치도 원주시 원일로115번길 7","일요일 전화후 확인후 방문","*일요일 당번약국(최원규소아과 연계)","원주세브란스기독병원에서 A도로 가는 방향","일산약국","033-742-8686","1830","0830","1830","0830","1830","0830","1830","0830","1830","0830","1500","0830","C2200086","264","27","18063","37.34950168236198","127.94788121416181"
"경기도 고양시 일산서구 중앙로 1564, 그린월드 101호 (대화동)","일산에이스약국","031-912-6969","2100","0830","2100","0830","2100","0830","2100","0830","2100","0830","2100","0830","2100","1400","2100","1400","C2100103","103","81","18064","37.67605892837644","126.7486530018178"
"경기도 고양시 일산동구 장백로 172, 305호 (장항동, 금강프라자)","일산온누리약국","031-994-0163","1900","0900","1900","0900","1900","0900","1900","0900","1900","0900","C2102973","104","14","18065","37.650346898785486","126.77785354148247"
"경기도 고양시 일산동구 중앙로 1123, 상가동 127,128호(백석동)","일산자유로약국","031-758-1941","2030","0830","2030","0830","2030","0830","2030","0830","2030","0830","2030","0830","C2102395","104","21","18066","37.6471451128","126.7814296801"
"경기도 고양시 일산서구 일중로 46, 106-107호 (일산동)","일산제일큰행운약국","031-975-2511","2100","0830","2100","0830","2100","0830","2100","0830","2100","0830","2100","0830","1300","0830","1700","0830","C2102887","103","40","18067","37.683595150843566","126.77533677435662"
"경기도 고양시 일산서구 일산로 530, 1층 (일산동, 모아프라자)","일산종로약국","031-921-5232","2100","0900","2100","0900","2100","0900","2100","0900","2100","0900","2100","0900","2100","1100","2100","1100","C2103056","103","74","18068","37.67749247869292","126.76910251147197"
"경기도 고양시 일산동구 정발산로 33 (장항동) 402-1호(장항동, 낙원프라자)","일산코코약국","031-906-9844","1900","0900","1900","0900","1900","0900","1900","0900","1900","0900","1500","0900","C2106539","104","02","18069","37.657172458138184","126.77254715474133"
"경기도 고양시 일산서구 일산로 676, 1층 (대화동)","대화지구대바로옆바른정형외과건물1층","일산큰사랑약국","031-919-2728","1930","0830","1930","0830","1930","0830","1930","0830","1930","0830","1700","0830","C2102305","103","68","18070","37.6825339868574","126.75408520916691"
"경기도 고양시 일산서구 고양대로632번길 60, 113,114호 (일산동, 일산역이안)","일산역이안아파트 1층","일산태양약국","031-976-9933","2200","1000","2200","1000","2200","1000","2200","1000","2200","1000","2200","1000","2200","1000","2200","0900","C2102912","103","52","18071","37.6837093437","126.769491379"
"경기도 고양시 일산서구 원일로 69, 씨티프라자 103호 (일산동)","일산현대약국","031-000-0000","1800","0900","1800","0900","1800","0900","1800","0900","1800","0900","1300","0900","C2109310","103","50","18072","37.6867679770453","126.77018402827"
"경기도 고양시 일산서구 원일로 69, 씨티프라자 311호 (일산동)","일산시장씨티프라자311호","일산호산나약국","031-975-4589","1900","0900","1900","0900","1900","0900","1900","0900","1900","0900","1600","0900","C2103788","103","50","18073","37.68685025792759","126.77017982117466"
"경기도 파주시 경의로 1080, 명동프라자 106호 (야당동)","&amp; lt;위치정보&amp; gt; 야당역 앞 육교 옆 이디야커피, 맘스터치, 이바돔감자탕 건물 1층","일상약국","031-948-4917","2130","0900","2130","0900","2130","0900","2130","0900","2130","0900","1630","0900","1430","0900","C2108198","109","08","18074","37.7138108555518","126.75995262432"
"경상북도 포항시 남구 구룡포읍 구룡포길 67 (구룡포읍)","공휴일 운영 설날, 추석 당일 제외","일선약국","054-276-2559","1900","0800","1900","0800","1900","0800","1900","0800","1900","0800","1700","0800","1700","0900","1700","0900","C2701501","379","32","18075","35.9902449853","129.5534344398"
"서울특별시 송파구 가락로11길 8 (석촌동)","석촌초등학교골목길","일선약국","02-414-0847","2000","0900","2000","0900","2000","0900","2000","0900","2000","0900","1900","0900","C1104448","056","88","18076","37.5010541860792","127.104862114003"
"부산광역시 금정구 금강로 565","구서2동 새마을금고 앞","일선약국","051-513-0574","1920","0830","1920","0830","1920","0830","1920","0830","1920","0830","1920","0830","1920","1500","1920","0830","C1200426","462","31","18077","35.25788286621621","129.08757602911433"
"강원특별자치도 횡성군 횡성읍 문정로 29","1,6일 포함된 장날만 일요일 운영(09-19)","일성당프라자약국","033-343-2619","1830","0900","1830","0900","1830","0900","1830","0900","1830","0900","1830","0900","C2200134","252","32","18078","37.48949845865048","127.98678991663023"
"전북특별자치도 전주시 완산구 홍산로 250","전북도청에서 남쪽으로 4~500m, 우리들정형외과 밑에 위치","일성약국","063-272-8337","1830","0800","1830","0800","1830","0800","1830","0800","1830","0800","1630","0800","C2500028","549","69","18079","35.816017197100344","127.10666261845031"
"충청남도 보령시 대천로 26 (대천동)","보령경찰서 앞","일성약국","041-933-1069","1830","0830","1830","0830","1830","0830","1830","0830","1830","0830","1300","0830","C2400691","334","66","18080","36.3509734013858","126.5972937599142"
"서울특별시 서대문구 신촌로 9, (창천동)","일신당약국","02-334-7378","1900","0930","1900","0930","1900","0930","1900","0930","1900","0930","1700","0930","C1100789","037","85","18081","37.5585323394548","126.928047528407"
"부산광역시 기장군 정관읍 정관6로 31, 1층 105호","버스정류장: 정관일신기독병원","일신도담약국","051-728-1237","1800","0830","1800","0830","2000","0830","1800","0830","1800","0830","1400","0830","C1202435","460","17","18082","35.3196975583","129.17745060070402"
"충청북도 증평군 증평읍 윗장뜰길 35","일요일, 공휴일 전화요망","파리바게트 뒤 양조장 골목길","일신약국","043-836-2223","2200","0700","2200","0700","2200","0700","2200","0700","2200","0700","2200","0700","2100","0700","2200","0700","C2300430","279","30","18083","36.78335195848049","127.58142842970102"
"부산광역시 기장군 정관읍 정관6로 31, 106호","버스정류장: 동원로얄듀크2차","일신약국","051-728-8131","1800","0830","1800","0830","1800","0830","1800","0830","1800","0830","1300","0830","C1202410","460","17","18084","35.3196938763","129.1774548998"
"부산광역시 해운대구 좌동순환로 309, 삼정프라자 104호 (좌동)","점심시간13:00-14:00","버스정류장: 영남아파트","일신약국","051-701-2451","1930","0900","1930","0900","1930","0900","1930","0900","1930","0900","1430","0900","C1200714","481","13","18085","35.16837049511998","129.1831916452483"
"서울특별시 종로구 종로 224, 1층 (종로5가)","공휴일은 전화확인하세요","일신약국","02-2264-7885","2100","0800","2100","0800","2100","0800","2100","0800","2100","0800","2100","0800","2000","0800","2000","0900","C1108773","031","96","18086","37.5707581410875","127.00250390707"
"부산광역시 중구 동영로 6-1","메리놀병원 응급실 앞","일신약국","051-463-7584","1800","0900","1800","0900","1800","0900","1800","0900","1800","0900","1800","0900","C1200540","489","21","18087","35.10772186990502","129.03330512347085"
"울산광역시 중구 학성로 111-1, 1층 (옥교동)","중앙호텔옆","일신약국","052-243-8324","1830","0900","1830","0900","1830","0900","1830","0900","1830","0900","1700","0900","C1700067","445","30","18088","35.5557430008672","129.323228949382"
"인천광역시 부평구 일신로14번길 10","공휴일 유동적","풍림아파트 농협에 위치","일신약국","032-502-7582","1930","0900","1930","0900","1930","0900","1930","0900","1930","0900","1900","0900","1900","1000","1900","0900","C1400664","214","19","18089","37.484019344255145","126.74503700230119"
"대구광역시 중구 달성로 99 (달성동)","일신약국","053-554-8325","1800","0900","1800","0900","1500","0900","1800","0900","1800","0900","1500","0900","C1300499","419","23","18090","35.874005280538135","128.58195158754452"
"경상북도 구미시 야은로 765 (신평동)","일신약국","054-463-1130","2000","0900","2000","0900","2000","0900","2000","0900","2000","0900","1600","0900","C2700142","392","39","18091","36.1237464232065","128.36293947806772"
"경상북도 안동시 중앙로 62 (동부동)","일신약국","054-841-8945","1800","0830","1800","0830","1800","0830","1800","0830","1800","0830","1300","0830","C2700542","367","05","18092","36.56490514265583","128.73334514401688"
"경상남도 양산시 물금읍 오봉로 195","넥슨타이어사원아파트 맞은편","일신약국","055-363-3008","1900","0900","1900","0900","1900","0900","1900","0900","1900","0900","1500","0900","1200","0900","C2800842","505","95","18093","35.333846750777816","129.00879288599376"
"서울특별시 강서구 강서로7길 90, (화곡동)","일심당약국","02-2602-0856","2100","0930","2100","0930","2100","0930","2100","0930","2100","0930","2100","0930","C1100832","077","76","18094","37.5292613373862","126.842680963525"
"대전광역시 동구 동서대로 1689","일반의약품판매로 처방조제 불가합니다","터미널 내 위치","일심약국","042-637-0059","2030","0530","2030","0530","2030","0530","2030","0530","2030","0530","2030","0530","2030","0530","2030","0530","C1600679","345","51","18095","36.350376396626814","127.43663978041727"
"부산광역시 동구 정공단로 33","1호선 좌천역 7번출구/버스정류장: 일신기독병원 정문","일심약국","051-631-3627","1800","0900","1800","0900","1800","0900","2200","0900","1800","0900","1300","0900","C1201124","487","24","18096","35.135697075001296","129.05449282049514"
"서울특별시 서대문구 연세로 42, (창천동)","신촌연세대정문앞(굴다리앞)","일심약국","02-392-3333","1900","0830","1900","0830","1900","0830","1900","0830","1900","0830","1330","0900","C1100833","037","76","18097","37.5592424617438","126.937123694466"
"광주광역시 북구 설죽로370번길 32 (오치동)","일요일, 공휴일 전화 연락후 방문 요함","일양약국","062-265-1187","1930","0830","1930","0830","1930","0830","1930","0830","1930","0830","1930","0830","1900","1000","1930","0830","C1500198","610","52","18098","35.1934935321928","126.901981787581"
"충청북도 음성군 대소면 오태로 62-1 (대소면)","성신의원 옆","일양약국","043-883-2040","1800","0800","1800","0800","1800","0800","1800","0800","1800","0800","1300","0800","C2300580","276","68","18099","36.969312894150576","127.48298147870167"
"전북특별자치도 김제시 만경읍 만경로 813","만경터미널 바로 앞","일양약국","070-8833-3372","1800","0830","1800","0830","1800","0830","1800","0830","1800","0830","1300","0830","C2500019","543","07","18100","35.85279255238213","126.81624798372935"
"대전광역시 서구 청사로 228, 307호 (둔산동,청사오피스텔)","점심시간 12:30~14시 토요일: 5~9월은 9시~13시 운영 (변동 있을 수 있음)","둔산동사학연금회관뒤편청사오피스텔3층","일영약국","042-484-2146","1830","0900","1830","0900","1830","0900","1830","0900","1830","0900","1500","0900","C1600148","352","09","18101","36.35947197414215","127.3890903635932"
"충청북도 청주시 청원구 직지대로 878 (우암동)","북부정류장 부근","일오약국","043-256-1515","1900","0800","1900","0800","1900","0800","1900","0800","1900","0800","1900","0800","1900","0800","1900","0800","C2300068","285","35","18102","36.65072981904318","127.48738723690994"
"경기도 화성시 동탄지성로 133, 103호 (능동, 덕천프라자)","일우약국","031-8003-9839","2000","0900","2000","0900","2000","0900","2000","0900","2000","0900","1400","0900","C2101567","184","31","18103","37.2091205564","127.0607340654"
"서울특별시 강남구 양재대로55길 19 (일원동)","일원1동사무소우체국건너편","일원시장약국","02-459-4465","2100","0900","2100","0900","2100","0900","2100","0900","2100","0900","2100","0900","C1100834","063","42","18104","37.4921064842244","127.087348458413"
"서울특별시 강남구 일원로 120, 상가동 1층 104호 (일원동, 샘터마을아파트)","일원약국","02-2226-7942","1830","0900","1830","0900","1830","0900","1830","0900","1830","0900","1300","0900","C1108980","063","56","18105","37.483870629524716","127.0835043738074"
"서울특별시 강남구 일원로 지하121, 일원역 지하M층 338-M01호 (일원동)","일원역1번출구약국","02-445-1011","1830","0830","1830","0830","1830","0830","1830","0830","1830","0830","1300","0900","C1109782","063","55","18106","37.4840735840284","127.084451750048"
"서울특별시 강남구 일원로 지하 121, B1층 104호 (일원동)","일원역구내 348-1호","일원역약국","02-451-8233","1830","0900","1830","0900","1830","0900","1830","0900","1830","0900","1300","0900","C1100835","063","55","18107","37.4840735840284","127.084451750048"
"서울특별시 강남구 일원로 120, 102호,지하1-4호 (일원동, 샘터마을아파트)","일원정류장약국","02-445-7794","1830","0900","1830","0900","1830","0900","1830","0900","1830","0900","1300","0900","C1109081","063","56","18108","37.48380304596032","127.08351560510773"
"경상북도 영양군 영양읍 동서대로 78","일요일 랜덤운영 전화 확인후 방문 요망","일월산약국","054-683-7048","2130","0800","2130","0800","2130","0800","2130","0800","2130","0800","2130","0800","2130","0800","C2700009","365","40","18109","36.662201159399096","129.11758412998503"
"경기도 수원시 권선구 일월천로16번길 39","일월초등학교옆","일월약국","031-227-9966","2030","0830","2030","0830","2030","0830","2030","0830","2030","0830","1800","0830","C2103815","164","13","18110","37.283980834795955","126.97554059814104"
"서울특별시 서초구 서초대로 306 (서초동)","교대역2번출구바로앞1층","일이약국","02-583-9551","2100","0930","2100","0930","2100","0930","2100","0930","2100","0930","1800","0930","C1102304","066","34","18111","37.4938525114322","127.015141911344"
"경기도 부천시 부일로 523 (심곡동)","소명사거리부천역방향","일죽약국","032-651-2034","2200","0900","2200","0900","2200","0900","2200","0900","2200","0900","2200","0900","2200","0900","C2100221","146","42","18112","37.48527441793337","126.78843969453331"
"경기도 안성시 일죽면 금일로 459-2","일죽중앙약국","031-000-0000","1800","0900","1800","0900","1800","0900","1800","0900","1800","0900","1300","0900","C2110092","175","29","18113","37.0928663867242","127.478088247208"
"경기도 안성시 일죽면 금일로 463, 우측호","일죽큰사랑약국","031-0000-0000","1800","0900","1800","0900","1800","0900","1800","0900","1800","0900","1300","0900","C2110114","175","29","18114","37.0931015501459","127.478337295319"
"경상남도 김해시 분성로 303, (서상동)","일요일은 전화문의 후 방문","김해 김수로왕릉공원 옆","일진건재당약국","055-337-5888","2100","0900","2100","0900","2100","0900","2100","0900","2100","0900","2100","0900","2100","0900","C2800809","509","16","18115","35.233482454343864","128.87916094582866"
"부산광역시 중구 국제시장2길 5","버스정류장:국제시장사거리/창선상가 1층 1호선 자갈치역 7번 출구","일진사약국","051-253-1311","2200","0800","2200","0800","2200","0800","2200","0800","2200","0800","2200","0800","2200","0800","2200","0800","C1200281","489","45","18116","35.09970555826292","129.02831633292536"
"대구광역시 달서구 달구벌대로 1348 (이곡동)","운영시간 유동적, 전화후 방문 필요","성서초등학교맞은편도외과1층","일진약국","053-582-9675","2200","0800","2200","0800","2200","0800","2200","0800","2200","0800","2200","0800","2200","0800","2200","0800","C1300777","426","96","18117","35.85046229826431","128.51480459166504"
"서울특별시 도봉구 도봉로 575, 삼환프라자 103호 (쌍문동)","도봉보건소 사거리","일충프라자약국","02-902-9696","1830","0900","1830","0900","1830","0900","1830","0900","1830","0900","1500","0900","C1103381","014","32","18118","37.6564054566286","127.038790046328"
"서울특별시 송파구 양재대로 932, 105호 (가락동, 가락몰 관리업무동)","일층가락약국","02-404-2101","2300","0800","2300","0800","2300","0800","2300","0800","2300","0800","1700","0900","C1109398","056","99","18119","37.495101670654215","127.11560112117755"
"대구광역시 달서구 달구벌대로 1521, 1층 (용산동)","일층봄약국","053-525-3351","1800","0900","1800","0900","1800","0900","1800","0900","1800","0900","C1301904","426","33","18120","35.8500519510607","128.533286170575"
"경상남도 진주시 진양호로 206, BYC 진주빌딩 107호 (평거동)","일층약국","055-742-0600","2100","0830","2100","0830","2100","0830","2100","0830","2100","0830","1800","0830","1800","0830","1800","0900","C2801821","527","03","18121","35.172530186068684","128.06007266334683"
"서울특별시 강남구 남부순환로 2909, 여천빌딩 1층 일부호 (대치동)","일층약국","02-554-7588","1830","0900","1830","0900","1830","0900","1830","0900","1830","0900","C1110429","062","80","18122","37.4921823099018","127.057410744328"
"경상남도 양산시 물금읍 동중1길 8, 1층","일층약국","055-383-5949","1500","0830","1800","0830","1930","0830","1800","0830","1800","0830","1500","0830","C2802114","505","97","18123","35.3292874435685","129.004220356615"
"경상남도 김해시 구산로 33, 1층 (구산동)","일층약국","055-724-1988","1900","0900","2000","0900","1900","0900","2000","0900","1900","0900","1400","0900","C2802050","509","05","18124","35.249045955109544","128.87230028617785"
"부산광역시 남구 수영로 323, 태강프라자 105호 (대연동)","13:00 - 14:00 휴게시간","일층약국","051-611-2296","1900","0900","2000","0900","1900","0900","1900","0900","1900","0900","1500","0900","C1202935","484","34","18125","35.1382238378957","129.101073248643"
"경상북도 상주시 상산로 256","일층약국","054-531-2358","1730","0830","1730","0830","1730","0830","1730","0830","1730","0830","1300","0830","C2700129","371","96","18126","36.41371618598302","128.1597051619458"
"서울특별시 강남구 남부순환로 2909, 여천빌딩 1층 일부호 (대치동)","일층약국","02-554-7588","1830","0900","1830","0900","1830","0900","1830","0900","1830","0900","C1110427","062","80","18127","37.4921823099018","127.057410744328"
"서울특별시 중랑구 용마산로 434 (면목동) 1층","일층약국","02-2293-9311","1930","0900","1930","0900","1930","0900","1930","0900","1930","0900","1600","0900","C1107184","021","89","18128","37.5899591743596","127.097376830817"
"전라남도 나주시 상야1길 7, 151호 (빛가람동)","일층약국","061-820-8919","1800","0900","1800","0900","1800","0900","1800","0900","1800","0900","C2601336","582","17","18129","35.0226404638386","126.785873020836"
"서울특별시 마포구 신촌로 266, 1층 (아현동)","2호선아현역4번출구아현우체국옆","일층약국","02-6405-1311","1900","0800","1900","0800","1900","0800","2000","0800","1900","0800","1430","0800","C1103753","041","16","18130","37.5570813508888","126.955140384222"
"경기도 용인시 처인구 금령로 86, 118,119호 (김량장동)","일층약국","031-335-8001","1800","0900","1800","0900","1800","0900","1800","0900","1800","0900","1300","0900","C2110179","170","51","18131","37.2350859784862","127.205815188674"
"충청북도 영동군 영동읍 계산로 91","일편단심약국","043-744-2360","1800","0900","1800","0900","1800","0900","1800","0900","1800","0900","C2301025","291","44","18132","36.1717878691","127.7867900535"
"인천광역시 부평구 경원대로1403번길 4 (부평동)","부평역 부근","일호약국","032-524-5822","2130","0900","2130","0900","2130","0900","2130","0900","2130","0900","2130","0900","C1400441","213","95","18133","37.49157826823545","126.72517248912058"
"경기도 용인시 기흥구 동백죽전대로 333, 지4층 105,106호 (중동, 스프링카운티자이)","일호약국","031-284-3001","1830","0830","1830","0830","1830","0830","1830","0830","1830","0830","1600","0830","1500","1000","1500","1000","C2108446","169","95","18134","37.2693583911549","127.150343760403"
"경상남도 창원시 마산회원구 북성로 121, (회원동)","북마산농협근방","일호약국","055-221-7628","1530","0730","1530","0730","1530","0730","1530","0730","1530","0730","C2800652","512","95","18135","35.218106719011885","128.57040495105014"
"서울특별시 동대문구 약령서길 32, 1층 (제기동)","일화당약국","02-960-1112","1700","1000","1700","1000","1700","1000","1700","1000","1700","1000","1300","1000","C1109687","025","69","18136","37.5797564123386","127.036278642724"
"인천광역시 서구 장고개로337번길 16, 가좌한신 휴아파트 상가 408호 (가좌동)","가좌동 우체국 옆 하나로마트 건물 4층.","일화약국","032-576-9321","1830","0900","1830","0900","1830","0900","1830","0900","1830","0900","1400","0900","C1400365","228","10","18137","37.4931430937","126.6853550503"
"전라남도 여수시 신월로 731, 1층 (봉산동)","임 약국","061-642-0898","1300","0830","1300","0830","1300","0830","1300","0830","1300","0830","1600","0830","C2600560","597","56","18138","34.7361060068408","127.72076745648377"
"강원특별자치도 정선군 임계면 서동로 4558","임계중앙약국","033-563-3384","1700","1000","1700","1000","1700","1000","1700","1000","1700","1000","1700","1000","1700","1000","1700","1000","C2201145","261","10","18139","37.4946783747456","128.85005703397"
"서울특별시 서초구 방배로 244, 1층 (방배동)","방배동함지박사거리근처","임마누엘온누리약국","02-534-2678","2000","0900","2000","0900","2000","0900","2000","0900","2000","0900","1800","0900","C1102305","065","84","18140","37.4948765576155","126.989483044489"
"대전광역시 중구 계백로 1683 (오류동)","문화동 홈플러스 맞은편","임문택약국","042-523-0078","2200","0830","2200","0830","2200","0830","2200","0830","2200","0830","2200","0830","2200","0900","2200","0900","C1600455","349","10","18141","36.320963888888890","127.406411111111112"
"서울특별시 용산구 이촌로14길 16, 3동 1층 104호 (이촌동, 시범아파트)","일요일 및 공휴일 운영시간이 불규칙하여 방문전 전화확인 필요","대명(아) 101호","임상온누리약국","02-713-0493","2200","0800","2200","0800","2200","0800","2200","0800","2200","0800","2000","0900","2000","0900","2200","0800","C1104650","043","74","18142","37.52730853420459","126.95441958805533"
"전북특별자치도 임실군 임실읍 운수로 17","일요일은 첫째주만 영업","임실터미널 앞","임실백제약국","063-643-0673","1830","0830","1830","0830","1830","0830","1830","0830","1830","0830","1500","0830","C2500123","559","27","18143","35.61551683935162","127.28327305074006"
"전북특별자치도 임실군 임실읍 봉황로 139,","일요일4주째당번","농협중앙회 옆","임실약국","063-642-5535","1800","0800","1800","0800","1800","0800","1800","0800","1800","0800","1400","0800","C2500075","559","26","18144","35.61327568311898","127.2784843594381"
"부산광역시 부산진구 동평로 370, 1층 (양정동)","공휴일의 경우... 간혹... 휴무하기도 합니다.","부산진구 [부산시교육청] 맞은편 대로변 입니다.","하마정에서 초읍방면","임약국","051-862-3751","1800","0900","1800","0900","1800","0900","1800","0900","1800","0900","1600","0900","1500","0900","C1200162","472","07","18145","35.1745499124","129.0656113737"
"서울특별시 관악구 신림로 318, 6층 (신림동, 청암두산위브센티움)","신림역2번출구50m/청암두산위브센티움 6층","임약국","02-885-6030","1900","0900","1900","0900","1900","0900","1900","0900","1900","0900","1400","0900","C1101396","087","77","18146","37.4825754320038","126.930252917369"
"울산광역시 울주군 언양읍 헌양길 46","구)파출소 사거리","임약국","052-262-0073","2030","0830","2030","0830","2030","0830","2030","0830","2030","0830","2030","0830","2030","0900","2030","0900","C1700007","449","41","18147","35.5651918309486","129.1250163114866"
"경기도 고양시 덕양구 보광로 6, 1층 일부호 (고양동)","임약국","031-962-3337","1830","0900","1830","0900","1830","0900","1830","0900","1830","0900","1400","0900","C2102751","102","71","18148","37.717162816559544","126.9011784764542"
"경기도 성남시 분당구 성남대로 170, 301호 (금곡동, 한국프라자)","토요일 방문 전 전화확인 필수(주변 약국과 협의하여 운영)","임약국","031-716-3444","1830","0900","1830","0900","1830","0900","1830","0900","1830","0900","1300","0900","C2100842","136","18","18149","37.35116854883355","127.10953870158981"
"경기도 남양주시 퇴계원읍 퇴계원로 52, 다모아빌딩 103,104호","국민은행건물1층","임약국","031-574-8484","2200","0830","2200","0830","2200","0830","2200","0830","2200","0830","1700","0830","1900","0900","1900","0900","C2102584","121","19","18150","37.65124063795551","127.14218872720224"
"서울특별시 영등포구 경인로79길 4, (문래동2가)","문래1동마을금고옆","임약국","02-2677-4922","1900","0830","1900","0830","1900","0830","1900","0830","1900","0830","1600","0830","C1100659","072","90","18151","37.5128589619773","126.894927164358"
"강원특별자치도 춘천시 후석로 278 (후평동)","인공폭포 맞은편","임약국","033-257-8418","1800","0900","1800","0900","1800","0900","1800","0900","1800","0900","1300","0900","C2200001","243","04","18152","37.87645327693306","127.75274630920916"
"강원특별자치도 강릉시 율곡로 2937 (교동)","","교1동 강일여고사거리 버스정류장옆","임영약국","033-643-6071","2200","0930","2200","0930","2200","0930","2200","0930","2200","0930","C2200448","255","02","18153","37.764752526969374","128.8914081484387"
"충청북도 진천군 진천읍 중앙서로 32 (정피부비뇨기과의원)","임온누리약국","043-534-0051","2000","0900","2000","0900","2000","0900","1900","0900","2000","0900","1500","0900","1500","0900","C2300627","278","32","18154","36.856674329097295","127.44200234063973"
"서울특별시 강북구 오현로34길 12, 창암빌딩 (번동)","임온누리약국","02-984-7412","1800","0900","1800","0900","1800","0900","1800","0900","1800","0900","1600","0900","C1104804","012","24","18155","37.6286035478846","127.040039504413"
"경상북도 구미시 왕산로 28-10, 구미 임은 삼도뷰엔빌W (임은동)","임은하나약국","054-465-2311","2000","0900","2000","0900","2000","0900","2000","0900","2000","0900","1600","0900","1400","0900","C2701342","393","53","18156","36.08601174433906","128.36375607964308"
"경기도 연천군 군남면 군남로 117-2","임진강약국","031-833-5579","2000","0900","2000","0900","2000","0900","2000","0900","2000","0900","2000","0900","2100","0900","C2102636","110","07","18157","38.057982684093695","127.01893189818178"
"충청남도 공주시 웅진로 215, 1층 (산성동)","일요일,공휴일,대체휴무일은 쉽니다.","순풍외과 옆","임채호약국","041-852-0543","1800","0900","1800","0900","1800","0900","1800","0900","1800","0900","1300","0900","C2400761","325","39","18158","36.45959114051776","127.12455482104232"
"충청남도 부여군 임천면 성흥로 92-1","임천파출소-부여방향","임천약국","041-833-2045","1800","0730","1800","0730","1800","0730","1800","0730","1800","0730","1500","0730","C2400504","332","19","18159","36.190278286631845","126.891834614211"
"경상북도 포항시 남구 송림로 29","임초약국","054-282-2511","1800","0900","1800","0900","1800","0900","1800","0900","1800","0900","1300","0900","C2700721","378","00","18160","36.03244606717652","129.37552474442526"
"인천광역시 계양구 장제로 871, 셀파마빌딩 1층 (임학동)","평일 13:00~14:00 휴게시간","임학약국","032-541-1312","1930","0830","1930","0830","1930","0830","1930","0830","1930","0830","1400","0830","C1402026","210","34","18161","37.5449602338131","126.738143363482"
"경상남도 김해시 분성로 174 (외동)","임호 사거리 약국","055-337-4114","1900","0900","1900","0900","1900","0900","1900","0900","2000","0900","1400","0900","C2800532","621","919","18162","35.2296803464348","128.8658875776725"
"부산광역시 수영구 남천동로 41 (남천동, 하늘채@ 상가501동 10호)","주말, 공휴일 방문시 전화문의 요망","2호선 남천역1번출구/코오롱 하늘채 골든비치 아파트","임호당약국","051-623-8772","1900","0830","1900","0830","1900","0830","1900","0830","1900","0830","1700","0830","1700","0830","1800","0900","C1201390","483","06","18163","35.14142038234487","129.11182406251268"
"경상북도 경주시 외동읍 입실시장길 7-6,","입실도로가","입실약국","054-776-6403","1900","0830","1900","0830","1900","0830","1900","0830","1900","0830","1430","0830","1200","0900","C2700045","382","13","18164","35.71458077031877","129.32450625374258"
"전북특별자치도 정읍시 입암면 정읍남로 514, 입암약국","입암농협 앞","입암약국","063-538-0132","1630","0800","1630","0800","1630","0800","1630","0800","1630","0800","1200","0800","C2500693","562","15","18165","35.50599301559876","126.79416040093818"
"충청남도 천안시 서북구 입장면 입장로 130 (입장면)","입장면사무소 맞은편","입장메디칼약국","041-584-1007","1830","0830","1830","0830","1830","0830","1830","0830","1830","0830","1300","0830","C2400513","310","55","18166","36.91267200051243","127.22194903336015"
"충청남도 천안시 서북구 입장면 입장로 128, 1층","입장백약국","041-582-7540","2100","0830","2100","0830","2100","0830","2100","0830","1900","0830","1400","0830","C2401720","310","55","18167","36.9124857129178","127.222111556584"
"충청남도 천안시 서북구 입장면 성진로 714","성환터미널 근처","입장정든약국","041-585-5502","1800","0900","1800","0900","1800","0900","1800","0900","1500","0900","C2400560","310","54","18168","36.9126627166","127.2103117323"
"충청남도 천안시 서북구 입장면 입장로 141 (입장면)","입장제일병원 옆","입장제일약국","041-584-6757","1900","0830","1900","0830","1900","0830","1900","0830","1900","0830","1500","0830","C2400109","310","55","18169","36.9138923122","127.2219229565"
"부산광역시 중구 자갈치로37번길 4-1(남포동5가)","자갈치역 10번출구 안쪽 자갈치육일약국입니다. 365일 연중무휴 아침 8시 ~ 저녁 10시 근무합니다.","자갈치대형약국","051-255-6149","2200","0800","2200","0800","2200","0800","2200","0800","2200","0800","2200","0800","2200","0800","2200","0800","C1202787","489","83","18170","35.0972856495733","129.02849288912"
"부산광역시 중구 자갈치로47번길 3-1, 1층 일부호 (남포동5가)","일요일 문의","자갈치시장약국","051-989-9979","2100","0800","2100","0800","2100","0800","2100","0800","2100","0800","2100","0800","2100","0800","C1203069","489","83","18171","35.0974837008848","129.029285850816"
"부산광역시 중구 구덕로 5, 1층 (남포동1가)","13:00~14:00 점심","자갈치홍약국","051-714-1366","1900","0900","1900","0900","1900","0900","1900","0900","1900","0900","1900","0900","C1202768","489","84","18172","35.0975685551561","129.034979776018"
"서울특별시 강남구 자곡로 180, 강남유탑유블레스 106-1호 (자곡동)","공휴일은 전화확인하세요","자곡맑은약국","070-4413-0829","1930","0900","1930","0900","1930","0900","1930","0900","1930","0900","1500","0900","1300","1000","1300","1000","C1109589","063","73","18173","37.4737022348839","127.103398442206"
"경상남도 의령군 의령읍 의병로 228-1 (자굴산약국)","일요일 장날(3, 8일)진료(08:00~16:00)","중앙(군청)사거리 부근","자굴산약국","055-572-4912","1300","0900","1300","0900","1300","0900","1300","0900","1300","0900","1600","0800","C2800055","521","49","18174","35.31964985924226","128.26172988011677"
"경기도 안양시 동안구 흥안대로 510, 1층 (관양동, 정빌딩)","자명약국","031-425-5432","2130","0900","2130","0900","2130","0900","2130","0900","2130","0900","2100","0900","2030","1100","C2101761","139","43","18175","37.399349885258644","126.97748014238108"
"서울특별시 도봉구 도봉로133길 14","도봉보건소후문성원하이츠@A동 101호","자모약국","02-992-6516","1830","0800","1830","0800","1830","0800","1830","0800","1830","0800","1300","0900","C1100787","013","95","18176","37.6575664313433","127.038883466104"
"광주광역시 북구 북문대로 129, (운암동)","자모약국","062-511-1080","2000","0900","2000","0900","2000","0900","2000","0900","2000","0900","1600","0900","C1500140","612","56","18177","35.18048873471806","126.87380897294551"
"경기도 오산시 내삼미로 93, 1층 108호 (수청동)","자민약국","031-376-7558","2000","0800","1300","0900","1300","0900","1300","0900","1300","0900","1600","0800","1300","0900","C2107702","181","14","18178","37.1705347541","127.0657880407"
"서울특별시 성북구 화랑로5길 42 (하월곡동)","공휴일은 운영시간 변동이 가능하니 사전 연락하고 방문하시길 바랍니다.","자산약국","02-913-2130","1900","0900","1900","0900","1900","0900","1900","0900","1900","0900","1900","0900","1900","0900","C1100770","027","48","18179","37.6044179693278","127.039477060894"
"경기도 하남시 대청로116번길 59-1, 113호 (창우동, 신안아파트종합상가)","자생당약국","031-793-5866","2000","0900","2000","0900","2000","0900","2000","0900","2000","0900","1800","0800","C2100645","129","55","18180","37.53614099051283","127.22568089949405"
"경기도 광명시 광오로 16 (광명동)","자생약국","02-2615-5051","2200","1400","2200","1400","2200","1400","2200","1400","2200","1400","2200","1400","C2100600","142","90","18181","37.475491666666670","126.850569444444446"
"경기도 군포시 고산로 691, 1층 (산본동)","설2/2 11시 - 18시 30분","자생약국","031-391-0077","1930","0900","1930","0900","1930","0900","1930","0900","1930","0900","1500","0900","C2107963","158","02","18182","37.37178076898416","126.93480432390929"
"인천광역시 서구 거북로 74-1, (석남동)","거북시장에서 금호어울림3차아파트로 내려오는길에서 왼쪽에 위치한 건물 1층","자생약국","032-571-6066","2200","0730","2200","0730","2200","0730","2200","0730","2200","0730","1300","0900","C1400079","227","95","18183","37.503077106729236","126.67000501079388"
"경기도 화성시 비봉면 하저자안로 216","자안약국","031-366-9870","1800","0900","1800","0900","1800","0900","1800","0900","1800","0900","C2106941","182","93","18184","37.197277945966505","126.8756898993881"
"경기도 광주시 포돌이로 1 (경안동)","자애약국","031-765-4076","2000","0850","2000","0850","2000","0850","2000","0850","2000","0850","C2101912","127","52","18185","37.41471491738508","127.25087012462888"
"인천광역시 연수구 원인재로 315","공휴일 사전 문의","공휴일 사전문의 필수","주공1단지 내 상가106호","자애약국","032-812-1019","2000","1000","2000","1000","2000","1000","2000","1000","2000","1000","2000","1000","1900","1200","C1400372","219","36","18186","37.42190259014941","126.69309264402936"
"인천광역시 부평구 동수로128번길 17-4 (부개동)","일요일 셋째주만 운영","한국아파트 상가","자애약국","032-503-1725","2200","0900","2200","0900","2200","0900","2200","0900","2200","0900","2100","0900","2000","1000","C1400411","214","58","18187","37.4843460261","126.7338835383"
"서울특별시 광진구 뚝섬로56길 46, 근정빌딩 1층 (자양동)","자양건강약국","02-457-2078","2000","0900","2000","0900","1800","0900","2000","0900","2000","0900","1400","0900","C1104347","051","01","18188","37.5292433352228","127.082618407163"
"서울특별시 광진구 자양로13길 73, (자양동)","자양골목시장 입구","자양열린약국","02-2201-4754","1900","0900","1900","0900","1900","0900","1900","0900","1900","0900","1400","0900","C1103055","050","58","18189","37.5334659553185","127.08107508209"
"서울특별시 광진구 뚝섬로23길 29, 1층 (자양동)","자양종로약국","02-498-9043","2100","0900","2100","0900","2100","0900","2100","0900","2100","0900","1800","0900","1800","1000","1800","1000","C1109943","050","78","18190","37.5372237429793","127.064920121481"
"서울특별시 광진구 자양로9길 77, 104호 (자양동)","휴게시간 13:20-13:50","(자양로 9길 77)필산빌딩 104호","자양하나약국","070-4400-6206","2100","0900","2100","0900","2100","0900","2100","0900","2100","0900","1800","0900","C1103813","050","60","18191","37.5317750433685","127.081211392678"
"경상남도 창원시 의창구 동읍 용정길46번길 14 (동읍)","동부산 훼미리타운 2차 옆","자여약국","055-252-5572","1830","0900","1830","0900","1830","0900","1830","1400","1830","0900","1300","0900","C2800720","511","36","18192","35.2772844859","128.7031192662"
"대전광역시 중구 중앙로 지하 145, 지하상가 (은행동)","지하상가 3번째주 화요일 휴무","한약국","자연닮기약국","042-242-5114","1900","1300","1900","1300","1900","1300","1900","1300","1900","1300","1900","1300","C1601273","348","38","18193","36.327960144003","127.424965656175"
"경상남도 김해시 관동로 41-1, 1층 (관동동)","자연담은 민산한약국","055-328-0011","1830","0930","1830","0930","1830","0930","1830","0930","1830","0930","1330","0930","C2801911","510","05","18194","35.1774071398","128.8078764209"
"부산광역시 부산진구 당감로 34, 1층 (당감동)","점심 12:00-13:00","버스정류장: 당감초등학교","자연담은부부한약국","051-898-0777","1900","0930","1900","0930","1900","0930","1900","0930","1900","0930","C1202517","471","81","18195","35.164635680531056","129.03954101823223"
"경기도 의정부시 비우로 92 (녹양동)","자연담은한약국","031-855-7377","1800","0900","1800","0900","1800","0900","1800","0900","1800","0900","C2108492","116","13","18196","37.7581729454232","127.037099366912"
"경기도 부천시 길주로 177","에스티마빌딩 108호","자연담은한약국","032-329-8825","1800","0900","1800","0900","1800","0900","1800","0900","1800","0900","C2104560","145","37","18197","37.50536763959981","126.76232760695194"
"서울특별시 강동구 양재대로116길 30, 1층 (길동)","자연뜰약국","02-488-3811","2000","0900","2000","0900","2000","0900","2000","0900","2000","0900","2000","0900","2100","0900","2000","0900","C1110314","053","51","18198","37.5381912877155","127.142070168416"
"경상남도 진주시 동진로 182, 1층 (상대동)","자연사랑약국","055-759-3033","1830","0900","1830","0900","1830","0900","1830","0900","1830","0900","1330","0900","C2802049","527","96","18199","35.1794998751398","128.11106447006014"
"경상남도 창녕군 영산면 영산월령로 449","자연사랑약국","055-521-1134","1730","0900","1730","0900","1730","0900","1730","0900","1730","0900","C2802391","503","51","18200","35.4342737178449","128.484239056101"
"서울특별시 성동구 행당로 111, 1,2층 (행당동)","자연생약국","02-2282-5069","2000","0900","2000","0900","2000","0900","2000","0900","2000","0900","2000","0900","C1110295","047","14","18201","37.5580969369247","127.031210921867"
"전북특별자치도 전주시 완산구 안행2길 13-1","한약국(처방전, 일반약제 판매 안함)","자연생한약국","063-275-3588","1800","1000","1800","1000","1800","1000","1800","1000","1800","1000","C2500848","551","05","18202","35.8012748946","127.129364758"
"경상남도 김해시 율하6로 49, 솔리비오메디컬센터 1층 101,102호 (장유동)","자연애약국","055-724-3075","2100","0830","2100","0830","2100","0830","2100","0830","2100","0830","2100","0830","C2802237","510","22","18203","35.171168153444","128.82459487938"
"서울특별시 강남구 봉은사로 474 (삼성동, 쌍용 플래티넘)","봉은사로 힐스테이트아파트 건너편 쌍용플래티넘상가 105호","자연애약국","02-567-8413","2100","0900","2100","0900","2100","0900","2100","0900","2100","0900","2100","0900","C1103293","061","54","18204","37.5123672407678","127.052026639291"
"경기도 양평군 양서면 목왕로 10, 1층","자연애천수약국","031-774-4701","1900","0900","1900","0900","1900","0900","1900","0900","1900","0900","1800","0900","C2107452","125","84","18205","37.5422503302","127.3242881639"
"경기도 수원시 영통구 도청로89번길 43, 109호 (이의동, 에듀프라자)","자연앤약국","031-214-7525","1900","0900","1900","0900","1900","0900","1900","0900","1900","0900","1400","0900","C2106780","165","09","18206","37.289265746287846","127.04714034333611"
"경기도 화성시 동탄반석로 124, 쎈타프라자 503-1호 (반송동)","자연앤약국","070-8803-1868","1900","0900","1900","0900","1900","0900","1900","0900","1900","0900","1500","0900","C2101380","184","55","18207","37.19995083171121","127.07151994427813"
"서울특별시 중랑구 망우로 377, 1층 (상봉동)","자연약국","02-2207-1709","2100","0900","2100","0900","2100","0900","2100","0900","2100","0900","2100","0900","C1104019","020","86","18208","37.5987491711759","127.094137536933"
"서울특별시 서초구 효령로68길 114, (서초동)","자연약국","02-582-5717","2000","0900","2000","0900","2000","0900","2000","0900","2000","0900","2000","1600","C1100773","067","21","18209","37.4852206238212","127.018664591091"
"경기도 평택시 비전5로 11, 102호 (비전동)","자연약국","031-655-2421","1800","0900","1800","0900","1800","0900","1800","0900","1800","0900","1300","0900","C2110011","178","54","18210","37.0001231404797","127.112613932235"
"경기도 광주시 고불로 44, 위너스빌딩 1층 (중대동)","자연약국","031-797-9975","2100","0900","2100","0900","2100","0900","2100","0900","2100","0900","2100","0900","C2100669","127","68","18211","37.39358827829404","127.23300712871682"
"경기도 성남시 중원구 제일로 37 1층 (성남동, 신명빌딩)","자연약국","031-754-4333","2100","0900","2100","0900","2100","0900","2100","0900","2100","0900","C2104434","133","68","18212","37.4303294378","127.1366030233"
"서울특별시 양천구 신목로 102, 대경프라자 1층 104호 (목동)","오목교역 6번 출구에서 좌측으로 50m 부근","자연약국","02-2644-8018","2000","0900","2000","0900","2000","0900","1900","1100","2000","0900","1420","0900","1900","1100","1900","1100","C1109464","080","07","18213","37.5235884341471","126.875774509668"
"대전광역시 서구 청사로 234 (둔산동)","자연약국","042-488-3696","1830","0900","1830","0900","1830","0900","1830","0900","1830","0900","1630","0900","1730","0900","C1601201","352","09","18214","36.3595091992","127.3898348112"
"울산광역시 중구 도화골길 5, (복산동)","럭키남운아파트 입구","자연약국","052-292-3440","1900","0900","1900","0900","1900","0900","1900","0900","1900","0900","1700","0900","C1700062","444","77","18215","35.567305555555556","129.332336111111118"
"인천광역시 부평구 부평대로 23, 1층 102호 (부평동)","국민은행 옆건물 서창빌딩1층","자연약국","032-501-7545","2020","0900","2020","0900","2020","0900","2020","0900","2020","0900","1600","0900","1750","0950","C1400850","213","89","18216","37.49679417718594","126.72220472553386"
"서울특별시 마포구 마포대로 195, 4단지상가동 205호 (아현동, 마포래미안푸르지오)","휴게시간 13:15~13:45(토요일 제외)","자연약국","02-313-4877","1900","0900","1900","0900","1900","0900","1900","0900","1900","0900","1500","0900","C1107173","041","29","18217","37.551646442753054","126.95351074656315"
"서울특별시 용산구 대사관로 64, 1층 (한남동)","자연약국","02-6731-1113","1900","0900","1900","0900","1900","0900","1900","0900","1900","0900","1400","0900","C1110770","044","02","18218","37.5332385085066","127.0051666417"
"전북특별자치도 군산시 조촌로 71 (조촌동)","농협 옆","자연약국","063-452-0750","1830","0830","1830","0830","1830","0830","1830","0830","1830","0830","1300","0830","C2500713","540","76","18219","35.97033969844027","126.73742686534587"
"경기도 파주시 법원읍 사임당로 854-1","자연약국","031-959-0517","2030","0900","2030","0900","2030","0900","2030","0900","2030","0900","2000","0900","C2102827","108","26","18220","37.84874117936177","126.87570073971025"
"제주특별자치도 제주시 노연로 90, 1층 (연동)","365일 아침9시부터 밤10시까지 항상 열려있는 여러분의 자연약국 입니다.","파랑새의원 1층","자연약국","064-712-1596","2200","0900","2200","0900","2200","0900","2200","0900","2200","0900","2200","0900","2200","0900","2200","0900","C2900446","631","32","18221","33.48572757355287","126.48971723277061"
"광주광역시 서구 상무대로 1069-1, 1층 101호 (화정동)","자연약국","062-351-1007","2000","0830","2000","0830","1800","0830","2000","0830","2000","0830","1800","0830","C1501394","619","79","18222","35.1526974180797","126.87889499462"
"전라남도 여수시 시청로 48","자연약국","061-683-1555","1840","0830","1840","0830","1840","0830","1840","0830","1840","0830","1300","0830","C2601066","596","77","18223","34.765884443308344","127.66312655592334"
"강원특별자치도 강릉시 주문진읍 주문로 129","자연약국","033-662-9012","1800","0800","1800","0800","1800","0800","1800","0800","1800","0800","1800","0800","C2201080","254","10","18224","37.8947463338208","128.828906572138"
"대구광역시 수성구 지범로40길 6, 103동 102호 (범물동, 신화에덴아파트)","자연약국","070-7543-4245","2100","0900","2100","0900","2100","0900","2100","0900","2100","0900","1900","0900","1900","0900","C1301602","422","09","18225","35.818835929024495","128.63951826350583"
"서울특별시 노원구 동일로237길 40, 101호 (상계동, 대한빌)","상계현대아파트 입구","자연약국","02-3391-2227","2000","0900","2000","0900","2000","0900","2000","0900","2000","0900","1500","0900","C1100774","016","11","18226","37.6736883600348","127.05308363404"
"부산광역시 수영구 과정로 60, 1층 (망미동)","버스정류장 : 망미우체국","자연약국","051-752-1027","1900","0900","1900","0900","1900","0900","1900","0900","1900","0900","1400","0900","C1202597","482","18","18227","35.176716331291","129.107546212594"
"경기도 부천시 소향로 131 503호 (중동, 일신빌딩)","자연약국","032-348-7500","2100","0900","2100","0900","2100","0900","2100","0900","2100","0900","1800","0900","C2104658","145","46","18228","37.502376315546115","126.76233143465946"
"경기도 수원시 권선구 덕영대로1201번길 34, 1층 (권선동)","자연약국","031-236-0074","2100","0900","2100","0900","2100","0900","2100","0900","2100","0900","1600","0900","1400","0900","1400","0900","C2107734","165","84","18229","37.250571273328944","127.0229263861643"
"경기도 고양시 일산동구 장백로 194","마두역3번출구버거킹건물1층","자연약국","031-902-9571","2000","1000","2000","1000","2000","1000","2000","1000","2000","1000","1600","1000","C2102974","104","14","18230","37.65209261551629","126.77671058615991"
"서울특별시 동대문구 휘경로 31, 1층 (이문동)","부정기적 일요일 휴무","자연약국","02-964-7877","2030","0900","2030","0900","2030","0900","2030","0900","2030","0900","1600","0900","C1103602","024","27","18231","37.5951922912986","127.063415526067"
"전라남도 고흥군 고흥읍 학교길 37,","자연약국","061-833-3000","1800","0830","1800","0830","1800","0830","1800","0830","1800","0830","1300","0830","C2600451","595","37","18232","34.60747356818853","127.29144830460195"
"경기도 고양시 일산동구 중산로 117, 105.106호 (중산동, 성도빌딩)","정발산역롯데백화점지하2층","자연온누리약국","031-908-2550","1800","0900","1800","0900","1800","0900","1800","0900","1800","0900","1430","0900","C2103219","103","38","18233","37.682560978824604","126.78112153156741"
"경기도 김포시 김포한강4로 176, 114호 (장기동, 현대프라자)","자연온누리약국","031-997-8501","1400","0900","1400","0900","1400","0900","1400","0900","1400","0900","1600","0900","1600","0900","C2106620","100","82","18234","37.64774899911648","126.66292525930242"
"충청남도 아산시 송악면 송악로 814, 1층","자연온누리약국","041-912-9118","1830","0830","1830","0830","1830","0830","1830","0830","1830","0830","1400","0830","C2401705","315","57","18235","36.7336188675648","127.010354762446"
"경기도 화성시 동탄솔빛로 64, 109호 (반송동, 가희프라자)","가희프라자2 109호","자연온누리약국","031-8003-0709","2100","0830","2100","0830","2100","0830","2100","0830","2100","0830","1630","0900","1300","1000","C2102246","184","42","18236","37.19419212924964","127.07456908842233"
"서울특별시 성동구 뚝섬로 400(성수동2가)","자연온누리약국","02-464-0649","2000","0800","2000","0800","2000","0800","2000","0800","2000","0800","1800","0800","C1103981","047","76","18237","37.5385087414256","127.054998518398"
"경기도 안산시 상록구 예술광장1로 124, 선경프라자 108호 (성포동)","다농근처사랑의병원후문","자연온누리약국","031-401-0267","1900","0900","1900","0900","1900","0900","1900","0900","1900","0900","1500","0900","C2100776","152","91","18238","37.326758333333331","126.844488888888890"
"충청남도 천안시 서북구 불당33길 18 (불당동)","자연을담은약국","041-415-0155","1750","0900","1750","0900","1750","0900","1750","0900","1750","0900","1250","0900","C2401422","311","56","18239","36.8115951051","127.1080075226"
"전북특별자치도 익산시 무왕로 1122, 1층 (어양동)","자연주의약국","063-918-2275","1930","0830","1930","0830","1300","0830","1930","0830","1930","0830","1300","0830","1300","0830","C2501405","546","39","18240","35.9582710866344","126.981329694523"
"강원특별자치도 태백시 황지로 131, 1층 (황지동)","자연주의약국","033-553-5868","2000","0900","2000","0900","2000","0900","2000","0900","2000","0900","1300","0900","C2201092","260","15","18241","37.1706203097016","128.991968916006"
"서울특별시 중구 다산로 90, 1층 (신당동)","약수역 7번 출구 송도병원 방향으로 50m","자연주의약국","02-2235-0306","2300","0900","2000","0900","2300","0900","2000","0900","2300","0900","1530","0900","C1103819","045","97","18242","37.5523213690473","127.00887513678"
"대전광역시 중구 대흥로165번길 46, 1층 (대흥동)","자연주의중앙약국","042-254-3674","2000","0900","2000","0900","2000","0900","2000","0900","2000","0900","2000","0900","C1601462","349","26","18243","36.3269858916661","127.429225058598"
"강원특별자치도 원주시 늘품로 27","2018년 추석연휴(휴무)","남원주초교 왼편","자연한약국","033-761-1079","2100","0900","2100","0900","2100","0900","2100","0900","2100","0900","1800","0900","C2200608","264","86","18244","37.32235038897447","127.94990736288081"
"경기도 안양시 만안구 태평로52번길 31, 101호 (안양동)","자연美한약국","031-447-1053","1900","1000","1900","1000","1900","1000","1900","1000","1900","1000","1500","1000","C2107382","140","37","18245","37.39594044","126.9309617485"
"대전광역시 동구 계족로 255, 1층 (소제동)","주말 및 공휴일 유선문의 후 방문요망","자영약국","042-632-8248","2100","0800","2100","0800","2100","0800","2100","0800","2100","0800","1700","0800","1300","0800","C1601389","346","03","18246","36.3355491533845","127.438898017266"
"경기도 수원시 장안구 경수대로973번길 13-4, (송죽동)","토요일은 19시까지 운영하기도 함.","자영약국","031-246-5194","2200","0930","2200","0930","2200","0930","2200","0930","2200","0930","2200","0930","1900","1000","C2101488","163","04","18247","37.303601416629974","127.00435390171951"
"경상남도 진주시 동진로 171 (상대동, 자유시장)","진주시청 옆","자유시장약국","055-752-0808","1500","0900","1500","0900","1500","0900","1500","0900","1500","0900","C2800184","527","91","18248","35.179850000000002","128.109744444444431"
"경기도 부천시 경인로 205, 1층 (심곡본동)","자유시장약국","032-613-3563","2100","0900","2100","0900","2100","0900","2100","0900","2100","0900","2000","0900","C2100353","147","09","18249","37.48363783904074","126.7784177277932"
"부산광역시 남구 유엔로 12","버스정류장:우암동교차로/뉴서울아파트 상가 104-106호","자유약국","051-647-4911","1900","0900","1900","0900","1900","0900","1900","0900","1900","0900","1300","0900","C1200478","484","82","18250","35.12522682569505","129.07959743703609"
"서울특별시 강남구 삼성로 14, 131호 (개포동, 개포자이 프레지던스)","자이1층엔약국","02-6080-2349","2300","0830","2300","0830","2300","0830","2300","0830","2300","0830","1800","0900","1800","0900","1800","0900","C1110418","063","31","18251","37.4861548149371","127.068451024326"
"서울특별시 서초구 사평대로45길 10-25, 109-2호 (반포동)","자이안약국","02-591-1370","2000","0830","2000","0830","2000","0830","2000","0830","2000","0830","1400","0830","1300","0900","C1108576","065","44","18252","37.506633068827895","127.01395196990772"
"대구광역시 동구 송라로10길 33, 상가 302동 2105호 (신천동, 동대구역 센트럴시티자이)","자이약국","053-751-9005","1800","0900","1800","0900","1800","0900","1800","0900","1800","0900","C1301770","412","57","18253","35.8734966461323","128.623718637303"
"충청남도 아산시 배방읍 호서로 460, 2동 1층 107호 (배방자이1차아파트)","점심시간 13:00~14:00","배방자이1차아파트상가제2동107호","자이약국","041-544-3402","1700","0900","1700","0900","1700","0900","1700","0900","1900","0900","1300","0900","C2400712","314","95","18254","36.7704468125286","127.0818223388261"
"경상남도 함안군 칠원읍 호암길 14","칠원읍 호암중학교 근처입니다","광려천 메트로자이아파트 상가 내","자이약국","055-586-0816","2400","0800","2400","0800","2400","0800","2400","0800","2400","0800","2400","0800","2400","1700","2400","1700","C2800677","520","29","18255","35.27520251728742","128.52181837068653"
"서울특별시 마포구 대흥로 183, 신촌그랑자이 상가 1동 103호 (대흥동)","자이약국","02-707-3682","1900","0900","1900","0900","1900","0900","1900","0900","1900","0900","1600","0900","C1108947","041","05","18256","37.5557612664392","126.945627444506"
"경기도 안산시 상록구 해양1로 199, 그랑시티자이포트에비뉴 136호 (사동)","자이약국","031-407-4324","2200","1000","2200","1000","2200","1000","2200","1000","2200","1000","2200","1000","2200","1000","C2108371","155","96","18257","37.2809496124464","126.828931858613"
"충청북도 청주시 흥덕구 서현로 32, 120호 (가경동)","자이약국","043-232-7522","1900","0900","1900","0900","1900","0900","1900","0900","1900","0900","1500","0900","C2301167","283","82","18258","36.6170747640675","127.426604593238"
"경기도 광명시 새빛공원로 67, 광명역자이타워 A동 120호 (일직동)","자이온누리약국","02-6299-7799","1900","0900","1900","0900","1900","0900","1900","0900","1900","0900","1430","0900","C2108022","143","48","18259","37.41967321569118","126.8883869251447"
"서울특별시 성동구 고산자로2길 67, 서울숲리버뷰자이(상가1동) 상가동 2층 1203호 (행당동)","자이팜약국","02-2299-7582","1830","0830","1830","0830","1830","0830","1830","0830","1830","0830","1330","0900","C1108123","047","45","18260"
"서울특별시 서초구 잠원로 24","자이프라자상가 1층","자이프라자약국","02-532-5222","2000","0900","2000","0900","2000","0900","2000","0900","2000","0900","1600","0900","1400","0900","C1102301","065","44","18261","37.5071156980651","127.009873208557"
"경기도 양주시 삼숭로38번길 80, 양주자이프라자 1층 2127호 (삼숭동)","자이프라자약국","031-842-0328","2000","0900","2000","0900","2000","0900","2000","0900","2000","0900","1600","0900","C2103017","114","87","18262","37.796072187705754","127.10582782158583"
"서울특별시 노원구 노해로 506 (상계동)","주공6단지 바 상가 112호","자인당약국","02-933-4956","2200","0900","2200","0900","2200","0900","2200","0900","2200","0900","2200","0900","2000","1300","2000","1300","C1100775","017","52","18263","37.6548266515952","127.064207006912"
"경기도 시흥시 은계번영길 7, 단디프라자 103호 (은행동)","자인당한약국","031-313-5788","1800","0900","1800","0900","1800","0900","1800","0900","1800","0900","1300","0900","C2109933","149","22","18264","37.4370981790032","126.801620713753"
"부산광역시 해운대구 아랫반송로21번길 48","아랫반송 부산은행 옆 4호선 영산대역 2번 출구","자인약국","051-545-1583","2000","0900","2000","0900","1900","0900","2000","0900","2000","0900","1300","0900","C1200061","480","17","18265","35.22656212765083","129.14861178205197"
"전북특별자치도 전주시 덕진구 견훤로 384 (우아동3가)","해금장 사거리 대자인병원 옆(홈플러스 맞은편)","자인약국","063-245-5450","1800","0900","1800","0900","1800","0900","1800","0900","1800","0900","1300","0900","C2500738","549","10","18266","35.845634567835624","127.15338871725736"
"충청남도 천안시 서북구 오성로 51 (두정동)","점심시간 : 13:00~14:00 입니다.","성정우체국 대각선","자인약국","041-551-7137","1900","0900","1900","0900","1900","0900","1900","0900","1900","0900","1300","0900","1300","0900","C2401210","310","90","18267","36.830586782515496","127.13300035570296"
"전북특별자치도 전주시 완산구 기린대로 233-5 (서노송동)","전주열린병원(구 노송병원) 정문 옆","자인온누리약국","063-231-7585","1800","0900","1800","0900","1800","0900","1800","0900","1800","0900","1300","0900","C2500791","549","94","18268","35.8267804769","127.1452360561"
"경기도 고양시 덕양구 용현로 7, 110호 (행신동)","작은약국","031-973-1717","2100","1000","2100","1000","2100","1000","2100","1000","2100","1000","2100","1000","2100","1000","C2107329","105","26","18269","37.6134171706","126.8355358038"
"경기도 용인시 기흥구 동백5로 81, 상가동 2층 201호 (중동)","작은이야기약국","031-000-0000","1800","0900","1800","0900","1800","0900","1800","0900","1800","0900","1300","0900","C2109623","170","08","18270","37.2760510553922","127.158218252557"
"인천광역시 계양구 계양대로 85, 1층 (작전동)","작전역8번출구","작전메디칼약국","032-551-4500","1500","0900","1500","0900","1500","0900","1500","0900","1500","0900","1500","0900","C1400667","210","47","18271","37.531379334059295","126.72218452338138"
"경기도 화성시 수노을중앙로 122, 101호 (새솔동)","잘듣는튼튼약국","031-8047-5022","2100","0900","2100","0900","2100","0900","2100","0900","2100","0900","2100","0900","2100","0900","2100","0900","C2109953","182","44","18272","37.2854573971682","126.817223930462"
"대구광역시 달서구 달구벌대로 1653, 1층 103호 (감삼동)","잘짓는약국","053-573-0304","2000","0830","2000","0830","2000","0830","2000","0830","2000","0830","1500","0830","C1301754","426","41","18273","35.8542114197993","128.546760496603"
"서울특별시 송파구 올림픽로 240, 롯데월드 잠실지하광장 지하도상가 8-2호 (잠실동)","잠실365약국","02-417-2119","2300","0900","2300","0900","2300","0900","2300","0900","2300","0900","2300","0900","2300","0900","2300","0900","C1109940","055","54","18274","37.5113096112036","127.098141751177"
"서울특별시 송파구 백제고분로 168, 1층 (잠실동)","잠실메디신약국","02-421-4218","2000","0900","2000","0900","2000","0900","2000","0900","2000","0900","1300","0830","C1101840","055","77","18275","37.5048483776498","127.085313533194"
"서울특별시 송파구 올림픽로 145, 리센츠 3층 제3에이33호 (잠실동)","잠실새내365약국","02-424-3209","2000","0830","2000","0830","2000","0830","2000","0830","2000","0830","1400","0900","1300","0900","1300","0900","C1108102","055","02","18276","37.5119790175","127.0870431473"
"서울특별시 송파구 올림픽로35길 137, 한국광고문화회관 1층 3호 (신천동)","잠실선약국","02-418-9531","2100","0830","1930","0830","1930","0830","2100","0830","1930","0830","1700","0830","C1109001","055","10","18277","37.5159272595028","127.099643159822"
"서울특별시 송파구 삼전로10길 11, 1층 101호 (삼전동)","일요일, 공휴일 휴무","잠실수약국","02-422-0075","1920","0900","1920","0900","1920","0900","1920","0900","1920","0900","1330","0900","C1109196","056","00","18278","37.5057532505897","127.090762393196"
"서울특별시 송파구 석촌호수로 80, 송천빌딩 1층 02호 (잠실동)","잠실팜약국","070-8080-4509","2000","0900","2000","0900","2000","0900","2000","0900","2000","0900","1500","0900","1600","1000","C1109892","055","64","18279","37.509114801672","127.086324782083"
"서울특별시 송파구 백제고분로 171 (잠실동)","삼전역 1번 출구(삼전동사거리)에서 150m","잠실프라자약국","02-412-7999","2000","0930","2000","0930","2000","0930","2000","0930","2000","0930","1800","0930","C1107288","055","68","18280","37.505179341257","127.085901450805"
"서울특별시 송파구 올림픽로 362, 102호 (방이동)","휴게시간 13:00~14:00","잠실하나약국","02-2202-8244","1900","0900","1900","0900","1900","0900","1900","0900","1900","0900","1300","0900","C1110591","055","43","18281","37.5163814591036","127.110381137459"
"서울특별시 서초구 잠원로4길 50, 3층 2-314호 (잠원동)","잠원드림약국","0507-1479-2461","1920","0900","1920","0900","1920","0900","1920","0900","1920","0900","1400","0900","C1110808","065","22","18282"
"전북특별자치도 장수군 장계면 한들로 93","장계우체국 앞","장계백제약국","063-351-1333","1730","0800","1730","0800","1230","0800","1730","0800","1730","0800","1230","0800","C2500659","556","12","18283","35.731474949176665","127.58229160671605"
"서울특별시 서초구 서초중앙로 18, 1층 114호 (서초동, 서초쌍용플래티넘)","장군약국","070-8633-9018","1900","0800","1900","0800","1900","0800","1900","0800","1900","0800","1500","0830","2200","1000","C1110244","067","20","18284","37.4840476212544","127.017348668302"
"경상남도 창원시 마산합포구 장군천로 32, (장군동3가)","세무서 부근","장군약국","055-246-3331","1930","0900","1930","0900","1930","0900","1930","0900","1930","0900","1900","0900","2030","0830","C2800112","512","66","18285","35.19654181533092","128.56540037704386"
"경기도 김포시 김포한강4로 125, 월드타워 105호 (장기동)","장기미소약국","031-987-4859","1800","0900","1800","0900","1800","0900","1800","0900","1800","0900","1300","0900","C2109890","100","83","18286","37.6447019164734","126.667092792197"
"경기도 김포시 김포한강4로 113, 102호 (장기동, 신한프라자)","신현프라자건물로 2층에 국민은행과 기업은행이 있음.","장기보룡약국","031-996-5889","2130","0900","2130","0900","2130","0900","2130","0900","2130","0900","2130","0900","2130","1000","2130","1000","C2100364","100","83","18287","37.64386134387001","126.66848729890259"
"인천광역시 계양구 황어로 120, 1층 일부호 (장기동)","신동아아파트1차 건너편 건물 1층(계양초등학교 근처)","장기비타민약국","032-548-2340","2000","0900","2000","0900","2000","0900","2000","0900","2000","0900","1700","0900","C1400295","210","07","18288","37.57929486239797","126.73414597101164"
"세종특별자치시 장군면 장척로 405-2","공휴일, 일요일은 확인후 방문","장군면 도계리","장기약국","044-857-1700","1900","0800","1900","0800","1900","0800","1900","0800","1900","0800","1900","0800","1900","0800","C1800053","300","53","18289","36.49744683339326","127.20554478817907"
"대구광역시 달서구 달구벌대로 1352, (이곡동)","이곡역2번출구","장기약국","053-583-0207","2000","0900","2000","0900","2000","0900","2000","0900","2000","0900","1800","0900","C1300472","426","96","18290","35.85043000736818","128.51507848480512"
"대구광역시 달서구 한들로 23 (장기동)","장기우리약국","053-555-6787","1900","0900","1900","0900","1900","0900","1900","0900","1900","0900","1400","0900","C1300188","426","86","18291","35.848103540195765","128.5280031990684"
"대구광역시 달서구 한들로 36, 116/104(장기동,장기영남네오빌파크상가)","장기참사랑약국","053-522-8700","1900","0900","1900","0900","1900","0900","1900","0900","1900","0900","1400","0900","C1300203","426","85","18292","35.847144000326246","128.52763392074843"
"대구광역시 달서구 장기로 268","장기참좋은약국","053-563-5545","1900","0900","1900","0900","1900","0900","1900","0900","1900","0900","1300","0900","C1301328","426","87","18293","35.843846346676244","128.53091758790043"
"경기도 광주시 초월읍 용수길 31-19","장담약국","031-797-7277","1800","0900","1800","0900","1800","0900","1800","0900","1800","0900","C2108927","127","33","18294","37.3833090456349","127.304302671027"
"경기도 평택시 청원로 1200, 1층 105호 (이충동, 금강프라자 )","이충동현대아파트옆금강프라자1층","장당온누리약국","031-668-7588","1600","0900","1600","0900","1600","0900","1600","0900","1600","0900","1600","0900","1400","0900","C2103607","177","85","18295","37.052017156681714","127.05617026798177"
"충청북도 증평군 증평읍 중앙로 211-1, 1층","장뜰약국","043-836-1500","1830","0800","1830","0800","1830","0800","1830","0800","1830","0800","1300","0800","C2301266","279","27","18296","36.784734310707","127.581885936508"
"충청북도 제천시 내토로59길 31 (장락동, 신안실크밸리아파트)","신안실크밸리아파트","장락약국","043-646-2286","2000","0830","2000","0830","2000","0830","2000","0830","2000","0830","1500","0830","C2301058","271","49","18297","37.1532229412","128.2238250835"
"부산광역시 사하구 다대로 253 (장림동)","버스정류장: 신세계여성병원/장림2동농협옆","장림정다운약국","051-265-6462","2000","0900","2000","0900","2000","0900","2000","0900","2000","0900","1400","0900","C1201213","495","09","18298","35.07978284734422","128.97767083692736"
"경기도 성남시 분당구 장미로 101, 1102호 (야탑동, 장미마을 현대A8차상사)","장미마을현대온누리약국","031-705-2185","2000","0930","2000","0930","2000","0930","2000","0930","2000","0930","1900","0930","C2100908","134","99","18299","37.415581633133485","127.13360991461533"
"서울특별시 송파구 올림픽로35길 112, 제2동 3층 20호 (신천동, 장미아파트 비상가)","장미아파트상가 b동 주차장 입구","장미미소약국","02-412-4962","1830","1000","1830","1000","1830","1000","1830","1000","1830","1000","2030","0830","1830","1000","1830","1000","C1107633","055","04","18300","37.5178866228576","127.101917258808"
"충청남도 당진시 송악읍 신복운로3길 21,","신성미소지움 앞","장미약국","041-352-7794","2000","0900","2000","0900","2000","0900","2000","0900","2000","0900","1800","0900","1700","0900","C2400561","317","24","18301","36.9411805589743","126.78175635479954"
"경기도 안산시 상록구 중보로 47","한대앞역도보10분,고향마을아파트5분거리","장미약국","031-418-5486","2100","0830","2100","0830","2100","0830","2100","0830","2100","0830","1800","0830","C2100730","154","95","18302","37.30748881400523","126.85182730029435"
"전북특별자치도 전주시 완산구 서신로 109 (서신동)","서일 초등학교 옆, 새마을 금고 앞","장미약국","063-275-7752","1900","0830","1900","0830","1900","0830","1900","0830","1900","0830","1230","0830","1230","0830","1230","0830","C2500515","549","44","18303","35.83508886055165","127.11561128838653"
"부산광역시 해운대구 세실로 64, 3층 303호 (좌동, 화목데파트)","2호선 장산역 2번출구","장산3층약국","051-701-5425","1900","0900","1900","0900","1900","0900","1900","0900","1900","0900","1500","0900","C1202621","481","07","18304","35.1709755593749","129.177668920469"
"부산광역시 해운대구 선수촌로 144 (반여동)","반여1동 파크랜드 옆","장산약국","051-525-1811","1810","0900","1810","0900","1810","0900","1810","0900","1810","0900","1430","0900","1300","0900","1300","0900","C1200812","480","35","18305","35.20600367272044","129.12172437342625"
"부산광역시 해운대구 좌동순환로 174","버스정류장:해운대교육지원청/거성빌딩 102. 103호 인근 지하철역 동해남부선 신해운대역","장산약국","051-702-0078","2000","0900","2000","0900","2000","0900","2000","0900","2000","0900","1900","0900","2000","0900","2000","1400","C1201422","480","78","18306","35.17762196423982","129.17505827064727"
"부산광역시 해운대구 해운대로 802, 웅신시네아트 A동 1층 137,138호 (좌동)","일요일 문의","장산일등약국","051-703-0713","2100","0800","2100","0800","2100","0800","2100","0800","2100","0800","2100","0800","2100","0800","C1203070","481","11","18307"
"서울특별시 송파구 마천로 237, 신동아아파트 상가동 104호 (마천동)","마천빌딩 1층","장생당약국","02-406-4256","1930","0930","1930","0930","1930","0930","1930","0930","1930","0930","1700","0930","C1100372","057","33","18308","37.4997832994422","127.144270461197"
"서울특별시 강남구 테헤란로84길 17","삼성역 4번 출구 500m 영광빌딩 1층","장생당약국","02-558-5476","1500","1000","1500","1000","1500","1000","1500","1000","1500","1000","2000","1100","C1100373","061","79","18309","37.5060897562735","127.058943137034"
"전라남도 목포시 부흥로 99, 1층(옥암동)","한나유치원 맞은편.(부영1,2차아파트 사이)","장생당한약국","061-282-1584","2000","1000","2000","1000","2000","1000","2000","1000","2000","1000","1900","1000","C2600445","586","85","18310","34.80447049142466","126.43166912210654"
"경상북도 구미시 인동가산로 23","인동대구은행옆","장생약국","054-473-8854","2000","0900","2000","0900","2000","0900","2000","0900","2000","0900","1800","0900","2100","0900","1400","0900","C2700922","394","31","18311","36.10680477764753","128.41952166911017"
"전라남도 장흥군 장흥읍 동교1길 42,","일요일 전화 후 방문","장흥터미널뒷편","장생약국","061-864-5100","2100","0900","2100","0900","2100","0900","2100","0900","2100","0900","1700","0900","C2600718","593","24","18312","34.67799853036087","126.90988044007312"
"전라남도 순천시 연향상가7길 18, 1층 (연향동)","연향동오병원후문앞","장생약국","061-721-0063","1300","0900","1300","0900","1300","0900","1300","0900","1300","0900","1300","0900","C2600246","579","67","18313","34.9519071331","127.5171816975"
"경상남도 양산시 상북면 반회서4길 12-23 (장생약국)","석계볼링장","장생약국","055-374-5866","2000","0900","2000","0900","2000","0900","2000","0900","2000","0900","1300","0900","C2801042","505","59","18314","35.414269228691595","129.05853775571725"
"강원특별자치도 원주시 봉화로 27 (단계동)","AK 백화점 옆, 샤인치과 1층","장생약국","033-746-8740","1400","0900","1400","0900","1400","0900","1400","0900","1400","0900","C2200514","264","37","18315","37.346921637703076","127.92825724680586"
"서울특별시 노원구 섬밭로 263, 롯데상가1층 (중계동)","롯데상가 1-21","장생약국","02-976-8992","2200","0900","2200","0900","2200","0900","2200","0900","2200","0900","2100","0900","C1100374","017","74","18316","37.6391399283859","127.06381950095"
"전라남도 장성군 장성읍 역전로 169","장성병원앞","장성건강약국","061-393-7060","1800","0830","1800","0830","1800","0830","1800","0830","1800","0830","1300","0830","C2600431","572","20","18317","35.30565141121086","126.78343985560477"
"전라남도 장성군 장성읍 영천로 125","장성터미널앞","장성약국","061-395-2535","1800","0830","1800","0830","1700","0830","1800","0830","1400","0800","1300","0800","C2600721","572","18","18318","35.29697978438722","126.78099603469668"
"경상북도 영천시 완산로 53 (완산동)","공휴일날(가끔 운영)은 09:00~13:00 미리 약국에 전화문의 해보고 가야함","킴스마트입구,,하이마트옆..","장성약국","054-331-4969","1830","0830","1830","0830","1830","0830","1830","0830","1830","0830","1700","0830","C2700151","388","89","18319","35.964826362733184","128.93862169832965"
"경상남도 창원시 마산합포구 가포로 8 (해운동)","선진빌딩1층 육교밑","장수당약국","055-224-3500","1810","0900","1810","0900","1810","0900","1810","0900","1810","0900","1300","0900","C2800627","517","69","18320","35.1793961048269","128.558144373617"
"서울특별시 도봉구 도봉로 859, (도봉동)","도봉동563-18","장수당약국","02-3492-8217","2000","0900","2000","0900","2000","0900","2000","0900","2000","0900","1800","0900","C1102262","013","04","18321","37.681243203433","127.045189347221"
"서울특별시 노원구 동일로 1077","휴게시간 13:00-14:00(토요일 제외)","공릉역 2번 출구 100m","장수메디컬약국","02-973-1111","2000","0810","2000","0810","2000","0810","2000","0810","2000","0810","1500","0810","C1100398","018","52","18322","37.6260515591195","127.072437435815"
"서울특별시 서초구 서초중앙로 42, 107호 (서초동)","휴식시간 (평일) 21:00-22:00 (토요일) 18:00-22:00","남부터미널역 1번 출구","장수알파약국","02-3487-4233","2500","0900","2500","0900","2500","0900","2500","0900","2500","0900","2500","0900","2500","2300","2500","2300","C1100397","066","43","18323","37.4854679435006","127.016275305738"
"서울특별시 금천구 시흥대로 153 (시흥동)","시흥동성당 맞은편","장수약국","02-808-0193","1900","0900","1900","0900","1900","0900","1900","0900","1900","0900","1400","0900","C1103041","086","38","18324","37.4476444270001","126.902858897664"
"경기도 고양시 덕양구 도래울로 42-5, 103호 (도내동)","장수약국","031-966-6928","1800","0900","1800","0900","1800","0900","1800","0900","1800","0900","C2108322","105","51","18325","37.6294820775043","126.869445142923"
"경기도 하남시 신장로 150, 203호 (덕풍동)","장수약국","031-796-8024","1830","0830","1830","0830","1830","0830","1830","0830","1830","0830","1600","0830","C2103497","129","69","18326","37.53933997351759","127.20231484570311"
"서울특별시 강북구 삼양로 441, 은행빌딩 (수유동)","장수약국","02-6956-3200","1830","0830","1830","0830","1330","0830","1830","0830","1830","0830","1330","0830","C1109897","010","33","18327","37.6429179732057","127.016086382415"
"대전광역시 유성구 구즉로 72 (송강동)","장수약국","042-934-7702","2000","0900","2000","0900","2000","0900","2000","0900","2000","0900","1300","0900","C1600352","340","09","18328","36.43513632950441","127.38614874446617"
"대구광역시 수성구 달구벌대로 3205","신매역 기업은행옆","장수약국","053-792-1203","1900","0900","1900","0900","1900","0900","1900","0900","1900","0900","1400","0900","C1300932","422","71","18329","35.84039725346428","128.70759633821737"
"강원특별자치도 원주시 우산로 40, (우산동)","우산초교 정문 사거리","장수약국","033-732-8779","1330","0830","1330","0830","1330","0830","1330","0830","1330","0830","C2200121","263","42","18330","37.36787902272547","127.93664455187687"
"대구광역시 달성군 현풍면 현풍로10길 24,","현풍면양조장사거리","장수약국","053-615-0058","1900","0830","1900","0830","1900","0830","1900","0830","1900","0830","1400","0830","C1301056","430","03","18331","35.69457579425987","128.44374710663848"
"대구광역시 달서구 구마로 176, (본동)","장수약국","053-626-5520","1830","0900","1830","0900","1830","0900","1830","0900","1830","0900","1300","0900","C1300649","427","35","18332","35.83687622043972","128.54700333619047"
"충청북도 충주시 만리산로 22","장수약국","043-844-4349","1900","0900","1900","0900","1900","0900","1900","0900","1900","0900","1300","0900","C2300556","273","81","18333","36.97440346049787","127.94257400072178"
"충청남도 부여군 부여읍 사비로99번길 5","부여터미널 좌측","장수약국","041-837-1009","1830","0830","1830","0830","1830","0830","1830","0830","1830","0830","1500","0830","C2400141","331","45","18334","36.28144503383647","126.91004676586438"
"충청북도 청주시 흥덕구 2순환로 1258, 102호 (가경동)","장수약국","043-237-0577","1900","0830","1900","0830","1900","0830","1900","0830","1900","0830","1400","0830","C2300947","283","78","18335","36.6241037534843","127.43111840611002"
"서울특별시 중구 퇴계로86길 6 (신당동)","신당역 4번 출구 중앙시장 건널목 소망병원 앞","장수약국","02-2252-2929","2100","0800","2100","0800","2100","0800","2100","0800","2100","0800","2000","0900","1500","0900","1500","0900","C1102264","045","77","18336","37.5652719096788","127.019598540228"
"서울특별시 동대문구 이문로 135, 1층 105호 (이문동, 아정오피스텔)","장수약국","02-965-5926","1800","0900","1800","0900","1800","0900","1800","0900","1800","0900","1300","0900","C1107071","024","03","18337","37.5987468883583","127.061357255254"
"전북특별자치도 군산시 문화로 36","주공4차 상가내 위치","장수약국","063-465-9830","1900","0800","1900","0800","1900","0800","1900","0800","1900","0800","1300","0800","C2500179","541","36","18338","35.969491951777904","126.709176709915"
"경상남도 고성군 고성읍 중앙로 56","일요일은 전화문의 후 방문","세계헬스 맞은편","장수약국","055-673-7616","2200","0900","2200","0900","2200","0900","2200","0900","2200","0900","2200","0900","1700","0900","C2800930","529","41","18339","34.97399833966471","128.32631127567748"
"제주특별자치도 제주시 한경면 고산로 16,","장수약국","064-772-5834","1830","0830","1830","0830","1830","0830","1830","0830","1830","0830","1400","0830","C2900120","630","08","18340","33.30244370787314","126.17967691746858"
"대구광역시 북구 칠성시장로 14, 1층 (칠성동1가)","칠성시장내","장수약국","053-425-5599","1700","1000","1700","1000","1700","1000","1700","1000","1700","1000","C1300956","415","83","18341","35.8755487155","128.6049276311"
"충청남도 청양군 정산면 서정2길 16","정산백화점마트옆","장수약국","041-943-2990","2100","0900","2100","0900","2100","0900","2100","0900","2100","0900","1900","0900","1600","0800","C2400119","333","51","18342","36.41148499227189","126.94881294890706"
"서울특별시 구로구 경인로47길 94, (고척동)","동양미래대학교와 구로성심병원 사잇길,경서농협 옆","장수약국","02-2683-2865","2000","0830","2000","0830","2000","0830","2000","0830","2000","0830","1800","0830","C1100400","082","22","18343","37.5028612298698","126.864170935384"
"충청남도 천안시 동남구 병천면 아우내장터3길 15","장수약국","041-553-0758","1800","0915","1800","0915","1800","0915","1800","0915","1800","0915","1300","0915","C2401305","312","54","18344","36.76164269006372","127.2973943242881"
"광주광역시 남구 대남대로 157, 장수빌딩 (봉선동)","장수약국","062-673-3600","1800","0830","1800","0830","1800","0830","1800","0830","1800","0830","1230","0830","C1501202","616","88","18345","35.13348656799217","126.90795667031493"
"경상남도 김해시 진영읍 장등로 9, 101호","장수약국","055-342-8734","2000","0900","2000","0900","2000","0900","2000","0900","2000","0900","1400","0900","C2801909","508","62","18346","35.30752661498113","128.73489441069995"
"경상북도 경주시 화랑로 135, 경주지업사 (성동동)","경주 우체국 건너편","장수약국","054-742-3530","1840","0900","1840","0900","1840","0900","1840","0900","1840","0900","1430","0900","C2700007","381","46","18347","35.8447734445","129.2157147928"
"경상북도 예천군 예천읍 시장로 111 (예천읍)","장수약국","054-652-6116","1800","0830","1800","0830","1800","0830","1800","0830","1800","0830","1300","0830","C2700788","368","20","18348","36.65683926125101","128.45617514718128"
"경상북도 청도군 청도읍 청화로 195","청도버스터미널옆","장수약국","054-373-7507","1930","0830","1930","0830","1930","0830","1930","0830","1930","0830","1300","0830","C2700040","383","41","18349","35.6417064513395","128.74586817319243"
"경상북도 영덕군 강구면 동해대로 4479","강구 구대교 강구 파출소 앞","장수약국","054-733-7551","1900","0800","1900","0800","1900","0800","1900","0800","1900","0800","1800","0800","1800","0900","1800","0900","C2700971","364","58","18350","36.35714359314473","129.38027333592544"
"경상북도 경산시 원효로 2, (중방동)","경산오거리","장수약국","053-816-1007","1830","0900","1830","0900","1830","0900","1830","0900","1830","0900","1500","0900","C2700509","386","32","18351","35.823614674498735","128.73769626386337"
"경상북도 영천시 충효로 148","장수약국","054-332-7575","1930","0900","1930","0900","1930","0900","1930","0900","1930","0900","1400","0900","C2700147","388","59","18352","35.97636875584477","128.9447702733364"
"전라남도 곡성군 옥과면 리문5길 7, 1층 (옥과면)","일요일 장날일 경우 운영","장수약국","061-363-7333","1730","0800","1730","0800","1730","0800","1730","0800","1730","0800","1300","0800","C2601162","575","04","18353","35.275606603768914","127.13588323950925"
"강원특별자치도 영월군 영월읍 중앙1로 48","우체국 근처, 연세의원 밑","장수약국","033-373-1474","1700","0830","1700","0830","1700","0830","1700","0830","1700","0830","1200","0830","C2200233","262","33","18354","37.1853783807","128.4659875875"
"경기도 광명시 광명로 823, 현대타운 107호 (광명동)","장수온누리약국","02-2686-8677","2100","0930","2100","0930","2100","0930","2100","0930","2100","0930","2200","0900","C2100861","142","94","18355","37.471855555555557","126.850875000000002"
"전북특별자치도 장수군 장수읍 장천로 189","공,일요일 전화후방문,5주마다 당직 당직운영시간 09:00~17:30","한사랑의원옆(장수로타리 사거리)","장수종로약국","063-353-0202","1730","0800","1730","0800","1730","0800","1730","0800","1730","0800","C2500617","556","32","18356","35.64912260373166","127.51876875468481"
"서울특별시 영등포구 국회대로56길 30, 1층 (영등포동2가)","장수천약국","02-2632-6371","2000","0800","2000","0800","2000","0800","2000","0800","2000","0800","1500","0800","C1108829","072","49","18357","37.5226916874692","126.910205002151"
"경상남도 진주시 천수로 177-1 (망경동)","장수한약국","055-763-0288","1800","0900","1800","0900","1800","0900","1800","0900","1800","0900","1300","0900","C2801925","527","13","18358","35.1810666102","128.0833776283"
"경기도 수원시 장안구 경수대로 1020 (송죽동)","장안녹십자약국","031-242-5466","2100","0900","2100","0900","2100","0900","2100","0900","2100","0900","2100","0900","2100","0900","C2100932","162","99","18359","37.30696055738388","127.00051889950703"
"서울특별시 동대문구 사가정로 207, 104호,105호 (장안동, 삼협메디스빌딩)","배봉초 사거리","장안메디칼약국","02-2242-6070","2000","0830","2000","0830","2000","0830","2000","0830","2000","0830","1400","0830","C1104589","025","09","18360","37.5788925747579","127.068016203955"
"경기도 수원시 장안구 정자로 146, 한솔빌딩 5층 (정자동)","장안메디컬약국","031-256-8910","1900","0900","1900","0900","1900","0900","1900","0900","1900","0900","1600","0900","C2107151","163","39","18361","37.3092811079","126.9887963717"
"서울특별시 동대문구 답십리로 305, 1층 (장안동)","장안미소약국","02-2212-6275","2000","0900","2000","0900","2000","0900","2000","0900","2000","0900","1600","0900","C1100402","025","24","18362","37.5723906413801","127.074433539605"
"경기도 안양시 만안구 안양로 258, 1층 (안양동)","남부시장입구","장안사약국","031-449-4626","2100","0800","2100","0800","2100","0800","2100","0800","2100","0800","2000","0800","1800","0800","C2103241","139","96","18363","37.39580790471483","126.92427160319272"
"서울특별시 동대문구 장한로5길 17 (장안동)","동대문소방서 맞은편골목","장안수약국","02-2213-0695","2100","0930","2100","0930","2100","0930","2100","0930","2100","0930","1330","0900","2000","1000","C1103866","026","36","18364","37.5642558943504","127.06533304754"
"부산광역시 사상구 대동로 100-1","버스정류장: 학장 목화아파트 입구","장안약국","051-325-7679","1900","0900","1900","0900","1900","0900","1900","0900","1900","0900","1600","0900","C1201002","470","51","18365","35.13842496881367","128.97893469502193"
"경상남도 진주시 도동로 211","구35번종점","장안약국","055-752-2911","2300","0900","2300","0900","2300","0900","2300","0900","2300","0900","2100","0800","C2800874","527","71","18366","35.1891444653","128.1219375546"
"대구광역시 남구 두류공원로 18-1, (대명동)","여성차병원 옆","장안약국","053-628-7585","1800","0900","1800","0900","1800","0900","1800","0900","1800","0900","1300","0900","C1300312","424","70","18367","35.840433675473506","128.57511606138831"
"경기도 화성시 장안면 3.1만세로 365, 대진빌딩","기업은행 건물 1층","장안약국","031-358-7582","2130","0830","2130","0830","2130","0830","2130","0830","2130","0830","2000","1000","C2102034","185","81","18368","37.10306318374322","126.84232676012497"
"경기도 의정부시 발곡로 34, 107호 (신곡동)","의정부시신곡동대로변삼익한일아파트옆상가","장암프라자약국","031-826-5571","1930","0900","1930","0900","1930","0900","1930","0900","1930","0900","1600","0900","C2103020","117","30","18369","37.730950000000000","127.058674999999994"
"서울특별시 구로구 공원로8길 23, 1층 (구로동)","백제약품 맞은편(구로거리공원 근처)","장약국","02-863-8242","2030","0900","2030","0900","2030","0900","2030","0900","2030","0900","1500","0900","C1106767","082","89","18370","37.5033714694816","126.890555103288"
"경상남도 창원시 의창구 의창대로211번길 1 (서상동)","윤병원 근처","장약국","055-295-0197","1800","0900","1800","0900","1800","0900","1800","0900","1800","0900","1230","0900","C2800744","511","94","18371","35.26195204346435","128.62080658257756"
"서울특별시 강남구 학동로 224, 삼환아르누보3 B109호 (논현동)","장약국","070-8808-8547","1830","0830","1830","0830","1830","0830","1830","0830","1830","0830","1430","0830","C1110345","061","04","18372","37.5144831085922","127.033499319221"
"충청남도 당진시 당진중앙2로 211-15","산업은행 옆","장약국","041-352-0384","2000","0900","2000","0900","2000","0900","2000","0900","2000","0900","2000","0900","2000","1600","2000","1600","C2400174","317","70","18373","36.8973988668515","126.63460040097665"
"전북특별자치도 군산시 대야면 대야시장로 15,","공휴일 전화 후 방문","공휴일 전화 후 방문","대야시장 안","장약국","063-451-0777","1730","0900","1730","0900","1730","0900","1730","0900","1730","0900","1230","0900","C2500216","540","60","18374","35.945050000000002","126.816502777777771"
"전북특별자치도 무주군 무주읍 단천로 99,","군청 뒤","장약국","063-322-2243","2000","0830","2000","0830","2000","0830","2000","0830","2000","0830","1930","0830","C2500455","555","18","18375","36.00791097011415","127.66174919553737"
"전라남도 광양시 광양읍 신재로 18, 1층","장약국","061-762-7522","1830","0800","1830","0800","1830","0800","1330","0800","1830","0800","1330","0800","C2601331","577","51","18376","34.9727510381456","127.589496294481"
"경기도 양주시 남면 삼일로 636 (남면)","장약국","070-8958-2939","1800","1000","1800","1000","1800","1000","1800","1000","1800","1000","C2106803","114","09","18377","37.87234042510998","126.99565832622221"
"서울특별시 노원구 노해로 488 (상계동)","노원역 5번 출구","장약국","02-952-0085","1900","0900","1900","0900","1900","0900","1900","0900","1900","0900","1530","0930","C1101966","017","51","18378","37.6543222923845","127.062168567542"
"경기도 화성시 화산중앙로 44, 102호 (송산동, 미림프라자)","장약국","031-231-9996","1930","0900","1930","0900","1930","0900","1930","0900","1930","0900","1300","0900","C2106688","183","59","18379","37.20805415869615","127.01293701265739"
"대구광역시 중구 동성로1길 81","장약국","053-255-1554","1800","0900","1800","0900","1800","0900","1800","0900","1800","0900","1300","0900","C1300428","419","42","18380","35.865200921298616","128.59764327768272"
"부산광역시 사하구 다대로 325(장림동)","경희병원옆","장약국","051-266-5755","1930","0900","1930","0900","1930","0900","1930","0900","1930","0900","1500","0900","C1200528","495","11","18381","35.07321766598302","128.97659691768385"
"전라남도 목포시 산정로 118, (산정동)","백녀로 교차로 근처","장약국","061-273-3098","1200","0900","1200","0900","1200","0900","1200","0900","1200","0900","1200","0900","C2600224","587","07","18382","34.799095324605425","126.39318009758571"
"울산광역시 중구 명륜로 41, 1층 (태화동)","장약국","052-260-4667","1900","0830","1900","0830","1900","0830","1900","0830","1900","0830","1400","0830","1300","0900","C1700696","444","52","18383","35.5560399016825","129.309220950302"
"경상북도 포항시 북구 중앙로 228-1, (죽도동)","장약국","054-283-8046","1800","0900","1800","0900","1800","0900","1800","0900","1800","0900","1300","0900","C2700407","377","41","18384","36.033416954600135","129.3660380115421"
"경상북도 상주시 삼백로 80 (무양동)","장약국","054-532-1190","1830","0830","1830","0830","1830","0830","1830","0830","1830","0830","1300","0830","C2700027","371","84","18385","36.41818283227096","128.1521720870495"
"강원특별자치도 원주시 원일로 157 (일산동)","원주시보건소 옆","장약국","033-731-1660","1800","0830","1800","0830","1800","0830","1800","0830","1800","0830","1300","0830","C2200563","264","17","18386","37.35210871079536","127.94674057453089"
"전라남도 구례군 구례읍 로터리길 13","구례경찰서 근처.","장약국","061-782-2298","1930","0730","1930","0730","1930","0730","1930","0730","1930","0730","C2600278","576","43","18387","35.20908628377929","127.46617023005396"
"강원특별자치도 원주시 소초면 장막2길 18","장양리영진약국","033-734-9907","1830","0900","1830","0900","1830","0900","1830","0900","1830","0900","1400","0900","C2201175","263","06","18388","37.4114563879245","127.958727225142"
"경기도 화성시 우정읍 조암남로 8 (우정읍)","장우약국","031-358-7651","2200","0730","2200","0730","2200","0730","2200","0730","2200","0730","2200","0730","2200","0730","2200","0730","C2101429","185","67","18389","37.082150943351806","126.81704053540352"
"울산광역시 남구 삼산로 166, 1층 (달동)","장원약국","052-261-2220","1830","0900","1830","0900","1830","0900","1830","0900","1830","0900","1400","0830","C1700732","447","26","18390","35.5366062044653","129.325504353614"
"인천광역시 부평구 부평문화로 38, 103호 (부평동)","롯데백화점주차장입구","장원약국","032-515-0303","2100","0900","2100","0900","2100","0900","2100","0900","2100","0900","2100","0900","1800","1200","1800","0900","C1400377","213","89","18391","37.493721827643206","126.7205928181443"
"대구광역시 남구 백의1길 50, 1층 (대명동)","장원약국","053-651-8785","1800","0900","1800","0900","1800","0900","1800","0900","1800","0900","C1301553","424","17","18392","35.84538517225283","128.58596435314132"
"전라남도 여수시 중앙로 29-1, 1층 (충무동)","장원온누리약국","061-662-3170","1800","0830","1800","0830","1800","0830","1800","0830","1800","0830","1300","0830","C2601290","597","33","18393","34.740489913802","127.731000643056"
"서울특별시 영등포구 신길로 147, 1층 (신길동)","사러가시장 앞","장원옵티마약국","02-833-4824","1930","0930","1930","0930","1930","0930","1930","0930","1930","0930","1530","0930","C1108831","073","95","18394","37.5054207595358","126.910510132947"
"경상남도 김해시 능동로 161, 제일프라자 102호 (부곡동)","일요일, 공휴일은 전화요망","부산은행 옆","장유늘푸른약국","055-312-9688","2100","0900","2100","0900","2100","0900","2100","0900","2100","0900","2100","0900","2000","1000","2000","1000","C2800172","509","81","18395","35.20301068562751","128.80871983117993"
"경상남도 김해시 장유로 270, 112호 (부곡동)","장유세명약국","055-326-8657","2000","1000","2000","1000","2000","1000","2000","1000","2000","1000","C2802359","509","83","18396","35.2008418189063","128.8121157721356"
"경상남도 김해시 장유로 230, 201호 (부곡동, 프리마빌딩)","메리놀병원응급실맞은편","장유조은약국","055-312-9516","1830","0900","1830","0900","1830","0900","1830","0900","1830","0900","1400","0900","C2800193","509","81","18397","35.16647278981364","128.8305494349935"
"경상남도 김해시 장유로301번길 3 (무계동)","일요일은 장날만 운영, 전화 확인 후 방문 요함","1주 일요일 가능","농협앞","장유하나약국","055-314-7811","2000","0900","2000","0900","2000","0900","2000","0900","2000","0900","1600","0900","1800","0900","C2800092","510","07","18398","35.199999580708635","128.81503050911212"
"대구광역시 동구 반야월로 228 (동호동)","안심우체국옆30미터","장응약국","053-962-5266","1845","0910","1845","0910","1845","0910","1845","0910","1845","0910","C1300441","411","11","18399","35.8718995893013","128.7134884476344"
"전북특별자치도 순창군 순창읍 장류로 355","순창 터미널 내에 위치","장인약국","063-653-5508","1900","0730","1900","0730","1900","0730","1900","0730","1900","0730","1400","0730","C2500711","560","35","18400","35.376705152737934","127.1411642023526"
"부산광역시 금정구 금정로 151-1, 1층 (장전동)","1호선 장전역 3번출구","장전 온누리약국","051-515-4325","1910","0900","1910","0900","1910","0900","1910","0900","1910","0900","1330","0900","C1202461","462","83","18401","35.2382324466","129.0876772749015"
"부산광역시 금정구 금강로 209, 1층 103-2호 (장전동, 한신시티빌)","버스정류장: 장전초등학교","장전정다운약국","051-515-0757","1900","0830","1900","0830","1900","0830","1900","0830","1900","0830","1500","0830","C1202246","462","94","18402","35.22712114320799","129.08277114845913"
"서울특별시 송파구 송파대로 지하82, 장지역 지하상가 102호 (장지동)","장지365온누리약국","02-403-4005","2200","0800","2200","0800","2200","0800","2200","0800","2200","0800","2200","0800","2200","0800","2200","0800","C1110887","058","16","18403","37.4781192050612","127.126424204036"
"강원특별자치도 홍천군 북방면 두개비산로 329","장창만약국","033-434-2030","1800","0900","1800","0900","1800","0900","1800","0900","1800","0900","1300","0900","C2200095","251","15","18404","37.70391478371599","127.85340347526154"
"경상남도 창원시 진해구 충장로657번길 30 (장천동)","친절한 장천드림약국입니다. ^^","장천드림약국","055-542-9946","1900","0900","1900","0900","1900","0900","1900","0900","1900","0900","1400","0900","C2801918","516","28","18405","35.1305979619","128.7070048996"
"전라남도 순천시 중앙로 14, 1층 (장천동)","은하맨션 옆길","장천우리약국","061-901-0365","1800","0900","1800","0900","1800","0900","1800","0900","1800","0900","1300","0900","C2600637","579","56","18406","34.9480539326","127.4872670937"
"강원특별자치도 태백시 황지로 176-1 (황지동)","김병호내과 옆(황지동 우체국 맞은편)","장춘당약국","033-552-3701","1800","0900","1800","0900","1800","0900","1800","0900","1800","0900","1300","0900","C2200461","260","11","18407","37.17408533104841","128.99064216862325"
"충청북도 충주시 중앙로 59 (충의동)","주변의료기관:우리들마취통증의학과 제중내과","자유시장입구","장춘당약국","043-847-7138","1900","0910","1900","0910","1900","0910","1900","0910","1900","0910","1900","0910","1800","1130","1800","1130","C2300318","273","86","18408","36.973124618585665","127.93013334898492"
"경상북도 영주시 중앙로 95 (영주동)","연중 무휴","경북영주시영주1동379-19","장춘당약국","054-631-2235","2300","0830","2300","0830","2300","0830","2300","0830","2300","0830","2300","0830","2300","0830","2300","0830","C2700325","360","75","18409","36.823937315339386","128.62514789043462"
"경상북도 안동시 남문로 25 (서부동)","중구동, 문화의거리 지역에서 휴일없이 영업함","중구동, 안동시보건소에서 홈플러스방면 우측, 대구은행 안동지점 맞은편","장춘당약국","054-855-2896","2200","0800","2200","0800","2200","0800","2200","0800","2200","0800","2200","0800","2200","1000","2200","1000","C2700321","366","95","18410","36.5654064625912","128.72984459672494"
"충청남도 금산군 금산읍 인삼로 85,","농협중앙회금산군지부앞","장춘약국","041-753-0076","1800","0800","1800","0800","1800","0800","1800","0800","1800","0800","1400","0800","C2400479","327","38","18411","36.10299248670697","127.49116767717567"
"경상남도 거제시 장평로8길 19","장평오거리","장평삼성약국","055-632-7548","2100","0900","2100","0900","2100","0900","2100","0900","2100","0900","1800","0900","C2800955","532","65","18412","34.89226207033986","128.6102918533194"
"강원특별자치도 평창군 용평면 경강로 1652","주말은 운영할때도 있고 안할때도 있음.","장평약국","033-334-6522","2000","0900","2000","0900","2000","0900","2000","0900","2000","0900","2000","0900","1900","0900","C2200615","253","15","18413","37.58559176746876","128.41511193002765"
"경상남도 거제시 장평로 37, (장평동)","장평종합시장 부근","장평온누리약국","055-633-2775","1900","0900","1900","0900","1900","0900","1900","0900","1900","0900","1500","0900","1300","0900","C2800648","532","68","18414","34.89084449355606","128.6131150818192"
"충청남도 서천군 장항읍 장항로 181-2 (장항읍)","장항약국","041-956-7761","1900","0800","1900","0800","1900","0800","1900","0800","1900","0800","1400","0800","C2401206","336","72","18415","36.01114937177856","126.69786289373508"
"충청남도 서천군 장항읍 장서로 30","서천군장항읍반석의원옆","장항종로약국","041-956-8050","1900","0800","1900","0800","1900","0800","1900","0800","1900","0800","1300","0800","C2400444","336","73","18416","36.01051283952696","126.69848207514206"
"경기도 남양주시 진접읍 봉현로 19","첫째주 일요일만 운영","현대병원오른쪽편의점옆","장현대학약국","031-528-9111","2130","0900","2130","0900","2130","0900","2130","0900","2130","0900","2130","0900","2100","1000","C2102695","120","13","18417","37.715502777777779","127.180308333333329"
"충청북도 청주시 상당구 상당로 47, 103호 (남문로2가)","장현민약국","043-221-2268","2030","0900","1900","0900","1900","0900","1900","0900","2030","0900","1500","0900","C2301114","285","30","18418","36.63268008394695","127.49057268796409"
"경기도 시흥시 새재로7번길 6 (장현동)","장현약국","031-318-9479","2100","0900","2100","0900","2100","0900","2100","0900","2100","0900","1600","0900","1300","0900","C2101115","149","98","18419","37.380735148566174","126.80101270061425"
"경기도 남양주시 진접읍 장현로 78, 101,102호 (대명아파트상가)","장현리대명상가1층","장현유명약국","031-572-5116","2000","1000","2000","1000","2000","1000","2000","1000","2000","1000","C2100015","120","13","18420","37.717590496742005","127.18164392166331"
"경기도 남양주시 진접읍 봉현로14번길 11, 2층","진접읍대명아파트상가","장현이층약국","031-572-3170","1300","0830","1300","0830","1300","0830","1300","0830","1300","0830","1600","0900","1300","0900","C2102805","120","13","18421","37.71736455151896","127.18137200764286"
"경기도 남양주시 진접읍 장현로 77,","장현프라자약국","031-571-7220","1830","0900","1830","0900","1830","0900","1830","0900","1830","0900","1500","0900","C2102938","120","14","18422","37.7176148567","127.1808905642"
"경기도 이천시 장호원읍 장감로77번길 5-1, 1층","장호원호호약국","031-888-8888","1800","0900","1800","0900","1800","0900","1800","0900","1800","0900","1300","0900","C2110195","174","18","18423","37.1175881304796","127.631130780278"
"경기도 남양주시 도농로 32, 404호 (도농동, 부영상가)","도농동부영아파트신한은행건물4층","장훈약국","031-557-5177","1900","0900","1900","0900","1900","0900","1900","0900","1900","0900","1600","0900","C2103727","122","56","18424","37.609457160140586","127.15999664616325"
"경상남도 창원시 마산회원구 북성로 107, (회원동)","회산다리근처","재건약국","055-248-8390","2000","0900","2000","0900","2000","0900","2000","0900","2000","0900","1600","0900","C2800461","512","95","18425","35.21664821986579","128.57028899704994"
"인천광역시 강화군 강화읍 강화대로 412 (강화읍)","신한은행 옆.","재경약국","032-934-4741","1300","0900","1300","0900","1300","0900","1300","0900","1300","0900","1500","0900","C1400858","230","31","18426","37.746683509245614","126.48592048019034"
"경상북도 영주시 봉현면 오현로 58","4/5 공휴일시간변경","경북영주시풍기읍봉현면오현1리봉현농협옆","재경약국","054-633-6326","1900","0900","1900","0900","1900","0900","1900","0900","1900","0900","1900","0900","C2700640","360","44","18427","36.86367456338005","128.52373741769682"
"충청북도 청주시 서원구 사직대로 115, (사창동)","재미슨약국","043-275-3355","2100","0830","2100","0830","2100","0830","2100","0830","2100","0830","1500","0830","C2300027","285","68","18428","36.635154375859585","127.46036344161808"
"부산광역시 남구 수영로 30-11","2호선 지게골역 3번출구","재민약국","051-637-0329","2000","0900","2000","0900","2000","0900","2000","0900","2000","0900","1600","0900","1300","0900","1600","0900","C1201415","484","57","18429","35.13602419390479","129.0710870916697"
"서울특별시 노원구 공릉로 147 (공릉동)","화랑대역 3번 출구","재민약국","02-978-2405","1800","0900","1800","0900","1800","0900","1800","0900","1800","0900","1400","0900","1400","0900","C1102241","018","37","18430","37.6231518905437","127.079068738133"
"광주광역시 서구 월드컵4강로28번길 56 (화정동)","공휴일 유동적, 전화 연락 후 방문 요함","화정동신동아상가110호","재성약국","062-364-7655","1930","0830","1930","0830","1930","0830","1930","0830","1930","0830","1930","0830","1930","0830","C1500249","620","44","18431","35.141183584409994","126.88226854629569"
"서울특별시 노원구 노해로 452 (상계동)","노원역 6번 출구","재성약국","02-931-7824","1900","0900","1900","0900","1900","0900","1900","0900","1900","0900","1400","0900","C1103138","017","62","18432","37.6535043114989","127.058425653348"
"부산광역시 해운대구 재반로 82, 1층 2호 (재송동, 장안빌딩)","버스정류장: 재송동농협건너편","재송약국","051-781-5050","1930","0900","1930","0900","1930","0900","1930","0900","1930","0900","1600","0900","C1200906","480","53","18433","35.18600334469534","129.12575764951967"
"울산광역시 울주군 온산읍 덕신로 217, 105호","재연약국","052-237-1012","1820","0900","1820","0900","1820","0900","1250","0900","1820","0900","1250","0900","C1700654","450","03","18434","35.4342690408461","129.304936756943"
"서울특별시 강북구 오패산로30길 30 (미아동)","재원약국","02-989-5379","2000","0900","2000","0900","2000","0900","2000","0900","2000","0900","1700","0900","C1107068","012","34","18435","37.6163555759387","127.035671190839"
"경기도 화성시 동탄순환대로10길 88, S110호 (산척동, 레이크힐 반도유보라 아이비파크 10.2)","재윤온누리약국","031-376-7515","1800","1000","1800","1000","1800","1000","1800","1000","1800","1000","C2108387","185","03","18436","37.1662310277737","127.127965819184"
"인천광역시 남동구 호구포로 808, 102호일부 (구월동)","구월4동롯데캐슬정문맞은편 수전빌딩 1층","재준약국","032-462-2513","1930","0900","1930","0900","1930","0900","1930","0900","1930","0900","1400","0900","C1400834","215","34","18437","37.454482334097996","126.71956796055502"
"경상북도 김천시 김천로 31 (평화동)","일요일 공휴일 전화 후 방문","경북김천시평화동452-38","재창약국","054-434-2678","2300","0900","2300","0900","2300","0900","2300","0900","2300","0900","2300","0900","2300","0900","2300","0900","C2700023","395","99","18438","36.12616462661324","128.10679022098816"
"서울특별시 구로구 시흥대로161가길 16","시흥IC 부근","재훈약국","02-854-2250","2200","0900","2200","0900","2200","0900","2200","0900","2200","0900","2100","0800","C1102242","083","93","18439","37.4803349506934","126.898188146991"
"경기도 파주시 적성면 청송로 1052","적성실로암약국","031-958-4008","2200","0800","2200","0800","2200","0800","2200","0800","2200","0800","C2107016","108","03","18440","37.953072178448885","126.91760915858714"
"경기도 파주시 적성면 청송로 1016","적성태평양약국","031-958-8275","1930","0900","1930","0900","1930","0900","1930","0900","1930","0900","1400","0900","1300","0900","C2102783","108","03","18441","37.95391684860423","126.91828410140687"
"경기도 남양주시 와부읍 덕소로 73, 107,108호 (세양아르비채리버)","덕소초등학교뒤100m","적십자약국","031-577-1495","1800","0900","1800","0900","1800","0900","1800","0900","1800","0900","1600","0900","2100","0830","C2103668","122","05","18442","37.58921069881607","127.21419453198176"
"경기도 연천군 전곡읍 전곡로 138 (전곡읍)","군농협사거리한북제일의원옆","전곡약국","031-835-7890","2100","0830","2100","0830","2100","0830","2100","0830","2100","0830","2030","0830","2100","0900","C2102833","110","34","18443","38.024544085760084","127.06929531028607"
"전라남도 무안군 무안읍 무안중앙로 11,","광주은행 맞은 편.","전남약국","061-452-8433","1800","0800","1800","0800","1800","0800","2000","0800","1800","0800","1500","0800","1700","0900","1700","0900","C2600045","585","25","18444","34.98853507546187","126.47769003262453"
"전라남도 화순군 화순읍 중앙로 171","화순전대병원 교차로 근처 사거리","전남약국","061-375-3676","1830","0830","1830","0830","1830","0830","1830","0830","1830","0830","C2600281","581","15","18445","35.060513888888892","127.000144444444444"
"전라남도 순천시 비봉2길 7","엔시백화점앞","전남약국","061-722-2210","2100","0900","2100","0900","2100","0900","2100","0900","2100","0900","1800","0900","C2600704","579","33","18446","34.97192903365177","127.521242542417"
"전라남도 여수시 무선로 107 (선원동)","전남우리약국","061-683-7284","2000","0830","2000","0830","2000","0830","2000","0830","2000","0830","2000","0830","C2601179","596","41","18447","34.77036190892559","127.6545894994625"
"전라남도 여수시 시청로 41","쌍봉사거리 세제 백화점 인근 롯데리아 여천점","전남제일약국","061-681-5354","2200","0830","2200","0830","2200","0830","2200","0830","2200","0830","2200","0830","C2600297","596","73","18448","34.7653509442","127.6624406957"
"광주광역시 북구 우치로 88-1, 1층 (용봉동)","굥휴일은 일정하지 않으므로 네이버블로그에 미리 공지함","전대365약국","062-251-3563","2000","1000","2000","1000","1800","1000","2000","1000","2000","1000","1400","1000","2000","1600","C1501284","611","89","18449","35.1752941231692","126.912762190664"
"광주광역시 북구 서방로 12, 1층 (중흥동)","- 설날, 추석과 같은 연휴 기간에는 경우 공휴일 당일만 휴무 / 그 외 12시30분까지 영업 (단, 연휴가 일요일일 경우는 휴무) - 대체 공휴일 지정일은 12시30분까지 영업","전대약국","062-514-8700","1830","0900","1830","0900","1830","0900","1830","0900","1830","0900","1300","0900","C1500910","612","07","18450","35.17329764420007","126.91439447285175"
"인천광역시 강화군 길상면 온수길 23 (길상면)","온수리버스터미널차부건물내1층","전등약국","032-937-8219","1300","0900","1300","0900","1300","0900","1300","0900","1300","0900","1200","0800","C1400642","230","50","18451","37.63913478662952","126.4918957344369"
"전북특별자치도 전주시 덕진구 안덕원로 146, (진북동)","일요일/공휴일 전화후방문","모래내시장 사거리","전라약국","063-252-4861","2000","0900","2000","0900","2000","0900","2000","0900","2000","0900","2000","0900","1800","1000","1800","1000","C2500256","550","03","18452","35.8321347573","127.1445684802"
"강원특별자치도 태백시 번영로 347, (황지동)","황지동 고려의원 황지지구대 옆","전문약국","033-553-1574","1830","0900","1830","0900","1830","0900","1830","0900","1830","0900","1200","0900","C2200172","260","08","18453","37.171931114865544","128.99118681279407"
"광주광역시 남구 효덕로 293, 1층 (진월동)","전문약국","062-672-6202","1900","0800","1900","0800","1900","0800","1900","0800","1900","0800","1200","0800","C1501383","617","42","18454","35.1095141111322","126.896419835099"
"인천광역시 부평구 안남로 261, 전방프라자 102호 (산곡동)","일요일 약국 방문 전 확인 필요 평일 및 주말 13:30~14:00 휴게시간","산곡2동 동사무소 옆 전방프라자 1층","전방프라자약국","032-515-2200","2200","0900","2200","0900","2100","0900","2200","0900","2200","0900","2200","0900","2100","0900","2200","0900","C1400260","213","62","18455","37.506238888888888","126.708552777777783"
"전북특별자치도 전주시 덕진구 안덕원로 296 (인후동1가)","인후동유일여고앞","전북약국","063-241-9100","2000","0900","2000","0900","2000","0900","2000","0900","2000","0900","1800","0900","1800","0900","C2500318","550","12","18456","35.837152777777774","127.159388888888884"
"전북특별자치도 군산시 구암3.1로 7 (대명동)","구 역전 앞","전북약국","063-445-6436","1900","0600","1900","0600","1900","0600","1900","0600","1900","0600","1600","0600","1600","0600","1600","0600","C2500173","540","29","18457","35.98034090601231","126.72021100624377"
"경기도 성남시 중원구 광명로 372, 1층 (금광동)","신구대사거리중원경찰서방향239종점앞","전승완약국","031-734-6041","2400","0900","2400","0900","2400","0900","2400","0900","2400","0900","2400","0900","2400","0900","2400","0830","C2101261","131","82","18458","37.4464290811","127.1672079593"
"충청남도 논산시 계백로 1022","농협 옆","전약국","041-735-4820","1900","0830","1900","0830","1900","0830","1900","1830","1900","0830","1700","0830","1700","0830","C2400167","329","74","18459","36.2042304554","127.0899982387"
"전라남도 목포시 옥암로 101 (상동)","마동금광블루빌입구송보5차입구","전약국","061-284-4859","1900","0900","1900","0900","1900","0900","1900","0900","1900","0900","1300","0900","1300","0900","C2600997","586","62","18460","34.80802066906286","126.4258142926127"
"강원특별자치도 원주시 치악로 1863, (봉산동)","원주경찰서 앞 / 이하우신경외과 근처","전약국","033-742-9533","1800","0900","1800","0900","1800","0900","1300","0900","1800","0900","1300","0900","C2200165","263","29","18461","37.34789087071307","127.95607279022206"
"경상북도 의성군 의성읍 문소3길 98","공생병원옆","전약국","054-833-3734","2030","0800","2030","0800","2030","0800","2030","0800","2030","0800","1700","0900","1800","0900","C2700865","373","37","18462","36.354778096376606","128.69447248861823"
"충청남도 태안군 안면읍 장터로 109 (안면읍)","안면약국하고 일요일격주로 한시까지 근무합니다","성모의원 1층","전약국","041-673-4024","1900","0800","1900","0800","1900","0800","1900","0800","1900","0800","1300","0800","1300","0900","C2400433","321","64","18463","36.516981414165365","126.34554957319124"
"인천광역시 부평구 후정동로 21, 1층 (삼산동, 화령빌딩)","삼산1동 동사무소 근처건물 1층","전원약국","032-522-4410","2100","0900","2100","0900","2100","0900","2100","0900","2100","0900","2100","0900","1300","0900","C1400478","213","18","18464","37.519516666666668","126.737741666666665"
"서울특별시 동작구 사당로 244, 1호 (사당동, 사당시장 점포)","남성역 1번 출구/사당시장건물 내 점포 제1호","전원약국","02-585-9677","1830","0720","1830","0720","2100","0720","1830","0720","1830","0720","1530","0720","C1102244","070","11","18465","37.4828827584027","126.975337502836"
"전라남도 여수시 문수로 86 (문수동)","전일약국","0616543150","1300","0830","1300","0830","1300","0830","1300","0830","1300","0830","1300","0800","C2600110","597","13","18466","34.75421082146871","127.7045656194368"
"광주광역시 동구 갈마로 46 (산수동)","광주은행옆 전일약국","전일약국","062-266-3313","1800","0900","1800","0900","1800","0900","1800","0900","1800","0900","1300","0900","C1500439","501","092","18467","35.161615088684705","126.93563865888007"
"전라남도 목포시 청호로 153 (산정동)","토요일 ,공휴일 전화 후 방문","토요일,공휴일 전화 후 방문요망","목포 주안교회 근처","전일약국","061-273-7575","2000","0830","2000","0830","2000","0830","2000","0830","2000","0830","2000","0830","1800","0900","2000","0900","C2601004","587","14","18468","34.804744539831304","126.37486781855421"
"전북특별자치도 전주시 완산구 선너머로 83, (중화산동1가)","전주예수병원 장례식장 맞은편","전주강남약국","063-284-3155","1800","0900","1800","0900","1800","0900","1800","0900","1800","0900","1200","0900","C2500447","549","89","18469","35.815125000000002","127.133727777777779"
"전북특별자치도 전주시 완산구 팔달로 101, 김약국 (전동)","남부시장 서학동다리(교대가는다리) 옆","전주김약국","063-288-5600","1900","0900","1900","0900","1900","0900","1900","0900","1900","0900","1400","0900","C2500538","550","43","18470","35.81150214880389","127.14925975390977"
"전북특별자치도 전주시 완산구 당산로 50, 1층 (서신동)","서신동 뚜레주르옆","전주대형온누리약국","063-278-3060","2100","0900","2100","0900","2100","0900","2100","0900","2100","0900","2000","0900","C2500629","549","51","18471","35.83200988659859","127.11370490472714"
"전북특별자치도 전주시 덕진구 시천로 42 (송천동1가)","송천동대명아파트 맞은편","전주맑은약국","063-277-1084","1930","0900","1930","0900","1930","0900","1930","0900","1930","0900","1400","0900","C2500809","548","33","18472","35.86313491480313","127.11480500888835"
"전북특별자치도 전주시 덕진구 기린대로 489, 1층 (덕진동1가)","덕진광장맞은편","전주미소약국","063-255-7575","1930","0900","1930","0900","1930","0900","1930","0900","1930","0900","1600","0900","1300","0900","C2500060","548","93","18473","35.84285761840078","127.12448362442052"
"전북특별자치도 전주시 완산구 천잠로 507, 1층 (효자동3가)","전주바른약국","063-255-4741","1800","0900","1800","0900","1800","0900","1800","0900","1800","0900","1300","0900","C2501368","548","77","18474","35.8299539288407","127.095310409605"
"전북특별자치도 전주시 덕진구 백제대로 687, (금암동)","메디팜전주백제약국 간판이름","사대부고 사거리에서 전주역 방향","전주백제약국","063-251-7569","1830","0900","1830","0900","1830","0900","1830","0900","1830","0900","1300","0900","C2500142","549","07","18475","35.84442557388093","127.14424211730147"
"전북특별자치도 전주시 완산구 온고을로 20, 더존빌딩 3층 (서신동)","전주봄봄약국","063-255-7859","1800","0900","1800","0900","1800","0900","1800","0900","1800","0900","1300","0900","C2501389","549","46","18476","35.8341948288714","127.120747763113"
"전북특별자치도 전주시 완산구 전라감영5길 19-8","전주안과 수앤미피부과 창영치과 양승춘치과 오환용치과 곽치과","객사 앞 전주안과 근처","전주비타민약국","063-232-4936","1830","0900","1830","0900","2000","0900","1830","0900","1830","0900","1300","0900","C2500278","550","38","18477","35.81757052510811","127.14535826464596"
"전북특별자치도 전주시 완산구 선너머4길 20 (중화산동1가)","전주예수병원 장례식장 뒷편","전주서원약국","063-288-9581","1800","0900","1800","0900","1800","0900","1800","0900","1800","0900","1200","0900","C2500528","549","87","18478","35.81455005816955","127.13226512147236"
"전북특별자치도 전주시 덕진구 송천중앙로 149 (송천동1가)","다비치안경점 옆","전주솔약국","063-287-7766","1930","0830","1930","0830","1930","0830","1930","0830","1930","0830","1600","0830","C2500684","548","34","18479","35.8601790718","127.1209796902"
"전북특별자치도 임실군 임실읍 봉황8길 11, 화니핀미용실","일요일 당번(2, 5번째당번) 영업 ,공휴일 전화후방문","임실터미널 근처","전주약국","0636422128","2000","0800","2000","0800","2000","0800","2000","0800","2000","0800","1800","0800","1800","0800","1700","0900","C2500342","559","26","18480","35.61494451635854","127.28183395164052"
"경기도 성남시 수정구 수정로 358 (산성동)","공휴일, 일요일 전화 확인 후 방문.","전주약국","031-734-6524","2030","0900","2030","0900","2030","0900","2030","0900","2030","0900","1800","0900","1300","0900","1200","0900","C2101290","131","23","18481","37.45424621774513","127.15118549944365"
"전북특별자치도 전주시 완산구 쑥고개로 319, 1층 (효자동2가)","전주열린약국","063-222-3883","1800","0900","1800","0900","1800","0900","1800","0900","1800","0900","1300","0900","C2501321","550","65","18482","35.802611420388786","127.10014177345637"
"전북특별자치도 전주시 완산구 온고을로 18, 104호 (서신동)","롯데백화점 옆","전주온누리약국","063-255-2884","1900","0900","1900","0900","1900","0900","1900","0900","1900","0900","1500","0900","C2501087","549","46","18483","35.83417236641678","127.12103759494624"
"전북특별자치도 전주시 덕진구 송천중앙로 161, (송천동1가)","연중무휴","송천동 우체국 맞은편","전주종로약국","063-252-7331","2200","0900","2200","0900","2200","0900","2200","0900","2200","0900","2200","0830","1900","0900","1900","0900","C2500271","548","34","18484","35.86142171518817","127.1211443476098"
"전북특별자치도 전주시 완산구 백제대로 262 (중화산동2가)","연중무휴","백제로 어은터널 사거리","전주종로약국중화산점","063-226-7585","2230","0900","2230","0900","2230","0900","2230","0900","2230","0900","2200","0900","2200","1000","2200","0900","C2500034","549","85","18485","35.81637991400174","127.12339820619415"
"전북특별자치도 전주시 완산구 선너머4길 7","예수병원응급실 아래 시온교회 바로앞","전주즐거운약국","063-282-5885","1800","0900","1800","0900","1800","0900","1800","0900","1800","0900","C2500418","549","87","18486","35.81352879876554","127.13235888720291"
"전북특별자치도 전주시 완산구 세내로 540 (효자동3가)","전주프라자약국","063-278-8184","2000","0900","2000","0900","2000","0900","2000","0900","2000","0900","1900","0900","C2501499","549","56","18487","35.8338703258441","127.10010511239"
"전북특별자치도 전주시 완산구 백제대로 224, 1층 (중화산동2가)","전주행복약국","063-228-0009","1830","0900","1830","0900","1300","0900","1830","0900","1830","0900","1300","0900","C2501301","549","85","18488","35.81303355910696","127.12346190830972"
"서울특별시 금천구 탑골로3가길 22, (시흥동)","시흥동 은행나무 주변","전진상약국","02-802-9314","2000","1400","1800","0900","2000","1400","1800","0900","1800","0900","1800","1400","C1100634","085","74","18489","37.4525880105904","126.910733713336"
"부산광역시 부산진구 전포대로275번길 79 (전포동)","1호선 부전역 8번 출구","전포롯테온누리약국","051-816-3446","1800","0900","1800","0900","1800","0900","1800","0900","1800","0900","1300","0900","C1202260","472","41","18490","35.16342586115381","129.06435109790624"
"서울특별시 강동구 올림픽로 653, 우장빌딩 1층 109호 (천호동)","정감약국","02-472-0368","1930","0900","1930","0900","1930","0900","1930","0900","1930","0900","1400","0900","C1109802","052","48","18491","37.5399513142557","127.123465335346"
"광주광역시 남구 서문대로 671, 1층 101호 (진월동)","명절은 유선연락 후 방문요함.","고객이 즐거운 휴베이스 정겨운약국입니다.","정겨운약국","062-673-3667","1900","0900","1900","0900","1300","0900","1900","0900","1900","0900","1300","0900","1900","0900","C1501262","617","27","18492","35.1192945356221","126.898734907588"
"경상남도 김해시 금관대로1193번길 11, (외동)","주말,공휴일 전화확인 요망","동성아파트","정겨운약국","055-333-3905","2130","0930","2130","0930","2130","0930","2130","0930","2130","0930","2000","0900","C2800147","508","94","18493","35.234222222222222","128.852330555555568"
"부산광역시 기장군 정관읍 정관로 395, 101호","공휴일은 전화 후 방문요망","버스정류장: 정관현진에버빌맞은편","정관 코끼리약국","051-727-5655","1850","0830","1850","0830","1850","0830","1850","0830","1850","0830","1400","0900","C1201281","460","08","18494","35.334147949250884","129.16601477634842"
"부산광역시 기장군 정관읍 정관5로 50, 지하1층 (정관홈플러스)","홈플러스 부산정관점 지하 1층 / 버스: 182, 기장군-8","정관온누리약국","051-728-8360","2200","1000","2200","1000","2200","1000","2200","1000","2200","1000","2200","1000","2200","1000","2200","1000","C1202368","460","15","18495","35.3230509891","129.1763794696"
"서울특별시 구로구 남부순환로97길 11 (개봉동)","개봉역 1번 출구 바로 앞","정광약국","02-2687-2983","2100","0900","2100","0900","2100","0900","2100","0900","2100","0900","2100","0900","C1100644","083","28","18496","37.4942567601283","126.858377329092"
"경기도 화성시 정남면 세자로 302 (정남빌딩)","정남약국","031-353-1539","2100","0900","2100","0900","2100","0900","2100","0900","2100","0900","1900","0900","1800","1000","C2102005","185","16","18497","37.19382372975984","126.97986603965984"
"경기도 안양시 동안구 관악대로 103, 5층 505호 (비산동, 103에비뉴)","정다운5층약국","031-443-5556","1900","0900","1900","0900","1900","0900","1900","0900","1900","0900","C2108641","139","23","18498","37.3991502487389","126.935444245211"
"서울특별시 동작구 흑석로 101-1, 1층 (흑석동)","정다운메디칼우리약국","02-3280-3215","1830","0830","1830","0830","1830","0830","1830","0830","1830","0830","1300","0830","C1110171","069","10","18499","37.50779054613892","126.96068030851193"
"광주광역시 북구 설죽로 343-8, 1층 (매곡동)","북부서와고려고사이","정다운약국","062-574-7566","1900","0900","1900","0900","1900","0900","1900","0900","1900","0900","1300","0900","1300","0900","1300","0900","C1500036","610","62","18500","35.19054586508485","126.89854195831243"
"대전광역시 동구 동부로73번길 20-7, 용운동 근생시설 신축공사 1층 (용운동)","정다운약국","042-273-7272","1830","0800","1830","0800","1830","0800","1830","0800","1830","0800","1300","0800","C1601315","346","63","18501","36.3234214962947","127.460805074153"
"대구광역시 군위군 우보면 이화길 133","정다운약국","054-382-6742","1700","0800","1700","0800","1700","0800","1700","0800","1700","0800","1300","0800","C2701583","390","42","18502","36.195858666741","128.664624916381"
"강원특별자치도 태백시 서황지로 4, (황지동)","황지동 노동부 뒤","정다운약국","033-552-6887","1900","0800","1900","0800","1900","0800","1900","0800","1900","0800","1300","0900","1800","1500","C2200441","260","08","18503","37.171963916783476","128.99014630525244"
"강원특별자치도 정선군 정선읍 봉양6길 15","정선읍 봉양리 연세외과 앞","정다운약국","033-563-9381","1900","0900","1900","0900","1900","0900","1900","0900","1900","0900","1300","0900","C2200463","261","30","18504","37.378997420904746","128.66360776506832"
"서울특별시 강동구 진황도로61길 51, 1층 (둔촌동)","정다운약국","02-477-5512","1800","0830","1800","0830","1800","0830","1800","0830","1800","0830","C1110157","053","68","18505","37.5286456970914","127.146158329015"
"경상남도 거제시 계룡로5길 13, (상동동)","거제백병원 앞","정다운약국","055-636-3468","1800","0900","1800","0900","1800","0900","1800","0900","1800","0900","1300","0900","C2800702","532","90","18506","34.87389868732791","128.6273157346109"
"경상남도 통영시 무전8길 13-38, 상가동 102호 (무전동, 진우하이빌 1차)","김재원이비인후과","남진우미용실","정다운약국","055-641-4049","2030","0830","2030","0830","2030","0830","2030","0830","2030","0830","1300","0830","C2800696","530","43","18507","34.858120076795736","128.42788039708856"
"충청남도 서산시 부춘1로 34-1 (읍내동)","학돌초등학교","정다운약국","041-920-3977","2100","0900","1800","0900","1900","0900","2100","0900","1800","0900","1800","0900","1800","0900","C2400018","319","73","18508","36.78473078703395","126.44538780687995"
"충청남도 예산군 덕산면 봉운로 18","또순네식당 앞","정다운약국","041-338-0206","1800","0830","1800","0830","1800","0830","1800","0830","1800","0830","1300","0830","C2400512","340","923","18509","36.70535563812425","126.67130505609832"
"경상남도 거창군 거창읍 거열로 199, 정다운 약국","정다운약국","055-942-5936","1900","0900","1900","0900","1900","0900","1900","0900","1900","0900","1400","0900","C2802129","501","27","18510","35.69106523904","127.915219124309"
"전북특별자치도 고창군 고창읍 보릿골로 114 (고창읍)","정다운약국","063-562-5577","1800","0830","1800","0830","1800","0830","1800","0830","1800","0830","1300","0830","1800","0900","C2501154","564","33","18511","35.43552005472632","126.69573351500152"
"부산광역시 수영구 수영성로27번길 15, 1층 (수영동)","정다운약국","051-758-7767","2100","0900","2100","0900","2100","0900","2100","0900","2100","0900","C1203072","482","28","18512"
"전북특별자치도 전주시 덕진구 전주천동로 506 (금암동)","한양내과 1층 수협 뒷편","정다운약국","063-278-3141","1800","0900","1800","0900","1800","0900","1800","0900","1800","0900","1300","0900","C2500360","549","33","18513","35.83705869165324","127.13168850408586"
"서울특별시 동작구 만양로 19, 상가동 3층 311,312호 (노량진동, 신동아리버파크아파트)","점심시간 13:00-14:00","신동아리버파크 상가 3층","정다운약국","02-6267-7575","1830","0900","1830","0900","1830","0900","1830","0900","1830","0900","1230","0900","C1100371","069","20","18514","37.50708785065751","126.94412844780963"
"서울특별시 은평구 진흥로 137, 1층 (대조동)","점심시간 13:00~14:00","정다운약국","02-387-8547","1830","0900","1830","0900","1830","0900","1830","0900","1400","0900","1400","0900","C1102260","033","95","18515","37.6082455127291","126.925108083192"
"서울특별시 송파구 오금로 487","거여역 1번출구","정다운약국","02-431-3459","2100","0900","2100","0900","2100","0900","2100","0900","2100","0900","2000","0900","C1100501","057","44","18516","37.4939158298536","127.143183666858"
"경기도 의정부시 시민로 81, 서부타워빌딩 102호 (의정부동)","정다운약국","031-877-1596","2000","0900","2000","0900","2000","0900","2000","0900","2000","0900","1430","0900","C2109212","116","70","18517","37.7386784983935","127.044213723101"
"경기도 남양주시 화도읍 경춘로 1943-6, 1층","정다운약국","031-511-7092","1900","0900","1900","0900","1900","0900","1900","0900","1900","0900","1400","0900","C2102494","121","79","18518","37.65167001212532","127.30414457662975"
"경기도 이천시 이섭대천로 1188 (중리동)","제일은행맞은편","정다운약국","031-631-7585","1730","0900","1730","0900","1730","0900","1730","0900","1730","0900","1730","0830","C2100615","173","73","18519","37.27634428250039","127.44705828637905"
"경기도 평택시 중앙로 8, (통복동)","정다운약국","031-652-4573","1430","0830","1430","0830","1430","0830","1430","0830","1430","0830","1400","0800","C2100717","179","11","18520","36.99520393222776","127.08400169589455"
"경기도 용인시 처인구 명지로40번길 9, 지석프라자 110호 (역북동)","정다운약국","031-338-9285","1800","0900","1800","0900","1800","0900","1800","0900","1800","0900","1300","0900","C2109568","170","56","18521","37.2322902072181","127.187478375746"
"경기도 용인시 기흥구 동백중앙로 283, 골드프라자 A동 304호 (중동)","정다운약국","031-284-4922","2030","0800","2030","0800","2030","0800","2030","0800","2030","0800","1230","0900","C2106932","170","06","18522","37.278013438217215","127.15348883954283"
"경기도 광명시 소하로 81, 1층 103호 (소하동)","광명이마트소하점옆아이플렉스건물1층","정다운약국","02-897-1430","2200","0900","2200","0900","2200","0900","2200","0900","2200","0900","2200","0900","C2100865","143","16","18523","37.44762971018048","126.88401851495182"
"경기도 고양시 일산동구 일산로 213","마두1동사무소건너편","정다운약국","031-906-4946","1900","0900","1900","0900","1900","0900","1900","0900","1900","0900","1400","0900","C2102398","104","16","18524","37.65515756887464","126.78927117563511"
"경기도 성남시 수정구 수정로 78, 1층 (수진동)","토요일 2,4주-08:30~13:00 / 1,3주-08:30~18:00","정다운약국","031-755-6156","1900","0830","1900","0830","1900","0830","1900","0830","1900","0830","1300","0830","C2102214","133","16","18525","37.439974985206895","127.129214206243"
"경기도 수원시 장안구 팔달로 211, 그린의원 1층 (영화동)","정다운약국","031-207-8275","2000","0900","2000","0900","2000","0900","2000","0900","2000","0900","1600","0900","C2107732","162","72","18526","37.28649588166636","127.00887720125354"
"경기도 수원시 영통구 중부대로 250-1, 1층 (매탄동)","정다운약국","031-212-6633","2000","0900","2000","0900","2000","0900","2000","0900","2000","0900","1600","0900","C2101765","165","31","18527","37.27459818950896","127.04322897302043"
"서울특별시 동대문구 이문로54길 46, 1층 108호 (이문동, 이문e편한세상아파트상가1동)","이문e편한세상아파트 상가 1동","정다운약국","02-957-3153","1800","0900","1800","0900","1800","0900","1800","0900","1800","0900","1300","0900","C1100645","024","07","18528","37.6054382486418","127.064446861992"
"서울특별시 종로구 종로 339, 1층 (창신동)","정다운약국","02-3672-8959","2000","0800","2000","0800","1900","0800","2000","0800","2000","0800","1600","0800","C1108311","031","04","18529","37.5731642087423","127.015112901027"
"서울특별시 강서구 까치산로 120 (화곡동)","강서구화곡6동969-12","정다운약국","02-2065-2998","2000","0900","2000","0900","2000","0900","2000","0900","2000","0900","1300","0900","C1103292","076","62","18530","37.5484492662085","126.850286821109"
"인천광역시 부평구 장제로 27, 1층 (부평동, 해마루상가)","공휴일 유동적 운영(0830~1700)","해머루상가건물 1층","정다운약국","032-516-2750","1700","0830","1700","0830","1700","0830","1700","0830","1700","0830","1300","0830","C1400154","214","06","18531","37.48779619814439","126.72888221931328"
"경상남도 창원시 진해구 냉천로 87, Y-Zone 102호 (석동)","정다운약국","055-546-1030","1900","0800","1900","0800","1900","0800","1900","0800","1900","0800","1400","0800","C2802441","515","95","18532","35.1532739059656","128.706511672575"
"서울특별시 노원구 초안산로2라길 26, 상가동 204호 (월계동, 월계센트럴아이파크)","평일 점심시간 13:00~14:00","정다운약국","02-6081-3281","1900","0900","1900","0900","1900","0900","1900","0900","1900","0900","1400","0900","C1108750","018","79","18533","37.6300099286586","127.05667170993"
"부산광역시 금정구 부곡로 118, 1층 (부곡동)","버스정류장: 부곡시장 사거리 농협","정다운약국","051-582-3692","1900","0900","1900","0900","1900","0900","1900","0900","1900","0900","1600","0900","C1201356","462","71","18534","35.22635147879172","129.09207317671576"
"충청북도 청주시 흥덕구 1순환로 511-1, (봉명동)","봉명동농수산물시장맞은편","정다운약국","043-264-6600","1900","0830","1900","0830","1900","0830","1900","0830","1900","0830","1300","0830","C2300338","284","75","18535","36.64669470152683","127.46534362364031"
"부산광역시 금정구 서동로 166, (서동)","버스정류장: 세웅병원","정다운약국","051-528-6121","1900","0900","1900","0900","1900","0900","1900","0900","1900","0900","1500","0900","C1200292","463","27","18536","35.21451577860298","129.10465175076084"
"부산광역시 부산진구 새싹로 148 (연지동)","버스정류장: 부암동 우체국","정다운약국","051-817-3338","1830","0830","1830","0830","1830","0830","1830","0830","1830","0830","C1201342","471","33","18537","35.16940093427767","129.05043273710604"
"충청북도 충주시 중앙로 80","충주의료원정문앞","정다운약국","043-857-0419","1930","0830","1930","0830","1930","0830","1930","0830","1930","0830","1800","0900","1800","0900","C2300238","273","87","18538","36.972203946235126","127.93217948128272"
"부산광역시 기장군 정관읍 정관로 702, 1층","점심 12:30-14:00","정다운약국","051-728-7715","2000","0900","2000","0900","2000","0900","2000","0900","2000","0900","1400","0900","C1202453","460","21","18539","35.3209574887","129.1897105756"
"충청남도 홍성군 홍성읍 조양로 167, 신한은행 1층","신한은행 옆","정다운약국","041-633-7588","1830","0800","1830","0800","1830","0800","1830","0800","1830","0800","1600","0800","C2401213","322","21","18540","36.60123188259633","126.66869213672667"
"경기도 안산시 상록구 반석로 118, 103호 (본오동)","정다운약국","031-501-3650","2100","0900","2100","0900","2100","0900","2100","0900","2100","0900","2000","0900","1800","1000","1800","1000","C2108816","155","44","18541","37.2962846794149","126.87296866121"
"충청북도 청주시 청원구 오창읍 중심상업1로 8-9, 메가시티 217호","점심 13:30~14:00","롯데하이마트건물","정다운약국","043-215-0085","2100","0900","1930","0900","1930","0900","1930","0900","2100","0900","1500","0830","C2301132","281","20","18542","36.71226136168234","127.42860695759681"
"경기도 부천시 소사구 호현로489번길 38 (소사본동)","세종병원앞","정다운약국","032-343-6563","1930","0900","1930","0900","1930","0900","1930","0900","1930","0900","1430","0900","C2100163","147","54","18543","37.48046366068546","126.79141239472148"
"경기도 김포시 고촌읍 김포대로 344","국민은행 고촌지점 1층","정다운약국","031-997-3307","1930","0900","1930","0900","1930","0900","1930","0900","1930","0900","1530","0900","C2100371","101","25","18544","37.60159004301299","126.77060260992462"
"경기도 안성시 중앙로 370, 4층 (석정동, 하평플리스)","정다운약국","031-673-7286","1830","0830","1830","0830","1830","0830","1830","0830","1830","0830","1330","0830","C2100962","175","81","18545","37.00761137540955","127.26788345926152"
"충청북도 청주시 상당구 남일면 효촌송암1길 3 (남일면)","※ 공휴일 불규칙 운영","공휴일 유동적으로 운영함, 병원 개문시","효자촌목집 옆/보건소 사거리","정다운약국","043-233-5335","1800","0830","1800","0830","1800","0830","1800","0830","1800","0830","1300","0830","C2300810","281","87","18546","36.58865996440056","127.50816860120407"
"인천광역시 미추홀구 인중로 13, 햇살병원 1층 좌측호 (숭의동)","숭의로타리부근","정다운약국","032-882-5914","1300","0900","1300","0900","1300","0900","1300","0900","1300","0900","1500","0900","C1400384","221","74","18547","37.46253852870721","126.64110302143052"
"전라남도 해남군 해남읍 중앙1로 2","로터리빌딩/퓨티스피부과 앞.","정다운약국","061-536-6228","1800","0800","1800","0800","1800","0800","1800","0800","1800","0800","1300","0800","C2600362","590","27","18548","34.571322222222221","126.606930555555550"
"강원특별자치도 춘천시 칠전서길 38-14 (칠전동)","신남초교 정문앞","정다운약국","033-263-6788","1800","0900","1800","0900","1800","0900","1800","0900","1800","0900","1300","0900","C2200074","244","57","18549","37.84222139960833","127.71339441866414"
"대구광역시 달성군 다사읍 달구벌대로 874, 105호","정다운약국","053-582-3651","1800","0900","1800","0900","1800","0900","1800","0900","1800","0900","1300","0900","C1301244","429","18","18550","35.8579562264","128.4643044219"
"인천광역시 남동구 만수로 7, (만수동)","일요일, 공휴일 유동적 운영","만수 2동 872-7, 동물병원/버스정류장 건너편","정다운약국","032-471-3707","1900","0900","1900","0900","1900","0900","1900","0900","1900","0900","1300","0900","C1400039","215","24","18551","37.45815578907474","126.73003064581792"
"부산광역시 동구 고관로 128, 1층 (수정동)","1호선 부산진역 7번출구","정다운약국","051-441-6678","1900","0830","1900","0830","1900","0830","1900","0830","1900","0830","1500","0830","C1202119","487","88","18552","35.1296931558083","129.04759365745625"
"경기도 화성시 병점2로 6, 금강타운 1층 중앙 좌측 첫칸전부 (병점동)","정다운약국","031-000-0000","1800","0900","1800","0900","1800","0900","1800","0900","1800","0900","1300","0900","C2109530","184","13","18553","37.2050399737744","127.037740914728"
"제주특별자치도 제주시 서광로 302 (이도이동)","제주클리닉1층, 광양로터리 남서측 모서리","정다운약국","064-722-7222","1800","0830","1800","0830","1800","0830","1800","0830","1800","0830","1230","0830","1200","0800","1200","0800","C2900158","632","07","18554","33.50033984899555","126.5288341307124"
"경상남도 김해시 분성로 321, 골든에비뉴 112호 (서상동)","정다운약국","055-326-7703","1830","0900","1830","0900","1830","0900","1830","0900","1830","0900","1300","0900","C2802057","509","16","18555","35.23361779387277","128.8811235348756"
"경상북도 경산시 대학로10길 24 (정평동)","한라아파트입구","정다운약국","053-814-2220","1930","0830","1930","0830","1930","0830","1930","0830","1930","0830","1300","0830","C2700510","386","57","18556","35.8320677383877","128.72750033139204"
"경기도 파주시 탄현면 평화로574번길 9","정다운약국","031-957-1191","1830","0900","1830","0900","1830","0900","1830","0900","1830","0900","1400","0900","C2106400","108","60","18557","37.773453096180944","126.7211370538831"
"광주광역시 서구 상무누리로 4, 1층 101호 (치평동)","정다운약국","062-384-1175","1900","0830","1900","0830","1900","0830","1900","0830","1900","0830","1800","0900","C1501270","619","60","18558","35.1437241380041","126.841433563064"
"경상남도 창원시 성산구 가양로124번길 17-12 (대방동, 실로암빌딩)","농협뒤","정다운온누리약국","055-261-1906","2100","0900","2100","0900","2100","0900","2100","0900","2100","0900","2000","0900","2000","0900","C2800401","514","65","18559","35.20781332133448","128.70786877585408"
"인천광역시 서구 가정로 398 서해프라자 105 (가정동)","정다운온누리약국","032-584-9348","1900","0900","1900","0900","1900","0900","1900","0900","1900","0900","1300","0900","C1401717","227","77","18560","37.5203927395","126.6733178189"
"광주광역시 남구 봉선로 164 (봉선동)","쌍용4거리 삼환빌딩 1층","정다운온누리약국","062-652-5666","2130","0900","2130","0900","2130","0900","2130","0900","2130","0900","2130","0900","C1500488","617","04","18561","35.12278479550201","126.91303062059927"
"강원특별자치도 강릉시 경강로 2108 (임당동)","롯데리아 옆","정다운온누리약국","033-645-1357","1830","0830","1830","0830","1830","0830","1830","0830","1830","0830","1330","0830","C2200873","255","40","18562","37.75522295927461","128.8974108761257"
"전라남도 순천시 율산길 52, (연향동)","순천 연향동 호반아파트 입구","정다운온누리약국","061-726-2888","2000","0900","2000","0900","2000","0900","2000","0900","2000","0900","1900","0900","C2600285","580","03","18563","34.94058664605043","127.5274668835655"
"서울특별시 은평구 갈현로 260, 1층 (갈현동)","갈현초등학교 인근","정다운온누리약국","02-388-1226","1920","0900","1920","0900","1920","0900","1920","0900","1920","0900","1400","0900","C1107148","033","31","18564","37.7720090127151","126.72112772222"
"충청남도 천안시 동남구 서부대로 285, 104호 (신방동)","이마트 맞은편","정다운온누리약국","041-574-5582","1930","0830","1930","0830","1930","0830","1930","0830","1930","0830","1330","0830","C2400529","311","76","18565","36.79605156157211","127.12905376251294"
"경기도 고양시 덕양구 권율대로 889, 103호 (신원동, 파스텔시티2)","정다운온누리약국","02-381-0975","2000","0900","2000","0900","2000","0900","2000","0900","2000","0900","2000","0900","2000","1500","2000","1500","C2107325","105","68","18566","37.6634702431","126.8894781528"
"경기도 용인시 수지구 현암로 164, 103호 (죽전동, 신주프라자)","정다운온누리약국","031-889-5559","2100","0900","2100","0900","2100","0900","2100","0900","2100","0900","1700","0900","C2101250","168","80","18567","37.33146572323061","127.12745965313667"
"경기도 안산시 상록구 도매시장로 31, 1층 (이동, 장현빌딩)","정다운온누리약국","031-415-8275","2100","0900","2100","0900","2100","0900","2100","0900","2100","0900","1600","0900","C2100728","155","08","18568","37.309927777777780","126.858822222222216"
"서울특별시 중랑구 용마산로51길 52 (면목동)","정다운온누리약국","02-437-3253","1900","0900","1900","0900","1900","0900","1900","0900","1900","0900","1500","0900","C1104870","022","50","18569","37.5803127229845","127.089129981009"
"부산광역시 해운대구 재반로 86","버스정류장: 재송초등학교","정다운온누리약국","051-784-4716","1900","0900","1900","0900","1900","0900","1900","0900","1900","0900","1400","0900","C1202264","480","53","18570","35.18634538629983","129.12572463074181"
"서울특별시 송파구 강동대로 65, 토성빌딩 1층 (풍납동)","정다움약국","02-474-1331","1830","0900","1830","0900","1830","0900","1830","0900","1830","0900","C1108110","055","37","18571","37.5270996933864","127.114822479073"
"세종특별자치시 마음안1로 137, 가락마을18단지 근린생활시설 (고운동)","고운동","아름동 → 고운동 이전 (2018년 9월)","정담 한약국","044-866-1669","1900","1000","1900","1000","1900","1000","1900","1000","1900","1000","1500","1000","C1800221","300","62","18572","36.51856246837627","127.24393492222346"
"전북특별자치도 전주시 완산구 서원로 364-4, 1층 (중화산동1가)","정담약국","063-285-8273","1800","0830","1800","0830","1800","0830","1800","0830","1800","0830","C2501238","550","46","18573","35.8137397212","127.1339614448"
"강원특별자치도 강릉시 동부시장길 9-1 (옥천동)","고려병원 후문 골목길 안쪽","정담약국","033-642-7150","1800","0900","1800","0900","1800","0900","1800","0900","1800","0900","1300","0900","C2200561","255","52","18574","37.75888103997794","128.90002737462402"
"대구광역시 달서구 월배로 62 (진천동)","정담약국","053-632-2277","1800","0900","1800","0900","1800","0900","1800","0900","1800","0900","C1301826","427","71","18575","35.8132851912207","128.521338718915"
"부산광역시 해운대구 선수촌로21번길 37, 홈플러스 부산반여점 1층 (반여동)","매주 두번째 네번째 일요일 휴무 (마트 휴무일과 동일)","정담약국","051-526-7766","2200","1000","2200","1000","2200","1000","2200","1000","2200","1000","2200","1000","2200","1000","2200","1000","C1202407","480","43","18576","35.1965885608","129.1157028888"
"경상북도 포항시 북구 새천년대로 906 (우현동)","정담온누리약국","054-254-6242","1830","0900","1830","0900","1830","0900","1830","0900","1830","0900","1300","0900","C2701365","377","21","18577","36.053001941906274","129.36137066351193"
"서울특별시 동대문구 답십리로 250, 1층 (장안동)","정담은약국","02-6956-7790","1930","0800","1930","0800","1930","0800","1930","0800","1930","0800","1600","0800","C1109485","026","23","18578","37.5724234284023","127.06787119865"
"전라남도 여수시 흥국로 13 (학동)","정담은약국","061-682-5660","2000","0830","2000","0830","2000","0830","2000","0830","2000","0830","2000","0830","C2601274","596","77","18579","34.767062231762","127.702750536544"
"전북특별자치도 전주시 덕진구 백제대로 771, 홈플러스 B1층 X6,Y4,5호 (우아동3가)","의약품 및 동물의약품","정담플러스약국","063-247-4344","2130","1000","2130","1000","2130","1000","2130","1000","2130","1000","2130","1000","2130","1000","2130","1000","C2501467","549","09","18580","35.8607524721182","127.150478355884"
"부산광역시 기장군 기장읍 차성로 204-1, 202호 (우원빌라)","13:00~14:00 점심","한약국","정담한약국","051-000-0000","1800","1000","1800","1000","1800","1000","1800","1000","1800","1000","C1202840","460","73","18581","35.2356828355063","129.213471271046"
"울산광역시 중구 반구정4길 64, 1층 (반구동)","당번약국일은 일요일 공휴일도 운영(09:00~20:00)","구)경진여객 뒷편","정대약국","052-292-2909","2000","0900","2000","0900","2000","0900","2000","0900","2000","0900","1800","0900","C1700140","444","99","18582","35.558500000000002","129.344330555555558"
"서울특별시 서대문구 북아현로 6 (북아현동)","아현역 2번출구","정도약국","02-362-1561","2030","0900","2030","0900","2030","0900","2030","0900","2030","0900","1900","0900","1700","1000","C1106969","037","57","18583","37.5580013966101","126.956443520978"
"경기도 파주시 중앙로 290 (아동동)","일요일 유동적운영","마디편한병원건너편(시청사거리-금촌역중간)","정도약국","031-941-3605","2100","0900","2100","0900","2100","0900","2100","0900","2100","0900","2130","0900","1300","1000","C2102789","109","30","18584","37.76187305172108","126.77651493911819"
"충청북도 청주시 상당구 청남로2197번길 34 (석교동)","정도한약국","043-221-3798","1800","0830","1800","0830","1800","0830","1800","0830","1800","0830","1800","0830","1800","0830","1800","0830","C2301283","285","34","18585","36.627804169046","127.488883661757"
"서울특별시 중구 새문안로 32, 동양빌딩 1층 (충정로1가)","정동길권약국","02-733-0885","1800","0830","1800","0830","1800","0830","1800","0830","1800","0830","1245","0830","C1110143","045","16","18586","37.5678869290681","126.96926572089"
"대구광역시 수성구 청수로 213, 314-1호 (황금동,종합상가 )","정동약국","053-763-2600","1900","0900","1900","0900","1900","0900","1900","0900","1900","0900","1400","0900","C1300459","421","12","18587","35.83996128330991","128.63105164436405"
"대구광역시 동구 신암로 120, 1층 (신암동)","정든약국","053-953-0815","1800","0900","1800","0900","1800","0900","1800","0900","1800","0900","1300","0900","C1301398","412","00","18588","35.8804833365","128.6124637407"
"강원특별자치도 영월군 영월읍 중앙1로 13","정든약국","033-372-8875","1830","0830","1830","0830","1830","0830","1830","0830","1830","0830","1300","0830","C2201090","262","35","18589","37.1824218275349","128.465602192714"
"인천광역시 서구 가정로 124, (가좌동)","가좌교회옆","정든약국","032-581-9916","2000","0900","2000","0900","2000","0900","2000","0900","2000","0900","1300","1000","C1400082","228","34","18590","37.49578523096895","126.6719232107426"
"전북특별자치도 완주군 삼례읍 삼례로 376","토요일 전화 후 방문","정든약국","063-291-9548","1730","0830","1730","0830","1730","0830","1730","0830","1730","0830","1230","0830","C2501257","553","40","18591","35.9108755521","127.0725951069"
"경기도 화성시 향남읍 행정중앙2로 69-17, 1층(HB메디칼빌딩)","정든약국","031-366-5768","2000","0900","2000","0900","2000","0900","2000","0900","2000","0900","1600","0900","C2103559","186","00","18592","37.130283004444124","126.92287156997601"
"경기도 성남시 분당구 야탑로 102, 뉴젠빌원룸텔 2층 214호 (야탑동)","평일(월~금) 13시~14시: 점심시간, 토요일은 점심시간 없이 근무","정든약국","031-702-3315","1900","0830","1900","0830","1900","0830","1900","0830","1900","0830","1400","0830","C2109248","135","17","18593","37.4095893576218","127.130137285101"
"서울특별시 강동구 양재대로 1594 (명일동)","정든약국","02-426-3792","1930","0900","1900","0900","1900","0900","1900","0900","1930","0900","1500","0900","C1107250","052","95","18594","37.5476786012161","127.143727996055"
"충청남도 천안시 서북구 성환읍 성환2로 93, 영마트 1층","정든약국","041-581-5572","1900","0840","1900","0840","1900","0840","1900","0840","1900","0840","1300","0840","C2401362","310","16","18595","36.91599808195193","127.13220465019275"
"대구광역시 남구 중앙대로 182-1 (대명동)","정든한약국","053-473-6678","1800","0900","1800","0900","1800","0900","1800","0900","1800","0900","C1301756","424","25","18596","35.8495697804846","128.59088201852"
"충청남도 금산군 금산읍 인삼로 79","정래약국","041-751-2333","1730","0830","1730","0830","1730","0830","1730","0830","1730","0830","1200","0830","C2401747","327","38","18597","36.1031313904041","127.490571837214"
"대전광역시 동구 산내로 1317","정류장약국","042-285-2900","1830","0830","1830","0830","1830","0830","1830","0830","1830","0830","1400","0830","C1601023","347","04","18598","36.2810554652599","127.46746002579711"
"서울특별시 성북구 정릉로 326 (정릉동)","길음역3번출구100미터","정릉메디칼약국","02-912-2727","1830","0800","1830","0800","1830","0800","1830","0800","1830","0800","1330","0900","C1100503","028","16","18599","37.6020693327301","127.019324173459"
"서울특별시 성북구 보국문로 45, 1층 (정릉동)","매월 마지막주 토요일, 일요일 15시 종료 먹는치료제 조제기관","정릉3동시장입구","정릉약국","02-914-3982","2030","0830","2030","0830","2030","0830","2030","0830","2030","0830","2030","0830","2030","0830","2030","0830","C1104732","027","09","18600","37.6085443035194","127.009773233467"
"서울특별시 성북구 보국문로 40-3 (정릉동)","신한은행 정릉점 맞은편","정릉열린약국","02-911-2486","2200","0900","2200","0900","2200","0900","2200","0900","2200","0900","1600","0900","C1107749","027","17","18601","37.6083631669275","127.010218295973"
"서울특별시 성북구 보국문로 43, 야원빌딩 103호 (정릉동)","정릉우리약국","02-942-8831","1900","0900","1900","0900","1900","0900","1900","0900","1900","0900","1400","0900","C1109229","027","10","18602","37.6081729059815","127.009889042894"
"대전광역시 서구 계백로 1272, 1층 (정림동)","정림동삼거리대로변","정림종로약국","042-583-8933","1830","0900","1830","0900","1830","0900","1830","0900","1830","0900","1300","0900","C1600602","353","93","18603","36.3072784457885","127.36439352256468"
"대전광역시 서구 정림로 18 (정림동)","정림푸른약국","042-582-2048","2000","0900","2000","0900","2000","0900","2000","0900","2000","0900","1700","0900","C1600393","353","99","18604","36.30233674115317","127.36645471773377"
"경기도 수원시 영통구 영통로 195, 4층 403호 (망포동, 골든스퀘어)","망포역사거리 골든스퀘어 빌딩 4층","정마루약국","031-204-3181","1900","0900","1900","0900","1900","0900","1900","0900","1900","0900","1300","0900","C2106496","166","89","18605","37.245233901321654","127.05588689051487"
"인천광역시 연수구 청학로15번길 4 (청학동)","정명약국","032-833-4557","1800","0900","1800","0900","1800","0900","1800","0900","1800","0900","1800","0900","C1400602","219","03","18606","37.42872278520986","126.66328741479091"
"서울특별시 영등포구 의사당대로 108, 1층 119호 (여의도동, 아일렉스)","일요일, 공휴일 휴무","정명약국","02-782-0700","2000","0900","2000","0900","2000","0900","2000","0900","2000","0900","1500","0900","C1102237","073","22","18607","37.5210144173791","126.923991634451"
"서울특별시 금천구 시흥대로 399","일요일, 공휴일 휴무","시티렉스 410호","정명약국","02-893-3550","1930","0900","1930","0900","1930","0900","1930","0900","1930","0900","1500","0900","C1100504","085","84","18608","37.4693591753013","126.897001948519"
"강원특별자치도 원주시 서원대로 383, 한신프라자 1층 117,118호 (개운동)","정문가까운약국","033-763-0230","1730","0830","1730","0830","1730","0830","1730","0830","1730","0830","C2201120","264","48","18609","37.33199201566829","127.948568449583"
"서울특별시 광진구 능동로 110, 스타시티영존빌딩 104호 (화양동)","정문대학약국","02-2218-4545","1800","0830","1800","0830","1800","0830","1800","0830","1800","0830","1300","0830","C1110681","050","30","18610","37.540657941434","127.07141185507"
"울산광역시 중구 번영로 366, 1층 (학산동)","정문약국","052-246-4545","1700","0830","1700","0830","1400","0830","1700","0830","1700","0830","1300","0830","C1700646","445","19","18611","35.5573219146","129.3269235877"
"경기도 파주시 가나무로 131 (금릉동)","파주의료원정문","정문약국","031-948-4628","1800","0830","1800","0830","1800","0830","1800","0830","1800","0830","C2103201","109","22","18612","37.754380239394166","126.7800825757503"
"서울특별시 성북구 고려대로 82 (안암동5가)","안암역 4번출구 바로앞/고대안암병원 정문 앞","정문약국","02-924-2121","1800","0810","1800","0810","1800","0810","1800","0810","1800","0810","C1102239","028","55","18613","37.5861174423473","127.028314567498"
"서울특별시 영등포구 국제금융로 112, 1층 (여의도동, 상아빌딩)","여의도성모병원 인근","정문약국","02-785-9996","1800","0900","1800","0900","1800","0900","1800","0900","1800","0900","1300","0900","C1104250","073","43","18614","37.5183968410658","126.933905858565"
"서울특별시 도봉구 우이천로 302, (쌍문동)","한일병원 정문앞","정문약국","02-998-6342","1830","0830","1830","0830","1830","0830","1830","0830","1830","0830","1300","0830","C1102238","014","52","18615","37.6446785383204","127.029053005049"
"경기도 평택시 자유로3번길 20 (평택동)","정문약국","070-4213-3287","1800","0900","1800","0900","1800","0900","1800","0900","1800","0900","C2107912","179","09","18616","36.992961651963974","127.08948562393952"
"경기도 시흥시 정왕대로 230, 204호 (정왕동, 제일프라자)","외환은행건물 2층에 위치.","정문약국","031-496-0903","2200","0900","2200","0900","2200","0900","2200","0900","2200","0900","1800","0900","1800","0900","C2101971","150","66","18617","37.34488215032962","126.73860872191781"
"경기도 성남시 분당구 중앙공원로40번길 42","우성종합상가 49동 101호","정문약국","031-703-3119","2000","0830","2000","0830","2000","0830","2000","0830","2000","0830","C2103362","135","89","18618","37.37814429762864","127.1321667850851"
"서울특별시 양천구 목동중앙남로4길 3, 1층 (목동)","정문약국","02-2062-4573","1900","0900","1900","0900","2000","0900","1900","0900","1900","0900","1430","0900","C1109463","079","60","18619","37.5365585915399","126.867466277108"
"경기도 수원시 팔달구 경수대로421번길 6-15, B동 1층 (인계동)","정문약국","031-891-0087","1800","0830","1800","0830","1800","0830","1800","0830","1800","0830","1700","0830","1700","0900","1700","0900","C2108473","164","80","18620","37.2646494750941","127.024986633076"
"경기도 광명시 일직로 43, GIDC상가 L1~L6호 (일직동)","정문약국","02-6914-6080","1800","0900","1800","0900","1800","0900","1800","0900","1800","0900","1300","0900","C2109045","143","53","18621","37.4227699960931","126.886946212034"
"경기도 용인시 처인구 백옥대로1068번길 9 (김량장동)","일요일/공휴일 유동적으로 운영할 때도 있음","용인터미널뒤","정문약국","031-339-0424","1900","0900","1900","0900","1900","0900","1900","0900","1900","0900","1300","0830","C2101536","170","63","18622","37.23125069638219","127.21112123384746"
"서울특별시 서대문구 연세로 41, (창천동)","연세대학교 세브란스병원 앞","정문약국","02-324-4650","1800","0900","1800","0900","1800","0900","1800","0900","1800","0900","1200","0900","1700","0900","C1100607","037","88","18623","37.5592388458024","126.936763901223"
"경기도 구리시 경춘로 163, 구리노블하임오피스텔 101호 (교문동)","정문약국","031-556-9700","1800","0900","1800","0900","1800","0900","1800","0900","1800","0900","1300","0900","C2102788","119","23","18624","37.60099257716733","127.1334523368591"
"경기도 안산시 단원구 적금로 114 (고잔동)","정문약국","031-480-3811","1900","0830","1900","0830","1900","0830","1900","0830","1900","0830","1330","0830","C2100503","153","57","18625","37.31831587589999","126.82630274200001"
"서울특별시 송파구 양재대로60길 3-12 (가락동)","정문약국","02-408-7461","1800","0900","1800","0900","1800","0900","1800","0900","1800","0900","1500","0900","C1104555","057","08","18626","37.4987360336861","127.117272278526"
"서울특별시 강동구 진황도로61길 48 (둔촌동)","중앙보훈병원역 1번출구","정문약국","02-478-0774","1800","0830","1800","0830","1800","0830","1800","0830","1800","0830","C1100626","053","69","18627","37.5283869334396","127.145717739218"
"서울특별시 성동구 왕십리로 236-1 (행당동)","한양대역 1번출구","정문약국","02-2295-4825","1800","0900","1800","0900","1800","0900","1800","0900","1800","0900","1300","0900","C1104562","047","63","18628","37.5579403096281","127.041298107188"
"대구광역시 중구 동덕로30길 31 (동인동2가)","정문약국","053-425-8888","1830","0830","1830","0830","1830","0830","1830","0830","1830","0830","C1300130","419","44","18629","35.86709168021438","128.6056124333743"
"서울특별시 용산구 대사관로 60-1, 1층 (한남동)","정문약국","02-790-7775","1830","0830","1830","0830","1830","0830","1830","0830","1830","0830","1300","0900","C1110752","044","02","18630","37.5332338370512","127.004842156477"
"충청북도 청주시 서원구 1순환로 771","정문약국","043-277-8333","1900","0900","1900","0900","1900","0900","1900","0900","1900","0900","C2300274","286","66","18631","36.62506220494987","127.46385170094018"
"경기도 남양주시 진접읍 봉현로 24","정문약국","031-527-9275","1800","0900","1800","0900","1800","0900","1800","0900","1800","0900","1300","0900","C2109306","120","13","18632","37.7158982488986","127.180411174041"
"충청북도 진천군 진천읍 중앙북2길 2-4","정문약국","043-535-1211","2200","0900","2200","0900","2200","0900","2200","0900","2200","0900","2130","0930","C2300133","278","32","18633","36.85882293911985","127.44027648879069"
"서울특별시 종로구 창경궁로 162-2, 원남빌딩 1,2층 (원남동)","서울대병원정문 앞","정문약국","02-765-7200","1830","0900","1830","0900","1830","0900","1830","0900","1830","0900","C1100606","030","81","18634","37.5768914870847","126.997685620501"
"경기도 용인시 기흥구 동백죽전대로 361, J메디컬센터 가동 1층 101호 (중동)","정문약국","031-282-2822","1800","0900","1800","0900","1800","0900","1800","0900","1800","0900","C2108672","169","95","18635","37.2719401139979","127.148438049064"
"경상북도 경주시 동대로 92","경주동국대병원앞","정문약국","054-774-9190","1800","0900","1800","0900","1800","0900","1800","0900","1800","0900","1300","0900","C2701058","380","67","18636","35.85803287401838","129.19779170705067"
"강원특별자치도 춘천시 백령로 152, (효자동)","강원대병원 입구","정문약국","033-252-1414","1730","0830","1730","0830","1730","0830","1730","0830","1730","0830","1230","0830","C2200143","242","89","18637","37.875106089437935","127.74358086096382"
"강원특별자치도 강릉시 경강로 1995 (남문동)","남문동 강릉의료원옆","정문약국","033-644-4322","1830","0830","1830","0830","1830","0830","1830","0830","1830","0830","1300","0900","C2200326","255","35","18638","37.748883494884545","128.88825433657254"
"전라남도 화순군 화순읍 서양로 313","정문약국","061-372-7077","1900","0830","1900","0830","1900","0830","1900","0830","1900","0830","1400","0900","C2601315","581","27","18639","35.0599990981405","127.000389820449"
"인천광역시 계양구 계양문화로 15, 마이더스빌딩 1층 (작전동)","정문약국","032-218-1112","1700","0900","1700","0900","1700","0900","1700","0900","1700","0900","1900","0830","C1401616","210","79","18640","37.5321577352","126.7358995773"
"경상북도 경산시 경안로 7 (백천동)","경산중앙병원 정문 앞","정문약국","053-814-7900","1900","0900","1900","0900","1900","0900","1900","0900","1900","0900","1800","0900","1800","0900","1800","0900","C2700747","386","46","18641","35.808469914952404","128.74069377741904"
"강원특별자치도 속초시 중앙로 7 (교동)","정문약국","033-633-6630","1930","0830","1930","0830","1930","0830","1930","0830","1930","0830","1230","0830","C2201023","248","53","18642","38.1977250387126","128.57825549330704"
"대구광역시 달서구 감삼북길 130 (감삼동)","일요일 공휴일 유동적임 전화요망","정문약국","053-653-5107","1900","0830","1900","0830","1900","0830","1900","0830","1900","0830","1400","0830","C1300150","426","42","18643","35.851224386","128.5416767412"
"인천광역시 남동구 인주대로653번길 36, 1층 (구월동)","사정에 따라 다소 시간이 변경될 수 있습니다","길병원본원정문앞(주차센터옆)","정문약국","032-466-8575","1730","0830","1730","0830","1730","0830","1730","0830","1730","0830","1230","0830","C1400389","215","65","18644","37.45137843438301","126.70989633655362"
"대구광역시 동구 아양로 110, 1층(신암동)","파티마병원앞전화국옆","정문약국","053-943-0500","1800","0900","1800","0900","1800","0900","1800","0900","1800","0900","1300","0900","C1300309","412","16","18645","35.88404576978647","128.62574538948684"
"부산광역시 사상구 가야대로 318 (주례동)","좋은삼은삼선병원 앞","정문약국","051-316-0508","1800","0900","1800","0900","1800","0900","1800","0900","1800","0900","1330","0900","C1202611","470","07","18646","35.1505938907233","129.007446602058"
"대구광역시 남구 성당로 170-2, 1층 (대명동)","정문약국","053-657-5110","1830","0900","1830","0900","1830","0900","1830","0900","1830","0900","1300","0900","C1301597","424","59","18647","35.848991174298696","128.57049150729713"
"부산광역시 동래구 충렬대로181번길 9, (명륜동)","대동병원후문","정문약국","051-556-7117","1800","0900","1800","0900","1800","0900","1800","0900","1800","0900","1300","0900","C1200575","477","36","18648","35.204127777777778","129.079655555555547"
"경상남도 진주시 진주성로 53 1층","정문약국","055-746-7712","1900","0900","1900","0900","1900","0900","1900","0900","1900","0900","2000","0900","1800","0900","C2800900","526","81","18649","35.1943954516","128.0768657444"
"경상남도 김해시 장유로 171, 1층 일부호 (부곡동)","정문약국","055-323-5338","1900","0900","1900","0900","1900","0900","1900","0900","1900","0900","1300","0900","C2802330","509","71","18650","35.2082885915859","128.805701382444"
"광주광역시 남구 양림로 34-1","정문약국","062-651-8563","1900","0900","1900","0900","1900","0900","1900","0900","1900","0900","1300","0830","C1500993","616","64","18651","35.136508006718536","126.91293042812476"
"대전광역시 중구 문화로 279 (대사동)","인근약국 3곳과 함께 돌아가면서 토요일 운영(방문시 전화요망)","정문약국","042-221-7300","1900","0840","1900","0840","1900","0840","1900","0840","1900","0840","C1601084","349","64","18652","36.31816738711607","127.41535690293142"
"전라남도 목포시 영산로 475 (상동)","목포한국병원 근처","정문약국","061-273-8181","1800","0900","1800","0900","1800","0900","1800","0900","1800","0900","1300","0830","C2600620","530","390","18653","34.808496890565905","126.41630052239115"
"경상북도 포항시 남구 포스코대로 353, (대도동)","정문약국","054-275-7457","1800","0900","1800","0900","1800","0900","1800","0900","1800","0900","1300","0900","C2700006","378","16","18654","36.0173544585516","129.36206818980437"
"전라남도 해남군 옥천면 해남로 594","정문약국","0615342642","1800","0830","1800","0830","1800","0830","1800","0830","1800","0830","1300","0830","C2601080","590","19","18655","34.5842173794","126.6480305433"
"강원특별자치도 원주시 일산로 23, (일산동)","토요일 확인후 방문 유동적","고객(환자)의 기대를 능가하는 최고의 복약지도 서비스를 제공합니다.","원주기독병원 정문 앞","정문약국","033-743-8747","1800","0830","1800","0830","1800","0830","1800","0830","1800","0830","C2200059","264","27","18656","37.349002777777777","127.947199999999995"
"강원특별자치도 횡성군 횡성읍 횡성로 269","정문약국","033-344-9169","1930","0900","1930","0900","1930","0900","1930","0900","1930","0900","1430","0900","C2200047","252","40","18657","37.477855919435584","127.98009816712877"
"경상북도 상주시 냉림서성길 13","1째, 3째 토요일은 휴무","1째, 3째 토요일은 휴무","정문약국","054-536-7501","1800","0830","1800","0830","1800","0830","1800","0830","1800","0830","1300","0830","C2701440","371","79","18658","36.419978987700006","128.15997069750003"
"충청북도 음성군 맹동면 태정1길 3, 101호","연중무휴, 국립소방병원 입구","정문약국","043-753-7027","2200","0900","2200","0900","2200","0900","2200","0900","2200","0900","2200","0900","2200","0900","2200","0900","C2301310","277","40","18659","36.9053197255872","127.549348590098"
"충청남도 서산시 중앙로 153, 나동 1호 (석림동)","서산의료원 정문옆","정문약국","041-664-0022","1800","0800","1800","0800","1800","0800","1800","0800","1800","0800","C2400038","320","01","18660","36.77461890091259","126.4655380006421"
"전북특별자치도 익산시 무왕로 967 (신동)","정문약국","063-854-1009","1830","0830","1830","0830","1830","0830","1830","0830","1830","0830","1300","0830","C2501356","545","43","18661","35.9613833454591","126.965497041436"
"전북특별자치도 전주시 덕진구 건지로 14","정문약국","063-255-6026","1750","0800","1750","0800","1750","0800","1750","0800","1750","0800","C2501232","549","07","18662","35.8449168475","127.1426744709"
"충청남도 천안시 동남구 망향로 189, 정문약국 1층 (안서동)","구주소)안서동 447-4","단국대병원 정문 약국","정문약국","041-561-6200","1800","0830","1800","0830","1800","0830","1800","0830","1800","0830","1300","0830","C2401220","311","16","18663","36.84001109813809","127.17423285946919"
"서울특별시 구로구 구로동로 151, 코지하우스 1층 (구로동)","고대구로병원맞은편","정문약국","02-866-1030","1830","0900","1830","0900","1830","0900","1830","0900","1830","0900","1300","0900","C1100627","083","09","18664","37.491894065664","126.883551445539"
"제주특별자치도 서귀포시 일주동로 8648-12 (동홍동)","정문약국","064-733-4457","1900","0830","1900","0830","1900","0830","1900","0830","1900","0830","C2900403","635","85","18665","33.25450395172786","126.56424418677004"
"충청남도 공주시 웅진로 136, (중동)","공주의료원 옆","정문약국","041-853-1423","1800","0900","1800","0900","1800","0900","1800","0900","1800","0900","1300","0900","C2400195","325","63","18666","36.452419444444445","127.124266666666671"
"경기도 고양시 일산동구 일산로 328, 103,104호 (마두동, 수색상가)","1, 3, 5째주 토요일 운영","정문온누리약국","031-906-6745","1500","0900","1500","0900","1500","0900","1500","0900","1500","0900","1500","1000","C2102348","104","07","18667","37.664724999999997","126.784347222222223"
"광주광역시 광산구 첨단중앙로170번길 58, 1층 (쌍암동)","정문온누리약국","062-972-8253","1930","0900","1930","0900","1930","0900","1930","0900","1930","0900","1300","0900","C1501200","622","74","18668","35.22040333546878","126.8450617981246"
"충청북도 제천시 내토로 995","제천 명지병원 앞","정문온누리약국","070-7762-4733","1800","0830","1800","0830","1800","0830","1800","0830","1800","0830","1300","0830","C2300042","271","40","18669","37.16342918290679","128.2348324251671"
"경기도 양평군 양평읍 중앙로 256 1층","정문온누리약국","031-774-0380","1900","0900","1900","0900","1900","0900","1900","0900","1900","0900","C2107592","125","60","18670","37.4919901867393","127.516913498485"
"서울특별시 은평구 진흥로 196 (녹번동)","불광역 3번출구","정문온누리약국","02-549-3003","2500","0800","2500","0800","2500","0800","2500","0800","2500","0800","2200","0900","2500","0900","2500","0900","C1101518","122","831","18671","37.6084944977449","126.931246408666"
"경상남도 창원시 의창구 용동로 45, 현대썬앤빌더스퀘어 H동 1층 103,104호 (사림동)","정문큰약국","055-264-6447","2000","0830","2000","0830","2000","0830","2000","0830","2000","0830","1500","0830","C2802171","511","39","18672","35.23694747301871","128.6979035968881"
"강원특별자치도 원주시 서원대로 383, 한신프라자 1층 124,125호 (개운동)","정문프라자약국","033-766-2158","1800","0900","1800","0900","1800","0900","1800","0900","1800","0900","C2200924","264","48","18673","37.33199100477818","127.94857091920717"
"경상남도 진주시 가호로 26","가좌1주공APT단지내상가1층","정민약국","055-759-2383","1830","0830","1830","0830","1830","0830","1830","0830","1830","0830","1230","0830","C2800312","528","20","18674","35.163225011482574","128.10947268439173"
"경기도 안산시 상록구 부곡로 128, 1층 (부곡동)","공휴일 방문 전 전화확인 필수","정민약국","031-417-8160","2100","0820","2100","0820","2100","0820","2100","0820","2100","0820","1900","0820","1900","1000","1900","1000","C2100670","153","04","18675","37.333135730970575","126.86380045141809"
"서울특별시 영등포구 선유서로 40 (문래동6가, 베어스타운아파트)","한신아파트상가 1층","정민약국","02-2678-6994","1900","0900","1900","0900","1900","0900","1900","0900","1900","0900","1400","0900","C1104564","072","82","18676","37.5189942661867","126.884795046378"
"서울특별시 도봉구 도봉로 887 (도봉동)","정민약국","02-956-7328","1830","0900","1830","0900","1830","0900","1830","0900","1830","0900","1300","0900","C1100358","013","04","18677","37.6837369324256","127.045652721176"
"전라남도 곡성군 곡성읍 중앙로 99","곡성정형외과의원맞은편","정민약국","061-363-0343","2050","0820","2050","0820","2050","0820","2050","0820","2050","0820","1500","0820","C2600419","575","36","18678","35.280326251549674","127.29360050118908"
"대구광역시 수성구 용학로 303, 106비호(지산동,지산프라자)","대구광역시수성구지산동1288-24","정민약국","053-784-7476","1830","0900","1830","0900","1830","0900","1830","0900","1830","0900","1300","0900","C1300727","421","97","18679","35.8223532498","128.6403651406"
"서울특별시 성동구 청계천로10다길 13, 1층 (마장동, 정민하우스)","5호선 답십리역","정민약국","02-2212-8762","2300","1100","2300","1100","2300","1100","2300","1100","2300","1100","2300","1100","2300","1100","2300","1100","C1100629","047","04","18680","37.5694148973155","127.034124176198"
"부산광역시 동래구 충렬대로350번길 10, 1층 (안락동)","4호선 충렬사역 2번출구","정민약국","051-523-3381","1800","0830","1800","0830","1800","0830","1800","0830","1800","0830","1300","0830","C1202690","478","89","18681","35.1972070548878","129.096954187505"
"서울특별시 중랑구 용마산로 502 (망우동)","우림시장 오거리","정민약국","02-2207-4345","1900","0900","1900","0900","1900","0900","1900","0900","1900","0900","1500","0900","C1102240","021","81","18682","37.5957598942954","127.100439904769"
"서울특별시 종로구 대학로9길 37","정민약국","02-763-3248","2000","1000","2000","1000","2000","1000","2000","1000","2000","1000","1900","1000","C1100628","030","79","18683","37.5819661781424","126.999985621887"
"경기도 고양시 일산동구 정발산로 38, 장항동이스턴시티 1층 115호 (장항동)","일산동구청 맞은편","정발산약국","031-904-8227","2100","0900","2100","0900","2100","0900","2100","0900","2100","0900","1800","0900","2000","1100","2000","1100","C2102258","104","03","18684","37.65841845818252","126.7734820563859"
"경상남도 함양군 함양읍 고운로 58-1 (함양읍)","정보약국","055-964-9998","1800","0830","1800","0830","1800","0830","1800","0830","1800","0830","1300","0830","C2802063","500","40","18685","35.52038829457112","127.72786677452932"
"대전광역시 서구 갈마로69번길 3, 1층 일부호 (갈마동)","한약국으로 폐업처리(15.07.09)","정산한약국","042-537-1228","2000","1000","2000","1000","2000","1000","2000","1000","2000","1000","2000","1000","C1600657","352","72","18686","36.3463339626625","127.369635871346"
"인천광역시 중구 서해대로 366, 정석빌딩 신관동 B1층 102호 (신흥동3가)","정석온누리약국","032-721-8020","1800","0830","1800","0830","1800","0830","1800","0830","1800","0830","1300","0830","C1402153","223","32","18687","37.4596230877545","126.632658908323"
"서울특별시 송파구 백제고분로 127, 다산해명빌딩 (잠실동)","아시아선수촌아파트삼거리","정선약국","02-414-7476","2000","0900","2000","0900","2000","0900","2000","0900","2000","0900","1500","0900","C1100359","055","69","18688","37.5064601358609","127.081426333614"
"경기도 안양시 동안구 시민대로160번길 20, 평촌롯데식품관 1층 (호계동)","연중무휴","정성가득약국","0507-1345-0561","2200","1000","2200","1000","2200","1000","2200","1000","2200","1000","2200","1000","2200","1000","2200","1000","C2108647","140","73","18689","37.3885742988519","126.950109463954"
"서울특별시 강서구 화곡로 301, 원풍빌딩 1층 103호 (화곡동)","강서구청 맞은편","정성가득한약국","02-2604-0901","1900","0900","1900","0900","1900","0900","1900","0900","1900","0900","1300","0900","C1108772","076","86","18690","37.5512887316459","126.848779415926"
"경상남도 김해시 김해대로 2232(외동)","■ 마트 영업시간과 동일함","E마트 김해점 3층 마트 영업시간과 동일함","E마트 김해점 3층","정성약국","055-311-3608","2200","1000","2200","1000","2200","1000","2200","1000","2200","1000","2200","1000","2200","1000","2200","1000","C2801839","509","38","18691","35.229922622961475","128.8719118665645"
"서울특별시 구로구 경인로 373, 2층 (고척동, 문화골든타워)","휴게시간 13:00-14:00","문화골든타원 201호","정성약국","02-2060-5132","1800","0900","1800","0900","1300","0900","1800","0900","1800","0900","1300","0900","C1100362","082","26","18692","37.4969063722102","126.861897972524"
"대전광역시 서구 갈마로 251, 한민쇼핑 (괴정동)","한민시장입구50M","정성약국","042-522-3367","1900","0900","1900","0900","1900","0900","1900","0900","1900","0900","1300","0900","C1600366","352","94","18693","36.33363524281762","127.38201558970891"
"서울특별시 마포구 만리재로 133, 계룡빌딩 1층 (아현동)","소의초등학교 정문 앞","정성약국","02-312-7578","1800","0900","1800","0900","1800","0900","1800","0900","1800","0900","1330","0900","C1100363","042","03","18694","37.55165970586","126.962138864273"
"서울특별시 동작구 여의대방로 250, 2층 201호(대방동,대림상가)","대방대림아파트 상가","정성약국","02-825-9304","2000","0900","2000","0900","2000","0900","2000","0900","2000","0900","1800","0900","C1100394","069","43","18695","37.5087434455459","126.924517791265"
"경기도 의왕시 부곡중앙로 6-3, 102호 (삼동)","의왕역 앞 삼거리 롯데리아 부근","정성약국","031-461-4300","1500","0900","1500","0900","1500","0900","1500","0900","1500","0900","1600","0900","C2103573","160","88","18696","37.32072129831612","126.94971367445372"
"울산광역시 북구 신답로 48 (상안동)","프리지아상가 107호","정성약국","052-297-9334","1900","0900","1900","0900","1900","0900","1900","0900","1900","0900","1400","0900","1200","0900","C1700003","683","480","18697","35.62912831908177","129.34300371006952"
"경기도 수원시 팔달구 장안로 3","정성약국","031-256-7614","2000","0900","2000","0900","2000","0900","2000","0900","2000","0900","1800","0900","C2101288","164","39","18698","37.28535312519605","127.00698400279732"
"경기도 파주시 문산읍 방촌로 1759, 홈플러스 1층 X2,Y5호 (문산읍)","홈플러스 휴일(두째, 넷째 수요일은 휴무)은 휴무","정성약국","031-952-8879","2200","1000","2200","1000","2200","1000","2200","1000","2200","1000","2200","1000","2200","1000","2200","1000","C2108042","108","16","18699","37.86986757641013","126.78553315457663"
"광주광역시 북구 동문대로 115, (우산동)","말바우시장광주은행맞은편","정성약국","062-266-4100","1830","0830","1830","0830","1830","0830","1830","0830","1830","0830","1300","0830","C1500222","611","92","18700","35.173547711651466","126.92528242594147"
"경기도 남양주시 와부읍 덕소로97번길 61","정성약국","031-521-7738","1800","0900","1800","0900","1800","0900","1800","0900","1800","0900","1300","0900","C2102623","122","09","18701","37.58802374472316","127.21831922132448"
"대전광역시 중구 계백로 1600, 1층 (유천동)","정성약국","042-826-0800","1830","0830","1830","0830","1830","0830","1830","0830","1830","0830","1300","0830","C1601309","349","66","18702","36.3182292744226","127.397878532439"
"광주광역시 광산구 사암로 277, 1층 (월곡동)","하남농협건너편명안과건물2층","정성약국","062-956-6075","1830","0900","1830","0900","1830","0900","1830","0900","1830","0900","1300","0900","C1500547","623","45","18703","35.16922313363679","126.8087813246978"
"경기도 고양시 일산동구 중앙로 1199, 101호 (장항동)","정성약국","031-907-3344","1830","0830","1830","0830","1830","0830","1830","0830","1830","0830","1300","0830","C2108051","104","14","18704","37.65359375325939","126.77631129304157"
"경기도 용인시 처인구 한터로152번길 2, 109호 (고림동,이튼프라자)","정성약국","031-339-3130","2100","0900","2100","0900","2100","0900","2100","0900","2100","0900","1600","0900","C2101639","449","921","18705","37.248484366538854","127.22705768763183"
"서울특별시 강동구 고덕로 385, 고덕그라시움(제4상가) 1층 107호 (고덕동)","정성약국","02-429-7087","2100","0900","1900","0900","2100","0900","2000","0900","2100","0900","1500","0900","C1110231","052","23","18706","37.5573671931016","127.168412440283"
"경기도 성남시 분당구 황새울로335번길 1, 101호 (서현동,엔타운빌딩)","정성약국","031-696-1231","1900","0900","1900","0900","1900","0900","1900","0900","1900","0900","1400","0900","C2100157","463","824","18707","37.38604799313671","127.12169874900348"
"서울특별시 중랑구 동일로 752 (중화동, 중화한신아파트)","점심시간 13:00~14:00","한신프라자 219호","정성약국","02-2208-6521","1900","0900","1900","0900","1900","0900","1900","0900","1900","0900","1400","0900","C1102349","020","95","18708","37.5970090851956","127.082070702444"
"서울특별시 성동구 마장로 209(홍익동)","성동구보건소 앞","정성약국","02-2291-1292","1900","0900","1900","0900","1900","0900","1900","0900","1900","0900","C1103038","047","06","18709","37.5665771601017","127.033037500924"
"서울특별시 서초구 동작대로 50, 지하1층 (방배동)","정성약국","02-3474-0077","1800","0900","1800","0900","1800","0900","1800","0900","1800","0900","1600","0900","1200","0900","C1109531","066","77","18710","37.480883127568","126.982242783244"
"대구광역시 북구 동북로 254, 1층 (복현동)","정성약국","053-216-9115","1800","0900","1800","0900","1800","0900","1800","0900","1800","0900","C1301751","415","62","18711","35.8945716062702","128.618320312964"
"서울특별시 노원구 한글비석로 263, 성모빌딩 102호 (중계동)","365일 매일 밤 10시까지 영업합니다^^ (하루도 안 쉽니다)","은행사거리 국민은행 옆에 위치하고 있습니다 (올리브영 맞은편) 주차는 건물 후면에 하시면 됩니다","은행사거리","정성약국","02-939-6522","2200","0830","2200","0830","2200","0830","2200","0830","2200","0830","2200","0830","2200","0900","2200","0900","C1108231","017","14","18712","37.6512102732388","127.076471187809"
"부산광역시 동래구 충렬대로 259, 동호 디시티 1층 101호 (낙민동)","4호선 낙민역 1번출구","정성약국","051-555-6166","1900","0900","1900","0900","1900","0900","1900","0900","1900","0900","1300","0900","1300","0900","C1202569","478","13","18713","35.2012270418975","129.087682540647"
"서울특별시 종로구 종로 399, (숭인동)","신설동역 11번출구","정성약국","02-923-1363","2100","0800","2100","0800","2100","0800","2100","0800","2100","0800","1900","0800","2100","0900","C1100361","031","11","18714","37.5751324174686","127.021582179101"
"경기도 안산시 상록구 부곡로 36, 1층 101호 (부곡동)","정성약국","031-416-6272","2030","0900","2030","0900","2030","0900","2030","0900","2030","0900","1730","0900","C2100797","153","14","18715","37.325003706822","126.85974904762885"
"경기도 안양시 만안구 장내로 68, (안양동)","정성약국","031-442-9722","1830","0900","1830","0900","1830","0900","1830","0900","1830","0900","1400","0900","C2102224","140","22","18716","37.39405686416004","126.91634128929968"
"경기도 수원시 권선구 당진로 29-4, 103호 (당수동,기와프라자)","기와프라자건물1층","정성약국","031-419-9931","2200","0900","2200","0900","2200","0900","2200","0900","2200","0900","2100","0900","1900","1400","C2100740","163","76","18717","37.291548510823844","126.94015159580199"
"전라남도 곡성군 옥과면 대학로 191,","전남곡성군옥과면죽림리204-8","정성약국","061-362-9091","1700","0800","1700","0800","1700","0800","1700","0800","1700","0800","1300","0800","C2600290","575","02","18718","35.276754504921094","127.14017403487513"
"인천광역시 동구 수문통로 7, 정성약국 (화평동)","화평파출소 옆","정성약국","032-462-4407","1930","0900","1930","0900","1930","0900","1930","0900","1930","0900","1400","0900","C1400066","225","19","18719","37.477737019442955","126.63191332852739"
"강원특별자치도 원주시 단구로 391 (단구동)","정성약국","033-764-2060","2100","0900","2100","0900","2100","0900","2100","0900","2100","0900","2100","0900","C2200974","264","90","18720","37.3218667141","127.9562641885"
"인천광역시 계양구 하느재로20번길 18, 1층 (계산동)","정성약국","070-8648-3369","2200","1000","2200","1000","2200","1000","2200","1000","2200","1000","2200","1000","C1401962","210","40","18721","37.5451443029361","126.726962988795"
"전라남도 순천시 북정1길 2 (매곡동)","삼산중학교 입구","정성약국","061-752-2888","2000","0830","2000","0830","2000","0830","2000","0830","2000","0830","1330","0830","C2600574","579","40","18722","34.9625520110995","127.48435482613775"
"대구광역시 수성구 달구벌대로 3224 (신매동, 우리은행 시지지점)","정성약국","053-791-8875","1900","0900","1900","0900","1900","0900","1900","0900","1900","0900","1400","0900","C1301284","422","74","18723","35.838998659811644","128.7089291688357"
"인천광역시 중구 도원로7번길 1 (신흥동3가)","신광사거리 신흥메디칼의원 옆건물 1층","정성약국","032-884-8297","1400","0900","1400","0900","1400","0900","1400","0900","1400","0900","1400","0900","C1400605","223","29","18724","37.46525156827408","126.63615711892405"
"인천광역시 서구 가정로 201-1, 1층 (석남동, 두일빌딩)","인천서구거북시장입구사거리","정성약국","032-579-0075","1900","0830","1900","0830","1900","0830","1900","0830","1900","0830","1530","0800","1800","1100","C1400242","227","95","18725","37.50287862430916","126.67185156988898"
"인천광역시 미추홀구 신기길58번길 43-3","정성약국","032-873-0931","1900","0900","1900","0900","1900","0900","1900","0900","1900","0900","1300","0900","C1400047","222","17","18726","37.445429936505974","126.67443146162472"
"부산광역시 동구 정공단로 35, 1층 (좌천동)","토요일 운영시간 주마다 다름 2.4주 - 09:00~22:00 / 1.3주 09:00~13:00","1호선 좌천역 7번출구","정성약국","051-631-4298","1800","0900","2400","0900","1800","0900","1800","0900","2400","0900","2100","0900","2100","0900","1700","0900","C1202079","487","24","18727","35.13581749841503","129.05461871193535"
"대구광역시 남구 중앙대로29길 25, 1층 (대명동)","정성약국","053-651-0408","1800","0900","1800","0900","1800","0900","1800","0900","1800","0900","C1301299","424","17","18728","35.84596959347273","128.58892896252053"
"부산광역시 서구 충무대로 26-21 (암남동)","버스정류장: 송도초등학교","정성약국","051-965-9660","1800","0900","1800","0900","1800","0900","1800","0900","1800","0900","1200","0900","C1202283","492","69","18729","35.0779173728","129.0165117934012"
"서울특별시 동대문구 서울시립대로 50, 1층 (전농동)","정성약국","02-2246-1002","2000","0830","2000","0830","2000","0830","2000","0830","2000","0830","1600","0830","1400","0900","1400","0900","C1110206","025","94","18730","37.5756385323789","127.047621034272"
"경상남도 거제시 장목면 거제북로 1166,","장목파출소 맞은편","정성약국","055-635-1178","1800","0800","1800","0800","1800","0800","1800","0800","1800","0800","1300","0800","C2800405","532","01","18731","34.98697960234209","128.68096800672507"
"경상북도 포항시 북구 장량로 160 (양덕동)","정성약국","054-232-5800","1900","0800","1900","0800","1900","0800","1900","0800","1900","0800","1400","0800","C2701340","375","93","18732","36.08151053307782","129.3979456732863"
"경상북도 구미시 상사서로 56 (상모동)","정성약국","054-465-8775","1900","0900","1900","0900","1900","0900","1900","0900","1900","0900","1600","0900","C2700587","393","39","18733","36.08743252391589","128.35564479018308"
"경기도 이천시 향교로 95-4, 106호 (창전동)","정성약국","031-636-2030","1800","0900","1800","0900","1800","0900","1800","0900","1800","0900","1300","0900","C2109386","173","57","18734","37.2843783585941","127.448468342429"
"경기도 여주시 여흥로 124 (홍문동)","정성약국","031-0000-0000","1800","0900","1800","0900","1800","0900","1800","0900","1800","0900","1300","0900","C2110181","126","28","18735","37.2954278702457","127.637052246494"
"충청남도 청양군 청양읍 칠갑산로7길 51","당번시; 평일은 22시까지 연장근무하고, 토,일,공휴일엔 08시 ~22시까지 근무","보건소 앞","정성약국","041-942-7582","1800","0800","1800","0800","1800","0800","1800","0800","1800","0800","C2400471","333","27","18736","36.455072417668546","126.80407593039874"
"전북특별자치도 전주시 완산구 유연로 313-1, (서신동)","진북터널사거리에서 본병원쪽으로 100미터","정성약국","063-254-7322","1830","0930","1830","0930","1830","0930","1830","0930","1830","0930","1200","0930","C2500755","549","54","18737","35.82550513349833","127.11994656357129"
"충청남도 태안군 태안읍 중앙로 42","일요일은 전화 후 방문","BBQ태안남문점 옆","정성약국","041-674-0838","1930","0800","1930","0800","1930","0800","1930","0800","1930","0800","1800","0800","1500","1000","1800","0800","C2400264","321","42","18738","36.755022833283824","126.29389318577407"
"부산광역시 남구 수영로 240, 정성약국 1층 (대연동)","2호선 대연역 1번 출구","정성약국","051-611-3355","1830","0900","1830","0900","1830","0900","1830","0900","1830","0900","1330","0900","C1200999","484","96","18739","35.134894444444455","129.09280555555708"
"전북특별자치도 익산시 선화로4길 45, 장일프라자 1층 101호 (모현동1가)","정성온누리약국","063-857-9658","1700","0900","1700","0900","1700","0900","1700","0900","1700","0900","C2501164","546","57","18740","35.9609873762","126.9659365313"
"경기도 남양주시 오남읍 진건오남로 629-1, 진주상가 140호","정성온누리약국","031-575-7766","2300","0900","2300","0900","2300","0900","2300","0900","2300","0900","2300","0900","2300","0900","2300","0900","C2102472","120","40","18741","37.68928260479917","127.21183758450474"
"서울특별시 성동구 왕십리로 410, 상가L동 3층 319호 (하왕십리동, 센트라스)","정성온누리약국","02-2281-2531","1900","0900","1900","0900","1900","0900","1900","0900","1900","0900","1500","0900","1300","0900","1400","0900","C1107682","047","01","18742","37.5666029325047","127.024082467223"
"대구광역시 수성구 달구벌대로 2492, 1층 (범어동)","정성온누리약국","053-243-2484","1800","1000","1800","1000","1800","1000","1800","1000","1800","1000","1300","1000","C1301596","420","87","18743","35.85843335663168","128.63519265298902"
"서울특별시 영등포구 신길로 36, 1층 (신길동)","공휴일이 주중일 경우에만 운영하오니, 전화 확인 후 이용하시기 바랍니다.","신풍역 2번출구에서 강남성심병원 방향","정성온누리약국","02-834-0191","2100","0900","2100","0900","2100","0900","2100","0900","2100","0900","1700","0900","1700","1000","C1102350","074","36","18744","37.4957789059089","126.908729270224"
"서울특별시 성동구 독서당로 223, 지4층 412호 (옥수동)","","옥수 리버젠 상가 1층 초록마을옆에 위치합니다. 주차는 상가 주차장에 하시고 1층으로 내려오시면 무료 주차 등록해드립니다.","정성을다하는약국","02-6082-4800","2000","0900","2100","0900","2000","0900","2000","0900","2100","0900","2000","0900","1500","1100","2000","0900","C1110290","047","33","18745","37.5442707521164","127.015191933825"
"서울특별시 동작구 성대로29길 68 (상도동)","장승배기역 3번출구에서 상도초등학교 방향","정성을다하는약국","02-6401-0033","1900","0830","1900","0830","1900","0830","1900","0830","1900","0830","1400","0830","C1100395","069","61","18746","37.5011643576545","126.937450745653"
"경상북도 포항시 북구 양학로 67 (학잠동)","정성프라자약국","054-275-3900","1930","0900","1930","0900","1930","0900","1930","0900","1930","0900","1930","0900","1930","0900","C2700696","376","96","18747","36.02912932265268","129.3473337681523"
"서울특별시 구로구 구로중앙로 68 (구로동, 신안타워)","구로구청사거리, 현대자동차 옆","정수메디칼약국","02-851-7520","2030","0830","2030","0830","2030","0830","2030","0830","2030","0830","1900","0830","1330","0900","C1100396","083","01","18748","37.495860314768","126.888807280468"
"경기도 안양시 동안구 포도원로 27 (호계동)","의왕가구단지고수련의원앞양수아파트입구","정수약국","031-453-8253","2000","0900","2000","0900","2000","0900","2000","0900","2000","0900","1600","0900","C2103195","141","28","18749","37.362206582086884","126.96484840479262"
"서울특별시 강북구 솔샘로 239 (미아동)","삼양사거리","정수약국","02-981-2516","1920","0900","1920","0900","1920","0900","1920","0900","1920","0900","1620","0900","1300","0900","C1103645","011","89","18750","37.6200429651128","127.019442435578"
