"충청북도 청주시 청원구 사뜸로 54 (율량동)","내덕신협 옆","빛나약국","043-241-4601","1900","0830","1900","0830","1900","0830","1900","0830","1900","0830","1330","0900","C2300985","283","49","9376","36.66689629660363","127.48118343810971"
"울산광역시 북구 매곡산업로 175, 서희파크 104호 (매곡동)","빛나온누리약국","052-297-8310","1900","0930","1900","0930","1500","0930","1900","0930","1900","0930","1400","0930","C1700708","442","25","9377","35.639489463198","129.362109144521"
"부산광역시 부산진구 부전로 77, 1층 2호 (부전동)","빛날휘약국","051-805-6777","2000","0830","2000","0830","2000","0830","2000","0830","2000","0830","1810","0830","C1202836","472","84","9378","35.1569447772807","129.054522238826"
"서울특별시 서초구 서초대로 331","빛샘온누리약국","02-596-1307","1900","0900","1900","0900","1900","0900","1900","0900","1900","0900","1500","0900","C1104744","066","07","9379","37.49518168508845","127.01767759915967"
"서울특별시 노원구 한글비석로 56, 미성상가 105호 (하계동)","하계역 3번 출구 바로 옆 빛소금온누리약국입니다. 다양한 일반약, 건강기능식품 및 의약외품 완비. 종합병원 조제 및 로컬 병의원 조제를 모두 편하게 이용 가능합니다. 체질개선, 만성질환 상담 전문입니다.","빛소금온누리약국","02-975-1070","2000","0830","2000","0830","2000","0830","2000","0830","2000","0830","1400","0900","C1110234","018","29","9380","37.63587605310851","127.06873338171692"
"대전광역시 대덕구 대청로 38, 1층 101호 (신탄진동)","빛소약국","042-931-2627","2100","0900","2100","0900","2100","0900","2100","0900","2100","0900","2100","0900","C1601391","343","09","9381","36.452059813648","127.432721948163"
"대구광역시 달서구 달구벌대로 1282, 1층 (이곡동)","빛에약국","053-581-8731","1330","0900","1330","0900","1330","0900","1330","0900","1330","0900","1300","0900","C1301366","426","96","9382","35.85126015156865","128.50761606806884"
"충청북도 청주시 상당구 2순환로2031번길 6-20, 103,104호 (방서동)","달빛어린이병원 협약 약국","빛이나약국","043-294-7828","2300","0800","2300","0800","2300","0800","2300","0800","2300","0800","1800","0900","1800","0900","1800","0900","C2301178","287","87","9383","36.5982247846047","127.504646674596"
"서울특별시 강서구 마곡중앙4로 74, 이웰메디파크 101-103호 (마곡동)","이대서울병원 정문 횡단보도 바로 앞 빠른대학온누리 약국입니다. 정성을 다한 신속, 정확한 조제를 약속 드립니다. 동물의약품 취급.","빠른대학온누리약국","02-2661-2525","1900","0830","1900","0830","1900","0830","1900","0830","1900","0830","1330","0900","C1108401","078","05","9384","37.5579509515045","126.83503588149384"
"경기도 수원시 팔달구 중부대로 90-2 (인계동)","수원시팔달구인계동241-46","빠른수원빈센트약국","031-267-1708","1800","0830","1800","0830","1800","0830","1800","0830","1800","0830","C2101580","164","71","9385","37.27646279825729","127.02664756459642"
"서울특별시 노원구 동일로 1350, 107호, 108호 (상계동)","빠른약국","02-932-6222","1740","0830","1740","0830","1740","0830","1740","0830","1740","0830","1240","0830","C1109721","017","56","9386","37.64920732113751","127.06251331527861"
"부산광역시 부산진구 엄광로44번길 36-4, 지상1~2층 (개금동)","2호선 개금역 5번출구","빠른후문약국","051-917-6262","1800","0830","1800","0830","1800","0830","1800","0830","1800","0830","C1202704","473","88","9387","35.1465878516753","129.021780694938"
"서울특별시 강서구 강서로 179, 104호 (화곡동)","빨간문약국","02-2065-1160","1900","0900","1900","0900","1900","0900","1900","0900","1900","0900","1400","0900","C1109645","077","14","9388","37.5423627575293","126.839322200876"
"경기도 의정부시 동일로 709, 1,2,3층 (금오동)","빨간문약국","031-928-5761","1800","0900","1800","0900","1800","0900","1800","0900","1800","0900","1300","0900","C2109174","117","49","9389","37.7502615316086","127.051119326216"
"경상남도 창원시 의창구 중동중앙로 79, SJ빌딩 1층 107호 (중동)","1/1 휴무","빨간코끼리약국","055-719-0555","1830","0830","1830","0830","1830","0830","1830","0830","1830","0830","1300","0900","C2802186","513","80","9390","35.2590714057611","128.626834672254"
"서울특별시 강남구 논현로 868, 1층 101호 (신사동, 구정빌딩)","압구정역 3번 출구","뽀빠이약국","070-8870-7582","2100","0930","2100","0930","2100","0930","2100","0930","2100","0930","2000","0930","C1107768","060","22","9391","37.526167299482594","127.02877438907176"
"대구광역시 달서구 장기로 167","뽕뽕이약국","053-565-5654","1830","0900","1830","0900","1830","0900","1830","0900","1830","0900","1300","0900","C1300021","426","75","9392","35.84297481583922","128.5418904769892"
"전라남도 순천시 연동남길 29 (조례동)","한약국","왕지초등학교 후분 앞.","뿌리깊은한약국","061-723-4075","1800","1000","1800","1000","1800","1000","1800","1000","1800","1000","1800","1000","C2600789","579","70","9393","34.956933628362655","127.53374979405548"
"서울특별시 서초구 방배로 177 (방배동, 레마빌딩)","뿌리약국","02-3482-7280","1900","0900","1700","0900","1900","0900","1900","0900","1900","0900","1500","0900","C1107697","065","72","9394","37.489294678356686","126.99236754006982"
"서울특별시 양천구 지양로 74, 1층 (신월동)","신월동 우성상가 앞","뿌리약국","02-2696-4710","1830","0900","1830","0900","1830","0900","1830","0900","1830","0900","1330","0900","C1104274","080","39","9395","37.52225612594784","126.83378813520048"
"서울특별시 중구 다산로 112, 신양빌딩 지하1층 (신당동)","약수역 6,7번출구","뿌리약국","02-2253-7703","1900","0900","1900","0900","1900","0900","2000","0900","1900","0900","1400","0900","C1107709","045","97","9396","37.55378599427198","127.01043152276957"
"경기도 부천시 원미구 부천로 34 (심곡동)","부천 북부역 농협옆옆건물 1층","뿌리약국","032-664-2561","2130","0830","2130","0830","2130","0830","2130","0830","2130","0830","2130","0830","2100","1200","2100","1200","C2103752","146","41","9397","37.48718197350797","126.78370487805867"
"충청북도 청주시 서원구 산남로 56, 1층102,103호 (산남동,에버프라자)","신법원앞대로변","뿌리약국","043-298-9848","1830","0930","1830","0930","1830","0930","1830","0930","1830","0930","1500","0900","C2300349","286","25","9398","36.611427376609456","127.4678232404217"
"서울특별시 관악구 난우길 14, 1층 (신림동)","뿌리약국","02-864-2395","2000","0900","2000","0900","2000","0900","2000","0900","2000","0900","1600","0900","C1110338","088","50","9399","37.47427423335349","126.9187955829991"
"경기도 고양시 일산서구 경의로 871, 1층 1호 (덕이동)","뿌리한약국","031-918-4210","2100","0900","2100","0900","2100","0900","2100","0900","2100","0900","2100","0900","C2107787","102","33","9400","37.69528317703864","126.75951846312988"
"인천광역시 서구 가정로 375, 409호 일부, 410호 (신현동, 금강아미움)","사(4)층약국","032-573-4995","1900","0900","2030","0900","1900","0900","1900","0900","2030","0900","1500","0900","C1401819","227","78","9401","37.5184745666802","126.672621688621"
"경기도 의정부시 가능로 131, 1층 (의정부동)","사거리약국","031-847-9031","2100","0900","2100","0900","2100","0900","2100","0900","2100","0900","C2108298","116","86","9402","37.7471503804242","127.045911428328"
"부산광역시 사하구 다대로 549, 1층 (다대동)","전)다대중앙약국","새마을금고 맞은편","사거리약국","051-203-1009","2000","0900","2000","0900","2000","0900","2000","0900","2000","0900","1500","0900","C1201215","495","24","9403","35.05723053368881","128.97128426211307"
"경상북도 포항시 남구 연일읍 철강로25번길 52","사거리약국","054-285-6447","2100","0900","2100","0900","2100","0900","2100","0900","2100","0900","2100","0900","1900","0900","1700","0900","C2700279","378","46","9404","35.99627898975312","129.346113723062"
"경상남도 김해시 율하6로 56, 1층 104호 (장유동)","사거리약국","055-313-3367","2000","0900","2200","0900","2000","0900","2200","0900","2000","0900","2200","0900","2200","1300","2000","1000","C2802163","510","20","9405","35.1718236475632","128.824107072944"
"부산광역시 남구 진남로 4, 1층 (대연동)","사거리약국","051-612-0492","1900","0900","1900","0900","1900","0900","1900","0900","1900","0900","1400","0900","C1202826","484","45","9406","35.1353530303017","129.092012900656"
"충청남도 아산시 온궁로 18, 1층 101호 (온천동)","토요일 오후는 전화 방문 부탁 드립니다","온양온천 전통시장 안쪽 농협 우체국 맞은편에 있습니다","사거리약국","041-531-0042","1900","0900","1900","0900","1900","0900","1900","0900","1900","0900","1900","0900","C2401697","315","13","9407","36.7822490019224","127.00239623989"
"전라남도 진도군 임회면 십일시길 39, 1호","일요일 격주 휴무","사거리약국","061-542-3338","1800","0700","1800","0700","1800","0700","1800","0700","1800","0700","1300","0700","C2601281","589","42","9408","34.4091708493848","126.192250487061"
"전라남도 함평군 학교면 함영로 501-3","농협하나로마트 사거리쪽. 함사거리 버스터미널 근처","사거리약국","061-323-6018","1800","0740","1800","0740","1800","0740","1800","0740","1800","0740","1300","0740","C2600367","571","62","9409","35.02246865753212","126.53252076948255"
"경기도 광명시 광명로 891-1, 1층 일부호 (광명동)","사거리약국","02-2687-5850","2100","0900","2100","0900","2100","0900","2100","0900","2100","0900","2000","0900","1800","1100","1800","1100","C2109550","142","86","9410","37.4786791623948","126.853799530653"
"충청남도 홍성군 홍성읍 홍장북로 417, 1층","안녕하세요. 환자분께 필요한 약을 드릴 수 있도록 항상 노력합니다.","사거리열린약국","041-977-3434","1900","0800","1900","0800","1900","0800","1900","0800","1900","0800","C2401654","322","39","9411","36.59186600759","126.668863594364"
"서울특별시 동작구 동작대로29길 36, 1층 101호,102호 (사당동)","사계약국","02-595-3137","2000","0900","2000","0900","2000","0900","2000","0900","2000","0900","1900","0900","1900","1100","1900","1100","C1109249","069","97","9412","37.4882818316414","126.9798873263141"
"부산광역시 금정구 서동로 158, 1층 (서동)","","버스정류장: 세웅병원","사계절 손약국","051-715-3904","1930","0900","1930","0900","1930","0900","1930","0900","1930","0900","1400","0900","C1202460","463","27","9413","35.214629868900005","129.1036883912016"
"경기도 이천시 이섭대천로 1213, 시계탑빌딩 (창전동)","사계절약국","031-632-0012","1810","0900","1810","0900","1810","0900","1810","0900","1810","0900","1300","0900","C2108318","173","69","9414","37.2786261570624","127.446636645936"
"부산광역시 연제구 종합운동장로 24 (거제동)","3호선 종합운동장역 9번출구","사계절한약국","051-949-7018","1550","0900","1550","0900","1550","0900","1550","0900","1550","0900","C1202449","475","01","9415","35.1927056779","129.0648107681"
"경기도 고양시 일산서구 중앙로 1573, 107호 (대화동, 킨텍스프라자)","대화역2번출구옆","사과나무약국","031-912-5522","1900","0900","1900","0900","1900","0900","1900","0900","1900","0900","1700","0900","1400","0900","C2103746","103","81","9416","37.67584479935338","126.74710870688523"
"대구광역시 수성구 교학로11길 46, 302동 104호 (만촌동, 만촌1차우방상가)","사과나무약국","053-744-4408","1800","0900","1800","0900","1800","0900","1800","0900","1800","0900","C1301950","706","759","9417","35.8482960520194","128.6537127446"
"경기도 성남시 분당구 성남대로 168, 미도프라자 6층 603-1호 (금곡동)","사과나무약국","031-719-7704","1800","1000","1800","1000","1800","1000","1800","1000","1800","1000","C2108370","136","18","9418","37.3508873918775","127.109492449514"
"인천광역시 부평구 부평문화로 96, 1층 (부평동, 해인빌딩)","부평시장로터리 부근","사과약국","032-506-4539","2000","0900","2000","0900","2000","0900","2000","0900","2000","0900","2000","0900","C1400801","213","96","9419","37.49415133038916","126.72702321409608"
"인천광역시 남동구 장승남로 35","대동아파트 정문 앞. (새롭게 바뀐 주소 : 장승남로 35)","사과향약국","032-469-3682","1800","0900","1800","0900","1800","0900","1800","0900","1800","0900","1300","0900","C1400770","215","94","9420","37.443685370595226","126.73618416704889"
"부산광역시 부산진구 중앙대로 701, 1층 (부전동)","공공심야약국(20시~익일 새벽 1시까지)","1,2호선 서면역 1번출구","사나약국","050-71369-9422","2500","1200","2500","1200","2500","1200","2500","1200","2500","1200","2500","1200","2500","1100","2500","1200","C1202660","472","86","9421","35.1554675375042","129.058913783101"
"서울특별시 서초구 방배천로 5-3, 1층(방배동,도양빌딩)","도양빌딩 1층 (사당역 13번 출입구)","사당13번약국","02-585-2113","2000","0900","2000","0900","2000","0900","2000","0900","2000","0900","1500","0900","C1102755","066","93","9422","37.47703986618467","126.98220231450296"
"서울특별시 관악구 과천대로 955, 1층 (남현동)","사당365약국","02-588-9050","2230","0800","2230","0800","2230","0800","2230","0800","2230","0800","2230","0900","2230","0900","2230","0900","C1108442","088","06","9423","37.475915706615545","126.9812331488783"
"서울특별시 동작구 남부순환로 지하2089, 사당역(2호선) 지하1층 226-113호 (사당동)","연중무휴","사당건강약국","070-5001-5729","2200","0700","2200","0700","2200","0700","2200","0700","2200","0700","2200","0800","2200","0800","2200","0700","C1110337","070","25","9424","37.4765228347619","126.981408909449"
"서울특별시 관악구 과천대로 939, 르메이에르강남타운2 3층 (남현동)","점심시간 13-14시","사당미소약국","02-586-8009","2000","0800","1900","0800","1800","0800","2000","0800","1900","0800","1800","0800","1600","0800","1600","0800","C1108254","088","07","9425","37.47440879663386","126.9814172336261"
"서울특별시 동작구 동작대로 7, 1층 (사당동)","사당역 8번 출구 나오자마자 첫 번째 러시앤캐쉬 건물 1층","사당소화약국","02-521-3474","2100","0845","2100","0845","2100","0845","2100","0845","2130","0845","2200","0845","1800","1300","2000","1330","C1101735","070","25","9426","37.47720413196852","126.98111694505236"
"서울특별시 관악구 남부순환로 2054, 1층 (남현동)","사당솔약국","02-598-5479","1900","0830","1900","0830","1900","0830","1900","0830","1900","0830","1400","0830","C1110446","088","05","9427","37.47635643653175","126.97691437654167"
"서울특별시 동작구 동작대로 지하 3, 사당역(4호선) (사당동)","사당역약국","02-582-4912","2200","0800","2200","0800","2200","0800","2200","0800","2200","0800","2200","0900","2200","0900","2200","0900","C1109250","070","25","9428","37.47765922945236","126.98167363107395"
"서울특별시 동작구 사당로 230-1, 1층 (사당동, 미래빌딩)","남성역 1번 출구","사당프라자약국","02-3474-4170","2130","0900","2130","0900","2130","0900","2130","0900","2130","0900","1700","0900","1700","1000","1700","0900","C1103065","070","10","9429","37.4833745224696","126.97323761934175"
"경상북도 경산시 백양로 180 (사동)","사동우리약국","053-801-7533","1300","0900","1300","0900","1300","0900","1300","0900","1300","0900","1300","0900","C2700217","386","05","9430","35.815434173807944","128.75727720836028"
"전라남도 나주시 빛가람로 740, 107호 (빛가람동)","사라약국","061-337-3920","2030","0900","2030","0900","2030","0900","2030","0900","2030","0900","1500","0900","C2601151","583","25","9431","35.0208461137","126.7927400061"
"충청북도 영동군 영동읍 학산영동로 1244-1 (영동읍)","영동우체국앞","사라약국","043-745-0966","2000","0830","2000","0830","2000","0830","2000","0830","2000","0830","1500","0830","C2300449","291","49","9432","36.17338501070695","127.77347247645991"
"서울특별시 송파구 송파대로 345, 1A동 5007호 (가락동, 헬리오시티)","사람사랑약국","02-3402-0895","1830","0900","1830","0900","1830","0900","1830","0900","1830","0900","1300","0830","1300","0900","C1108553","056","98","9433","37.49975705339019","127.11150315979411"
"대구광역시 수성구 달구벌대로 3316 (신매동)","사랑365약국","053-795-5119","1930","0900","1930","0900","1930","0900","1930","0900","1930","0900","1700","0900","1300","0900","1300","0900","C1301543","422","79","9434","35.8359108059","128.7184465046"
"경기도 고양시 덕양구 중앙로 438","서정공원맞은편","사랑가득무지개약국","031-973-7582","2200","0900","2200","0900","2200","0900","2200","0900","2200","0900","2200","0900","2100","1330","2100","1330","C2102503","104","86","9435","37.61800415791342","126.84672166114238"
"경기도 시흥시 삼미시장4길 8, 3층 (신천동)","사랑가득약국","031-311-1159","1830","0900","1830","0900","1830","0900","1830","0900","1830","0900","1500","0900","C2101211","149","48","9436","37.43925993610983","126.78397491450525"
"인천광역시 남동구 독점로29번길 24 (구월동)","길병원 본관 뒤쪽, 1층.","사랑길약국","070-4157-5608","1850","0830","1850","0830","1850","0830","1850","0830","1850","0830","1300","0830","1300","1000","1300","1000","C1401499","215","65","9437","37.45250485262016","126.70958907843533"
"인천광역시 부평구 장제로 154 (부평동)","부평부흥로타리나누리병원옆","사랑나누리약국","032-505-7892","1900","0900","1900","0900","1900","0900","1900","0900","1900","0900","1500","0900","C1400569","213","53","9438","37.49920560215052","126.73079554948059"
"서울특별시 강동구 구천면로 403, 명일동메디컬빌딩 101호 (명일동)","사랑나눔약국","050-71331-9654","1930","0900","2100","0900","1930","0900","2100","0900","1930","0900","1400","0900","C1109383","052","57","9439","37.55085235635726","127.14329127049575"
"전북특별자치도 전주시 덕진구 아중로 152, (인후동1가)","아중지하보도사거리 전북은행 옆","사랑녹십자약국","063-243-8778","1830","0900","1830","0900","1830","0900","1830","0900","1830","0900","1300","0900","C2500396","550","30","9440","35.825825069459","127.16615028701925"
"서울특별시 강동구 양재대로 1588, 연우빌딩 1층 1호 (명일동)","사랑더하기약국","02-3427-7645","2000","0830","2000","0830","2000","0830","2000","0830","2000","0830","1800","0830","2000","0900","C1109603","052","95","9441","37.54720298661443","127.14356152861139"
"대구광역시 동구 화랑로 51, 301동 1층 102호 (신천동, 동대구비스타동원)","사랑드림약국","053-259-0858","2030","0900","1930","0900","2030","0900","1930","0900","2030","0900","1930","0900","1300","0900","1300","0900","C1301858","412","46","9442","35.871977685269","128.630111635613"
"경기도 오산시 경기대로 153, 신한프라자B 111호 (원동)","사랑드림약국","031-8055-8324","1900","0900","1900","0900","1900","0900","1900","0900","1900","0900","1400","0900","C2101166","181","43","9443","37.138315811929914","127.07311183208488"
"서울특별시 동대문구 이문로 83, 1층 (이문동)","사랑드림약국","02-969-3222","2000","0900","2000","0900","2000","0900","2000","0900","2000","0900","1500","0900","C1107996","024","51","9444","37.59462063580885","127.05884700973505"
"경기도 성남시 분당구 장미로 198","매화마을4단지맞은편","사랑메디칼약국","031-701-2592","2000","0900","2000","0900","2000","0900","2000","0900","2000","0900","C2100474","135","03","9445","37.41242081431413","127.14301592875474"
"대구광역시 달성군 유가면 테크노상업로 108 (유가읍)","사랑모아약국","053-636-0599","2000","0900","2000","0900","2000","0900","2000","0900","2000","0900","1700","0900","C1301423","430","18","9446","35.6932457781","128.4611367664"
"경기도 수원시 장안구 장안로 76, 1층 102호 (정자동)","상공회의소와KT","사랑방약국","031-244-5966","1900","0900","1900","0900","1900","0900","1900","0900","1900","0900","1200","1000","C2102133","163","13","9447","37.291120288058366","127.00318030961628"
"경상남도 창원시 성산구 원이대로473번길 13 (반림동, dna빌딩)","반송동 주민센터 옆","사랑복음약국","055-287-7147","1850","0900","1850","0900","1850","0900","1850","0900","1850","0900","1530","0900","C2800893","514","27","9448","35.23533600889333","128.66981559229308"
"강원특별자치도 원주시 남원로 665, 1층 (명륜동,한일빌딩)","남부시장 주변","사랑샘약국","033-764-0620","1800","0830","1800","0830","1800","0830","1800","0830","1700","0830","1700","0830","C2200528","264","41","9449","37.3420704021","127.9540692671"
"서울특별시 서초구 서초대로38길 12, 103호 (서초동, 마제스타시티타워원)","사랑손약국","02-6411-1188","1730","0800","1730","0800","1730","0800","1730","0800","1730","0800","1300","0800","C1107973","066","55","9450","37.490502147494034","127.00549263272725"
"인천광역시 계양구 경명대로 1111, 금보플라자 1층 101호 (계산동)","사랑애약국","032-548-6702","1900","0900","1900","0900","1900","0900","1900","0900","1900","0900","1400","0900","C1401515","210","30","9451","37.543860795987484","126.72992442330972"
"대구광역시 달서구 명덕로 17, (두류동)","반고개지하철역","사랑약국","053-628-3339","1800","0900","1800","0900","1800","0900","1800","0900","1800","0900","1300","0900","C1301096","426","63","9452","35.860932379436996","128.57365074434682"
"대구광역시 중구 중앙대로 360 (남산동)","사랑약국","053-428-7515","1830","0930","1830","0930","1830","0930","1830","0930","1830","0930","1630","0930","C1300609","419","57","9453","35.86488523438507","128.59378023706822"
"인천광역시 미추홀구 석정로 306, 1층 106호 (도화동, 삼원상가)","사랑약국","032-863-1289","1900","0900","1900","0900","1900","0900","1900","0900","1900","0900","C1401564","221","18","9454","37.467817115835665","126.6693280651887"
"부산광역시 부산진구 가야대로 459 (개금동)","2호선 개금역 2번 출구/미래여성병원 건물 내 위치","사랑약국","051-898-4712","1830","0900","1830","0900","1830","0900","1830","0900","1830","0900","1300","0900","1300","1000","1300","0900","C1201448","472","68","9455","35.153608690721086","129.0223635992228"
"서울특별시 종로구 진흥로 432, 1층 3호 (구기동)","휴게시간 13:30-14:00","요진오피스텔 1층 3호","사랑약국","02-379-5632","2000","0930","2000","0930","2000","0930","2000","0930","2000","0930","1600","0930","C1101376","030","12","9456","37.60820302077473","126.95665232133717"
"부산광역시 연제구 연수로 105, 1층 (연산동)","3호선 물만골역 1번출구","사랑약국","051-711-8872","2000","0900","2000","0900","2000","0900","2000","0900","2000","0900","1700","0900","C1202732","476","04","9457","35.1753710743622","129.082580628436"
"서울특별시 노원구 노해로 482, 4층 (상계동,덕영빌딩)","덕영빌딩 4층","사랑약국","070-8235-3170","1900","0900","1900","0900","1900","0900","1900","0900","1900","0900","1600","0900","C1102883","017","51","9458","37.6542725250696","127.061716819928"
"부산광역시 동구 고관로 153-2, 1~2층 (좌천동)","봉생병원후문","사랑약국","051-636-5533","1800","0900","1800","0900","1800","0900","1800","0900","1800","0900","1300","0900","C1200824","487","73","9459","35.13122140033742","129.04996131812848"
"부산광역시 동래구 아시아드대로 239 (온천동)","3호선 미남역 3번출구","사랑약국","051-503-4130","2100","0900","2100","0900","2100","0900","2100","0900","2100","0900","1500","0900","1300","0900","C1202077","478","51","9460","35.205233380271004","129.06745999352088"
"경기도 평택시 추담로 58-78, 상가2동 104호 (장안동, 평택장안마을코오롱하늘채)","사랑약국","031-667-3668","2200","0900","2200","0900","2200","0900","2200","0900","2200","0900","2200","0900","C2107689","177","31","9461","37.05903019070001","127.07709672169999"
"충청남도 서산시 고운로 191-1, 1층 (동문동)","사랑약국","070-4455-5633","2030","0800","1900","0800","1900","0800","2030","0800","1900","0800","1430","0800","C2401869","319","82","9462","36.7840158223765","126.456469880295"
"대구광역시 북구 침산남로 21-2, (노원동1가)","노원동","사랑약국","053-351-5200","1800","0900","1800","0900","1800","0900","1800","0900","1800","0900","1300","0900","1300","0900","C1300638","415","53","9463","35.88863171514994","128.57872514160414"
"경기도 안산시 상록구 고목로3길 25 (본오동)","이호초교앞","사랑약국","031-419-7695","1830","0900","1830","0900","1830","0900","1830","0900","1830","0900","1300","0900","C2101784","155","73","9464","37.285025214881486","126.85949672398648"
"경기도 오산시 오산로 79, 106호 (갈곶동)","사랑약국","031-375-6535","2000","0830","2030","0830","2030","0830","2000","0830","2000","0830","1400","0830","C2106608","181","47","9465","37.13396443798058","127.06884453378251"
"경기도 남양주시 순화궁로 357, 405호 (별내동, 화성프라자)","사랑약국","031-574-9557","1900","0830","1900","0830","1900","0830","1900","0830","1900","0830","1500","0830","C2107390","121","05","9466","37.6585619217","127.1247533063"
"경기도 안양시 만안구 전파로 19, 1층 (안양동, CJ빌딩)","사랑약국","031-468-8900","2100","0900","2100","0900","2100","0900","2100","0900","2100","0900","1600","0900","C2104029","140","85","9467","37.390918516786485","126.93479678822051"
"제주특별자치도 제주시 중앙로 286 (이도이동)","일요일휴무","사랑약국","064-721-0043","1930","0800","1930","0800","1930","0800","1930","0800","1930","0800","1500","0800","1300","0800","C2900199","632","06","9468","33.49478051853072","126.53307396157729"
"전북특별자치도 군산시 궁포안2길 24, 103호 (조촌동)","설/추석 명절 당일만 휴무입니다.","사랑약국","063-442-7700","2130","0800","2130","0800","2130","0800","2130","0800","2130","0800","1700","0800","1300","0800","1300","0800","C2501347","540","72","9469","35.9765957430457","126.744104958988"
"서울특별시 강남구 개포로 615 (개포동)","석탑프라자 2층","사랑약국","02-3411-9305","1900","0910","1900","0910","1900","0910","1900","0910","1900","0910","1600","0910","C1101369","063","35","9470","37.49279134036357","127.07572883421317"
"경상남도 함양군 함양읍 용평중앙길 12 (함양읍)","함양중앙상설시장 부근","사랑약국","055-964-0400","1930","0830","1930","0830","1930","0830","1930","0830","1930","0830","1600","0830","C2800866","500","46","9471","35.518457509737324","127.72808676227052"
"전북특별자치도 정읍시 상동중앙로 92 (상동)","사랑병원 앞","사랑약국","063-533-0988","1800","0830","1800","0830","1800","0830","1800","0830","1800","0830","1300","0830","C2500101","561","92","9472","35.564245192146934","126.87114011428334"
"부산광역시 북구 만덕2로44번길 8, 2층 (만덕동)","사랑약국","050-71413-2235","1915","0900","1915","0900","1915","0900","1915","0900","1915","0900","1915","0900","C1203020","465","66","9473","35.209973425165","129.037293542268"
"충청남도 천안시 서북구 충무로 201 (쌍용동)","쌍용동이마트주차장옆건물1층","사랑약국","041-579-3335","2000","0900","2000","0900","2100","0900","2000","0900","2000","0900","1400","0900","C2400646","311","80","9474","36.796230837959776","127.12827980338512"
"전북특별자치도 순창군 순창읍 남계로 91","해태타운 맞은편","사랑약국","063-653-8894","1730","0830","1730","0830","1400","0830","1730","0830","1730","0830","1300","0830","C2500696","560","41","9475","35.37478914438027","127.14559797793986"
"경상남도 합천군 합천읍 대야로 894","합천시외버스터미널 부근","사랑약국","055-931-9436","1900","0830","1900","0830","1900","0830","1900","0830","1900","0830","1900","0830","1900","0830","1900","0830","C2800643","502","31","9476","35.56743808817543","128.16365350470414"
"전북특별자치도 전주시 완산구 백제대로 74 (삼천동1가)","연중 무휴. 새벽1시까지 운영. (단, 구정 당일, 추석 당일 오후1시~익일 새벽 1시)","연중무휴 .새벽1시까지 운영","다사랑병원 옆","사랑약국","063-229-1400","2500","0900","2500","0900","2500","0900","2500","0900","2500","0900","2500","0900","2500","0900","2500","0900","C2500148","551","05","9477","35.80087364964308","127.12783187286989"
"부산광역시 남구 수영로 228 (대연동)","2호선 대연역 5번출구/부산아동병원 1층","사랑약국","070-7504-1480","2000","0900","2000","0900","2000","0900","2000","0900","2000","0900","1300","0900","1300","0900","1300","0900","C1201200","484","92","9478","35.13496505186881","129.0914770758452"
"전북특별자치도 익산시 선화로3길 31-13, 1층 (모현동1가)","공휴일 전화 후 방문","모현동 휴먼시아4차 농협옆 아이세상소아과 옆","사랑약국","063-857-9807","2000","0830","2000","0830","2000","0830","2000","0830","2000","0830","1230","0830","1230","0830","C2500805","546","54","9479","35.95187895000606","126.93878035058617"
"서울특별시 구로구 경인로 565, 삼영빌딩 5층 (구로동)","월~금 점심시간 : 오후1시~오후2시(점심시간동안은 문닫음)","구로역 3번 출구","사랑약국","02-2633-2636","1800","0900","1800","0900","1800","0900","1800","0900","1800","0900","1300","0900","C1107298","082","12","9480","37.50363645144434","126.87988736548002"
"충청북도 음성군 음성읍 시장로 16-7","사랑약국","043-873-4905","1900","0830","1900","0830","1900","0830","1900","0830","1900","0830","1300","0830","C2301250","277","01","9481","36.9299065525033","127.696775323655"
"충청남도 당진시 송악읍 반촌로 89, 2층","사랑약국","041-352-8006","1900","0830","1900","0830","1900","0830","1900","0830","1900","0830","1330","0830","1330","0830","C2401684","317","33","9482","36.9040990836097","126.693456229623"
"대전광역시 대덕구 비래동로 20 (비래동)","사랑약국","042-622-7788","1900","0830","1900","0830","1900","0830","1900","0830","1900","0830","1500","0830","C1601007","344","18","9483","36.355612726018364","127.45027581162618"
"경상남도 진주시 하대로 80, 1층 (하대동)","서울아동병원 건물 1층","사랑약국","055-757-2300","1300","0900","1300","0900","1300","0900","1300","0900","1300","0900","1200","0900","C2800992","527","68","9484","35.19290477947474","128.12036868908936"
"광주광역시 북구 설죽로 335 (매곡동)","사랑약국","062-571-7735","1800","0900","1800","0900","1800","0900","1800","0900","1800","0900","1430","0900","C1500906","610","62","9485","35.18951840727927","126.89862227421996"
"강원특별자치도 춘천시 안마산로 109, 1층 (퇴계동)","사랑약국","033-251-5559","1830","0900","1830","0900","1830","0900","2030","1400","1830","0900","1330","0900","C2201025","244","55","9486","37.85563493334281","127.7286271480876"
"강원특별자치도 원주시 지정면 신지정로 316-1","사랑약국","033-900-5177","1900","0900","1900","0900","1900","0900","1900","0900","1900","0900","1300","0900","C2201035","263","53","9487","37.38222884668429","127.872674547665"
"경상북도 청도군 화양읍 청화로 79-5","사랑약국","054-371-3775","1800","0830","1800","0830","1800","0830","1800","0830","1800","0830","1300","0830","1300","0830","C2700949","383","29","9488","35.64837143023319","128.7365891507462"
"경상북도 성주군 성주읍 시장길 16","사랑약국","070-8871-8114","1830","0830","1830","0830","1830","0830","1400","0830","C2701357","400","27","9489","35.91703577314688","128.28590588987288"
"경상북도 구미시 인동20길 45","강동병원정문앞오른쪽","사랑약국","054-476-0176","1800","0900","1800","0900","1800","0900","1800","0900","1800","0900","1300","0900","C2701042","394","06","9490","36.0952402082","128.4234958068"
"전라남도 무안군 해제면 현해로 1710-1","농협 옆.","사랑약국","061-453-1295","1700","0800","1700","0800","1700","0800","1700","0800","1200","0800","1200","0800","C2600147","585","02","9491","35.1104534591301","126.29237505746322"
"경상북도 영천시 완산로 70","경북영천시완산동1000-71번지","사랑약국","054-333-1999","1900","0830","1900","0830","1900","0830","1900","0830","1900","0830","1300","0830","C2700197","388","94","9492","35.96646225616976","128.93909616904847"
"경상북도 경주시 화랑로 74","유내과맞은편사랑약국","사랑약국","054-777-4141","1830","0900","1830","0900","1830","0900","1800","0900","1800","0900","1300","0900","C2700454","381","55","9493","35.84440154818619","129.2088231049008"
"경상북도 경산시 중앙로 13, (사정동)","사랑약국","053-812-2882","1800","0900","1800","0900","1800","0900","1800","0900","1800","0900","1300","0900","1200","0900","C2700176","386","77","9494","35.82037094443904","128.72923992186764"
"광주광역시 남구 대남대로 409, 1층 (월산동)","건강관리협회, 중국영사관 사거리","사랑약국","062-368-3080","1800","0900","1800","0900","1800","0900","1800","0900","1800","0900","1230","0900","C1500438","616","10","9495","35.147272222222220","126.888711111111107"
"경상북도 포항시 북구 우창동로22번길 3-3 (우현동)","사랑약국","054-247-2069","2300","0900","2300","0900","2300","0900","2300","0900","2300","0900","1800","0900","1800","0900","1800","0900","C2700689","376","36","9496","36.05438988818668","129.36209018157982"
"전라남도 여수시 시청로 42, 진남빌딩 1층 (학동)","사랑약국","061-685-1000","1900","0830","1900","0830","1900","0830","1900","0830","1900","0830","1400","0830","C2601196","596","77","9497","34.76545155364129","127.66316678577"
"전라남도 순천시 해룡면 신대4길 4-25, 1층","사랑약국","061-752-8275","1700","0900","1700","0900","1700","0900","1700","0900","1700","0900","C2601287","580","11","9498","34.9338216630819","127.552069856596"
"대전광역시 서구 신갈마로 133, 1층 (갈마동)","사랑약국","042-537-5546","1830","0830","1830","0830","1830","0830","1830","0830","1830","0830","1400","0830","C1600131","352","81","9499","36.345516666666668","127.368138888888893"
"경기도 양주시 고읍로 10, 세진빌딩 103호 (고읍동)","사랑약국","031-847-5393","2000","0900","2000","0900","2000","0900","2000","0900","2000","0900","1500","0900","C2100101","114","81","9500","37.80187957638872","127.07876988575063"
"서울특별시 영등포구 영등포로86길 16, 1층, 2층(신길동)","성애병원 맞은 편","사랑약국","02-846-4470","1800","0830","1800","0830","1800","0830","1800","0830","1800","0830","1400","0900","C1101417","073","55","9501","37.511585448652404","126.92292882886554"
"서울특별시 강북구 도봉로 186, 1층 (미아동)","미아역 4번 출구 전방 20미터","사랑약국","02-993-7289","2000","0700","2000","0700","2000","0700","2000","0700","2000","0700","2000","0700","C1101416","011","57","9502","37.625304184288524","127.02682734304243"
"서울특별시 서대문구 연희로 262-29, 1층 (홍은동)","전화 주시면 영업 중인지 안내해드립니다.","동신종합병원 응급실 뒤쪽에 위치","사랑약국","02-379-4774","1800","0900","1800","0900","1800","0900","1800","0900","1800","0900","1400","0900","C1102415","036","53","9503","37.5814954514474","126.9368414254472"
"서울특별시 동작구 사당로 303 (사당동)","사랑약국","02-595-6969","2100","0800","2100","0800","2100","0800","2100","0800","2100","0800","1900","0800","C1101368","070","08","9504","37.48539881230216","126.981140322958"
"충청남도 서천군 서천읍 사곡로 17 (휴먼시아아파트 상가동 103호)","사랑약국","041-952-5715","1810","0830","1810","0830","1810","0830","1810","0830","1810","0830","1350","0830","C2401458","336","35","9505","36.085306468","126.6855971815"
"충청남도 홍성군 홍북읍 청사로 36 , 104호","사정에 따라 운영시간이 변경될 수 있습니다","사랑약국","041-631-8274","2100","0830","2000","0830","1900","0830","2000","0830","2100","0830","1400","0830","1300","0830","C2401294","322","65","9506","36.6481074136","126.6746824282"
"충청북도 청주시 서원구 사직대로 101 (사창동, 민병열산부인과)","사창사거리 부근","사랑약국","043-276-9101","1900","0900","1900","0900","1900","0900","1900","0900","1900","0900","1600","0900","C2301045","285","75","9507","36.6352217778","127.4587805673"
"서울특별시 서초구 반포대로 275 (반포동, 래미안퍼스티지아파트)","사랑약국","02-533-5675","1830","0900","1830","0900","1830","0900","1830","0900","1830","0900","1300","0900","C1103824","065","47","9508","37.50313206353683","126.99588053847123"
"경기도 용인시 기흥구 동백죽전대로 507, 지하3층 134호 (동백동, 용인동백두산위브더제니스)","사랑약국","031-693-9795","1800","0900","1800","0900","1800","0900","1800","0900","1800","0900","C2108876","169","93","9509","37.2830246609485","127.150608535392"
"경기도 광명시 디지털로 29 (철산동)","사랑약국","02-2682-8206","1800","0900","1800","0900","1800","0900","1800","0900","1800","0900","1300","0900","C2100722","142","39","9510","37.4741306285655","126.87084067480797"
"인천광역시 부평구 경인로 883, (부평동)","동수역앞","사랑약국","032-330-6603","2000","0900","2000","0900","2000","0900","2000","0900","2000","0900","1300","0900","C1400485","214","08","9511","37.485679511673545","126.71833880515382"
"경기도 수원시 영통구 효원로 387, 108호 (매탄동, 풍성프라자)","사랑약국","031-213-0095","2100","0900","2100","0900","2100","0900","2100","0900","2100","0900","1430","0900","C2102030","165","45","9512","37.25923337619696","127.04391009017803"
"경기도 광주시 오포읍 양벌로 208, 1층 (오포읍)","사랑약국","031-769-7908","1930","0900","1930","0900","1930","0900","1930","0900","1930","0900","1300","0900","1230","0930","C2106378","127","95","9513","37.378420810326155","127.25391365566941"
"서울특별시 금천구 시흥대로 189, 1층 103호 (시흥동)","사랑약국","02-743-2800","2000","0900","2000","0900","2000","0900","2000","0900","2000","0900","1300","0900","C1109851","086","35","9514","37.45070178280363","126.90137998126053"
"경기도 안성시 중앙로 378 (서인동)","사랑약국","031-674-9920","1900","0900","1900","0900","1900","0900","1900","0900","1900","0900","1400","0900","C2107571","175","81","9515","37.0075553164","127.2687730994"
"경기도 용인시 기흥구 구성3로28번길 30, 107호 (청덕동, 구성프라자)","청덕초등학교앞 하모니마트 윗쪽","사랑약국","031-275-5750","2100","0900","2100","0900","2100","0900","2100","0900","2100","0900","2100","0900","1300","0900","C2103911","168","92","9516","37.29615270269176","127.15211822898478"
"경기도 부천시 원미구 중동로 326, 103호 (중동)","설악마을","사랑약국","032-322-6036","1900","0900","1900","0900","1900","0900","1900","0900","1900","0900","1300","0900","C2100260","145","35","9517","37.50877770803963","126.76994896002324"
"경기도 김포시 김포한강9로 109, 제1층 102호 (구래동)","사랑약국","031-987-5775","2200","0900","2200","0900","2200","0900","2200","0900","2200","0900","2200","0900","2200","0900","2200","0900","C2109237","100","71","9518","37.6465636761058","126.625182108121"
"경기도 성남시 수정구 복정로 134, 102호 (복정동)","사랑약국","031-751-1878","2100","0900","2100","0900","2100","0900","2100","0900","2100","0900","C2106587","131","12","9519","37.46478738052877","127.12729270580345"
"경기도 여주시 가남읍 태평로 30, 1층","사랑약국","07077154628","1800","0900","1800","0900","1800","0900","1800","0900","1800","0900","C2108793","126","62","9520","37.2033159434063","127.54622772558"
"서울특별시 중랑구 망우로 271 (상봉동)","평일 휴게시간 13:25-14:00","상봉역 6번 출구","사랑약국","02-6081-7938","1700","0730","1700","0730","1700","0730","1700","0730","1700","0730","1400","0730","C1107248","020","98","9521","37.595969438453","127.082706165917"
"경기도 군포시 군포로 494, 105호 (당동)","당동우체국앞사거리중소기업은행옆","사랑약국","031-456-5990","1400","0830","1400","0830","1400","0830","1400","0830","1400","0830","1400","0830","C2103117","158","56","9522","37.3504459443","126.9448361504"
"서울특별시 동대문구 왕산로 151, 2층 4,5호 (제기동)","사랑약국","02-960-8057","1830","0930","1830","0930","1800","0900","1830","0930","1830","0930","1300","0900","C1108348","025","71","9523","37.578847590000954","127.0401438281227"
"경기도 수원시 장안구 정자천로 163, 102호 (정자동, 하나로빌딩)","사랑약국","031-268-7324","1900","0830","1900","0830","1900","0830","1900","0830","1900","0830","1600","0830","1500","0900","C2103320","163","34","9524","37.29495139759346","126.99412633631498"
"경기도 구리시 경춘로 274 (수택동, 성원메스티지상가)","사랑약국","031-555-1017","1600","0900","1600","0900","1600","0900","1600","0900","1600","0900","1600","0900","C2106566","119","30","9525","37.60251128353744","127.14549664308411"
"경기도 고양시 덕양구 토당로 123, 304-2호(토당동,능곡프라자)","능곡역맞은편편의점있는6층건물","사랑약국","031-970-0072","1800","0900","1800","0900","1800","0900","1800","0900","1800","0900","1400","0900","C2102675","105","06","9526","37.620459009431094","126.82050954754263"
"서울특별시 성동구 독서당로 303-2, 1층 (금호동3가)","사랑약국","02-2231-2678","1800","0900","1800","0900","1800","0900","1800","0900","1800","0900","1300","0900","C1108398","047","30","9527","37.5483247310121","127.022870498638"
"서울특별시 광진구 자양로11길 6-8 (자양동)","사랑약국","02-446-4051","1800","0830","1800","0830","1800","0830","1800","0830","1800","0830","1330","0830","2000","1000","C1102416","050","56","9528","37.535151171627874","127.08368031881832"
"서울특별시 은평구 은평로 219-1, 1층 (녹번동)","대체공휴일 08:50~16:00","녹번역 3번출구 도보 5분, 약국 뒷 주택가 골목 임시 주차 가능합니다.","사랑약국","02-388-8426","2000","0850","2000","0850","2000","0850","2000","0850","2000","0850","1400","0850","C1107948","033","83","9529","37.60133496707024","126.93219019534006"
"서울특별시 중구 청계천로 100, 시그니쳐타워 지하1층 (수표동)","1-8월 첫째주 토요일 휴무 /개천절/한글날 오전 근무","사랑약국","02-6020-2333","1700","0820","1700","0820","1700","0820","1700","0820","1700","0820","1230","0830","C1109371","045","42","9530","37.567634210293384","126.9884374581977"
"경기도 의정부시 외미로 95","공휴일 유동적(회룡역 서부 광장 하나프라자1층) 설연휴2월2일 09시부터19시까지 근무","회룡역서부광장공용주차장앞하나프라자1층","사랑약국","031-874-3336","2000","0900","2000","0900","2000","0900","2000","0900","2000","0900","1800","0900","1700","0900","C2102671","116","37","9531","37.724448081452984","127.04603117847311"
"경기도 고양시 일산서구 후곡로 19, (일산동)","사랑약국","031-922-2646","1830","0900","1830","0900","1830","0900","1830","0900","1830","0900","1400","0900","C2100041","103","71","9532","37.67934719662663","126.76331536215964"
"경기도 수원시 팔달구 갓매산로 51, 105호 (매산로2가, 에스알프라자23차)","사랑약국","07088711324","2359","0900","2359","0900","2359","0900","2359","0900","2359","0900","2359","0900","2359","0900","2359","0900","C2106872","164","55","9533","37.26893278201107","127.00469189141756"
"경기도 성남시 분당구 성남대로 168","미도프라자 4층 401호","사랑약국","031-717-3339","1900","0900","1900","0900","1900","0900","1900","0900","1900","0900","1300","0900","C2103133","136","18","9534","37.35088790371352","127.10950146960934"
"경기도 남양주시 와부읍 덕소로97번길 9","설, 추석 당일 휴무","사랑약국","031-521-0053","2100","0800","2100","0800","2100","0800","2100","0800","2100","0800","1900","0800","1900","0900","1900","0900","C2102713","122","09","9535","37.586127777777776","127.213280555555556"
"강원특별자치도 속초시 미시령로3359번길 20 ,1층 115호(교동)","사랑약국","033-638-3004","1730","0830","1730","0830","1200","0830","1730","0830","1730","0830","1300","0900","C2200424","248","20","9536","38.20711741801427","128.57459955671024"
"전라남도 목포시 고하대로 795-1, (연산동)","목포씨티병원앞","사랑약국","061-279-5883","1300","0900","1300","0900","1300","0900","1300","0900","1300","0900","C2600422","586","18","9537","34.81707148544758","126.37970517557826"
"대구광역시 서구 북비산로 355 (비산동)","대구서구비산2,3동62-1번지","사랑약국","053-562-4489","1900","0900","1900","0900","1900","0900","1900","0900","1900","0900","1300","0900","C1300040","417","35","9538","35.87965956798496","128.57215602802188"
"인천광역시 서구 가정로 142, (가좌동)","공휴일 유동적","가좌동홈플러스 맞은편 건물 1층","사랑약국","032-575-4507","2000","0900","2000","0900","2000","0900","2000","0900","2000","0900","1600","0900","C1400303","228","33","9539","37.497349999999997","126.671888888888887"
"인천광역시 서구 청라라임로 85","진영메디피아 맞은편","사랑약국","032-561-5207","2000","0900","2000","0900","2000","0900","2000","0900","2000","0900","1500","0900","C1401321","227","36","9540","37.53565568990344","126.65300245996347"
"강원특별자치도 평창군 진부면 청송로 102,","진부면파출소 앞","사랑약국","033-333-0688","1800","0830","1800","0830","1800","0830","1800","0830","1800","0830","1400","0830","C2200554","253","33","9541","37.63658928531967","128.5575530339311"
"대구광역시 중구 국채보상로 626-1 (공평동)","설,추석 당일은 운영하지 않습니다. 한약업무는 일요일,공휴일은 하지 않습니다.(일반 약국업무는 일요일,공휴일에도 합니다)","사랑온누리약국","053-252-7080","2000","1000","2000","1000","2000","1000","2000","1000","2000","1000","2000","1000","1800","1300","1800","1300","C1301457","419","38","9542","35.8700868776","128.5990514498"
"대구광역시 수성구 욱수천로 133 (사월동)","사랑온누리약국","053-793-1144","2000","0900","2000","0900","2000","0900","2000","0900","2000","0900","2000","0900","2000","0900","C1300526","422","70","9543","35.8393290276534","128.71503255073594"
"인천광역시 서구 검단로 500","사랑온누리약국","032-568-5706","2100","0900","2100","0900","2100","0900","2100","0900","2100","0900","1900","0900","1300","0900","A1402966","226","35","9544","37.60262204214791","126.65967276013117"
"부산광역시 금정구 금강로 206-16","검심 휴게시간 13:00-14:00","버스정류장 : 금정농협 소정지점 맞은편","사랑온누리약국","051-583-5663","1900","0830","1900","0830","1300","0830","1900","0830","1900","0830","1300","0830","1300","0830","C1202224","462","97","9545","35.226509916228494","129.0833090269403"
"충청남도 아산시 신창면 남성길 124","코아루아파트 정문 앞","사랑온누리약국","041-531-7045","1930","0900","1930","0900","1930","0900","1930","0900","1930","0900","1330","0900","C2400285","315","30","9546","36.790422417809026","126.95451510607012"
"경상남도 거제시 연초면 거제대로 4463","사랑온누리약국","055-632-4663","1900","0900","1900","0900","1900","0900","1900","0900","1900","0900","1300","0900","C2802326","532","09","9547","34.8993127446151","128.644186865382"
"경상북도 포항시 남구 오천읍 원동로 51 (오천읍)","사랑온누리약국","054-291-0036","1900","0840","1900","0840","1900","0840","1900","0840","1900","0840","1330","0840","C2701547","378","83","9548","35.96754950630817","129.40249073724524"
"세종특별자치시 한누리대로 157, 106호 (나성동, 금강프라자)","나성동","사랑온누리약국","044-862-7533","1830","0830","1830","0830","1830","0830","1830","0830","1830","0830","1300","0830","1300","0900","C1800182","301","30","9549","36.47932645865882","127.26246944105384"
"경기도 용인시 기흥구 신갈로 60, 1층 (신갈동)","사랑온누리약국","031-274-7890","1800","0900","1800","0900","1800","0900","1800","0900","1800","0900","1300","0900","C2109680","169","69","9550","37.2719779944362","127.10587150999"
"경기도 김포시 중봉1로 17 (감정동)","사랑온누리약국","070-4203-0959","2100","0900","2100","0900","2100","0900","2100","0900","2100","0900","1600","0900","C2107021","101","02","9551","37.62330467686131","126.69934279211497"
"서울특별시 은평구 서오릉로 46, (녹번동)","녹번2차 현대아파트201동 상가103호","사랑온누리약국","02-356-8875","2030","0900","2030","0900","2030","0900","2030","0900","2030","0900","2000","0900","C1103907","033","79","9552","37.60490047719848","126.92450872988869"
"서울특별시 강남구 삼성로92길 27, 지하1층 (삼성동)","사랑온누리약국","02-555-1130","2000","0900","2000","0900","2000","0900","2000","0900","2000","0900","1430","0910","C1108177","061","69","9553","37.5083786932357","127.058532226672"
"서울특별시 강북구 도봉로 40","사랑온누리약국","02-983-2425","1900","0900","1900","0900","1900","0900","1900","0900","1900","0900","1400","0900","C1104237","012","20","9554","37.6125920819171","127.030433727904"
"경기도 성남시 중원구 산성대로372번길 9, 1층 (금광동)","사랑온누리약국","031-741-5577","1930","0900","1930","0900","1930","0900","1930","0900","1930","0900","C2106806","131","79","9555","37.44516216238461","127.15811034364488"
"강원특별자치도 춘천시 방송길 98-1, 2층 (온의동)","사랑온약국","033-910-9771","1800","0900","1800","0900","1800","0900","1800","0900","1800","0900","C2201151","243","64","9556","37.867779476409","127.72040377765"
"대전광역시 동구 계족로392번길 64 (성남동)","대전고속터미널앞한국병원뒤쪽주차장옆","사랑우리들약국","042-625-1945","1740","0830","1740","0830","1740","0830","1740","0830","1740","0830","1230","0830","C1600063","345","79","9557","36.34776823184556","127.43587348271134"
"경기도 파주시 미래로 612, 102호 (와동동, 미봉프라자)","사랑의약국","031-945-8246","2130","0900","2130","0900","2130","0900","2130","0900","2130","0900","2130","0900","C2100011","108","95","9558","37.73196093677771","126.75132287937105"
"서울특별시 마포구 독막로 10","성지BD 3층","사랑의약국","02-334-8443","1830","0900","1830","0900","1830","0900","1830","0900","1830","0900","1400","0900","C1101398","040","71","9559","37.5484914168057","126.914498578681"
"경기도 안산시 상록구 안산대학로 108, 웰빙타워 (일동)","사랑의약국","031-419-0071","2200","0900","2200","0900","2200","0900","2200","0900","2200","0900","2200","0900","2200","0900","C2101595","153","25","9560","37.309671459495995","126.86991455913164"
"서울특별시 강남구 밤고개로1길 10, 2층 219호 (수서동, 수서현대벤쳐빌)","수서현대벤쳐빌 2층 219호","사랑의약국","02-2040-7933","1930","0800","1930","0800","1930","0800","1930","0800","1930","0800","1800","0900","1600","0900","1800","0900","C1101402","063","49","9561","37.4880244867416","127.101844450006"
"서울특별시 성북구 종암로 115 (종암동)","먹는치료제 조제기관","종암경찰서에서종암2동사무소정류소사이50M거리동우빌딩1층","사랑의약국","02-922-7111","1830","0830","1830","0830","2030","0830","1830","0830","1830","0830","1500","0830","C1101400","028","03","9562","37.600381561069","127.03356033064"
"경기도 평택시 용죽2로 32-44, 리더스타워 102호 (용이동)","사랑의약국","031-653-2948","1930","0830","1930","0830","1830","0830","1930","0830","1930","0830","1400","0830","C2107910","178","70","9563","36.99243522365757","127.12552163705874"
"울산광역시 동구 방어진순환도로 651(일산동)","테라스파크 맞은편","사랑의약국","052-236-1214","1930","0900","1930","0900","1930","0900","1930","0900","1930","0900","1430","0900","C1700320","440","67","9564","35.4999953006","129.4282487382"
"대구광역시 수성구 무열로 5, (만촌동)","만촌4거리수성메트로병원앞","사랑의약국","053-744-3014","1800","0900","1800","0900","1800","0900","1800","0900","1800","0900","1300","0900","C1300898","420","62","9565","35.859456093351966","128.64601568042872"
"인천광역시 서구 원적로 96, (가좌동)","가좌시장입구세일마트1층","사랑의약국","032-577-4241","1900","0900","1900","0900","1900","0900","1900","0900","1900","0900","1600","0900","C1400149","228","10","9566","37.494779093019154","126.68257997715835"
"강원특별자치도 정선군 정선읍 봉양7길 29, 1층","사랑의약국","033-563-2281","1800","0900","1800","0900","1800","0900","1800","0900","1800","0900","1300","0900","C2201051","261","30","9567","37.3793948291002","128.6650732178433"
"서울특별시 서초구 신반포로 165","고속터미널맞은편반포쇼핑타운2동1층","사랑의약국","02-3476-2273","2000","0900","2000","0900","2000","0900","2000","0900","2000","0900","1730","0900","C1102412","065","12","9568","37.5057251189753","127.002171712729"
"부산광역시 서구 까치고개로 210, (아미동1가)","부산대학병원 응급의료센터 건물 도로 맞은편","사랑의약국","051-257-0641","1830","0800","1830","0800","1830","0800","1830","0800","1830","0800","1600","0900","C1200044","492","45","9569","35.099652777777777","129.018563888888878"
"부산광역시 연제구 중앙대로 1064 (연산동)","1호선 연산동역 2번출구","사랑의약국","051-866-6155","1730","0900","1730","0900","1730","0900","1730","0900","1730","0900","1300","0900","C1201081","611","828","9570","35.1829084140907","129.07956805659012"
"강원특별자치도 춘천시 지석로 85 (석사동, 강남플라자B/D 108호)","사랑이가득한약국","033-264-9656","1900","0900","1900","0900","1830","0900","1830","0900","1900","0900","1330","0900","C2200908","244","15","9571","37.85112241096714","127.74485787288353"
"경상북도 칠곡군 석적읍 석적로 955-9","사랑이가득한약국","054-976-0818","1900","0900","1900","0900","1900","0900","1900","0900","1900","0900","1300","0900","C2700545","398","41","9572","36.074687765387786","128.39314323438504"
"경기도 부천시 원미구 원미로97번길 32, 106호 (원미동, 반도연립)","사랑이꽃피는약국","032-344-1643","2100","0900","2100","0900","2100","0900","2100","0900","2100","0900","1500","0900","C2100308","145","71","9573","37.48503429040403","126.80822933623922"
"전북특별자치도 군산시 동메1길 38-11 (수송동)","추석, 설날 당일만 휴무(연중 이틀 휴무)","수송현대아파트사거리 다나소아과건물1층","사랑이피는약국","063-461-0022","1900","0800","1900","0800","1900","0800","1900","0800","1900","0800","1700","0800","1700","0800","1700","0800","C2500573","540","81","9574","35.9701595636","126.7148000116"
"경기도 고양시 덕양구 혜음로 30, 202-1호 (고양동, 삼성상가)","사랑인약국","031-968-3986","1800","0800","1800","0800","1800","0800","1800","0800","1800","0800","1200","0800","C2100004","102","75","9575","37.702861403206974","126.90218820133867"
"경상남도 양산시 평산로 12","아이조은병원 1층","사랑인약국","055-603-0338","1800","0900","1800","0900","1800","0900","1800","0900","1800","0900","C2801041","505","48","9576","35.38173510831728","129.15388322594498"
"세종특별자치시 마음로 224, 2층 (고운동)","토요일, 일요일, 공휴일 휴무 휴게시간 12:30-13:30 * 예약제 운영","토요일, 일요일, 공휴일 휴무 휴게시간 12:30-13:30 * 예약제 운영","고운동 * 2025년 12월 30일 이전 (다정동→고운동)","사랑채한약국","044-864-9275","1730","0930","1730","0930","1730","0930","1730","0930","1730","0930","C1800279","300","62","9577","36.49227226597644","127.25509349447918"
"경기도 용인시 처인구 중부대로 1485, 1층 (김량장동)","용인터미널사거리에 위치한 사랑큰약국입니다. 약국앞 자체주차장 보유중이며 365일 하루도 안쉽니다. 09시~24시 영업합니다. 병의원 처방조제 가능하며 일반의약품, 건강기능식품, 의약외품 등을 취급합니다.","사랑큰약국","031-326-0213","2400","0900","2400","0900","2400","0900","2400","0900","2400","0900","2400","0900","2400","0900","2400","0900","C2109898","170","51","9578","37.2335749121899","127.209471711338"
"인천광역시 서구 청마로19번길 3, 1층 (당하동, 드림빌딩)","검단탑병원 인근 사랑탑약국입니다. 인천지하철 2호선 완정역 3번출구에서 200m 거리입니다.","검단탑병원옆","사랑탑약국","032-569-7117","1900","0800","1900","0800","1900","0800","1900","0800","1900","0800","1500","0800","1700","1000","C1400414","226","75","9579","37.592354471517716","126.67082048708874"
"대구광역시 달서구 당산로 35","사랑플러스약국","053-523-6625","1800","1000","1800","1000","1800","1000","1800","1000","1800","1000","1300","1000","C1300626","426","76","9580","35.84015877622952","128.54420442602324"
"서울특별시 용산구 한강대로 258, (남영동)","1호선남영역근처국민연금공단건너편수빌딩옆","사랑플러스약국","02-790-5392","1900","0830","1900","0830","1900","0830","1900","0830","1900","0830","1300","0900","C1101411","043","52","9581","37.5413997471572","126.973296099405"
"서울특별시 서초구 법원로2길 7-4, 105호 (서초동)","사랑플러스약국","02-6247-6246","1900","0900","1900","0900","1900","0900","1900","0900","1900","0900","1400","0900","C1110821","065","96","9582"
"경기도 고양시 일산동구 중앙로 1079, 백석역 더리브 스타일 1층 124호 (백석동)","일요일, 공휴일은 운영 변경가능성 있음","사랑플러스약국","031-902-0229","1900","0900","1900","0900","1900","0900","1900","0900","1900","0900","1600","0900","C2108748","104","47","9583","37.6450543770892","126.784560867709"
"광주광역시 북구 호동로 65 (문흥동)","사랑한약국","062-266-9580","1800","0845","1800","0845","1800","0845","1800","0845","1800","0845","C1500180","611","89","9584","35.17749089706416","126.9179015354594"
"경기도 안산시 상록구 용신로 393","공연주차장 앞","사랑해약국","031-415-5530","1000","0830","1000","0830","1000","0830","1000","0830","1000","0830","2000","0900","C2101585","155","32","9585","37.30188337134611","126.86591025342304"
"서울특별시 서대문구 연희맛로 23 (연희동)","공휴일 중 설날,추석 당일은 운영 하지 않으니, 사전에 연락하시고 가시길 바랍니다.","연희동사러가쇼핑내","사러가약국","02-332-4964","2100","1000","2100","1000","2100","1000","2100","1000","2100","1000","2100","1000","2100","1000","2100","1000","C1104530","037","07","9586","37.5671545853414","126.929661150132"
"부산광역시 사상구 사상로 지하 203, 사상역 (괘법동)","2호선 사샹역 4번출구쪽","사상메트로약국","070-4179-0291","2000","0900","2000","0900","2000","0900","2000","0900","2000","0900","2000","0900","C1202599","469","69","9587","35.1624645755924","128.984636635373"
"부산광역시 사상구 괘감로 37, 101호 (괘법동, 산업용품상가)","버스정류장: 산업용품상가 국민은행 옆","사상약국","051-319-2548","1730","0900","1730","0900","1730","0900","1730","0900","1730","0900","C1200366","469","77","9588","35.159755484193155","128.98043490648155"
"부산광역시 사상구 사상로 246, 102호 (괘법동)","점심시간: 13:00-14:00","사상초등학교버스정류장앞","사상열린약국","051-311-3413","1900","0900","1900","0900","1900","0900","1900","0900","1900","0900","1300","0900","C1201253","469","64","9589","35.16671951040005","128.98260464628697"
"부산광역시 남구 신선로 333, (용당동)","버스정류장: 용당세관","사상오체사성당약국","051-624-8875","1800","0900","1800","0900","1800","0900","1800","0900","1800","0900","1500","0900","1500","0900","C1200326","485","48","9590","35.1156761225","129.0947401121"
"울산광역시 울주군 웅촌면 곡천동문길 16-1, 1층","원플러스25 맞은편 인근","사상오체사성명인당약국","052-224-8897","1830","0900","1830","0900","1830","0900","1830","0900","1830","0900","1500","0900","1230","0900","C1700036","449","65","9591","35.47329928835641","129.21968250800936"
"부산광역시 사상구 사상로 200","사상지하철6번출구","사상온누리약국","051-316-3234","1900","0900","1900","0900","2000","0900","1900","0900","1900","0900","1400","0900","C1201110","469","68","9592","35.162966912722666","128.98459425458034"
"경상남도 양산시 동면 삼송로 147-5, 101호","사송사랑약국","055-372-6050","1700","0930","1800","0930","1700","0930","1800","0930","1700","0930","1200","0930","C2802415","506","37","9593","35.317330182012","129.065080922184"
"경상남도 양산시 동면 내송큰들로 15, 106호","사송온누리약국","055-383-8837","1830","0900","1830","0900","1830","0900","1830","0900","1830","0900","1300","0830","C2802334","506","37","9594","35.3171147482803","129.066371038168"
"경기도 구리시 검배로 60, (수택동)","사슴약국","031-563-7604","2130","0900","2130","0900","2130","0900","2130","0900","2130","0900","1700","0900","C2103959","119","32","9595","37.59658307689252","127.14524392840745"
"충청남도 천안시 서북구 월봉11길 14, 1층 (쌍용동)","사슴약국","041-566-3806","2000","1030","2000","1030","2000","1030","2000","1030","2000","1030","1400","1030","C2401756","311","79","9596","36.8126017884105","127.105641451034"
"경기도 김포시 사우중로 77, 105호 (북변동, 삼정사이버프라자)","사우우리들약국","031-8049-6660","2130","0830","2130","0830","2130","0830","2130","0830","2130","0830","2130","0830","2130","0830","C2107210","100","97","9597","37.6216299828","126.7203232092"
"경기도 김포시 사우중로 83, 사우테마프라자 (북변동)","김포시보건소 부근","사우프라자약국","031-989-8764","2200","0900","2200","0900","2200","0900","2200","0900","2200","0900","C2100306","100","97","9598","37.622103111990434","126.7207518986807"
"대구광역시 수성구 달구벌대로651길 22, 1층 (사월동)","우리동네 친절 상담 약국 입니다. ♧따스한 봄의 마음으로 건강을 지켜드립니다♧ *전문 처방조제 복약 상담*일반의약품* *우리가족 영양 요업*맞춤 영양제 상담* *건강기능식품* 자연유래 천연제품*천연물 다이어트* 오셔서 맞춤 건강 상담 받아보세요~ *동물의약품","사월봄약국","053-792-6770","2000","0900","2000","0900","2000","0900","2000","0900","2000","0900","2000","0900","2000","0900","C1301704","422","71","9599","35.8391178391518","128.714548416801"
"강원특별자치도 강릉시 강릉대로419번길 32, 1층 (포남동)","사임당약국","033-652-6363","1800","0900","1800","0900","1800","0900","1800","0900","1800","0900","C2201001","254","78","9600","37.77360381020002","128.9076679985007"
"충청남도 천안시 동남구 사직로 6, 1동 1층 (사직동)","사직천안종합약국","041-522-8290","1900","0900","1900","0900","1900","0900","1900","0900","1900","0900","1900","0900","1900","0900","1900","0900","C2401440","311","29","9601","36.8007870578","127.1497029853"
"충청북도 청주시 서원구 사운로 137, (사직동)","사직사거리에서운천동방향.원예농협옆","사직피보약국","043-274-9734","1900","0900","1900","0900","1900","0900","1900","0900","1900","0900","1300","0900","C2300357","285","51","9602","36.64142124639912","127.47899877017312"
"경상남도 사천시 사천읍 읍내1길 57","사천시외버스터미널 부근","사천신세계약국","055-855-1580","2100","0830","2100","0830","2100","0830","2100","0830","2100","0830","1900","0830","1900","0830","1900","0830","C2801026","525","18","9603","35.08245168432583","128.08659050838293"
"경상남도 사천시 정동면 진삼로 1436-1","공휴일 휴무인데 수정이 안되었습니다","사천읍 탑마트 옆","사천온누리약국","055-855-1211","1830","0830","1830","0830","1830","0830","1830","0830","1830","0830","1300","0830","C2800756","525","21","9604","35.07942030758929","128.0865196668798"
"강원특별자치도 강릉시 사천면 덕실길 2","사천면 강원사천우체국 주변","사천우리약국","033-644-7820","2100","0830","2100","0830","2100","0830","2100","0830","2000","0800","1600","0900","2000","0900","C2200558","254","39","9605","37.822950774894814","128.84911476940206"
"경상남도 사천시 중앙로 138 (벌리동)","사천제일약국","055-833-8831","1900","0900","1900","0900","1900","0900","1900","0900","1900","0900","1400","0900","C2802196","525","60","9606","34.9377690167849","128.079525235132"
"경상남도 사천시 사천읍 진삼로 1481 (우리메디컬빌딩)","공휴일에는 병원 진료시에만 운영하므로 전화 확인 후 방문 요함","사천중앙약국","055-853-9105","1830","0800","1830","0800","1830","0800","1830","0800","1830","0800","1300","0800","1300","0800","C2801890","525","19","9607","35.0834058049","128.085637288"
"경상남도 사천시 사천읍 옥산로 120 (사천시외버스터미널)","사천터미널약국","055-855-0886","2000","0900","2000","0900","2000","0900","2000","0900","2000","0900","1800","0900","C2801823","525","22","9608","35.078434026104624","128.0960706539539"
"경상남도 사천시 주공로 23 (벌리동)","사천프라자약국","055-835-1347","1830","0830","1830","0830","1830","0830","1830","0830","1830","0830","1400","0830","C2802185","525","59","9609","34.9404818794435","128.086166204037"
"전라남도 화순군 사평면 사평길 19","사평정류소 근처","사평약국","061-372-6015","1800","0800","1800","0800","1800","0800","1800","0800","1800","0800","1400","0800","C2600054","581","44","9610","35.005623418497656","127.09812402558151"
"부산광역시 사하구 감천로 59 (감천동)","공휴일 운영 확인 후 방문요망","버스정류장: 중앙U병원 옆/삼성여고 부일전자공고 사이에 위치함","사하중앙약국","051-203-8878","1930","0900","1930","0900","1930","0900","1930","0900","1930","0900","1500","0900","1300","0900","1300","0900","C1201086","493","71","9611","35.090595337594436","128.9990927739456"
"경기도 수원시 팔달구 화서문로 24, 1층 (신풍동)","주말운영하고 있습니다.","일반의약품, 동물약품 취급하고 있습니다. 주말(토, 일) 운영하고 있으며 야간 9시 반까지 운영하고 있습니다. 화서문 안쪽에 바로 위치해 있습니다. 주변에 인테리어가 화려하고 예쁜 카페가 많습니다. 잔뇨, 빈뇨로 인해 고생하시는 분 무료상담하고 있습니다. 자세한 약국소식은 네이버 블로그를 참고해주세요.^^","산강약국","050-71445-5380","2100","1200","2100","1200","2100","1200","2100","1200","2100","1200","2100","1200","2100","1200","2100","1200","C2108815","162","58","9612","37.2848884798005","127.010453832364"
"대구광역시 북구 동북로 172","대구북구산격3동1260-9","산격현대약국","053-941-5315","2000","0900","2000","0900","2000","0900","2000","0900","2000","0900","1700","0900","2000","0900","C1300096","415","35","9613","35.89884304723741","128.6113431902057"
"충청북도 청주시 서원구 산남로70번길 3, 산남메디프라자 107호 (산남동)","*산남메디프라자107호","산남열린약국","043-286-7895","2200","0900","2200","0900","2200","0900","2200","0900","2200","0900","2200","0900","2100","1100","2100","1100","C2300130","286","25","9614","36.611328297722864","127.4659716086246"
"충청북도 청주시 서원구 산남로 18, 올리브타워 (산남동)","산남조은약국","043-288-2278","2000","0830","2000","0830","2000","0830","2000","0830","2000","0830","1800","0830","C2301092","286","26","9615","36.6118781292","127.4718946695"
"충청북도 청주시 서원구 수곡로 55 (수곡동, 혜화당한의원)","주변 의료기관:제일가정의학과,미소진치과","수곡2동 주민센터부근","산남프라자약국","043-292-9734","2100","0900","2100","0900","2100","0900","2100","0900","2100","0900","2100","0900","2000","1000","2000","1000","C2300342","286","88","9616","36.616730555555556","127.472444444444449"
"경기도 파주시 교하로 75, 105호 (목동동)","산내약국","031-942-6102","2000","0900","2000","0900","2000","0900","2000","0900","2000","0900","1600","0900","C2107240","108","92","9617","37.7286129935","126.7332160654"
"대전광역시 동구 산내로1287번길 10-5, 1층 (낭월동)","산내햇님약국","042-273-8575","1830","0830","1830","0830","1830","0830","1830","0830","1830","0830","1300","0830","C1601271","347","05","9618","36.2786262152952","127.468156866336"
"충청남도 보령시 명동로 4, (대천동)","드시는약에대해 불편함을 줄이기위해 친절하게 상담해드립니다.","명동의료타운","산돌약국","041-935-6004","1800","0830","1800","0830","1800","0830","1800","0830","1800","0830","1300","0830","C2400472","334","61","9619","36.349003210098644","126.5954992199519"
"서울특별시 송파구 백제고분로46길 9, 보인빌딩 (송파동)","산돌약국","02-3431-9800","2200","0900","2200","0900","2200","0900","2200","0900","2200","0900","2200","0900","2200","0900","C1102414","056","62","9620","37.5084835726039","127.112343143181"
"경상북도 구미시 산동읍 강동로 1009, 산동약국","'21.04.01. (신규개업 예정) 054-473-2005","산동약국","054-473-2005","1800","0900","1800","0900","1800","0900","1800","0900","1800","0900","1300","0900","C2701622","391","59","9621","36.1684725574955","128.43684006574"
"경상북도 구미시 산동면 신당4로 115, 나비메디컬 109호","산동제일약국","054-474-5800","1930","0930","1930","0930","1930","0930","1930","0930","1930","0930","1500","0930","1500","1000","C2701559","391","64","9622","36.15524087772388","128.4286510514265"
"경기도 평택시 안중읍 안중로 141, 102호","안중읍 구터미널 하나은행 1층에 위치, 동물약국, 동물약취급","산들약국","031-684-1808","2100","0830","2100","0830","2100","0830","2100","0830","1930","0830","1500","0800","C2108687","179","33","9623","36.9891318089737","126.932030614523"
"대전광역시 대덕구 우암로 412","삼익둥지아파트 상가옆","산들약국","042-621-1246","2000","0900","2000","0900","2000","0900","2000","0900","2000","0900","1700","0900","C1600108","344","16","9624","36.355217139124335","127.45514285576203"
"서울특별시 영등포구 영신로34길 10, 1층 101호 (영등포동4가, 영남빌딩)","일요일, 공휴일의 경우 당번제로 운영하여 운영여부 전화확인 후 방문필요","김안과후문옆","산들약국","02-2068-5551","1750","0830","1750","0830","1750","0830","1750","0830","1750","0830","1330","0830","C1103539","073","01","9625","37.519757907140395","126.90212059439733"
"서울특별시 광진구 아차산로 431, 상가동 제2층 1-201A호 (구의동, 강변에스케이뷰)","산들약국","02-455-9986","1900","0800","1900","0800","1900","0800","1900","0800","1900","0800","1300","0800","1300","0800","1300","0800","C1110340","050","45","9626","37.5386539726559","127.090190805314"
"대전광역시 서구 둔산로 210-1 (둔산동)","산들약국","042-483-0836","2000","0900","1830","0900","2000","0900","2000","0900","1800","0900","1800","0900","2000","0900","C1601302","352","50","9627","36.3510432597482","127.3972897834"
"경기도 부천시 소사구 범안로 227, 서영아너시티 2층 209호 (옥길동)","산들약국","032-341-2575","1830","0900","1830","0900","1830","0900","1830","0900","1830","0900","1330","0900","C2108098","147","89","9628","37.4621556970743","126.812721119515"
"서울특별시 마포구 대흥로 167, 1층 (대흥동)","산들약국","02-716-0116","2030","0830","2030","0830","1900","0830","2030","0830","2030","0830","1600","0900","C1110179","041","06","9629","37.5539488611397","126.945717713754"
"충청남도 태안군 태안읍 동백로 301","태안버스터미널 앞","산들약국","041-674-1025","1800","0800","1800","0800","1800","0800","1800","0800","1800","0800","1300","0800","C2400455","321","43","9630","36.74842210716878","126.30354841624239"
"서울특별시 도봉구 도당로13길 17, 1층 (방학동)","일요일 및 공휴일 휴무입니다.","산들약국","070-4369-0101","2000","0830","1900","0830","2000","0830","1900","0830","2000","0830","1400","0830","C1107439","013","57","9631","37.6654653118506","127.035228511659"
"인천광역시 서구 검단로 474","산들약국","032-564-9133","2000","0900","2000","0900","2000","0900","2000","0900","2000","0900","2000","0900","2000","1200","A1403071","226","36","9632","37.60164155576081","126.65710888040441"
"울산광역시 남구 남중로 123, 1층 (삼산동)","위드여성병원1층","산들약국","052-267-5338","1800","0900","1930","0900","1930","0900","1930","0900","1930","0900","1400","0900","C1700315","447","10","9633","35.545464245195134","129.34801635998957"
"서울특별시 강동구 고덕로 133, 강동롯데캐슬퍼스트아파트 1층 115호 (암사동)","산들약국","02-3428-1231","2100","0900","2100","0900","2100","0900","2100","0900","2100","0900","2100","0900","1900","1100","1900","1100","C1109605","052","36","9634","37.5552528493133","127.140347239304"
"부산광역시 부산진구 진남로 587, 1층 (양정동)","양정포레힐즈스위첸 정문 횡단보도 바로 앞에 위치하고 있습니다","산들약국","051-926-2100","1900","0900","1900","0900","1900","0900","1900","0900","1900","0900","1400","0900","C1202888","472","18","9635","35.1734771042841","129.077970842724"
"경기도 이천시 중리천로72번길 2 (중리동)","목요일 및 토요일 당일 오후 오픈 여부 전화 주시기 바랍니다.","나에게 맞는 적합한 제품 추천","산림협동조합 건물1층","산림약국","031-2826-7202","1940","0840","1940","0840","1940","0840","1440","0840","1940","0840","1440","0840","C2106500","173","74","9636","37.2790378836","127.4452854276"
"제주특별자치도 서귀포시 안덕면 화순로 157","산방산약국","064-738-1598","1830","0830","1830","0830","1300","0830","1830","0830","1830","0830","1300","0830","C2900508","635","30","9637","33.25398627653873","126.50697643752656"
"경기도 군포시 금산로 98 (산본동)","산본시장입구","산본보룡약국","031-397-6556","2000","0900","2000","0900","2000","0900","2000","0900","2000","0900","2000","1400","2100","1200","C2100672","158","06","9638","37.37067909018446","126.93699546421229"
"경기도 군포시 고산로 693, 하나로빌딩 2층 (산본동)","산본약국","031-392-4549","1800","0900","1800","0900","1800","0900","1800","0900","1800","0900","1300","0900","C2109631","158","02","9639","37.3719810131353","126.935034009199"
"경기도 군포시 산본천로 210, 1층 (산본동)","금정역5번출구200M자유문고건너편","산본온누리약국","031-393-6071","2100","0900","2100","0900","2100","0900","2100","0900","2100","0900","1700","0900","C2102079","158","11","9640","37.3708180781352","126.94093313960997"
"경기도 군포시 수리산로 8, 2층 209-1호 (산본동, 한양수리아파트 상가동)","산본우리약국","031-398-1140","1930","0900","1830","0900","1830","0900","1930","0900","1830","0900","1330","0900","C2104026","158","23","9641","37.35781341949208","126.92369651330438"
"경기도 군포시 번영로 502, 306호 (금정동, 산본역사상가)","산본제일약국","031-393-4935","2000","0900","1900","0900","2000","0900","1900","0900","1900","0900","1630","0900","C2100816","158","62","9642","37.357594213776","126.93340341447563"
"경기도 군포시 고산로 696, 1층 101호 (산본동, 메디칼빌딩)","산본사거리우리은행건너편산본메디칼빌딩1층","산본종로약국","031-395-8011","1830","0900","1830","0900","1830","0900","1830","0900","1830","0900","1400","0900","C2103985","158","14","9643","37.371752431984404","126.9357301224001"
"경기도 성남시 수정구 희망로 551, 산성역자이푸르지오 C1블럭 106호 (신흥동)","산성메디칼약국","070-8287-2387","1800","0900","1800","0900","1800","0900","1800","0900","1800","0900","1300","0900","C2109665","132","61","9644","37.4517098236653","127.149597913056"
"대전광역시 중구 대둔산로 392, 1층 (산성동)","산성네거리 농협건물과 KT 건물 사이에 위치","산성믿음약국","042-587-4433","1900","0900","1900","0900","1900","0900","1900","0900","1900","0900","1300","0900","C1601377","350","55","9645","36.3043205299615","127.386427237188"
"경기도 성남시 수정구 수정로 341, 2층 207호 (신흥동)","산성약국","031-747-5816","1800","1000","1800","1000","1800","1000","1800","1000","1800","1000","C2108533","132","60","9646","37.454422213025","127.149398973493"
"대전광역시 중구 보문산로 79 (산성동)","산성동삼거리새마을금고맞은편","산성약국","042-585-0243","2000","0900","2000","0900","2000","0900","2000","0900","2000","0900","1300","0900","C1600305","350","11","9647","36.305602777777779","127.388916666666660"
"경기도 성남시 수정구 수정로 350, 1층 (산성동)","산성온누리약국","031-731-9022","1930","0900","1930","0900","1930","0900","1930","0900","1930","0900","1630","0900","C2103297","131","27","9648","37.455071588083875","127.15126991131123"
"대전광역시 중구 대둔산로 390, 1층 (산성동)","산성하나약국","042-582-6565","1800","0900","1800","0900","1300","0900","1800","0900","1800","0900","1300","0900","C1600486","350","55","9649","36.30433006354228","127.38595266817104"
"서울특별시 강서구 화곡로63길 133, 1층 일부호 (등촌동)","산소망약국","02-3663-1113","2000","0900","2000","0900","2000","0900","2000","0900","2000","0900","1500","0900","C1109185","075","90","9650","37.5588359354426","126.84564881658"
"부산광역시 영도구 대교로 1, 미라클타워 1층 106호 (봉래동3가)","버스정류장 : 해동병원","산소망약국","051-414-2293","1900","0900","1900","0900","1900","0900","1900","0900","1900","0900","1500","0900","C1202571","490","35","9651","35.0926742287593","129.044246989721"
"경기도 파주시 문산읍 문향로67번길 2, 1층 (중앙빌딩)","문산시외버스터미널맞은편던킨도너츠건물","산약국","031-953-8498","2000","0900","2000","0900","2000","0900","2000","0900","2000","0900","1900","0900","C2102326","108","21","9652","37.85806700677957","126.7849453505794"
"경기도 구리시 검배로93번길 7","수택1동 동사무소 앞","산약국","031-566-3305","2100","1100","2100","1100","2100","1100","2100","1100","2100","1100","2000","1030","2100","1030","C2102829","119","43","9653","37.59535969383566","127.14864275981367"
"전라남도 해남군 산이면 비석길 93","해남군산이면","산이약국","061-534-0042","1730","0730","1730","0730","1730","0730","1730","0730","1730","0730","1200","0730","C2600526","590","11","9654","34.643916765061505","126.44830841642508"
"전라남도 해남군 송지면 산정1길 73, 산정온누리약국 1층","산정온누리약국","061-536-7582","1900","0730","1900","0730","1900","0730","1900","0730","1900","0730","1300","0730","C2601278","590","63","9655","34.3701788070344","126.520499787594"
"경기도 고양시 덕양구 동송로 61, 1층 103호 (삼송동)","산책약국","02-381-9963","1800","0900","1800","0900","1800","0900","1800","0900","1800","0900","1300","0900","C2109108","105","90","9656","37.6520047338999","126.895533499856"
"서울특별시 용산구 한강대로 100, 아모레퍼시픽 지하1층 B106-2호 (한강로2가)","산책약국","02-6272-3595","2000","0800","2000","0800","2000","0800","2000","0800","2000","0800","1300","0900","C1109966","043","86","9657","37.5287911785354","126.968673565462"
"경상남도 산청군 산청읍 꽃봉산로91번길 33 (신흥당)","■ 일요일, 공휴일 매월 19~22 당직일 08:30~21:00 운영","성탄절 영업안함/","산청축협맞은편","산청우리약국","055-973-2279","1800","0830","1800","0830","1800","0830","1800","0830","1800","0830","1300","0830","C2800803","522","22","9658","35.4153056257095","127.876747750486"
"경상남도 산청군 산청읍 웅석봉로 10 (산청읍)","■ 일요일, 공휴일 매월 14~18 당직일 08:30~21:00 운영","성탄절 휴무 공휴일/토요일(14~18시)전화확인요망","산청단위농협앞","산청행복약국","055-973-5694","1800","0830","1800","0830","1800","0830","1800","0830","1800","0830","1300","0830","C2800530","522","19","9659","35.41640625154379","127.8766011109436"
"서울특별시 성동구 고산자로6길 40, 행당동 레몬프라자 1층 119-2호 (행당동)","산타약국","02-2295-8078","1800","0900","1800","0900","1800","0900","1800","0900","1800","0900","1400","0900","C1110531","047","45","9660","37.5582206987955","127.035482520519"
"경상남도 창원시 마산회원구 3·15대로 778 (합성동, 정비인후과의원)","산호당약국","055-255-0270","1900","0830","1900","0830","1900","0830","1900","0830","1900","0830","1700","0830","C2800760","513","56","9661","35.24077258978612","128.58472690163774"
"서울특별시 영등포구 대림로 73, 1층 1호 (대림동)","대림4거리","산호약국","02-841-0745","2000","0900","2000","0900","2000","0900","2000","0900","2000","0900","1830","0830","1600","1000","C1101413","074","44","9662","37.4890381222932","126.905645376519"
"서울특별시 성동구 왕십리로 328-1, 산호약국 1층 (도선동)","산호약국","02-2298-5414","2100","0830","2100","0830","2100","0830","2100","0830","2100","0830","2000","0900","1800","1000","1800","1000","C1101415","047","09","9663","37.5627530359422","127.033449840725"
"경상남도 창원시 마산합포구 허당로 50","용마고등학교 정문","산호약국","055-245-7288","1930","0830","1930","0830","1930","0830","1930","0830","1930","0830","1500","0830","C2800881","517","26","9664","35.21061459159608","128.5813606942174"
"경상북도 구미시 산호대로31길 15, 102호 (옥계동, 4공단메디파크)","전화 받지 않아 운영시간 임의 등록_160202","산호온누리약국","054-472-7799","1930","0900","1930","0900","1930","0900","1930","0900","1930","0900","1400","0900","1300","0900","C2701366","391","85","9665","36.13774712162388","128.42208151018448"
"경상남도 창원시 마산합포구 용마로 51 (산호동, 참빛제일의원)","일요일(격주 운영), 공휴일은 전화 확인 필요","농협산호지점 맞은편","산호제일약국","055-241-6447","2200","0940","2200","0940","2200","0940","2200","0940","2200","0940","2200","0940","2200","0940","C2800266","513","27","9666","35.218382751126164","128.5802900268059"
"서울특별시 구로구 서해안로 2098, 항동프라자 103호 (항동)","평일 휴게시간 13:10~14:00","살맛나는온누리약국","02-2687-7575","1900","0900","1900","0900","1900","0900","1900","0900","1900","0900","1400","0900","C1108611","083","68","9667","37.4800610311955","126.823207022088"
"인천광역시 부평구 부평대로 33, 1층 (부평동, 창성빌딩)","토요일 18시까지 탄력적 운영","살맛나는온누리약국","032-505-1963","1600","0900","1600","0900","1600","0900","1600","0900","1600","0900","C1401657","213","88","9668","37.4943822912","126.7225127108"
"인천광역시 남동구 만수서로 52, 1층 104호 (만수동, 쓰리제이프라자)","종료시간 임의 변경","쓰리제이프라자 104호","살맛나는온누리약국","032-462-6653","2100","0900","2100","0900","2100","0900","2100","0900","2100","0900","1900","0900","C1401603","215","24","9669","37.4614520314","126.7317628467"
"경기도 용인시 처인구 중부대로 1127 (삼가동)","삼가역약국","031-334-5553","2100","0800","2100","0800","2100","0800","2100","0800","2100","0800","1900","0800","C2107980","170","17","9670","37.24112936115419","127.1711802925957"
"광주광역시 북구 설죽로370번길 30, 1층 (오치동)","삼각우리약국","062-251-1527","1900","0800","1900","0800","1900","0800","1900","0800","1900","0800","1400","0800","C1501455","610","52","9671"
"대구광역시 동구 신암남로 20","신암건영캐스빌아파트정문","삼강약국","053-941-3356","2000","0900","2000","0900","2000","0900","2000","0900","2000","0900","2000","0900","C1300319","412","14","9672","35.87780214152677","128.6181453545552"
"부산광역시 사하구 낙동남로 1401-1, 1층 (하단동)","버스정류장: 당감시장 입구","삼강약국","051-898-1300","2100","0900","2100","0900","2100","0900","2100","0900","2100","0900","2000","0900","1800","1300","C1200927","493","12","9673","35.165733333333336","129.041175000000010"
"부산광역시 사하구 옥천로 73, 1층 (감천동)","공휴일 운영 확인 후 방문요망","버스정류장: 감천 고개삼거리","삼거리약국","051-293-0504","1830","0900","1830","0900","1830","0900","1830","0900","1830","0900","1700","0900","1300","0900","1200","0900","C1201385","493","66","9674","35.0932200126732","129.00909506000067"
"충청남도 서산시 대산읍 명지1로 27, 1층","삼거리약국","041-681-6616","2000","0800","2000","0800","2000","0800","2000","0800","2000","0800","2000","0800","2000","0800","2000","0800","C2401860","319","07","9675","36.9689669531249","126.409965871367"
"경상남도 진주시 대곡면 남강로2438번길 56","삼거리약국","055-744-0572","1200","0830","1200","0830","1200","0830","1200","0830","1200","0830","1300","0830","C2800544","526","07","9676","35.26181474277732","128.16858264983105"
"충청남도 예산군 예산읍 예산로 247 (예산읍)","쌍송대기정류장 앞","삼거리약국","041-334-6307","1830","0900","1830","0900","1830","0900","1830","0900","1830","0900","1300","0900","C2401410","324","34","9677","36.68063018830001","126.852056203"
"경상남도 창원시 마산회원구 내서읍 삼계5길 13","삼계약국","055-232-2300","2100","0900","2100","0900","2100","0900","2100","0900","2100","0900","1900","0900","C2800547","630","850","9678","35.23141480500811","128.50351434762442"
"경상남도 김해시 삼계중앙로 39, 101호(삼계동.솔리드빌딩)","부산은행 솔리드빌딩(GS25 옆)","삼계제일약국","055-339-6886","2200","0840","2200","0840","2200","0840","2200","0840","2200","0840","2200","0840","2130","1000","2200","0840","C2800674","509","01","9679","35.2608317305","128.8693806974"
"경상남도 김해시 김해대로 1814-35, (삼계동)","삼계조은약국","055-331-3010","1830","0900","1830","0900","1830","0900","1830","0900","1830","0900","1330","0900","C2800988","508","80","9680","35.26276793160207","128.86234036818018"
"경상남도 김해시 삼계로 248, 109호(삼계동,부영아파트상가)","공휴일은 전화문의 후 방문","삼계 부영아파트상가 108호","삼계화정약국","055-331-3448","2030","0900","2030","0900","2030","0900","2030","0900","2030","0900","1800","0900","2130","0900","C2800640","508","97","9681","35.26788964","128.8663562582"
"경상북도 경주시 양정로251번길 13","공휴일 방문 전 전화확인 필요 월~토 20시~23시까지 공공심야약국운영","처방전 가능한지 확인요망","동천동주민센터 주변","삼광약국","054-772-2772","2300","1030","2300","1030","2300","1030","2300","1030","2300","1030","2300","1030","2200","1030","C2700656","381","03","9682","35.85503598499214","129.22278034768453"
"대구광역시 달서구 당산로 88, (성당동)","두류종합시장 옆, 대구은행 성당2동 지점 옆","삼광온누리약국","053-625-2626","1900","0900","1900","0900","2000","0900","1900","0900","1900","0900","1500","0900","C1300286","426","54","9683","35.84533274150057","128.54475473968443"
"서울특별시 영등포구 여의대방로 417, 대교상가 1층 110호 (여의도동)","삼남매약국","02-3775-1333","1900","0900","1900","0900","1900","0900","1900","0900","1900","0900","1600","0900","C1108255","073","40","9684","37.5210607930819","126.934312555699"
"경기도 수원시 장안구 경수대로 1036-2, 2층 (파장동)","삼대약손 한약국","031-252-7467","1800","0900","1800","0900","1800","0900","1800","0900","1800","0900","1300","0900","C2109986","162","03","9685","37.3074768611238","126.999132450198"
"경기도 안양시 만안구 병목안로 20, 스페이스타워 1층 101호 (안양동)","삼덕공원약국","031-465-3675","1900","0830","1900","0830","1900","0830","1900","0830","1900","0830","1900","0830","C2107960","140","01","9686","37.39895624850421","126.91837321730651"
"대구광역시 중구 동덕로26길 14 (삼덕동2가)","삼덕약국","053-431-1011","1800","0900","1800","0900","1800","0900","1800","0900","1800","0900","C1301430","419","48","9687","35.8654418218","128.6040949583"
"경기도 평택시 삼성로 114, 삼성전자(주) 평택캠퍼스 사무3동 2층 (고덕동)","삼동약국","031-6192-0310","1700","0800","1700","0800","1700","0800","1700","0800","1700","0800","1300","0900","C2109768","177","86","9688","37.0337146134229","127.055402149623"
"경상남도 밀양시 삼랑진읍 천태로 12-1","공휴일은 병원 진료시에만 운영, 전화 확인후 방문 필요","삼랑진우체국 맞은편","삼랑진사거리약국","055-352-9293","1930","0800","1930","0800","1930","0800","1930","0800","1930","0800","1700","0800","C2801063","504","67","9689","35.39687759995734","128.83806373641872"
"경상남도 밀양시 삼랑진읍 천태로 77","삼랑진약국","055-351-1237","1830","0830","1830","0830","1830","0830","1830","0830","1830","0830","1300","0900","C2800033","504","67","9690","35.4001971544","128.84283680030066"
"전북특별자치도 완주군 삼례읍 동학로 24, 1층 (삼례터미날 내)","삼례 터미널옆","삼례녹십자약국","063-291-9775","2100","0830","2100","0830","2100","0830","2100","0830","2100","0830","1700","0830","C2500091","553","42","9691","35.909911519686744","127.07500378427747"
"전북특별자치도 완주군 삼례읍 삼례로 375","일반약국 취급안함 한약만 취급함","삼례 미니스톱 맞은편","삼례비비정한약국","063-291-1641","1900","0930","1900","0930","1900","0930","1900","0930","1900","0930","1600","0930","C2500846","565","803","9692","35.91059459026848","127.07221818312277"
"인천광역시 부평구 부영로 11, 광현빌딩 1층 (부평동)","부평2동760-370동수역3번출구","삼릉약국","032-516-7214","1900","0900","1900","0900","1900","0900","1900","0900","1900","0900","1500","0900","C1400209","214","09","9693","37.48623419343323","126.717544953519"
"서울특별시 금천구 독산로 88, (시흥동)","토요일 시간 변동될 수 있으므로 사전에 전화문의 후 방문바랍니다.","시흥초등학교후문입구","삼명약국","02-802-9393","2000","0830","2000","0830","2000","0830","2000","0830","2000","0830","1500","0830","C1102708","085","70","9694","37.4552406732461","126.906071561452"
"부산광역시 사하구 낙동대로 255(괴정동)","1호선 괴정역 2번출구","삼문약국","051-207-5200","1800","1030","1800","1030","1800","1030","1800","1030","1800","1030","C1201003","493","79","9695","35.0989924443","128.9891308091"
"경기도 시흥시 수인로3381번길 13, 제이엘빌딩 102호 (신천동)","삼미스타약국","031-312-8183","1800","0900","1800","0900","1800","0900","1800","0900","1800","0900","1300","0900","C2109628","149","48","9696","37.4400734041613","126.782852170811"
"서울특별시 서초구 주흥길 8, (반포동)","삼미약국","02-547-6152","2100","1030","2100","1030","2100","1030","2100","1030","2100","1030","1500","1000","C1101458","065","42","9697","37.504198336469","127.02091132863"
"경상남도 김해시 삼안로 219 (삼방동)","삼방약국","055-338-9085","1900","0900","1900","0900","1900","0900","1900","0900","1900","0900","1400","0900","C2801705","508","14","9698","35.24771773949534","128.91090801827352"
"경상북도 상주시 상산로 324 (냉림동)","상주 성모병원앞","삼백종합약국","054-536-3833","1900","0830","1900","0830","1900","0830","1900","0830","1900","0830","1800","0830","C2700073","371","79","9699","36.41992307453049","128.15932904849947"
"경기도 성남시 분당구 분당로263번길 24, 101호 (분당동, 건영종합상가)","삼보당온누리약국","031-701-4927","2130","0900","2130","0900","2130","0900","2130","0900","2130","0900","2130","0900","C2101340","135","83","9700","37.37122041966112","127.13990299192218"
"서울특별시 동대문구 전농로 24 (답십리동)","매월 셋째주 일요일 운영","답십리현대시장옆","삼보약국","02-2249-6084","2045","0930","2045","0930","2045","0930","2045","0930","2045","0930","1940","0930","1800","1100","1800","1000","C1101389","026","21","9701","37.5670162325977","127.056886893804"
"경기도 성남시 중원구 산성대로 522 (은행동)","삼보약국","031-748-5750","2000","0900","2000","0900","2000","0900","2000","0900","2000","0900","2000","0900","1800","0900","C2102198","131","57","9702","37.457292389134636","127.16413075259541"
"경기도 고양시 덕양구 고양대로1384번길 6 (성사동)","원당역4번출구어울림마을800단지상가","삼보약국","031-967-9393","1300","0900","1300","0900","1300","0900","1300","0900","1300","0900","1430","0900","C2103791","104","68","9703","37.65399426760107","126.83715968992101"
"부산광역시 해운대구 세실로 87, 1층(좌동,영진파스타)","2001아울렛뒷편 sk주유소 맞은편","삼보약국","051-703-7024","2100","0900","2100","0900","2100","0900","2100","0900","2100","0900","2100","0900","C1200386","481","06","9704","35.172213888888891","129.176141666666666"
"충청북도 증평군 증평읍 중앙로 154,","증평연세병원(연씨회관)건너편서울철물왼쪽","삼보약국","043-836-5346","1900","0900","1900","0900","1900","0900","1900","0900","1900","0900","1600","0900","C2300476","279","37","9705","36.78043119592797","127.57798037869666"
"경기도 평택시 진위면 진위서로 2, 1층 102호","삼보약국","031-662-8875","1600","0900","1600","0900","1600","0900","1600","0900","1600","0900","1700","0900","C2103336","177","14","9706","37.08231832707759","127.0563410716278"
"부산광역시 북구 금곡대로 268, 상가동 1층 102호, 121호 (화명동, 화명동대림타운)","3주에 한번씩 월-금요일까지 09:00-21:00운영(전화 후 방문요망)","버스정류장: 화명 대림타운상가 102호","삼보온누리약국","051-363-5425","1830","0900","1830","0900","1830","0900","1830","0900","1830","0900","1430","0900","C1200952","465","36","9707","35.232370874999795","129.01386767928307"
"경상남도 사천시 중앙로 149, 삼보프라자약국 (벌리동)","삼천포시외버스터미널건너편","삼보프라자약국","055-832-9393","2030","0830","2030","0830","2030","0830","2030","0830","2030","0830","2030","0830","C2800361","525","58","9708","34.938969298366835","128.0796227591485"
"충청남도 당진시 석문면 석문방조제로 2210 1층","진료시간 09:00~18:00(하절기), 09:00~18:30(동절기)","삼봉초등학교 후문 쪽","삼봉약국","041-353-2368","1800","0900","1800","0900","1800","0900","1800","0900","1800","0900","1230","0900","C2401412","317","06","9709","37.0143922731624","126.53992692378881"
"전북특별자치도 완주군 삼례읍 삼봉1로 8-4","삼봉첫번째약국","063-262-4552","C2501503","553","34","9710","35.9225256042854","127.124607463561"
"서울특별시 중랑구 망우로 410, 5층 (망우동)","삼부약국","02-494-2388","1830","0900","1830","0900","1830","0900","1830","0900","1830","0900","1500","0900","C1107100","021","64","9711","37.5989670149032","127.097595683719"
"대전광역시 중구 태평로 83, 108호 (태평동, 삼부스포렉스)","삼부한솔약국","042-532-6784","1900","0900","1900","0900","1900","0900","1900","0900","1900","0900","1600","0900","C1601095","348","85","9712","36.324005408528265","127.39369775159682"
"인천광역시 부평구 충선로 313, (삼산동)","삼산중학교전방100M","삼산대한약국","032-330-8876","2000","0900","2000","0900","2000","0900","2000","0900","2000","0900","1600","0900","C1400271","213","23","9713","37.51714547746108","126.73518785469302"
"울산광역시 남구 삼산로 273, 1층 (삼산동, 삼산타원)","현대백화점 정문 근처","삼산맑은약국","052-224-6100","1900","0900","2100","0900","1900","0900","2000","0900","2030","0900","1500","0900","C1700579","447","05","9714","35.53951003016111","129.33678472810945"
"인천광역시 부평구 길주로 643, 명윤빌딩 1층 일부(101호)호 (삼산동)","삼산미소약국","032-502-7576","2000","0900","2000","0900","2000","0900","2000","0900","2000","0900","1400","0900","C1401932","213","44","9715","37.5072210634066","126.734195493316"
"울산광역시 남구 삼산로 283, 소망빌딩 1층 (삼산동)","대체공휴일 이나 공휴일에 우리 건물의료기관이 영업하는경우에는 필요시 근무할 수 있습니다","삼산보령약국","052-256-1240","2100","0900","2100","0900","2100","0900","2100","0900","2100","0900","2000","0900","C1700701","447","05","9716","35.5397268731312","129.337902041894"
"울산광역시 남구 삼산로 272 (삼산동)","삼산약국","052-256-2427","2000","0900","2100","0900","2100","0900","2100","0900","2100","0900","1600","0900","C1700615","447","19","9717","35.5388846271","129.3368812295"
"충청북도 보은군 보은읍 보은로 104","-보은햔양병원 옆","삼산약국","043-544-3375","1830","0900","1830","0900","1830","0900","1830","0900","1830","0900","1530","0900","1530","0900","1530","0900","C2300268","289","49","9718","36.4833700829809","127.71804483154165"
"인천광역시 부평구 체육관로 40, 107호(삼산동, 신영프라자)","삼산체육관건너편신한은행1층","삼산약국","032-511-8770","2100","0900","2100","0900","2100","0900","2100","0900","2100","0900","2100","0900","C1400810","213","44","9719","37.50823851505913","126.73614221195983"
"울산광역시 남구 삼산중로84번길 5-13 (삼산동)","삼산온누리약국","050-71365-3276","1900","0900","1900","0900","1900","0900","1900","0900","1900","0900","1500","0900","C1700726","447","05","9720","35.5414818933466","129.336009057437"
"울산광역시 남구 돋질로 277-1 (삼산동)","미래병원옆","삼산하나약국","052-227-7987","2000","0900","2000","0900","2000","0900","2000","0900","2000","0900","1830","0900","C1700087","447","00","9721","35.544474831746186","129.3352045528087"
"울산광역시 남구 삼산중로 69 (달동)","현대백화점 후문 농협옆에","삼산현대약국","052-268-5666","1930","0900","1930","0900","1930","0900","2030","0900","1930","0900","1500","0900","C1700088","447","07","9722","35.53972558528773","129.33514618529293"
"강원특별자치도 동해시 천곡로 50, 삼성빌딩 1층 가호 (천곡동)","천곡동 갤럭시와 축협사이","삼삼온누리약국","033-533-3993","1920","0840","1920","0840","1920","0840","1920","0840","1920","0840","1400","0840","C2200635","257","61","9723","37.5238304927584","129.110684166992"
"대구광역시 달서구 월배로 111, (진천동)","09시~22시까지 운영 (21년 4월 확인)","1주2주3주4주5주","월배시장맞은편버스정류장앞","삼선당약국","053-632-1113","2200","0900","2200","0900","2200","0900","2200","0900","2200","0900","2200","0900","2200","0900","2200","0900","C1300636","427","84","9724","35.8148474635","128.5266386998"
"경상북도 예천군 예천읍 중앙로 33-1","삼선당약국","054-654-6699","2000","0800","2000","0800","2000","0800","2000","0800","2000","0800","1700","0800","C2701441","368","20","9725","36.6561345369","128.4557413819"
"서울특별시 강남구 일원로 95, 107호 (일원동)","삼성강남약국","02-6959-0293","1930","0830","1930","0830","1930","0830","1930","0830","1930","0830","1300","0900","C1100131","063","51","9726","37.4857363331786","127.083524202025"
"경기도 수원시 팔달구 중부대로 11 (영동)","삼성건강약국","031-242-4883","2000","0900","2000","0900","2000","0900","2000","0900","2000","0900","1800","0900","C2106612","162","62","9727","37.275372396242496","127.01811259852727"
"서울특별시 강남구 선릉로 670 (삼성동)","1층 5호","삼성건강약국","02-517-3520","1930","0830","1930","0830","1930","0830","1930","0830","1930","0830","1500","0900","C1103708","060","88","9728","37.5166981999012","127.041781105166"
"서울특별시 강남구 일원로 95, 신영프라자 110호 (일원동)","일요일 및 공휴일 휴무","삼성그린약국","02-459-7800","1900","0900","1900","0900","1900","0900","1900","0900","1900","0900","1430","0900","C1109221","063","51","9729","37.4857363331786","127.083524202025"
"서울특별시 도봉구 도봉로 476, 206호 (창동, 삼성쉐르빌퍼스티)","삼성쉐르빌퍼스티206호","삼성늘푸른약국","02-993-5757","1800","0800","1800","0800","1800","0800","1800","0800","1800","0800","1400","0800","C1101394","014","54","9730","37.647876747648","127.034762529441"
"경상북도 경주시 화랑로 109-1 (동부동)","공휴일 방문 전 전화로 확인 필요","우리은행옆버스정류장뒤","삼성당약국","054-741-7756","1800","0830","1800","0830","1800","0830","1800","0830","1800","0830","1400","0830","C2700658","381","45","9731","35.8447924922","129.2129220949"
"광주광역시 북구 서양로 35, 1층 (신안동)","삼성당약국","062-512-6909","1700","0800","1700","0800","1700","0800","1700","0800","1700","0800","1230","0800","C1500077","612","16","9732","35.1700321891206","126.89997251136506"
"경기도 양주시 백석읍 꿈나무로 4 (백석읍)","삼성당약국","031-855-2506","2100","0900","2100","0900","2100","0900","2100","0900","2100","0900","2100","0900","2100","0900","C2102855","115","05","9733","37.80566163101262","127.00032248312797"
"서울특별시 종로구 새문안로 19, 1층,2층 (평동)","삼성대학약국","02-730-6063","1830","0830","1830","0830","1830","0830","1830","0830","1830","0830","1330","0900","C1110438","031","81","9734","37.5674289485168","126.96789493386"
"경상남도 창원시 마산회원구 구암남2길 1 (구암동)","삼성대학약국","055-294-5888","1800","0900","1800","0900","1800","0900","1800","0900","1800","0900","1230","0900","C2801788","513","54","9735","35.243095988792575","128.59084074784286"
"서울특별시 강남구 봉은사로 469, 1층 (삼성동)","삼성도담약국","02-543-6610","2000","0930","2000","0930","2000","0930","2000","0930","2000","0930","1600","1000","C1107861","060","96","9736","37.5125880736373","127.050791985991"
"경기도 수원시 영통구 인계로 264, (매탄동)","매탄동삼성전기후문매탄삼성의원건물1층","삼성메디약국","031-217-2273","2130","0900","2130","0900","2130","0900","2130","0900","2130","0900","1900","0900","C2101500","165","44","9737","37.26371242152853","127.0463703208037"
"경기도 용인시 수지구 진산로 106, 1층 (풍덕천동,훼미리빌딩)","삼성메디칼약국","031-272-1355","1930","0900","1930","0900","1930","0900","1930","0900","1930","0900","1630","0900","1300","0900","C2103861","169","23","9738","37.320157896578536","127.09809890547305"
"경기도 평택시 고덕갈평6길 29, 109,110호 (고덕동)","삼성메디컬약국","031-665-6463","2030","0900","2030","0900","2030","0900","2030","0900","2030","0900","1730","0900","C2109414","180","08","9739","37.0572802848504","127.047438154389"
"경기도 수원시 팔달구 동말로 84, 화서프라자 102호 (화서동)","(버스정거장)화서시장,병무청,수원여고","삼성메디컬약국","031-257-8975","2000","0800","2000","0800","2000","0800","2000","0800","2000","0800","1700","0800","1300","0900","C2101697","164","41","9740","37.27860665674292","127.00323841696107"
"서울특별시 중구 을지로 280-1, 1층 (을지로7가)","삼성바른약국","02-2268-5827","1930","0900","1930","0900","1930","0900","1930","0900","1930","0900","1400","0900","C1110578","045","65","9741","37.5654640242353","127.009001089941"
"서울특별시 강남구 삼성로96길 11, 1층 (삼성동)","1층","삼성수약국","02-555-5505","1900","0900","1900","0900","1900","0900","1900","0900","1900","0900","1300","0900","C1101445","061","67","9742","37.5089551867803","127.056808306719"
"서울특별시 송파구 올림픽로35길 123, 2층 203호 (신천동, 향군타워 2층 203호)","삼성수약국","02-2152-7577","1930","0830","1930","0830","1930","0830","1930","0830","1930","0830","1400","0900","C1107198","055","10","9743","37.5165777895252","127.101225932288"
"경기도 평택시 중앙로 335, 1,2층 103,104,203호 (비전동, 벽산아파트)","삼성약국","031-657-0311","1800","0830","1800","0830","1800","0830","1800","0830","1800","0830","1300","0830","1300","0830","C2101629","178","73","9744","36.99134110513276","127.1202421253294"
"경상남도 거제시 중곡로 45","덕산아파트 부근","삼성약국","055-635-2408","1930","0830","1930","0830","1930","0830","1930","0830","1930","0830","1500","0830","C2800153","532","45","9745","34.896749934880845","128.62981581977897"
"광주광역시 동구 남문로744번길 27(학동)","조대병원 응급실 앞","삼성약국","062-226-9933","1900","0830","1900","0830","1900","0830","1900","0830","1900","0830","1400","0830","C1500199","614","54","9746","35.13816288976096","126.92616927745877"
"전라남도 보성군 벌교읍 홍암로 21,","회생한의원 맞은편 고흥군 수협 보성지점 근처","삼성약국","061-858-3080","1700","0800","1700","0800","1700","0800","1700","0800","1700","0800","1200","0800","C2600681","594","25","9747","34.84348343213945","127.34706493100412"
"경상북도 고령군 대가야읍 중앙로 17-1","삼성약국","054-954-8259","1800","0900","1800","0900","1800","0900","1800","0900","1800","0900","1200","0900","C2700153","401","35","9748","35.729748906103836","128.26991791354237"
"경상북도 안동시 중앙시장길 26","안동신시장,의성한의원,삼성정형외과 1층","삼성약국","054-853-3399","2200","0800","2200","0800","2200","0800","2200","0800","2200","0800","2200","0800","2200","1000","2200","1000","C2700076","366","99","9749","36.56453274074891","128.72472288185148"
"경상북도 칠곡군 왜관읍 중앙로 187-1","1번도로시장근처,왜관무료주차장맞은편","삼성약국","054-920-3777","1930","0830","1930","0830","1930","0830","1930","0830","1930","0830","1800","0830","C2700059","398","94","9750","35.99521377431094","128.39897192457164"
"전라남도 여수시 신월로 758(봉산동)","6월8(금),13(수),30(토) 23:00까지","봉강동삼성디지털프라자옆","삼성약국","061-643-3200","1830","0830","1830","0830","1830","0830","1830","0830","1830","0830","1330","0830","C2600410","597","54","9751","34.73889927985912","127.72542754787575"
"전라남도 목포시 자유로 41 (산정동)","구자유시장 나한식내과건물 1층","삼성약국","061-276-3993","1800","0900","1800","0900","1800","0900","1800","0900","1800","0900","1300","0900","C2600138","587","32","9752","34.79372647088353","126.39423780724425"
"강원특별자치도 속초시 중앙로5번길 8 (교동)","속초 보광병원 옆","삼성약국","033-633-2879","1800","0900","1800","0900","1800","0900","1800","0900","1800","0900","1800","0900","C2200375","248","53","9753","38.19802631244468","128.57782366001234"
"세종특별자치시 전의면 운주산로 1193","일요일, 공휴일 휴무","일요일, 공휴일 휴무","전의면 읍내리 / 전의역앞50m정일당슈퍼앞","삼성약국","044-863-2043","2000","0800","2000","0800","2000","0800","2000","0800","2000","0800","2000","0800","C1800011","300","04","9754","36.679255936472586","127.20429401069576"
"인천광역시 미추홀구 석정로 379, 신동반점 1층 (주안동)","주안뒷역 주안북초교 근처 산동반점 1층","삼성약국","032-561-0378","1900","0900","1900","0900","1900","0900","1900","0900","1900","0900","1500","0900","C1400673","221","26","9755","37.4672975942819","126.677612804385"
"강원특별자치도 평창군 평창읍 송학로 18","일요일(09:00~18:00) 일요일은 대성약국→보건약국→삼성약국→중앙약국 순으로 돌아갑니다.","삼성약국","033-332-2989","1900","0830","1900","0830","1900","0830","1900","0830","1900","0830","C2200886","253","76","9756","37.36687594448982","128.39288011655603"
"충청북도 음성군 삼성면 금일로 666","연중무휴 오픈합니다","삼성약국","043-882-6173","2000","0830","2000","0830","2000","0830","2000","0830","2000","0830","2000","0830","1800","1000","1800","1000","C2300939","276","53","9757"
"대구광역시 중구 국채보상로 536 (수동, 대신증권)","삼성약국","053-252-1596","1800","0900","1800","0900","1800","0900","1800","0900","1800","0900","1300","0900","C1301404","419","34","9758","35.8700605629","128.5893567606"
"대구광역시 동구 아양로 251, 1층 (신암동)","삼성약국","053-959-6344","1830","0900","1830","0900","1830","0900","1830","0900","1830","0900","1300","0900","C1301488","411","86","9759","35.8876308668","128.6401648154"
"인천광역시 남동구 만수서로3번길 16, (만수동)","만수소방파출소 맞은편 만수서림메티칼 뒷편","삼성약국","032-464-0298","1900","0900","1900","0900","1900","0900","1900","0900","1900","0900","1500","0900","C1400444","215","20","9760","37.45998843404283","126.72688976318267"
"강원특별자치도 동해시 발한로 212-1","삼성약국","033-532-6918","1900","0800","1900","0800","1900","0800","1900","0800","1900","0800","1330","0800","C2200498","257","19","9761","37.54842411950876","129.10898987894583"
"경상남도 김해시 진영읍 진영로 209","■2025년 공공야간심야약국(매일 밤 22시~24시 운영 중) 토요일, 공휴일 전화 확인 요망","공공야간심야약국(매일 밤 22시~24시 운영 중) 일요일, 공휴일 전화 확인 요망","진영시외버스터미널 근처, 농협 옆","삼성약국","055-346-0023","2030","0830","2030","0830","2030","0830","2030","0830","2030","0830","1600","0830","2400","2200","2030","0830","C2800884","508","68","9762","35.30280091247327","128.7358885185437"
"경기도 군포시 금산로 109, 산본두성프라자 103호 (산본동)","삼성약국","031-395-7700","1800","0900","1800","0900","1800","0900","1800","0900","1800","0900","1300","0900","C2109858","158","14","9763","37.3715609518834","126.935853661438"
"경상북도 포항시 북구 신덕로 243-2 (장성동)","삼성약국","054-727-7011","2200","1000","2200","1000","2200","1000","2200","1000","2200","1000","2200","1000","2200","1000","2200","1000","C2701736","375","80","9764","36.0870316006543","129.389232534394"
"전북특별자치도 군산시 공단대로 394","우체국옆","삼성약국","063-466-1201","1830","0830","1830","0830","1830","0830","1830","0830","1830","0830","1230","0830","C2500415","541","39","9765","35.96259822690012","126.69854664860115"
"전북특별자치도 남원시 동림로 82","남원병원 옆","삼성약국","063-632-3706","1830","0830","1830","0830","1830","0830","1830","0830","1830","0830","1400","0830","C2500205","557","31","9766","35.415725469902924","127.38655179401448"
"충청남도 서산시 벌말1길 60, 1,2층 (동문동)","서부상가 근처","삼성약국","041-665-2404","1900","0830","1900","0830","1900","0830","1900","0830","1900","0830","1700","1000","C2400068","320","01","9767","36.780870320172326","126.45158137191959"
"경상남도 함양군 함양읍 고운로 77-4","함양읍파출소옆(홍인의원1층)","삼성약국","055-964-2700","1800","0830","1800","0830","1800","0830","1800","0830","1800","0830","1300","0830","1300","0830","C2800684","500","37","9768","35.52127044887152","127.72972166700575"
"충청남도 논산시 시민로307번길 3 (내동)","삼성약국","041-734-6623","1930","0830","1930","0830","1930","0830","1930","0830","1930","0830","1300","0830","C2401609","329","81","9769","36.1923397932729","127.091428079836"
"경기도 오산시 북삼미로 183-6, 1층 (외삼미동)","삼성약국","031-8077-2348","1840","0900","1840","0900","1840","0900","1840","0900","1840","0900","1440","0900","C2107699","181","11","9770","37.1922598454","127.0611845899"
"경상남도 사천시 곤명면 경서대로 3637, 삼성약국","케리비안온천 맞은편","삼성약국","055-852-5686","1900","0800","1900","0800","1900","0800","1900","0800","1900","0800","1900","0800","2000","0800","C2801027","525","01","9771","35.1410838998","127.9973975244"
"경상남도 밀양시 북성로 11-2, (내이동)","시외버스터미널 택시승강장 앞","삼성약국","055-354-2304","1800","0900","1800","0900","1800","0900","1800","0900","1800","0900","1330","0900","C2800434","504","23","9772","35.498473714486025","128.74421293766903"
"경상남도 통영시 해송정1길 7(동호동)","공휴일은 상황에 따라 변동가능.","남망산공원 입구 버스정류소앞.주변 한사랑의원과 한려의원이 있음","남망산공원 밑, 한려의원 건너편","삼성약국","055-641-7775","1830","0900","1830","0900","1830","0900","1830","0900","1830","0900","1330","0900","1330","0900","C2800887","530","51","9773","34.843816461623895","128.42772099444153"
"경상남도 창원시 마산회원구 팔용로 163 (구암동)","삼성창원병원앞","삼성약국","055-292-7200","1830","0830","1830","0830","1830","0830","1830","0830","1830","0830","1300","0830","C2800425","513","54","9774","35.24352186687267","128.591147539695"
"경상남도 창원시 성산구 대정로 33 (가음동, 황금상가)","경남은행 맞은편, 가음정동 전통시장 입구 옆","삼성약국","055-285-3174","1900","0900","1900","0900","1900","0900","1900","0900","1900","0900","1400","0900","C2800175","514","92","9775","35.2075041328528","128.69825196371656"
"제주특별자치도 서귀포시 상모로 321 (대정읍)","모슬포우체국서측 60m","삼성약국","064-794-8380","1900","0800","1900","0800","1900","0800","1900","0800","1900","0800","1230","0800","1200","0900","C2900160","635","10","9776","33.22224806221148","126.25522695042417"
"제주특별자치도 제주시 월랑로 1 (노형동,1층)","공휴일 영업여부 변동될 수 있음(전화 후 방문해 주시길 바랍니다)","노형오거리 북측","삼성약국","064-745-3025","1830","0830","1830","0830","1830","0830","1830","0830","1830","0830","1300","0830","C2900132","690","180","9777","33.486303967117486","126.47855473172152"
"광주광역시 남구 양림로 36 (양림동)","삼성약국","062-651-1313","1900","0830","1900","0830","1900","0830","1900","0830","1900","0830","1300","0830","C1500992","616","64","9778","35.1365513509","126.9130401077"
"경기도 고양시 덕양구 중앙로558번길 13, 102호 (행신동,삼성프라자)","월요일-토요일은 오전9시부터 다음날 오전1시까지, 일요일 공휴일은 오전10시부터 오후8시, 오후10시부터 다음날 오전1시까지 영업합니다. 휴게시간 입력 기능이 없어서 여기에 적어두는 점 양해 바랍니다.","공공심야약국입니다. 약국 웹서비스인 약상 https://sspharmacy.co.kr 을 통해 다양한 약국 상품에 관한 정보를 제공하고 있습니다.","GS마트옆","삼성약국","031-979-7366","2500","0900","2500","0900","2500","0900","2500","0900","2500","0900","2500","0900","2500","1000","2000","1400","C2102502","104","95","9779","37.624351104396176","126.83586516441808"
"대전광역시 동구 계족로 412","삼성약국","042-631-6654","2000","0900","2000","0900","2000","0900","2000","0900","2000","0900","1400","0900","C1600279","345","52","9780","36.348377039655816","127.43231971450929"
"서울특별시 성북구 동소문로 190, 103호 (돈암동)","먹는치료제 조제기관","미아리고개위치삼성아파트정문앞","삼성약국","02-929-3069","1930","0810","1930","0810","1300","0810","1930","0810","1930","0810","1400","0810","1100","0810","1100","0800","C1103134","028","07","9781","37.598892224526","127.02208944395"
"경기도 수원시 팔달구 경수대로479번길 10-11 (인계동)","삼성약국","031-238-3287","1830","0900","1830","0900","1830","0900","1830","0900","1830","0900","1230","0900","C2101832","164","81","9782","37.26979151840752","127.02667534664755"
"서울특별시 서대문구 연희맛로 28","삼성약국","02-324-2834","2100","1000","2100","1000","2100","1000","2100","1000","2100","1000","1800","1000","C1101447","037","08","9783","37.5672811436291","126.930520718584"
"서울특별시 관악구 신원로 21 (신림동)","신림1동동부아파트맞은편","삼성약국","02-855-4158","2000","0830","2000","0830","2000","0830","2000","0830","2000","0830","2000","0830","2000","0900","C1102671","087","74","9784","37.4812632891489","126.927993475251"
"경기도 안성시 삼죽면 삼백로 8","삼성약국","031-674-8856","2000","0800","2000","0800","2000","0800","2000","0800","2000","0800","1500","0800","C2104134","175","12","9785","37.074820127187095","127.37568925375602"
"서울특별시 강북구 한천로 1120 (수유동)","광산부페사거리에서4.19사거리방향중간에위치","삼성약국","02-904-2088","2000","0900","2000","0900","2000","0900","2000","0900","2000","0900","1800","0900","2100","0900","C1100999","010","47","9786","37.6450987438405","127.020019929684"
"서울특별시 성동구 성덕정17길 1, 1층 (성수동2가)","삼성약국","02-464-4827","1830","0830","1830","0830","1830","0830","1830","0830","1830","0830","1300","0830","C1108480","047","76","9787","37.537424648762","127.055211342021"
"경기도 의정부시 비우로 60, 인창빌딩 1층 104호 (녹양동)","* 공공심야약국(22시~익일 새벽1시까지 운영)","삼성약국","031-928-5436","2500","2200","2500","2200","2500","2200","2500","2200","2500","2200","2500","2200","2500","2200","2500","2200","C2109034","116","14","9788","37.7579200053729","127.033307837222"
"경기도 화성시 동탄대로 446, 1029,1030호 (청계동)","삼성약국","031-373-3401","1800","0900","1800","0900","1800","0900","1800","0900","1800","0900","1300","0900","C2109284","184","82","9789","37.1933905246238","127.100057840152"
"부산광역시 사상구 학감대로123번길 76 (학장동)","삼성약국","051-327-8270","1900","0900","1900","0900","1900","0900","1900","0900","1900","0900","C1202909","470","49","9790","35.141214209364","128.984024721459"
"부산광역시 수영구 망미로22번길 55","삼성약국","051-751-6266","2000","0900","2000","0900","2000","0900","2000","0900","2000","0900","1600","0900","C1200627","482","34","9791","35.1707495799","129.1017010363"
"충청남도 아산시 둔포면 아산밸리중앙로 85","삼성약국","041-531-1070","1900","0830","1900","0830","1900","0830","1900","0830","1900","0830","1500","0830","C2401507","314","06","9792","36.9237274368","127.0574003478"
"충청북도 청주시 청원구 중앙로 213 (내덕동)","내덕동우체국옆","삼성약국","043-256-2540","1900","0900","1900","0900","1900","0900","1900","0900","1900","0900","1340","0900","C2300139","284","79","9793","36.65623503585444","127.48798103397897"
"충청남도 천안시 서북구 한들3로 83, 103,104호 (백석동)","공휴일은 전화문의 / 점심시간 13:00~14:00","아이파크 - 푸르지오 사이","삼성약국","041-568-6002","1830","0900","1830","0900","1830","0900","1830","0900","1830","0900","1330","0900","C2400650","310","91","9794","36.83108389333487","127.12324427081105"
"경기도 김포시 대곶면 율생로 83","면사무소 앞","삼성약국","031-988-8057","2000","0830","2000","0830","2000","0830","2000","0830","2000","0830","1400","0900","C2100203","100","40","9795","37.65039338213789","126.5826262142912"
"경기도 안산시 상록구 부곡로 135, (부곡동)","삼성약국","031-417-9517","1700","0900","1700","0900","1700","0900","1700","0900","1700","0900","1700","0900","C2101494","153","03","9796","37.333981808382724","126.86393725670638"
"경기도 평택시 관광특구로 37 (서정동)","삼성약국","031-664-5553","2000","0900","2000","0900","2000","0900","2000","0900","2000","0900","1600","0900","C2103859","177","74","9797","37.06704363202286","127.0630223956071"
"전라남도 화순군 능주면 죽수길 94","능주면 버스 정류장 맞은편","화순군 능주면 버스터미널 앞","삼성약국","061-372-8041","1800","0900","1800","0900","1800","0900","1800","0900","1800","0900","1200","0900","C2600449","581","53","9798","34.99139317121588","126.95835607913793"
"경기도 부천시 경인로53번길 8 (송내동)","경인국도 대로변, 송내사거리 롯데슈퍼 쪽","삼성약국","032-664-9880","2130","0900","2130","0900","2130","0900","2130","0900","2130","0900","2130","0900","2130","0900","C2100363","147","21","9799","37.48398553818001","126.76153998104706"
"경기도 용인시 기흥구 삼성로 1, 삼성전자(주)기흥캠퍼스 SDR신사옥동 2층 일부호 (농서동)","운영마감시간 매우 유동적이니 반드시 전화요망","리베로쓰리123호","삼성약국","031-897-2288","2000","0830","2000","0830","2000","0830","2000","0830","2000","0830","1700","0830","C2103152","171","13","9800","37.3198478434","127.1142857646"
"서울특별시 강남구 광평로19길 10, 101호 (수서동, 까치마을아파트상가)","삼성의료원10번출근처/까치마을아파트상가 101호","삼성약국","02-451-7281","2130","0900","2130","0900","2130","0900","2130","0900","2130","0900","2130","0900","C1101446","063","54","9801","37.485485349127","127.086601738647"
"서울특별시 동대문구 왕산로 247-1 (청량리동)","미주상가B동과서울성심병원사이","삼성엠(M)약국","02-967-3375","1900","0900","1900","0900","1900","0900","1900","0900","1900","0900","1300","0900","C1104717","024","88","9802","37.5834249035109","127.04898605372"
"경상남도 창원시 마산회원구 구암남1길 78, 1층 (합성동)","삼성열린약국","055-292-2017","2000","0900","2000","0900","2000","0900","2000","0900","2000","0900","1400","0900","C2801930","513","55","9803","35.2420650831","128.5902845247"
"경기도 고양시 일산동구 일산로 239, 삼성프라자 1층 전면일부호 (마두동)","삼성열린약국","031-904-7555","1800","0900","1800","0900","1800","0900","1800","0900","1800","0900","1300","0900","C2109592","104","16","9804","37.6573330457703","126.787944601436"
"부산광역시 동래구 사직로 70 (사직동)","버스정류장: 사직운동장","삼성온누리약국","051-506-3466","1830","0900","1830","0900","1830","0900","1830","0900","1830","0900","1300","0900","C1202078","478","65","9805","35.1954190777","129.0583013853"
"인천광역시 미추홀구 낙섬서로 4, 현대메디켈센타 102호 좌측호 (용현동)","삼성온누리약국","032-881-8171","2500","0830","2500","0830","2500","0830","2500","0830","2500","0830","2500","0830","2500","1000","2500","1000","C1401895","221","90","9806","37.4499931916129","126.633671366499"
"부산광역시 기장군 기장읍 차성동로116번길 5, 꽃나라꽃집 1층","동해선 기장역 1번 출구","삼성온누리약국","051-721-1005","1900","0830","1830","0830","1700","0830","1830","0830","1830","0830","1400","0830","C1202720","460","63","9807","35.2481728298606","129.217726394066"
"강원특별자치도 춘천시 효석로 37 (효자동, 엘로이빌딩 1층)","휴먼시아 1단지 건너편 개천변","삼성온누리약국","033-264-0003","1930","0830","1930","0830","1930","0830","1930","0830","1930","0830","1400","0830","C2200504","243","74","9808","37.86306601557586","127.73570237635394"
"부산광역시 사하구 낙동대로 448(당리동)","하단오거리오일장맞은편","삼성온누리약국","051-291-8285","1930","0900","1930","0900","1930","0900","1930","0900","1930","0900","1530","0900","C1200693","493","26","9809","35.105219532370675","128.9697847107681"
"경기도 동두천시 동두천로 240 (생연동)","삼성온누리약국","031-864-7412","1830","0830","1830","0830","1830","0830","1830","0830","1830","0830","1230","0830","C2102558","113","30","9810","37.90239623238692","127.05559809200781"
"서울특별시 강남구 테헤란로87길 58, 컨벤션별관 지하1층 1A14호 (삼성동)","일요일, 법정공휴일은 격주근무합니다.(방문 전 전화학인 후 방문부탁드립니다.)","삼성온누리약국","02-552-5612","1730","0810","1730","0810","1730","0810","1730","0810","1730","0810","1730","0810","1800","1300","1800","1300","C1109053","061","64","9811","37.51201518432","127.057539718301"
"서울특별시 강남구 테헤란로 534, 글라스타워빌딩 지하1층 (대치동)","삼성온누리약국","02-566-0954","1930","0900","1930","0900","1930","0900","1930","0900","1930","0900","C1109051","061","81","9812","37.5080381764122","127.06279566981"
"경상남도 합천군 합천읍 대야로 880-8","삼성온누리약국","055-933-3352","1730","0830","1730","0830","1730","1830","1730","0830","1730","0830","1230","0830","C2800020","502","31","9813","35.56597920743538","128.15791447914555"
"대구광역시 달성군 다사읍 달구벌대로 805","대실역에서성주방향으로200미터다이소옆","삼성옵티마약국","053-588-7706","1900","0900","1900","0900","1900","0900","1900","0900","1900","0900","1700","0900","C1300622","429","10","9814","35.8596930837","128.4637607201"
"서울특별시 관악구 남부순환로 1932, 1층 (봉천동)","삼성웰약국","02-875-7114","2100","0900","2100","0900","2100","0900","2100","0900","2100","0900","2100","0900","C1109738","087","93","9815","37.4768194334572","126.96355399757"
"서울특별시 강남구 일원로 37, 1층 101호일부호 (일원동)","평일 휴게시간 13:10~13:40","삼성정다운약국","02-459-9318","1830","0900","1830","0900","1830","0900","1830","0900","1830","0900","1330","0900","C1109222","063","43","9816","37.4904826306587","127.081242652976"
"서울특별시 강남구 일원로 95, 109호 (일원동, 신영프라자)","신영프라자 109호","삼성정문약국","02-3412-4416","1900","0900","1900","0900","1900","0900","1900","0900","1900","0900","1500","0900","C1104135","063","51","9817","37.4857363331786","127.083524202025"
"경기도 화성시 삼성1로 144-9, 108호 (석우동)","토요일은 병원 운영에 따라 격주 운영 => 규칙적이지 않아 방문 시 유선확인 필요","모젤프라자 101호","삼성제일약국","031-8015-5286","1930","0910","1930","0910","1930","0910","1930","0910","1930","0910","1700","0900","C2103146","184","50","9818","37.2161574370186","127.07846183665647"
"서울특별시 종로구 새문안로 15-1, 1층 (평동)","강북삼성병원과 적십자병원 사이","삼성제일약국","02-730-3331","1800","0900","1800","0900","1800","0900","1800","0900","1800","0900","1300","0900","C1108292","031","81","9819","37.5671103508454","126.967545084036"
"서울특별시 강남구 양재대로55길 7 (일원동)","일원1동동사무소대각선건너편","삼성제일약국","02-459-5511","1900","0900","1900","0900","1900","0900","1900","0900","1900","0900","1400","0900","C1104531","063","42","9820","37.4913376297727","127.087747062441"
"경상남도 창원시 마산회원구 팔용로 155-1 (구암동)","삼성제일약국","055-292-7201","1800","1000","1800","1000","1800","1000","1800","1000","1800","1000","C2801962","513","54","9821","35.2429553752","128.5908423952"
"경기도 수원시 영통구 인계로 219, 209호 (매탄동, 삼성1차아파트)","삼성종합약국","031-213-5015","1930","0900","1930","0900","1930","0900","1930","0900","1930","0900","C2107174","165","37","9822","37.265376140868234","127.04106518846234"
"경상남도 창원시 마산회원구 팔용로 151-1, 1층 (구암동)","삼성주차장약국","055-291-7210","1800","0900","1800","0900","1800","0900","1800","0900","1800","0900","C2802388","513","54","9823","35.2426855418593","128.59069881745"
"경기도 안성시 원곡면 만세로 1069","삼성중앙약국","031-691-6174","1800","0900","1800","0900","1800","0900","1800","0900","1800","0900","1300","0900","C2109070","175","55","9824","37.0496668641255","127.159975897658"
"서울특별시 강남구 테헤란로 505, 싹타워 1층 일부호 (삼성동)","공휴일 운영여부는 전화연락바람.","삼성참약사약국","02-555-1969","2000","0950","1930","0950","1930","0950","1930","0950","1930","0950","1300","1000","C1109376","061","68","9825","37.5075694059412","127.057440735405"
"서울특별시 강남구 테헤란로 511, PARK TEN 삼성 1층 101호 (삼성동)","빨간날 영업시간은 유동적으로, 전화 후 방문해주세요.","삼성케이약국","070-8211-3673","2030","0900","2030","0900","2000","0900","2030","0900","2100","0900","1700","1000","C1110426","061","69","9826","37.5079572589319","127.058601568206"
"서울특별시 강남구 봉은사로 506, 지하 1층 (삼성동)","삼성트윙클약국","02-558-8507","2100","1000","1900","1000","1900","1000","1900","1000","2100","1000","1600","1000","C1110842","061","63","9827","37.5129697830986","127.054337199334"
"경기도 안양시 만안구 태평로 140, 107호 (안양동, 삼성아파트상가)","삼성프라자약국","031-464-5707","1930","0900","1930","0900","1930","0900","1930","0900","1930","0900","1600","0900","C2100638","139","94","9828","37.40098869595683","126.9247950965057"
"서울특별시 강남구 테헤란로 509 (삼성동)","삼성하나약국","02-569-4111","1900","0900","1900","0900","1900","0900","1900","0900","1900","0900","1300","0900","C1102587","061","69","9829","37.5077804973225","127.05820568843"
"서울특별시 강남구 삼성로 520, 1층 (삼성동)","삼성해든약국","02-562-0361","2200","0800","2200","0800","2200","0800","2200","0800","2200","0800","2200","1100","2200","1100","2200","1100","C1108077","061","67","9830","37.5087063025885","127.055920148494"
"경기도 안양시 만안구 안양로 303, 안양 메쎄 포스빌 1층 107-1,107-2,108호 (안양동)","삼세종합약국","031-4683-0013","2200","0800","2200","0800","2200","0800","2200","0800","2200","0800","2200","0800","2200","0800","2200","0800","C2107657","140","01","9831","37.3987957085","126.9207902506"
"경기도 고양시 덕양구 권율대로 896-15, 102,103호 (신원동)","삼송메디칼약국","02-381-3033","1800","1000","1800","1000","1800","1000","1800","1000","1800","1000","C2108463","105","71","9832","37.6626091211756","126.891554834613"
"경기도 고양시 덕양구 고양대로 1955, 지하2층 (동산동, 스타필드고양)","매주 2,4째 수요일 휴무","삼송스타약국","02-2063-9100","2300","1000","2300","1000","2300","1000","2300","1000","2300","1000","2300","1000","C2107717","105","95","9833","37.6469763082","126.8947784062"
"경기도 고양시 덕양구 동송로 69, 105호 (삼송동)","삼송역3번출구약국","02-381-4532","2100","0900","2100","0900","2100","0900","2100","0900","2100","0900","C2108190","105","90","9834","37.6526294015109","126.895247283428"
"경기도 고양시 덕양구 권율대로 886, 102호 (신원동, 호평프라자)","공휴일이 평일인 경우와 임시공휴일인 경우에만 공휴일 운영합니다. 평일 공휴일 운영여부는 인근 병의원 진료여부에 따라 변경될 수 있습니다.","삼송제일약국","070-8861-0009","2000","0900","2000","0900","2000","0900","2000","0900","2000","0900","1600","0900","1400","1000","C2106509","105","71","9835","37.66290297142226","126.8893196137121"
"경기도 고양시 덕양구 신원로 40, 삼송시티프라자 107호 (신원동)","삼송프라자약국","070-7591-3695","1600","0900","1600","0900","1600","0900","1600","0900","1600","0900","1700","0900","1300","0900","C2106479","105","68","9836","37.66397747821064","126.8885026949654"
"경기도 고양시 덕양구 권율대로 885 , 105호 (신원동, 태웅PLAZA)","삼송플러스약국","031-964-3363","1900","0900","1900","0900","1900","0900","1900","0900","1900","0900","C2107530","105","68","9837","37.6632752614","126.8890840298"
"경기도 고양시 덕양구 동송로 20 (동산동, 삼송농산물종합유통센터 2층내)","삼송하나로약국","02-381-8985","1800","0900","1800","0900","1800","0900","1800","0900","1800","0900","C2106914","105","95","9838","37.64863409847956","126.89887805464512"
"경기도 부천시 소사구 경인로 340, 206호, 207호 (소사본동, 소사 새롬하이빌)","소사역 삼거리 분수대근처에 위치한 건물 1층(세종병원 후문쪽)","삼신당한약국","032-349-7588","1830","0900","1830","0900","1830","0900","1830","0900","1830","0900","1900","0900","1830","0900","C2104660","147","04","9839","37.48192111432217","126.79222235511835"
"경기도 안양시 만안구 경수대로 1201, 107호 (석수동, 석수대림아파트상가)","안양예술공원맞은편대림아파트상가","삼아약국","031-474-1077","2130","0830","2130","0830","2130","0830","2130","0830","2130","0830","2130","0830","2100","1000","C2101464","139","61","9840","37.416073734872406","126.91426040449872"
"제주특별자치도 제주시 일주동로 366, 1층 (삼양이동)","매주수요일엔 오전만 근무! 공휴일휴무","삼양가정의원 1층","삼양약국","064-758-1734","1815","0830","1815","0830","1230","0830","1815","0830","1815","0830","1230","0830","C2900020","633","21","9841","33.52087812485513","126.58409712466656"
"서울특별시 강북구 솔매로 80, 1층 (미아동)","삼양약국","02-989-9088","1730","0830","1730","0830","1730","0830","1730","0830","1730","0830","1200","0830","C1106944","011","68","9842","37.6248455781013","127.021075802843"
"제주특별자치도 제주시 일주동로 393, 1층 (삼양이동)","삼양온누리약국","070-8900-4480","2000","0830","2000","0830","1400","0830","2000","0830","2000","0830","1400","0830","C2900526","633","18","9843","33.521537909651","126.58696097496"
"경기도 수원시 팔달구 팔달문로3번길 4, (팔달로2가)","삼영약국","031-256-1003","2100","0900","2100","0900","2100","0900","2100","0900","2100","0900","C2102300","162","57","9844","37.2777403566211","127.01785159136105"
"경기도 안양시 만안구 안양로 260 (안양동)","일요일 전화 후 방문","남부시장입구","삼영약국","031-466-1653","2100","0800","2100","0800","2100","0800","2100","0800","2100","0800","1900","0800","C2103415","139","96","9845","37.39599882813569","126.9241313712898"
"경상북도 안동시 경동로 474 (태화동)","안동시 태화동 태화오거리에서 동산정형외과의원 방면 좌측옆","삼오약국","054-856-3322","1950","0830","1950","0830","1950","0830","1950","0830","1950","0830","1400","0830","C2700157","366","56","9846","36.5665405001554","128.7104343419947"
"서울특별시 강남구 개포로82길 11, 101호(개포동,삼우빌딩)","개포동역 6번 출구","삼우약국","02-3411-0841","2100","0900","2100","0900","2100","0900","2100","0900","2100","0900","1800","0900","2000","1000","2100","1000","C1101355","063","29","9847","37.4885582921416","127.067443820505"
"부산광역시 서구 천마로 195, (남부민동)","송도윗길 남부민 초등학교 전","삼우약국","051-253-3669","1900","0830","1900","0830","1900","0830","1900","0830","1900","0830","1500","0830","1500","0900","C1200231","492","57","9848","35.092909327565586","129.02192458649768"
"서울특별시 중랑구 면목로 257, 전내과,소아과 (면목동)","약국 마감시간이 상황에 따라 변경 가능하니 사전에 연락하시고 가시길 바랍니다.","삼우약국","02-434-3284","2030","0900","2030","0900","2030","0900","2030","0900","2030","0900","1700","0900","C1101356","022","44","9849","37.5757956635129","127.08562228804"
"부산광역시 사상구 사상로224번길 39, (괘법동)","신한은행 옆 골목 인근 지하철역 2호선 사상역","삼우약국","051-315-7971","2000","1000","2000","1000","2000","1000","2000","1000","2000","1000","2000","1000","C1201129","469","65","9850","35.16574778432135","128.98530905279347"
"광주광역시 북구 경열로 231, (유동)","삼원약국","062-521-7895","2000","0930","2000","0930","2000","0930","2000","0930","2000","0930","2000","0930","C1500100","612","45","9851","35.159719444444441","126.906461111111113"
"경기도 안양시 만안구 박달로545번길 46 (안양동)","삼원약국","031-443-1053","2130","1030","2130","1030","2130","1030","2130","1030","2130","1030","2130","1030","2130","1030","C2101774","139","88","9852","37.40473355592137","126.91327083583022"
"대구광역시 달서구 대명천로 59, (성당동)","세강병원맞은편롯데리아옆도로쪽으로100미터","삼원약국","053-625-9504","2000","0900","2000","0900","2000","0900","2000","0900","2000","0900","1900","0900","1800","1030","1900","0900","C1300886","426","80","9853","35.838073771071514","128.55301719762136"
"서울특별시 성북구 종암로 120 (종암동, 금강빌딩)","종암SK2차아파트 인근","삼원약국","02-941-8550","1900","0900","1900","0900","1900","0900","1900","0900","1900","0900","1500","0900","C1101276","027","97","9854","37.6010215520111","127.034438699327"
"경상남도 김해시 전하로 244, 남강정빌딩 (전하동)","이승민 소아과, 내과 건물 1층, 동아그린아파트 건너편","삼원약국","055-321-4300","1900","0900","1900","0900","1900","0900","1900","0900","1900","0900","1400","0900","C2800386","509","39","9855","35.22531590734268","128.87270923327983"
"서울특별시 송파구 올림픽로37길 130, 파크리오 A동 317호 (신천동)","평일 휴게시간 13:00~14:00","파크리오상가A동 515호","삼원약국","02-421-0793","1830","0900","1830","0900","1830","0900","1830","0900","1830","0900","1400","0900","C1101275","055","07","9856","37.5208819816451","127.104421421949"
"서울특별시 종로구 새문안로 103-1, 1층 1호 (신문로1가)","광화문역 7번출구 더바디샵 건물 바로 옆에 위치 CU 광화문광장점과 연결되어 있음","삼원온누리약국","02-739-8744","1950","0840","1950","0840","1950","0840","1950","0840","1950","0840","1300","0840","C1109597","031","83","9857","37.5704809608086","126.976179012331"
"서울특별시 서초구 고무래로 90-7, 1층 33호 (서초동)","삼월약국","02-6956-4942","2000","0900","2000","0900","2000","0900","2000","0900","2000","0900","1500","0900","C1110606","066","02","9858"
"인천광역시 서구 칠천왕로33번길 14, 1층 일부호 (석남동)","공휴일 및 일요일 사전 문의","성민병원 부근","삼육오사랑약국","032-575-6849","2300","1000","2300","1000","2300","1000","2300","1000","2300","1000","2300","1000","2300","1000","2300","1000","C1400951","227","89","9859","37.50945721647922","126.6703705254682"
"강원특별자치도 원주시 단구로 386 (단구동)","아울렛에서 청솔아파트 방향 중간에 위치","삼육오약국","033-763-4072","2300","0900","2300","0900","2300","0900","2300","0900","2300","0900","2300","0900","2300","0900","2300","0900","C2200627","264","87","9860","37.322307987307816","127.9561774344244"
"서울특별시 동대문구 망우로 86, 1층 (휘경동)","삼육정문약국","02-2243-0330","1800","0830","1800","0830","1800","0830","1800","0830","1300","0830","1800","0830","1800","0830","C1109456","025","01","9861","37.5900532510613","127.062841187253"
"강원특별자치도 원주시 부론면 법천시장길 54, 1층 (부론면)","삼은약국","033-747-0676","1400","0900","1400","0900","1400","0900","1400","0900","1400","0900","C2201006","264","98","9862","37.2079541813","127.74952434220002"
"경기도 고양시 일산동구 숲속마을1로 29-37, 서광 미르프라자 108호 (풍동)","삼은약국","031-906-0675","1800","1000","1800","1000","1800","1000","1800","1000","1800","1000","C2108181","103","07","9863","37.66371470682","126.796863551124"
"경상남도 창원시 마산회원구 구암서6길 3, (구암동)","노인요양병원 건너편, 현대아파트 근처, 의령소바 앞 최경서의원 1층","삼은약국","055-256-9216","2000","0900","2000","0900","2000","0900","2000","0900","2000","0900","1700","0900","C2801093","512","06","9864","35.24794334857483","128.59210108148474"
"부산광역시 부산진구 당감로 15","버스정류장: 삼익아파트상가","삼익약국","051-895-4959","1600","0830","1600","0830","1600","0830","1600","0830","1600","0830","C1201052","471","80","9865","35.16297018962844","129.0395466136942"
"서울특별시 동대문구 회기로29길 35, 1층 (휘경동)","일반의약품만","삼익약국","02-963-5490","2200","0900","2200","0900","2200","0900","2200","0900","2200","0900","2200","0900","C1102644","024","45","9866","37.5917283319164","127.057998011367"
"강원특별자치도 원주시 행구로 39","삼익약국","033-748-1646","1800","0900","1800","0900","1800","0900","1800","0900","1800","0900","1500","0900","C2200082","264","43","9867","37.34157848796845","127.96017685210754"
"전북특별자치도 전주시 완산구 용리로 142, (삼천동1가)","삼익수영장근처 전북은행 맞은편","삼인당약국","063-224-2266","2030","0900","2030","0900","2030","0900","2030","0900","2030","0900","1900","0900","C2500198","550","89","9868","35.7970385451674","127.12483328147203"
"서울특별시 강북구 삼양로 241","2.4째주 일요일 운영","삼일약국","02-945-3132","2000","0900","2000","0900","2000","0900","2000","0900","2000","0900","1800","0900","1800","0900","1800","0900","C1103387","011","10","9869","37.6251165581629","127.018036153352"
"경기도 수원시 장안구 수성로245번길 64 (정자동)","* 공공심야약국(22시~익일 새벽 1시까지)","수원의료원앞","삼일약국","031-256-1131","2500","2200","2500","2200","2500","2200","2500","2200","2500","2200","2500","2200","2500","2200","2500","2200","C2106434","163","17","9870","37.29196729652209","126.99768129478743"
"부산광역시 동구 중앙대로 511-1, (범일동)","공휴일 전화 후 방문요망","버스정류장: 한성기린맨션 맞은편","삼일약국","051-646-5147","1800","0900","1800","0900","1800","0900","1800","0900","1800","0900","1200","0900","C1200183","487","23","9871","35.138935297490065","129.056277943956"
"충청남도 홍성군 홍성읍 내포로 12 (홍성읍)","삼일약국","041-633-0310","1800","0900","1800","0900","1800","0900","1800","0900","1800","0900","1300","0900","C2401358","322","30","9872","36.6006153088","126.6660392974"
"경기도 광명시 광명로 942, 1층 102호 (광명동)","삼일약국","02-2689-8947","1700","1100","1700","1100","1700","1100","1700","1100","1700","1100","2100","1000","C2100595","142","19","9873","37.48372604392214","126.85671356744862"
"경상남도 함안군 가야읍 가야로 50,","가야 농협옆, 성심의원 1층","삼일약국","055-584-3169","1900","0900","1900","0900","1900","0900","1900","0900","1900","0900","1300","0900","C2800506","520","45","9874","35.277505064294615","128.40659189505277"
"경상북도 성주군 성주읍 시장길 23-1","일요일 장날만(2,7)(3.19 등록)","삼일약국","054-933-3131","1800","0800","1800","0800","1800","0800","1800","0800","1800","0800","1400","0800","C2700953","400","28","9875","35.91613508662339","128.2858602908794"
"전라남도 여수시 중앙로 27, 한화생명빌딩 (충무동)","4째주 일요일만 영업, 명절날 영업안함","여수시충무동대한생명뒷편","삼일약국","061-663-3269","1830","0830","1830","0830","1830","0830","1830","0830","1830","0830","1300","0830","C2600266","597","33","9876","34.74068365054777","127.73039521588292"
"대구광역시 달서구 와룡로 123, 1층 113호 (감삼동, 죽전역 동화아이위시)","업무종료시간은 매일 자정(밤12시) 이후이며 정리하는데 30분 ~ 1시간 정도 소요되므로 밤12시이후에는 전화로 확인 후 방문해주세요~ 일요일은 오전 9시 30분부터, 공휴일 오전은 평일과 같은 오전 9시부터","삼일약국은 2023년 10월부터 인근 250미터 옆으로 이전하였습니다.(우방드림시티 정문으로 나와서 좌측방향으로, 한양아이클래스 지나서 30미터지점, 감삼동 동화아이위시 아파트 1층) 이전주소지: 대구 달서구 와룡로123, 죽전역 동화아이위시 아파트 1층 상가 113호","우방드림시티아파트정문우측30미터지점","삼일약국","053-568-3375","2400","0900","2400","0900","2400","0900","2400","0900","2400","0900","2400","0900","2400","0930","2400","0900","C1300030","426","89","9877","35.84370462464977","128.53333764037325"
"강원특별자치도 삼척시 진주로 18 (남양동)","남양동 단위 농협옆","삼일약국","033-574-5661","1800","0900","1800","0900","1800","0900","1800","0900","1800","0900","1800","0900","C2200281","259","20","9878","37.44235398432455","129.16432139842607"
"전라남도 목포시 백년대로297번길 8, (상동)","기독병원후문주창장쪽","삼일약국","061-284-5115","1900","0830","1900","0830","1900","0830","1900","0830","1900","0830","1600","0830","C2600210","586","66","9879","34.804499999999997","126.419869444444444"
"전북특별자치도 완주군 삼례읍 동학로 39-1","일요일/ 공휴일 전화 확인 후 방문 요망","일요일, 공휴일은 홀수날만 영업","파리바게트 앞","삼일약국","063-276-9824","2000","0800","2000","0800","2000","0800","2000","0800","2000","0800","2000","0800","2000","0800","C2500227","565","802","9880","35.91123768305197","127.07431373533651"
"경상남도 하동군 하동읍 중앙로 18","시외버스터미널 부근","삼일약국","055-884-3311","1800","0900","1800","0900","1800","0900","1800","0900","1800","0900","1500","0900","C2800463","523","25","9881","35.0705331624","127.7506052464"
"충청북도 청주시 상당구 청남로 2195 (석교동)","충북청주시상당구석교동44-21","삼일약국","043-223-1320","1800","0830","1800","0830","1800","0830","1800","0830","1800","0830","C2300103","285","34","9882","36.62764089889177","127.49058548737592"
"대전광역시 서구 월평중로 36, 1층 (월평동)","삼일약국","042-485-9831","1900","0830","1900","0830","1900","0830","1900","0830","1900","0830","1600","0830","C1600132","352","23","9883","36.357921188261834","127.3641748637277"
"경상남도 사천시 중앙로 69 (동금동)","목전빌딩사거리 목전빌딩옆, 성모의원 1층","삼일온누리약국","055-833-1131","1800","0900","1800","0900","1800","0900","1800","0900","1800","0900","1300","0900","C2800795","525","58","9884","34.93237399856606","128.0759253327408"
"전라남도 목포시 삼학로 20 (호남동)","삼일온누리약국","0612763131","1700","0800","1700","0800","1200","0800","1700","0800","1700","0800","1200","0800","C2601079","587","22","9885","34.79005633982984","126.38781922502649"
"충청북도 청주시 상당구 청남로 2183 (석교동)","삼장약국","043-256-5127","1800","0900","1800","0900","1800","0900","1800","0900","1800","0900","1700","0900","C2300366","285","34","9886","36.626753329497106","127.48991800882527"
"경상남도 진주시 도동로 250, (하대동)","하대동 탑마트 건너편, 굿모닝치과 1층","삼전약국","055-753-6163","2030","0900","2030","0900","2030","0900","2030","0900","2030","0900","2030","0900","2030","0900","2030","0900","C2800781","527","67","9887","35.192569444444445","128.122074999999995"
"서울특별시 송파구 백제고분로 198, 1층 104호 (삼전동)","삼전우리약국","02-421-3332","2000","0900","2000","0900","2000","0900","2000","0900","2000","0900","1500","0900","1400","0930","C1110312","055","81","9888","37.5039376838599","127.088561618297"
"서울특별시 송파구 백제고분로 203, 문화빌딩 1층 우측 1호 (삼전동)","삼전종로약국","02-415-5716","2100","0900","2100","0900","2100","0900","2100","0900","2100","0900","1700","0900","C1109637","056","06","9889","37.5041889772887","127.089394866462"
"서울특별시 종로구 새문안로 19, 지하층 (평동)","삼정김약국","050-71384-0892","1730","0830","1730","0830","1730","0830","1730","0830","1730","0830","1300","0900","C1109316","031","81","9890","37.5674289485168","126.96789493386"
"서울특별시 용산구 원효로19길 72-1, 1층 (원효로3가)","운영시간의 변동이 있을 수 있으므로 전화확인 후 방문해주시기 바랍니다.","삼정약국","02-712-4941","2100","0830","2100","0830","2100","0830","2100","0830","2100","0830","2100","0830","2100","1600","2100","1500","C1101344","043","62","9891","37.533487419061","126.955835623757"
"경기도 군포시 산본로323번길 16-36, 105호 (산본동, 삼정빌딩)","산본이마트옆","삼정약국","031-399-3707","2200","0900","2200","0900","2200","0900","2200","0900","2200","0900","2200","0900","2200","0900","C2103223","158","65","9892","37.360179038352435","126.93161814602729"
"경상남도 김해시 진영읍 김해대로334번길 11-1","진영삼성병원 앞","삼정약국","055-343-3351","2200","0900","2200","0900","2200","0900","2200","0900","2200","0900","2100","0900","2100","1000","2100","1000","C2800595","508","65","9893","35.30577275368979","128.72671289970967"
"서울특별시 영등포구 국제금융로 70, 216호 (여의도동,미원빌딩)","운영시간의 변동이 있을 수 있으므로 전화확인 후 방문해주시기 바랍니다.","여의도미원빌딩2층216호","삼정약국","02-782-4322","1900","0900","1900","0900","1900","0900","2100","0900","1900","0900","1300","0900","1300","0900","1630","0900","C1101336","073","33","9894","37.5214946207638","126.930677790628"
"대구광역시 달서구 달구벌대로 1530, 301동 313호 (감삼동, 삼정브리시티용산)","삼정약국","053-525-1997","1800","0930","1800","0930","1800","0930","1800","0930","1800","0930","1330","0930","C1301153","426","88","9895","35.84940143148566","128.53402767647418"
"인천광역시 미추홀구 경인로 128-1, (숭의동)","제물포앞역","삼정약국","032-884-4674","2000","0900","2000","0900","2000","0900","2000","0900","2000","0900","1700","0900","C1400848","221","64","9896","37.466008552105364","126.65691996981884"
"경상북도 경주시 안강읍 비화원로 68","일요일 장날 운영","안강4거리중앙통","삼정약국","054-761-2455","2200","0800","2200","0800","2200","0800","2200","0800","2200","0800","2200","0800","2200","0800","2200","0800","C2700553","380","20","9897","35.990889862419294","129.22508091769717"
"부산광역시 부산진구 가야대로 767-1","버스정류장: 롯데호텔","삼정약국","051-804-4291","1930","0900","1930","0900","1930","0900","1930","0900","1930","0900","1700","0900","C1200606","472","57","9898","35.158022833050914","129.05565447191594"
"부산광역시 사하구 다대로 541(다대동)","1호선 다대포항역 4번출구","삼정약국","051-262-9870","1900","0900","1900","0900","1900","0900","1900","0900","1900","0900","1400","0900","C1201369","495","23","9899","35.0579052974","128.9717112813"
"서울특별시 강서구 금낭화로23길 25 (방화동, 방화6단지아파트)","지하철방화역주변6단지상가 도시개발6단지상가 101호","삼정약국","02-2661-1618","2000","1000","2000","1000","2000","1000","2000","1000","2000","1000","1700","1000","C1101335","075","10","9900","37.5781389708793","126.811204295259"
"경기도 성남시 분당구 내정로 167, 양지프라임 101호 (수내동)","삼정약국","031-719-4589","1800","0900","1800","0900","1800","0900","1800","0900","1800","0900","C2108637","135","97","9901","37.373894153921","127.119149700382"
"경기도 고양시 덕양구 중앙로 472, (행신동)","삼정약국","031-979-7003","1900","0900","1900","0900","1900","0900","1900","0900","1900","0900","1400","0900","1400","0900","C2102896","104","92","9902","37.619099357068244","126.84323017639306"
"부산광역시 동래구 여고로 12, 1층 (사직동)","삼정온누리약국","051-506-1025","1830","0900","1830","0900","1830","0900","2000","0900","1830","0900","1400","0900","C1202841","478","76","9903","35.1946325597801","129.065337305263"
"인천광역시 남동구 용천로88번길 3 (구월동, 1층일부)","일요일 및 공휴일 사전 문의","힐스테이트 3단지 앞","삼정프라자약국","032-469-8156","2200","0900","2200","0900","2200","0900","2200","0900","2200","0900","2200","0900","2200","0900","2200","0900","C1400736","215","47","9904","37.45737447543046","126.71502290417415"
"서울특별시 양천구 신목로 86 (신정동)","덕진빌딩내","삼주약국","02-2646-5776","1830","0900","1830","0900","1830","0900","1830","0900","1830","0900","1330","0900","1300","0900","1300","0900","C1101347","080","09","9905","37.5223155146806","126.874766090418"
"서울특별시 강남구 테헤란로 124, (역삼동,풍림빌딩)","법정공휴일 영업시간은 변동될 수 있습니다.","삼주약국","02-565-2734","2000","0830","2000","0830","2000","0830","2000","0830","2000","0830","1700","1100","C1101346","062","34","9906","37.4987846719974","127.031703595662"
"부산광역시 동래구 여고북로 172-18 (사직동)","버스정류장: 금정시장 내 축협 근처","삼진당약국","051-504-2866","2100","0830","2100","0830","2100","0830","2100","0830","2100","0830","1700","0830","2100","0830","C1200618","607","813","9907","35.20164722222222","129.07409722222368"
"전북특별자치도 남원시 남문로 436-1, (금동)","공휴일 방문시 전화 확인 요망","제일은행사거리쪽","삼진약국","063-625-4068","1900","0800","1900","0800","1900","0800","1900","0800","1900","0800","1300","0800","C2500461","557","69","9908","35.406252777777780","127.379058333333333"
"강원특별자치도 삼척시 진주로 19, 1층 103호 (남양동)","삼척메디컬약국","033-573-7164","1900","0830","1900","0830","1900","0830","1900","0830","1900","0830","1400","0830","C2201154","259","20","9909","37.4425268330949","129.163732865365"
"강원특별자치도 삼척시 오십천로 421 (남양동)","삼척백두산약국","033-574-0119","1830","0830","1830","0830","1830","0830","1830","0830","1830","0830","1830","0830","C2201008","259","20","9910","37.44082584779895","129.16463322898298"
"강원특별자치도 삼척시 진주로 29, 1층 103호 (남양동)","남양동 성내파출소 맞은편(신한은행 옆건물)","삼척시민약국","033-574-6365","1900","0900","1900","0900","1900","0900","1900","0900","1900","0900","1400","0900","C2200452","259","20","9911","37.44325499049312","129.1638208623179"
"강원특별자치도 삼척시 오십천로 419 (남양동)","남양동 삼척의료원 정문앞","삼척종로약국","033-575-0067","2100","0900","2100","0900","2100","0900","2100","0900","2100","0900","2100","0900","2200","0900","2200","0900","C2200387","259","20","9912","37.440916993825475","129.164378282915"
"인천광역시 부평구 시장로 35-2 (부평동)","인천시부평구부평5동192-2","삼천당약국","032-503-6470","2100","0900","2100","0900","2100","0900","2100","0900","2100","0900","2100","0900","2100","0900","2100","0900","C1400056","213","94","9913","37.494120292569434","126.72607347201747"
"서울특별시 강북구 삼양로 293, 서영프라자 (수유동)","토요일의 경우 상황에 따라 17시까지 운영할 수 있으므로 방문 전 미리 전화학인 후 방문바랍니다. 일요일은 2, 4번째 주 제외 운영합니다.","빨래골시내버스정류장앞","삼천약국","02-988-8020","2000","0900","2000","0900","2000","0900","2000","0900","2000","0900","2000","0900","1700","1000","1700","1000","C1103246","011","03","9914","37.6297231733686","127.017700580857"
"전북특별자치도 전주시 완산구 거마평로 57 (삼천동1가)","완산소방서 코끼리주유소사이 건물","삼천우리약국","063-228-0777","1900","0900","1900","0900","1900","0900","1900","0900","1900","0900","1330","0900","C2500395","550","86","9915","35.797608333333336","127.116633333333340"
"경상남도 사천시 중앙로 135 (벌리동)","제일병원 맞은편","삼천포김약국","055-832-3980","1800","0830","1800","0830","1800","0830","1800","0830","1800","0830","1230","0830","C2801077","525","58","9916","34.93780475941834","128.07895150931085"
"대전광역시 중구 목중로 50, 중촌동제일프라자 404호 (중촌동)","삼층민약국","070-7576-0567","1830","0830","1830","0830","1830","0830","1830","0830","1830","0830","1330","0830","C1601267","348","12","9917","36.3378398024415","127.409616148139"
"경기도 부천시 소사구 범안로 117, 317호 (범박동, 현대리치모아)","삼층약국","032-345-1105","1900","0830","1900","0830","1900","0830","1900","0830","1900","0830","1400","0830","C2108100","147","82","9918","37.4712171914058","126.809587259874"
"대구광역시 달서구 와룡로 186, 401동 319호 (감삼동, 빌리브 스카이 주상복합)","삼층약국","053-525-4308","1830","0900","1830","0900","1830","0900","1830","0900","1830","0900","1300","0900","C1301883","426","43","9919","35.8497391769072","128.538092715917"
"서울특별시 금천구 시흥대로 198, (시흥동)","평일 휴게시간 13:00-14:00","전첨빌딩 3층","삼층약국","02-895-6504","1830","0930","1830","0930","1830","0930","1830","0930","1830","0930","1400","0930","C1101349","086","29","9920","37.451607766189","126.902156346609"
"경기도 고양시 덕양구 충경로 52, 306호(행신동,남경씨티프라자)","삼층약국","031-979-4986","1800","0900","1800","0900","1800","0900","1800","1300","1800","0900","1300","0900","C2100005","105","26","9921","37.61521529638839","126.83535968268852"
"경기도 안양시 동안구 평촌대로223번길 49, 301호 (호계동, 아트타워)","공휴일 유연근무","범계역4번출구전방50m아트타워3층","삼층약국","031-387-3122","1700","0900","1700","0900","1700","0900","1700","0900","1700","0900","1300","0900","1300","0900","C2101706","140","72","9922","37.39032886361023","126.95300077373591"
"경기도 군포시 군포로 494, 304호 (당동)","삼층약국","031-429-3338","1900","0900","1900","0900","1900","0900","1900","0900","1900","0900","1300","0900","C2101875","158","56","9923","37.350460364025494","126.94486776221757"
"경상남도 창원시 마산회원구 내서읍 호계본동로 17-2","하늘채2차 근처 그랜드 쇼핑 안(3층)","삼층약국","055-231-1151","1830","0900","1830","0900","1830","0900","1830","0900","1830","0900","1230","0900","C2800343","512","15","9924","35.2615065907972","128.5210218682636"
"경기도 성남시 분당구 판교역로 240, 삼환하이펙스A동 1층 129호 (삼평동)","삼평온누리약국","031-778-6424","1800","0900","1800","0900","1800","0900","1800","0900","1800","0900","1300","0900","C2109753","134","93","9925","37.4021021626954","127.110467524727"
"부산광역시 부산진구 서면로 25, 105호 (부전동, 서면삼한골든뷰)","점심 13:00-14:00","부산은행 서면1번가지점 건너편/서면삼한골든뷰 105호","삼한메디칼약국","070-8871-5779","2000","0830","2000","0830","2000","0830","2000","0830","2000","0830","1600","0830","C1202048","472","88","9926","35.1529486153","129.0572746646"
"대구광역시 중구 태평로 287 (동인동3가)","삼행약국","053-422-7868","1900","0900","1900","0900","1900","0900","1900","0900","1900","0900","1300","0900","C1300656","419","04","9927","35.873172540492085","128.60862089380862"
"서울특별시 노원구 마들로 111, 308호(월계동,삼호에이상가)","미륭아파트 상가 308호","삼호성심약국","02-979-3649","1900","0830","1900","0830","1900","0830","1900","0830","1900","0830","1500","0830","1230","0830","1200","0830","C1103190","019","09","9928","37.6238343591525","127.064778103315"
"서울특별시 노원구 마들로 111, 207, 208호 (월계동, 나상가)","13번지 나상가 206호","삼호약국","02-971-5532","1900","0800","1900","0800","1930","0800","1900","0800","1900","0800","1400","0800","C1103015","019","09","9929","37.6238343591525","127.064778103315"
"경상남도 창원시 마산회원구 북성로 110, (회원동)","환금프라자 옆옆 건물, 강현영이비인후과 옆","삼호약국","055-243-3545","1830","0900","1830","0900","1830","0900","1830","0900","1830","0900","1430","0900","C2800777","512","96","9930","35.217056934858675","128.57063729773378"
"전라남도 영암군 삼호읍 삼호중앙로 164","삼호연세의원 옆","삼호약국","061-464-3570","1830","0830","1830","0830","1830","0830","1830","0830","1830","0830","1230","0830","C2600447","584","58","9931","34.74525766728861","126.46873632500112"
"대전광역시 대덕구 계족로663번길 32 103, 104호","삼호약국","042-623-2305","1900","0900","1900","0900","1900","0900","1900","0900","1900","0900","1400","0900","C1600192","343","82","9932","36.373324807047645","127.42606699048089"
"부산광역시 사상구 엄궁북로 22, (엄궁동)","엄궁초등학교 앞","삼호약국","051-325-3577","2100","0900","2100","0900","2100","0900","2100","0900","2100","0900","1900","0900","1900","0900","C1200486","470","40","9933","35.12833333333334","128.97271388888993"
"인천광역시 연수구 함박뫼로12번길 1 (청학동)","삼호약국","032-813-0530","2000","0900","2000","0900","2000","0900","2000","0900","2000","0900","1600","0900","C1400595","219","17","9934","37.418620964300395","126.67157339592886"
"울산광역시 남구 북부순환도로 47, (무거동)","좋은삼정병원옆","삼호약국","052-223-1181","1830","0900","1800","0900","1800","0900","1800","0900","1800","0900","1400","0900","1700","0900","C1700104","446","29","9935","35.55269453182386","129.26886750678372"
"전북특별자치도 군산시 대야면 백마길 17,","공휴일 운영시간 연락 확인 후 방문","공휴일 전화 확인 후 방문","대야보건소앞","삼화당약국","063-451-5151","1800","0830","1800","0830","1800","0830","1800","0830","1800","0830","1330","0830","C2500113","540","61","9936","35.94472754462792","126.81065954169236"
"경상북도 울진군 울진읍 울진중앙로 118","울진군청앞","삼화당약국","054-783-2355","1830","0830","1830","0830","1830","0830","1830","0830","1830","0830","1300","0830","C2701015","363","25","9937","36.992085043773876","129.4013661850366"
"제주특별자치도 제주시 건주로 43, 1층 (도련일동)","삼화사랑약국","064-755-3545","2130","0830","2130","0830","2130","0830","2130","0830","2130","0830","2100","0900","2100","0900","2100","0900","C2900457","633","23","9938","33.5156204436","126.5809880308"
"부산광역시 수영구 황령대로 491","2호선 남천역 3번출구","삼화약국","051-626-2073","2000","0900","2000","0900","2000","0900","2000","0900","2000","0900","1300","0900","2000","1000","C1201492","483","13","9939","35.13843680899225","129.10762221846142"
"서울 금천구 은행나무로 12-1 (시흥동)","크리스탈부페맞은편","삼화약국","02-803-4167","2500","1000","2500","1000","2500","1000","2500","1000","2500","1000","2500","1000","2500","1000","2500","1000","C1101296","086","31","9940","37.450097036857","126.904023956218"
"부산광역시 해운대구 재반로165번길 112, (재송동)","재송센텀우신골드빌아파트후문","삼화약국","051-781-8129","1900","0900","1900","0900","1900","0900","1900","0900","1900","0900","1300","0900","C1201332","480","51","9941","35.19143692143094","129.1243863277032"
"서울특별시 동대문구 왕산로 207, 1층 (청량리동)","구정, 추석 당일 휴무","청량리역3번출구앞","삼화약국","02-962-5324","2030","0830","2030","0830","2030","0830","2030","0830","2030","0830","2100","0830","1800","0830","1900","0900","C1101294","024","90","9942","37.580862053993","127.045777650075"
"경기도 과천시 별양상가3로 5 (별양동, 유니온빌딩)","명절휴무","과천청사역2번출구 유니온빌딩 2층","삼화약국","02-3679-6321","1900","0830","1900","0830","1900","0830","1900","0830","1900","0830","1300","0800","C2101810","138","37","9943","37.426652596833065","126.99114694958405"
"경기도 시흥시 함송로29번길 5, 101호 (정왕동)","오이도역 근처 문영센스빌 아파트 맞은편","삼화약국","031-432-7563","0930","0900","0930","0900","0930","0900","0930","0900","0930","0900","1900","0900","C2101654","150","20","9944","37.36378422885348","126.73124393801512"
"경기도 의정부시 흥선로 77","1,2주 일요일/ 흥선광장 근처","삼화약국","031-873-2824","2200","0900","2200","0900","2200","0900","2200","0900","2200","0900","2100","0900","2100","0900","2100","0900","C2102960","116","68","9945","37.742935728320234","127.0355451780431"
"부산광역시 연제구 반송로 12, (연산동)","지하철 2번 출구 10m 전방","삼화약국","051-867-5956","2030","0900","2030","0900","2030","0900","2030","0900","2030","0900","1330","0900","C1200633","475","49","9946","35.186619444444446","129.082747222222224"
"충청남도 서산시 번화2로 32, (동문동)","인근에 병원이 없어 처방약품은 취급 안함.","KT전화국앞 사거리","삼화약국","041-665-2124","2100","0900","2100","0900","2100","0900","2100","0900","2100","0900","2100","0900","2100","0900","2100","0900","C2400370","319","83","9947","36.78087382947581","126.45234310134135"
"충청북도 청주시 상당구 단재로 141-1 (영운동)","청주시상당구영운동173-14","삼화약국","043-256-7548","1900","0830","1900","0830","1900","0830","1900","0830","1900","0830","1300","0830","C2300267","287","38","9948","36.61715237524178","127.49911310895953"
"경상북도 김천시 문지왈길 3","명절엔 휴무입니다.","삼화약국","054-433-4114","2030","0830","2030","0830","2030","0830","2030","0830","2030","0830","1800","0900","1500","0900","1500","0900","C2700594","396","33","9949","36.12381168971502","128.08931022222248"
"경상북도 영천시 오수1길 7, 삼화약국 (오수동)","삼화약국","054-331-8275","1800","0830","1800","0830","1800","0830","1800","0830","1800","0830","C2700424","388","40","9950","35.9580330841129","128.91310622759926"
"제주특별자치도 제주시 건주로 31, 한라신협 삼화지점 1층 (도련일동)","1층","삼화영제약국","064-726-3090","2000","0900","2000","0900","2000","0900","2000","0900","2000","0900","1700","0820","1300","0900","C2900122","633","23","9951","33.484444548773055","126.47779886606185"
"서울특별시 강북구 도봉로 196","미아역3번출구","삼화온누리약국","02-982-0955","2000","0900","2000","0900","2000","0900","2000","0900","2000","0900","1700","0900","C1104026","011","57","9952","37.6261436910197","127.026574236378"
"부산광역시 사하구 다대로429번길 15 (다대동)","버스정류장: 다대2동 부산은행","삼환약국","051-265-2988","2000","0900","2000","0900","2000","0900","2000","0900","2000","0900","1400","0900","C1202270","495","18","9953","35.06374214860883","128.9807341384748"
"경기도 성남시 분당구 판교역로 230, 2층 214호 (삼평동)","삼환약국","031-698-3511","2000","0920","2000","0920","2000","0920","2000","0920","2000","0920","C2107457","134","93","9954","37.4012862989","127.1104563883"
"서울특별시 용산구 서빙고로 17, 105동 2009호 일부호 (한강로3가)","삼희약국","02-793-8575","1830","0830","1830","0830","1830","0830","1830","0830","1830","0830","1600","0800","1300","0900","1300","0900","C1101298","043","87","9955","37.5269056148241","126.966566172294"
"충청남도 예산군 삽교읍 삽교로 86","삽교 새마을금고 앞","삽다리약국","041-338-8383","1830","0800","1830","0800","1830","0800","1830","0800","1830","0800","1300","0800","C2400436","324","14","9956","36.686006910647166","126.7382218344739"
"경상북도 영주시 봉화로 114-1 (상망동, 사슴농장)","삽재한약국","054-633-6784","1700","0900","1700","0900","1700","0900","1700","0900","1700","0900","C2701554","360","65","9957","36.841388283673616","128.6654166457042"
"서울특별시 노원구 한글비석로20길 23-1, 1층 (중계동)","365일 연중무휴 설명절, 추석명절 상시 운영","365일 연중무휴 설명절, 추석명절 상시 운영","상계1번약국","02-938-1082","2200","1000","2200","1000","2200","1000","2200","1000","2200","1000","2200","1000","2200","1000","2200","1000","C1108160","016","62","9958","37.6602528448253","127.073711302173"
"서울특별시 노원구 동일로 1678 (상계동)","수락산역(7호선)2번출구","상계누리약국","02-3391-8744","2100","0900","2100","0900","2100","0900","2100","0900","2100","0900","2100","0900","2100","1100","2100","0900","C1102745","016","25","9959","37.6780947400484","127.055706735633"
"서울특별시 노원구 동일로 1352, 1층 (상계동, 형인빌딩)","형인빌딩 1층","상계동문약국","02-951-8572","1830","0830","1830","0830","1830","0830","1830","0830","1830","0830","1300","0900","C1104229","017","56","9960","37.6494044777358","127.062302373264"
"서울특별시 노원구 한글비석로 383, 삼창타워프라자 1층 62,63,64,79,80,81호 (중계동)","상계사랑약국","02-939-5999","2000","0800","2000","0800","2000","0800","2100","0800","2000","0800","1500","0800","C1107914","016","99","9961","37.6591119674807","127.073074956682"
"서울특별시 노원구 덕릉로 780, 101동 1층 104, 105, 106호 (상계동, 동아불암아파트)","상계온누리약국","02-935-1777","2030","0830","2030","0830","2030","0830","2030","0830","2030","0830","1600","0900","C1110317","016","47","9962","37.6666919810414","127.079126011496"
"서울특별시 노원구 한글비석로 416","상계우리들약국","02-951-0735","1930","0900","1930","0900","1930","0900","1930","0900","1930","0900","1300","0900","C1107133","016","68","9963","37.6617023324905","127.070637065092"
"서울특별시 노원구 한글비석로 363, 1층 (중계동)","상계역4번출구300미터정도","상계종로약국","02-934-7358","2000","0830","2000","0830","2000","0830","2000","0830","2000","0830","1600","0830","1800","1000","C1101307","016","99","9964","37.6579746148816","127.074441267015"
"서울특별시 노원구 한글비석로48길 13 (상계동)","개인사정으로 운영시간은 변동될 수 있습니다. 방문전 전화확인해주세요.","서울노원구상계5동456-157","상계하나로약국","02-951-2188","2200","0900","2200","0900","2200","0900","2200","0900","2200","0900","2200","0900","2200","0900","C1104433","016","55","9965","37.6648938118103","127.067044286637"
"전북특별자치도 완주군 상관면 춘향로 4462,","상관IC 남원방향으로 500m","상관온누리약국","063-287-7979","1900","0900","1900","0900","1900","0900","1900","0900","1900","0900","1200","0900","C2500070","553","60","9966","35.7490671013","127.2205408984"
"충청남도 서산시 해미면 남문5로 18","완행터미널 맞은편","상구약국","041-688-2658","2100","0800","2100","0800","2100","0800","2100","0800","2100","0800","2100","0800","C2400081","319","60","9967","36.71204888665006","126.54378765081829"
"경상남도 창원시 성산구 마디미서로 51 (상남동, 서울메디칼빌딩)","다이소 뒷편 대각선 방향 서울메디칼빌딩(GS25, 카페베네 건물)","상남2층약국","055-284-7931","1830","0930","1830","0930","1830","0930","1830","0930","1830","0930","1400","0930","C2801161","515","03","9968","35.22072644274086","128.68131620365736"
"경상남도 창원시 성산구 마디미동로 25, 비전빌딩 (상남동)","한마음병원 앞 비전빌딩 1층","상남건강한약국","0552861512","2000","0900","2000","0900","2000","0900","2000","0900","2000","0900","1800","0900","1800","0900","1800","0900","C2801099","514","96","9969","35.22114603614958","128.68587814396986"
"경상남도 창원시 성산구 상남로 122, 롯데메디컬 1층 101,102호 (상남동)","상남동롯데백화점뒤상남메디칼1층","상남메디칼약국","055-266-0831","2000","0900","2000","0900","1930","0900","2000","0900","2000","0900","1500","0900","C2800027","514","95","9970","35.2237157542","128.6833284041"
"경상남도 창원시 성산구 원이대로 678, 1층 (상남동)","상남행운약국","055-262-1213","1830","0830","1830","0830","1830","0830","1830","0830","1830","0830","1300","0830","1200","0930","1200","0830","C2802370","514","95","9971","35.2230970264687","128.687195122384"
"충청북도 청주시 상당구 청남로 2194-2 (석교동)","이제수내과 1층","상당건강약국","043-255-2243","1900","0900","1900","0900","1900","0900","1900","0900","1900","0900","1300","0900","C2300040","287","11","9972","36.6273298511","127.4908473463"
"충청북도 청주시 상당구 무심동로336번길 138, 1층 (남문로1가)","외환은행맞은편","상당약국","043-221-2277","1900","0900","1900","0900","1900","0900","1900","0900","1900","0900","1900","0900","1900","0900","C2300104","285","31","9973","36.631731144338325","127.49079924930709"
"경상남도 진주시 동진로 177, 1층 (상대동)","*밝은안과: 월, 화, 수, 금요일은 09:00~17:30, 목요일은 09:00~15:00, 토요일은 09:00~13:00까지 진료합니다. *민영진 소아과: 월~금요일은 9:00~18:30, 토요일은 09:00~13:00까지 진료합니다.","밝은안과/민영진 소아과 전문 조제 약국입니다.","상대약국","055-920-7968","1300","0900","1300","0900","1300","0900","1300","0900","1300","0900","C2801917","527","91","9974","35.1798315316","128.1106737867"
"대전광역시 유성구 상대복용로29번길 9-18, 아이클리닉 104호 (상대동)","주말 유선문의 후 방문요망","상대온누리약국","042-826-2132","2100","0830","2100","0830","2100","0830","2100","0830","2100","0830","1400","0830","1400","0830","C1601408","342","01","9975","36.3364198116741","127.333078317318"
"서울특별시 동작구 상도로22길 46 (상도동)","장승배기전철역3번출구","상도시장약국","02-813-2149","2000","0900","2000","0900","2000","0900","2000","0900","2000","0900","1930","0900","C1101308","069","59","9976","37.5014079688054","126.937072250609"
"강원특별자치도 원주시 서원대로 383, 한신프라자 126,127호 (개운동)","상도약국","033-763-6888","1800","0900","1800","0900","1800","0900","1800","0900","1800","0900","1300","0900","C2200039","264","48","9977"
"경상북도 포항시 남구 상도남로34번길 15, 1층 (상도동)","상도프라자약국","054-614-7100","1900","0900","1900","0900","1900","0900","1900","0900","1900","0900","1300","0900","C2701537","378","34","9978","36.00679700413829","129.3447683477215"
"서울특별시 동작구 상도로 356, 1층 (상도동, 교동빌딩)","상도프라자약국","02-822-0667","2100","0900","2100","0900","2100","0900","2100","0900","2100","0900","1830","0900","C1103245","070","40","9979","37.4967617926881","126.952823875773"
"경기도 부천시 원미구 길주로 105, 드림모아 6층 603호 (상동)","상동메디컬약국","032-322-6825","1800","0900","1800","0900","1800","0900","1800","0900","1800","0900","1300","0900","C2109755","145","42","9980","37.5064196746015","126.754147529802"
"경기도 부천시 부일로297번길 27, 1층일부 (상동)","상동본약국","032-611-1088","2100","0900","2100","0900","2100","0900","2100","0900","2100","0900","C2108783","146","21","9981","37.4895977666448","126.763245627074"
"경기도 부천시 상동로 83, 그랜드프라자 102호 (상동)","상동생생약국","032-323-1030","2000","0930","2100","0930","2000","0930","2100","0930","2000","0930","1600","0930","C2109001","145","44","9982","37.5048322159039","126.752430839268"
"대구광역시 수성구 상화로 38-1","수요일은 평소보다 일찍 문닫음 전화필수","상동약국","053-762-4411","1900","0900","1900","0900","1900","0900","1900","0900","1900","0900","1500","0900","C1300378","421","65","9983","35.83459020913219","128.61121256807783"
"전북특별자치도 정읍시 충정로 99 (상동)","상동약국","063-536-0463","2000","0830","2000","0830","2000","0830","2000","0830","2000","0830","2000","0830","2000","1100","2000","1000","C2501348","561","88","9984","35.5619800705005","126.866526867157"
"경상남도 거창군 거창읍 상동2길 1,","◆평일: 화, 목, 금 (09:00-21:00) ◆토요일: 09:00-21:00 ◆일요일: 둘째주, 넷째주만 운영 (11:00-17:00) ※ 방문 전 연락 후 방문바랍니다","거창적십자병원 부근, 거창우체국근처","상동약국","055-943-0008","1800","0900","2100","0900","1800","0900","2100","0900","2100","0900","2100","0900","1700","1100","C2800686","501","32","9985","35.6855276303239","127.90804383005803"
"경기도 부천시 원미구 상동로 108, 106호 (상동, 다인타운)","상동역 7번출구 세이브존 옆 건물입니다. 파리바게트와 SK 텔레콤이 있는 건물에 위치하고 있습니다. 지하주차장(다인타운건물) 이용가능합니다.","상동온누리약국","032-322-2911","2100","0900","2100","0900","2100","0900","2100","0900","2100","0900","2100","0900","1800","1200","1800","1200","C2106899","145","42","9986","37.506781077313676","126.75384968440417"
"경기도 부천시 원미구 부일로 203, 1층 108호 (상동, 상동스카이뷰자이)","신속 정확 친절 상동자이약국입니다. 동물약 취급하고 있습니다.","상동자이약국","032-212-5567","2010","0900","2000","0900","2000","0900","2010","0900","2000","0900","1610","0900","C2109815","145","98","9987","37.4891121708191","126.752454121303"
"경기도 부천시 조마루로 103, 105호 (상동, 서울프라자)","상2동주민센터 옆 건물 1층","상동제일약국","032-321-8112","1900","0900","1900","0900","1900","0900","1900","0900","1900","0900","1800","0900","C2100333","145","89","9988","37.50045170950729","126.75524113492285"
"경기도 부천시 원미구 상동로 87, 126호 (상동, 가나베스트타운 쓰리)","상동종로약국","032-322-1944","1800","0900","1800","0900","1800","0900","1800","0900","1800","0900","1300","0900","C2110040","145","44","9989","37.5051751903525","126.752412968332"
"경기도 부천시 원미구 소향로 51, 102,103호 (상동)","홈플러스 옆","상동프라자약국","032-219-2700","2100","0900","2100","0900","2100","0900","2100","0900","2100","0900","1800","0900","C2104636","145","45","9990","37.50349347868589","126.75349859588331"
"경기도 화성시 향남읍 솔태상두길 26","상두늘푸른약국","0313665469","1800","0900","1800","0900","1800","0900","1800","0900","1800","0900","1300","0900","C2110219","186","08","9991","37.1074349092322","126.934086120256"
"서울특별시 성북구 보국문로 4 (정릉동)","상락약국","02-916-8989","1900","0900","1900","0900","1900","0900","1900","0900","1900","0900","1500","0900","C1104288","027","18","9992","37.6050736014468","127.011742737037"
"경기도 안산시 상록구 광덕1로 362, 한양프라자 1층 111호 (이동)","상록레몬약국","031-416-3311","1830","0830","1830","0830","1300","0830","1830","0830","1830","0830","1300","0830","C2100064","154","95","9993","37.307090193599414","126.85012256835799"
"경기도 안산시 상록구 석호로 288","상록메디칼약국","031-407-8270","1930","0830","1930","0830","1930","0830","1930","0830","1930","0830","1600","0830","C2100063","155","52","9994","37.293373727936576","126.86252412425821"
"경기도 안산시 상록구 광덕1로 354, 브라이튼빌오피스텔 1층 105호 (이동)","상록바른약국","031-504-0301","2200","0900","2200","0900","2200","0900","2200","0900","2200","0900","2200","0900","2200","0900","2200","0900","C2108347","154","95","9995","37.3066378888816","126.849274446481"
"경기도 안산시 상록구 본삼로 51, 107,108,109호 (본오동, 리치스빌딩)","상록수역5분거리리치스빌딩1층","상록백제약국","031-409-7300","2000","0930","2000","0930","2000","0930","2000","0930","2000","0930","2200","0900","2100","0900","2100","0900","C2101376","155","37","9996","37.30106027021497","126.86588245122486"
"광주광역시 남구 봉선1로 56 (봉선동)","봉선중학교 근접","상록수약국","062-653-8275","1900","0900","1900","0900","1900","0900","1900","0900","1900","0900","1700","0900","C1500462","616","75","9997","35.12779500942314","126.91136215806219"
"광주광역시 광산구 사암로 279 (월곡동)","상록수약국","062-952-0557","2100","0900","2100","0900","2100","0900","2100","0900","2100","0900","2100","0900","2000","1300","C1500207","623","45","9998","35.16930702678047","126.80883602812949"
"경기도 수원시 권선구 금호로 231, (구운동)","공휴일 방문 전 전화확인 필요","상록수약국","031-296-8246","1830","0900","1930","0900","1830","0900","1830","0900","1830","0900","1400","0900","C2101677","164","10","9999","37.2757207763655","126.97520783558953"
"경기도 안산시 상록구 용신로 388, 유니온프라자 1층 101호 (본오동)","상록수약국","070-8872-1010","2100","0900","2100","0900","2100","0900","2100","0900","2100","0900","1800","0900","C2108260","155","37","10000","37.30138197654","126.865110591908"
"경상남도 창원시 마산합포구 장장군로 31, (장군동4가)","마산세무서 부근, 장군동시장근처, 김민규법률사무소1층","상록수약국","055-247-4280","2000","0900","2000","0900","2000","0900","2000","0900","2000","0900","1900","0900","1900","0900","C2800779","512","65","10001","35.196976887970386","128.56562829711643"
"전북특별자치도 고창군 고창읍 동리로 45-1","고창군 신협앞","상록수약국","063-564-2976","1820","0815","1820","0815","1820","0815","1820","0815","1820","0815","1300","0815","C2500316","564","37","10002","35.43322170983381","126.69719411546147"
"서울특별시 강동구 고덕로10길 53, (암사동)","상록수약국","02-426-7977","1930","0900","1930","0900","1930","0900","1930","0900","1930","0900","1930","0900","1930","0900","C1101309","052","51","10003","37.5523085677419","127.129631561402"
"경상북도 경산시 진량읍 초원길 53-5, 초원장미타운 상가 103호","초원장미아파트입구","상록수약국","053-853-1023","2300","0800","2300","0800","2300","0800","2300","0800","2300","0800","1900","0900","C2700188","384","49","10004","35.89302278302612","128.83665483559074"
"충청북도 청주시 서원구 청남로 2109 (수곡동)","주변의료기관:세종치과,한사랑의원","모충동청주농협건너편","상록수약국","043-285-5454","2100","0900","2100","0900","2100","0900","2100","0900","2100","0900","1800","0900","C2300142","286","77","10005","36.62044941140422","127.48718620262454"
"경기도 안양시 만안구 삼덕로 12 (안양동)","상록수약국","031-449-4959","1900","0830","1900","0830","1900","0830","1900","0830","1900","0830","1300","0830","C2100980","139","99","10006","37.39366562143591","126.92405707759741"
"경기도 평택시 서정역로 42 (서정동)","서정리지구대옆","상록수약국","031-665-6119","2100","0900","2100","0900","2100","0900","2100","0900","2100","0900","2200","0830","2100","0900","C2102195","177","79","10007","37.05793560966539","127.05574739582556"
"서울특별시 도봉구 도당로13길 8 (방학동)","방학동도깨비시장입구","상록수온누리약국","02-954-2950","1800","0830","1800","0830","1800","0830","1800","0830","1800","0830","1300","0830","C1103244","013","55","10008","37.6653412719347","127.035743923351"
"전북특별자치도 정읍시 충정로 58, 정읍농협상동지점 (상동)","명진로얄맨션앞 김형식내과 1층","상록수온누리약국","063-533-0155","1830","0830","1830","0830","1830","0830","1830","0830","1830","0830","1500","0830","C2500374","561","91","10009","35.55853225226675","126.87031311309721"
"대전광역시 서구 청사로 281, 120호 (둔산동, 샘머리아파트2단지)","정부청사 동문 방향 샘머리아파트 입구","상록약국","042-472-5858","1950","0900","1950","0900","1950","0900","1950","0900","1950","0900","1500","0900","1500","0900","C1600134","352","05","10010","36.3617834289","127.3943296843"
"충청북도 청주시 서원구 흥덕로 36 (사직동)","점심시간 12~14시","상록약국","043-272-7768","1900","0900","1900","0900","1900","0900","1900","0900","1900","0900","1300","0900","C2300092","285","56","10011","36.6387283627","127.4736730133"
"서울특별시 강남구 언주로 508 (역삼동)","선릉역5번출구5분도보상록회관지하1층","상록약국","02-563-6625","2000","0830","2000","0830","2000","0830","2000","0830","2000","0830","1600","0830","C1101267","061","52","10012","37.5039660612952","127.042909941112"
"경기도 안산시 상록구 용신로 394, 서해프라자 5층 (본오동)","상록온누리약국","031-416-7257","1930","0830","1930","0830","1930","0830","1930","0830","1930","0830","1600","0830","1300","0900","C2106363","155","37","10013","37.30137024370492","126.86588639242932"
"서울특별시 양천구 신목로 100-6, 1층 (목동)","일요일 시간 변동될 수 있으므로 전화학인 후 방문바랍니다.","상마약국","02-2644-5953","2100","0900","2100","0900","2100","0900","2100","0900","2100","0900","1800","0900","1730","1030","1700","1000","C1103189","080","07","10014","37.5232891049819","126.875844690785"
"대전광역시 서구 갈마로 259, (괴정동)","상명약국","042-522-5946","1900","0900","1900","0900","1900","0900","1900","0900","1900","0900","1500","0900","C1600135","352","94","10015","36.333158333333330","127.382469444444439"
"경상북도 구미시 상사서로 64 (상모동)","상모동정중앙던킨도넛옆에","상모약국","054-464-5116","2100","0900","2100","0900","2100","0900","2100","0900","2100","0900","1300","0900","1300","0900","C2700661","393","38","10016","36.08819303428806","128.35546928322043"
"경상북도 구미시 상사서로 44 (상모동)","상모동빅마트옆","상모제일약국","054-465-5088","1900","0900","1900","0900","1900","0900","1900","0900","1900","0900","1600","0900","1300","0900","C2700588","393","39","10017","36.08636226980631","128.3557576225452"
"광주광역시 서구 운천로 207, 신환빌딩 1층 (치평동)","상무1번약국","062-375-6479","1820","0900","1820","0900","1820","0900","1820","0900","1820","0900","1500","0900","C1501311","619","64","10018","35.1507211768249","126.854849449594"
"광주광역시 서구 상무자유로 181-5","광주상무병원옆","상무그린약국","062-373-7582","2100","0900","2100","0900","2100","0900","2100","0900","2100","0900","2100","0900","1800","1400","1800","1400","C1500162","619","48","10019","35.15247910869655","126.85389366484702"
"광주광역시 서구 치평로 30, 1층 (치평동)","공휴일 전화 연락 후 방문 요함","금호쌍용아파트건너편","상무제일약국","062-513-0045","1830","0800","1830","0800","1830","0800","1830","0800","1830","0800","1300","0800","1230","0900","C1500004","619","62","10020","35.149956744186326","126.84766248613238"
"광주광역시 서구 상무민주로 97, 1층 (쌍촌동)","5.18기념공원4거리중흥에스클래스건너편","상무종로약국","062-382-7575","2000","0900","2000","0900","2000","0900","2000","0900","2000","0900","1600","0900","C1500290","619","40","10021","35.15913158146656","126.85914233982896"
"광주광역시 서구 상무중앙로 58, 106호 (치평동)","상무중앙약국","062-716-8575","2100","0900","2100","0900","2100","0900","2100","0900","2100","0900","2100","0900","2100","0900","2100","0900","C1501129","619","49","10022","35.1521035532","126.8489183754"
"광주광역시 서구 운천로 223(치평동)","상무참약국","062-418-9428","2000","0900","2000","0900","1830","0900","1930","0900","2000","0900","1700","0900","C1501355","619","48","10023","35.1522777504465","126.854411319709"
"경상남도 거제시 상동5길 11 (상동동)","공휴일은 전화문의요망","상문약국","055-635-4382","2100","1030","2100","1030","2100","1030","2100","1030","2100","1030","2100","1030","2100","1030","C2800980","532","94","10024","34.86502596287269","128.64103686996472"
"경상북도 경산시 남매로 42 (상방동)","상방약국","053-811-7533","1900","0900","1900","0900","1900","0900","1900","0900","1900","0900","1300","0900","C2701762","386","38","10025","35.8147088845403","128.741757359139"
"서울특별시 성동구 동일로 83(성수동2가)","상보약국","02-463-7513","2100","0900","2100","0900","2100","0900","2100","0900","2100","0900","2000","0900","C1102739","047","87","10026","37.5403600987734","127.062631429258"
"서울특별시 중랑구 상봉로 134, 101호 (망우동, 삼부)","매달 2, 4번째 일요일 정기휴무","상봉도담약국","02-491-8678","1900","0900","1900","0900","1900","0900","1900","0900","1900","0900","1400","0900","1400","0900","1400","0900","C1110300","021","63","10027","37.5979015131308","127.093350939823"
"서울특별시 중랑구 망우로 322, 114호 (상봉동, 상봉역 유보라 퍼스트리브&포스퀘어)","상봉보람약국","02-2088-5828","2030","0900","2030","0900","1900","0900","2030","0900","2030","0900","1600","0900","C1110180","021","49","10028","37.5966482515306","127.088173823504"
"서울특별시 중랑구 면목로 481 (상봉동)","상봉태평양약국","02-432-2019","2000","0800","2000","0800","2000","0800","2000","0800","2000","0800","1500","0800","C1109058","021","37","10029","37.5947764065638","127.085652863089"
"서울특별시 중구 퇴계로 435-1 1층 (황학동)","365일 연중무휴","신당역2번출구.중앙시장입구.상산약국","상산약국","02-2252-3354","2200","0830","2200","0830","2200","0830","2200","0830","2200","0830","2200","0830","2200","0830","2200","0830","C1101269","045","76","10030","37.565841702752","127.020115510847"
"서울특별시 동작구 서달로 123, 상가동 105호 (흑석동, 롯데캐슬 에듀포레)","중대부속초등학교정문앞","상산약국","02-813-7442","2100","0900","2100","0900","2100","0900","2100","0900","2100","0900","2100","0900","2100","1000","C1101626","069","73","10031","37.5042118646331","126.959673143176"
"서울특별시 구로구 경인로 393-7, 일이삼전자타운 2동 1층 121,122,123호 (고척동)","강서로길,국민은행맞은편","상산약국","02-2066-6361","1900","0900","1900","0900","1330","0900","1900","0900","1900","0900","1330","0900","C1104340","082","27","10032","37.4974421887122","126.86304887653"
"서울특별시 중구 서애로1길 11, 1층 (충무로5가)","상상메디약국","02-2268-0777","1800","0830","1800","0830","1800","0830","1800","0830","1800","0830","1300","0830","C1110268","046","19","10033","37.561339055950214","126.99852863048687"
"서울특별시 관악구 남부순환로 1830, 1층 일부 (봉천동)","상상약국","02-883-7472","2100","0800","2100","0800","2100","0800","2000","0800","2000","0800","1700","0800","1330","0800","C1110494","087","88","10034","37.48084096670725","126.95322959950508"
"경기도 부천시 원미구 부일로 748, 1층 일부호 (역곡동)","상상약국","032-341-6664","1800","0900","1800","0900","1800","0900","1800","0900","1800","0900","1300","0900","C2110064","146","74","10035","37.4861041413191","126.812771822149"
"경상남도 김해시 구산로 31, 102호 (구산동)","상생약국","055-322-3820","1900","0900","1900","0900","1900","0900","1900","0900","1900","0900","1300","0900","C2802255","509","05","10036","35.2490374355518","128.872117067779"
"경기도 부천시 경인옛로 3, 107,108호 (소사본동, 소사메디파크)","상생약국","032-342-7966","1900","0900","1900","0900","1900","0900","1900","0900","1900","0900","C2107526","147","04","10037","37.4819382518","126.7931637743"
"서울특별시 마포구 큰우물로 75, 1층4호 (도화동)","가든호텔 건너편 / 성지빌딩 1층","상수약국","02-717-8271","1900","0930","1900","0930","1900","0930","1900","0930","1900","0930","1400","0930","C1103897","041","58","10038","37.54125928768628","126.94611706254152"
"대전광역시 서구 대덕대로 226 (둔산동)","상수약국","042-486-0416","2130","0800","2130","0800","2130","0800","2130","0800","2130","0800","1800","0800","1700","1100","C1601086","352","33","10039","36.352735648849304","127.37986354269171"
"서울특별시 마포구 독막로 63, 1층 (상수동)","평일 휴게시간 13:00-14:00","상수오아시스약국","070-8845-7431","2400","0900","2400","0900","2400","0900","2400","0900","2400","0900","2400","1200","2300","1200","2300","1200","C1109986","040","49","10040","37.5479941355479","126.920531816057"
"경기도 화성시 향남읍 상신하길로 66, 102호","상신드림약국","031-354-6699","1800","0900","1800","0900","1800","0900","1800","0900","1800","0900","1300","0900","C2109582","186","16","10041","37.1005130421699","126.896640150531"
"경기도 성남시 중원구 광명로 14, 1층(성남동)","상아약국","031-753-8048","1800","0900","1800","0900","1800","0900","1800","0900","1800","0900","1300","0900","C2102240","133","64","10042","37.432916796820344","127.13053348173183"
"서울특별시 서대문구 증가로 128, 1층 (남가좌동)","평일 휴게시간 13:00-13:45","상아약국","070-4123-3333","1800","0900","1800","0900","1800","0900","1800","0900","1800","0900","1300","0900","C1110303","036","65","10043","37.5775666268897","126.923518831252"
"서울특별시 중랑구 용마산로 494, 상아빌딩 1층 (망우동)","상아약국","02-434-0118","2000","0900","2000","0900","2000","0900","2000","0900","2000","0900","1800","0900","C1106764","021","82","10044","37.59490568567211","127.1004150909416"
"전북특별자치도 익산시 동서로 314, (영등동)","성모병원(노인병원)사거리","상아약국","063-855-4264","2100","0900","2100","0900","2100","0900","2100","0900","2100","0900","2100","0900","C2500226","546","28","10045","35.95073460434483","126.96834840535612"
"서울특별시 강북구 도봉로 143, 광명빌딩 1층 (미아동)","미아역 5번 출구 전방 도보로 5분 거리","상아약국","02-985-3211","2000","0830","2000","0830","2000","0830","2000","0830","2000","0830","1400","0830","1930","0900","C1103355","011","76","10046","37.62157388070964","127.0277633409236"
"서울특별시 구로구 중앙로 100, 연세사랑모아여성병원 104,105호 (고척동)","법정공휴일 휴무","상아약국","02-2687-0456","1930","0900","1930","0900","1930","0900","1930","0900","1930","0900","1500","0900","C1106919","082","18","10047","37.506295780834854","126.86062233808201"
"경상남도 창원시 성산구 용지로 94, 올림피아상가 3층 (중앙동)","뉴올림피아상가3층","상아약국","055-279-0301","1830","0900","1830","0900","1830","0900","1830","0900","1830","0900","1300","0900","C2800890","515","15","10048","35.22387666275076","128.67786630787035"
"제주특별자치도 제주시 흥운길 6 (용담이동)","탑마트 후문옆","상아약국","064-711-3770","1830","0900","1830","0900","1830","0900","1230","0900","1830","0900","1230","0900","C2900030","690","042","10049","33.509697663275745","126.51102920238236"
"광주광역시 서구 독립로 175, 1층 (양동)","양동우진아파트 뒷편","상아약국","062-368-5959","1830","0900","1830","0900","1300","0900","1830","0900","1830","0900","1300","0900","C1500500","619","25","10050","35.14929447188365","126.90425536922268"
"대전광역시 대덕구 선비마을로23번길 65 102호","선비마을5단지앞농협과신협사이","상아약국","042-638-8275","2030","0900","2030","0900","2030","0900","2030","0900","2030","0900","1700","0900","C1600331","344","04","10051","36.365072222222224","127.444491666666664"
"경상북도 구미시 송동로 154","토요일 저녁시간 이후: 방문 전 전화확인 필요","경북구미시도량2동파크상가","상아약국","054-444-8882","2100","0900","2100","0900","2100","0900","2100","0900","2100","0900","2100","0900","2100","0900","C2700571","391","96","10052","36.14749995551907","128.3243692726863"
"전라남도 곡성군 옥과면 대학로 136,","전남과학대학과옥과농협사이","상아약국","061-362-5056","1630","0810","1630","0810","1630","0810","1630","0810","1630","0810","1200","0810","C2600181","575","04","10053","35.27558410117296","127.13462911105557"
"대구광역시 중구 달성로 95, 정수관비뇨기과 (달성동)","상아약국","053-565-7529","1800","0900","1800","0900","1800","0900","1800","0900","1800","0900","C1301829","419","23","10054","35.8737298441767","128.581902889386"
"부산광역시 동구 망양로 873, (범일동)","성북고개 버스정류장","상아약국","051-635-3316","1900","0900","1900","0900","1900","0900","1900","0900","1900","0900","1300","0900","1300","0900","1300","0900","C1200179","487","02","10055","35.138624999999998","129.047736111111107"
"서울특별시 노원구 동일로 1401, 1층 (상계동, 상아빌딩)","7호선 노원역 6번 츨구 입구","상아온누리약국","02-930-0012","2000","0800","2000","0800","2000","0800","2000","0800","2000","0800","1700","0900","C1101513","017","62","10056"
"서울특별시 동작구 양녕로26길 22 (상도동)","상도동 약수터 약수맨션 옆","상아온누리약국","02-823-7931","1830","0830","1830","0830","1830","0830","1830","0830","1830","0830","1300","0900","1300","0900","1300","0900","C1104892","070","37","10057","37.49766551375532","126.94397997511965"
"서울특별시 마포구 월드컵북로 381, 제상가동 지1층 113-1호 (상암동, 상암 월드컵파크 4단지)","상암나무약국","02-3152-3040","1940","1000","1940","1000","1940","1000","1940","1000","1540","1000","C1109702","039","07","10058","37.57832771545513","126.88981186001655"
"경기도 과천시 별양로 28 (원문동) 래미안 슈르상가 B동 3078호~3079호","상우약국","02-504-3121","1900","0830","1900","0830","1900","0830","1900","0830","1900","0830","C2103576","138","35","10059","37.42118522822836","126.99124248890496"
"경기도 의정부시 시민로 지하 100, 의정부지하상가 동부아열114호 (의정부동)","상원약국","031-874-8007","1800","0900","1800","0900","1800","0900","1800","0900","1800","0900","C2108495","116","96","10060","37.739245607783","127.047583828857"
"대구광역시 달서구 상화북로 188, 1층 (상인동)","상인365심야약국","053-633-7974","1800","0900","1800","0900","1800","0900","1800","0900","1800","0900","C1301846","428","14","10061","35.8130271614056","128.546239219389"
"대구광역시 달서구 월곡로 260","롯데백화점상인점뒤","상인약국","053-632-3332","1930","0900","1930","0900","1930","0900","1930","0900","1930","0900","1700","0900","C1301117","428","09","10062","35.817704460942224","128.53952117143427"
"서울특별시 송파구 올림픽로35가길 11 (신천동, 한신코아 110호)","한신코아오피스텔 상가 110호","상일약국","02-414-0185","1800","0800","1800","0800","1800","0800","1800","0800","1800","0800","C1101698","055","10","10063","37.51632437991025","127.10397743234309"
"서울특별시 강동구 고덕로 380, 고덕아르테온(근린생활시설-2) 2동 1층 105-1호 (상일동)","상일약국","02-481-9799","2100","0900","2100","0900","2100","0900","2100","0900","2100","0900","1500","0900","1500","0900","1500","0900","C1110228","052","74","10064","37.55648455499331","127.1681750502783"
"경상북도 구미시 금오대로14길 7-1","상일약국","054-464-1991","2000","0900","2000","0900","2000","0900","2000","0900","2000","0900","1500","0900","C2700255","393","62","10065","36.080231278767634","128.3737873114542"
"광주광역시 서구 상일로 58, 1층 (쌍촌동)","상일우리약국","062-371-1397","2000","0910","1800","0910","2000","0910","1800","0910","1800","0910","1300","0910","C1501446","619","42","10066","35.1607591669436","126.863457626344"
"경상북도 상주시 상산로 241 (남성동)","상주대한약국","0545345888","2100","0830","2100","0830","2100","0830","2100","0830","2100","0830","2100","0830","2100","0830","2100","0830","C2701705","372","11","10067","36.4125018075791","128.159180996649"
"경상북도 상주시 상산로 266, (남성동)","인디안 맞은편 파리바게뜨 뚜레쥬르 사이","상주종합약국","054-532-7599","2000","0830","2000","0830","2000","0830","2000","0830","2000","0830","1530","0830","1300","0830","C2700796","371","96","10068","36.414561627571885","128.15958243775896"
"강원특별자치도 원주시 상지대길 25-2 (우산동)","현대중앙병원 앞","상지약국","033-735-3950","1800","0900","1800","0900","1800","0900","1800","0900","1800","0900","1300","0900","C2200033","263","42","10069","37.3693030302324","127.93852154019258"
"서울특별시 강남구 선릉로93길 8, 1층 (역삼동)","상지온누리약국","02-554-0624","2200","0900","2200","0900","2200","0900","2200","0900","2200","0900","2000","0900","C1108826","061","49","10070","37.50555745057156","127.0477528032842"
"전북특별자치도 전주시 완산구 팔달로 13, (서서학동)","서서학동 우체국 옆","상진약국","063-284-3848","1900","0830","1900","0830","1900","0830","1900","0830","1900","0830","1400","0830","C2500548","551","02","10071","35.80413950861192","127.14849844712321"
"경기도 남양주시 경춘로1256번길 6, 105호 (평내동, 다모아프라자)","상쾌한숲속약국","031-591-9555","1500","0900","1500","0900","1500","0900","1500","0900","1500","0900","1600","0900","C2102735","122","23","10072","37.64594440659449","127.23437020952599"
"경기도 의정부시 시민로 333 (신곡동, 성원아파트)","상쾌한약국","031-841-1885","1800","0900","1800","0900","1800","0900","1800","0900","1800","0900","1300","0900","C2103885","117","82","10073","37.736594994578844","127.07170483230233"
"서울특별시 관악구 신림로 340, 르네상스복합쇼핑몰 3층 (신림동)","상쾌한약국","02-882-3357","2100","0900","2100","0900","2100","0900","2100","0900","2100","0900","1500","0900","1300","0930","1400","1000","C1108416","087","54","10074","37.48478726366619","126.93016153858902"
"울산광역시 남구 삼산로35번길 19-1, 1층 (신정동)","대체공휴일 상기동일 근무, 공휴일휴무","UBC사우나,HM병원 주차장 맞은편","상쾌한약국","052-227-6225","1800","0900","1800","0900","1300","0900","1800","0900","1800","0900","1300","0900","C1700262","446","77","10075","35.53535938161934","129.31156015526426"
"경기도 구리시 갈매중앙로 70, 1층 119호 (갈매동)","상쾌한약국","031-529-8882","1900","0900","1900","0900","1900","0900","1900","0900","1900","0900","2000","0900","C2107392","119","02","10076","37.6305347209","127.1171433976"
"서울특별시 은평구 역말로 101, 토마스빌딩 101호 (역촌동)","상쾌한온누리약국","02-382-6602","1900","0900","1900","0900","1900","0900","1900","0900","1900","0900","1300","0900","C1102687","033","98","10077","37.60847232918441","126.92021563883064"
"경기도 용인시 기흥구 강남동로100번길 5-1, (상하동)","상하동강남마을8,9단지사이최소아과옆","상하우리약국","031-275-7582","1930","0900","1930","0900","1930","0900","1930","0900","1930","0900","1300","0900","C2101124","169","81","10078","37.27277857954577","127.13718378021879"
"경기도 용인시 수지구 만현로 100, 거묵푸라자 203-1호 (상현동)","상현메디칼약국","031-272-8805","1830","0900","1830","0900","1830","0900","1830","0900","1830","0900","C2107150","169","30","10079","37.307968518808885","127.08496236306723"
"경기도 광주시 중앙로 88, 대영빌딩 (역동)","상현약국","031-768-2785","1900","0900","1900","0900","1900","0900","1900","0900","1900","0900","1400","0900","C2100604","127","58","10080","37.40780332902227","127.259601599838"
"경기도 용인시 수지구 광교중앙로 297, 광교 2차 푸르지오 D동 103호 (상현동)","상현약국","031-211-9465","1800","1000","1800","1000","1800","1000","1800","1000","1800","1000","C2108487","169","44","10081","37.2967198664476","127.06861385175"
"경기도 용인시 수지구 광교중앙로 302, 106호 (상현동)","상현중앙약국","031-217-8897","2500","0900","2500","0900","2500","0900","2500","0900","2500","0900","2500","0900","2500","1800","2500","1800","C2109942","169","43","10082","37.296841066732","127.069521766246"
"대구광역시 중구 국채보상로 544 (상서동)","중구만경관맞은편","상호약국","053-423-5929","1800","0900","1800","0900","1800","0900","1800","0900","1800","0900","1700","0900","C1300139","419","34","10083","35.87025192676017","128.59022488882013"
"강원특별자치도 강릉시 구정면 범일로 447","내곡동 주민센터에서 구정면방향 1km지점","새 구정프라자약국","033-642-3474","2300","0800","2300","0800","2300","0800","2300","0800","2300","0800","2300","0800","2300","0800","2300","0800","C2200624","256","22","10084","37.72791101911313","128.878865866194"
"전라남도 나주시 세지면 세남로 3 (동창종로약국)","세지의원 건너편","새 세기 동창종로약국","061-334-1688","1700","0800","1700","0800","1700","0800","1700","0800","1700","0800","1200","0800","C2600173","583","15","10085","34.9212831283015","126.74813218046907"
"경상남도 진주시 금산면 금산로 80","일요일,공휴일은 사정에 의해 운영 안할 때도 있어 필히 전화확인요망","금산초등학교맞은편, 금산복음의원 옆","새가람약국","0557625363","1800","0900","1800","0900","1800","0900","1800","0900","1800","0900","1300","0830","C2801074","526","33","10086","35.2145499607354","128.14515666369817"
"경상남도 창원시 성산구 동산로 124, 5층 520호 (상남동, 성원그랜드쇼핑)","성원종합상가","새가야약국","055-281-0985","1900","0900","1900","0900","1900","0900","1900","0900","1900","0900","1300","0900","C2801023","514","99","10087","35.21943456899699","128.6916303166907"
"대전광역시 동구 우암로 326, (가양동)","새가양약국","042-625-8997","1900","0900","1900","0900","1900","0900","1900","0900","1900","0900","1400","0900","C1600429","345","07","10088","36.34807218724771","127.45110132708754"
"서울특별시 강동구 양재대로 1595, 1층 (천호동,동부빌딩)","명일동 대신증권 건너편","새가정약국","02-471-1086","2000","0900","2000","0900","2000","0900","2000","0900","2000","0900","1500","0900","C1101780","053","06","10089","37.54792437402946","127.14307631597099"
"대구광역시 북구 칠곡중앙대로 442, 1층 (읍내동)","새강북약국","053-323-7701","2130","0800","2130","0800","2130","0800","2130","0800","2130","0800","1800","0800","1800","0800","C1301534","414","38","10090","35.9351582919","128.5491513566"
"경기도 성남시 수정구 수정남로324번길 2 (산성동)","토요일, 공휴일 방문 시 전화확인 필요","새강약국","031-747-4655","2000","0900","2000","0900","2000","0900","2000","0900","2000","0900","1600","0900","C2101125","131","24","10091","37.45646683798072","127.15357251396258"
"경상남도 창원시 마산합포구 합포로 82 (동성동)","새마을금고 맞은편 어시장 심약국-한일정형외과 사이","새건강약국","055-222-9311","1900","0900","1900","0900","1900","0900","1900","0900","1900","0900","1500","0900","C2800359","517","22","10092","35.20614815366281","128.57976061621437"
"세종특별자치시 조치원읍 새내4길 3","조치원읍 남리","새건강약국","044-862-2169","1830","0900","1830","0900","1830","0900","1830","0900","1830","0900","1330","0900","C1800046","300","27","10093","36.5974133261","127.2991007946"
"대구광역시 남구 성당로 200-1","성당시장네거리 우리은행 인근","새건강약국","053-621-0311","1900","0900","1900","0900","1900","0900","1900","0900","1900","0900","1500","0900","C1300769","424","54","10094","35.850788091415936","128.5734503251811"
"부산광역시 서구 까치고개로 214-1 (아미동1가)","1호선 토성역 8번 출구","새건강약국","051-247-8953","1800","0800","1800","0800","1800","0800","1800","0800","1800","0800","C1202489","492","45","10095","35.09964473590676","129.01922240098435"
"부산광역시 사하구 다대로 425, 2층 (다대동)","삼환아파트, BMC아파트, 코오롱아파트에 인접한 약국입니다","새건강약국","051-264-7119","2100","0900","2100","0900","1900","0900","2100","0900","2100","0900","1530","0900","C1201092","495","18","10096","35.06496526230607","128.97998439167665"
"대구광역시 동구 장등로 12 (신천동)","새건강한약국","053-744-4224","1730","0800","1730","0800","1730","0800","1730","0800","1730","0800","1400","0800","C1300123","412","61","10097","35.86857241011683","128.62338267873554"
"서울특별시 송파구 새말로8길 6, 1층 (문정동, 광덕빌딩)","건영아파트 앞 새건영약국","새건영약국","02-404-9960","1930","0900","1930","0900","1930","0900","1930","0900","1930","0900","1500","0900","C1101508","058","17","10098","37.48214314910508","127.12638711529077"
"서울특별시 용산구 후암로 91-1, (동자동)","용산구동자동5번지2호","새건우약국","02-752-4027","2100","0900","2100","0900","2100","0900","2100","0900","2100","0900","1300","0830","C1101617","043","24","10099","37.5533145384217","126.975284095685"
"경상남도 창녕군 남지읍 낙동로 518 (남지읍)","4째주 일요일만 운영","DC마트 부근","새경남약국","055-526-2875","2000","0900","2000","0900","2000","0900","2000","0900","2000","0900","1800","0900","1800","1000","C2800329","503","60","10100","35.3890586177","128.4810515919"
"경상남도 김해시 가락로 1","새경남약국","055-324-6662","1900","0830","1900","0830","1900","0830","1900","0830","1900","0830","1300","0830","C2801096","509","26","10101","35.22665839275296","128.8825032850488"
"경상남도 창원시 진해구 용원동로 262 1층 (용원동)","용원 어판장 입구","새경남약국","055-542-2585","2130","0730","2130","0730","2130","0730","2130","0730","2130","0730","2130","0730","2130","0730","2130","0730","C2800882","516","10","10102","35.09620577551822","128.82031456832064"
"부산광역시 남구 수영로 297","2호선 경성대부경대역 6번출구/대영빌딩 1층/경성대학교에서 대연동방향 100m","새경대약국","051-611-9333","1930","0900","1930","0900","1930","0900","1930","0900","1930","0900","1600","0900","1330","0900","C1200168","484","34","10103","35.1370342872916","129.09865732520376"
"경상북도 경산시 중앙로16길 2 (중방동)","경산시장입구대구은행맞은편횡단보도옆","새경북약국","053-815-1556","2000","0800","2000","0800","2000","0800","2000","0800","2000","0800","2000","0800","1900","0900","2000","0800","C2700209","386","28","10104","35.82298601168393","128.73565077959128"
"대구광역시 중구 달구벌대로 지하 2100, 반월당역 W133,134호 (덕산동)","새경북약국","053-256-9701","2130","0900","2130","0900","2130","0900","2130","0900","2130","0900","2130","0900","C1301686","419","57","10105","35.8644213158621","128.593340834492"
"경상북도 포항시 북구 중앙로 241 (죽도동)","포항 죽도시장 입구 건너편","새경북약국","054-232-8989","1900","0900","1900","0900","1900","0900","1900","0900","1900","0900","1500","0900","C2701401","377","39","10106","36.03437609886966","129.36523806377826"
"경상북도 구미시 형곡중앙로 41 (형곡동)","새경북약국","054-457-0080","2030","0930","2030","0930","2030","0930","2030","0930","2030","0930","1600","0930","C2700230","392","94","10107","36.111170886971664","128.33629566102147"
"경기도 광주시 경안로 39 (경안동)","새경안약국","031-798-0150","1800","0900","1800","0900","1800","0900","1800","0900","1800","0900","C2106380","127","60","10108","37.40922304522359","127.25643476594727"
"대구광역시 달서구 학산로 125, 2층 (본동)","달서구본동올림픽기념관맞은편","새경일온누리약국","053-526-2048","1800","0900","1800","0900","1800","0900","1800","0900","1800","0900","1300","0900","1300","0900","C1300209","427","33","10109","35.833834417474776","128.5404167668545"
"서울특별시 동대문구 경희대로1가길 27 (회기동)","새경희약국","02-964-2199","1830","0830","1830","0830","1830","0830","1830","0830","1830","0830","1330","0830","C1101667","024","54","10110","37.593056340978585","127.05150845617443"
"서울특별시 노원구 동일로 1003, 1층 (공릉동)","중간 미운영 시간 : 평일 21:00~22:00 미운영, 토요일 20:00~22:00 미운영, 일요일,공휴일 : 19:00~22:00 미운영","공공야간약국","태릉입구역 3번 출구 도보 1분","새고운약국","02-973-9286","2500","0900","2500","0900","2500","0900","2500","0900","2500","0900","2500","0900","2500","1000","2500","1000","C1102682","018","61","10111","37.6197084965109","127.074643004394"
"경기도 김포시 김포한강8로 382 (구래동)","새고은메디컬약국","070-4115-9107","1800","0900","1800","0900","1800","0900","1800","0900","1800","0900","C2107917","100","71","10112","37.643556423014175","126.62661366076769"
"전라남도 나주시 공산면 공산로 124-7","공산면사무소 근처 5일시장 근처","새공산약국","061-335-8494","1200","0800","1200","0800","1200","0800","1200","0800","1200","0800","1230","0800","C2600294","582","90","10113","34.94286661339805","126.60871568823218"
"경상남도 창원시 마산합포구 불종거리로 21","어시장참여성병원옆","새광성약국","055-246-0638","1800","0900","1800","0900","1800","0900","1800","0900","1800","0900","1400","0900","C2801103","517","29","10114","35.206284861108955","128.57639708267402"
"대구광역시 수성구 화랑로 68, 1층 (만촌동)","새국민약국","053-752-3771","1830","0900","1830","0900","1830","0900","1830","0900","1830","0900","1300","0900","C1300244","420","38","10115","35.8714462744","128.6346274724"
"서울특별시 성북구 화랑로 91 (하월곡동)","새국민약국","02-909-3463","2000","0850","2000","0850","2000","0850","2000","0850","2000","0850","1500","0850","2000","0850","2000","0850","C1102907","027","51","10116","37.60306551616435","127.04227169687951"
"충청북도 진천군 덕산읍 산수산단로 94-1","새굿모닝약국","043-537-1230","2100","0800","2100","0800","2100","0800","2100","0800","2100","0800","1900","0900","1900","0900","1900","0900","C2301135","278","56","10117","36.89466721357205","127.48737523364383"
"부산광역시 연제구 월드컵대로 343, 201,202호 (거제동, 대우그린타워아파트)","새그린 약국","051-504-7234","1800","0900","1800","0900","1800","0900","1800","0900","1800","0900","C1202696","475","27","10118","35.1878038008399","129.061396772362"
"경기도 안산시 단원구 원포공원1로 49, 309호 (초지동)","공휴일 운영 유동적","고잔이마트앞","새그린약국","031-485-2315","2100","0830","2100","0830","2100","0830","2100","0830","2100","0830","1600","0830","1600","0900","C2103625","154","55","10119","37.30245149665559","126.81239613512352"
"경기도 안양시 동안구 경수대로 557, 1층 104호 (호계동)","새그린약국","031-452-4350","1930","0830","1930","0830","1930","0830","1930","0830","1930","0830","1330","0830","C2108692","141","15","10120","37.3724386196175","126.957362886949"
"서울특별시 송파구 토성로 58 (풍납동)","강동구청역 4번 출구 5분 거리","새그린약국","02-473-6688","1830","0900","1830","0900","1830","0900","1830","0900","1830","0900","1400","0900","C1104053","055","37","10121","37.52894281738225","127.11616808272355"
"인천광역시 부평구 충선로203번길 16, 창성프라자 109호 (삼산동)","운영시간 확인 필요","새글로라약국","032-522-3550","1830","0900","1830","0900","1830","0900","1830","0900","1830","0900","1300","0900","C1402199","213","44","10122","37.5075576646396","126.735393506604"
"경기도 성남시 중원구 자혜로8번길 4, 1층 (금광동)","새금광약국","031-744-1051","2000","0900","2000","0900","2000","0900","2000","0900","2000","0900","1600","0900","C2102212","131","70","10123","37.450255555555557","127.160488888888892"
"경기도 성남시 중원구 광명로 332, 만년빌딩 1층 (금광동)","상기한 시간을 확인하시고 031-747-7633으로 전화 후 내방 바랍니다.","바른마디 병원 옆에 있습니다.","새금빛약국","031-747-7633","2000","0900","2000","0900","2000","0900","2000","0900","2000","0900","1800","0900","1900","0900","1800","0900","C2109201","131","82","10124","37.4453578011606","127.162866776693"
"광주광역시 동구 중앙로 229","대인시장입구에서대한생명사이","새금호약국","062-228-9991","1800","0900","1800","0900","1800","0900","1800","0900","1800","0900","1400","0900","C1500135","614","27","10125","35.15286859365973","126.91842858440796"
"광주광역시 광산구 어등대로665번길 3 (소촌동)","금호타이어광주공장건너편S오일앞","새금호약국","062-945-1777","1900","0900","1900","0900","1900","0900","1900","0900","1900","0900","1400","0900","C1500456","623","89","10126","35.144858333333332","126.790916666666661"
"강원특별자치도 철원군 갈말읍 명성로 204, 새길약국 (갈말읍)","철원길병원 앞","새길약국","033-452-5897","1730","0830","1730","0830","1730","0830","1730","0830","1730","0830","1230","0830","C2200301","240","34","10127","38.14974404994079","127.30769667174133"
"대전광역시 중구 목중로 31-1 (목동)","선병원주차장부근","새길약국","042-221-3370","1830","0900","1830","0900","1830","0900","1830","0900","1830","0900","1300","0900","C1600153","348","11","10128","36.336433333333332","127.410277777777779"
"인천광역시 남동구 독점로29번길 38, 1층일부 (구월동)","인천길병원 이비인후과 센터 옆.","새길약국","032-467-6443","1800","0830","1800","0830","1800","0830","1800","0830","1800","0830","1200","0830","C1400211","215","65","10129","37.45257146249482","126.70883388240963"
"경상북도 김천시 모암길 25","김천의료원정문앞","새김천약국","054-433-1942","2100","0830","2100","0830","2100","0830","2100","0830","2100","0830","1300","0830","C2700238","395","89","10130","36.121714168184155","128.1267307369693"
"부산광역시 연제구 거제천로 89 (거제동)","1호선 시청역 7번 출구","새나라약국","051-851-7588","1900","0900","1900","0900","1900","0900","1900","0900","1900","0900","1700","0900","C1201035","475","43","10131","35.18227709278081","129.0730600838261"
"세종특별자치시 남세종로 73, 111호 (집현동)","점심시간 13:00~14:00 수요일 13:00 까지 운영 일요일 및 공휴일 휴무","점심시간 13:00~14:00 수요일 13:00 까지 운영 일요일 및 공휴일 휴무","집현동","새나루약국","050-713-3746","1830","0900","1830","0900","1300","0900","1830","0900","1830","0900","1300","0900","C1800347","301","41","10132","36.491975619508","127.325664079893"
"서울특별시 관악구 난곡로 210, 2층 (신림동)","새난곡약국","02-861-0422","2000","0800","2000","0800","2000","0800","2000","0800","2000","0800","1700","0900","1300","0900","1300","0900","C1110024","088","49","10133","37.47370860872194","126.91844574005495"
"서울특별시 동작구 상도로 360, 1층 103호 (상도동)","새날약국","02-825-5293","2030","0900","2030","0900","2030","0900","2030","0900","2030","0900","1800","0900","C1109503","070","40","10134","37.49653194710314","126.95305301623088"
"강원특별자치도 춘천시 춘주로 151 (퇴계동)","현대1차 아파트 버스정류장 앞","새날약국","033-241-3639","1800","0900","1800","0900","1800","0900","1800","0900","1800","0900","1300","0900","C2200107","244","51","10135","37.85863031550404","127.72514968091409"
"서울특별시 금천구 남부순환로 1394","구로전화국 사거리","새남부약국","02-855-1241","2000","0930","2000","0930","2000","0930","2000","0930","2000","0930","1900","0900","C1102440","085","48","10136","37.47993627122135","126.90558695154427"
"서울특별시 송파구 석촌호수로 61, 트리지움상가 402-1호 (잠실동)","목요일 휴무","잠실새내역 2번 출구 바로 앞/트리지움상가","새내수약국","02-422-8326","2030","0930","1900","0930","2030","0930","1900","0930","2000","0930","1500","0930","C1108820","055","55","10137","37.51069607437825","127.08631099454666"
"서울특별시 송파구 올림픽로 지하140, 잠실새내역 217-103호 (잠실동)","새내역약국","02-422-5152","2300","0800","2300","0800","2300","0800","2300","0800","2300","0800","2300","1100","2300","1100","2300","1100","C1110310","055","55","10138","37.5116353249425","127.08637428502234"
"서울특별시 구로구 구로중앙로28길 65 (구로동)","구로5동 주민센터 맞은편","새녹십자약국","02-872-9750","1900","0900","1900","0900","1900","0900","1900","0900","1900","0900","1500","1000","C1102233","082","94","10139","37.50053915130207","126.88900175666909"
"충청북도 청주시 서원구 사직대로 292 (사직동)","새녹십자약국","043-274-0848","1800","0830","1800","0830","1800","0830","1800","0830","1800","0830","1300","0830","C2300297","361","101","10140","36.635805614573286","127.47984509003183"
"경기도 안양시 동안구 동안로 120, 평촌스포츠센타 301호 (호계동)","범계역3번출구","새누리약국","031-382-1748","1900","0900","1900","0900","1900","0900","1900","0900","1900","0900","1600","0900","C2103295","140","72","10141","37.389546473729226","126.95224693326671"
"대구광역시 서구 고성로 135, (원대동1가)","새달성약국","053-355-7227","1800","0900","1800","0900","1800","0900","1800","0900","1800","0900","1300","0900","C1300603","417","28","10142","35.8816116958","128.5804589162"
"경상북도 청도군 풍각면 송서11길 5, 서대구 약국","새대구약국","054-372-8034","1900","0830","1900","0830","1900","0830","1900","0830","1900","0830","1300","0830","1400","0830","C2700337","383","08","10143","35.640506042738004","128.6161241728875"
"경상북도 칠곡군 약목면 약목로 78","새대구약국","054-977-4073","1800","0900","1800","0900","1800","0900","1300","0900","1800","0900","1300","0900","C2701643","398","26","10144","36.03337006843659","128.3660821803581"
"경상북도 의성군 의성읍 문소3길 109","의성 시외버스터미널 내에 위치","새대구약국","054-834-6361","1930","0830","1930","0830","1930","0830","1930","0830","1930","0830","1600","0830","1300","0830","C2700650","373","35","10145","36.35548217334893","128.69389769313602"
"대구광역시 서구 큰장로 131 (내당동)","서문시장큰장네거리","새대구약국","053-572-8949","1850","0800","1850","0800","1850","0800","1850","0800","1850","0800","1850","0800","1850","0800","C1300327","418","06","10146","35.8700262119","128.5791171875"
"경기도 화성시 팔탄면 버들로 1349, 102호","새대신약국","031-354-9066","1800","0900","1800","0900","1800","0900","1800","0900","1800","0900","1300","0900","C2110158","185","78","10147","37.1275787698531","126.854709557305"
"부산광역시 동래구 서동중심로 4, 1층 (명장동)","버스정류장: 협진태양아파트","새대영당약국","051-526-5446","1930","0800","1930","0800","1930","0800","1930","0800","1930","0800","1600","0900","2100","0900","C1200775","477","60","10148","35.210141666666665","129.104199999999992"
"충청남도 서천군 한산모시길 31 (한산면)","한적한 시골 약국입니다","새대전약국","041-952-9118","1800","0900","1800","0900","1800","0900","1800","0900","1800","0900","1300","0900","C2401207","336","24","10149","36.084508037548595","126.80305870426015"
"대구광역시 수성구 지범로 105","새대종약국","053-783-4985","1830","0900","1830","0900","1830","0900","1830","0900","1830","0900","1600","0900","C1301049","421","89","10150","35.82516660328719","128.63242653875417"
"인천광역시 남동구 인주대로 594, 1층 (구월동)","새대찬약국","032-435-7582","1900","0900","1900","0900","1900","0900","1900","0900","1900","0900","1600","0900","A1403070","215","70","10151","37.44973452348046","126.70281445686723"
"경상남도 양산시 물금읍 화합길 6, 새대학약국","양산부산대학교앞 / 2째주 토요일 운영","새대학약국","055-363-5523","1830","0830","1830","0830","1830","0830","1830","0830","1830","0830","C2800873","506","10","10152","35.3288451337","129.0086998643"
"부산광역시 부산진구 복지로 77-1, (개금동)","인제대학교 부산백병원 입구","새대학약국","051-894-4477","1800","0830","1800","0830","1800","0830","1800","0830","1800","0830","1300","0830","C1200926","473","92","10153","35.14632448301544","129.02015138825808"
"경상남도 창원시 의창구 읍성로 60, 3층 (소답동)","새대학약국","055-251-1198","1900","0900","1900","0900","1900","0900","1900","0900","1900","0900","1600","0900","1200","0900","C2802123","511","99","10154","35.2647278487354","128.624473288856"
"부산광역시 연제구 월드컵대로 54 (연산동)","3호선 물만골역 4번 출구","새대한약국","051-862-7526","1900","0900","1900","0900","1900","0900","1900","0900","1900","0900","1500","0900","C1200533","475","90","10155","35.17939273493273","129.0848539450816"
"대구광역시 달서구 성지로 70","성서청구타운맞도로가","새대한약국","053-585-5185","1830","0900","1830","0900","1830","0900","1830","0900","1830","0900","1300","0900","C1300376","426","17","10156","35.855481588758906","128.5213218364181"
"서울특별시 송파구 오금로 176, 지인빌딩 1층 1호 (송파동)","송파나루역 4번 출구","새독일약국","02-423-9455","2030","0900","2030","0900","2030","0900","2030","0900","2030","0900","1700","0900","C1101796","056","63","10157","37.509118487577894","127.11387245986093"
"부산광역시 동래구 아시아드대로 225, 미남메디칼센터 (온천동)","3,4호선 미남역 1번출구","새동남약국","051-503-7003","1900","0900","1900","0900","1900","0900","1900","0900","1900","0900","1400","0900","C1200084","478","51","10158","35.2042605234658","129.0665988666684"
"부산광역시 동래구 명륜로98번길 10, (수안동)","수안교차로 근처","새동래약국","051-555-6933","1900","0900","1900","0900","1900","0900","1900","0900","1900","0900","1500","0900","C1200192","478","14","10159","35.202516666666668","129.083922222222213"
"대구광역시 동구 신암남로27길 81","새동보약국","053-941-0427","2230","0830","2230","0830","2230","0830","2230","0830","2230","0830","2230","0830","2200","0800","2230","0830","C1300322","412","18","10160","35.883819584839934","128.63083801424153"
"서울특별시 광진구 능동로 378, 1층 (중곡동)","중곡역 1번 출구 5분 거리","새동산약국","02-446-1515","2000","0900","2000","0900","2000","0900","2000","0900","2000","0900","1800","0900","C1103220","049","34","10161","37.562893494505545","127.0828539652774"
"경상남도 사천시 사천읍 진삼로 1480","곤양시외버스터미널 옆","새동산약국","055-853-0151","1700","0830","1700","0830","1700","0830","1700","0830","1700","0830","C2800077","525","18","10162","35.08344218984522","128.08629222765305"
"경상남도 함양군 함양읍 용평길 43","한마음병원옆","새동산약국","055-964-0067","2000","0830","2000","0830","2000","0830","2000","0830","2000","0830","2000","0830","2000","0830","2000","0830","C2800608","500","39","10163","35.51998690858475","127.73212656875253"
"경상북도 영천시 동부로 35, (야사동)","망정주공1차2차맞은편","새동산약국","054-332-3521","1900","0900","1900","0900","1900","0900","1900","0900","1900","0900","1500","0900","C2700655","388","61","10164","35.9734248021209","128.94829757367182"
"경상북도 봉화군 봉화읍 봉화로 1163, 새동산약국","봉화단위농협 맞은편","새동산약국","054-673-7948","1800","0830","1800","0830","1800","0830","1800","0830","1800","0830","C2700071","362","39","10165","36.891027777777779","128.737469444444457"
"대구광역시 달서구 월성로 42, (월성동)","새동산약국","053-635-7948","1430","0830","1430","0830","1430","0830","1430","0830","1430","0830","1400","0900","C1300621","427","26","10166","35.831614061","128.5307754939"
"경기도 안양시 만안구 병목안로 127 (안양동)","새동산약국","031-449-6053","2100","0900","2100","0900","2100","0900","2100","0900","2100","0900","2000","0900","1200","0900","2130","0900","C2101775","140","20","10167","37.39243015177773","126.90971649450885"
"서울특별시 송파구 풍성로25가길 11 (풍납동)","새동산약국","02-472-5549","1800","0900","1800","0900","1800","0900","1800","0900","1800","0900","1300","0900","C1101502","055","20","10168","37.53507452569942","127.12027052338333"
"서울특별시 동대문구 왕산로 225, 미주상가 A동 2층 11-2호 (청량리동)","청량리역 3번 출구","새동산약국","02-957-5502","1900","0800","1900","0800","1900","0800","1900","0800","1900","0800","1500","0800","1500","0900","1400","0900","C1102435","024","90","10169","37.5821227010138","127.047209103701"
"서울특별시 종로구 동호로 403, (종로5가)","종로5가역 7번 출구","새동서약국","02-2285-1055","2000","0800","2000","0800","2000","0800","2000","0800","2000","0800","2000","0800","C1104325","031","95","10170","37.570457132979435","127.0016922811958"
"충청북도 청주시 상당구 상당로 150 (북문로2가)","새동신약국","043-256-1130","1830","0900","1830","0900","1830","0900","1830","0900","1830","0900","1500","0900","C2300367","285","10","10171","36.64163915963135","127.49011513398437"
"경기도 구리시 이문안로 82 (수택동)","신정, 설, 추석 당일 휴무입니다.","새동신약국","031-564-6834","2100","0830","2100","0830","2100","0830","2100","0830","2100","0830","1500","0830","2000","0900","C2103804","119","40","10172","37.5919107384","127.140616238"
"경상북도 포항시 남구 연일읍 연일로 123","동아마트내","새동아약국","054-285-5051","2030","0930","2030","0930","2030","0930","2030","0930","2030","0930","1500","0900","C2700067","378","42","10173","35.999564262331326","129.34490263770303"
"부산광역시 부산진구 양정로 63, 원각사 2,3층 (양정동)","1호선 양정역 4번출구","새동의약국","051-911-0501","1800","0900","1800","0900","1800","0900","1800","0900","1800","0900","1300","0900","C1202613","472","25","10174","35.170792105852705","129.07738273622147"
"대전광역시 중구 보문로 166 , 1층 (대사동)","새동인당약국","042-256-9633","1830","0900","1830","0900","1830","0900","1830","0900","1830","0900","1400","0900","C1600424","349","37","10175","36.317577777777778","127.426299999999998"
"경상남도 거제시 옥포로 226","공휴일은 전화문의 요망","옥포중앙시장 앞","새동인약국","055-688-5788","2130","0900","2130","0900","2130","0900","2130","0900","2130","0900","2130","0900","2130","0900","C2800649","532","22","10176","34.89482021223237","128.690898739755"
"부산광역시 연제구 연수로 226 (연산동)","3호선 배산역 5번 출구","새동진약국","051-863-0550","1830","0900","1830","0900","1300","0900","1830","0900","1830","0900","1300","0900","C1200237","476","14","10177","35.173366666666666","129.09524444444753"
"경상남도 남해군 삼동면 봉화로 4","새동천약국","055-867-4979","1800","0900","1800","0900","1800","0900","1800","0900","1800","0900","1300","0900","C2800905","524","46","10178","34.80803114856594","128.0345560443805"
"경상북도 포항시 남구 중앙로122번길 29 (해도동)","동해종합시장내","새동해약국","054-282-1003","1930","0900","1930","0900","1930","0900","1930","0900","1930","0900","1300","0900","C2700315","377","91","10179","36.02456419589101","129.37152152688452"
"경기도 시흥시 시흥대로1073번길 5 (신천동)","새들약국","031-312-5760","2100","0900","2100","0900","2100","0900","2100","0900","2100","0900","1700","0900","C2101456","149","51","10180","37.4317464267","126.7920817019"
"세종특별자치시 새롬중앙로 41, 무지개타워 110호 (새롬동)","연중 무휴 09:00~21:00 일, 공휴일 운영","연중 무휴 09:00~21:00 일, 공휴일 운영","새롬동","새뜸365약국","044-867-0365","2100","0900","2100","0900","2100","0900","2100","0900","2100","0900","2100","0900","2100","0900","2100","0900","C1800319","301","26","10181","36.484533296443","127.251232911096"
"경상북도 포항시 남구 중앙로 62","해도농협건너편","새럭키약국","054-281-9478","2200","0800","2200","0800","2200","0800","2200","0800","2200","0800","2000","0800","2000","0900","2000","0800","C2700494","378","09","10182","36.01877487801297","129.36995067259784"
"전북특별자치도 전주시 완산구 용머리로 66, (효자동1가)","김양박 이비인후과 아래","새로나약국","063-222-3292","1830","0830","1830","0830","1830","0830","1830","0830","1830","0830","1500","0830","C2500279","550","81","10183","35.806390863385005","127.11754349363272"
"충청남도 천안시 동남구 충절로 29, (신부동)","한마음정형외과 옆","새로나약국","041-551-3367","2130","0900","2130","0900","2130","0900","2130","0900","2130","0900","1900","0900","C2400183","311","25","10184","36.81645135053656","127.15850680328267"
"경기도 시흥시 중심상가4길 24, E 1빌딩 1층 104호 (정왕동)","새로봄약국","0314324993","1800","0900","1800","0900","1800","0900","1800","0900","1800","0900","1300","0900","C2109597","150","66","10185","37.3434952783914","126.737296403977"
"경기도 부천시 원미구 부흥로315번길 62, 필-그린타워 104호 (중동)","새로온누리약국","032-713-8337","1800","0900","1800","0900","1800","0900","1800","0900","1800","0900","1300","0900","C2109804","145","82","10186","37.4974376663969","126.777227877041"
"충청남도 태안군 태안읍 중앙로 33, 1층","새로운 약국","041-673-1672","1900","0700","1900","0700","1900","0700","1900","0700","1900","0700","1900","0700","1300","0700","C2401755","321","42","10187","36.7558216495604","126.294014382719"
"경기도 화성시 동탄반석로 204, 102호 (반송동, 제일프라자)","동탄1동주민센타맞은편1층","새로운건강약국","031-8003-1914","2130","0900","2130","0900","2130","0900","2130","0900","2130","0900","1700","0900","C2106462","184","53","10188","37.20665207497275","127.07281722120015"
"전라남도 순천시 백강로 375-11 (조례동)","금당지구해룡농협옆","새로운약국","061-723-7572","1900","0830","1900","0830","1900","0830","1900","0830","1900","0830","1250","0830","C2600478","579","34","10189","34.9498764642525","127.52826730979125"
"경상북도 경주시 천북면 산업로 4974-3, 나동 2층","새마을금고 건물","새로운약국","054-776-2259","1730","0900","1730","0900","1730","0900","1730","0900","1730","0900","1600","0900","C2701412","380","39","10190","35.9202615419","129.2454325011"
"충청북도 청주시 청원구 율량로3번길 36","청주성모병원새로나는길정면","새로운약국","043-211-0354","1900","0900","1900","0900","1900","0900","1900","0900","1900","0900","1600","0900","C2300332","283","23","10191","36.67265461249993","127.48591419204111"
"경기도 성남시 중원구 성남대로 1141, 1층 (성남동, 둔전빌딩)","새로운약국","031-751-0028","2030","0900","2030","0900","2030","0900","2030","0900","2030","0900","1700","0900","C2101470","133","76","10192","37.431718575776834","127.12881602824989"
"경기도 수원시 영통구 봉영로 1623, 드림피아빌딩 5층 (영통동)","새로운약국","070-8800-3921","1800","0900","1800","0900","1300","0900","1800","0900","1800","0900","C2108203","167","03","10193","37.2559361671782","127.074734153872"
"경기도 성남시 분당구 야탑로69번길 2, 1층 1층일부호 (야탑동)","새로운약국","031-702-5003","2000","0830","2000","0830","2000","0830","2030","0930","2000","0830","1800","0830","C2102368","134","97","10194","37.41009648217009","127.1267959726325"
"대구광역시 달서구 달구벌대로205길 11, 1층 (호산동)","새로운약국","053-585-0535","1800","0900","1800","0900","1800","0900","1800","0900","1800","0900","C1301803","426","02","10195","35.8538677043045","128.478785700769"
"인천광역시 연수구 인천타워대로132번길 34, 103호 (송도동)","새로이약국","032-859-8834","2030","0900","2030","0900","2030","0900","2030","0900","2030","0900","1600","0900","C1401824","219","98","10196","37.386363983184","126.64394494869"
"서울특별시 관악구 난곡로 197, 남강빌딩 지1층 (신림동)","평일 휴게시간 13:00-14:00","새로이약국","02-855-3360","2000","0930","1800","0930","1800","0930","1800","0930","2030","0930","1500","0930","C1109752","088","58","10197","37.47256241274184","126.91893874527021"
"대구광역시 동구 메디밸리로 19, 1층 103호 (대림동)","새론약국","053-963-3691","1930","0900","1930","0900","1930","0900","1930","0900","1930","0900","1400","0900","C1301376","410","72","10198","35.874267418153714","128.7493323615398"
"경상남도 창원시 마산회원구 3·15대로 800 (합성동)","공휴일 운영은 전화 확인 필요","합성동 경남은행 근처","새론약국","055-253-7596","1800","0900","1800","0900","1800","0900","1800","0900","1800","0900","1300","0900","C2800393","513","56","10199","35.24244292628956","128.5860073084361"
"부산광역시 남구 수영로 345, 115동 310호 (대연동, 대연힐스테이트푸르지오)","일요일,공휴일 휴무 13:00-13:30 휴게시간","힐스테이트푸르지오 주상복합상가 3층에 있습니다. 대연 3동 주민센터가 있는 건물 3층입니다.","2호선 경성대부경대역 3번 출구","새론약국","051-623-8700","1900","0900","1900","0900","1900","0900","1900","0900","2100","0900","1500","0900","C1200006","484","32","10200","35.13996363712607","129.10350691393975"
"서울특별시 서대문구 증가로 85 (연희동)","새롬m약국","02-335-3814","2000","0900","2000","0900","2000","0900","2000","0900","2000","0900","1700","0900","C1101689","037","00","10201","37.5748066796997","126.926752570081"
"세종특별자치시 새롬중앙로 62-15, 해피라움W 3층 302호 (새롬동)","새롬동","새롬가온약국","044-863-8712","2100","0830","2100","0830","2100","0830","2100","0830","2100","0830","1400","0830","1400","0830","1400","0830","C1800259","301","27","10202","36.4869275931","127.2512280314"
"세종특별자치시 새롬중앙로 59, 새롬빌딩 105호 (새롬동)","2020년 1월24일 오전10:00~13:00 1월27일 정상근무","새롬동","새롬솔약국","044-862-0193","1930","0900","1930","0900","1930","0900","1930","0900","1930","0900","1600","0900","C1800236","301","26","10203","36.4860716105","127.2503146284"
"경상남도 양산시 물금읍 범어로 62 ,109호","새롬약국","055-388-5099","1900","0900","1900","0900","1900","0900","1900","0900","1900","0900","1500","0900","C2801110","506","11","10204","35.32874462467917","129.01430545300792"
"대전광역시 서구 문정로 131 (탄방동)","새롬약국","042-485-9852","2030","0900","2030","0900","2030","0900","2030","0900","2030","0900","1300","0900","C1601060","352","51","10205","36.34706144423493","127.3946466027798"
"전라남도 영광군 영광읍 옥당로 150,","우리이비인후과 밑.","새롬약국","061-351-0656","1700","0800","1700","0800","1700","0800","1700","0800","1700","0800","1200","0800","C2600517","570","43","10206","35.275468575966414","126.50164767057768"
"경상북도 구미시 산호대로31길 15, 4공단메디파크 103,104호 (옥계동)","새롬약국","070-4178-6654","1930","0900","1930","0900","1930","0900","1930","0900","1930","0900","1700","0900","C2701557","391","85","10207","36.13774712162388","128.42208151018448"
"경상북도 칠곡군 왜관읍 중앙로 86, 1층","새롬약국","054-974-9399","2030","0830","2030","0830","2030","0830","2030","0830","2030","0830","1700","0830","C2701683","399","03","10208","35.9824781974919","128.399030451549"
"전북특별자치도 정읍시 학산로 117-16 (상동)","새롬약국","063-533-6788","1900","0900","1900","0900","1300","0900","1900","0900","1900","0900","1300","0900","C2501138","561","94","10209","35.557265249003414","126.87368882039703"
"대구광역시 달서구 이곡공원로 46","새롬약국","053-587-9792","1800","0900","1800","0900","1800","0900","1800","0900","1800","0900","1230","0900","C1300600","426","20","10210","35.855021108493574","128.51239109531218"
"경기도 안산시 단원구 선부광장1로 118, 105호 (선부동)","새롬약국","031-484-6659","2100","0900","2100","0900","2100","0900","2100","0900","2100","0900","1900","0900","C2101906","153","68","10211","37.332786111111112","126.811963888888883"
"경기도 수원시 권선구 권선로 532","정조사거리에서수원역방향인성주유소맞은편","새롬약국","031-236-9278","1900","0900","1900","0900","1900","0900","1900","0900","1900","0900","1800","0900","1800","0900","C2101254","165","75","10212","37.26314428696792","127.00980073532617"
"충청북도 청주시 흥덕구 2순환로 1004, 롯데아울렛 청주점 1층 (비하동)","새롬약국","043-231-0622","2130","1030","2130","1030","2130","1030","2130","1030","2130","1030","2130","1030","2130","1030","2130","1030","C2301162","283","60","10213","36.6451741075822","127.421643447175"
"경기도 남양주시 진접읍 해밀예당1로 298, 102호","새롬약국","031-527-0732","1600","0900","1600","0900","1600","0900","1600","0900","1600","0900","C2107289","120","61","10214","37.7247883962","127.2081857433"
"충청북도 청주시 서원구 사직대로 99, (사창동)","사창사거리민병열산부인과옆","새롬약국","043-273-6996","1900","0900","1900","0900","1900","0900","1900","0900","1900","0900","1630","0900","1300","0900","C2300156","285","75","10215","36.635086563041","127.45831911994216"
"인천광역시 부평구 부평대로 171-11, 1층 (청천동)","새롬약국","032-504-1364","1800","0830","1800","0830","1800","0830","1800","0830","1800","0830","1300","0830","C1401731","213","64","10216","37.5065002784","126.7200068274"
"경기도 광주시 태봉로43번길 6 (태전동)","새롬약국","031-763-3991","2000","0900","2000","0900","2000","0900","2000","0900","2000","0900","1500","0900","1300","0900","C2106379","127","84","10217","37.38892147423534","127.23005922528054"
"서울특별시 송파구 석촌호수로 130, 206호 (삼전동)","새롬약국","02-415-8839","2200","0900","2200","0900","2200","0900","2200","0900","2200","0900","2200","0900","2200","0900","2200","0900","C1107952","055","99","10218","37.50719401594749","127.09150392746186"
"경기도 구리시 장자대로 74, 새롬프라자8차 (수택동)","새롬약국","031-567-0398","2000","0900","2000","0900","2000","0900","2000","0900","2000","0900","1400","0900","C2103965","119","48","10219","37.5873692081746","127.13877918620068"
"전북특별자치도 전주시 완산구 거마평로 22, 22, 1층(삼천동1가)","삼천동 흥건@1단지 맞은편","새롬약국","063-226-7985","1900","0900","1900","0900","1900","0900","1900","0900","1900","0900","1400","0900","C2500196","550","88","10220","35.79432568146303","127.11705225625294"
"서울특별시 성북구 동소문로 47, 부라다리빙텔 (동소문동4가)","새롬약국","02-929-2225","1725","0800","1725","0800","1725","0800","1725","0800","1725","0800","1325","0800","C1110216","028","32","10221","37.59078083249804","127.01064615365586"
"경기도 안산시 단원구 화랑로 358, 자유센터빌딩 1층 119호 (고잔동)","일요일과 공휴일은 상황에 따라 영업시간 보고할 예정입니다..","새롬온누리약국","031-405-7573","2000","0830","2000","0830","2000","0830","2000","0830","2000","0830","2000","0830","C2107618","153","54","10222","37.3695110521","126.7280534717"
"세종특별자치시 새롬중앙로 62-15, 해피라움W 402호 (새롬동)","새롬동","새롬정약국","044-715-5502","2000","0830","2000","0830","2000","0830","2000","0830","2000","0830","1700","0830","C1800245","301","27","10223","36.4869275931","127.2512280314"
"서울특별시 동대문구 답십리로 266, 1층 (장안동)","새린온누리약국","02-2214-3455","1900","0900","1900","0900","1900","0900","1900","0900","1900","0900","1600","0900","1200","1000","1800","0900","C1101793","026","24","10224","37.57229923179409","127.06994556776388"
"경상남도 창원시 마산회원구 3·15대로 679-1 (석전동, 동마산한의원)","동마산병원 옆","새마산약국","055-255-0799","2030","0830","2030","0830","2030","0830","2030","0830","2030","0830","1930","0830","C2800855","513","03","10225","35.23371974474019","128.57843877980815"
"울산광역시 울주군 온양읍 대안3길 58, 1층 2호","새마을약국","052-239-3843","1910","0900","1910","0900","1910","0900","1910","0900","1910","0900","1300","0900","C1700703","449","78","10226","35.4103808988001","129.282533083051"
"경상남도 사천시 문선1길 25 (벌리동)","제일병원 뒤","새마음약국","055-835-9590","1830","0830","1830","0830","1830","0830","1830","0830","1830","0830","1600","0830","2200","0830","C2800679","525","60","10227","34.937445694610155","128.0798655054751"
"경기도 의정부시 새말로 1","새말약국","031-851-5999","1930","0830","1930","0830","1930","0830","1930","0830","1930","0830","1430","0830","C2102543","117","77","10228","37.74769871285617","127.06486659654536"
"강원특별자치도 횡성군 우천면 한우로 1396","일요일 유동적. 전화확인 후 방문","새말큰약국","033-342-6005","1900","0900","1900","0900","1900","0900","1900","0900","1900","0900","1800","0900","1800","0900","C2200594","252","48","10229","37.460351716446404","128.0642552287002"
"광주광역시 서구 죽봉대로 92 (광천동)","새맑은약국","062-351-7578","1800","0900","1800","0900","1800","0900","1800","0900","1800","0900","1500","0900","C1500291","619","17","10230","35.161593958289096","126.88388523401949"
"대구광역시 남구 대명서로 109","관문시장->대덕초교","새매일약국","053-629-5755","1830","0900","1830","0900","1930","0900","1830","0900","1830","0900","1430","0900","C1300113","424","98","10231","35.83304284866413","128.5584926805234"
"대구광역시 중구 명덕로 207 (남산동)","명덕네거리에서건들바위네거리방향으로100m좌측","새명덕약국","053-424-6461","1900","0900","1900","0900","1900","0900","1900","0900","1900","0900","1500","0900","C1300457","419","63","10232","35.85695486986936","128.59298716066237"
"부산광역시 중구 중구로 124-3, (동광동5가)","버스정류장: 메리놀병원 정문앞 (중구청 옆)","새명성약국","051-467-2270","1800","0900","1800","0900","1800","0900","1800","0900","1800","0900","1300","0900","C1200015","489","25","10233","35.107146531995404","129.0329969213383"
"서울특별시 종로구 새문안로 85, 1층 (신문로1가)","새명성약국","02-735-2870","1800","0800","1800","0800","1800","0800","1800","0800","1800","0800","1330","0930","C1110349","031","82","10234","37.57035745962334","126.97415737265774"
"경기도 고양시 일산동구 중앙로 1036, 지하2층 (백석동, 고양종합양터미널)","의약품 판매, 처방은 안함","새명약국","031-936-7671","2200","1000","2200","1000","2200","1000","2200","1000","2200","1000","2200","1000","2200","1000","2200","1000","C2104139","104","50","10235","37.643246300279934","126.78971245834385"
"대구광역시 남구 봉덕로 73","남구청사거리세명병원옆","새명약국","053-473-3434","1900","0900","1900","0900","1900","0900","1900","0900","1900","0900","1600","0900","C1300747","424","38","10236","35.84507912900628","128.59908605164844"
"경기도 성남시 중원구 성남대로1148번길 2 , 1층 101,102,103호 (성남동, 소평빌딩) (성남동)","모란역 2번출구 앞","새모란21세기약국","031-758-1940","2300","0800","2300","0800","2300","0800","2300","0800","2300","0800","2300","0800","2200","0800","2200","0800","C2103771","133","65","10237","37.4322764122","127.1295064221"
"울산광역시 동구 내진1길 2 (방어동)","방어동시외버스터미널앞","새모범약국","052-232-6642","1930","0900","1930","0900","1930","0900","1930","0900","1930","0900","1800","0900","1900","1300","1900","1300","C1700187","441","10","10238","35.486500703445046","129.42594764441287"
"부산광역시 북구 백양대로 1189, 1층 (구포동)","지하철 덕천역 1번출구에서 신모라 방향","새모범약국","051-333-5280","2000","0730","2000","0730","2000","0730","2000","0730","2000","0730","2000","0730","2000","0730","2000","0730","C1200353","465","81","10239","35.208477750691166","129.004990858008"
"서울특별시 양천구 목동서로 37 (목동, 하이베라스)","새목동약국","02-2645-3727","2000","0900","2000","0900","2000","0900","2000","0900","2000","0900","1600","0900","C1107457","079","84","10240","37.5375610293427","126.88170554268565"
"경상남도 양산시 장터1길 5-6, (중부동)","일요일,공휴일 전화확인요망","중부동남부시장내","새무궁화약국","055-386-5000","2100","0900","2100","0900","2100","0900","2100","0900","2100","0900","2100","0900","2000","0900","1900","0900","C2800102","506","21","10241","35.342085962234705","129.03662389082845"
"서울특별시 용산구 한강대로 55 (한강로3가)","새무림약국","02-794-4727","1800","0900","1800","0900","1800","0900","1800","0900","1800","0900","1300","0900","C1102820","043","79","10242","37.525874876705196","126.96443517514265"
"서울특별시 양천구 신월로 282, 2층 (신정동)","평일 휴게시간 13:00~14:00 일요일, 공휴일 운영 안 하는 경우 있음","신정네거리역 2번 출구 앞 2층","새무지개약국","02-2699-8787","2100","0900","2100","0900","2100","0900","2100","0900","2100","0900","1300","0900","1300","0900","C1104324","080","58","10243","37.521091213158925","126.85214748407319"
"부산광역시 북구 낙동대로1780번길 99, 1층 (구포동)","일요일 운영 확인 후 방문 요망","구포시장 GS마트 앞","새문약국","070-4010-5523","1900","0900","1900","0900","1900","0900","1900","0900","1900","0900","1600","0900","C1200972","465","82","10244","35.205707134564875","129.00387417371812"
"서울특별시 구로구 가마산로 208, 1,2,3층 (구로동)","새문약국","02-858-3824","1820","0830","1820","0830","1820","0830","1820","0830","1820","0830","1300","0900","C1109501","083","08","10245","37.4930510337285","126.884178029776"
"울산광역시 중구 태화로 180, B동 1층 (태화동)","태화동버스정류장앞","새물약국","052-243-2590","1900","0900","1900","0900","1900","0900","1900","0900","1900","0900","1400","0900","1400","0900","C1700120","444","57","10246","35.552111111111110","129.295336111111112"
"전라남도 나주시 이창1길 9, 1층 (이창동)","영산포터미널 뒷편","새물약국","061-334-4355","1800","0800","1800","0800","1800","0800","1800","0800","1800","0800","1230","0800","C2600176","582","74","10247","34.99551394844598","126.7131333463904"
"울산광역시 동구 방어진순환도로 1160, 새미래약국 (서부동)","365일 약국입니다 공휴일 설날 추석 당일에도 오픈합니다~","남목 주민 자민센터 옆 (미래아동병원)","새미래약국","052-236-1356","1900","0900","1900","0900","1900","0900","1900","0900","1900","0900","1600","0900","1600","0900","1600","0900","C1700017","440","10","10248","35.53975607841362","129.4219712577752"
"대구광역시 동구 아양로 248 (효목동)","새미래약국","053-951-7050","1900","0900","1900","0900","1900","0900","1900","0900","1900","0900","1600","0900","1300","0900","C1301437","411","69","10249","35.8870105772","128.6401874569"
"서울특별시 강서구 화곡로 196 (화곡동)","화곡역 3번 출구","새미래약국","02-2602-5269","2000","0900","2000","0900","2000","0900","2000","0900","2000","0900","1600","0900","1300","0900","1300","0900","C1103575","077","21","10250","37.54306159110363","126.84302062762397"
"경상남도 진주시 진주대로953번길 6 (강남동)","미래아동병원 건물 1층","새미래약국","055-762-7588","2100","0900","2100","0900","2100","0900","2100","0900","2100","0900","1700","0900","C2801782","527","09","10251","35.185287310214","128.08774065700862"
"광주광역시 북구 각화대로 22 (각화동)","새미래약국","062-263-2900","1730","0900","1730","0900","1730","0900","1730","0900","1730","0900","1230","0900","C1501276","611","65","10252","35.1811009645241","126.933064899115"
"부산광역시 해운대구 좌동로 66","버스정류장: 제일여성병원 1층","새미소약국","051-747-2354","1830","0900","1830","0900","1830","0900","1830","0900","1830","0900","1500","0900","1300","0900","C1201113","481","02","10253","35.17071293522463","129.17309439504717"
"서울특별시 동작구 동작대로 25, 4층 403호 (사당동)","사당역 10번 출구 전방 50m 사임당빌딩 4층","새미약국","02-586-7618","1900","0900","1900","0900","1900","0900","1900","0900","1900","0900","1400","0900","C1103973","070","15","10254","37.47877191895838","126.9813087485185"
"대구광역시 북구 동북로 162, 1층 (산격동)","새민약국","053-956-7585","1900","0900","1900","0900","1900","0900","1900","0900","1900","0900","1400","0900","C1301610","415","35","10255","35.899237112062096","128.61036763599512"
"서울특별시 성북구 북악산로 845, 203동 301호 (정릉동, 정릉쌍용아파트)","주말은 유동적으로 운영하므로 전화 확인 후 방문바랍니다.","쌍용아파트상가 203동 301호","새민우약국","02-917-4275","2100","0830","2100","0830","2100","0830","2100","0830","2100","0830","2200","1000","C1101613","028","18","10256","37.599294261389815","127.0183193589472"
"대구광역시 달서구 월배로 233 (상인동)","새밝은약국","053-631-5071","1800","0830","1800","0830","1800","0830","1800","0830","1800","0830","1300","0830","C1301372","427","48","10257","35.8195123067814","128.53875737612878"
"전북특별자치도 고창군 고창읍 중앙로 224","공휴일은 당번일때만 운영","축협 옆","새백제약국","063-564-0358","1810","0820","1810","0820","1810","0820","1810","0820","1810","0820","1240","0820","C2500076","564","32","10258","35.43497697293318","126.69987463612927"
"충청남도 논산시 시민로294번길 13 (취암동)","백제병원 정문앞에 위치한 새백제약국입니다.","새백제약국","041-733-7551","1730","0830","1730","0830","1730","0830","1730","0830","1730","0830","1300","0830","1300","0830","C2401406","329","80","10259","36.1926633412","127.0937384513"
"인천광역시 남동구 남동대로 875, (간석동)","올리브백화점 맞은편","새백화점약국","032-438-6789","2000","1000","2000","1000","2000","1000","2000","1000","2000","1000","2100","0800","1400","0900","C1400380","215","50","10260","37.46068600752301","126.70812424167687"
"인천광역시 연수구 인천타워대로 365, 302동 215호 (송도동, 힐스테이트 송도 더스카이)","13:00~14:00 월,화,목,금 휴게시간","새별약국","032-831-3890","1900","0900","1900","0900","1300","0900","1900","0900","1900","0900","1400","0900","C1402167","220","07","10261","37.4020800569367","126.628247602034"
"강원특별자치도 원주시 무실로12번길 24 (일산동)","농협 인근","새별약국","033-735-1694","1830","0900","1830","0900","1830","0900","1830","0900","1830","0900","1300","0900","C2200552","264","27","10262","37.34966037669597","127.94831658377711"
"경상북도 경산시 경안로 186, 1층 (중방동)","새별약국","053-812-2558","1830","0830","1830","0830","1300","0830","1830","0830","1830","0830","1300","0830","C2701416","386","18","10263","35.8242485732","128.7376071655"
"제주특별자치도 제주시 한림읍 동명북1길 11, 1층 102호 (한림읍)","목요일은 드물지만 오후 1시까지만 근무하는 날이 있습니다.","새별약국","064-796-7966","1830","0830","1830","0830","1830","0830","1300","0830","1830","0830","1300","0830","C2900497","630","13","10264","33.408666958314555","126.26434264972433"
"광주광역시 광산구 풍영로101번안길 1-7, 1층 104호 (흑석동)","새별약국","062-710-1011","1900","0800","1900","0800","1900","0800","1900","0800","1900","0800","1400","0800","C1501365","622","34","10265","35.1802259323259","126.811161921019"
"경기도 용인시 수지구 풍덕천로130번길 4","농협수지구청점뒤편주차장옆","새보건약국","031-266-2997","1830","0800","1830","0800","1830","0800","1830","0800","1830","0800","C2103377","168","35","10266","37.3229927453535","127.09626126394087"
"전북특별자치도 전주시 완산구 팔달로 158, (전동)","전라북도예술회관앞","새보건약국","063-287-0814","1800","0900","1800","0900","1800","0900","1800","0900","1800","0900","1500","0900","C2500614","550","42","10267","35.81649748345805","127.14786528076858"
"충청남도 논산시 중앙로 426(취암동)","건강보건센터보건소와사회복지회관사이","새보건약국","041-735-7515","1900","0830","1900","0830","1900","0830","1900","0830","1900","0830","1300","0900","1200","0900","C2400273","329","74","10268","36.1973680316","127.1062014567"
"서울특별시 동작구 보라매로5길 5, 101호 (신대방동, 보라매우성상가)","보라매우성상가","새보라매약국","02-832-4181","2020","0830","2020","0830","2020","0830","2020","0830","2020","0830","1750","0830","C1103480","070","71","10269","37.492499086085836","126.9251704332268"
"서울 영등포구 당산로31길 6 (당산동3가)","영등포구청역 3번 출구","새보람약국","02-2632-9359","2000","0830","2000","0830","2000","0830","2000","0830","2000","0830","1700","0830","1300","1000","1700","1030","C1107666","072","56","10270","37.52669275995319","126.89612979298691"
"경상남도 창원시 성산구 신촌로 102, 라동 107호 (신촌동, 양곡상가아파트)","12/25 성탄절 15:00 ~ 16:00 운영 종료","새마을금고 앞","새보람약국","055-286-1661","1930","0900","1930","0900","1930","0900","1930","0900","1930","0900","1730","0900","C2800562","515","64","10271","35.200624100542","128.62881018195753"
"충청남도 보령시 한내로 75 (동대동)","새보령약국","041-931-3307","1820","0840","1820","0840","1820","0840","1820","0840","1820","0840","1320","0840","C2401565","334","30","10272","36.3447264095907","126.61129491443765"
"경상북도 구미시 인동20길 56 (진평동)","진평동구미강동병원정문앞","새보령약국","054-476-5989","1900","0830","1900","0830","1900","0830","1900","0830","1900","0830","1300","0830","C2700052","393","99","10273","36.09472965785455","128.4240834555127"
"부산광역시 서구 구덕로185번길 32-1, 1층 (아미동2가)","1호선 토성역 2번 출구","새보림약국","051-256-4254","1800","0900","1800","0900","1800","0900","1800","0900","1800","0900","C1200807","492","41","10274","35.101371022630715","129.0183789699387"
"울산광역시 북구 호계2길 7, 103호 (호계동)","공휴일, 임시공휴일 ,일요일, 명절 휴무합니다","새보생약국","052-295-6020","1800","0900","1800","0900","1800","0900","1800","0900","1800","0900","1300","0900","C1700619","442","29","10275","35.6228188479","129.3554120818"
"서울특별시 도봉구 삼양로154길 42 (쌍문동)","휴게시간 목, 금 18:40-21:50, 토 13:20-21:50","우이동 덕성여대 후문에서 시장 쪽","새보은약국","02-996-7360","1840","0850","1840","0850","1840","0850","2500","0850","2500","0850","2500","0850","2500","2150","C1101522","013","67","10276","37.6556447843763","127.015624947396"
"서울특별시 금천구 독산로 138","새보은약국","02-802-3077","2000","0830","2000","0830","2000","0830","2000","0830","2000","0830","2000","0900","C1102814","085","68","10277","37.459620367614534","126.90512365002415"
"경상북도 영천시 시장3길 10-11","영천시완산동백천빌딩1층","새복약국","054-333-8222","1800","0830","1800","0830","1300","0830","1800","0830","1800","0830","1300","0830","C2700486","388","89","10278","35.96516791956781","128.93867437947313"
"경상남도 김해시 활천로 35","김해복음병원정문바로옆","새복음약국","055-325-8114","1900","0900","1900","0900","1900","0900","1900","0900","1900","0900","1300","0900","C2800849","509","23","10279","35.23074445206302","128.8934797580336"
"부산광역시 강서구 낙동북로 182 (대저1동)","버스정류장: 평강사거리 강서 LPG충전소 앞, 부산교도소입구","새복음약국","051-973-7615","1930","0830","1930","0830","1930","0830","1930","0830","1930","0830","1930","0830","C1201324","467","04","10280","35.214113888888889","128.948374999999999"
"대구광역시 북구 공항로 7, 1층 (복현동)","새복현약국","053-943-9386","1900","0900","1900","0900","1900","0900","1900","0900","1900","0900","1600","0900","1300","0900","C1300424","415","24","10281","35.89751770458858","128.61546730030128"
"경상남도 창원시 마산합포구 천하장사로 87 (상남동, 우신뉴타워아파트)","새봄안약국","055-222-3101","2030","0800","2030","0800","2030","0800","2030","0800","2030","0800","1930","0800","1930","1400","C2801934","512","73","10282","35.2114592613","128.5726224836"
"부산광역시 서구 대티로 169-1 (서대신동3가)","삼육부산병원 맞은편","새봄약국","051-256-7730","1800","0900","1800","0900","1800","0900","1900","0900","1300","0800","1900","0900","C1200938","492","09","10283","35.112544819118014","129.0117058687252"
"충청남도 아산시 번영로 223, 아산 동양고속터미널 복합시설 302호 (모종동)","새봄약국","041-546-5015","1900","0900","1900","0900","1900","0900","1900","0900","1900","0900","1400","0900","1300","0900","C2401383","315","22","10284","36.7848548885","127.015222632"
"전북특별자치도 익산시 서동로 31, 301동 104-2호 (인화동2가, 인화동 제이파크)","이마트건너편","새봄약국","063-852-7569","1830","0900","1830","0900","1830","0900","1830","0900","1830","0900","1330","0900","C2500637","546","05","10285","35.930570906802814","126.9566555699665"
"서울특별시 노원구 동일로203가길 29","중계근린공원 인근","새봄약국","02-949-4631","1830","0830","1830","0830","1830","0830","1830","0830","1830","0830","1300","0830","C1104057","017","79","10286","37.63941257879608","127.06445954258022"
"부산광역시 서구 구덕로 114","공휴일 운영 확인 후 방문요망","구세산부인과옆","새봄약국","051-242-4923","2000","0900","2000","0900","2000","0900","2000","0900","2000","0900","1400","0900","1300","0900","1300","0900","C1201164","492","47","10287","35.096731050013275","129.02383062854693"
"인천광역시 남동구 구월로 348, 광산빌딩 (만수동)","하이웨이주유소 부근","새봄약국","032-468-9196","1900","0900","1900","0900","1900","0900","1900","0900","1900","0900","1400","0900","C1400112","215","35","10288","37.45494864364449","126.72943976985246"
"인천광역시 중구 하늘별빛로 71, 타임프라자 104호 (중산동)","인천광역시 경제자유구역청 관리약국","새봄약국","032-751-4710","1600","0900","1600","0900","1600","0900","1600","0900","1600","0900","1600","0900","C1401535","223","97","10289","37.4895398327","126.563201348"
"대구광역시 남구 명덕시장길 51 (대명동)","영대병원~명덕시장 사이","새봄약국","053-655-8784","1830","0830","1830","0830","1830","0830","1830","0830","1830","0830","1230","0930","C1300961","705","802","10290","35.84560361366486","128.58586853726771"
"대구광역시 중구 달구벌대로 1992, 1층 (남산동)","새봄약국","053-428-7585","2000","0900","2100","0900","2000","0900","2100","0900","2000","0900","1400","0900","1300","0900","C1300594","419","75","10291","35.8644341494255","128.58209496162115"
"인천광역시 연수구 청능대로 210, 홈플러스 지하1층 X6,YI호 (동춘동)","매달 2,4번째 일요일 정기 휴무","새봄약국","032-817-2722","2200","1000","2200","1000","2200","1000","2200","1000","2200","1000","2200","1000","2200","1000","2200","1000","C1401514","219","75","10292","37.40599996898453","126.68362352109804"
"대구광역시 동구 아양로 40, 1층 (신암동)","정형외과가 공휴일에 운영하면 약국도 운영함","신암육교밑국민은행옆해맑은소아과의원1층","새봄약국","053-942-7585","1830","0900","1830","0900","1830","0900","1830","0900","1830","0900","1330","0900","1300","0900","C1300206","412","07","10293","35.881769970651405","128.61846960472775"
"대구광역시 북구 동화천로 245, 1층 106호 (연경동)","새봄약국","053-981-0075","1830","0900","1830","0900","1830","1400","1830","0900","1830","0900","1300","0900","C1301661","414","09","10294","35.9426550927991","128.617911038062"
"대구광역시 달성군 화원읍 비슬로 2593, 화원메디빌 104호","새봄약국","053-637-3848","1900","0900","1900","0900","1900","0900","1900","0900","1900","0900","1400","0900","C1301637","429","55","10295","35.8045599265256","128.500111639454"
"부산광역시 강서구 명지국제8로 269, 유당빌딩 1층 102호 (명지동)","점심 13:00-13:45","버스정류장: 명지대방노블랜드 오션뷰1차 아파트","새봄약국","051-203-4653","1800","0830","1800","0830","1800","0830","1800","0830","1800","0830","1300","0830","1300","0830","C1202479","467","26","10296","35.0981187186","128.9224233321"
"대구광역시 달서구 달구벌대로 1542","공휴일은 설 당일과 추석 당일제외하고 운영","새봄약국","053-561-1181","2200","0700","2200","0700","2200","0700","2200","0700","2200","0700","2200","0700","2200","0700","2200","0700","C1300480","426","88","10297","35.84961279169884","128.53582486313155"
"부산광역시 북구 금곡대로 344","덕천역 12번 출구","새봄약국","051-336-9032","1900","0900","1900","0900","1900","0900","1900","0900","1900","0900","1300","0900","C1200904","465","28","10298","35.239176359679256","129.0143038402939"
"경상북도 칠곡군 석적읍 북중리3길 31","중리농협에서금호어울림방향50미터.영남정형외과옆","새봄약국","054-976-5522","2030","0900","2030","0900","2030","0900","2030","0900","2030","0900","1400","0900","C2700056","398","39","10299","36.07801919798761","128.40973323570972"
"강원특별자치도 춘천시 퇴계로105번길 5 (퇴계동)","유승한내들아파트 건너편","새봄약국","033-264-5482","1800","0830","1800","0830","1400","0830","1800","0830","1800","0830","1300","0830","C2200506","243","76","10300","37.86181342288633","127.73198538544696"
"인천광역시 서구 중봉대로 587","새봄약국","032-562-8050","2230","1000","2230","1000","2230","1000","2230","1000","2230","1000","2230","1000","2300","1000","C1401648","227","62","10301","37.532373952","126.64874178090001"
"전라남도 여수시 문수로 114 (여서동)","새봄약국","061-655-2311","1300","0830","1300","0830","1300","0830","1300","0830","1300","0830","1300","0830","C2601050","597","13","10302","34.754927691648106","127.7072276734068"
"인천광역시 강화군 강화읍 동문안길 9-1, 청원빌딩","새봄약국","032-934-1514","1830","0830","1830","0830","1500","0830","1830","0830","1830","0830","1400","0830","C1402094","230","31","10303","37.7472930922274","126.486023465537"
"서울특별시 서초구 반포대로30길 82, 우서빌딩 1층 102호 (서초동)","새봄약국","02-523-5220","2100","0900","2100","0900","2100","0900","2100","0900","2100","0900","2100","1200","2000","1000","C1108505","066","44","10304","37.49261668462467","127.01291073637829"
"경상북도 포항시 북구 흥해읍 초곡지구로 69, 스마일빌딩 105.106호","새봄약국","054-261-7785","2000","0900","2000","0900","2000","0900","2000","0900","2000","0900","1600","0900","C2701659","375","60","10305","36.095325012452","129.340179040504"
"대전광역시 중구 계룡로 858, 1층 (오류동)","새봄약국","042-536-6675","1800","0900","1800","0900","1800","0900","1800","0900","1800","0900","1300","0900","C1600287","349","08","10306","36.32425012360757","127.40996279430468"
"대전광역시 동구 동구청로 101, 103호 (가오동, 세이프존)","새봄약국","042-286-7228","2030","0830","2030","0830","2030","0830","2030","0830","2030","0830","1700","0830","1700","0830","1700","0830","C1601044","346","92","10307","36.307056679871145","127.45616926259957"
"대전광역시 서구 둔산로 134, 3층 (둔산동)","새봄약국","042-484-5333","1830","0900","1830","0900","1830","0900","1830","0900","1330","0900","C1600146","352","41","10308","36.35097055111487","127.38862372626814"
"제주특별자치도 제주시 1100로 3333, B호 (노형동)","안녕하세요~ 제주 노형중심에 위치한 친절하고 따뜻한 새봄약국입니다~","신제주 이마트 맞은편","새봄약국","064-712-0086","1900","0830","1900","0830","1900","0830","1900","0830","1900","0830","1500","0830","C2900236","630","83","10309","33.48361775319662","126.48014938750705"
"경상남도 창원시 마산회원구 합성서3길 5, (합성동)","합성동 새마을 금고 근처","새봄약국","055-252-0670","1900","0900","1900","0900","1900","0900","1900","0900","1900","0900","1330","0900","C2800959","630","814","10310","35.2419524247134","128.58458313057014"
"경상북도 안동시 경동로 656, 홈플러스 (운흥동)","홈플러스 영업일에 따라 변동(2,4주 수요일 홈플러스 휴무에 맞춰 휴무) 이외는 모두 영업","홈플러스 건물 내부 1층","새봄약국","054-859-7908","2220","1000","2220","1000","2220","1000","2220","1000","2220","1000","2220","1000","2220","1000","2220","1000","C2701288","367","06","10311","36.562530833034096","128.72956607395025"
"경상남도 통영시 중앙로 134, 1층 (항남동)","새봄약국","055-646-8808","1830","0830","1830","0830","1830","0830","1830","0830","1830","0830","1300","0830","C2801841","530","53","10312","34.84346384336383","128.42297100283267"
"충청남도 서산시 율지8로 7-6, 1층 102,103호 (동문동)","새봄약국","041-662-3361","1800","0800","1800","0800","1800","0800","1800","0800","1800","0800","1300","0800","C2401729","319","80","10313","36.7824455066728","126.460178692106"
"전북특별자치도 군산시 문화로 21 (문화동, 문화빌딩)","새봄약국","063-466-4720","1800","0900","1800","0900","1800","0900","1800","0900","1800","0900","1300","0900","C2501182","541","23","10314","35.97000629181252","126.70802880723714"
"전북특별자치도 전주시 완산구 용머리로 203, 서부클리닉빌딩 1층 (서완산동2가)","새봄약국","063-232-2234","1800","0830","1800","0830","1800","0830","1800","0830","1800","0830","1300","0830","C2501320","550","48","10315","35.80782586499197","127.13213256678442"
"경상남도 양산시 물금읍 청운로 354, 아이시티 110호 (물금읍)","새봄약국","055-362-4280","2000","0900","2000","0900","2000","0900","2000","0900","2000","0900","1500","0900","1500","0900","1500","0900","C2801995","506","11","10316","35.327227033900016","129.0169024362024"
"부산광역시 남구 유엔평화로 4, 1층 101호 (대연동)","새봄약국","051-611-9794","1800","0900","1800","0900","1800","0900","1800","0900","1800","0900","C1202971","484","92","10317","35.1346566914753","129.0916535896905"
"충청남도 천안시 동남구 수곡2길 17-17 (신방동)","새봄약국","041-415-2425","2000","0900","2000","0900","2000","0900","2000","0900","2000","0900","1800","0900","1800","0900","C2401274","311","76","10318","36.79079676113656","127.12693972552947"
"경기도 안산시 상록구 평안로3길 25, 1층 (사동)","새봄약국","031-000-0000","1800","0900","1800","0900","1800","0900","1800","0900","1800","0900","1300","0900","C2109990","156","30","10319","37.2844651896487","126.852933624702"
"부산광역시 동래구 온천장로 7, 2층 (온천동)","공휴일 문의","새봄약국","0515525591","1900","0900","1900","0900","1900","0900","1900","0900","1900","0900","1500","0900","C1203048","477","15","10320","35.2129724264626","129.078747923496"
"서울특별시 강동구 올림픽로 663, 아스하임 102호 (천호동)","휴게시간 13:00~14:00 토요일은 2, 4주만 운영합니다","새봄약국","02-478-9710","1900","0900","1900","0900","1900","0930","1900","0900","1900","0900","1900","0900","C1109595","052","48","10321","37.54078988095906","127.12388922441446"
"부산광역시 동구 범일로 113, 동성빌딩 101호 (범일동)","새봄약국","051-632-2336","1800","0900","1700","0900","1700","0900","1700","0900","1700","0900","1300","0900","C1203064","487","35","10322","35.1400626916832","129.05896645417337"
"전북특별자치도 정읍시 상동로 48, 원스탑쇼핑몰 (상동)","새봄약국","063-700-7707","1800","0830","1800","0830","1230","0830","1800","0830","1800","0830","1230","0830","C2501512","561","88","10323","35.5622424815802","126.864785962216"
"인천광역시 서구 탁옥로 49, 제스트프라자 404호 (심곡동)","운영시간 확인 필요","서구청 서구보건소 사이","새봄약국","032-562-6610","1800","0900","C1400469","227","26","10324","37.54408662966943","126.67508380940613"
"경상남도 밀양시 하남읍 초하로 746 (행복한마을아파트)","하남읍","새봄약국","055-391-1710","1300","0900","1300","0900","1300","0900","1300","0900","1300","0900","C2801936","504","58","10325","35.3747546595","128.7054337906"
"경상남도 김해시 가야로30번길 1, 성원빌딩 2층 203호 (삼계동)","성원빌딩 203호","새봄약국","055-314-5117","1830","0900","1830","0900","1830","0900","1830","1400","1830","0900","1300","0900","C2800041","508","96","10326","35.2696736355","128.8640412434"
"서울특별시 강북구 노해로 87, 1층 (수유동)","1층","새봄약국","02-907-6200","2200","0900","2200","0900","2200","0900","2200","0900","2200","0900","2200","0900","C1101676","010","48","10327","37.64357710351309","127.022352624238"
"서울특별시 마포구 월드컵로13길 34 두드림빌딩 1층","새봄약국","02-323-1993","2100","0830","2100","0830","2100","0830","2100","0830","2100","0830","2100","0830","C1107295","040","12","10328","37.555609167903654","126.90831807382864"
"서울특별시 영등포구 영중로 66, 1층 (영등포동5가)","영등포시장역 3번 출구","새봄약국","02-2636-5552","1900","0900","1900","0900","1900","0900","1900","0900","1900","0900","1700","0900","C1107881","072","50","10329","37.5220447974224","126.905283010443"
"울산광역시 동구 방어진순환도로 795, 1층 (전하동)","서울강안과 인근","새봄약국","052-233-1413","1830","0930","1830","0930","1830","0930","1830","0930","1830","0930","1300","0930","C1700318","440","34","10330","35.51276351037005","129.4306289947297"
"광주광역시 서구 금화로 90, 동해빌딩 1층 (금호동)","공휴일 전화 연락 후 방문 요함","새봄약국","062-653-6777","1900","0830","1900","0830","1900","0830","1900","0830","1900","0830","1530","0830","C1500292","620","14","10331","35.13189406120295","126.8585858044423"
"경기도 광주시 중앙로 108 (경안동)","새봄약국","031-766-2761","1900","0900","1900","0900","1900","0900","1900","0900","1900","0900","C2107227","127","58","10332","37.4094092075","127.2586628337"
"경기도 양평군 양평읍 시민로 12","새봄약국","031-773-2163","1800","0900","1800","0900","1800","0900","1800","0900","1800","0900","1600","0900","C2102883","125","62","10333","37.48942202839861","127.49349263616614"
"서울특별시 광진구 뚝섬로 503, 1층 (자양동)","일요일, 공휴일, 대체휴일 휴무입니다.","새봄약국","02-466-8510","1830","0900","1830","0900","1830","0900","1830","0900","1830","0900","1300","0900","C1108646","050","76","10334","37.53613980343827","127.06628268201564"
"서울특별시 용산구 백범로 287, 1층 (효창동)","효창공원앞역 1번 출구 바로 앞","새봄약국","02-2135-1303","1900","0850","1900","0850","1900","0850","1900","0850","1900","0850","1400","0850","C1108666","043","18","10335","37.53956681762949","126.96118694418"
"대전광역시 유성구 엑스포로 488 5층 525호","새봄약국","042-863-2293","1830","0900","1830","0900","1830","0900","1830","0900","1830","0900","1300","0900","C1601109","340","49","10336","36.39999099377003","127.40570126183777"
"서울특별시 양천구 목동중앙북로 68, 1층 104호 (목동, 목동에버하임)","새봄약국","02-2062-9987","2000","0900","2000","0900","2000","0900","2000","0900","2000","0900","1500","0900","C1109025","079","48","10337","37.54664062614534","126.87074862681443"
"경기도 양주시 고읍남로 10, 104호 (광사동, 더테라스 2)","새봄약국","031-845-9966","1930","0830","1930","0830","1930","1330","1930","0830","1930","0830","1430","0830","1230","0830","1230","0830","C2107552","114","92","10338","37.7954006531","127.0799491984"
"경기도 고양시 일산서구 일현로 140, 큰마을대림현대아파트 101,102호 (탄현동)","새봄약국","031-925-7890","2100","0900","2100","0900","2100","0900","2100","0900","2100","0900","1900","0900","1500","0900","C2102309","102","39","10339","37.69969966994092","126.76554075565292"
"경기도 성남시 분당구 백현로 206 (정자동, 한솔마을주공4단지아파트)","정자동한솔마을4단지상가내","새봄약국","031-713-3571","1800","0845","1800","0845","1800","0845","1800","0845","1800","0845","1300","0845","C2104109","136","07","10340","37.36888799222367","127.11944817387148"
"경기도 의왕시 왕곡로 22, 광원빌딩 1층 101호 (왕곡동)","새봄약국","031-427-9996","1800","0900","1800","0900","1800","0900","1800","0900","1800","0900","1300","0900","C2109537","160","69","10341","37.3464988474654","126.976786032759"
"경기도 남양주시 다산순환로 420, 111호 (다산동)","새봄약국","031-555-3002","2000","0900","2000","0900","2000","0900","2000","0900","2000","0900","1400","0900","C2108686","122","85","10342","37.6232306957696","127.153308991294"
"서울특별시 강남구 압구정로 152, 108호 (신사동, 극동스포츠빌딩)","새봄약국","02-542-9307","2100","0900","2100","0900","2100","0900","2100","0900","2100","0900","1900","0900","1700","0930","C1107488","060","30","10343","37.525343550791554","127.02588648395925"
"서울특별시 강서구 양천로59길 46","새봄약국","02-2063-3779","1730","0830","1730","0830","1730","0830","1730","0830","1730","0830","1300","0830","C1106912","075","32","10344","37.56107580080469","126.85994878775308"
"인천광역시 부평구 부평대로 19-1, 2층 (부평동)","일요일 전화문의 후 방문할 것","새봄약국","032-361-2031","2030","0900","2030","0900","1900","0900","2030","0900","1900","0900","1600","0900","1230","1000","1300","1000","C1401481","213","89","10345","37.49495533377137","126.72405302462174"
"서울특별시 관악구 조원로 128-8 (신림동)","신대방역 1번 출구 인근","새봄약국","02-857-3691","1900","0900","1900","0900","1900","0900","1900","0900","1900","0900","1300","0900","C1102669","087","62","10346","37.48497202728366","126.91637568007941"
"경기도 오산시 수목원로 606, 오산세교CL타워 125호 (세교동)","새봄약국","031-377-1514","1800","0900","1800","0900","1800","0900","1800","0900","1800","0900","C2108790","181","06","10347","37.1859069580944","127.042207907957"
"서울특별시 성북구 보문로 94 (보문동4가, 화성빌딩)","보문역 6번 출구","새봄약국","02-929-2954","1800","0900","1800","0900","1800","0900","1800","0900","1800","0900","1300","0900","C1102815","028","52","10348","37.58377431654153","127.02048364589726"
"서울특별시 송파구 풍성로 55, 1층 (풍납동)","새봄약국","0507-1333-3118","1820","0900","1820","0900","1820","0900","1820","0900","1820","0900","1320","0900","C1109628","055","22","10349","37.53395210084415","127.11871586332819"
"서울특별시 성동구 왕십리로 410","새봄약국","02-6085-4400","1900","0830","1900","0830","1900","0830","1900","0830","1900","0830","1400","0830","C1107860","047","01","10350","37.564917040774","127.0286874180149"
"서울특별시 동대문구 왕산로 185, 103, 105호 (청량리동)","새봄약국","02-959-8980","2100","0830","2000","0830","2000","0830","2100","0830","2000","0830","1700","0900","1400","0900","1500","1000","C1108314","025","73","10351","37.57997924108403","127.04393132602803"
"서울특별시 은평구 은평로 5 (신사동)","응암시장 근처","새봄약국","02-353-6384","1830","0900","1830","0900","1830","0900","1830","0900","1830","0900","1300","0900","C1103693","034","37","10352","37.59680338067769","126.90930083220401"
"경기도 부천시 원미구 부일로 474, 1층일부 (심곡동)","전문약,일반약,동물약,영양제,약물상담","새봄약국","032-612-9195","2100","0930","2100","0930","2000","0930","2100","0930","2100","0930","1800","0930","C2108681","146","37","10353","37.4857598972817","126.782686312571"
"서울특별시 종로구 종로 374, 1층 (숭인동)","새봄약국","02-2138-1665","1900","0800","1900","0800","1900","0800","1900","0800","1900","0800","1330","0800","1800","1000","C1109740","031","15","10354","37.5737194625413","127.01905172893112"
"충청북도 청주시 흥덕구 가경로 9-12, 1층 105호 (가경동)","가경동홈플러스부근","새봄약국","043-232-1100","1900","0900","1900","0900","1900","0900","1900","0900","1900","0900","1400","0900","C2301051","284","13","10355","36.6166677051","127.4430072797"
"경기도 용인시 기흥구 서천로 121, 원희캐슬 110호 (서천동)","서천마을2단지앞중심상가원희캐슬1층파리바게뜨옆","새봄약국","031-273-2777","2100","0900","2100","0900","2100","0900","2100","0900","2100","0900","1600","0900","1300","0900","C2104625","171","08","10356","37.23712643261314","127.07273570817415"
"경기도 수원시 권선구 금곡로197번길 70, 1층 (금곡동)","새봄약국","031-292-5377","1900","0900","1900","0900","1900","0900","1900","0900","1900","0900","1600","0900","C2107060","163","91","10357","37.27544411047904","126.9539337021123"
"경기도 평택시 서정역로26번길 7-10 (이충동)","새봄약국","031-664-8978","1900","0900","1900","0900","1900","0900","1900","0900","1900","0900","1500","0900","C2101679","177","83","10358","37.056763931869874","127.05634465791976"
"경기도 김포시 김포한강9로 90, 성현프라자 112호 (구래동)","새봄약국","031-998-0005","1900","1000","1900","1000","1900","1000","1900","1000","1900","1000","2000","1000","2000","1000","C2108045","100","71","10359","37.64464692841076","126.62614590577706"
"부산광역시 부산진구 새싹로 10-1, 1층 (부전동)","1,2호선 서면역 13번출구","새봄약국","051-808-0949","1900","0900","1900","0900","1900","0900","1900","0900","1900","0900","1600","0900","C1202138","472","54","10360","35.15905419507222","129.05837652551764"
"부산광역시 사하구 다대로 234, 201,202호 (장림동)","주말 유선문의 후 방문요망","새봄약국","0517110370","1900","0900","1900","0900","1900","0900","1900","0900","1900","0900","1600","0900","1300","0900","C1202869","494","64","10361","35.0815768127009","128.976932267878"
"충청북도 충주시 광명2길 4 (교현동)","새봄약국","043-857-3513","1800","0830","1800","0830","1800","0830","1800","0830","1800","0830","1200","0900","C2301144","273","76","10362","36.9784555909819","127.92871317129"
"충청남도 천안시 동남구 통정10로 43-27, 1층 (신방동, 영인빌딩)","새봄온누리약국","041-575-8025","2100","0900","2100","0900","2100","0900","2100","0900","2100","0900","2100","0900","2100","0900","C2401447","312","07","10363","36.7734343919","127.1332465649"
"인천광역시 미추홀구 경원대로 836, 102호 (주안동)","석바위지하도상가 1번출구 앞","새봄온누리약국","032-428-7775","1900","0830","1900","0830","1900","0830","1900","0830","1900","0830","1400","0830","C1402154","221","46","10364","37.4572835189511","126.689693144978"
"경기도 안양시 동안구 평촌대로211번길 16, 108호 (호계동,동아월드프라자)","공휴일시 꼭 전화 문의하시고 방문","봄빛병원앞/월드프라자108호","새봄온누리약국","031-381-8278","2100","0900","2100","0900","2100","0900","2100","0900","2100","0900","2100","0900","1330","1000","2100","0900","C2103211","140","72","10365","37.390353079736286","126.95503114467591"
"경기도 의왕시 덕영대로 134, 102호 (삼동)","새봄의왕약국","0314613606","1800","0900","1800","0900","1800","0900","1800","0900","1800","0900","1300","0900","C2109962","160","92","10366","37.3208067248122","126.957054400054"
"경기도 김포시 태장로 784, 한강블루 117호 (장기동)","새봄이온누리약국","031-987-2326","1800","0900","1800","0900","1800","0900","1800","0900","1800","0900","1300","0900","C2109147","100","90","10367","37.6390527379812","126.679577329513"
"서울특별시 중랑구 신내로 211 (신내동)","지하철6호선봉화산역앞","새봉화약국","02-3421-3383","1840","0800","1840","0800","1840","0800","1840","0800","1840","0800","1600","0800","1400","0900","1400","0900","C1101681","020","24","10368","37.6163496295774","127.092668240549"
"부산광역시 서구 대신공원로 27 (서대신동3가)","버스정류장: 동아대학교병원앞","새부광약국","051-244-3820","1800","0830","1800","0830","1800","0830","1800","0830","1800","0830","C1201095","492","02","10369","35.120295974897715","129.01641532327392"
"경상남도 거제시 장승포로 33-1 (장승포동)","대우약국과 당번제로 운영 토,일요일은 당번일 경우만 영업 공휴일은 전화 문의 후 방문","토.일요일 인근 대우약국과 당번제 운영(당번일 경우 21시까지, 17시 이후 전화확인)","장승포신협 맞은편","새부산약국","055-681-2429","2100","0900","2100","0900","2100","0900","2100","0900","2100","0900","1700","0900","2100","0900","2000","1000","C2800420","533","20","10370","34.86822804134338","128.72794930083498"
"부산광역시 부산진구 중앙대로 767 (부전동)","금호생명빌딩 맞은편 / 1호선 부전역 1번 출구","새부산약국","051-819-8414","1930","0900","1930","0900","1930","0900","1930","0900","1930","0900","1900","0900","1930","1000","1930","1000","C1200931","472","51","10371","35.160899999999998","129.061222222222227"
"부산광역시 사하구 낙동대로 230, 수민빌딩 1층 (괴정동)","약국 나름의 특이 경우시 조종될 수 있읍니다. 이 경우 미리 노트합니다.","괴정역 1번출구","새부산약국","051-903-4945","2050","0900","2050","0900","2050","0900","2050","0900","2050","0900","2030","0900","2000","1400","2000","0900","C1200578","493","40","10372","35.10000032454195","128.9918312295343"
"부산광역시 동구 중앙대로 206, (초량동,부산역구내)","연중무휴","1호선 부산역 10번출구","새부산약국","051-463-9443","2100","0800","2100","0800","2100","0800","2100","0800","2100","0800","2100","0800","2100","0800","2100","0800","C1201336","487","60","10373","35.11536516067123","129.0424850323913"
"부산광역시 동구 충장대로 206, 부산항 국제여객터미널 3층 (초량동)","부산국제여객터미널내 3층","새부산약국","051-462-7775","1730","0900","1730","0900","1730","0900","1730","0900","1730","0900","1730","0900","C1202309","487","51","10374","35.1177462516","129.0491459122"
"울산광역시 남구 문수로 376, (옥동)","울주군청 옆","새부산약국","052-256-8466","1900","0900","1900","0900","1900","0900","1900","0900","1900","0900","1300","0900","C1700226","446","62","10375","35.53415469221825","129.2943519789581"
"서울특별시 성북구 돌곶이로 152, 1층 (장위동)","먹는치료제 조제기관","새부산약국","070-8880-7321","1900","0900","1900","0900","1900","0900","1900","0900","1900","0900","1500","0900","C1108581","027","65","10376","37.6153190214524","127.052064757684"
"부산광역시 중구 광복로 31-1 (창선동2가)","1호선 자갈치역 7번 출구","새부산약국","051-245-5265","2100","0800","2100","0800","2100","0800","2100","0800","2100","0800","2100","0800","2100","0800","2100","0800","C1201503","489","46","10377","35.09947253879999","129.02867021970124"
"경기도 광명시 오리로 955, 1층 (광명동)","새부전약국","02-2617-0600","2200","0900","2200","0900","2200","0900","2200","0900","2200","0900","2200","0900","C2103286","142","63","10378","37.47848249083744","126.85693623075008"
"경상남도 창원시 의창구 북면 천주로 1157-2,","공휴일이 주말인 경우 운영하지 않음","북면농협근처","새북면온천약국","055-298-4448","1800","0900","1800","0900","1800","0900","1800","0900","1800","0900","1300","0900","1300","0900","C2800204","641","873","10379","35.3537547425","128.6088534274"
"경기도 성남시 분당구 돌마로 75, 106호 (금곡동, 미금프라자)","새분당서울약국","031-714-7975","1930","0900","1930","0900","1930","0900","1930","0900","1930","0900","1900","0900","C2101576","136","18","10380","37.350403638186265","127.11044050855665"
"전북특별자치도 정읍시 덕천면 황토현로 679,","덕천사거리","새불란서약국","063-534-5600","1730","0800","1730","0800","1730","0800","1730","0800","1730","0800","1330","0800","C2500378","561","49","10381","35.63363223833734","126.84401558497114"
"서울특별시 성북구 한천로 580, 1층 (석관동)","석계역에서석관지구대옆사거리우측코너.","새비홍약국","02-966-0319","2000","0900","2000","0900","2000","0900","2000","0900","2000","0900","2000","0900","C1103217","027","81","10382","37.6113794554362","127.062449586249"
"광주광역시 북구 각화대로 5 (각화동)","새빛약국","062-267-7858","1900","0900","1900","0900","1900","0900","1900","0900","1900","0900","1500","0900","C1501245","611","39","10383","35.1822079037693","126.931583841669"
"경기도 광명시 광명역로 28, 130호 (일직동, 광명역센트럴자이)","새빛약국","02-899-9417","1800","0900","1800","0900","1800","0900","1800","0900","1800","0900","2000","1000","C2108523","143","49","10384","37.4178943595981","126.888412271235"
"서울특별시 서초구 반포대로 291, 2층 206호 (반포동)","새빛약국","02-533-8880","1900","0900","1900","0900","2000","0900","1900","0900","1900","0900","1400","0900","C1110142","065","06","10385","37.5049020694443","126.999480997797"
"서울특별시 노원구 동일로 1405, 국민은행노원지점 1층 (상계동)","새빛약국","02-3391-7770","2030","0900","2030","0900","2030","0900","2030","0900","2030","0900","1530","0900","1600","1000","1500","0900","C1108782","017","62","10386","37.6538310278932","127.06017787506"
"대전광역시 대덕구 대덕대로 1591-1 (석봉동, 로하스빌딩)","새빛약국","042-862-1994","2000","0900","1900","0900","1900","0900","2000","0900","1900","0900","1400","0830","1800","1300","1400","0830","C1600571","343","05","10387","36.45056691143541","127.4247145074343"
"부산광역시 남구 수영로 163, 1층 101호 (대연동)","새빛약국","051-208-7119","1900","0900","1900","0900","1900","0900","1900","0900","1900","0900","1500","0900","C1202793","484","53","10388","35.1349505764912","129.084432611816"
"세종특별자치시 보듬3로 92 (아름동) 402호, 해피라움 2상가","아름동 / 아름동 주민센터 옆","새빛약국","044-868-5402","2000","0930","1900","0930","2000","0930","1900","0930","1400","0930","C1800193","339","011","10389","36.51191131472031","127.24947347293148"
"경기도 군포시 광정로 68, 세종빌딩 101호 (산본동)","새빛약국","031-393-6532","1900","0900","1900","0900","1900","0900","1900","0900","1900","0900","1300","0900","C2106357","158","65","10390","37.3592539904884","126.93039937098689"
"충청북도 청주시 흥덕구 복대로 186 (복대동)","새빛약국","043-231-9994","1840","0840","1840","0840","1840","0840","1840","0840","1840","0840","1600","0840","C2300544","285","86","10391","36.63312523560403","127.44105522969329"
"경기도 동두천시 지행로 49, 청솔프라자 1층 101호 (지행동)","새빛약국","0318610243","2000","0830","2030","0830","2000","0830","2030","0830","2030","0830","1630","0830","1630","0900","C2106655","113","46","10392","37.892751468040664","127.05251919312968"
"서울특별시 강동구 고덕로 262, 고덕역 효성해링턴 타워 더퍼스트 1층 121호 (명일동)","새빛약국","02-441-0887","1940","0900","1940","0900","1940","0900","1940","0900","1940","0900","1500","0900","1510","1140","1510","1140","C1109277","052","69","10393","37.5546676606413","127.154622234195"
"충청북도 충주시 중앙로 33 (문화동)","새빛약국","043-846-3909","0001","0000","C2301199","274","06","10394","36.9731414382502","127.92696227817"
"경기도 고양시 일산서구 중앙로 1416, 201-1호 (주엽동,한사랑빌딩)","주엽역8번출구","새사랑약국","031-919-7948","1900","0830","1900","0830","1900","0830","1900","0830","1900","0830","1600","0800","C2102500","103","86","10395","37.669773726419066","126.76302388643026"
"서울특별시 동작구 서달로 150, 109호 (흑석동, 이랜드해가든)","새사랑약국","02-741-0705","1930","0830","1930","0830","1930","0830","1930","0830","1930","0830","1500","0830","C1109623","069","80","10396","37.5066265781961","126.962183786625"
"대구광역시 동구 율하동로 138, 1층 (신기동)","반야월종합시장강동의원맞은편","새사랑약국","053-965-0304","1800","0900","1800","0900","1800","0900","1800","0900","1800","0900","1230","0900","C1300076","411","10","10397","35.8718844874","128.702708935"
"경기도 안산시 단원구 광덕대로 168, 신화타운 205호 (고잔동)","새사랑약국","031-402-1013","1900","0900","1900","0900","2100","0900","1900","0900","1900","0900","1400","0900","C2107854","154","70","10398","37.31129076553141","126.83082664149774"
"경상남도 창원시 의창구 용동로83번안길 37, 1층 (사림동)","새살약국","055-602-2316","1900","0900","1900","0900","2100","0900","1900","0900","2100","0900","1400","0900","C2802127","511","39","10399","35.2388732091787","128.700546131154"
"서울특별시 중구 남대문로 16-1 (남대문로4가)","매달 1, 3번째 일요일 정기 휴무","새삼성약국","02-756-3301","1900","0800","1900","0800","1900","0800","1900","0800","1900","0800","1900","0800","1900","0800","1900","0800","C1103427","045","29","10400","37.5607626475305","126.97761407774"
"경상북도 안동시 경동로 871 (용상동,1층)","용상시장건너편, 장갑수치과의원 1층, 김정석내과의원 옆건물","새삼성약국","054-821-7562","2000","0800","2000","0800","2000","0800","2000","0800","2000","0800","1600","0800","C2700537","760","010","10401","36.559259023465906","128.75175029339283"
"대구광역시 수성구 범어로 113 (범어동)","새삼성약국","053-743-0068","1230","0900","1230","0900","1230","0900","1230","0900","1800","0900","1230","0900","C1300413","420","29","10402","35.8595393319","128.6355031907"
"경상남도 창원시 마산회원구 내서읍 삼계4길 34","롯데마트 뒤","새삼성약국","055-232-4518","1830","0900","1830","0900","1830","0900","1830","0900","1830","0900","1500","0900","C2800337","512","36","10403","35.23360548630444","128.5039059315463"
"경상남도 창원시 마산회원구 양덕서8길 22","토,일 운영 불규칙함","마산시양덕2동한일타운1차상가101호","새삼정약국","055-294-1578","2100","0900","2100","0900","2100","0900","2100","0900","2100","0900","1800","0900","C2800125","513","17","10404","35.2315025667814","128.5787911896914"
"강원특별자치도 횡성군 둔내면 둔내로 39, 1층","새삼흥약국","033-342-1038","1900","0900","1900","0900","1900","0900","1900","0900","1900","0900","1900","0900","C2201156","252","65","10405","37.5127498035849","128.215027643359"
"서울특별시 강남구 삼성로 651, 1층 105호 (삼성동, 래미안 라클래시)","새상아약국","02-546-3723","2000","0900","2000","0900","2000","0900","2000","0900","2000","0900","1600","0900","C1109377","060","91","10406","37.5183513056476","127.050036535644"
"충청남도 천안시 동남구 통정5로 58, 101호 (신방동)","농협 근처","새샘약국","041-577-1828","2100","0900","2100","0900","2100","0900","2100","0900","2100","0900","1600","0900","C2400687","312","05","10407","36.77420192538179","127.13344055791457"
"서울특별시 서초구 잠원로4길 50, 1층 1-102호 (잠원동)","새생명약국","02-533-7168","1900","0900","1900","0900","1900","0900","1900","0900","1900","0900","1700","0900","C1110851","065","22","10408","37.512777866474","127.011981173143"
"충청북도 청주시 상당구 용암북로160번길 18 (용암동)","새생명약국","043-297-2212","1800","0930","1800","0930","1800","0930","1800","0930","1800","0930","1600","0930","1300","0930","C2300074","287","62","10409","36.62194787420506","127.51492196027677"
"경상북도 경산시 경안로 204, 경도빌딩 1층 (중방동)","새생명약국","053-813-9500","1830","0900","1830","0900","1830","0900","1830","0900","1830","0900","1300","0900","C2701503","386","19","10410","35.8257217375","128.7371834058"
"대전광역시 중구 대흥로 72, (대흥동)","지하철1호선중구청역2번출구100m성모병원옆","새생명약국","042-254-7854","1830","0830","1830","0830","1830","0830","1830","0830","1830","0830","1230","0830","C1600154","349","42","10411","36.323577777777778","127.420522222222218"
"광주광역시 북구 서암대로 181(신안동)","새생명약국","062-523-0114","1800","0900","1800","0900","1800","0900","1800","0900","1800","0900","1300","0900","C1500042","612","19","10412","35.168966666666670","126.903936111111108"
"경기도 용인시 수지구 신봉2로 2, 센트럴500 119호 (신봉동)","새생명약국","031-262-3389","1800","0900","1800","0900","1800","0900","1800","0900","1800","0900","1300","0900","C2109911","168","15","10413","37.3231709437751","127.078027112795"
"인천광역시 계양구 임학동로 47, 대경빌딩 (임학동)","임학역3번4번출구가운데길에서100m","새생명약국","032-543-0675","1800","0900","1800","0900","1800","0900","1800","0900","1800","0900","2000","0900","C1400879","210","33","10414","37.54609841122013","126.73712520726716"
"충청북도 청주시 흥덕구 복대로 143, 1층 (복대동)","새생명약국","043-233-6975","2000","0900","2000","0900","2000","0900","2000","0900","2000","0900","1900","0900","C2300365","285","99","10415","36.629294774513674","127.4407517335936"
"서울특별시 중구 다산로 32","새생명약국","02-2256-3366","2000","0900","2000","0900","2000","0900","2000","0900","2000","0900","1900","0900","2200","1000","C1102774","045","95","10416","37.5473779123826","127.00672743084033"
"대전광역시 유성구 전민로70번길 38, (전민동)","새생명약국","042-864-4661","2230","0900","2230","0900","2230","0900","2230","0900","2230","0900","2230","0900","C1600138","340","52","10417","36.398761111111114","127.402411111111107"
"서울특별시 성동구 행당로 129(행당동)","새서독약국","02-2293-0532","1930","0830","1930","0830","1930","0830","1930","0830","1930","0830","1700","0830","C1102767","047","14","10418","37.5585014527443","127.033306354413"
"서울특별시 용산구 한강대로 293","새서부약국","02-715-0966","2000","0900","2000","0900","2000","0900","2000","0900","2000","0900","1500","0900","C1101658","043","21","10419","37.544397135747","126.971887361585"
"서울특별시 서대문구 수색로 56, 성공타워1 210호 (북가좌동)","새서울DMC약국","02-306-0397","1900","0900","1900","0900","1900","0900","1900","0900","1900","0900","1400","0900","C1109306","037","91","10420","37.5708154693004","126.912242300278"
"경기도 수원시 팔달구 인계로 82, 제102호 (인계동)","새서울약국","031-211-3990","2000","0900","2000","0900","2000","0900","2000","0900","2000","0900","1500","0900","C2100784","164","80","10421","37.2679210695","127.02622821"
"서울특별시 강서구 양천로57길 9-7 (가양동)","새서울약국","02-2659-6755","1930","0900","1930","0900","1930","0900","1930","0900","1930","0900","1530","0900","C1101483","075","27","10422","37.5634032951544","126.851432217142"
"경상남도 진주시 대신로 114 상평동","새서울약국","055-761-0432","1700","0830","1700","0830","1700","0830","1700","0830","1700","0830","1300","0830","C2801783","528","12","10423","35.17060619908881","128.11846891267976"
"전북특별자치도 정읍시 칠보면 칠보중앙로 78-1,","터미널근처","새서울약국","063-534-3738","1800","0900","1800","0900","1800","0900","1800","0900","1800","0900","1300","0900","1300","0900","C2500203","561","28","10424","35.60321979060012","126.99261588004816"
"부산광역시 금정구 구서중앙로15번길 20, 금정산온천 레포츠 (구서동)","새서울약국","051-513-7584","1900","0900","1900","0900","1900","0900","1900","0900","1900","0900","1900","0900","C1203075","462","30","10425"
"서울특별시 구로구 가마산로 268, 대림역와이즈플레이스 108호 (구로동)","대체공휴일은 정상영업합니다.","구로구청 사거리","새서울약국","02-862-0268","1800","0900","1800","0900","1800","0900","1800","0900","1800","0900","1300","0900","C1104101","083","02","10426","37.4956164739157","126.890318882617"
"충청남도 공주시 웅진로 186, 1층 103호 (산성동)","새서울약국","041-852-8667","1830","0830","1830","0830","1830","0830","1830","0830","1830","0830","1400","0830","C2401677","325","55","10427","36.4569226419983","127.125150039652"
"강원특별자치도 철원군 동송읍 이평2로 11 (동송읍)","(구)굿모닝마트(현)롯데마트 건너편","새서울약국","033-455-6083","1800","0830","1800","0830","1800","0830","1800","0830","1800","0830","C2200234","240","15","10428","38.206889800558166","127.22049733239484"
"경상북도 경주시 산업로 3014-5","새서울약국","054-748-7100","1900","0900","1900","0900","1900","0900","1900","0900","1900","0900","1300","0900","C2700892","381","29","10429","35.77569317331311","129.3002686194175"
"전라남도 화순군 춘양면 춘양로 94-1,","춘양면사무소, 보건지소, 춘양우체국 근처","새서울약국","061-375-6323","1800","0900","1800","0900","1800","0900","1800","0900","1800","0900","C2600330","581","57","10430","34.9510053226061","126.96109810177196"
"강원특별자치도 원주시 장미공원길 43-2, (단계동)","단계택지 농협 근처","새서울약국","033-743-8266","2000","0830","2000","0830","2000","0830","2000","0830","2000","0830","1700","0830","C2200314","264","36","10431","37.34706709669905","127.93034251374301"
"서울특별시 은평구 서오릉로 134, 메디칼 1층 (대조동)","6호선구산역1번출구100M신승준산부인과1층","새서울약국","02-355-6420","2100","0830","2100","0830","2000","0830","2100","0830","2100","0830","1600","0800","2000","1200","C1103906","033","94","10432","37.6110125848779","126.918121172871"
"경기도 고양시 덕양구 지도로 47, (토당동)","토당동능곡중학교앞도로변","새서울약국","031-938-4510","1930","0830","1930","0830","1930","0830","1930","0830","1930","0830","C2102779","105","10","10433","37.62133247187481","126.82437232301345"
"경기도 평택시 평택2로20번길 15 (평택동)","새서울약국","031-618-2533","2000","0800","2000","0800","2000","0800","2000","0800","2000","0800","C2108308","179","09","10434","36.9926303748275","127.089417723128"
"서울특별시 광진구 자양로 288 (구의동)","아차산역 2번출구","새서울약국","02-452-0251","2000","0900","2000","0900","2000","0900","2000","0900","2000","0900","1500","0900","C1102770","049","61","10435","37.551384485075","127.092022929363"
"서울특별시 서대문구 통일로 441, 1, 3층 (홍제동)","홍제역 3번 출구 바로앞","새서울약국","02-394-6686","2100","0830","2100","0830","2100","0830","2100","0830","2100","0830","2100","0830","2100","0830","2100","0830","C1101660","036","39","10436","37.5881225451903","126.944595097767"
"서울특별시 강북구 솔샘로 223(미아동)","삼양사거리에서우이동방면농협1층","새서울약국","02-981-8215","1830","0900","1830","0900","1830","0900","1830","0900","1830","0900","1300","0830","C1103580","011","88","10437","37.6202802179461","127.017573969681"
"서울특별시 양천구 공항대로 558, 1층 (목동)","새서울온누리약국","02-2645-7197","2030","0830","2030","0830","2030","0830","2030","0830","2030","0830","1500","0900","C1103869","079","46","10438","37.5492829721359","126.86740663272"
"서울특별시 영등포구 영등포로86길 14-1, (신길동)","새서울온누리약국","02-831-6364","1800","0830","1800","0830","1800","0830","1800","0830","1800","0830","1400","0830","C1102769","073","54","10439","37.5117820926123","126.922997622163"
"경기도 용인시 처인구 포곡읍 포곡로 97-4, 104호","새서울온누리약국","031-338-9758","1930","0830","1930","0830","1930","0830","1930","0830","1930","0830","1630","0830","1400","0900","C2103163","170","27","10440","37.269193594320576","127.21611905614568"
"경기도 양평군 서종면 북한강로 789 (서종면)","새서종약국","031-771-0403","1900","0900","1900","0900","1900","0900","1900","0900","1900","0900","1500","0900","C2104284","125","02","10441","37.60761018835858","127.34886765622943"
"부산광역시 북구 시랑로79번길 36 (구포동)","구포3파출소 윗 쪽","새서진약국","051-337-9805","2100","0900","2100","0900","2100","0900","2100","0900","2100","0900","2100","0900","2000","0930","2000","0900","C1200773","466","22","10442","35.19838843479925","129.00813518872803"
"경기도 성남시 중원구 금빛로 99, (금광동)","새성남옵티마약국","031-731-0377","2100","0900","2100","0900","2100","0900","2100","0900","2100","0900","2100","0900","2000","0900","C2102206","131","67","10443","37.450605555555555","127.165752777777783"
"경기도 이천시 장호원읍 장감로 61,","이천시장호원읍","새성모약국","031-641-2155","2000","0900","2000","0900","2000","0900","2000","0900","2000","0900","1930","0830","1400","0900","2100","0730","C2100539","174","19","10444","37.117006216918774","127.62945297530075"
"경기도 부천시 원미구 소사로301번길 40, 1층 (소사동)","새성모약국","032-343-5507","1800","0900","1800","0900","1800","0900","1800","0900","1800","0900","1300","0900","C2109941","146","47","10445","37.4863044787019","126.79287630182"
"대구광역시 남구 중앙대로42길 36","새성모약국","053-555-6011","2000","0930","2000","0930","2000","0930","2000","0930","2000","0930","1600","0930","C1300679","424","25","10446","35.8515028549","128.5927230957"
"서울특별시 동대문구 서울시립대로 116 (전농동)","운영시간 변동될 수 있으므로 전화 확인 후 방문바랍니다.","새성수약국","02-2212-1581","1800","1000","1800","1000","1800","1000","1800","1000","1800","1000","2000","1000","2000","1400","2300","1100","C1102881","025","50","10447","37.580757099004","127.051646704078"
"서울특별시 성북구 동소문로 125, 골든타워 1층 101호 (동선동4가)","성신여대입구역 7번출구","새성신약국","02-921-9971","1900","0900","1900","0900","1900","0900","1900","0900","1900","0900","1400","0900","C1109237","028","29","10448","37.5941562838985","127.01821856847"
"서울특별시 영등포구 양평로 102","선유도역 4번 출구 인근","새성심약국","02-2678-0139","2000","0900","2000","0900","2000","0900","2000","0900","2000","0900","1500","0900","C1102882","072","06","10449","37.5369578066292","126.896270791943"
"충청남도 당진시 당진중앙1로 40, 새성심약국 (읍내동)","","새성심약국","041-357-6814","1730","0800","1730","0800","1730","0800","1730","0800","1730","0800","1500","0800","C2401262","317","69","10450","36.89282619018823","126.6273899633009"
"경기도 남양주시 화도읍 비룡로 58, 정길프라자 401호","주말, 공휴일 전화 후 방문","새소망약국","031-594-7947","1900","0900","1900","0900","1900","0900","1900","0900","1900","0900","1600","0900","C2108118","121","75","10451","37.6572329645644","127.301986511972"
"강원특별자치도 춘천시 후석로186번길 14 (석사동)","진흥아파트 인근","새소망약국","033-263-0620","2000","0900","2000","0900","1800","0900","2000","0900","2000","0900","1400","0900","C2200542","243","20","10452","37.86729815656309","127.75375033014828"
"경기도 시흥시 매화1로 3 (매화동)","새소망약국","031-313-2560","2130","0900","2130","0900","2130","0900","2130","0900","2130","0900","2030","0900","2000","1000","C2101727","149","40","10453","37.4156196141808","126.8147326920502"
"경기도 화성시 남양읍 남양시장로 80","새소망약국","031-357-9952","2030","0900","2030","0900","2030","0900","2030","0900","2030","0900","C2106463","182","61","10454","37.20958403035117","126.81815275211436"
"전북특별자치도 군산시 문화로 47, 2동 1층 101호 (수송동)","나운동 주공 4차 사거리 모세의원 옆","새소망약국","063-463-3660","1830","0900","1830","0900","1830","0900","1830","0900","1830","0900","1300","0900","C2500409","540","81","10455","35.970077031385394","126.71110806230358"
"서울특별시 강남구 압구정로29길 68, 주구센타 제1호동 2층 201호 (압구정동, 현대아파트)","압구정 현대아파트 안 SC제일은행 상가 2층","새소망약국","02-545-6601","1900","0830","1900","0830","1900","0830","1900","0830","1900","0830","1400","0830","C1109582","060","04","10456","37.53220199442829","127.02778674786836"
"충청북도 청주시 서원구 월평로 4, 대상탑존빌딩 116호 (분평동)","새소망약국","043-285-8417","1900","0840","1900","0840","1900","0840","1900","0840","1900","0840","1500","0840","C2300376","287","97","10457","36.610230403367815","127.48457790148544"
"대구광역시 남구 대명남로 91 (대명동)","사전 연락 하여 진료시간 문의 후 방문 요망","대덕성당 인근. 대덕요양병원 옆","새소망약국","053-621-9019","1900","0900","2000","0900","1900","0900","2000","0900","1900","0900","1600","0900","C1300953","424","93","10458","35.83506513185965","128.56811873439517"
"대전광역시 동구 계족로 425, 1층 (용전동)","새소망약국","042-625-7927","1800","0900","1800","0900","1800","0900","1800","0900","1800","0900","1300","1000","C1600015","345","46","10459","36.34973662607419","127.43183831931866"
"대구광역시 서구 달구벌대로329길 79 (중리동)","새솔밭약국","053-561-7942","1900","0900","1900","0900","1900","0900","1900","0900","1900","0900","1300","0900","C1300121","418","46","10460","35.85709454302667","128.54465651876956"
"대전광역시 유성구 동서대로 679, 위더스타워 1층 104호 (원신흥동)","새솔약국","042-823-9040","1900","0830","1900","0830","1900","0830","1900","0830","1900","0830","1300","0830","C1601228","341","95","10461","36.33258351039734","127.33849335173852"
"서울특별시 강북구 도봉로 332, 홍승빌딩 1층 (번동)","새솔약국","02-903-7525","2000","0930","2000","0930","2000","0930","2000","0930","2000","0930","1430","0930","C1108858","010","62","10462","37.637456543702434","127.02542398876405"
"인천광역시 서구 가정로 280, 102호 (석남동)","※ 설연휴: 2/9(금), 2/10(토), 2/11(일), 2/12(월) 모두 정상 운영 ※ 설연휴: 오후 5시 이후 전화 문의 바람","새솔약국","032-582-3969","2000","0900","2000","0900","2000","0900","2000","0900","2000","0900","1800","0900","1800","0900","C1401834","227","90","10463","37.5096673290255","126.672863291817"
"인천광역시 남동구 장승남로 38, 반달프라자 102호 (만수동)","새솔약국","032-468-6877","2000","0900","2000","0900","2000","0900","2000","0900","2000","0900","1600","0900","C1401580","215","96","10464","37.4431539503","126.7364116109"
"경기도 광명시 일직로 17, 롯데아울렛 3층 (일직동)","설날, 추석날 당일만 운영안함","새솔약국","02-6226-2397","2100","1100","2100","1100","2100","1100","2100","1100","2200","1100","2200","1100","2200","1100","2200","1100","C2107951","143","52","10465","37.42420695202638","126.88444413036848"
"대구광역시 서구 국채보상로 379, 1층 (비산동)","새솔약국","053-551-1254","1830","0900","1830","0900","1830","0900","1830","0900","1830","0900","1330","0900","C1300658","417","99","10466","35.872420135477874","128.57254455054817"
"경기도 화성시 수노을중앙로 142, 105호 (새솔동)","새솔약국","031-355-5241","1800","0900","1800","0900","1800","0900","1800","0900","1800","0900","C2108251","182","44","10467","37.2843867238979","126.818590537729"
"서울특별시 송파구 마천로 41, 수기빌딩 2층 (방이동)","새솔약국","02-421-3210","1900","0900","2000","0900","1900","0900","1900","0900","1900","0900","1400","0900","1300","0900","C1106989","056","39","10468","37.5090453335185","127.125513382654"
"경기도 화성시 꽃내음1길 19-6, 112호 (새솔동)","새솔포도약국","031-8050-0880","2000","0900","2000","0900","2000","0900","2000","0900","2000","0900","1530","0900","1400","0900","1400","0900","C2108900","182","44","10469","37.2842181380217","126.818119694231"
"서울특별시 광진구 용마산로 5, 명클리닉 1층 101호 (중곡동)","새수정온누리약국","02-446-3116","1900","0830","1900","0830","1900","0830","1900","0830","1900","0830","1400","0830","C1110111","049","31","10470","37.554214712054","127.088228827878"
"서울특별시 도봉구 덕릉로 233-5 (창동)","새순보당약국","02-991-3413","1900","0900","1900","0900","1900","0900","1900","0900","1900","0900","1400","0900","C1104161","014","71","10471","37.6389529183875","127.037796168092"
"제주특별자치도 제주시 수덕로 69 1층 (노형동)","새순약국","064-713-5177","1900","0830","1900","0830","1900","0830","1900","0830","1900","0830","1300","0830","C2900209","631","03","10472","33.4844241345135","126.470607092953"
"대전광역시 동구 태전로 163 (삼성동)","새시대약국","042-624-3115","1800","0900","1800","0900","1800","0900","1800","0900","1800","0900","1300","0900","C1600355","345","66","10473","36.34198788559557","127.41931078684825"
"부산광역시 동구 중앙대로371번길 26 (수정동)","1호선 부산진역 7번출구","새시대약국","051-466-1122","2000","0900","2000","0900","2000","0900","2000","0900","2000","0900","1400","0900","1800","0900","1300","0900","C1202166","487","88","10474","35.12942729295942","129.04732812564765"
"경기도 양평군 용문면 용문로 381, 1층 (용문면)","용문교회앞","새시대약국","031-771-7342","1800","0800","1800","0800","1800","0800","1800","0800","1800","0800","1300","0800","C2102569","125","22","10475","37.484280555555557","127.592466666666667"
"경기도 수원시 팔달구 동말로48번길 6 (화서동)","화서5거리편의점바로옆","새시대온누리약국","031-245-4119","2300","0800","2300","0800","2300","0800","2300","0800","2300","0800","2230","0800","1400","1000","C2102297","164","42","10476","37.27839765819339","126.9993911308851"
"서울특별시 관악구 난우길 4 (신림동)","새시민약국","02-856-4272","1900","0900","1900","0900","1900","0900","1900","0900","1900","0900","1500","0900","C1110010","088","54","10477","37.4734123841588","126.919009726825"
"강원특별자치도 삼척시 진주로 20 (남양동)","남양동 새마을금고 옆 선경빌딩 1층","새시민약국","033-574-3117","1930","0830","1930","0830","1930","0830","1930","0830","1930","0830","1700","0830","C2200601","259","20","10478","37.4425655257","129.1642811515"
"울산광역시 중구 화합로 357 (반구동)","반구로타리내","새시온약국","052-292-7568","2000","0900","2000","0900","2000","0900","2000","0900","2000","0900","1900","0900","2000","1100","1900","0900","C1700093","445","13","10479","35.55793710395866","129.34066577333277"
"인천광역시 부평구 시장로51번길 27 (부평동)","부평시계탑로타리에서개선문예식장방면100미터","새시장약국","032-528-2657","1800","0900","1800","0900","1800","0900","1800","0900","1800","0900","1800","0900","C1400492","213","91","10480","37.49529132594293","126.72595611276856"
"경기도 평택시 지산로 60 (지산동)","지산동현대정형외과옆","새시장약국","031-665-3921","2100","0900","2100","0900","2100","0900","2100","0900","2100","0900","1900","0900","1300","0900","C2101027","177","63","10481","37.07957643044106","127.0616562510863"
"광주광역시 광산구 목련로 320 (신가동)","신가병원정문앞","새신가약국","062-956-1175","1800","0900","1800","0900","1800","0900","1800","0900","1800","0900","1300","0900","C1500118","623","16","10482","35.17770138337743","126.82937614455258"
"강원특별자치도 강릉시 경강로 2102 (임당동)","임당동 신영빌딩 1층","새신영약국","033-642-8456","1800","0900","1800","0900","1800","0900","1800","0900","1800","0900","1300","0900","1300","0900","C2200475","255","40","10483","37.75495070014892","128.89692059805515"
"대전광역시 대덕구 신탄진로 836, (신탄진동)","신탄진 네거리에서 청주방향 50미터 예크리닉1층","새신탄약국","042-933-4412","1830","0900","1830","0900","1830","0900","1830","0900","1830","0900","1530","0900","1300","0900","C1600552","343","06","10484","36.452128620043084","127.429108322894"
"서울특별시 강동구 양재대로 1619","휴게시간(월~토) 13:00~14:00","상일역1번출구주공2단지종합상가1층","새실로암약국","02-427-1417","2200","0900","2200","0900","2200","0900","2200","0900","2200","0900","2200","0900","2200","1000","2200","1000","C1101481","053","06","10485","37.5499891084547","127.143515495266"
"서울특별시 관악구 신림로 169, 영창빌딩 1층 (신림동)","서울대 벤처타운역 1번출구로 나와서 200m 전방 횡단보도 건너에 위치","새싹 온누리약국","02-885-4715","1900","0900","1900","0900","1900","0900","1900","0900","1900","0900","1500","0900","1500","0900","C1108828","088","45","10486","37.474237411225","126.933711993359"
"서울특별시 동작구 장승배기로 34, 1층 101호 (상도동)","상도동현대아이파크아파트 옆","새싹약국","02-3280-0522","1830","0900","1830","0900","2100","0900","1830","0900","1830","0900","1330","0900","C1107623","069","67","10487","37.5011509657145","126.941562079427"
"경기도 하남시 대청로 33, 807호 (신장동)","새싹약국","031-792-0240","1800","0930","1800","0930","1800","0930","1800","0930","1800","0930","1500","0930","C2109028","129","47","10488","37.5411051179965","127.215999629174"
"충청남도 천안시 서북구 봉정로 324, 근린생활시설 B동 106호 (두정동, 두정역 효성해링턴 플레이스)","새싹약국","041-557-6681","1800","0830","1800","0830","1800","0830","1800","0830","1800","0830","1500","0830","C2401470","311","04","10489","36.8117347496","127.1090253059"
"부산광역시 부산진구 새싹로 24, 1층 (부전동)","점심시간-13:00~14:00","1,2호선 서면역 13번 출구","새싹약국","051-809-0116","2000","0900","2000","0900","2000","0900","2000","0900","2000","0900","1800","0900","1800","0900","1800","0900","C1202404","472","53","10490","35.1599683923","129.0576094862"
"충청북도 충주시 호암토성3길 3, 호암시그니처 603 1층 9호 (호암동)","토요일 격주 휴무일 있으니 반드시 통화후 방문","새싹약국","043-846-3297","1830","0900","2000","0900","1830","0900","2000","0900","1830","0900","1300","0900","C2301222","274","80","10491","36.9536239583823","127.933414873381"
"대구광역시 중구 달구벌대로 1955, 301동 304호 (대신동, 대신센트럴자이)","대신 센트럴자이 상가 3층 새싹약국입니다.","새싹약국","053-254-6063","1800","0900","1800","0900","1230","0900","1800","0900","1700","0900","1230","0900","C1301453","419","29","10492","35.8639201453","128.5777384024"
"전라남도 여수시 망마로 11(학동)","새싹약국","070-4108-2580","1900","0900","1900","0900","1900","0900","1900","0900","1900","0900","1400","0900","C2601142","596","76","10493","34.7640383768","127.6624651625"
"인천광역시 계양구 양지로 133, 1층 (귤현동)","13:00~14:00 평일 휴게시간","새싹약국","032-555-4925","1900","0900","1900","0900","1900","0900","1900","0900","1900","0900","1400","0900","1300","0900","1300","0900","C1401544","210","16","10494","37.566990118974154","126.74906068762229"
"경상남도 김해시 율하3로 53, 107호 (율하동)","공휴일은 전화문의 후 방문","새싹약국","055-312-1205","1900","0900","1900","0900","1900","0900","1900","0900","1900","0900","1300","0900","1300","0900","1300","0900","C2801923","510","19","10495","35.1728079201","128.8148296803"
"경상남도 양산시 동면 금오13길 46-5, 105호 (동면)","수요일 휴무","새싹약국","055-383-2385","2000","0900","2000","0900","2000","0900","2000","0900","1630","0900","1630","0900","1630","0900","C2801991","506","50","10496","35.3198673443","129.0252561146"
"서울특별시 강서구 강서로 254","공휴일 불규칙 운영으로 전화확인 필요","우장산역 2번출구 바로앞","새싹약국","02-2695-8312","1900","0830","1900","0830","1900","0830","1900","0830","1900","0830","1300","0830","1400","1000","C1106911","076","91","10497","37.5484347011443","126.836714122498"
"서울특별시 동대문구 이문로 136, 1층 109호 (이문동, 웰츠타워)","새싹약국","02-6403-8310","1900","0900","1900","0900","1900","0900","1900","0900","1900","0900","1400","0830","C1107074","024","18","10498","37.5984809170412","127.061872724933"
"경기도 수원시 영통구 효원로 363","새싹약국","031-211-2583","1300","0900","2230","0830","2230","0830","2230","0830","2230","0830","1600","0900","1300","0900","C2103463","165","43","10499","37.25946866674868","127.04191432394589"
"서울특별시 강남구 학동로 121, 지하1층 일부호 (논현동)","논현역 10번출구에서 학동역 방향","새싹약국","02-516-5357","1800","0900","1800","0900","1800","0900","1800","0900","1800","0900","1300","0930","C1104182","060","44","10500","37.5122605080308","127.024309875094"
"서울특별시 성북구 동소문로7길 4, 1층 (동소문동4가)","새싹약국","02-2202-4484","1800","0900","1800","0900","1800","0900","1800","0900","1800","0900","1300","0900","C1110676","028","32","10501","37.5901277345168","127.009201864904"
"경기도 안양시 만안구 태평로52번길 37, 102호 (안양동)","새싹약국","070-4144-8768","2100","0900","2100","0900","2100","0900","2100","0900","2100","0900","1900","0900","C2107349","140","37","10502","37.3960775033","126.9311468333"
"경기도 화성시 동탄지성로 134, 한솔프라자 103호,104호 (능동)","국민은행 능동지점 1층","새싹약국","031-8003-4134","2100","0830","2100","0830","2100","0830","2100","0830","2100","0830","2000","0830","C2102271","184","33","10503","37.20957183859023","127.0610433688374"
"경기도 광주시 초월읍 경충대로 912 1층 106호","새싹약국","031-769-2801","1900","0900","1900","0900","1900","0900","1900","0900","1900","0900","C2106382","127","99","10504","37.364011206","127.3127729257"
"경기도 구리시 건원대로 44, 112호 (인창동, 태영빌딩)","그랑팰리스웨딩홀건물1층농협뒷쪽에위치","새싹약국","031-554-0036","1430","0900","1430","0900","1430","0900","1430","0900","1430","0900","1400","0900","1400","0900","C2102749","119","21","10505","37.6051255810679","127.14034961838064"
"부산광역시 서구 충무대로 12, 1층 (암남동)","새싹약국","051-247-6888","1900","0900","1900","0900","1900","0900","1900","0900","1900","0900","1300","0900","C1202992","492","69","10506","35.0767000873431","129.016331210614"
"서울특별시 마포구 성미산로1길 68, 1층 서측 일부호 (성산동)","새싹약국","02-332-3632","1930","0830","1930","0830","1930","0830","1930","0830","1930","0830","1430","0900","C1110442","039","70","10507"
"울산광역시 동구 월봉8길 54(화정동)","엠코타운이스턴베이아파트 정문 맞은편","새싹약국","052-252-6376","1900","0900","1900","0900","1900","0900","1900","0900","1900","0900","1600","0900","1300","0900","C1700593","440","83","10508","35.492736865617886","129.42195732331103"
"울산광역시 울주군 언양읍 능골길 39","새싹약국","052-264-8402","1900","0900","1900","0900","1700","0900","1900","0900","1900","0900","1300","0900","1300","0900","1300","0900","C1700682","449","37","10509","35.5776269088833","129.122756355636"
"경기도 고양시 덕양구 대덕산로 63, 더한아케이드 104호 (덕은동)","새싹약국","070-8657-2849","1800","0900","1800","0900","1800","0900","1800","0900","1800","0900","1300","0900","C2109602","105","43","10510","37.5808059504391","126.865045420206"
"경기도 용인시 처인구 백옥대로 1117 (김량장동)","새싹약국","031-323-3035","1900","0830","1900","0830","1900","0830","1900","0830","1900","0830","1600","0830","C2107673","170","51","10511","37.2353532756","127.2085181785"
"경기도 수원시 장안구 장안로 271, 북수원자이렉스비아 상가1동 1층 109호 (정자동)","새싹약국","031-308-0012","1900","0830","1900","0830","1900","0830","1900","0830","1900","0830","1600","0830","C2101768","163","36","10512","37.29549821167004","126.98341193148386"
"전북특별자치도 순창군 쌍치면 삽실길 1 (쌍치면)","새쌍치약국","063-653-9782","1800","0900","1800","0900","1800","0900","1800","0900","1800","0900","1300","0900","C2501293","560","08","10513","35.500073331338314","127.00085970014433"
"부산광역시 해운대구 선수촌로 98 (반여동)","설, 추석 연휴는 시간변동이 있을 수 있습니다.","버스정류장: 장산초등학교/대림아파트 101동 건너편","새씨앗약국","051-523-3485","2030","0900","2030","0900","2030","0900","2030","0900","2030","0900","2030","0900","1930","1000","2000","1000","C1201061","480","37","10514","35.20241249869373","129.11951867041637"
"충청북도 충주시 봉계1길 62","터미널 맞은편","새아람약국","043-846-2340","1930","0850","1930","0850","1930","0850","1930","0850","1930","0850","1400","0850","1300","0850","C2300552","273","61","10515","36.981847459202704","127.9162084684831"
"서울특별시 강동구 상암로 11","일요일이나 공휴일의 경우 개인사정으로 운영시간 변동될 수 있으므로 전화확인 후 방문해주세요","선사현대아파트상가","새아름약국","02-3013-3575","2000","0830","2000","0830","2000","0830","2000","0830","2000","0830","1800","0900","1500","0900","C1101579","052","40","10516","37.55097097555435","127.12619486728283"
"충청남도 아산시 인주면 현대로 1308 (인주면)","일요일, 공휴일은 점심시간 3-4시간","인주면사무소 근처","새아산약국","041-533-5423","2200","0800","2200","0800","2200","0800","2200","0800","2200","0800","2200","0800","2200","0800","2200","0800","C2400576","314","36","10517","36.86990990922887","126.88549228679241"
"광주광역시 북구 북문대로 184, 105호 (운암동)","굿모닝병원 앞","새아침약국","062-523-7856","2000","0830","2000","0830","2000","0830","2000","0830","2000","0830","1500","0830","C1500482","611","02","10518","35.18480315246488","126.87096249193354"
"대전광역시 유성구 농대로 16, (어은동)","충대농대길어은농협앞","새아침약국","042-867-8276","1900","0900","1900","0900","1900","0900","1900","0900","1900","0900","1700","0900","C1600139","341","39","10519","36.361986111111108","127.353200000000001"
"경기도 안성시 시장길 58, 희망빌딩 1층 101호 (서인동)","새안성약국","031-674-7585","2000","0830","2000","0830","2000","0830","2000","0830","2000","0830","1400","0830","C2107797","175","92","10520","37.006123217447715","127.27088030295897"
"대구광역시 수성구 청수로 97 (황금동)","황금네거리카네기에서들안길네거리로가는중간","새안심약국","053-766-9100","1700","0830","1700","0830","1230","0830","1700","0830","1700","0830","1230","0830","C1300422","421","49","10521","35.840519691380386","128.61872972204856"
"충청남도 금산군 금산읍 금산로 1467,","금산초 후문","새안약국","041-752-7575","1830","0800","1830","0800","1300","0830","1830","0800","1830","0800","1830","0800","1830","0800","C2401078","327","37","10522","36.10475054050213","127.48879315527428"
"경기도 안양시 만안구 안양로 259, 1층 (안양동)","남부시장맞은편,2001아울렛옆","새안양보룡약국","031-465-0140","1930","0900","1930","0900","1930","0900","1930","0900","1930","0900","1630","0900","C2104454","139","97","10523","37.395766534359915","126.92362127574003"
"전라남도 여수시 동문로 63, (관문동)","새알파약국","061-662-4140","1700","0830","1700","0830","1700","0830","1700","0830","1700","0830","1300","0800","C2600096","597","30","10524","34.742568911858505","127.74054386429775"
"서울특별시 강북구 도봉로 308, 1층 (번동)","일요일, 공휴일은 일부 변동 가능성이 있으니 방문 전 전화 확인후 이용 바랍니다.","롯데시네마 수유점 1층에 위치해 있습니다.","새암온누리약국","02-995-2552","2000","0800","2000","0800","2000","0800","2000","0800","2000","0800","1500","0800","C1107777","010","62","10525","37.6356640949861","127.02383520999"
"전라남도 여수시 율촌면 구암1길 53-3","6월 3(일),8(금),13(수),30(토) 23:00까지","새애양약국","061-683-7781","1800","0900","1800","0900","1800","0900","1800","0900","1800","0900","1300","0900","C2600456","596","06","10526","34.84345039638493","127.62334637369895"
"경기도 용인시 처인구 포곡읍 포곡로 289 (포곡읍)","포곡면삼게리465-7","새양지약국","031-332-8741","1900","0800","1900","0800","1900","0800","1900","0800","1900","0800","1400","0800","C2100803","170","28","10527","37.28038956405093","127.23246630596142"
"경상남도 김해시 삼계중앙로 22, (삼계동)","외환은행 2층","새여산메디칼약국","055-339-4784","1900","0900","1900","0900","1900","0900","1900","0900","1900","0900","1300","0900","C2800440","509","02","10528","35.26014625680774","128.86754987180944"
"부산광역시 연제구 반송로 40, 101동 1층 105호 (연산동, e편한세상 연산 더퍼스트)","새연산약국","051-852-2776","1800","0900","1800","0900","1800","0900","1800","0900","1800","0900","1300","0900","C1202860","475","51","10529","35.1883228637814","129.084960712886"
"충청남도 금산군 금산읍 비범로 5 (금산읍)","1월1일, 설연휴, 추석연휴, 공휴일 휴무","파리바게트 건너편","새연세약국","041-754-9095","1800","0830","1800","0830","1300","0830","1800","0830","1800","0830","1300","0830","C2400418","327","38","10530","36.103244444444442","127.490569444444446"
"서울특별시 금천구 독산로 87 (시흥동)","새연세약국","02-891-3700","1900","0900","1900","0900","1900","0900","1900","0900","1900","0900","1400","0900","C1103841","086","27","10531","37.4551227611782","126.905657370349"
"인천광역시 서구 서곶로 355-1, (연희동)","서구청과서인천세무서중간","새연희약국","032-567-3186","2000","0800","2000","0800","2000","0800","2000","0800","2000","0800","1500","0800","2000","1000","1800","0900","C1400357","227","21","10532","37.549461032256225","126.67671267343235"
"경기도 광명시 하안로 254, 정산빌딩 103호 (하안동)","새열린약국","02-892-0534","2000","0900","2000","0900","2000","0900","2000","0900","2000","0900","1800","0900","C2102431","143","07","10533","37.459191666666669","126.882925000000000"
"충청북도 청주시 서원구 장전로6번길 34 (성화동)","홈플러스에서 KBS 방향으로 진행시 보임","새열린약국","043-234-1024","1900","0900","1900","0900","1900","0900","1900","0900","1900","0900","1600","0900","C2300021","286","14","10534","36.61684494021439","127.44751338189661"
"대구광역시 달서구 당산로 43 (본리동)","달서구 당산로43 김신향소아과1층입니다.","새열린약국","053-526-4464","2100","0900","2100","0900","2100","0900","2100","0900","2100","0900","1600","0900","C1301012","426","75","10535","35.84139424279306","128.5445559499422"
"서울특별시 서초구 강남대로 449-3, 보보빌딩 1층 (서초동)","새열린약국","02-536-3037","2130","1000","2130","1000","2130","1000","2130","1000","2130","1000","1800","1000","C1108446","066","11","10536","37.5023574434123","127.024880498727"
"서울특별시 양천구 신목로 34 (신정동)","신정교부근하나은행건물","새열린약국","02-2655-2388","1930","0900","1930","0900","1930","0900","1930","0900","1930","0900","1730","0900","C1101385","080","15","10537","37.5186598291782","126.873958318272"
"부산광역시 해운대구 좌동순환로 275, 상가동 106호 (좌동, 대우2차아파트)","2호선 장산역 2번출구/해운대백병원정문앞 대우2차아파트상가","새열린약국","051-704-7533","1930","0900","1930","0900","1930","0900","1930","0900","1930","0900","C1201218","481","09","10538","35.1724538208","129.1832262186"
"서울특별시 중구 남대문로 92, 한국전력공사 2층 (을지로2가)","을지로입구역 6번출구 바로앞","새열린약국","02-778-7188","1800","0930","1900","0930","1800","0930","1800","0930","1900","0930","1800","0930","1800","0930","C1104505","045","34","10539","37.5652758792893","126.983371857314"
"전라남도 무안군 무안읍 면성1길 113","불무공원 건너편 패밀리마트 옆","새열린온누리약국","061-452-8537","2100","0730","1930","0730","2100","0730","1930","0730","2100","0730","1800","0730","1800","0900","C2600027","585","27","10540","34.98782901796944","126.47405242798504"
"충청북도 영동군 영동읍 중앙로 31-1","새영동약국","043-743-4806","1900","0900","1900","0900","1900","0900","1900","0900","1900","0900","1700","0900","C2300450","291","45","10541","36.175082191214734","127.7769126540946"
"경상북도 영천시 시장로 59","영천공설시장입구","새영천약국","054-333-0030","1830","0830","1830","0830","1830","0830","1830","0830","1830","0830","1300","0830","C2700361","388","88","10542","35.96364059161963","128.93683261998896"
"경기도 수원시 장안구 수성로 354 (영화동)","수성중사거리","새영화약국","031-246-3717","1900","0900","1900","0900","1400","0900","1900","0900","1900","0900","1400","0900","C2106177","162","71","10543","37.292975982755045","127.01072755816807"
"인천광역시 서구 새오개로111번안길 31, 101호 (신현동)","인천 서구 루원시티 신현동 새오개약국(농협 바로 옆, 이디야 건물)입니다 궁금하신 의약품 및 건강기능식품에 대해 언제든 상담 가능하니 편한 마음으로 방문해 주시면 좋겠습니다~ (저희 약국은 동물의약품 또한 취급/판매/주문 해드리고 있으니 편하게 연락주세요) 늘 건강하세요!","새오개약국","032-571-5553","2100","0900","2100","0900","2100","0900","2100","0900","2100","0900","1800","0900","C1401712","227","79","10544","37.5219727412","126.6635643141"
"부산광역시 남구 용호로 173, 장안빌딩 1층 101호 (용호동)","새오륙도약국","051-756-0265","1930","0830","1930","0830","1930","0830","1930","0830","1930","0830","1700","0830","C1203025","485","85","10545","35.1167776198285","129.111426168803"
"경기도 용인시 처인구 원삼면 고당로 14 (원삼면)","새오약국","031-323-5573","2000","0830","2000","0830","2000","0830","2000","0830","2000","0830","C2102244","171","68","10546","37.16512116057067","127.31112881056757"
"전라남도 광양시 옥곡면 옥진로 675","옥곡시장,옥곡삼거리앞","새옥곡약국","061-772-5575","1700","0830","1700","0830","1700","0830","1700","0830","1700","0830","1230","0830","C2600458","577","26","10547","34.98884258309271","127.70101923650951"
"울산광역시 울주군 온산읍 덕신로 251","덕신올리브영과 같은 건물에 위치함","새온산약국","052-922-5757","1930","1000","1930","1000","1930","1000","1930","1000","1930","1000","1900","1030","1900","1000","C1700712","450","01","10548","35.4337662582866","129.308886060799"
"서울특별시 중구 통일로 114, 바비엥-2 2층 209호 (의주로1가)","새온약국","02-313-5031","1800","0900","1800","0900","1800","0900","1800","0900","1800","0900","1330","0900","C1109247","045","17","10549","37.565241971317306","126.967932658604"
"서울특별시 성동구 광나루로 325 (송정동)","새왕약국","02-464-2485","1500","0830","1500","0830","1500","0830","1500","0830","1500","0830","C1101654","048","01","10550","37.5484392866604","127.065908705027"
"부산광역시 동구 망양로 911","버스정류장: 범일초등학교","새우리들약국","051-647-1416","1930","0900","1930","0900","1930","0900","1930","0900","1930","0900","1430","0900","1300","0900","C1200156","487","20","10551","35.139939079333985","129.0509301577649"
"서울특별시 중구 동호로 177 (신당동)","약수역 6번 출구 바로앞","새우리약국","02-2235-4524","1900","0900","1900","0900","1900","0900","1900","0900","1900","0900","1400","0900","C1103820","045","97","10552","37.5539254158065","127.011014373146"
"서울특별시 은평구 통일로 715, 1층 (대조동)","평일 휴게시간 13:20-14:00","불광역 인근","새우리약국","02-357-1617","2030","0800","2030","0800","1830","0800","2100","0800","2000","0800","1400","0800","C1108465","033","97","10553","37.609413947696","126.930308376671"
"경기도 군포시 송부로291번안길 3-33, 106호 (부곡동, 의왕프라자)","새우리약국","031-462-3004","1900","0900","1900","0900","1900","0900","1900","0900","1900","0900","1400","0900","C2107391","158","80","10554","37.3219806737","126.9450555303"
"경상남도 밀양시 하남읍 수산중앙로 56-1,","행복한병원 옆","새우리약국","055-391-6116","1900","0900","1900","0900","1900","0900","1900","0900","1900","0900","1600","0900","C2800468","504","60","10555","35.374932772927984","128.71144526249202"
"경상남도 합천군 삼가면 삼가중앙길 25-2,","삼가시장-삼가농협 사이","새우리약국","055-932-7570","1700","0800","1700","0800","1700","0800","1700","0800","1700","0800","1200","0800","C2800256","502","22","10556","35.41361381904428","128.12232356358936"
"경상남도 창원시 의창구 상남로192번길 41-3","농협 옆","새우리약국","055-266-6452","1800","0930","1800","0930","1800","0930","1800","0930","1800","0930","1300","0930","C2800651","514","42","10557","35.22727904458312","128.6913884298446"
"서울특별시 구로구 개봉로 71 (개봉동, 강서프라자)","하나은행 개봉지점 2층","새우리약국","02-2060-9918","1900","0900","1900","0900","1900","0900","1900","0900","1900","0900","1300","0900","C1102613","083","37","10558","37.4920938346959","126.855574487587"
"경상남도 진주시 장대로5번길 6-1 (장대동)","새우리약국","055-747-2220","1830","0900","1830","0900","1830","0900","1830","0900","1830","0900","1400","0900","C2800534","527","58","10559","35.192069444444442","128.088111111111118"
"울산광역시 울주군 삼남면 중평로 57","당번약국일인 경우 토요일, 일요일 08:30~21:30 운영. 3주마다 1회씩 당번약국 운영","서울산보람병원 옆","새우리약국","052-263-6868","1830","0830","1830","0830","1830","0830","1830","0830","1830","0830","1300","0830","C1700597","449","48","10560","35.56006738774875","129.1213351823819"
"경기도 시흥시 비둘기공원로 10, 1층 103호 (대야동)","새우리약국","070-4239-9005","1930","1030","1930","1030","1930","1030","1930","1030","1930","1030","2000","0830","1900","1030","C2106502","149","12","10561","37.443950267829024","126.79076870314326"
"서울특별시 양천구 국회대로10길 9, 1층 (신정동)","새우리약국","02-2608-6942","1815","0900","1730","0900","1730","0900","1730","0900","1730","0900","1330","0900","C1108797","079","37","10562","37.5287793712574","126.863448548505"
"경기도 수원시 팔달구 인계로 52 (인계동)","새우리약국","031-237-2032","2100","0900","2100","0900","2100","0900","2100","0900","2100","0900","2100","0900","C2100583","164","76","10563","37.269129046441115","127.02330343773578"
"제주특별자치도 제주시 서사로 36 (삼도일동)","구성모의원사거리.서사라고원순정형외과옆","새우리약국","064-757-5149","2300","0900","2300","0900","2300","0900","2300","0900","2300","0900","2300","0900","C2900031","631","72","10564","33.509245330467316","126.5196500449434"
"광주광역시 서구 치평로 80","토요일 운영시간은 유동적이므로 전화 후 방문 요망","상무골든타운 103호, 중흥2차아파트 건너편","새우리약국","062-371-3781","1900","0830","2000","0830","1900","0830","2000","0830","1900","0830","1600","0830","C1500528","619","50","10565","35.15455533444512","126.84769567175694"
"서울특별시 서대문구 통일로 449, 1층 (홍제동)","새우리온누리약국","02-3417-7800","1900","0900","1900","0900","1900","0900","1900","0900","1900","0900","1500","0900","C1108654","036","36","10566","37.5886079978357","126.944017750795"
"경기도 수원시 장안구 수성로261번길 6","정자시장입구","새우주약국","031-243-2821","2130","0900","2130","0900","2130","0900","2130","0900","2130","0900","2130","0900","2130","1000","2130","1000","C2101032","163","14","10567","37.29013232177157","127.00105695454627"
"광주광역시 광산구 목련로273번안길 23, 2층 (운남동)","운남주공4단지 정문 앞","새운남종로약국","062-955-0288","2100","0900","2100","0900","2100","0900","2100","0900","2100","0900","2100","0900","C1500064","623","19","10568","35.17787250962784","126.82362105944804"
"서울특별시 영등포구 영등포로 390, 1층 101호 (신길동, 프리가)","새울림약국","02-845-8620","1830","0830","1830","0830","1830","0830","1830","0830","1830","0830","C1107966","073","53","10569","37.5132492026985","126.921364509178"
"울산광역시 남구 월평로171번길 26, 1층 125호 (신정동, 신정 지웰)","대체공휴일 09:00~13:30 운영","새울산약국","052-266-5397","1810","0840","1810","0840","1810","0840","1810","0840","1810","0840","C1700704","446","86","10570","35.5473969758113","129.323227082826"
"서울특별시 강동구 양재대로130길 11, (명일동)","굽은다리역 3번출구 바로앞","새원약국","02-442-0107","1900","0900","1900","0900","1900","0900","1900","0900","1900","0900","1600","0900","C1101755","052","96","10571","37.5459265234157","127.143651192019"
"서울특별시 중구 명동9길 5 (명동1가)","을지로입구역","새원약국","02-776-4476","2200","0900","2200","0900","2200","0900","2200","0900","2200","0900","2200","0900","2200","0900","2200","0900","C1101754","045","34","10572","37.5641411025398","126.984922311955"
"울산광역시 중구 태화로 172, 1층 (태화동)","태화동롯데리아옆","새유명약국","052-246-2228","1930","0900","1930","0900","1930","0900","1930","0900","1930","0900","1600","0900","1800","0900","1300","0900","C1700256","444","57","10573","35.552441666666667","129.294497222222219"
"인천광역시 계양구 안남로 571, (효성동)","계양구효성1동 버스종점","새유진약국","032-548-0575","2000","0900","2000","0900","2000","0900","2000","0900","2000","0900","1300","0900","2200","1000","C1400080","210","93","10574","37.53411462026549","126.70976170516115"
"인천광역시 남동구 남동대로 705, 1층 (구월동)","새육일약국","032-427-5789","1830","0900","1830","0900","1830","0900","1830","0900","1830","0900","1400","0900","C1400729","215","72","10575","37.44518577777962","126.70660802303004"
"경상북도 칠곡군 왜관읍 중앙로 246","총무","새윤약국","054-973-9566","1900","0900","1900","0900","1900","0900","1900","0900","1900","0900","1600","0900","1300","0900","C2700934","398","83","10576","35.99694542026281","128.3991577634027"
"대구광역시 동구 안심로 58 (율하동)","대구광역시동구안심로58","새율하약국","053-965-3060","1900","0900","1900","0900","1900","0900","1900","0900","1900","0900","1600","0900","1400","0900","C1301224","411","51","10577","35.86993902090883","128.6919281875213"
"경기도 안성시 고수2로 45 (당왕동)","새은하약국","031-673-1237","1800","0830","1800","0830","1800","0830","1800","0830","1800","0830","C2107852","175","68","10578","37.01712880678503","127.25884636347357"
"경기도 고양시 일산서구 원일로 81, 1층 (일산동)","새은혜약국","031-977-3113","1930","0900","1930","0900","1930","0900","1930","0900","1930","0900","1530","0900","C2102374","103","42","10579","37.686134784356966","126.77134885348897"
"인천광역시 부평구 부흥로 285 (부평동)","부평시장 1번출구 부평구보건소 옆건물 1층","새은혜약국","032-524-1891","1400","0900","1400","0900","1400","0900","1400","0900","1400","0900","1600","0900","C1400172","213","59","10580","37.49879266074965","126.72364990410182"
"서울특별시 은평구 응암로 183, 1층 (응암동)","새응암온누리약국","02-6414-8488","2100","0900","2100","0900","2100","0900","2100","0900","2100","0900","C1103785","034","85","10581","37.5884286356527","126.916593627583"
"경기도 이천시 경충대로 2750, 101호 (관고동)","이천의료원바로옆","새이천약국","031-631-0688","1800","0830","1800","0830","1800","0830","1800","0830","1800","0830","C2103326","173","66","10582","37.282114574077255","127.43298546399683"
"경기도 수원시 팔달구 중부대로223번길 4, 블루하우스 111호 (우만동)","새이화약국","031-211-7991","1800","1000","1800","1000","1800","1000","1800","1000","1800","1000","C2108645","164","98","10583","37.2728438872946","127.047210806625"
"서울특별시 동대문구 장한로 140, 1층 (장안동)","새이화약국","02-2214-2488","1830","0900","1830","0900","1830","0900","1830","0900","1830","0900","1330","0900","C1101761","025","23","10584","37.5728529149051","127.072154950754"
"대구광역시 달서구 이곡공원로 24","새인산약국","053-587-9535","1900","0900","1900","0900","1900","0900","1900","0900","1900","0900","1400","0900","C1300405","426","20","10585","35.854986225254876","128.51000386588214"
"서울특별시 성동구 광나루로11길 41-1 (송정동)","매월 둘째, 넷째주 일요일만 운용함","송정동 아이파크아파트 정문앞/","새인선약국","02-466-4159","2500","0900","2500","0900","2500","0900","2500","0900","2500","0900","2500","0900","2500","1100","2200","1200","C1102926","048","01","10586","37.5514991438686","127.067858443986"
"대구광역시 동구 반야월로 100 (율하동)","반야월저탄장건너편","새인성약국","053-962-0302","1930","0900","1930","0900","1930","0900","1930","0900","1930","0900","1430","0900","1400","0900","C1300710","411","18","10587","35.873160100809265","128.69923538345648"
"경기도 고양시 일산동구 강송로 179, 102호 (마두동, 신일산클리닉빌딩)","새일산약국","031-902-8642","1900","0900","1900","0900","1900","0900","1900","0900","1900","0900","1400","0900","C2102339","104","15","10588","37.65436098234195","126.78327643341049"
"충청북도 청주시 흥덕구 증안로 58 (복대동)","일요일,공휴일-전화문의(설, 추석 명절 당일만 15~22)","새일신약국","043-233-7561","2200","0830","2200","0830","2200","0830","2200","0830","2200","0830","2200","0830","2200","0900","2200","1200","C2300380","284","20","10589","36.636285192648366","127.42975562859985"
"대전광역시 대덕구 대덕대로 1608 1층","새일약국","042-933-1550","1830","0900","1830","0900","1830","0900","1830","0900","1830","0900","1300","0900","C1600109","343","18","10590","36.450416049902714","127.4265015899389"
"경기도 의정부시 용현로 120, 송산주공아파트 상가동 102호 (민락동)","새잎한약국","031-851-0367","2000","1000","2000","1000","2000","1000","2000","1000","2000","1000","2000","1000","C2107806","118","09","10591","37.741260480381534","127.08915345022743"
"경상북도 경산시 자인면 일연로 53","자인중앙의원옆","새자인약국","053-856-2109","0000","0000","0000","0000","0000","0000","0000","0000","0000","0000","1300","0900","C2700119","385","49","10592","35.81841151083284","128.8217166717703"
"부산광역시 수영구 망미로22번길 54(망미동)","새자하연약국","051-917-4516","1930","0900","1930","0900","1930","0900","1930","0900","1930","0900","1600","0900","C1202785","482","34","10593","35.1709867181277","129.101771123621"
"전라남도 장흥군 장흥읍 건산로 39, 1층","새장흥약국","장흥군.읍 건산리382-9번지","새장흥약국","061-863-0690","1900","0800","1900","0800","1900","0800","1900","0800","1900","0800","1400","0840","1900","0800","C2600190","593","24","10594","34.67747964286078","126.90956969401779"
"경상북도 문경시 문경읍 주흘로 49","새재으뜸약국","054-572-1113","1900","0800","1900","0800","1900","0800","1900","0800","1900","0800","1300","0900","C2701789","369","17","10595","36.735434338219","128.109221491124"
"전북특별자치도 전주시 덕진구 백제대로 728, 1층 (인후동2가)","새전북약국","063-715-1122","2100","0830","2100","0830","2100","0830","2100","0830","2200","0830","2200","0830","2100","0900","2100","0900","C2501465","549","16","10596","35.8450620695345","127.148599250432"
"전북특별자치도 전주시 완산구 쑥고개로 324, 103호 (효자동2가)","새전주약국","063-236-2800","2100","0800","2100","0800","2100","0800","2100","0800","2100","0800","1700","0900","1700","0900","1700","0900","C2501470","550","79","10597","35.8021435351508","127.10083607616"
"경상남도 양산시 서창로 159, 남광빌딩 1층 (삼호동)","밝은성모안과 건물","새정다운약국","055-388-7542","2000","0900","2000","0900","2000","0900","2000","0900","2000","0900","1630","0900","C2800657","505","29","10598","35.41418904522732","129.17021830659894"
"경상북도 경산시 진량읍 대구대로 238","새정문약국","053-0000-0000","2000","1000","2000","1000","2000","1000","2000","1000","2000","1000","1800","1000","C2701796","384","54","10599","35.8968087410059","128.848993123294"
"울산광역시 동구 바드래1길 35, 필하모니 (전하동)","대학병원 신관뒷쪽","새정문약국","052-236-3759","1800","0900","1800","0900","1800","0900","1800","0900","1800","0900","C1700001","440","35","10600","35.517086984508616","129.42909295898426"
"경기도 화성시 용주로 111 (송산동)","새정문약국","031-236-7512","1830","0900","1830","0900","1830","0900","1830","0900","1830","0900","1330","0900","C2107408","183","56","10601","37.2105919457","127.0081112514"
"인천광역시 부평구 동수로 28, 101호 (부평동, 샬렛주상상가)","동수역과인천성모병원중간","새정성약국","032-503-0668","2100","0900","2100","0900","2100","0900","2100","0900","2100","0900","1500","0900","1300","0900","C1401431","214","30","10602","37.4847369251974","126.72139936433791"
"부산광역시 부산진구 가야대로703번가길 31","2호선 부암역 6번출구앞","새정성약국","051-807-0999","1840","0840","1730","0840","1730","0840","1730","0840","1730","0840","1340","0840","C1200828","472","61","10603","35.158053129021454","129.04982197589135"
"부산광역시 해운대구 좌동순환로 307-1","버스정류장: 신곡중학교/ 한창프라자 102호","새제일약국","051-702-8875","2000","0830","2000","0830","2000","0830","2000","0830","2000","0830","1400","0830","C1201423","481","13","10604","35.16851955512504","129.18312100684233"
"대구광역시 남구 중앙대로31길 167","전화확인 후 방문 필요","새제일약국","053-626-9444","2000","0900","2000","0900","2000","0900","2000","0900","2000","0900","1800","0900","C1300676","424","13","10605","35.851809139328545","128.58463232931166"
"대구광역시 달서구 월곡로26길 41","새제일약국","053-637-4126","1900","0900","1900","0900","1900","0900","1900","0900","1900","0900","1800","0900","C1300260","428","15","10606","35.80870736601461","128.55074689592843"
"광주광역시 서구 상무대로 870, (쌍촌동)","지하철운천역(호남대입구)2번출구에서 운천저수지쪽으로 100m위치","새제중약국","062-371-8957","2100","0800","2100","0800","2100","0800","2100","0800","2100","0800","2100","0800","2100","0800","2100","0800","C1500264","619","89","10607","35.149997222222225","126.857280555555562"
"대구광역시 남구 명덕시장길 48, (대명동)","새조은약국","053-656-1414","1700","0830","1700","0830","1700","0830","1700","0830","1700","0830","C1300940","424","18","10608","35.84520159114292","128.58567073225052"
"부산광역시 사하구 장평로 445, 1층 (괴정동)","공휴일 운영 가변적으로 전화 후 방문 요망","1호선 사하역 4,6번출구","새조은약국","051-293-3898","1800","0900","1800","0900","1800","0900","1800","0900","1800","0900","1800","0900","1400","0900","C1201159","494","02","10609","35.097933051954456","128.98622386081126"
"경상남도 거제시 서문로 80, (고현동)","고현시외버스터미널 부근","새조은약국","055-632-7870","1900","0900","1900","0900","1900","0900","1900","0900","1900","0900","1300","0900","C2800334","532","51","10610","34.890031286113555","128.62463678036892"
"서울특별시 송파구 송파대로 369 (석촌동)","석촌빌딩","새조은약국","02-400-3600","1930","0900","1930","0900","1930","0900","1930","0900","1930","0900","1500","0900","1300","0900","1300","0900","C1101565","056","97","10611","37.5006438690951","127.11087999255"
"서울특별시 은평구 응암로 226-1, 1층(응암동, 한양빌딩)","응암오거리국민은행맞은편","새종로약국","02-302-0212","1800","0900","1800","0900","1800","0900","1800","0900","1800","0900","1300","0900","C1103893","034","67","10612","37.5921676953112","126.91792555607"
"서울특별시 관악구 난곡로 264 (신림동)","새종로약국","02-866-6245","2100","0900","2100","0900","2100","0900","2100","0900","2100","0900","2100","0900","C1107072","088","49","10613","37.4775423516664","126.915674760958"
"서울특별시 동작구 성대로 5 (상도동, 새종로약국)","매월 둘째주 일요일만 운영","성대시장입구","새종로약국","02-821-7687","2000","0900","2000","0900","2000","0900","2000","0900","2000","0900","1600","0900","1930","1100","1900","1100","C1101567","069","59","10614","37.5002562896565","126.932321175786"
"인천광역시 부평구 부평문화로 87, 106호, 107호, 108호 (부평동)","새종로약국","032-524-8882","1730","1000","1730","1000","1730","1000","1730","1000","1730","1000","C1401953","213","93","10615","37.4944745713609","126.725877771458"
"전북특별자치도 김제시 중앙로 92 (요촌동)","새종로약국","063-545-7311","2000","0830","2000","0830","2000","0830","2000","0830","2000","0830","1600","0830","C2501286","543","84","10616","35.804466360647254","126.88585812247828"
"서울특별시 종로구 종로 199-2, 1-3층 (종로4가)","새종로약국","02-3672-8558","2030","0900","2030","0900","2030","0900","2030","0900","2030","0900","1900","0900","1900","1000","1900","1000","C1110237","031","30","10617"
"전라남도 영광군 영광읍 신남로 191-1","터미널 시장 앞.","새종로약국","061-353-0300","1950","0830","1950","0830","1950","0830","1950","0830","1950","0830","1550","0830","C2600542","570","42","10618","35.276115519363195","126.50301405907913"
"대구광역시 달서구 와룡로45길 46","죽전네거리성서방향오른쪽농협골목300미터","새종합약국","053-559-8114","2000","0900","2000","0900","2000","0900","2000","0900","2000","0900","1800","0900","1800","0900","C1300198","426","32","10619","35.853226018106305","128.53458390049747"
"부산광역시 부산진구 범일로 160, 중앙빌딩 1층 (범천동)","1호선 범내골역 2번 출구","새중앙약국","051-647-2468","1800","0900","1800","0900","1800","0900","1800","0900","1800","0900","1300","0900","C1200720","473","61","10620","35.14426111111111","129.0595583333361"
"경상북도 칠곡군 왜관읍 중앙로 162","공휴일 운영","왜관 남부정류장 옆","새중앙약국","054-971-8875","1830","0900","1830","0900","1830","0900","1830","0900","1830","0900","1300","0900","1500","0900","C2700026","398","90","10621","35.989425685091824","128.39963211339304"
"경상남도 창원시 마산회원구 내서읍 중리2길 5 월드프라자 지상1층","공휴일 운영은 전화확인 요망(09:00~18:00)","새중앙약국","055-231-8283","2000","0900","2000","0900","2000","0900","2000","0900","2000","0900","1300","0900","1800","0900","C2802266","512","30","10622","35.2477907294913","128.50892064278"
"부산광역시 중구 해관로 69 (중앙동4가)","1호선 중앙역 15번출구","새중앙약국","051-462-6205","2000","0830","2000","0830","2000","0830","2000","0830","2000","0830","1600","0830","C1202665","489","30","10623","35.1050916767474","129.035359054806"
"전라남도 화순군 화순읍 칠충로 103","중앙병원교차로전방100m","새중앙약국","061-372-7580","1845","0830","1845","0830","1845","0830","1845","0830","1845","0830","1500","0830","C2600251","519","807","10624","35.058490104098645","126.98127230037248"
"부산광역시 사하구 장림번영로 28(장림동)","버스정류장: 장림시장","새중앙약국","051-263-3813","2000","0900","2000","0900","2000","0900","2000","0900","2000","0900","2000","0900","C1200526","494","82","10625","35.080638809338204","128.9682678221953"
"부산광역시 북구 만덕1로 26, 중앙빌딩 101호 (만덕동)","약국 마감시간 변동 가능","3호선 만덕역 4번 출구","새중앙약국","051-932-8532","1930","0900","1930","0900","1930","0900","1930","0900","1930","0900","1430","0900","C1202646","465","57","10626","35.2144295465407","129.034761200072"
"경상남도 통영시 중앙로 120, 동보빌딩 (항남동)","공휴일은 전화 확인 요망","19.1.2. Open","새중앙약국","055-647-0025","1730","0830","1730","0830","1730","0830","1730","0830","1400","0830","1300","0830","C2802019","530","54","10627","34.84233711608284","128.42220821686197"
"대구광역시 북구 칠곡중앙대로 299, 1층 (태전동)","새중앙약국","053-321-8086","1930","0900","1930","0900","1930","0900","1930","0900","1930","0900","1330","0900","C1300005","414","57","10628","35.9222771225","128.54651588880017"
"제주특별자치도 제주시 중앙로 61, 1층 (이도일동)","중앙로 사거리 이태리안경 건물 1층","새중앙약국","064-725-0655","1800","0900","1800","0900","1800","0900","1800","0900","1800","0900","1600","0900","1200","0900","C2900235","631","92","10629","33.51264432706747","126.5247932309954"
"경기도 성남시 중원구 금상로 134, 101호 (상대원동, 선경아파트상가)","새중원약국","031-745-0355","2000","0830","2000","0830","2000","0830","2000","0830","2000","0830","2000","0830","C2101088","132","08","10630","37.44159264756504","127.16993335460523"
"경상남도 하동군 하동읍 경서대로 162,","하동읍내세란의원1층","새지리산약국","055-884-1557","1800","0830","1800","0830","1800","0830","1800","0830","1800","0830","1300","0830","C2800502","523","30","10631","35.06931176969335","127.75105014935647"
"경상남도 하동군 진교면 진교중앙길 14-8","4주 일요일 운영","하동군진교면진교시외버스터미널내","새진교약국","055-884-8042","1900","0800","1900","0800","1900","0800","1900","0800","1900","0800","1300","0800","1300","0800","C2801087","523","44","10632","35.029509969354315","127.90320908921998"
"경상북도 경산시 진량읍 공단로 496","진량 외환은행 네거리","새진량약국","053-851-2334","2000","0900","2000","0900","2000","0900","2000","0900","2000","0900","1500","0900","1300","0900","C2700141","384","56","10633","35.87578156574254","128.81930024458262"
"경기도 안양시 만안구 안양로 129 (안양동)","새진아약국","031-449-2966","2100","0800","2100","0800","2100","0800","2100","0800","2100","0800","1730","0800","C2100588","140","92","10634","37.38598423530169","126.93168001809101"
"전북특별자치도 부안군 부안읍 석정로 227,","수협 앞","새천년건강약국","063-581-5522","1900","0800","1900","0800","1900","0800","1900","0800","1900","0800","1500","0800","C2500537","563","15","10635","35.72542943848671","126.73767978912704"
"경기도 안산시 상록구 도매시장로 41 (이동, 장현빌딩)","성남중앙시장우체국맞은편(태평역3번출구에서도보7분거리)","새천년건강약국","031-419-5516","2000","0900","2000","0900","1300","0900","2000","0900","2000","0900","1900","0900","C2101200","155","08","10636","37.31052455046017","126.85950343294676"
"전북특별자치도 익산시 배산로 64 (모현동1가)","미래와여성소아과 옆","새천년건강한약국","063-851-7975","1830","0900","1830","0900","1830","0900","1830","0900","1830","0900","1400","0900","1230","0900","C2500702","546","60","10637","35.9481285847","126.9464746679"
"충청북도 진천군 진천읍 중앙북4길 26,","성심외과 앞","새천년약국","043-535-6261","2000","0900","2000","0900","2000","0900","2000","0900","2000","0900","1700","0900","1700","0900","1700","0900","C2300069","278","33","10638","36.85691481243824","127.44324168590425"
"울산광역시 남구 어은로 4, (무거동)","삼호주공아파트맞은편경남은행옆","새천년약국","052-247-7381","1900","0900","1900","0900","1900","0900","1900","0900","1900","0900","1400","0900","1200","0900","C1700105","446","36","10639","35.549608333333332","129.273200000000003"
"울산광역시 울주군 범서읍 구영로 104","언제나 고객분들의 건강을 위해서 최선을 다하는 새천년약국입니다.","구영리 스파밸리 건물1층","새천년약국","052-211-7382","2000","0900","2000","0900","2000","0900","2000","0900","2000","0900","1500","0900","C1700119","449","23","10640","35.57321842300562","129.24168264855496"
"경기도 시흥시 삼미시장1길 1 (신천동)","새천년약국","031-312-2555","1900","0900","1900","0900","1900","0900","1900","0900","1900","0900","1700","0900","1300","1000","C2100829","149","48","10641","37.43983270732667","126.78579478264535"
"강원특별자치도 춘천시 후석로 12, 1층 1호 (석사동)","하이마트옆","새천년약국","033-263-8375","1830","0900","1830","0900","1830","0900","1830","0900","1830","0900","1300","0900","C2200313","243","91","10642","37.856216666666668","127.739536111111107"
"경상북도 포항시 남구 호미곶면 해맞이로 194-2","여름 08:00~19:00","새천년약국","054-281-2334","1830","0800","1830","0800","1830","0800","1830","0800","1830","0800","1500","0800","C2700861","790","812","10643","36.07870764373267","129.56027519269486"
"전북특별자치도 익산시 중앙로 179-1, (마동)","송헌섭소아과1층 동산오거리","새천년약국","063-843-2851","2000","0800","2000","0800","2000","0800","2000","0800","2000","0800","1700","0800","1500","0800","1700","0800","C2500242","545","97","10644","35.93598340551212","126.96626754844637"
"서울특별시 동작구 상도로 69 (대방동)","신대방삼거리역5번출구","새천년온누리약국","02-815-5051","2030","0900","2030","0900","2030","0900","2030","0900","2030","0900","1800","0900","C1101751","069","53","10645","37.4999605059187","126.928375974876"
"전라남도 여수시 중앙로 72-20","새천일약국","061-665-1001","1900","0730","1900","0730","1900","0730","1900","0730","1900","0730","1830","0800","C2601036","597","35","10646","34.739874646161695","127.735202242045"
"경상남도 창원시 마산회원구 북성로 138 (회원동, 천지리치빌106호)","새천지약국","055-246-7776","1830","0900","1830","0900","1830","0900","1830","0900","1830","0900","1300","0900","C2800983","512","89","10647","35.219717992173926","128.5710336465709"
"충청북도 충주시 계명대로 23","새충주약국","043-842-8512","1830","0800","1830","0800","1830","0800","1830","0800","1830","0800","1300","0800","C2300567","273","59","10648","36.98264204","127.9169278295"
"경기도 성남시 중원구 은이로5번길 1 (은행동) 1층","새코끼리약국","031-731-8717","2100","0900","2100","0900","2100","0900","2100","0900","2100","0900","1700","0900","C2106425","131","53","10649","37.45794738162126","127.16481484154087"
"경기도 양평군 양평읍 시민로 34","새태평양약국","031-775-2739","2000","0830","2000","0830","2000","0830","2000","0830","2000","0830","1900","0830","1300","0830","C2102567","125","61","10650","37.49005805190717","127.49544960032517"
"경기도 이천시 이섭대천로 1224 (창전동)","새태평양약국","031-634-9967","1900","1000","1900","1000","1900","1000","1900","1000","1900","1000","C2106501","173","70","10651","37.27950326510851","127.44707876577462"
"서울특별시 관악구 봉천로 616 (봉천동)","새태평양온누리약국","02-3481-1079","2000","0900","2000","0900","2000","0900","2000","0900","2000","0900","1900","0900","1900","1200","1900","1200","C1107048","087","93","10652","37.475434621439","126.965487417133"
"충청북도 청주시 청원구 직지대로 874-2, 상당빌딩 (우암동)","북부정류장","새터미널약국","043-222-9022","1830","0830","1830","0830","1830","0830","1830","0830","1830","0830","1330","0830","C2301094","285","35","10653","36.6504289866","127.486985787"
"충청북도 청주시 청원구 새터로 172 (사천동)","새터온누리약국","043-241-1201","1830","0900","1830","0900","1230","0900","1830","0900","1830","0900","1230","0900","C2301099","283","46","10654","36.66254449791186","127.4733804438408"
"서울특별시 구로구 경인로 661, 신도림1차푸르지오 2층 211-1호 (신도림동)","새튼튼약국","02-3439-7245","1900","0830","2000","0830","1900","0830","2000","0830","1900","0830","1400","0900","C1109300","082","08","10655","37.5096619486431","126.887986372819"
"전북특별자치도 완주군 이서면 기지로 54, 1층 103호 (이서면)","새파란약국","063-229-1300","1900","0900","1900","0900","1900","0900","1900","0900","1900","0900","1300","0900","C2501343","553","65","10656","35.8380691343399","127.05781267725"
"경상남도 진주시 새평거로 25, 1층 (평거동, 더 퀸즈 웰가)","새평거온누리약국","055-746-4975","1800","0900","1800","0900","1800","0900","1800","0900","1800","0900","C2801802","526","50","10657","35.16656875688999","128.04953737320497"
"전북특별자치도 전주시 덕진구 안덕원로 261, (인후동1가)","안골사거리 전북은행 옆","새평화약국","063-241-5094","2200","0830","2200","0830","2200","0830","2200","0830","2200","0830","2100","0830","2000","1000","2000","1000","C2500768","549","20","10658","35.83692920407028","127.15557454383474"
"대구광역시 동구 아양로15길 2(신암동)","새평화약국","053-942-8185","1800","0900","1800","0900","1800","0900","1800","0900","1800","0900","C1301729","411","99","10659","35.8834965497532","128.623100368382"
"경상남도 창원시 마산합포구 합포로 64, (동성동)","큰나무정형외과 부근","새푸른약국","055-222-7110","1830","0800","1830","0800","1830","0800","1830","0800","1830","0800","1330","0800","C2800346","517","21","10660","35.204955555555557","128.578211111111102"
"서울특별시 관악구 쑥고개로 122, 1층 (봉천동)","관악구보건소옆GS수퍼마켓맞은편","새푸른약국","02-879-0678","2130","0900","2130","0900","2130","0900","2130","0900","2130","0900","2100","0930","C1102985","088","32","10661","37.4787675984087","126.950011689466"
"부산광역시 동래구 아시아드대로 184 (사직동)","3호선 사직역 4번출구","새푸른약국","051-501-2266","1800","0900","1800","0900","1300","0900","1800","0900","1800","0900","1300","0900","C1202102","478","40","10662","35.200749981681724","129.06509347448357"
"서울특별시 강남구 압구정로 326, 1층 105호 (신사동)","새하나약국","02-6465-2962","1930","0830","1930","0830","1930","0830","1930","0830","1930","0830","1430","0830","C1110445","060","18","10663","37.5283892381522","127.037236193093"
"대전광역시 대덕구 계족산로5번길 115, (법동)","새하나약국","042-637-1093","1900","0800","1900","0800","1900","0800","1900","0800","1900","0800","1600","0800","1300","0800","C1600289","344","06","10664","36.367072222222220","127.430388888888885"
"광주광역시 서구 경열로 124 (양동)","양동시장 육교앞","새하나약국","062-365-4374","1800","0830","1800","0830","1800","0830","1800","0830","1800","0830","1220","0830","C1500255","619","24","10665","35.15278856759149","126.89921880204072"
"부산광역시 연제구 과정로 126 (연산동)","버스정류장: 연산경찰서 입구","새하나약국","051-753-1350","1900","0900","1900","0900","1900","0900","1900","0900","1900","0900","1300","0900","1300","0900","C1200249","475","70","10666","35.18268852306329","129.1073147852702"
"서울특별시 송파구 강동대로 71, 1층 (풍납동, 신흥빌딩)","아산병원처방전문.송파강동세무소맞은편.올림픽대교남단위치","새하나약국","02-474-8833","1800","0900","1800","0900","1800","0900","1800","0900","1800","0900","1800","1400","C1100573","055","37","10667","37.5268266194978","127.115449253501"
"전라남도 순천시 팔마로 217, 1층 (덕암동)","홈플러스 인근","새하나약국","061-745-3311","1900","0900","1900","0900","1900","0900","1900","0900","2000","0900","1630","0900","1630","0900","1700","0900","C2600400","579","64","10668","34.94032080705863","127.50990858512645"
"서울특별시 노원구 동일로 1308","정안프라자 1층 제 이마트 옆(중계역 1번출구)","새하늘약국","02-971-0610","2230","0900","2230","0900","2230","0900","2230","0900","2230","0900","2000","0900","2000","0900","2000","1100","C1102845","017","60","10669","37.6459751467144","127.064166413458"
"서울특별시 구로구 개봉로20길 6","개봉동 현대아파트 1단지 상가","새하늘약국","02-2625-1585","1900","0900","1900","0900","1900","0900","1900","0900","1900","0900","1500","0900","C1104342","083","29","10670","37.4928802334449","126.859308079005"
"전북특별자치도 전주시 완산구 홍산1길 21 (효자동2가, 서희스타힐스)","새하늘약국","063-227-7771","2000","0830","2000","0830","2000","0830","2000","0830","2000","0830","1500","0830","C2501153","549","69","10671","35.81415339948065","127.10666458598413"
"경기도 군포시 산본로 390, 1층 (산본동)","산본이마트에서군포문화회관방향500M우측대림타운1층","새하늘약국","031-346-1551","1900","0900","1900","0900","1900","0900","1900","0900","1900","0900","1500","0900","C2103120","158","18","10672","37.364733647543275","126.93003352659775"
"충청남도 천안시 서북구 3공단6로 58-8, 천안비즈타워 314호 (차암동)","새하얀약국","070-7659-1317","1900","0900","1900","0900","1900","0900","1900","0900","1900","0900","1400","0900","C2401902","310","85","10673","36.84100182377089","127.10402292864345"
"전북특별자치도 전주시 완산구 용머리로 62 (효자동1가)","상산고 사거리","새하얀온누리약국","063-229-8575","1900","0900","1900","0900","1900","0900","1900","0900","1900","0900","1300","0900","C2500769","550","81","10674","35.806285120907134","127.11692154455689"
"전북특별자치도 남원시 동문로 40 (동충동, 한겨레약국)","동문사거리에위치","새한겨레약국","063-632-3444","1800","0830","1800","0830","1800","0830","1800","0830","1800","0830","1230","0830","C2500068","557","60","10675","35.409180555555558","127.386027777777784"
"경상남도 창원시 마산합포구 완월동15길 15","새한독약국","055-242-8275","1745","0815","1745","0815","1745","0815","1745","0815","1745","0815","C2801874","512","64","10676","35.19971077263502","128.5662874800521"
"경상남도 거제시 상동1길 18-7","파리바게트옆건물","새한마음약국","055-637-3960","2100","0900","2100","0900","2100","0900","2100","0900","2100","0900","1600","0900","C2800939","532","96","10677","34.865178892598124","128.64038163338125"
"서울특별시 광진구 뚝섬로 558 (자양동)","새한빛약국","02-446-9105","1830","0900","1830","0900","1830","0900","1830","0900","1830","0900","1330","0830","C1103616","050","91","10678","37.5341117330817","127.071843016145"
"경상남도 창원시 마산합포구 월영동2길 3, 은아상가 105호 (해운동)","새한빛약국","055-243-5640","1830","0900","1830","0900","1830","0900","1830","0900","1830","0900","1300","0900","C2802058","517","51","10679","35.17957807912091","128.55859856213135"
"울산광역시 남구 화합로194번길 12-1 (삼산동)","보람병원인근","새한빛약국","052-272-1688","2000","0900","2000","0900","2000","0900","2000","0900","2000","0900","1800","0900","1800","0900","1800","0900","C1700089","447","13","10680","35.54187848650454","129.34094882226015"
"경상북도 포항시 남구 포스코대로 141 (이동)","새한빛약국","054-274-4214","2000","0900","2000","0900","2000","0900","2000","0900","2000","0900","1400","0900","C2700701","376","77","10681","36.02599820142133","129.34139994578152"
"경기도 고양시 덕양구 화신로272번길 58, 411호 (화정동, 영프라자)","화정역2번출구좌측전방30m영프라자빌딩우리은행빌딩4층","새한빛약국","031-972-6308","1830","0900","1830","0900","1830","0900","1830","0900","1830","0900","1400","0900","C2102505","105","00","10682","37.63370348083022","126.83212749163793"
"전북특별자치도 군산시 대학로 44-1, (신창동)","삼성생명 맞은편","새한사랑약국","063-446-9788","1800","0900","1800","0900","1800","0900","1800","0900","1800","0900","1200","0900","C2500699","540","22","10683","35.986142928230805","126.71066289158332"
"경상북도 경주시 안강읍 구부랑길 67-7,","새한솔약국","054-761-3577","1900","0900","1900","0900","1900","0900","1900","0900","1900","0900","1300","0900","C2700710","380","11","10684","36.00335609274811","129.19628082866495"
"경상북도 구미시 구미중앙로 115 (원평동)","새한솔약국","054-442-0330","1900","0900","1900","0900","1900","0900","1900","0900","1900","0900","1500","0900","C2700198","392","25","10685","36.12756744933346","128.33504480953627"
"부산광역시 중구 동영로 4, 2층 (동광동5가)","부산 메리놀 우편취급국 맞은편","새한솔약국","051-442-0911","1800","0900","1800","0900","1800","0900","1800","0900","1800","0900","1300","0900","C1202298","489","21","10686","35.107607960047","129.0332101652977"
"경기도 고양시 덕양구 충경로 87, 대명상가 2층 (행신동)","새한솔약국","031-971-1559","1900","0900","1900","0900","1900","0900","1900","0900","1900","0900","1500","0900","1300","0900","C2103653","105","29","10687","37.615681083666686","126.8397449116732"
"경기도 수원시 권선구 탑동로 9 (탑동)","새한아름약국","031-294-4999","1900","0900","1900","0900","1900","0900","1900","0900","1900","0900","1600","0900","C2102139","166","06","10688","37.26967951146978","126.9749727739147"
"경기도 안산시 단원구 와동로 22, (와동)","-날만근무/절근무안함 ex)어린이날 근무","새한약국","031-475-9550","2100","0900","2100","0900","2100","0900","2100","0900","2100","0900","1600","0900","C2101899","152","65","10689","37.3325400342","126.8278587568"
"부산광역시 북구 구남로14번길 75 (구포동)","대성아파트 입구","새한약국","051-332-4082","1900","0900","1900","0900","1900","0900","1900","0900","1900","0900","1900","0900","C1200772","466","48","10690","35.201300845426104","128.9969237697055"
"경상북도 구미시 선산읍 남문로4길 4","선산읍우체국맞은편(롯데리아앞)","새한약국","054-481-1755","2000","0900","2000","0900","2000","0900","2000","0900","2000","0900","1800","0900","1800","0830","C2700281","391","26","10691","36.24087673667461","128.3018155370721"
"전라남도 보성군 미력면 가평길 36-19","보성아산병원 입구 근처","새한약국","061-853-2279","1730","0800","1730","0800","1730","0800","1730","0800","1730","0800","1230","0800","C2600078","594","43","10692","34.77508767139525","127.10381642441928"
"충청북도 청주시 청원구 향군로 129 (내덕동)","덕벌초 앞","새한약국","043-250-0557","2000","0900","2000","0900","2000","0900","2000","0900","2000","0900","1400","0900","C2300064","284","85","10693","36.65934967024993","127.47808213605421"
"제주특별자치도 서귀포시 성산읍 성산중앙로 39","공휴일은 방문 전 전화문의 부탁드립니다.","성산포 우체국 북측","새한약국","064-784-3001","1800","0800","1800","0800","1800","0800","1800","0800","1800","0800","1800","0800","1800","0800","C2900181","636","43","10694","33.46330033657662","126.93330858793676"
"인천광역시 부평구 부흥로 247 (부평동)","부평동아아파트2단지정문앞(부평시장역에서100미터)","새한약국","032-527-1188","2000","0900","2000","0900","2000","0900","2000","0900","2000","0900","1600","0900","1600","1000","C1400421","213","78","10695","37.499052688831426","126.71929280211103"
"경기도 안양시 만안구 안양로 304 (안양동)","새한약국","031-449-2686","2100","0800","2100","0800","2100","0800","2100","0800","2100","0800","2000","0800","1800","1000","C2102217","139","92","10696","37.39926099296649","126.92134091880167"
"서울특별시 강북구 도봉로 67, 새한빌딩 1층 102호 (미아동)","새한약국","02-946-0688","1830","0900","1830","0900","1830","0900","1830","0900","1830","0900","1400","0900","C1108063","012","05","10697","37.6151179500675","127.02958154164"
"서울특별시 강서구 등촌로 173, 1층 (등촌동)","실로암안과;아이피크버스정류소앞","새한약국","02-2651-1577","2230","0830","2230","0830","2230","0830","2230","0830","2230","0830","2230","0830","2230","1100","2230","1100","C1103066","076","68","10698","37.5454022015772","126.862143168452"
"제주특별자치도 제주시 신대로 128","첫째주 일요일 휴무 첫째주 토요일 09:00~13:00","구, 코스모스사거리 북서측 코너에 위치","새한온누리약국","064-742-1348","2150","0900","2150","0900","2150","0900","2150","0900","2150","0900","2150","0900","1950","1600","C2900191","631","23","10699","33.485922650074556","126.49617709447914"
"부산광역시 연제구 고분로 200","버스정류장: 엘지아파트상가 103호, SK VIEW입구","새행복약국","051-864-8884","1900","0900","1900","0900","1900","0900","1900","0900","1900","0900","1300","0900","C1200686","475","85","10700","35.18500044381021","129.10433175418237"
"경상남도 창녕군 영산면 영산중앙길 3, 102호","새행복약국","055-521-4518","1900","0830","1900","0830","1900","0830","1900","0830","1900","0830","1500","0830","C2802228","503","47","10701","35.4566729222293","128.527148567639"
"부산광역시 영도구 남항로 52, (영선동2가)","버스정류장: 동삼동국민은행버스정류소","새행운약국","070-7312-2797","1900","0900","1900","0900","1900","0900","1900","0900","1900","0900","1400","0900","C1201239","490","56","10702","35.088048753688504","129.04190106494218"
"경상남도 창원시 진해구 충장로657번길 20, 1층 107호 (장천동)","새현대약국","055-546-0020","1915","0850","1915","0850","1915","0850","1915","0850","1915","0850","1415","0850","C2802005","516","28","10703","35.1305725701","128.7057362234"
"제주특별자치도 서귀포시 중앙로 35-1, 현대약국 (서귀동)","아케이드 상가 내","새현대약국","064-733-6143","1900","0900","1900","0900","1900","0900","1900","0900","1900","0900","1400","0830","C2900136","635","92","10704","33.2478904391887","126.561659001733"
"전라남도 나주시 세지면 동창로 136-6","서지터미널 건너편.","새현대약국","061-331-5021","1730","0800","1730","0800","1730","0800","1730","0800","1730","0800","1200","0800","C2600761","583","18","10705","34.920907127471814","126.74765702020714"
"서울특별시 종로구 사직로 130, 적선현대빌딩 지하층 10호 (적선동)","적선현대빌딩지하 10호","새현대약국","02-720-5662","2000","0900","2000","0900","2000","0900","2000","0900","2000","0900","C1102656","031","70","10706","37.5753675264983","126.973321784452"
"경기도 용인시 처인구 포곡읍 백옥대로1898번길 1-8,","새현대약국","031-322-6488","2100","0900","2100","0900","2100","0900","2100","0900","2100","0900","C2101670","449","814","10707","37.29628047855216","127.23417537408065"
"부산광역시 부산진구 가야대로 641-1","2호선 가야역 4번출구/현대아파트 방향","새현대약국","051-894-2640","2000","0900","2000","0900","2000","0900","2000","0900","2000","0900","1600","0900","1600","1000","C1200783","472","76","10708","35.15595131359343","129.04193911546548"
"경기도 부천시 역곡로 8, 1층 (역곡동)","새현대약국","032-341-7467","2500","1000","2500","1000","2500","1000","2500","1000","2500","1000","2500","0830","2500","0830","C2107136","146","70","10709","37.48611037045143","126.81175882571288"
"서울특별시 서대문구 연세로 35, 1층 (창천동)","새현대약국","02-336-0335","1900","0830","1900","0830","1900","0830","1900","0830","1900","0830","1400","0900","C1109270","037","88","10710","37.5587271419036","126.936712158471"
"울산광역시 동구 방어진순환도로 859 (전하동)","현대중공업정문근처","새현대약국","052-233-2212","1900","0900","1900","0900","1900","0900","1900","0900","1900","0900","C1700161","440","35","10711","35.517977777777780","129.431466666666665"
"서울특별시 강북구 인수봉로55길 13 (수유동)","일요일은 시간 유동적이므로 전화 확인 후 방문바랍니다.","화계사한신대근처영락기도원가는길청수탕옆","새현대약국","02-902-8373","2030","0830","2030","0830","2030","0830","2030","0830","2030","0830","2030","0830","C1103257","010","24","10712","37.636706608219","127.012119212736"
"대구광역시 서구 달서로 191 (비산동)","북비산로타리파출소옆1층건물","새현약국","053-522-4398","2000","0900","2000","0900","2000","0900","2000","0900","2000","0900","1300","0900","C1300789","417","79","10713","35.87916157253153","128.5710965040232"
"대구광역시 동구 반야월로 371 (신서동)","새혜민약국","053-961-9111","1900","0900","1900","0900","1900","0900","1900","0900","1900","0900","1400","0900","C1300011","410","76","10714","35.87187485624162","128.72931117720776"
"전북특별자치도 남원시 인월면 인월로 57","토, 일요일 전화 후 방문","인월 소재지","새호남약국","063-636-2017","1800","0900","1800","0900","1800","0900","1800","0900","1800","0900","1600","0900","1800","0900","C2500009","557","15","10715","35.460959562304204","127.60142561228967"
"대구광역시 달서구 월배로 329, (송현동)","새화성약국","053-652-7799","1900","0900","1900","0900","1900","0900","1900","0900","1900","0900","1400","0900","C1300582","427","42","10716","35.82504486909929","128.54631002235058"
"대구광역시 달서구 송현동2길 24","새화신약국","053-625-3086","2100","0900","2100","0900","2100","0900","2100","0900","2100","0900","2100","0900","C1300219","427","40","10717","35.82997366518508","128.54857523083547"
"경기도 고양시 덕양구 화정로 53, (화정동)","새화정약국","031-814-8133","1900","0900","1900","0900","1900","0900","1900","0900","1900","0900","1630","0900","C2102902","104","97","10718","37.63515913822475","126.8318930970845"
"서울특별시 강남구 학동로101길 26 (청담동)","청담역 14번출구/삼익상가 102호","새휘정약국","02-542-1910","2200","0830","2200","0830","2200","0830","2200","0830","2200","0830","2200","0830","C1101644","060","77","10719","37.5224447996482","127.057620352182"
"충청북도 청주시 흥덕구 사직대로 68 (복대동)","새희망약국","043-277-0001","1800","0830","1800","0830","1800","0830","1800","0830","1800","0830","1300","0830","C2300319","361","270","10720","36.63432434608903","127.45499159365671"
"경기도 부천시 성주로 90, 1층 (송내동)","부천고등학교 후문","새희망약국","070-7773-9877","2130","0900","2130","0900","2130","0900","2130","0900","2130","0900","C2100369","147","45","10721","37.47927147571623","126.76621808083676"
"경기도 평택시 서정역로26번길 3, 대성빌딩 1층 (서정동)","새희망약국","031-667-0955","1800","1000","1800","1000","1800","1000","1800","1000","1800","1000","C2108376","177","83","10722","37.056457783188","127.055922469854"
"경기도 연천군 전곡읍 전곡로 146","전곡정형외과옆","새희망약국","031-832-0399","2000","0800","2000","0800","2000","0800","2000","0800","2000","0800","1800","0800","1900","1000","C2102824","110","34","10723","38.02521030349629","127.06892753078418"
"서울특별시 송파구 송파대로 422 (송파동)","석촌역4번출구앞 안흥빌딩 1층","새희망약국","02-423-8417","1900","0900","1900","0900","1900","0900","2000","0900","1900","0900","1700","0900","C1104511","056","67","10724","37.5049872636509","127.107853830498"
"서울특별시 강동구 동남로 877, 한화오벨리스크스위트 (명일동)","강동경희대학교병원앞(버스정류장앞)","새희망약국","02-429-4775","1830","0830","1830","0830","1830","0830","1830","0830","1830","0830","1830","0830","1830","1200","1300","0830","C1101740","052","69","10725","37.5520151961618","127.155801963382"
"서울특별시 성동구 천호대로 308, 2층(용답동)","용답동국민은행2층","새희망약국","02-2212-2212","1830","0900","1830","0900","1300","0900","1830","0900","1830","0900","1300","0830","C1101605","048","04","10726","37.5652248597338","127.054233759933"
"서울특별시 용산구 독서당로 67, 205호 (한남동)","일요일 격주휴무로 전화확인요망","새희망약국","02-793-2296","2130","0800","2130","0800","2130","0800","2130","0800","2130","0800","2130","0800","C1110754","044","19","10727","37.5338685001492","127.008153600765"
"서울특별시 영등포구 영등포로 146-1, 1층 2호 (당산동1가)","고이비인후과 빌딩1층","새희망약국","02-2636-6126","1800","0900","1800","0900","1800","0900","1800","0900","1800","0900","1500","0900","C1103204","072","92","10728","37.520844597683","126.897645916904"
"경기도 수원시 팔달구 팔달로 117 (화서동)","새희망약국","031-255-6235","1830","0830","1830","0830","1830","0830","1830","0830","1830","0830","1330","0830","C2106767","164","41","10729","37.279161699930015","127.00359924756681"
"전북특별자치도 전주시 완산구 우전로 312, 대진빌딩 1층 (효자동3가)","새희망약국","050-71421-9890","2200","0900","2200","0900","2200","0900","2200","0900","2200","0900","2200","0900","C2501480","549","62","10730","35.8223044073737","127.102210090512"
"충청남도 공주시 백제문화로 2157, 청실마트 상가동 1층 101,102호호 (웅진동)","새희망약국","041-854-8524","2100","0830","2100","0830","2100","0830","2100","0830","2100","0830","1900","0900","1900","1000","2000","0900","C2401366","325","43","10731","36.4578796867","127.1090678476"
"대전광역시 대덕구 신탄진로 847 1층","새희망약국","042-252-4120","1900","0900","1900","0900","1900","0900","1900","0900","1900","0900","1300","0900","1200","1000","C1600623","343","06","10732","36.45302971161124","127.42843009668284"
"인천광역시 미추홀구 낙섬중로 54 (용현동)","공휴일 유동적","김영주가정의학과 건물 1층","새희망약국","032-888-3040","1400","0900","1400","0900","1400","0900","1400","0900","1400","0900","1400","0900","1300","0900","C1400676","402","025","10733","37.45278119854097","126.63859576793183"
"강원특별자치도 춘천시 중앙로 59, 1층 (중앙로2가)","새희망약국","033-254-2552","1830","0900","1830","0900","1830","0900","1830","0900","1830","0900","1300","0900","C2200502","243","53","10734","37.879688504500926","127.72720156518149"
"전라남도 담양군 담양읍 죽녹원로 51,","축협매장과 현대의원사이","새희망약국","061-381-1790","1800","0830","1800","0830","1800","0830","1800","0830","1800","0830","1230","0830","C2600305","573","44","10735","35.31948433704612","126.98497119094907"
"대구광역시 달서구 조암로 42, 플러스타워 1층 112호 (월성동)","새희망약국","053-642-3222","1900","0900","1900","0900","1900","0900","1900","0900","1900","0900","1400","0900","C1301532","427","53","10736","35.8247544918","128.52510225670017"
"전라남도 광양시 중동로 49, 1층 (중동)","점심시간 : 12:30~14:00 토요일 : 예약 근무","새희망한약국","061-794-8875","1800","1000","1800","1000","1800","1000","1800","1000","1800","1000","1300","1000","C2601087","577","84","10737","34.941409406","127.6940650902"
"서울특별시 도봉구 도봉로180나길 19, 근린생활시설동 1층 143호 (도봉동, 힐스테이트 도봉역 웰가)","휴게시간 13:00-14:00(수, 토요일 제외)","새힘약국","02-956-1064","1900","0900","1900","0900","1400","0900","1900","0900","1900","0900","1400","0900","C1110265","013","19","10738","37.6831556471063","127.047860529197"
"제주특별자치도 제주시 서광로 262, 1층 (삼도일동)","새힘약국","064-755-4031","1800","0900","1800","0900","1300","0900","1800","0900","1800","0900","1300","0900","C2900537","631","87","10739","33.4996621148119","126.524506360365"
"서울특별시 강동구 올림픽로 806, 까사팔공육 1층 101호 (암사동)","새힘약국","02-426-2180","1930","0900","1930","0900","1930","0900","1930","0900","1930","0900","1430","0900","C1108246","052","51","10740","37.5529279795177","127.128830262682"
"서울특별시 송파구 동남로29길 4, A동 1층 117호 (오금동)","일요일만 휴무이고 공휴일 근무합니다. 월,화,목,금 : 저녁8시30분까지 수,토: 저녁8시까지 (30분 단축근무)","레미니스3단지(송파호반베르디움더퍼스트) 건너편","새힘온누리약국","02-449-2201","2030","0900","2030","0900","2000","0900","2030","0900","2030","0900","2000","0900","2030","0900","C1104326","057","21","10741","37.5052089391565","127.1383471337"
"서울특별시 노원구 덕릉로126길 2, B101호 (상계동)","샌트럴이든약국","02-930-0403","2200","0830","2200","0830","2200","0830","2200","0830","2200","0830","2200","0830","2200","0830","2200","0830","C1109577","016","44","10742","37.6701892350804","127.08149381016"
"대구광역시 북구 동북로 160, 2층 (산격동)","수성동아백화점맞은편","샘결약국","053-952-0033","1830","0900","1830","0900","1830","0900","1830","0900","1830","0900","1300","0900","C1300365","415","35","10743","35.820625198698856","128.63982203087454"
"전북특별자치도 정읍시 수성로 50, (수성동)","수성동 새마을금고 맞은편","샘골약국","063-538-0222","2400","0830","2400","0830","2400","0830","2400","0830","2400","0830","2400","0830","2400","1600","2400","1600","C2500079","561","74","10744","35.58214874645575","126.85566126096324"
"전북특별자치도 정읍시 북면 칠북로 109, 1층","샘골조은약국","063-536-2086","1900","0900","1900","0900","1900","0900","1900","0900","1900","0900","1900","0900","1900","0900","C2501400","561","34","10745","35.6110254068398","126.894331720403"
"경기도 안양시 동안구 흥안대로 528, 103호 (관양동, 타워빌딩)","인덕원전철역3번출구","샘깊은약국","031-422-0852","1900","0900","1900","0900","1900","0900","1900","0900","1900","0900","1300","0900","C2103964","139","43","10746","37.40101854221976","126.97729893792703"
"경기도 군포시 군포로595번길 8 (당동)","샘라운지약국","031-457-7577","1830","0830","1830","0830","1830","0830","1830","0830","1830","0830","1300","0830","C2106526","158","39","10747","37.35917825585767","126.94759343694204"
"경기도 안양시 동안구 관악대로 93, 103호 (비산동, 샘모루빌딩)","비산동이마트전방100M샘모루빌딩1층","샘모루약국","031-442-9905","1900","0900","1900","0900","1900","0900","1900","0900","1900","0900","1500","0900","C2106471","139","25","10748","37.3989876628495","126.93406247968357"
"경기도 부천시 성지로101번길 38, 1층 (원종동)","원종제일시장","샘물약국","032-677-7589","2100","0900","2100","0900","2100","0900","2100","0900","2100","0900","1900","0900","C2100318","144","14","10749","37.528194005161055","126.80923664446612"
"경기도 용인시 수지구 문정로 46, 305호 (풍덕천동)","용인수지한길타운305호","샘물약국","031-262-9951","1900","0900","1900","0900","1900","0900","1900","0900","1900","0900","1300","0900","C2101710","168","37","10750","37.324557701300826","127.09470630146504"
"서울특별시 송파구 마천로 264, 흥일빌딩 1층 (거여동)","마천사거리","샘물약국","02-3402-0415","1800","0900","1800","0900","1800","0900","1800","0900","1800","0900","1300","0900","C1108923","057","35","10751","37.4980805219712","127.146149512256"
"경기도 군포시 산본로323번길 16-26, 5층 (산본동)","국민은행빌딩 5층","샘물약국","031-393-2519","1900","0930","1900","0930","1900","0930","1900","0930","1900","0930","1500","0930","C2103354","158","65","10752","37.3599792236","126.9317848573"
"경기도 고양시 일산동구 일산로 240, 1층 (마두동, 백마프라자)","백마마을6단지입구(충정교회옆)","샘물약국","031-905-7429","2000","0830","2000","0830","2000","0830","2000","0830","2000","0830","1600","0830","C2102848","104","17","10753","37.65765385291558","126.7885977061317"
"경기도 용인시 기흥구 동백중앙로 356, 1층 7호 (동백동, 지우프라자)","동백고등학교인접","샘물약국","031-286-7594","2100","0830","2100","0830","2100","0830","2100","0830","2100","0830","1800","0830","C2101402","170","03","10754","37.282377777777775","127.159541666666669"
"전북특별자치도 익산시 무왕로 988","샘물약국","063-835-1200","1300","0830","1300","0830","1300","0830","1300","0830","1300","0830","C2501221","546","35","10755","35.9597908115","126.9669435917"
"경기도 안산시 상록구 예술광장1로 126, 109,110호 (성포동, 경동상가)","샘물약국","031-487-0265","1800","0900","1800","0900","1800","0900","1800","0900","1800","0900","1900","0830","1600","0900","C2103883","152","91","10756","37.32692215993286","126.84415967302554"
"서울특별시 노원구 노원로 43 (공릉동)","샘물약국","02-971-2268","2200","0900","2200","0900","2200","0900","2200","0900","2200","0900","2100","0900","C1101538","018","21","10757","37.6254237209193","127.085787136589"
"대구광역시 중구 공평로 16, 1층 (삼덕동2가)","샘물약국","053-257-2700","1830","0900","1830","0900","1830","0900","1830","0900","1830","0900","1530","0900","C1301666","419","40","10758","35.8653788579579","128.600167878701"
"인천광역시 동구 송화로44번길 13-1, 금학빌딩 1층 (송현동)","고려abc 밑","샘물약국","032-867-0221","1900","0900","1900","0900","1900","0900","1900","0900","1900","0900","1300","0900","C1400310","225","23","10759","37.48036571206144","126.63368619521017"
"대구광역시 서구 북비산로 360, 1층 (비산동)","샘물약국","053-522-3946","1800","0830","1800","0830","1800","0830","1800","0830","1800","0830","1300","0830","C1301102","417","94","10760","35.879102884806585","128.57255251072803"
"대구광역시 수성구 국채보상로 830","대구수성구범어동1806번지1층","샘물약국","053-759-8485","1830","0900","1830","0900","1830","0900","1830","0900","1830","0900","1300","0900","C1300018","420","10","10761","35.867242710146186","128.62175250573506"
"전라남도 해남군 해남읍 중앙2로 127-3","한국병원 옆.","샘물약국","061-536-0357","1730","0830","1730","0830","1730","0830","1730","0830","1730","0830","1230","0830","C2600354","590","40","10762","34.5669300360057","126.59571485324977"
"경상북도 안동시 광명로 124, 1층 (옥동)","샘물약국","054-841-0153","1900","0900","1900","0900","1900","0900","1900","0900","1900","0900","1700","0830","C2701733","366","64","10763","36.5594223555609","128.698692699872"
"광주광역시 동구 제봉로 52, 1층 (남동)","샘물약국","050-71489-0235","1830","0830","2030","0830","1830","0830","1830","0830","1830","0830","1530","0830","C1501330","614","68","10764","35.1430991804802","126.92103224507"
"경상남도 진주시 진양호로 457 (인사동)","이마트 근처","샘물약국","055-742-8877","1900","0830","1900","0830","1900","0830","1900","0830","1900","0830","1700","0900","C2800369","526","86","10765","35.190738888888887","128.075919444444452"
"광주광역시 남구 용대로 208, 1층 (방림동)","샘물약국","062-651-3028","2100","0800","2100","0800","2100","0800","2100","0800","2100","0800","1300","0830","C1501182","616","66","10766","35.1347588711","126.9173782813"
"서울특별시 중구 퇴계로88길 45, 1층 (신당동)","신당역 3번출구/서울실용음악고등학교 인근","샘물온누리약국","02-965-3336","1930","0830","1930","0830","1930","0830","1930","0830","1930","0830","1600","0830","C1103949","045","83","10767","37.5635681705201","127.020398090007"
"강원특별자치도 춘천시 신북읍 신샘밭로 656 (신북읍)","천전삼거리 주변","샘밭소양댐약국","033-242-1717","1900","0900","1900","0900","1900","0900","1900","0900","1900","0900","1900","0900","1930","0900","C2200582","242","04","10768","37.929579404093175","127.78267409750039"
"강원특별자치도 춘천시 신북읍 신샘밭로 431","월요일 정기휴일","소양댐 가는길","샘밭약국","033-243-4019","1800","0800","1800","0800","1800","0800","1800","0800","1800","0800","1800","0800","1800","0800","C2200546","242","05","10769","37.92798336697089","127.75767993503248"
"서울특별시 동작구 상도로 207, 1층 B205호 (상도동, 상도효성해링턴플레이스)","샘보건약국","02-3280-8030","1900","0900","1900","0900","1900","0900","1900","0900","1900","0900","C1110491","069","21","10770","37.5055712636346","126.941856308051"
"경기도 시흥시 배곧1로 27-16, 상가4동 108호 (배곧동, 한라비발디캠퍼스2차)","샘샘약국","031-319-3120","2100","0900","1900","0900","1900","0900","2100","0900","1900","0900","1430","0900","C2109765","150","11","10771","37.3613483946855","126.714363161659"
"부산광역시 금정구 중앙대로 2027, 1층 (남산동)","1호선 남산역 5번출구","샘솟는약국","051-512-2253","2200","0900","2200","0900","2200","0900","2200","0900","2200","0900","1300","0900","1300","0900","C1200694","462","24","10772","35.265456902","129.0921114134"
"경기도 광주시 오포읍 신현로 100-3, 1층","샘약국","031-715-9077","2000","0900","2000","0900","2000","0900","2000","0900","1700","0900","1700","0930","1700","0930","C2106383","128","20","10773","37.35972792061455","127.15774581950326"
"서울특별시 영등포구 디지털로 413, 메리클빌딩 (대림동)","샘약국","050-71406-2250","1930","0900","1930","0900","1930","0900","1930","0900","1930","0900","1600","0900","C1109709","074","29","10774","37.4934565338024","126.904143886913"
"서울 강남구 테헤란로 322 한신인터밸리24 102호 (역삼동)","샘약국","02-558-3347","2200","1000","2200","1000","2200","1000","2200","1000","2200","1000","2200","1000","C1101540","062","11","10775","37.5032355765545","127.046582379785"
"서울특별시 노원구 한글비석로 270, 스카이타워 1층 103호 (중계동)","샘약국","02-933-5826","2100","0830","2100","0830","2100","0830","2100","0830","2100","0830","1600","0830","1430","0900","1430","0900","C1108129","017","20","10776","37.6515705090228","127.077403153081"
"충청남도 아산시 배방읍 북수로 128 (배방읍)","중앙하이트 3차 정문 대각선","샘약국","041-541-2207","1900","0900","1900","0900","1840","0900","1900","0900","1900","0900","1300","0900","C2400590","314","92","10777","36.77378821345767","127.07486111803415"
"경기도 고양시 덕양구 향기로 14, 정성프라자 110호 (향동동)","샘약국","031-02-3158-3780","1800","0900","1800","0900","1800","0900","1800","0900","1800","0900","1300","0900","C2109846","105","46","10778","37.5940719584142","126.887267091496"
"경기도 김포시 김포한강8로 396, 지오타워 1층 105호 (구래동)","샘약국","031-985-9678","2000","0900","2000","0900","2000","0900","2000","0900","2000","0900","1600","0900","1300","1000","1300","1000","C2107668","100","71","10779","37.6432777579","126.6251103539"
"서울특별시 서초구 사임당로 38, 큐브플러스 2층 202-2호 (서초동)","평일 휴게시간 13:00-14:00","서울교대 사거리","샘약국","02-523-9285","1830","0900","1830","0900","1830","0900","1830","0900","1830","0900","1300","0900","C1108056","066","51","10780","37.4880750904502","127.014262743844"
"광주광역시 남구 백운로 70-1, 1층 (백운동)","샘약국","062-673-7858","2000","0900","2000","0900","2000","0900","2000","0900","2000","0900","1600","0900","C1501047","616","41","10781","35.124119265","126.9075239848"
"대구광역시 동구 동대구로 415, 1층 1호 (신천동)","샘약국","070-4151-2055","1800","0900","1800","0900","1800","0900","1800","0900","1800","0900","1400","0900","C1301837","412","61","10782","35.8674512538683","128.62614404585"
"전북특별자치도 군산시 수송로 192, 1층 (수송동)","샘약국","063-731-1119","2000","0900","1900","0900","1900","0900","2000","0900","1900","0900","1300","0900","C2501493","541","00","10783","35.963670524867","126.716488547056"
"충청북도 청주시 청원구 사뜸로 37, (율량동)","샘약국","043-212-1233","1930","0900","1930","0900","1930","0900","1930","0900","1930","0900","1300","0900","C2300368","283","48","10784","36.66558864289183","127.48187777021741"
"서울특별시 양천구 화곡로 51 (신월동)","일요일, 공휴일은 쉽니다.","샘약국","02-2605-1393","2000","0900","2000","0900","2000","0900","2000","0900","2000","0900","1500","0900","C1103064","079","02","10785","37.5395732590329","126.827502281194"
"경기도 부천시 소사로 182 (소사본동)","부천농협 소사점 맞은편","샘약국","032-343-5230","2100","0900","2100","0900","2100","0900","2100","0900","2100","0900","1700","0900","C2100180","147","62","10786","37.47441750632316","126.795739471829"
"경기도 성남시 분당구 분당로263번길 35, 서현굿모닝프라자 103호 (서현동)","미금역2번출구미금프라자405호","샘약국","031-707-2663","1900","0900","2000","0900","1900","0900","1900","0900","1900","0900","1500","0900","1300","0900","C2103709","135","87","10787","37.3503892246","127.1104494964"
"경기도 수원시 장안구 하률로12번길 86 , 1층 (천천동)","샘약국","031-271-2178","1900","0900","1900","0900","1900","0900","1900","0900","1900","0900","1300","0900","C2101434","163","24","10788","37.30099629613307","126.97742059942"
"경기도 시흥시 목감우회로 39, 목감 시티프라자 109호 (목감동)","샘온누리약국","031-439-5337","2000","0900","2000","0900","2000","0900","2000","0900","2000","0900","1300","0900","C2107322","149","85","10789","37.3818978515","126.8603368922"
"경기도 군포시 군포로595번길 12-2, 1층 (당동)","경기군포시당동835-681층샘우리약국샘병원근처","샘우리약국","031-477-8090","1830","0830","1830","0830","1830","0830","1830","0830","1830","0830","1300","0830","C2106359","158","39","10790","37.359179830702764","126.94729501357372"
"경기도 군포시 군포로 595 (당동)","샘병원 앞","샘정문약국","031-454-0001","1900","0830","1900","0830","1900","0830","1900","0830","1900","0830","1400","0830","C2100022","158","39","10791","37.358947654318634","126.94772453890471"
"경기도 광명시 광복로 62, 1층 (철산동)","토요일, 일요일, 공휴일 방문 전 전화확인 필요","샘터약국","02-2618-7548","2100","0900","2100","0900","2100","0900","2100","0900","2100","0900","2100","0900","2100","0900","2100","0900","C2101372","142","09","10792","37.4896181094367","126.865408813757"
"전라남도 목포시 영산로 304-1 (용당동)","*3호광장광주은행옆제일정형외과와백강우내과사이","샘터약국","061-279-6169","1900","0830","1900","0830","1900","0830","1900","0830","1900","0830","1400","0830","C2600563","587","00","10793","34.80528790897643","126.39894692122185"
"경상남도 진주시 진주대로 883, (강남동)","토요일, 일요일 **격주**로 09:00부터 20:00시까지 근무합니다. pharm114.or.kr - 경남 - 진주 클릭하시면 확인 가능합니다.(운영시 초록색으로 표시 됨)","토요일, 일요일 인근 솔약국과 **격주**로 09:00부터 20:00시까지 근무합니다 제일병원 정문 - 교보생명 건너편 - 구진주역네거리에 있습니다.","진주제일병원옆","샘터약국","055-762-7228","1930","0830","1930","0830","1930","0830","1930","0830","1930","0830","2000","0900","C2800371","527","09","10794","35.179183333333334","128.090613888888896"
"경기도 부천시 원미구 도약로 144, 106호 (중동, 덕유주공아파트종합상가동)","평일 19:00~22:00 탄력적으로 근무, 전화후 방문요망 토요일 13:00~18:00 탄력적 근무, 전화후 방문요망 일요일 12:00~18:00 탄력적 근무, 전화후 방문 요망","중원초교사거리근처 덕유주공1단지 내 상가건물 1층(207동 앞)","샘터약국","032-325-3221","2100","0900","2100","0900","2100","0900","2100","0900","2100","0900","1500","0900","C2100189","145","36","10795","37.51046860687146","126.76559484161422"
"서울특별시 서초구 서초중앙로 230 (반포동)","토요일은 운영시간이 유동적이므로 전화 확인 후 이용부탁드립니다.","샘터약국","02-591-1112","2200","0900","2100","0900","2200","0900","2200","0900","2200","0900","1400","0900","C1101731","065","99","10796","37.5021563648911","127.012024373585"
"서울특별시 강남구 일원로 120","토요일은 시간 유동적이므로 전화 확인 후 방문바랍니다.","극동현대아파트상가 101호","샘터약국","02-2226-0920","1900","0900","1900","0900","1900","0900","1900","0900","1900","0900","1800","0930","C1103764","063","56","10797","37.4852019134102","127.082672775781"
"경기도 고양시 일산동구 하늘마을1로 2","중산동 하늘마을 345단지 앞 상가","샘터온누리약국","031-976-3105","2000","0900","1900","0900","2000","0900","2000","0900","1900","0900","1500","0900","C2103005","103","11","10798","37.674580205241696","126.78600571125386"
"경상북도 구미시 인동북길 115, 1층 (인의동)","샛별365약국","054-471-3640","2000","0900","2000","0900","2000","0900","2000","0900","2000","0900","1700","0900","1700","0900","1700","0900","C2701672","394","39","10799","36.09761182798","128.428483568186"
"경기도 성남시 수정구 수정로 201, 1층 일부호 (태평동, 신세계쉐덴)","샛별약국","070-7576-2455","1800","0900","1800","0900","1800","0900","1800","0900","1800","0900","1300","0900","C2109891","132","81","10800","37.4442862725336","127.141411017385"
"전북특별자치도 전주시 완산구 서원로 318, 1층 (중화산동2가)","샛별약국","063-282-9799","1830","0830","1830","0830","1830","0830","1830","0830","1830","0830","1300","0830","C2501416","550","48","10801","35.8117319737535","127.129192731524"
"부산광역시 남구 수영로 30-1, 1층 (문현동)","일요일 문의","샛별약국","051-646-4686","2000","0900","2000","0900","2000","0900","2000","0900","2000","0900","1600","0900","1300","0900","C1202981","484","57","10802","35.1363802254876","129.071327321679"
"전라남도 나주시 월정1길 41 (빛가람동)","샛별약국","061-331-7582","1900","0900","1900","0900","1900","0900","1900","0900","1900","0900","1300","0900","C2601043","582","17","10803","35.009738913278745","126.78729461200433"
"인천광역시 남동구 담방로 45, 2층 (만수동)","신한은행 만수지점 건물 2층에 위치.","샛별약국","032-466-0190","1300","0900","1300","0900","1300","0900","1300","0900","1300","0900","1300","0900","C1400635","215","94","10804","37.443785699758436","126.73850678133934"
"부산광역시 해운대구 재반로63번길 32, 1층 (재송동, 창광빌라)","버스정류장: 재송농협","샛별약국","051-781-5693","1900","0900","1900","0900","1900","0900","1900","0900","1900","0900","1300","0900","C1202451","480","56","10805","35.1849867903","129.1255004396"
"경기도 안산시 상록구 화랑로 513, 1층 16-1, 16-2호 (성포동, 스타프라자)","예술인아파트스타프라자","샛별약국","031-485-7383","2000","0900","2000","0900","2000","0900","2000","0900","2000","0900","2000","0900","C2103483","152","96","10806","37.32181113346621","126.8438678443197"
"서울특별시 강남구 남부순환로359길 4, 1층 (도곡동)","샛별약국","02-576-1149","1900","0900","1900","0900","1900","0900","1900","0900","1900","0900","1300","0900","C1103915","062","68","10807","37.485453738126","127.037229911154"
"서울특별시 강서구 강서로 154, 힐탑빌딩 101호 (화곡동)","화곡역 4번출구","샛별약국","02-2607-6259","1900","0900","1900","0900","2000","1400","1900","0900","1900","0900","1400","0900","C1109033","077","27","10808","37.5407680113225","126.8414715329"
"서울특별시 서초구 서초중앙로24길 27, 226호 (서초동, G5센트럴프라자)","G-5centralplaza2층26호","샛별약국","02-537-9964","1830","0830","1830","0830","1830","0830","1830","0830","1830","0830","1430","0830","C1103203","066","01","10809","37.4954109950647","127.016402306519"
"대전광역시 유성구 전민로 71, 상가동 1층 104호 (전민동, 삼성푸른아파트)","샛별약국","042-861-1050","2015","0815","2015","0815","2015","0815","2015","0815","2015","0815","1400","0815","C1601258","340","53","10810","36.39941304775378","127.40018032475316"
"경기도 이천시 구만리로 107, 1층 (진리동)","샛별약국","031-000-0000","1800","0900","1800","0900","1800","0900","1800","0900","1800","0900","1300","0900","C2109896","173","81","10811","37.2693646932398","127.447785013957"
"광주광역시 남구 서문대로 827, 상가동 1층 105호 (주월동, 봉선주월 대라수 어썸브릿지)","샛별약국","062-674-1398","2230","1030","2230","1030","2230","1030","2230","1030","2230","1030","2230","1030","2200","1600","2200","1600","C1501399","617","20","10812","35.132880595537","126.900119663572"
"경상남도 밀양시 약산로 42","운하목욕탕(우체국) 부근","샛별약국","055-354-1600","1830","0900","1830","0900","1830","0900","1830","0900","1830","0900","1330","0900","C2800281","504","26","10813","35.4925800889741","128.74930254800097"
"서울특별시 서초구 청계산로9길 70, 105호 (내곡동)","휴게시간 13:00~14:00","생각하는약국","02-577-6234","2030","0830","2030","0830","2030","0830","2030","0830","2030","0830","2000","0830","2000","1800","2000","1800","C1107478","068","00","10814","37.4534623774845","127.059796702239"
"충청북도 음성군 생극면 음성로 1662-2","공휴일 통화후 방문 요망","생극약국","043-878-3214","2000","0900","2000","0900","2000","0900","2000","0900","2000","0900","2000","0900","2000","0900","2000","0900","C2301177","276","19","10815","37.0350269209538","127.605328344096"
"경기도 부천시 소사구 경인로536번길 49 (괴안동)","역곡역 남부쪽에 위치한 홈플러스 근처건물 1층","생기약국","032-349-9211","2100","0900","2100","0900","2100","0900","2100","0900","2100","0900","1500","0900","C2100178","146","79","10816","37.48447082694936","126.8165298246236"
"광주광역시 서구 상무공원로 9, 에이스빌딩 2층 (치평동)","생기약국","062-575-8899","1800","1000","1800","1000","1800","1000","1800","1000","1800","1000","1700","1000","C1501274","619","60","10817","35.1451685462432","126.843287076728"
"대전광역시 유성구 도안대로 511-13, 1층 111호 (상대동)","생명사랑약국","042-823-8276","1900","0800","1800","0800","1800","0800","1900","0800","1800","0800","C1601178","341","99","10818","36.3456628013","127.3392718039"
"경기도 부천시 소사로 793, 1층 (원종동)","생명사랑약국","032-683-5720","1900","0900","1900","0900","1900","0900","1900","0900","1900","0900","1700","0900","C2107301","144","27","10819","37.5269393287","126.8045290812"
"대구광역시 달서구 도원로 19","달서구도원시장입구","생명샘약국","053-638-8700","2100","0900","2100","0900","2100","0900","2100","0900","2100","0900","1900","0900","C1300474","428","33","10820","35.80795408145493","128.53612932231178"
"서울특별시 강남구 학동로 433, 1층 (청담동)","우리들병원과강남세무소사이","생명샘약국","02-3444-6609","1900","0830","1830","0830","1900","0830","1830","0830","1900","0830","1500","0830","C1102756","060","68","10821","37.5187620689431","127.048315042069"
"경기도 성남시 수정구 수정로 161-1, 1층 (태평동)","생명수약국","031-757-0420","2100","0900","2100","0900","2100","0900","2100","0900","2100","0900","2000","0900","C2102047","132","92","10822","37.44298882339375","127.13804086054963"
"경기도 안양시 만안구 경수대로 1207, 1층 (석수동)","매주 주말 및 공휴일 휴업","생명약국","031-473-2155","1900","1200","1900","1200","1900","1200","1900","1200","1900","1200","C2101369","139","61","10823","37.4169980048971","126.91800121139613"
"경기도 부천시 경인로 210, 1층 (심곡본동)","생생약국","032-662-7575","2000","0900","1900","0900","1900","0900","2000","0900","1900","0900","1400","0900","C2108096","147","11","10824","37.4832158535863","126.778534392"
"서울특별시 강동구 양재대로 1458, 1층 나호 (길동)","길동역 3번출구","생생약국","02-477-4832","1900","0900","1900","0900","1900","0900","1900","0900","1900","0900","1400","0900","C1108428","053","52","10825","37.5358959620107","127.139601204274"
"부산광역시 동구 중앙대로 407-10, 1~2층 (좌천동)","생생약국","051-633-0663","1800","0830","1800","0830","1800","0830","1800","0830","1800","0830","1230","0900","C1202908","487","75","10826","35.1313568033974","129.050422779089"
"경기도 고양시 덕양구 은빛로 41 (화정동) 102호","공휴일 - 약국사정에 따라 운영","생생약국","031-966-0138","2200","0900","2200","0900","2200","0900","2200","0900","2200","0900","2200","0900","2200","0900","C2106543","104","77","10827","37.638179128894365","126.8324493662276"
"경기도 안양시 만안구 안양로 174, 102-124호 (안양동, 안양 센트럴 헤센)","생생약국","031-360-4644","2200","0900","2200","0900","2200","0900","2200","0900","2200","0900","2200","0900","1800","0900","2200","0900","C2110123","140","33","10828","37.3898060515005","126.929505348905"
"전북특별자치도 전주시 덕진구 도당산1길 19, 1층 (우아동3가)","생생약국","063-245-7779","1800","0830","1800","0830","1800","0830","1800","0830","1800","0830","1230","0830","C2501463","549","11","10829","35.8455467753278","127.153819700653"
"광주광역시 북구 각화대로 7(각화동)","생생약국","062-000-0000","2100","0900","2100","0900","2100","0900","2100","0900","2100","0900","1700","0900","1200","0900","1200","0900","C1501339","611","39","10830","35.182437760625","126.932083950347"
"경상북도 경산시 경산로7길 2, (옥곡동)","주민과 함께 하는 건강 지키미 약국입니다.","생생약국","053-815-3363","1930","0900","1930","0900","1930","0900","1930","0900","1930","0900","1400","0900","C2700413","386","87","10831","35.81297189223957","128.7326716786416"
"경상남도 진주시 가호로 41","대동아파트 맞은편","생생약국","055-763-9393","1400","0900","1400","0900","1400","0900","1400","0900","1400","0900","C2800937","528","17","10832","35.16386305852118","128.1106623011069"
"제주특별자치도 제주시 원노형남1길 1 (노형동)","연중무휴","생생약국","064-711-1788","2030","0900","1930","0900","2030","0900","2000","0900","1930","0900","1300","0900","1900","0900","C2900466","630","82","10833","33.4840060787","126.4807323844"
"서울특별시 강남구 역삼로17길 64, 1층 (역삼동)","역삼역 인근","생생약국","02-2051-3300","1930","0840","1930","0840","1930","0840","1930","0840","1930","0840","C1107767","062","37","10834","37.4988193799338","127.036622252659"
"광주광역시 서구 상무중앙로 64 (치평동)","생생약국","062-385-5722","2000","0900","2000","0900","2000","0900","2000","0900","1900","0900","1400","0900","C1500947","619","49","10835","35.15266958938253","126.84890415941041"
"경기도 고양시 일산동구 정발산로 43-20 (장항동)","생생온누리약국","031-902-4938","2100","0900","2100","0900","2100","0900","2100","0900","2100","0900","1700","0900","C2106760","104","02","10836","37.65833953218376","126.77366815601641"
"인천광역시 남동구 남동대로 931, 103호 (간석동)","- 평일 13:00~14:00 휴게시간","생생온누리약국","032-328-7278","2000","0900","2000","0900","2000","0900","2000","0900","2000","0900","1300","0900","C1401774","215","50","10837","37.46548503488929","126.70749516475753"
"서울특별시 강남구 논현로 842, 압구정빌딩 1층 (신사동)","압구정 농협 건물 1층 생생온누리약국 입니다.","생생온누리약국","070-8888-3380","2200","0900","2200","0900","2200","0900","2200","0900","2200","0900","2000","0900","2000","0900","2000","1400","C1108084","060","25","10838","37.5240379714226","127.028730922791"
"서울특별시 강북구 오패산로52길 51, 지층 1호 (미아동, 화랑빌라)","일요일은 둘째, 넷째주만 운영함","삼광학원옆","생수당약국","02-988-4986","2000","0830","2000","0830","2000","0830","2000","0830","2000","0830","2000","0830","2100","1500","2100","0900","C1103258","011","52","10839","37.6252619310406","127.032216921747"
"대전광역시 대덕구 비래동로 37, (비래동)","비래축협옆","생수당약국","042-632-5489","2100","0900","2100","0900","2100","0900","2100","0900","2100","0900","1800","0900","1600","0900","C1600110","344","17","10840","36.357265658857315","127.45069980663311"
"광주광역시 북구 호동로 69, (문흥동)","생수약국","062-575-8263","1830","0900","1830","0900","1830","0900","1830","0900","1830","0900","1300","0900","C1500219","611","88","10841","35.17786944144618","126.91789238741609"
"대전광역시 유성구 대학로 9, 1층 (봉명동)","생수약국","042-476-7578","2100","0900","2100","0900","1930","0900","2100","0900","1930","0900","2100","0900","C1600598","341","68","10842","36.35472614827396","127.34141009215931"
"전라남도 광양시 광양읍 칠성로 51","광양농협 북부지점 맞은편","생약국","061-761-3597","1230","0900","1230","0900","1230","0900","1230","0900","1230","0900","1800","0900","C2600196","577","41","10843","34.97903353957777","127.58426278716595"
"대구광역시 달서구 월배로 137, 1층 (진천동)","생약국","053-633-1006","1900","0900","1900","0900","1900","0900","1900","0900","1900","0900","1400","0900","C1300640","427","84","10844","35.81568225745833","128.52878113734016"
"서울특별시 구로구 경인로59길 8 (신도림동)","신도림동 태영프라자 3층 (대림이편한세상A6차 옆)","생천온누리약국","02-2676-9991","1830","0830","1830","0830","1830","0830","1830","0830","1830","0830","1300","0900","C1101418","082","10","10845","37.5063918465946","126.883427027522"
"경상남도 산청군 생초면 산수로 1046-1","생초IC 근처","생초당약국","055-974-0068","1900","0830","1900","0830","1900","0830","1900","0830","1900","0830","1600","0830","1600","0830","C2800472","522","03","10846","35.492298723916626","127.83360755015184"
"인천광역시 남동구 용천로 154","간석시장","생활과건강약국","032-425-5007","2100","0800","2100","0800","2100","0800","2100","0800","2100","0800","1900","0800","C1400144","215","46","10847","37.463406486399194","126.71457036554443"
"경기도 안양시 동안구 동편로 16, 104호 (관양동, 동편프라자)","24,25일 휴무","샤론약국","031-425-2092","1600","0900","1600","0900","1600","0900","1600","0900","1600","0900","1600","0900","1300","0830","C2103847","139","29","10848","37.40603418097702","126.97150090109927"
"경기도 수원시 팔달구 권광로 184","샤론약국","031-222-6959","1930","0930","1930","0930","1930","0930","1930","0930","1930","0930","1500","0930","C2100482","164","88","10849","37.26391163919647","127.03313691453661"
"경기도 성남시 수정구 탄리로52번길 13 (신흥동)","교보생명,삼성생명사잇길100미터동네안","샤론약국","031-757-4011","2100","0900","2100","0900","2100","0900","2100","0900","2100","0900","1930","0900","2000","0900","C2101123","133","39","10850","37.44102445792771","127.13817285287275"
"경상남도 창원시 의창구 사화로 396, 디오 오토 갤러리 106~109호 (팔용동)","미래웨딩캐슬 주위","샤론온누리약국","055-288-1287","1800","0900","1800","0900","1800","0900","1800","0900","1800","0900","1300","0900","C2800710","513","93","10851","35.23694124989261","128.64284861840778"
"경기도 부천시 길주로 246, 부천중동리슈빌엔클래스 214호 (중동)","샤인라벤더약국","031-000-0000","1800","0900","1800","0900","1800","0900","1800","0900","1800","0900","1300","0900","C2109625","145","48","10852","37.5033079968584","126.769626779461"
"서울특별시 강남구 압구정로50길 11, 1층 105호 (신사동)","샤인약국","02-6958-5937","2030","1000","2030","1000","1930","1000","2030","1000","2100","1000","1900","1020","1900","1400","1900","1400","C1109958","060","18","10853","37.5274704540953","127.038184566694"
"서울특별시 서초구 방배로 118, 1층 (방배동)","상황에 따라 휴일이 휴무일이 될 수 있으므로 전화확인 후 방문바랍니다.","샤인약국","02-588-5061","1900","0900","1900","0900","1900","0900","1900","0900","1900","0900","1400","0900","C1110270","066","64","10854","37.4848141384662","126.995843440962"
"서울특별시 송파구 송파대로 345, 1A동 4024호 (가락동, 헬리오시티)","샤인약국","02-6104-4759","2100","0900","2100","0900","2100","0900","2100","0900","2100","0900","1800","0900","1600","0900","C1108551","056","98","10855","37.4976145695004","127.102531804188"
"경기도 성남시 중원구 양현로 411, 시티오피스타워 101호 (여수동)","샤인약국","031-8039-5011","1800","0900","1800","0900","1800","0900","1800","0900","1800","0900","1300","0900","C2109786","134","38","10856","37.4171320114936","127.127782592145"
"충청남도 천안시 동남구 충절로 1304 (북면)","연춘할인마트 맞은편 대각선","샬롬약국","041-555-2757","1730","0900","1730","0900","1730","0900","1730","0900","1730","0900","1500","0900","C2400382","312","43","10857","36.769695398370324","127.25195933928721"
"세종특별자치시 조치원읍 새내로 72","일요일 공휴일 휴무","조치원 서울외과 옆 중앙철물 옆","조치원읍","샬롬약국","044-864-3478","1830","0900","1800","0900","1800","0900","1800","0900","1800","0900","1300","0900","C1800274","339","802","10858","36.598250315895086","127.29880898113657"
"경기도 수원시 장안구 경수대로1073번길 3, 1층 (파장동,일림빌딩)","샬롬약국","031-244-1963","1800","1000","1800","1000","1800","1000","1800","1000","1800","1000","C2101840","163","48","10859","37.30877333268741","126.9949148794373"
"경기도 성남시 분당구 양현로94번길 21, 112,113호 (이매동, 분당코아)","샬롬약국","031-709-4746","1900","0830","1900","0830","1900","0830","1900","0830","1900","0830","1400","0900","C2101081","135","68","10860","37.390977099542994","127.12635475354631"
"서울특별시 중구 을지로 55, 하나은행별관빌딩 4층 (을지로2가)","샬롬약국","02-318-0663","2000","0930","2000","0930","2000","0930","2000","0930","2000","0930","1300","0930","C1108907","045","39","10861","37.5664091520995","126.984024258601"
"서울특별시 동작구 성대로2길 12, 104호 (상도동)","성대시장입구좌회전신한은행앞","샬롬온누리약국","02-817-6880","2100","0900","2100","0900","2100","0900","2100","0900","2100","0900","1800","0900","1800","1400","C1101419","070","41","10862","37.499444303876","126.931230488992"
"광주광역시 광산구 사암로 398 (월곡동)","서가약국","062-375-0000","1830","0900","1830","0900","1230","0900","2000","0900","1830","0900","1230","0900","C1500899","623","28","10863","35.17976134402272","126.80850194967871"
"경기도 성남시 수정구 수정로 68, 세종빌딩 1층 (수진동)","토요일 변동가능성 있으므로 통화 후 방문바람 공휴일 영업함","서가종로온누리약국","031-756-9901","2200","0900","2200","0900","2200","0900","2200","0900","2200","0900","2100","0900","2100","0900","C2107864","133","16","10864","37.439644430375466","127.12829873284157"
"경상북도 영천시 금호읍 금호로 129","공휴일 전화문의 후 방문","서강약국","054-336-3737","1900","0800","1900","0800","1900","0800","1900","0800","1900","0800","1400","0800","C2700782","388","77","10865","35.932099252464866","128.87575120141113"
"광주광역시 남구 구성로 46-1, (월산동)","서강약국","062-361-3253","2100","0900","2100","0900","2100","0900","2100","0900","2100","0900","2100","0900","C1500461","616","27","10866","35.151366666666668","126.901830555555549"
"서울특별시 관악구 문성로 219 (신림동)","평일 휴게시간 13:30-14:00","신림초등학교삼거리","서강약국","02-856-3231","2100","0900","2100","0900","2100","0900","2100","0900","2100","0900","1800","0900","C1102150","087","75","10867","37.4795150449713","126.928262536689"
"서울특별시 양천구 목동중앙본로 126","일요일은 운영시간 유동적으로 전화확인 후 방문바랍니다.","염창역 4번출구","서강약국","02-2647-1653","2030","0930","2030","0930","2030","0930","2030","0930","2030","0930","1830","0930","1500","1000","C1101367","079","80","10868","37.5466319213754","126.871855346216"
"서울 노원구 한글비석로 456 한신2차아파트 상가동 202호 (상계동)","한신2차아파트상가 202호","서경약국","02-933-0747","1830","0900","1830","0900","1830","0900","1830","0900","1830","0900","1830","0900","C1101377","016","56","10869","37.6643661175181","127.067342798979"
"서울특별시 서초구 방배로 95, 1층 (방배동)","방배역 3번출구","서경약국","070-8809-9222","1900","0900","1900","0900","1900","0900","1900","0900","1900","0900","1500","0900","1600","0900","C1108238","066","86","10870","37.4826824600832","126.996387507623"
"충청북도 청주시 흥덕구 풍년로 26, 115,116호 (가경동, 명인투플러스)","설, 추석 명절 당일만 휴무","가경동 홈플러스와 대우푸르지오아파트 정문 쪽 삼거리/명인사우나 건물","서경약국","043-237-5115","2200","0900","2200","0900","2200","0900","2200","0900","2200","0900","2200","0900","2200","0900","2200","0900","C2300235","284","13","10871","36.6162143608","127.4408405374"
"경기도 군포시 산본로 378, 204호 (산본동, 산본사이버텔)","산본KT옆","서경약국","031-399-3662","1830","0900","1830","0900","1830","0900","1830","0900","1830","0900","1400","0900","C2103623","158","18","10872","37.3639755528","126.9307065733"
"대구광역시 수성구 범어로 9 (범어동)","경남타운8동옆선스포츠프라자1층","서광약국","053-751-1574","1900","0900","1900","0900","1900","0900","2000","1400","1900","0900","1300","0900","C1301044","421","07","10873","35.8506281572862","128.63753470620284"
"전북특별자치도 부안군 부안읍 번영로 104","부안박외과 옆","서광약국","063-583-3200","1800","0800","1800","0800","1800","0800","1800","0800","1800","0800","1230","0830","C2500073","563","11","10874","35.72635567073917","126.73169993621539"
"인천광역시 미추홀구 경인로 347, 101호(주안동)","(구)시민회관(시민공원)4거리에서 주안4거리 방면으로 50m 앞.","서광약국","032-863-3534","1830","0830","1830","0830","1830","0830","1830","0830","1830","0830","1600","0830","C1400597","221","39","10875","37.4588076844","126.6787082979"
"인천광역시 서구 원적로 100, 가좌로얄프라자 101, 102호 (가좌동)","가좌시장입구 외환은행건물1층","서광약국","032-572-6635","1600","0900","1600","0900","1600","0900","1600","0900","1600","0900","1300","0900","C1400531","228","10","10876","37.49506161110385","126.68276762792388"
"경기도 시흥시 군자로 502 (거모동, 도원빌딩)","아주아파트입구","서광약국","031-491-3181","2200","0800","2200","0800","2200","0800","2200","0800","2200","0800","2200","0800","2200","0900","2200","0900","C2101230","150","71","10877","37.345252855552836","126.78453331588814"
"울산광역시 남구 삼산로 48(신정동)","서광약국","052-244-4535","1900","0900","1900","0900","1900","0900","1900","0900","1900","0900","1400","0900","C1700691","447","30","10878","35.5333926002289","129.313003404349"
"충청남도 부여군 석성면 왕릉로 710,","십자가사거리 교회 맞은편","서광약국","041-836-6053","1900","0900","1900","0900","1900","0900","1900","0900","1900","0900","1530","0900","C2400745","331","76","10879","36.25231259061072","127.00251460431889"
"서울특별시 서초구 남부순환로315길 104, (서초동)","서울고앞기업은행과골목을사이에두고있음","서광약국","02-585-6835","2030","0900","2030","0900","2030","0900","2030","0900","2030","0900","1930","0900","C1104279","067","09","10880","37.4830944873651","127.007522043909"
"경상북도 상주시 공성면 공성중앙로 91","공성농협앞","서광약국","054-532-4014","1900","0800","1900","0800","1900","0800","1900","0800","1900","0800","1900","0800","1900","0800","1900","0800","C2700186","372","67","10881","36.28430781776075","128.09345892226082"
"광주광역시 북구 면앙로170번길 10 (두암동)","광주 북구 무등도서관 사거리","서광약국","062-265-8222","1800","0900","1800","0900","1800","0900","1800","0900","1800","0900","1300","0830","1300","0900","C1500346","611","95","10882","35.17581462005327","126.9297944444784"
"서울특별시 마포구 월드컵로 80, 서교양경회관 1층 (서교동)","망원역 1번출구","서교약국","02-332-7331","2000","0830","2000","0830","2000","0830","2000","0830","2000","0830","1400","0830","C1109286","039","96","10883","37.5556562245487","126.910820624841"
"서울특별시 마포구 양화로 166, 미래프라자 지하1층 (동교동)","남강빌딩1층","서교연세약국","02-336-8126","2030","0900","2030","0900","2030","0900","2030","0900","2030","0900","1700","0900","C1104920","040","50","10884","37.556743503599","126.924166543608"
"제주특별자치도 서귀포시 태평로 508, 1층 (동홍동)","가나노블휘닉스 102호","서귀포스타약국","064-733-7582","1830","0830","1830","0830","1830","0830","1230","0830","1830","0830","1230","0830","1850","0830","C2900149","635","97","10885","33.25021263295043","126.57160968659077"
"제주특별자치도 서귀포시 중앙로 89","연중무휴","1호광장 제주은행 버스정류장","서귀포약국","064-762-6000","2130","0700","2130","0700","2130","0700","2130","0700","2130","0700","2130","0700","2130","0700","2130","0700","C2900032","635","93","10886","33.2525608537975","126.56038639057202"
"서울특별시 양천구 신정이펜2로 14, 서남 프라자2 106, 107호 (신정동)","서남고은약국","02-2620-2775","1800","0900","1800","0900","1800","0900","1800","0900","1800","0900","1300","0900","C1109736","080","49","10887","37.5124916756793","126.832437560682"
"대구광역시 서구 평리로 156 (중리동)","대구의료원정문앞","서남시장약국","053-566-5609","1830","0900","1830","0900","1830","0900","1830","0900","1830","0900","C1300127","418","46","10888","35.858862945643544","128.54167978283203"
"전북특별자치도 남원시 시청로 59 (향교동)","향교동 남원시청앞","서남온누리약국","063-632-2488","1900","0830","1900","0830","1900","0830","1900","0830","1900","0830","1400","0830","C2500861","557","39","10889","35.415565313136334","127.38948974516191"
"대구광역시 달서구 달구벌대로 1647, 1층 102호 (감삼동)","서남중앙약국","053-561-5006","2100","0900","2100","0900","2100","0900","2100","0900","2100","0900","1800","0900","C1301621","426","41","10890","35.8539456727689","128.54617928814744"
"대구광역시 서구 국채보상로 202 (평리동)","신평리네거리-->갑을네거리방향으로50m","서대구약국","053-573-5300","1900","0900","1900","0900","1900","0900","1900","0900","1900","0900","1400","0900","C1301105","418","34","10891","35.869752347861436","128.55316565426253"
"서울특별시 종로구 경교장길 35, 3151호 (평동, 경희궁자이 3단지)","서대문권약국","02-735-7735","1800","0830","1800","0830","1800","0830","1800","0830","1800","0830","1300","0830","C1110588","031","80","10892","37.5688537151032","126.965114852628"
"서울특별시 서대문구 통일로 177, 1층 (옥천동)","매달 2, 3, 4번째 일요일 정기휴무(매달 첫째주, 다섯째주 일요일 당번)","일요일 당번제 운영(5주에 1회 정도)","서대문약국","02-392-4932","2130","0830","2130","0830","2130","0830","2130","0830","2130","0830","2100","0900","2000","1000","2000","1000","C1104227","037","34","10893","37.5694603595248","126.962768499403"
"대전광역시 중구 계룡로 931, 1층 102호 (대사동, 솔리안시티)","서대전약국","042-721-2638","1900","0830","1900","0830","1900","0830","1900","0830","1900","0830","1400","0830","C1601399","349","46","10894","36.3199787580578","127.416055944224"
"대구광역시 중구 국채보상로 553 (종로1가)","서독약국","053-255-0510","1800","0900","1800","0900","1800","0900","1800","0900","1800","0900","1300","0900","C1300692","419","18","10895","35.870793466119395","128.59124984990873"
"경상북도 포항시 남구 상공로 131, (대도동)","서독약국","054-274-1900","1830","0900","1830","0900","1300","0900","1830","0900","1830","0900","1300","0900","C2700849","377","82","10896","36.01931065335022","129.3615801205679"
"강원특별자치도 속초시 중앙로 127 (금호동)","금호동 중앙시장입구","서독약국","033-633-2682","2100","0830","2100","0830","2100","0830","2100","0830","2100","0830","2100","0830","2100","0930","C2200493","248","35","10897","38.20278425686693","128.5899860066447"
"부산광역시 금정구 서동로 170, 1층 일부호 (서동)","공휴일 오후 6시까지영업합니다.","서동메디컬약국","051-715-1544","2000","0900","2030","0900","2000","0900","2030","0900","2000","0900","1800","0900","1800","0900","C1203039","463","27","10898","35.2144015488928","129.104961512154"
"대구광역시 달서구 달구벌대로 1641","서남시장입구","서동산약국","053-554-8352","2200","0900","2200","0900","2200","0900","2200","0900","2200","0900","2200","0900","2200","0900","2200","0900","C1301120","426","41","10899","35.85365194442184","128.54551517805197"
"서울특별시 서초구 방배로 232, 1층 (방배동)","서래비비약국","02-548-3433","1900","0900","1900","0900","1900","0900","1900","0900","1900","0900","1500","0900","C1110097","065","84","10900","37.4939546072152","126.990061015148"
"충청남도 서산시 번화2로 15-2 (읍내동)","서령새마을금고 맞은편","서령당약국","041-664-1175","2200","0900","2200","0900","2200","0900","2200","0900","2200","0900","1800","0900","C2400824","319","84","10901","36.78066824480475","126.450555566237"
"서울특별시 서초구 효령로 332, 1층 (서초동)","서리풀약국","02-3473-4222","1930","0830","1930","0830","1930","0830","1930","0830","1930","0830","1700","0830","1800","1000","C1107476","067","21","10902","37.4858527254753","127.020568366092"
"광주광역시 북구 갈마로 23 (풍향동)","두암타운 건너편/skj 병원 옆","서린약국","062-252-1230","2000","0900","2000","0900","2000","0900","2000","0900","2000","0900","1500","0900","C1500641","611","63","10903","35.16122177178239","126.93319632583814"
"서울특별시 서대문구 증가로 123","서린약국","02-303-4073","1920","0850","1920","0850","1920","0850","1920","0850","1920","0850","1600","0850","C1101410","036","92","10904","37.5772069259942","126.923760215277"
"경상남도 양산시 삽량로 199, 서린프라자 103호 (중부동)","국민은행","서린프라자약국","055-362-0171","2000","0900","2000","0900","2000","0900","2000","0900","2000","0900","1630","0900","C2800891","506","29","10905","35.33514167197067","129.0283777495224"
"경기도 성남시 분당구 판교로 372","스타식스코아1 404호일부","서림약국","031-8016-0159","1900","0830","1900","0830","1900","0830","1900","0830","1900","0830","1400","0830","1300","1000","1300","1000","C2102365","134","92","10906","37.403699730155466","127.11568520840032"
"광주광역시 북구 서림로 101, 1층 (임동)","서림약국","062-955-9519","2200","0930","2200","0930","2200","0930","2200","0930","2200","0930","2200","0930","2000","1000","2000","1000","C1501373","612","43","10907","35.1627126039562","126.897557828627"
"부산광역시 부산진구 서면로 74, 아이온시티빌딩 105호,106호 (부전동)","주말 및 공휴일 유선문의 후 방문요망","서면365약국","051-819-8624","2200","0900","2200","0900","2200","0900","2200","0900","2200","0900","1900","0900","1900","0900","1900","0900","C1202797","472","86","10908","35.1572152168752","129.058136509751"
"부산광역시 부산진구 서면문화로 8-6 (부전동)","1,2호선 서면역 9번 출구","서면광재약국","051-809-1960","1900","0900","1900","0900","1900","0900","1900","0900","1900","0900","1600","0900","C1202241","472","56","10909","35.158633055174455","129.05812889235793"
"부산광역시 부산진구 서전로 1","서면역10번출구삼성정형외과옆","서면금약국","051-802-2254","2000","0900","2000","0900","2000","0900","2000","0900","2000","0900","1700","0900","C1200014","472","45","10910","35.15802586949936","129.05993402040025"
"부산광역시 부산진구 서면로 66, 1층 (부전동)","주말 유선문의 후 방문 요망","1,2호선 서면역 7번출구","서면다정약국","051-715-0040","2100","0800","2100","0800","2100","0800","2100","0800","2100","0800","2100","0800","1900","0800","C1202725","472","86","10911","35.1565968095424","129.058010979854"
"부산광역시 부산진구 서면문화로 2, 1층 (부전동)","1,2호선 서면역 9번 출구","서면동산약국","051-806-1180","1900","0900","1900","0900","1900","0900","1900","0900","1900","0900","1340","0900","C1200977","472","56","10912","35.15798567241735","129.0580423669142"
"부산광역시 부산진구 중앙대로 지하730, 서면역 지하상가 2-04, 05, 06-1호 (부전동)","서면메트로약국","051-816-1777","2100","0900","2100","0900","2100","0900","2100","0900","2100","0900","2100","0900","2100","0900","2100","0900","C1202921","472","45","10913","35.157764059003","129.059035752371"
"부산광역시 부산진구 중앙대로 745, (부전동)","1,2호선 서면역 15번출구","서면약국","051-809-7484","2000","0900","2000","0900","2000","0900","2000","0900","2000","0900","1700","0900","C1200858","472","54","10914","35.15920555555556","129.05992500000136"
"부산광역시 부산진구 중앙대로 694, 쥬디스태화 1층 109호 (부전동)","주말 문의","서면짱약국","051-939-0906","2300","0900","2300","0900","2300","0900","2300","0900","2300","0900","2300","0900","C1203091","472","95","10915","35.1547273493547","129.059622391915"
"대구광역시 중구 경상감영길 43 (서문로1가)","서문로약국","053-253-6223","1830","0930","1830","0930","1830","0930","1830","0930","1830","0930","1330","0930","1330","0930","C1300663","419","19","10916","35.87132879837959","128.59007962362705"
"서울특별시 광진구 용마산로23길 28, 내담터 1층 (중곡동)","중곡역 1번 출구","서문사랑약국","02-6489-1711","1800","0900","1800","0900","1800","0900","1800","0900","1800","0900","C1107876","049","32","10917","37.566160491141","127.085154199223"
"대구광역시 중구 달성로 53, 1층 (대신동)","서문시장약국","053-423-1516","1900","0800","1900","0800","1900","0800","1900","0800","1900","0800","1900","0800","1900","0800","1900","0800","C1301505","419","26","10918","35.8699588698","128.5820431444"
"충청남도 서산시 안견로 191 (동문동)","엔젤리너스건물 1층","서문약국","041-681-3464","1930","0830","1930","0830","1930","0830","1930","0830","1930","0830","1630","0830","C2400582","319","92","10919","36.78139385139834","126.45965229458693"
"대구광역시 동구 동촌로 217, 1층(방촌동)","방촌새마을금고건너편(하이프라자옆)","서문약국","053-984-3013","1830","0900","1830","0900","1830","0900","1830","0900","1830","0900","1300","0900","C1301099","411","45","10920","35.8822570357","128.6642286612"
"부산광역시 서구 까치고개로197번길 17 (아미동2가, 동은아트빌)","버스정류장: 부산대학교병원","서문약국","051-243-6500","1900","0800","1900","0800","1900","0800","1900","0800","1900","0800","C1202208","492","41","10921","35.10074848104093","129.01723198377164"
"부산광역시 연제구 연동로8번길 44, 1층 일부호 (연산동)","서문약국","051-868-3227","1930","1000","1930","1000","1930","1000","1930","1000","1930","1000","1700","1000","C1202632","475","52","10922","35.18933001314642","129.0914948353375"
"대구광역시 중구 큰장로 132 (대신동)","큰장네거리","서문약국","053-255-1234","1830","0800","1830","0800","1830","0800","1830","0800","1830","0800","1830","0800","1830","0800","1830","0800","C1300671","419","26","10923","35.86992794014202","128.57959907652352"
"전북특별자치도 전주시 완산구 용머리로 54 (효자동1가)","서문약국","063-226-9940","1900","0830","1900","0830","1900","0830","1900","0830","1900","0830","1300","0830","C2501094","550","80","10924","35.806357863637665","127.11616038829366"
"경상북도 포항시 남구 오천읍 정몽주로 651","* 공공심야약국","서문사거리GS편의점맞은편","서문제일약국","0542917416","2500","2200","2500","2200","2500","2200","2500","2200","2500","2200","2500","2200","2500","2200","2500","2200","C2700479","379","06","10925","35.9759813185","129.413511668"
"대구광역시 중구 달성로 51, 대신동 115-403, 1층 (대신동)","서문큰약국","050-71318-1334","1800","0900","1800","0900","1800","0900","1800","0900","1800","0900","C1301913","419","26","10926","35.8696740464377","128.582027295713"
"광주광역시 북구 동문대로 6 (풍향동)","서방사거리","서방약국","062-512-9041","1900","0830","1900","0830","1800","0830","1900","0830","1900","0830","1300","0830","C1500012","612","06","10927","35.16523258388883","126.91992637232283"
"대구광역시 북구 호국로 219, 대성골든프라자1차 131,134호 (서변동)","서변온천건물1층대로변에위치","서변동산약국","053-939-4881","1830","0900","1830","0900","1830","0900","1830","0900","1830","0900","1330","0900","C1300908","414","75","10928","35.921362418607735","128.5987914786923"
"대구광역시 북구 호국로 215, 대성골든프라자2차 2층 205호 (서변동)","서변우리약국","053-952-2277","1800","0900","1800","0900","1800","0900","1800","0900","1800","0900","1300","0900","C1301634","414","76","10929","35.9208590757057","128.598817555766"
"전북특별자치도 군산시 공항로 86, 106호 (소룡동)","서봄약국","063-466-6780","1900","0830","1900","0830","1900","0830","1900","0830","1900","0830","1230","0830","C2501439","540","09","10930","35.9759389101369","126.678745213441"
"전북특별자치도 전주시 완산구 용머리로 148","서부대성약국","063-227-7733","1900","0900","1900","0900","1900","0900","1800","0900","1900","0900","1300","0900","C2501228","550","93","10931","35.805744461","127.1266325934"
"부산광역시 사상구 광장로 77 (괘법동)","2호선 사상역 4번출구","서부산약국","070-4038-9826","2000","0900","2000","0900","2000","0900","2000","0900","2000","0900","1700","0900","C1202623","469","68","10932","35.1626231931097","128.984949403753"
"부산광역시 북구 낙동대로1780번길 8 (구포동)","2,3호선 덕천역 3번출구/버스정류장:구포성심병원","서부산약국","051-333-3073","1800","0830","1800","0830","1800","0830","1800","0830","1800","0830","1300","0830","1300","0830","C1200351","465","81","10933","35.2094510977","129.0046601233"
"서울특별시 은평구 역말로 72 (역촌동)","둘째 넷째주 일요일만 운영","서부새생명약국","02-385-3685","2130","0900","2130","0900","2130","0900","2130","0900","2130","0900","2200","0830","1800","1030","2130","0930","C1101412","034","03","10934","37.6060856426972","126.918291012735"
"충청남도 천안시 서북구 성성8로 14-20, 103호 (성성동)","휴일(일요일)에는 연락주시고 방문 부탁드립니다. 041 - 574 - 8001 - 감사합니다 -","컨벤션센터 맞은편","서부수약국","041-574-8001","2100","0900","2100","0900","2100","0900","2100","0900","2100","0900","2000","0900","1500","0900","1700","0900","C2400610","310","78","10935","36.80382713734942","127.12782285369786"
"대전광역시 서구 도산로 51 1층","대전서구도마사거리","서부실로암약국","042-537-4064","1900","0900","1900","0900","1900","0900","1900","0900","1900","0900","1400","0900","C1600143","353","35","10936","36.31341656980481","127.37951681084685"
"서울특별시 노원구 동일로 1551, 삼전빌딩 1층 101,102,107,108호 (상계동)","일요일은 둘째주 다섯째주에만 엽니다.","마들역 8번출구","서부약국","02-935-3424","2130","0900","2130","0900","2130","0900","2130","0900","2130","0900","2130","0900","2000","0900","2000","0900","C1108695","016","20","10937","37.6668881732629","127.056844136528"
"경상남도 거창군 거창읍 시장길 98,","◆일요일: 셋째 주, 다섯째 주 운영(09:00-18:00) ◆기타공휴일: 09:00-18:00 ※방문 전 연락 후 방문바랍니다","중앙교 시장 입구","서부약국","055-944-6753","1830","0830","1830","0830","1830","0830","1830","0830","1830","0830","1830","0900","1800","0900","1800","0900","C2800872","501","38","10938","35.68710841287892","127.91589298974061"
"대구광역시 달서구 구마로 262, 1층 (송현동)","서부약국","053-624-2900","1830","0930","1830","0930","1830","0930","1830","0930","1830","0930","1300","0830","C1301369","427","37","10939","35.843602253247944","128.54939621760175"
"충청남도 천안시 서북구 쌍용16길 41, 101호 (쌍용동)","동사무소 근처","서부평화약국","041-574-2444","1900","0930","1900","0930","1900","0930","1900","0930","1900","0930","1400","0930","C2400488","311","73","10940","36.797463752641214","127.12240723571117"
"제주특별자치도 제주시 서사로 137 (삼도일동)","신정, 크리스마스는 휴무입니다.","서사라 사거리","서사라튼튼약국","064-752-7365","1900","0900","1900","0900","1900","0900","1900","0900","1900","0900","1300","0900","1300","0900","1300","0900","C2900005","631","82","10941","33.50013359230852","126.52004905125561"
"충청남도 서산시 부춘1로 51","공휴일 전화 후 방문","한약만 취급","읍내동우체국 맞은편","서산동인당한약국","041-668-1075","1700","0930","1700","0930","1700","0930","1700","0930","1600","0930","1700","0930","C2400786","319","72","10942","36.78630991658282","126.44545459524292"
"충청남도 태안군 안면읍 장터로 105-4, 1층 (백경타운 B동)","안면도 수산시장 맞은편","대궐식당 옆","서산약국","041-674-3323","1900","0900","1900","0900","1900","0900","1900","0900","1900","0900","1900","0900","1800","1000","1900","0900","C2400300","321","64","10943","36.51658402602769","126.34538770109987"
"충청남도 천안시 동남구 순천향4길 50","순천향 대학병원 앞","서산약국","041-592-7790","1830","0730","1830","0730","1830","0730","1830","0730","1830","0730","1300","0730","C2400629","311","51","10944","36.80239037876533","127.13639042947338"
"충청남도 서산시 석림4로 87","서산시 석림동 신주공아파트 단지 내","서산약국","041-665-3195","2000","0800","2000","0800","2000","0800","2000","0800","2000","0800","2000","0800","1900","1230","1800","1200","C2401288","320","00","10945","36.773405198234116","126.46335097392557"
"충청남도 서산시 안견로 197, 1층 (동문동)","일요일, 공휴일 전화 후 방문","원예농협 맞은편","서산종로약국","041-667-5944","1900","0830","1900","0830","1900","0830","1900","0830","1900","0830","1400","0830","C2400029","319","92","10946","36.78070868799102","126.45958092922217"
"경상남도 김해시 분성로 321, 111호(서상동,골든에비뉴빌딩)","서상약국","055-324-1238","1830","0900","1830","0900","1830","0900","1830","0900","1830","0900","1330","0900","C2800167","509","16","10947","35.233555555555554","128.881044444444456"
"서울특별시 동대문구 서울시립대로 42 (전농동)","서생당약국","02-2212-2785","2130","0900","2130","0900","2130","0900","2130","0900","2130","0900","1800","0900","1800","0900","1800","0900","C1103117","025","94","10948","37.575019447429","127.046975383156"
"울산광역시 울주군 서생면 해맞이로 875, 1층","울산. 울주군 서생면 신암리 427-4. (해맞이로 872) 서생파출소 맞은편.","서생파출소 맞은편. 서생 신암 하나로마트 옆.","서생봄약국","052-239-2370","1900","0900","1900","0900","1900","0900","1900","0900","1900","0900","1400","0900","C1700299","450","14","10949","35.3487122763505","129.323662738046"
"강원특별자치도 홍천군 서석면 구룡령로 2534-1","농협 하나로마트 근처","서석시민약국","033-433-5334","1830","0900","1830","0900","1830","0900","1830","0900","1830","0900","1830","0900","C2200261","251","66","10950","37.712124054660535","128.18637474935693"
"광주광역시 동구 제봉로 104, (장동)","대성학원 옆","서석약국","062-222-5624","2200","0800","2200","0800","2200","0800","2200","0800","2200","0800","2200","0800","C1500258","614","65","10951","35.14768301640489","126.92211700892744"
"서울특별시 성북구 안암로 47-1, 1층 (안암동5가)","약국 직통번호 부재로 인해 내선 2번을 통해 연결이 필요","서수약국","02-953-4050","1800","0900","1800","0900","1800","0900","1800","0900","1800","0900","1200","0900","C1104753","028","57","10952","37.5813597211264","127.027277776295"
"경기도 수원시 권선구 여기산로 2, 엔 프라자 1층 (서둔동)","서수원프라자약국","031-292-5588","2000","0830","2000","0830","2000","0830","2000","0830","2000","0830","1600","0830","C2101997","164","28","10953","37.2771559639","126.9789147421"
"전북특별자치도 전주시 완산구 전룡로 98, (서신동)","새마을금고맞은편","서신약국","063-274-7569","1830","0900","1830","0900","1830","0900","1830","0900","1830","0900","1200","0900","C2500195","549","41","10954","35.82836227350382","127.12336171220448"
"전북특별자치도 전주시 완산구 당산로 106 (서신동)","이마트 맞은편","서신이마트약국","063-255-3520","2000","0900","2000","0900","2000","0900","2000","0900","2000","0900","1530","0900","C2500873","549","50","10955","35.83201353063739","127.12113780008076"
"전북특별자치도 전주시 완산구 당산로 98 (서신동)","이마트 맞은편 복음연합내과 옆","서신종로약국","063-275-8813","2000","0830","2000","0830","2000","0830","2000","0830","2000","0830","1330","0830","C2500760","549","50","10956","35.831966676897636","127.1192999844096"
"전북특별자치도 전주시 완산구 당산로 104, 1층 (서신동)","이마트 맞은편","서신태평양약국","063-252-9270","1830","0900","1830","0900","1830","0900","1830","0900","1830","0900","1300","0900","C2500739","549","50","10957","35.831967463774404","127.11966187625745"
"전북특별자치도 전주시 완산구 온고을로 66","(연중무휴)","박천수정형외과 바로옆","서신토마토약국","063-274-5755","2300","0900","2300","0900","2300","0900","2300","0900","2300","0900","2300","0900","2300","0900","2300","0900","C2500087","549","44","10958","35.834225234953635","127.11554527009983"
"경기도 화성시 서신면 매화2길 8, 1층","서신토매당약국","031-000-0000","1800","0900","1800","0900","1800","0900","1800","0900","1800","0900","1300","0900","C2110005","185","55","10959","37.1687739627005","126.703951456695"
"대구광역시 중구 국채보상로93길 3, 1층 (대신동)","서안약국","0535231187","1800","0900","1800","0900","1800","0900","1800","0900","1800","0900","C1301870","419","25","10960","35.8707572015807","128.580961271885"
"서울특별시 용산구 효창원로 142, (효창동)","효창공원역2번출구 연세세림내과 옆","서안약국","02-713-3757","2000","0800","2000","0800","2000","0800","2000","0800","2000","0800","1400","0800","C1101391","043","17","10961","37.54047979527","126.962000816701"
"전라남도 목포시 비파로 96, 1층 107호 (상동)","서약국","061-284-0177","2030","0830","2030","0830","2030","0830","2030","0830","2030","0830","1600","0830","C2601334","586","62","10962","34.8069916227389","126.42455219043"
"대구광역시 북구 구암로 153, 동천빌딩 1층 (동천동)","서약국","053-710-0720","2000","0900","2000","0900","2000","0900","2000","0900","2000","0900","1900","0900","C1301628","414","31","10963","35.93194653424571","128.55751402528736"
"대구광역시 서구 국채보상로46길 57 (평리동)","서약국","053-553-2229","2100","0800","2100","0800","2100","0800","2100","0800","2100","0800","2100","0800","C1300674","418","29","10964","35.86509121635438","128.55682111860938"
"인천광역시 동구 샛골로 159-5, (송림동)","송림로타리구현대극장옆","서약국","032-763-4310","1900","0900","1900","0900","1900","0900","1900","0900","1900","0900","1500","0900","C1400290","225","43","10965","37.476632648476446","126.64453497237211"
"경기도 안양시 만안구 양화로 36 (안양동)","안양과학대입구","서약국","031-443-4273","2000","0800","2000","0800","2000","0800","2000","0800","2000","0800","1500","0900","C2101399","140","07","10966","37.39693609970872","126.91409738207814"
"경기도 부천시 소삼로 20 (소사본동)","소사역2번출구에서 시흥가는방향 LG전자건물 3층(국민은행옆건물)","서약국","032-344-9157","1900","0900","1900","0900","1900","0900","1900","0900","1900","0900","1600","0900","C2100268","147","06","10967","37.47839910656258","126.79524475156054"
"울산광역시 남구 문수로 371, (옥동)","군청사거리에서 옥동주민센터 들어가는 골목 우측편에","서약국","052-266-2221","1900","0900","1900","0900","1900","0900","1900","0900","1900","0900","1300","0900","C1700060","446","48","10968","35.53470585112488","129.2941780736564"
"경기도 하남시 대청로 50 1층7호(신장동,한신상가)","하남소방서맞은편대명아파트상가1층","서약국","031-792-8024","2100","0900","2100","0900","2100","0900","2100","0900","2100","0900","2000","0900","C2104291","129","53","10969","37.5400222982","127.2178634777"
"경기도 화성시 동탄대로4길 39, 포트센트럴파크 104호 (장지동)","동물의약품취급.각종병의원처방전 조제가능.","동탄 장지동 서연중학교 맞은편 포트센트럴파크 1층에 위치하고 있습니다.","서연센트럴약국","031-302-0439","1900","0900","1900","0900","1900","0900","1900","0900","1900","0900","1500","0900","C2108420","185","06","10970","37.161817618279","127.110247149308"
"서울특별시 강서구 양천로57길 10-20 (가양동, 이스타빌 1차)","가양역 1번출구 후방","서연약국","02-3663-6596","1900","0900","1900","0900","1900","0900","1900","0900","1900","0900","1300","0900","C1101456","075","26","10971","37.5626240133764","126.853007363408"
"경기도 안산시 상록구 본오로 124 (본오동)","서연약국","031-417-6532","1800","1000","1800","1000","1800","1000","1800","1000","1800","1000","C2108291","155","42","10972","37.2960596203481","126.866838691329"
"경기도 고양시 덕양구 향기로 101, 104호 (향동동)","서연약국","031-02-6053-0414","1800","0900","1800","0900","1800","0900","1800","0900","1800","0900","1300","0900","C2109828","105","46","10973","37.5991995101826","126.892891663893"
"경기도 의정부시 오목로15번길 6, 1층 (용현동)","현대이차아파트새마을금고옆쪽","서연약국","031-821-1255","2100","0900","2100","0900","2100","0900","2100","0900","2100","0900","2100","0900","2100","0900","C2102986","117","91","10974","37.73249733586699","127.0846982957179"
"서울특별시 송파구 오금로 197, 대연빌딩 1층 (방이동)","서울S약국","02-413-1001","1930","0900","1930","0900","1930","0900","1930","0900","1930","0900","1430","0900","C1108997","056","43","10975","37.50838413137399","127.11622387027676"
"경기도 파주시 경의로 1208, SUN M 타워 1층 109,110호 (와동동)","서울건강약국","031-000-0000","1800","0900","1800","0900","1800","0900","1800","0900","1800","0900","1300","0900","C2109761","108","96","10976","37.7252860653876","126.761505782993"
"인천광역시 부평구 부평북로 159 (청천동)","4공단 외환은행사거리에 위치한 건물 1층","서울당약국","032-502-0467","2130","0830","2130","0830","2130","0830","2130","0830","2130","0830","2130","0830","2130","1800","2130","0900","C1400084","213","14","10977","37.522847872382655","126.7109626116136"
"서울특별시 영등포구 시흥대로 663 (대림동)","서울대림약국","02-6953-7115","1800","0830","1800","0830","1800","0830","1800","0830","1800","0830","1300","0830","C1108324","074","42","10978","37.491063178513905","126.90775249021193"
"서울특별시 관악구 관악로 1, 2층 (신림동)","서울대학교 학생회관 2층","서울대약국","02-876-5619","1810","0900","1810","0900","1810","0900","1810","0900","1810","0900","C1101388","088","26","10979","37.45913234566225","126.95071412058107"
"서울특별시 영등포구 버드나루로7길 3, 경동미르웰 여의도 1층 105호 (영등포동2가)","한강성심병원 인근","서울대학약국","02-2069-1755","1900","0830","1900","0830","1900","0830","1900","0830","1900","0830","1300","0900","C1107972","072","49","10980","37.52300121812798","126.91025282213168"
"서울특별시 중랑구 신내로16길 17, 1층 (신내동)","토요일은 당번제로 운영하여 확인 후 방문필요합니다.","봉화산역과 신내역 사이/서울의료원 인근","서울동산약국","02-3423-0808","1900","0840","1900","0840","1900","0840","1900","0840","1900","0840","1700","0900","1900","0840","C1104013","020","53","10981","37.61418513638709","127.09709977265315"
"경기도 고양시 일산동구 고봉로 20-21, 119호 (장항동, 양우로데오랜드)","서울드림약국","031-915-1199","2230","1030","2230","1030","2230","1030","2230","1030","2230","1030","2230","1700","2300","1700","C2107388","103","64","10982","37.6636713646","126.7657134917"
"서울특별시 강북구 한천로 1118, JK빌딩 1층 104호 (수유동)","수유2동주민센터 맞은편","서울드림약국","02-992-8789","1930","0900","1930","0900","1930","0900","1930","0900","1930","0900","1800","0900","C1108975","010","48","10983","37.644974028085024","127.02013501820535"
"서울특별시 강동구 상일로6길 26, 삼성엔지니어링 지하1층 (상일동)","삼성엔지니어링 지하1층","서울마이팜약국","02-427-2341","1800","0730","1800","0730","1800","0730","1800","0730","1800","0730","C1104000","052","88","10984","37.54883610534225","127.17522207942686"
"서울특별시 강남구 역삼로 406 (대치동)","운영시간이 유동적이므로 전화 확인 후 이용부탁드립니다.","도성초등학교 사거리","서울메디약국","02-501-5063","2300","1000","2300","1000","2300","1000","2300","1000","2300","1000","2300","1000","2200","1100","2200","1100","C1101390","061","99","10985","37.500647607214866","127.0515947562929"
"서울특별시 강서구 공항대로 272 (내발산동)","발산역 7번출구 바로 앞/이대서울병원 인근","서울메디약국","02-2666-2101","2100","0830","2100","0830","2100","0830","2100","0830","2100","0830","1600","0900","C1109034","076","32","10986","37.558186744517336","126.83776859545223"
"인천광역시 남동구 포구로 96, 203호 (논현동, 주공13단지상가)","주공아파트13단지상가 2층.","서울메디카약국","032-435-1223","1830","0900","1830","0900","1830","0900","1830","0900","1830","0900","1300","0900","1400","1300","C1400938","216","62","10987","37.406620805151455","126.734268304799"
"경기도 구리시 건원대로76번길 34, 삼보아파트단지내상가 201-1호 (인창동)","서울메디칼약국","070-4189-3408","1900","0900","1900","0900","1900","0900","1900","0900","1900","0900","1400","0900","C2109496","119","21","10988","37.6074068823846","127.141208267231"
"경기도 부천시 송내대로265번길 85, 108호(상동,뱅뱅프라자)","세이브존 부근","서울메디칼약국","032-217-0065","2200","0830","2200","0830","2200","0830","2200","0830","2200","0830","2200","0830","2100","1800","1900","0900","C2100171","145","42","10989","37.507368642923005","126.75390658788427"
"충청북도 영동군 학산면 서산로 59","서울메디칼약국","043-743-6591","1900","0900","1900","0900","1900","0900","1900","0900","1900","0900","1200","0900","C2300637","291","66","10990","36.098363144462986","127.6833011124785"
"인천광역시 계양구 계산새로65번길 17 (계산동)","계산동홈플러스와 그랜드마트 사이에 위치한 건물 1층","서울메디칼약국","032-549-8778","2000","0900","1830","0900","1830","0900","2000","0900","1830","0900","1500","0900","C1400867","210","60","10991","37.539910112436985","126.73538646565716"
"인천광역시 중구 신도시남로 137, 화평빌딩 (운서동)","인천광역시 경제자유구역청 관리약국","운서동 롯데마트 부근","서울메디칼약국","032-751-6479","1900","0900","1900","0900","1900","0900","1900","0900","1900","0900","1500","0900","C1400452","223","71","10992","37.49366179204435","126.49009211099445"
"서울특별시 중랑구 신내로16길 17, 103호 (신내동)","서울의료원 인근","서울메디칼약국","02-3422-5000","1830","0900","1830","0900","1830","0900","1830","0900","1830","0900","1400","0900","C1104522","020","53","10993","37.614155709716854","127.09727529084803"
"경기도 이천시 이섭대천로 1212 (창전동)","이천 버스터미널 건너편","서울메디칼약국","031-637-2031","1530","0830","1530","0830","1530","0830","1530","0830","1530","0830","1530","0800","C2103279","173","70","10994","37.27841436959793","127.44719412229044"
"경상남도 창원시 성산구 상남로 73 (상남동, 서울메디컬센터)","우리은행 근처","서울메디컬약국","055-261-8881","1920","0800","1920","0800","1920","0800","1920","0800","1920","0800","1430","0800","1200","0800","C2800433","515","04","10995","35.22056111796616","128.67988034247003"
"충청남도 당진시 시청2로 49-30, 101호 (수청동)","서울메디컬약국","041-352-6668","1900","0900","1900","0900","1900","0900","1900","0900","1900","0900","1600","0900","1600","0900","C2401843","317","74","10996","36.8880041580427","126.647165580892"
"강원특별자치도 강릉시 옥가로 55 (교동)","기차역에서 홈플러스 100m","서울메디컬약국","033-647-2995","1950","0800","1950","0800","1950","0800","1800","0800","1950","0800","1700","0800","1230","0900","C2200538","255","51","10997","37.76161276321047","128.90002966049568"
"강원특별자치도 원주시 혁신로 39-1, 102호 (반곡동)","서울메디컬약국","033-734-5363","1900","0900","1900","0900","1900","0900","1900","0900","1900","0900","1500","0900","C2201005","264","65","10998","37.32423501179999","127.9791202243"
"경기도 오산시 경기대로 209, 209 (원동)","서울무지개약국","031-378-7937","2100","0800","2100","0800","2100","0800","2100","0800","2100","0800","1800","0900","C2103471","181","42","10999","37.14345188010771","127.07307625469755"
"경상남도 하동군 하동읍 중앙로 33","4,5주 일요일 운영","농협부근","서울미보약국","055-884-2888","1900","0800","1900","0800","1900","0800","1900","0800","1900","0800","1200","0800","1300","0800","1300","0800","C2800818","523","30","11000","35.07051566026548","127.74876763272706"
"서울특별시 송파구 송파대로 111, 201동 115호 (문정동, 파크하비오)","서울밝은약국","02-408-1223","1830","0900","1830","0900","1830","0900","1830","0900","1830","0900","1430","0900","C1110220","058","37","11001","37.47967368585925","127.12492732254007"
"경기도 광주시 중앙로 113 (경안동)","관주시경안동경안시장입구사거리","서울보룡약국","031-764-4498","2200","0900","2200","0900","2200","0900","2200","0900","2200","0900","2200","0900","2200","1000","2200","0900","C2100835","127","55","11002","37.409994316756254","127.25808654191164"
"울산광역시 울주군 삼남면 남상평2길 6-4","언양서울산보람병원옆","서울산조은약국","052-262-8001","1800","0830","1800","0830","1800","0830","1800","0830","1800","0830","1300","0830","C1700197","449","48","11003","35.55923131018098","129.12044807374025"
"서울특별시 강남구 역삼로 433 (대치동)","서울새싹약국","02-000-0000","2115","0900","2115","0900","2115","0900","2115","0900","2115","0900","1300","0900","C1110483","061","96","11004","37.5018536260086","127.054357415756"
"경기도 용인시 기흥구 용구대로2394번길 2 (마북동)","서울샤약국","031-283-2841","1900","0900","1900","0900","1900","0900","1900","0900","1900","0900","1500","0900","1300","0900","C2101891","169","21","11005","37.29980504775749","127.10765085445074"
"서울특별시 관악구 남부순환로 1451, 1층 (신림동)","서울샤인약국","02-853-3352","1930","0900","2030","0900","1930","0900","1930","0900","1930","0900","1500","0900","C1108122","087","67","11006","37.48157655341965","126.91200114551611"
"서울특별시 영등포구 도림로 157, 대림빌딩 1층 102호 (대림동)","대림역 10번 출구","서울성모약국","02-832-8575","2000","0800","2000","0800","2000","0800","2000","0800","2000","0800","1500","0800","2000","1000","2000","1400","C1108218","074","13","11007","37.4945695144155","126.899021008362"
"서울특별시 구로구 가마산로 206, 1층 (구로동)","고대구로병원 근처","서울센타약국","02-837-2633","1830","0830","1830","0830","1830","0830","1830","0830","1830","0830","C1104718","083","08","11008","37.49299968811115","126.88400634205382"
"서울특별시 관악구 관악로 165, 홍빌딩 2층 (봉천동)","서울센터약국","02-888-8830","2100","0830","2100","0830","2100","0830","2100","0830","2100","0830","1700","0830","1300","0830","C1108176","087","87","11009","37.480081411550486","126.95209382407828"
"서울특별시 서대문구 통일로 452","서울솔약국","02-998-9310","2000","0900","2000","0900","2000","0900","2000","0900","2000","0900","1600","0900","C1100139","036","29","11010","37.58916650753368","126.94398506353289"
"경기도 파주시 문화로 109, 103호 (금촌동)","서울수약국","031-945-2522","1930","0900","1930","0900","1930","0900","1930","0900","1930","0900","1600","0900","C2107013","109","29","11011","37.7638976615346","126.77424083700258"
"서울특별시 중구 만리재로 177, 한라비발디 센트랄상가 9호 (만리동2가)","서울수약국","02-363-3383","1900","0900","1900","0900","1900","0900","1900","0900","1900","0900","1400","0900","C1108013","045","01","11012","37.554466297889704","126.9659296074493"
"서울특별시 성동구 독서당로 336, 리버마이다스빌 2층 207호 (금호동4가)","서울숲약국","02-2297-6767","1830","0900","1830","0900","1830","0900","1830","0900","1830","0900","1300","0900","C1109325","047","43","11013","37.547807649178246","127.02632426526542"
"서울특별시 성동구 왕십리로 50, 지하 1층 (성수동1가)","서울숲팜프라자약국","070-7543-8091","1930","0900","1930","0900","1930","0900","1930","0900","1930","0900","1530","0900","C1108630","047","78","11014","37.54188912456587","127.04520173825078"
"서울특별시 중구 다산로 72, 송도병원 서울시니어스타워 1층 (신당동)","서울시니어스약국","02-2237-5123","1830","0800","1830","0800","1830","0800","1830","0800","1830","0800","1500","0800","C1103524","045","97","11015","37.5509031659541","127.008063451732"
"서울특별시 동대문구 답십리로69길 55, 웰빙프라자 102호 (장안동)","서울아이약국","02-2212-0313","1830","0900","1830","0900","1830","0900","1830","0900","1830","0900","1300","0900","C1110465","025","23","11016","37.57470698429346","127.07389858610989"
"전라남도 고흥군 고흥읍 여산당촌길 19","영창문구 옆(손치과의원 방향)","서울약국","061-833-5552","1730","0800","1730","0800","1730","0800","1730","0800","1730","0800","1230","0800","C2600983","595","40","11017","34.607429671406045","127.28128922803307"
"서울특별시 마포구 마포대로 156, 공덕푸르지오시티 121호 (공덕동)","공덕푸르지오시티오피스텔","서울약국","02-3275-3300","1800","0900","1800","0900","1800","0900","1800","0900","1800","0900","1400","0900","C1106964","042","11","11018","37.54785803252772","126.9542486516342"
"서울특별시 서대문구 통일로 464, 3층 (홍제동)","홍제역 1번 출구 전방 50m 홍제빌딩 3층","서울약국","02-379-7147","1800","0900","1800","0900","1800","0900","1800","0900","1800","0900","1300","0900","C1102703","036","29","11019","37.59007387543991","126.94318614194107"
"서울특별시 관악구 난곡로 194 (신림동)","신림3동 남강중고등학교입구 버스정류장 바로 앞","서울약국","02-837-1401","1800","0900","1800","0900","1800","0900","1800","0900","1800","0900","1300","0900","C1103079","088","54","11020","37.47221823037921","126.91960327233097"
"서울특별시 강남구 밤고개로34길 4","대왕초등학교 인근","서울약국","02-2226-4343","1900","0900","1900","0900","1900","0900","1900","0900","1900","0900","1600","0900","C1101352","063","65","11021","37.46390743326733","127.10744562832545"
"서울특별시 성북구 동소문로 181, 1층 (돈암동, 성북성심빌딩)","먹는치료제 조제기관 설날 연휴, 추석 연휴 운영시간 09;00~16:00","미아리고개 성북성심병원 1층","서울약국","02-924-5191","1900","0900","1900","0900","1900","0900","1900","0900","1900","0900","1600","0900","1300","0900","1300","0900","C1101393","028","17","11022","37.59851888320706","127.02144172223329"
"경기도 양주시 백석읍 양주산성로 538, 1층","서울약국","031-877-5380","1930","0900","1930","0900","1930","0900","1930","0900","1930","0900","1400","0900","1400","0900","C2107907","115","10","11023","37.78686130914311","126.99451445549992"
"경기도 구리시 체육관로 173 (교문동)","체육관길 현대의원옆","서울약국","031-569-0074","1900","0900","1900","0900","1900","0900","1900","0900","1900","0900","2100","0900","2100","1800","C2102933","119","25","11024","37.59965960321744","127.13621755170739"
"경기도 의정부시 시민로131번길 7","의정부제일시장국도극장앞","서울약국","031-842-9515","2330","1030","2330","1030","2330","1030","2330","1030","2330","1030","2330","1030","2200","1500","C2102648","116","95","11025","37.738436774920274","127.04975164873163"
"대전광역시 서구 계백로 1426, 107호 (도마동)","서울약국","042-582-8797","1800","0830","1800","0830","1800","0830","1800","0830","1800","0830","1300","0830","C1601329","354","00","11026","36.3125744156116","127.379744113806"
"경기도 남양주시 늘을2로14번길 5, 샤르망메디칼프라자 102호 (호평동)","평내동진주아파트입구","서울약국","031-591-9517","2200","0900","2200","0900","2200","0900","2200","0900","2200","0900","2200","0900","1900","1400","2100","1400","C2102962","121","50","11027","37.65080755980019","127.2394768545926"
"경기도 이천시 이섭대천로 1381, 1층 (증포동)","경기도 이천시 터미널 주변","서울약국","070-8648-2290","2200","0900","2200","0900","2200","0900","2200","0900","2200","0900","2200","0900","2200","1300","C2101040","173","46","11028","37.2766442114036","127.446188546334"
"경기도 용인시 수지구 수지로 124, 성복스퀘어/근린생활시설 107호 (성복동)","서울약국","031-264-5789","2030","0830","2030","0830","2030","0830","2030","0830","2030","0830","1500","0830","C2107675","168","58","11029","37.3126461944","127.0798502722"
"서울특별시 용산구 한강대로 312, 2층 2호 (갈월동)","서울약국","02-774-9207","1800","1000","2100","1000","1800","1000","2100","1000","1800","1000","1500","0900","C1102705","043","34","11030","37.54593776999884","126.97233545838712"
"경기도 안산시 상록구 수인로 2012 (수암동)","수암동대로변(농협50m이내)","서울약국","031-480-3886","1700","1000","1700","1000","1700","1000","1700","1000","1700","1000","1500","0900","C2102112","152","02","11031","37.362897222222223","126.876099999999994"
"충청북도 청주시 서원구 사직대로 279-1","서울약국","043-262-8215","1830","0900","1830","0900","1830","0900","1830","0900","1830","0900","1300","0900","C2300127","285","55","11032","36.636045481138694","127.47838582205631"
"충청남도 부여군 부여읍 사비로 86,","부여터미널맞은편(우영프라자내)","서울약국","041-837-2040","1800","0900","1800","0900","1800","0900","1800","0900","1800","0900","1300","0900","C2400400","331","51","11033","36.280403800919664","126.91080039811122"
"충청북도 증평군 증평읍 중앙로 213, 101호","서울약국","043-838-4492","2000","0830","2000","0830","2000","0830","2000","0830","2000","0830","1700","0830","C2301198","279","27","11034","36.7848477876136","127.581972272095"
"충청북도 제천시 숭문로7길 5 (서부동)","서울약국","043-646-2344","1830","0900","1830","0900","1830","0900","1830","0900","1830","0900","1330","0900","C2300527","271","70","11035","37.138193588372324","128.20630550250215"
"경기도 평택시 안중읍 안중로 133,","서울약국","031-681-6006","1900","0800","1900","0800","1900","0800","1900","0800","1900","0800","1700","0900","2000","1400","C2101428","179","33","11036","36.989039620478245","126.93142110813872"
"경기도 시흥시 함송로 21, 105호 (정왕동)","서울약국","031-499-5001","1900","0900","1900","0900","1900","0900","1900","0900","1900","0900","1400","0900","C2107809","150","20","11037","37.36376500696225","126.73071570701097"
"경기도 화성시 송산면 사강로 208, 104호 (대원프라자)","일요일 전화 후 방문.","대원프라자 104호","서울약국","031-357-1155","2100","0830","2100","0830","2100","0830","2100","0830","2100","0830","C2101878","185","50","11038","37.21318831484926","126.73894014815"
"경기도 하남시 신장동로 142, 1층 (신장동)","서울약국","031-792-5852","1930","0900","1930","0900","1930","0900","1930","0900","1930","0900","1500","0830","1300","0900","C2101772","129","45","11039","37.54108680774856","127.22314755505232"
"서울특별시 송파구 송이로31길 4, 1층(문정동)","문정동 레미안아파트 건너편","서울약국","02-448-6201","2000","0900","2000","0900","2000","0900","2000","0900","2000","0900","1800","0900","C1101443","057","98","11040","37.488194241537514","127.13181627265939"
"경기도 군포시 산본천로 62, 403호 (산본동, 인베스텔)","서울약국","031-343-2112","1900","0900","1900","0900","1900","0900","1900","0900","1900","0900","1500","0900","1300","0900","C2100840","158","65","11041","37.3605658936","126.9304117051"
"대구광역시 달서구 상원로 24, (상인동)","대동시장뒷길월배공원옆길","서울약국","053-632-8188","2200","0900","2200","0900","2200","0900","2200","0900","2200","0900","2200","0900","2200","1000","2200","1000","C1300479","427","91","11042","35.81206571104701","128.53659791520212"
"부산광역시 해운대구 아랫반송로 12 (반송동, 서울메디칼센터 1층)","우체국 바로 옆","서울약국","051-545-6634","1900","0900","1900","0900","1900","0900","1900","0900","1900","0900","1600","0900","C1201135","480","18","11043","35.225340466603626","129.147173909326"
"부산광역시 동래구 충렬대로 417, 1층 102호 (안락동)","2호선 동해안락역 2번출구","서울약국","051-914-0050","1800","0900","1800","0900","1800","0900","1800","0900","1800","0900","C1202610","477","96","11044","35.1968734416067","129.104094937326"
"대구광역시 북구 학정로 436 (구암동)","칠곡3지구대구은행옆","서울약국","053-313-3325","2200","0900","2200","0900","2200","0900","2200","0900","2200","0900","2200","0900","2200","1000","2200","1000","C1300501","414","24","11045","35.94344276145275","128.56408226105404"
"충청북도 영동군 상촌면 민주지산로 3026-1,","약 조제가능","서울약국","043-743-3671","2200","0730","2200","0730","2200","0730","2200","0730","2200","0730","2200","0730","2200","0730","2200","0730","C2300222","291","23","11046","36.149480510888196","127.91482138959145"
"충청남도 예산군 고덕면 고덕중앙로 45","일요일 전화요망","서울약국","041-337-8034","1900","0800","1900","0800","1900","0800","1900","0800","1900","0800","1800","0800","C2401724","324","03","11047","36.7446164119649","126.702552247879"
"경상남도 김해시 번화1로80번길 5, 101호 (대청동, 메카빌딩)","롯데마트부근오즈산부인과1층","서울약국","055-312-8603","1900","0900","1900","0900","1900","0900","1900","0900","1900","0900","1500","0900","1230","0900","C2800385","509","89","11048","35.19471596011701","128.80001235516988"
"전라남도 영광군 영광읍 옥당로 235-15,","공휴일 운영시 ~절로 끝나지 않는 공휴일만 운영","영광종합병원 입구","서울약국","061-351-1261","1730","0830","1730","0830","1730","0830","1730","0830","1730","0830","1330","0830","C2600543","570","35","11049","35.28401935229387","126.50051995998521"
"경상북도 문경시 중앙로 198 (흥덕동)","2,4주 토요일 휴무","박내과1층","서울약국","054-556-5577","1800","0900","1800","0900","1800","0900","1800","0900","1800","0900","1300","0900","C2700573","369","67","11050","36.601810764418374","128.20374396878105"
"전라남도 목포시 용당로 232 (용당동)","공휴일 및 일요일은 약국사정으로 필요시 휴무가능성이 있을수 있으니 전화 후 방문요청","3호광장에서경찰서방향200m","서울약국","061-274-4546","2030","0800","2030","0800","2030","0800","2030","0800","2030","0800","1900","0800","1800","1000","1800","1000","C2600140","586","51","11051","34.80756655184225","126.39879322425403"
"전라남도 영암군 영암읍 중앙로 68","서울약국","061-473-7575","1900","0700","1900","0700","1900","0700","1900","0700","1900","0700","1300","0800","C2601220","584","16","11052","34.8019259271516","126.699303836182"
"경상북도 경주시 안강읍 안현로 1526-1","안강4거리안강초등학교옆","서울약국","054-761-2143","1800","0900","1800","0900","1800","0900","1800","0900","1800","0900","1300","0900","C2700307","380","24","11053","35.99105023177493","129.22809221741522"
"경상북도 구미시 형곡로 179","형곡2동동사무소맞은편","서울약국","054-456-0900","1900","0900","1900","0900","1900","0900","1900","0900","1900","0900","1500","0900","C2700556","393","12","11054","36.10686531436941","128.3358052600954"
"강원특별자치도 영월군 주천면 주천로 92","토요일,일요일 08:00~20:30 1,3,5주 당직때 운영하지만 유동적이라고 함","서울약국","033-372-8580","1900","0830","1900","0830","1900","0830","1900","0830","1900","0830","1600","0900","1600","0900","C2200066","262","03","11055","37.27110149753937","128.26869787598613"
"경상북도 구미시 해평면 강동로 1619","해평 버스정류장 맞은편","서울약국","054-474-4997","1900","0830","1900","0830","1900","0830","1900","0830","1900","0830","1400","0830","C2700405","391","55","11056","36.19504842441558","128.39291347296466"
"강원특별자치도 원주시 흥업면 남원로 57 (흥업면)","서울약국","033-762-3330","1830","0830","1930","0830","1830","0830","1830","0830","1930","0830","1300","0830","1300","0900","C2200948","264","03","11057","37.3014296039","127.9192726938"
"강원특별자치도 춘천시 약사고개길 3 (중앙로2가)","중앙시장부근","서울약국","033-254-2812","1800","0900","1800","0900","1800","0900","1800","0900","1800","0900","1500","0900","C2200274","243","54","11058","37.87783431927417","127.72505856770181"
"인천광역시 강화군 강화읍 강화대로404번길 4, 서울약국","서울약국","032-933-2280","1900","0900","1900","0900","1900","0900","1900","0900","1900","0900","1300","0900","C1401990","230","31","11059","37.7462670915931","126.486811861685"
"광주광역시 북구 서하로 378, 1층 (문흥동)","광주북구문흥지구광주은행옆","서울약국","062-262-6107","1830","0900","1830","0900","1830","0900","1830","0900","1830","0900","1300","0900","C1500028","611","33","11060","35.185413888888888","126.921288888888895"
"강원특별자치도 인제군 북면 원통로 173,","원통 파리바게트 앞","서울약국","033-461-3700","2000","0700","2000","0700","2000","0700","2000","0700","2000","0700","2000","0700","2000","0700","2000","0700","C2200069","246","12","11061","38.12259844209174","128.20347709464943"
"인천광역시 미추홀구 독정이로 25-1 (용현동)","서울약국","032-887-7841","1800","0900","1800","0900","1800","0900","1800","0900","1800","0900","1300","0900","C1402037","221","79","11062","37.4582147498461","126.65392114512"
"세종특별자치시 남세종로 450, 보람빌딩 104호 (보람동)","공공심야약국(22:00 ~ 익일 새벽 01:00 까지 운영/연중무휴)","보람동","서울약국","044-863-8871","2500","1100","2500","1100","2500","1100","2500","1100","2500","1100","2500","1100","2500","1400","2500","1400","C1800281","301","50","11063","36.4774132987421","127.29010493568175"
"전북특별자치도 부안군 부안읍 시장길 35,","터미널 뒤 문진의원 1층","서울약국","063-582-0870","1800","0800","1800","0800","1800","0800","1800","0800","1800","0800","1300","0800","C2500191","563","08","11064","35.727447222222224","126.736272222222226"
"경상남도 진주시 동진로 111, 1층 105호 (상대동, 디럭스타워)","서울약국","055-755-1357","2000","0900","2000","0900","2000","0900","2000","0900","2000","0900","C2801920","527","87","11065","35.1796773817","128.1034791141"
"경기도 포천시 내촌면 내촌로 60","서울약국","0315322466","1800","0900","1800","0900","1800","0900","1800","0900","1800","0900","1300","0900","C2109998","111","89","11066","37.7854007392024","127.227263915344"
"대구광역시 서구 국채보상로 316, 201동 201-2호 (평리동, 평리롯데캐슬)","서울약국","053-201-0674","1800","0900","1800","0900","1800","0900","1800","0900","1800","0900","C1301930","418","14","11067","35.8717612751281","128.56508677082"
"서울특별시 구로구 구로동로 130, 1층 (구로동)","서울약국","02-6080-9485","1900","0900","1900","0900","1900","0900","1900","0900","1900","0900","1900","0900","1900","0900","1900","0900","C1109490","083","11","11068","37.4901810817438","126.884387918053"
"충청남도 청양군 정산면 효자길 10","서울약국","041-942-5077","1830","0830","1830","0830","1830","0830","1830","0830","1830","0830","1600","0830","1600","0900","C2401656","333","51","11069","36.4119022826497","126.949220274191"
"충청남도 태안군 태안읍 동문1길 15","제일카센터 옆","서울약국","041-672-3399","1800","0800","1800","0800","1800","0800","1800","0800","1800","0800","1300","0800","C2400456","321","43","11070","36.7497302623834","126.3019689221023"
"경상남도 통영시 광도면 죽림2로 49-10,","통영시 광도면 죽림 해양경찰서 맞은 편에 위치한 약국입니다.","통영해양경찰서 건너편","서울약국","055-641-4988","1900","0900","1900","0900","1900","0900","1900","0900","1900","0900","1300","0900","C2800579","530","15","11071","34.880521857334884","128.41866151638317"
"충청남도 보령시 웅천읍 장터중앙길 129 (웅천읍)","공휴일은 주변병원 운영시간에 따라 운영","새마을금고","서울약국","041-933-2077","1900","0830","1900","0830","1900","0830","1900","0830","1900","0830","1400","0830","C2400692","335","21","11072","36.2329443845","126.5995239153"
"경상남도 함양군 안의면 종로길 13 (안의면)","일요일은 2,4주만 운영, 전화 확인 필요","안의면시장입구","서울약국","055-962-0700","2030","0800","2030","0800","2030","0800","2030","0800","2030","0800","2030","0800","2030","0800","2030","0800","C2800845","500","11","11073","35.627875656278576","127.8133057208818"
"충청남도 서산시 시장4길 25-6","동부시장 입구","서울약국","041-665-2013","2000","0830","2000","0830","2000","0830","2000","0830","2000","0830","2000","0830","1300","0900","C2400033","319","81","11074","36.78205262731902","126.45782138605207"
"전북특별자치도 정읍시 남북로 35, 서울약국 (수성동)","고려병원 근처 패밀리마트 옆","서울약국","063-535-3058","1800","0900","1800","0900","1800","0900","1800","0900","1800","0900","1300","0900","C2500284","561","61","11075","35.56848431029245","126.85058303949773"
"전북특별자치도 고창군 고창읍 화신1길 19","고창병원앞","서울약국","063-564-8363","1800","0830","1800","0830","1800","0830","1800","0830","1800","0830","1300","0830","C2500297","564","36","11076","35.436187528767995","126.69415615595051"
"충청남도 공주시 신금1길 54, (신관동)","삼우 불가마사우나 옆","서울약국","041-881-8333","1830","0900","1830","0900","1830","0900","1830","0900","1830","0900","1300","0900","C2400451","325","78","11077","36.476966510757705","127.14597125197281"
"충청남도 천안시 동남구 만남로 18, 1층 (신부동, 휴먼빌딩)","고속터미널 건너편","서울약국","041-568-0943","2000","0900","2000","0900","2000","0900","2000","0900","2000","0900","1600","1000","C2401373","311","23","11078","36.8184252835","127.1540232212"
"전북특별자치도 완주군 봉동읍 봉동로 131","토요일 운영시간 연락 후 방문","봉동우체국에서 전주방향으로 50m거리임","서울약국","063-261-2031","1930","0800","1930","0800","1930","0800","1930","0800","1930","0800","1700","0800","C2500310","553","26","11079","35.93863610101539","127.16805665418167"
"서울특별시 강서구 가로공원로76가길 2, 1층 (화곡동)","격주 일요일 정기휴무(일요일영업은 연락요망)","서울열린약국","02-2604-5558","2030","0900","2030","0900","2030","0900","2030","0900","2030","0900","1800","0900","1800","1300","C1109646","077","68","11080","37.5328810791794","126.83918199998"
"서울특별시 송파구 동남로 317, 1층 (오금동, 한두리타워)","서울예일약국","02-492-0585","1800","0600","1800","0600","1800","0600","1800","0600","1800","0600","1800","0600","C1109472","057","22","11081","37.5038508086407","127.13815553218"
"서울특별시 은평구 은평로 240, B2층 205,206호 (응암동)","녹번역 3번출구 바로앞","서울온누리약국","02-356-0709","1830","0830","2000","0830","1830","0830","1830","0830","1830","0830","1330","0830","C1109264","034","73","11082","37.60067583962396","126.93368275447746"
"서울특별시 종로구 대학로5길 54, 1층 (연건동, 우욱하우스)","혜화역 3번출구 인근","서울온누리약국","02-745-8272","1830","0900","1830","0900","1830","0900","1830","0900","1830","0900","1400","0900","C1107917","030","82","11083","37.5794477112592","127.001463235065"
"서울특별시 관악구 난곡로 214, 1층 (신림동, 금정빌딩)","서울온누리약국","02-839-0208","1900","0830","1900","0830","1900","0830","1900","0830","1900","0830","1400","0830","1300","0900","C1107874","088","49","11084","37.4738861797656","126.918159077822"
"서울특별시 광진구 구의강변로 99 (구의동)","서울온누리약국","02-455-5191","1930","0900","1930","0900","1930","0900","1930","0900","1930","0900","1400","0900","C1103256","050","47","11085","37.5395258245316","127.09383412988"
"경기도 화성시 동탄기흥로 393-20, 219호 (오산동, 동탄역 파라곤)","서울온누리약국","031-374-8010","1800","0900","1800","0900","1800","0900","1800","0900","1800","0900","C2109732","184","79","11086","37.196382557361","127.090184140106"
"경기도 과천시 별양로 182-2 (부림동, 46번지 시대빌딩 102호, 102-1호)","시대빌딩 102호, 102-1호","서울온누리약국","02-502-9799","2030","0830","2030","0830","2030","0830","2030","0830","2030","0830","1500","0830","1300","0830","C2103079","138","31","11087","37.434098916458204","126.99815147713127"
"경기도 수원시 장안구 대평로 128, 112호 (정자동, 파크프라자)","서울온누리약국","031-268-8570","1950","0900","1950","0900","1950","0900","1950","0900","1950","0900","1550","0900","C2107339","163","39","11088","37.29893021739999","126.9913153328"
"충청남도 아산시 신창면 온천대로 831, 1층","일요일 및 공휴일 방문 전 전화 요망","신창면 읍내리 순천향대학교 인근, '삼성바른의원','우리한의원'과 같은 건물에 위치함.","서울온누리약국","041-547-8873","2200","0830","2200","0830","2200","0830","2200","0830","2200","0830","2100","0830","2100","0830","2100","0830","C2401303","315","36","11089","36.77696189710345","126.93416898313279"
"경상남도 양산시 물금읍 증산역로 135, 1층 110호","서울온누리약국","055-382-2023","1900","0900","1900","0900","1900","0900","1900","0900","1900","0900","1400","0840","1300","0900","C2801981","506","53","11090","35.3106225234","129.0053071489"
"서울특별시 강남구 역삼로77길 23 (대치동, 성도빌딩)","서울온누리약국","02-3453-9557","1930","0900","1930","0900","1930","0900","1930","0900","1930","0900","1600","0900","C1103488","061","96","11091","37.503967639381","127.055935727133"
"대전광역시 유성구 장대로 30 (장대동)","유성시장 맞은편","서울온누리약국","042-822-2187","1900","1100","1900","1100","1900","1100","1900","1100","1900","1100","1900","1100","C1600904","341","70","11092","36.35768130378917","127.33657425639312"
"대전광역시 서구 문정로 7 (둔산동)","공휴일은 변동될수있으니 방문전 전화바랍니다","서울온누리약국","042-488-3893","2000","0900","2000","0900","2000","0900","2000","0900","2000","0900","1700","0900","1300","0900","C1601172","352","35","11093","36.3454337901","127.3805989378"
"인천광역시 연수구 해돋이로 168, 102호 (송도동, 혜인프라자)","서울온누리약국","070-4144-0075","2100","0900","2100","0900","2100","0900","2100","0900","2100","0900","1900","0900","2000","1100","1300","0900","C1401452","220","02","11094","37.39614201793165","126.645979105529"
"서울특별시 강동구 천중로43길 34, 신운빌딩 101호 (천호동)","서울온누리약국","02-478-8070","1930","0900","1930","0900","1930","0900","1930","0900","1930","0900","1530","0900","C1108085","053","15","11095","37.5425006760628","127.141169381634"
"경기도 성남시 분당구 정자로 88, 성심빌딩 1층 (정자동)","서울온누리약국","031-726-9700","1900","0900","1900","0900","1900","0900","1900","0900","1900","0900","1400","0900","C2107584","136","12","11096","37.3631656087","127.1144372171"
"서울특별시 중구 남대문로 24-1(남창동)","1,3주 일요일은 휴무입니다.","서울왕약국","02-3789-7048","1840","0800","1840","0800","1840","0800","1840","0800","1840","0800","1600","0900","1600","0900","1600","0900","C1100074","045","29","11097","37.5608866056004","126.978480558857"
"서울특별시 종로구 대학로5길 51, 101호 (연건동)","서울이약국","02-742-5888","1800","0850","1800","0850","1800","0850","1800","0850","1800","0850","C1108940","030","82","11098","37.5795068182137","127.001314478589"
"서울특별시 종로구 대학로 117 (명륜4가)","서울종로약국","02-3676-4000","1900","0815","1900","0815","1900","0815","1900","0815","1900","0815","1345","0845","C1101357","030","79","11099","37.5818155203345","127.001660498906"
"서울특별시 강북구 삼양로 319 1층","화계역에서 삼양역 방향","서울진약국","02-987-2544","1900","0900","1900","0900","1900","0900","1900","0900","1900","0900","1400","0900","C1107847","010","99","11100","37.6318473669531","127.017507926723"
"경기도 용인시 기흥구 동백3로11번길 8-1, 105 (중동,제일프라자)","서울팜약국","031-286-5548","2100","0900","2100","0900","2100","0900","2100","0900","2100","0900","C2100470","170","06","11101","37.26987292923683","127.15387595875381"
"경기도 가평군 조종면 현창로38번길 4-1 (서울프라자약국)","서울빌딩1층","서울프라자약국","031-585-1007","2100","0800","2100","0800","2100","0800","2100","0800","2100","0800","2000","0800","2000","0800","C2102577","124","37","11102","37.8185273679","127.3487755784"
"서울특별시 강서구 양천로 683, 1층 101호 (염창동)","매달 1, 3, 4, 5번째 일요일 정기휴무","서울프라자약국","02-3665-3878","2000","0800","2000","0800","2000","0800","2000","0800","1930","0800","1430","0800","1330","0800","1330","0800","C1109796","075","40","11103","37.5509619320852","126.872349034555"
"대전광역시 유성구 동서대로 685","서울플러스약국","042-823-8202","1900","0900","1900","0900","1900","0900","1900","0900","1900","0900","1300","0900","C1600613","341","95","11104","36.33254545993212","127.33921461659241"
"서울특별시 중구 세종대로 11-1, 1층 (남대문로5가)","서울역 3번출구","서울하이약국","070-4133-8275","2030","0830","2030","0830","2030","0830","2030","0830","2030","0830","1400","1000","C1107758","045","12","11105","37.5582278392065","126.973133910076"
"경기도 남양주시 진접읍 해밀예당1로 50-88","한약만 제조.","서울한약국","031-532-2827","1900","1000","1900","1000","1900","1000","1900","1000","1900","1000","1600","1000","C2104273","120","66","11106","37.712585795277015","127.18791930497767"
"인천광역시 중구 운남로 169, 1층 104호 (운남동)","13:00~14:00 점심시간","서울행복약국","032-264-0077","2000","0900","2000","0900","2000","0900","2000","0900","2000","0900","1500","0900","C1402041","223","72","11107","37.4927960319184","126.532977259827"
"부산광역시 동래구 중앙대로 1523, SKHUBSKY 상가 2층 58·59·63·66호 (온천동)","연중무휴","1호선 온천장역 3,5번 출구","서울홍약국","051-553-9905","2100","0900","2100","0900","2100","0900","2100","0900","2100","0900","1300","0900","1800","0900","1800","0900","C1202406","477","10","11108","35.2212910211","129.0855783477"
"경기도 용인시 수지구 상현로 34, 102호 (상현동, 성진)","서원약국","031-266-5146","1900","0900","1900","0900","1400","0900","1900","0900","1900","0900","1400","0900","C2100804","169","39","11109","37.30550991619992","127.08058313047579"
"부산광역시 동래구 안락로 17-1","버스정류장: 서원시장","서원약국","051-521-0770","1900","0900","1900","0900","1900","0900","1900","0900","1900","0900","1300","0900","1300","0900","C1200194","477","82","11110","35.20082168267158","129.09930299276672"
"충청북도 보은군 보은읍 남부로 4513 (보은읍)","서원약국","043-543-3644","1830","0830","1830","0830","1830","0830","1830","0830","1830","0830","1300","0830","C2300287","289","48","11111","36.48543610535995","127.72119327243445"
"충청북도 청주시 서원구 무심서로413번길 5, 105호 (모충동)","반드시 전화후방문/ 2024.2.7 임시휴무, 2.8 운영","서원약국","043-268-5155","2100","0900","2100","0900","2100","0900","2100","0900","1700","0900","1700","0900","1700","0900","C2301257","286","73","11112","36.628338656678","127.482265684991"
"서울특별시 강남구 논현로149길 50, 1층 일부호 (논현동)","서은약국","02-545-7789","1900","0900","1900","0900","1900","0900","1900","0900","2100","0900","1700","0900","C1110258","060","39","11113","37.5173638401153","127.024521586571"
"서울특별시 강남구 언주로30길 39 (도곡동)","평일 휴게시간 13:00-14:00","삼성엔지니어링사옥 지하1층","서이약국","02-2057-4555","1830","0900","1830","0900","1830","0900","1830","0900","1830","0900","1400","0900","1400","1000","C1104813","062","92","11114","37.4887462103566","127.053214137263"
"서울특별시 광진구 뚝섬로 644, 104호 (자양동)","서이약국","02-456-4222","2000","0830","2000","0830","2000","0830","2000","0830","2000","0830","1400","0830","1300","0830","C1110682","051","01","11115","37.5314521662119","127.081019614684"
"경기도 안성시 시장길 58, 안성성모병원 (서인동)","서인약국","031-676-2022","1730","0830","1730","0830","1730","0830","1730","0830","1730","0830","C2107824","175","92","11116","37.006123217447715","127.27088030295897"
"울산광역시 중구 장춘로 1, 1층 (우정동)","공휴일, 일요일 휴무","서일약국은 우정,태화동 SK선경2차 아파트4거리. 울산민내과 건물 1층에 위치하고 있습니다.","서일약국","052-244-3690","1830","0800","1900","0800","1900","0800","1900","0800","1900","0800","1330","0800","C1700643","444","67","11117","35.5563249676","129.309988861"
"충청남도 천안시 동남구 충절로 441, 1층 (삼룡동)","서일약국","041-555-6559","1800","0900","1800","0900","1800","0900","1800","0900","1800","0900","C2401571","310","70","11118","36.78359272740382","127.17184659841098"
"경기도 평택시 서재로 2 101호(동삭동,한주빌딩)","서재중앙약국","031-652-9982","2100","0900","2100","0900","2100","0900","2100","0900","2100","0900","1800","0900","C2106657","178","48","11119","37.0098801859","127.0987998161"
"경기도 부천시 경인로 203 (심곡본동)","심곡고사사거리 국민은행 맞은편에서 남부역쪽으로 가는길에 위치한 건물 1층","서전약국","032-661-5001","2000","0900","2000","0900","2000","0900","2000","0900","2000","0900","1600","0900","1300","0900","C2100204","147","09","11120","37.483756283301275","126.7781573287011"
"경기도 평택시 서정역로36번길 10 (서정동)","서정굿모닝약국","031-611-7572","1900","0830","1900","0830","1900","0830","1900","0830","1900","0830","1400","0830","C2102201","177","79","11121","37.05739304494162","127.05651706660164"
"경기도 평택시 탄현로 48, 1층 2호 (서정동)","서정리오렌지약국","031-611-7539","2130","0830","2130","0830","2130","0830","2130","0830","2130","0830","2130","0830","C2107897","177","83","11122","37.05678673342595","127.05384874332124"
"경기도 평택시 서정역로 48, 1층 (서정동)","서정부부약국","031-668-2541","2000","0830","2000","0830","2000","0830","2000","0830","2000","0830","1700","0830","C2103919","177","79","11123","37.05829825194586","127.05534844975901"
"경기도 고양시 덕양구 서정마을로 5","서정약국","031-938-3200","1900","0830","1900","0830","1900","0830","1900","0830","1900","0830","1500","0830","C2102722","104","86","11124","37.618299939815834","126.84692039880227"
"경기도 평택시 고덕로3길 27, 1층 107호 (고덕동)","서정약국","031-615-4088","1800","0900","1800","0900","1800","0900","1800","0900","1800","0900","1300","0900","C2109652","180","20","11125","37.0381488040208","127.026416594273"
"대구광역시 수성구 알파시티2로 29, 범영빌딩 1층 103호 (시지동)","서정약국","053-793-1500","1900","0900","1900","0900","1900","0900","1900","0900","1900","0900","1300","0900","C1301682","422","51","11126","35.8401280105521","128.692309813692"
"전라남도 여수시 서교2길 2, (서교동)","서정약국","061-642-3786","1830","0900","1830","0900","1830","0900","1830","0900","1830","0900","1500","0900","C2600267","597","52","11127","34.74119332680003","127.72806944340605"
"대전광역시 서구 계백로 1400, 1층 (도마동)","서정약국","042-533-2938","1830","0830","1830","0830","1830","0830","1830","0830","1830","0830","1300","0830","C1600053","354","00","11128","36.3114928041011","127.377329516228"
"충청남도 당진시 계성3길 48","하이마트,유명클리닉센터옆","서정약국","041-358-9516","1900","0900","1900","0900","1900","0900","1900","0900","1900","0900","1300","0900","C2400531","317","70","11129","36.89950755273875","126.63348181225415"
"경기도 남양주시 오남읍 진건오남로 919, 103호","서정약국","0315278333","1800","0900","1800","0900","1800","0900","1800","0900","1800","0900","C2108908","120","36","11130","37.7052047149029","127.193138387556"
"경상남도 창원시 의창구 북면 감계로 306, 2층 202호","서정약국","055-298-7592","1830","0900","1830","0900","1830","0900","1830","0900","1830","0900","1300","0900","C2801922","511","12","11131","35.3019615899","128.5943141715"
"부산광역시 서구 부용로 28","버스정류장:부용사거리","서정약국","051-231-2385","1800","0900","1800","0900","1800","0900","1800","0900","1800","0900","C1200269","492","35","11132","35.10757820964973","129.01773379261314"
"경기도 평택시 탄현로 58, 103호 (서정동)","서정온누리약국","031-611-6538","2000","0900","2000","0900","2000","0900","2000","0900","2000","0900","1600","0900","C2107898","177","79","11133","37.0576192761058","127.05395726415568"
"충청남도 천안시 동남구 충절로 260, 구성클리닉 1층 (구성동)","제일소아청소년과 밑에","서주약국","041-555-8975","1900","0900","1900","0900","1900","0900","1900","0900","1900","0900","1300","0900","C2400037","311","91","11134","36.7955859930096","127.15921320075813"
"대구광역시 수성구 용학로 234(지산동)","서주약국","053-782-9607","1900","0900","1900","0900","1900","0900","1900","0900","1900","0900","C1301741","422","12","11135","35.8205466929461","128.633905138821"
"경상북도 포항시 남구 포스코대로 351","서진약국","054-283-3174","1900","0900","1900","0900","1900","0900","1900","0900","1900","0900","1400","0900","C2700203","378","16","11136","36.01757806640936","129.36174343980008"
"서울특별시 도봉구 마들로 686 (도봉동)","1층","서진약국","02-3493-1315","2000","0900","2000","0900","2000","0900","2000","0900","2000","0900","1600","0800","1400","1100","2000","0900","C1101277","013","25","11137","37.6713785153228","127.04670145023"
"경기도 동두천시 평화로2930번길 2(상봉암동)","서진약국","0318614205","2100","0900","2100","0900","2100","0900","2100","0900","2100","0900","2000","0900","C2107705","113","07","11138","37.7485698488","127.0428178384"
"강원특별자치도 원주시 원일로115번길 12, (일산동)","원주기독병원 앞 일방통행로서진빌딩 1층","서진약국","033-744-2400","1800","0900","1800","0900","1700","0900","1800","0900","1800","0900","1300","0900","C2200521","264","27","11139","37.3496165658","127.9474157578"
"서울 영등포구 대림로 245 (대림동)","현대1차아파트상가(방통대옆)","서진약국","02-849-6121","2000","0900","2000","0900","2000","0900","2000","0900","2000","0900","1400","0900","1300","0900","1300","0900","C1102643","073","77","11140","37.5023131757276","126.896379809669"
"광주광역시 서구 무진대로 959 (광천동)","공휴일 전화 연락 후 방문 요함","서진약국","062-383-3375","1700","0900","1700","0900","1700","0900","1700","0900","1700","0900","1500","0900","1200","0900","C1501115","619","17","11141","35.1616512663","126.8855867087"
"울산광역시 중구 번영로 577, (남외동)","대체공휴일은 8:30~13:00 근무합니다.","전국 병의원 처방전 사전 접수 : 카톡(카톡 검색창에 &quot;서진약국&quot; 입력 후 채널추가) / 팩스(0303-3132-7669)","국민은행 울산병영지점 건너편","서진약국","070-8242-7669","1900","0830","1900","0830","1900","0830","1900","0830","1900","0830","1300","0830","C1700102","444","93","11142","35.569272856233574","129.34489799361455"
"충청남도 천안시 서북구 서부대로 688 (성정동)","리차드 바로 옆 건물","서진약국","041-568-7447","1900","0900","1900","0900","1900","0900","1900","0900","1900","0900","1500","0900","C2400475","311","08","11143","36.828421029938475","127.13354860674835"
"충청북도 청주시 흥덕구 내수동로 2 (복대동)","공단오거리","서진온누리약국","043-269-3357","1800","0800","1800","0800","1800","0800","1800","0800","1800","0800","1400","0800","C2300914","285","95","11144","36.63384994959358","127.44778578791636"
"인천광역시 남동구 매소홀로 1137, 1층 (서창동)","서창동 자이아파트 101동 길건너편","서창약국","0324650082","1900","0900","1900","0900","1900","0900","1900","0900","1900","0900","1300","0900","C1400662","216","02","11145","37.43853953683641","126.74909927445503"
"인천광역시 남동구 서창남로 16-42 서창건아빌딩","서창우리들약국","032-463-0100","2000","0900","2000","0900","2000","0900","2000","0900","2000","0900","C1401435","216","18","11146","37.42203148202784","126.75181370470311"
"인천광역시 남동구 서창남로 81, 투엠프라자 1층 112,113호 (서창동)","서창제일태평양약국","032-465-3333","2200","0930","2200","0930","2200","0930","2200","0930","2200","0930","1900","0930","2200","1030","2200","0930","C1401838","216","14","11147","37.4262866736327","126.748049342217"
"경기도 용인시 기흥구 서천로127번길 11-4, 블라스타워 서천 101호 (서천동)","서천365약국","031-206-7003","1800","0900","1800","0900","1800","0900","1800","0900","1800","0900","1300","0900","C2109338","171","08","11148","37.2360637959437","127.073309124003"
"충청남도 서천군 서천읍 충절로41번길 11 (서천읍)","정확한 조제 성실한 상담 서천드림약국 입니다.","서천드림약국","041-951-7599","1800","0800","1800","0800","1800","0800","1800","0800","1800","0800","1300","0800","C2401629","336","42","11149","36.076475635432","126.687256947081"
"충청남도 서천군 서천읍 서천로 94","신협 옆","서천세계로약국","041-952-8001","1830","0800","1830","0800","1830","0800","1830","0800","1830","0800","1230","0800","C2400500","336","43","11150","36.07773661845702","126.68950409124113"
"충청남도 서천군 서천읍 서천로 167 (서천읍)","일요일은 상황에 따라 달라짐. 운영시 09:00~21:00까지 운영함","서천축협맞은편","서천세안약국","041-952-3111","2100","0800","2100","0800","2100","0800","2100","0800","2100","0800","2100","0800","2000","1000","2000","1000","C2400099","336","40","11151","36.0827583389","126.687170559"
"충청남도 서천군 서천읍 충절로41번길 5-5","서천수협뒷편","서천우리약국","041-953-3864","1800","0800","1800","0800","1800","0800","1800","0800","1800","0800","1300","0800","C2400781","336","42","11152","36.07575478954494","126.68706516087843"
"충청북도 청주시 서원구 사직대로 112, (사창동)","*사창동사거리","서청주약국","043-265-6442","2100","0900","2100","0900","2100","0900","2100","0900","2100","0900","1300","0900","C2300339","286","42","11153","36.63465855306642","127.45994902707514"
"서울특별시 서초구 신반포로23길 30, 1층(잠원동,반원상가)","반원상가 1층","서초21세기약국","02-534-1127","1900","0830","1900","0830","1900","0830","1900","0830","1900","0830","1300","0830","C1101279","065","10","11154","37.5087856196011","127.003544417873"
"서울특별시 서초구 효령로 403, 4층 418호 (서초동)","서초구름약국","02-6241-2298","1800","0900","1800","0900","1800","0900","1800","0900","1800","0900","1300","0900","C1109526","066","30","11155","37.48856190429118","127.027516162426"
"서울특별시 서초구 청계산로 189 (신원동)","청계산입구역 바로앞","서초내곡약국","02-529-6209","1930","0830","1930","0830","1930","0830","1930","0830","1930","0830","1430","0900","C1107384","068","02","11156","37.4482583991528","127.055346341681"
"서울특별시 서초구 서초대로38길 12, 지하2층 (서초동, 마제스타시티,힐스테이트서리풀)","매달 2,4번째 수요일 정기휴일","서초역 4번출구/롯데마트 지하","서초늘봄약국","02-581-7764","2200","1000","2200","1000","2200","1000","2200","1000","2200","1000","2200","1000","2200","1000","2200","1000","C1107855","066","55","11157","37.49012369854195","127.00602122937903"
"서울특별시 서초구 서초중앙로 107 (서초동, 삼화빌딩)","교대역 14번출구 바로앞","서초당약국","02-521-9443","2100","0830","2100","0830","2100","0830","2100","0830","2100","0830","1700","0830","C1101280","066","44","11158","37.4914514036587","127.013780661249"
"서울특별시 서초구 서초중앙로 39, 21세기 병원 1층 (서초동)","남부터미널역 6번출구 바로앞/21세기병원 1층","서초로하스약국","02-3471-2662","2000","0800","2000","0800","2000","0800","2000","0800","2000","0800","1700","0800","1700","1000","1700","1000","C1102751","066","54","11159","37.4852789881319","127.015712528164"
"서울특별시 서초구 효령로 403, 4층 410호 (서초동)","평일 휴게시간 13:00-14:00","서초무지개약국","050-4262-6507","2010","0900","1900","0900","1900","0900","1900","0900","1900","0900","1400","0900","1400","0900","C1109527","066","30","11160","37.4889155854441","127.027749222342"
"서울특별시 서초구 서초중앙로 230, 408호 (반포동)","반포래미안아이파크 앞 상가","서초미소약국","02-532-3252","1800","0900","1800","0900","1800","0900","1300","0900","1800","0900","1500","0900","C1108447","065","99","11161","37.5021563648911","127.012024373585"
"서울특별시 서초구 사임당로 158, 리더스원 상가 303호 (서초동)","리더스원아파트상가","서초민트약국","02-6369-0303","2100","0800","2100","0800","2100","0800","2100","0800","2100","0800","1830","0800","1830","0800","1830","0830","C1109121","066","29","11162","37.4918503001644","127.027176779785"
"서울특별시 서초구 효령로 279, 1층 (서초동, 상경빌딩)","남부터미널역 6번출구","서초백화점약국","02-3474-7575","2000","0900","2000","0900","2000","0900","2000","0900","2000","0900","1800","0900","C1102752","066","54","11163","37.4849415024327","127.014765522044"
"서울특별시 서초구 헌릉로8길 45, 상가동 203호 (내곡동, 서초포레스타2단지)","서초봄약국","02-572-1402","1800","0900","1800","0900","1800","0900","1800","0900","1800","0900","1400","0900","C1109352","068","00","11164","37.4546898457894","127.06254658465"
"서울특별시 서초구 사임당로 158, 리더스원 상가 3층 308호 (서초동)","리더스원상가","서초사랑약국","02-581-6997","2000","0800","2000","0800","2000","0800","2000","0800","2000","0800","1800","0800","1400","0800","1800","0800","C1109094","066","29","11165","37.4918503001644","127.027176779785"
"서울특별시 서초구 서초대로74길 23, (서초동)","강남역 6번출구","서초삼성약국","02-3474-0617","2030","0900","2030","0900","2030","0900","2030","0900","2030","0900","1600","1000","1600","1000","1600","1000","C1101345","066","21","11166","37.4956119342423","127.027090955824"
"서울특별시 서초구 언남길 87, 두상빌딩 1층 (양재동)","서초스마트약국","02-575-5008","2000","0830","2000","0830","2000","0830","2000","0830","2000","0830","1400","0900","C1110106","067","75","11167","37.4757268015625","127.046174589336"
"서울특별시 서초구 반포대로 58, 201동 12호 (서초동, 서초아트자이상가)","아트자이상가201-12호","서초아트약국","02-588-5951","1800","0900","1800","0900","1800","0900","1800","0900","1800","0900","1300","0900","C1103814","066","52","11168","37.48530964330378","127.01164029646014"
"서울특별시 서초구 서초대로 310","소망빌딩","서초온누리약국","02-584-6075","1900","0930","1900","0930","1900","0930","1900","0930","1900","0930","1400","0900","C1104789","066","34","11169","37.4939796811031","127.015546313037"
"서울특별시 서초구 반포대로27길 13, 2층 206호 (서초동, 서초꽃마을 주얼리)","서초우리약국","02-525-2588","1900","0900","1900","0900","1900","0900","1900","0900","1900","0900","1400","0900","C1109344","066","56","11170","37.4896931057588","127.007604684245"
"서울특별시 서초구 효령로 403, 204호 (서초동)","서초자이약국","02-6447-9879","C1110847","066","30","11171","37.4889155854441","127.027749222342"
"서울특별시 서초구 방배로 111, 1층 (방배동, 근복빌딩)","방배역 3번출구에서 내방역 방향","서초제일약국","02-583-7170","2130","0900","2130","0900","2130","0900","2130","0900","2130","0900","2000","0900","2000","1100","2000","1100","C1100011","066","83","11172","37.4839004182958","126.995637260382"
"서울특별시 서초구 효령로 403, 5층 510호 (서초동)","서초퍼스트약국","050-71490-0752","1800","0900","1800","0900","1800","0900","1800","0900","1800","0900","1300","0900","C1110555","066","30","11173","37.4889155854441","127.027749222342"
"서울특별시 서초구 방배로 88, 1층 (방배동)","방배역 4번출구","서초프라자약국","02-583-4949","2200","0900","2200","0900","2200","0900","2200","0900","2200","0900","1800","0900","1800","1100","1800","1100","C1109304","066","65","11174","37.4823527172474","126.997389374905"
"서울특별시 서초구 남부순환로347길 101, 1층 (서초동, 조이빌딩)","뱅뱅사거리","서초힐약국","02-587-5822","1800","0900","2000","0900","1800","0900","1800","0900","1800","0900","1300","0900","C1107385","067","28","11175"
"충청북도 충주시 중앙탑면 원앙9길 18-2, 센텀빌딩 지1층","서충주약국","043-851-1379","2100","0900","2100","0900","2100","0900","2100","0900","2100","0900","1400","0900","C2301059","274","65","11176","37.0168459632","127.8256120558"
"경기도 평택시 포승읍 포승향남로 148","서평택약국","031-684-9964","1900","0900","1900","0900","1900","0900","1900","0900","1900","0900","1800","0900","2000","1300","C2104344","179","51","11177","36.987686111111110","126.866430555555553"
"경상남도 사천시 서포면 자구로 484","서포면사무소 뒤","서포바다약국","055-853-7575","1800","0730","1800","0730","1800","0730","1800","0730","1800","0730","1400","0730","1200","0730","C2800362","525","43","11178","35.00764933789958","127.97684521228547"
"경상남도 사천시 서포면 자구로 486","공휴일은 병원 진료시에만 운영(07:30~14:00)하니, 전화 확인 후 방문 요함","면사무소 옆","서포약국","055-855-1070","1830","0730","1830","0730","1830","0730","1830","0730","1830","0730","1400","0730","1400","0730","C2800687","525","43","11179","35.00773798042339","127.97678783047961"
"전북특별자치도 전주시 완산구 흑석로 42, 1층 (서서학동)","서학온누리약국","063-286-7773","1830","0900","1830","0900","1830","0900","1830","0900","1830","0900","1300","0900","C2501417","551","14","11180","35.8004547407375","127.150652422165"
"대전광역시 대덕구 계족로 629","4층","서한약국","042-639-6307","1830","0900","1830","0900","1830","0900","1830","0900","1830","0900","1500","0900","C1600572","343","84","11181","36.36759284748412","127.4294928652404"
"인천광역시 미추홀구 용삼길 34 (용현동)","용현시장내공판장옆","서해안약국","032-886-6863","2000","0900","2000","0900","2000","0900","2000","0900","2000","0900","1900","0900","C1400276","221","79","11182","37.45776319069881","126.65160249496335"
"충청남도 천안시 동남구 만남로 40 (신부동)","공휴일 전화문의","천안터미널 신세계 백화점 맞은편","신세계 맞은편","서해약국","041-557-7005","2000","0900","2000","0900","2000","0900","2000","0900","2000","0900","1400","0900","1400","0900","C2400438","311","23","11183","36.81862372076331","127.15662050930132"
"경기도 과천시 별양상가1로 35 (별양동, 상아빌딩 109호~110호)","서해약국","02-503-1627","1800","1000","1800","1000","1800","1000","1800","1000","1800","1000","C2100876","138","37","11184","37.42854488926825","126.99356454257132"
"경기도 성남시 분당구 중앙공원로31번길 42, 서현파크플라자 2층 204호 (서현동)","서현2층약국","031-701-6401","1800","0900","1800","0900","1800","0900","1800","0900","1800","0900","1700","0900","C2103339","135","88","11185","37.33682885244329","127.11595903685361"
"경기도 성남시 분당구 황새울로 332, 분당문화센터 5층 501-1호 (서현동)","12/25, 1/1, 2/9 10:00-16:00 단축 영업합니다. 2/12 10:00-21:00 정상 영업합니다. 설날 당일(2/10) 휴무 , 매주 일요일 휴무","서현5층약국","031-707-3705","2100","1000","2000","1000","2000","1000","2000","1000","2100","1000","1700","1000","C2109624","135","91","11186","37.3855304250026","127.12232991121"
"경기도 성남시 분당구 분당로53번길 22, 블루홀플라자 1층 2호 (서현동)","서현봄약국","031-708-3033","2000","0900","2100","0900","2100","0900","2100","0900","2000","0900","1800","0900","C2108713","135","91","11187","37.3737178202958","127.137039054723"
"경기도 고양시 일산서구 중앙로 1448","서현약국","031-911-8810","1800","0900","1800","0900","1800","0900","1800","0900","1800","0900","1530","0900","C2103547","103","87","11188","37.671145499377005","126.75986407067097"
"경상남도 창원시 마산회원구 내서읍 삼계로 12, 1층 101호 (내서읍)","농협맞은편","서현약국","055-232-6116","2030","0900","2030","0900","2030","0900","2030","0900","2030","0900","C2800057","512","36","11189","35.23224065798029","128.50349848788124"
"서울특별시 용산구 이촌로 200, (이촌동)","엘지프라자 지층 104호","서현약국","02-792-2622","1830","0900","1830","0900","1830","0900","1830","0900","1830","0900","1430","0900","C1103816","044","27","11190","37.5209511026518","126.969343240712"
"서울특별시 성북구 정릉로 308, 1층 (정릉동)","서현약국","02-3292-0999","1800","0900","1800","0900","1800","0900","1800","0900","1800","0900","1300","0900","C1101348","028","16","11191","37.6027241168008","127.017364412689"
"전북특별자치도 남원시 의총로 61","순창사거리친절한신경외과1층","서현약국","063-633-9211","1800","0830","1800","0830","1800","0830","1800","0830","1800","0830","1300","0830","C2500454","557","68","11192","35.40634152853106","127.37607514616931"
"전북특별자치도 군산시 상나운안길 59 (나운동)","공휴일 탄락 운영 전화 확인 필요","양지산부인과옆","서현약국","063-471-0101","1800","0900","1800","0900","1800","0900","1800","0900","1800","0900","1300","0900","C2500555","541","27","11193","35.96896285373608","126.69542393285985"
"광주광역시 광산구 사암로215번길 16, 상가동 108호 (우산동, 어등하이빌)","서현약국","062-951-6463","1930","0830","1930","0830","1930","0830","1930","0830","1930","0830","1430","0830","C1500430","623","57","11194","35.16342910758728","126.80758971852047"
"충청북도 청주시 흥덕구 서현북로 64 (가경동)","선광로즈웰아파트 105동 맞은편 인근","서현약국","043-264-2715","2000","0900","2000","0900","2000","0900","2000","0900","2000","0900","1500","0900","C2300162","283","84","11195","36.62184550779141","127.4295168614818"
"광주광역시 북구 북문대로 79","벽산블루민상가, 운암이비인후과 옆","서현약국","062-522-6463","1830","0900","1830","0900","1830","0900","1830","0900","1830","0900","1300","0900","C1500483","612","60","11196","35.17790158135445","126.87702462711921"
"서울특별시 중구 퇴계로 61 (남창동)","서현온누리약국","02-776-5830","1730","0900","1730","0900","1730","0900","1730","0900","1730","0900","1300","0900","C1103652","045","29","11197","37.5593685043943","126.978916169827"
"경기도 성남시 분당구 서현로 204, 106호 (서현동,LG에클라트2)","서현종로약국","031-781-9991","2000","0930","2000","0930","2000","0930","2000","0930","2000","0930","1700","0930","2000","0900","C2101136","135","91","11198","37.38710392503372","127.12520550545397"
"경기도 성남시 분당구 분당로53번길 20, 이랜드분당프라자 1층 102호 (서현동)","서현중앙약국","031-707-4755","1900","0900","1900","0900","1900","0900","1900","0900","1900","0900","1500","0900","C2108657","135","91","11199","37.3841135146719","127.122640497605"
"경기도 성남시 분당구 황새울로342번길 11, 103호 (서현동, 금호리빙스텔)","서현해맑은약국","031-705-3913","1800","0900","1800","0900","1800","0900","1800","0900","1800","0900","C2108863","135","91","11200","37.38623076251","127.12365603416"
"부산광역시 사하구 다대낙조2길 100, 주상가동 308호 (다대동, 다대동 롯데캐슬 몰운대아파트)","롯데캐슬몰운대아파트주상가3층308호","서호약국","051-265-9038","1830","0900","1830","0900","1300","0900","1830","0900","1830","0900","1300","0900","C1200581","494","97","11201","35.0556444795095","128.96327642856642"
"전북특별자치도 전주시 덕진구 백제대로 668 (금암동)","서호약국","063-255-3544","1730","0830","1730","0830","1730","0830","1730","0830","1730","0830","1230","0830","C2501466","549","21","11202","35.84318964497881","127.142323809232"
"경기도 수원시 영통구 영통로 195, 골든스퀘어 125호 (망포동)","모든 병원의 처방 조제, 각종 영양제 건강 상담, 동물의약품 구매가 모두 가능한 약국입니다","수원시 영통구 망포역 3번출구와 연결된 골든스퀘어 건물 동관 1층 엘레베이터 바로 옆에 있습니다","서호온누리약국","031-203-2324","2100","0830","2100","0830","2100","0830","2100","0830","2100","0830","2100","0830","C2108792","166","89","11203","37.2451815599677","127.055799794469"
"서울특별시 노원구 화랑로 337, 106호, 107호 (월계동, 인현빌딩)","석계이화약국","02-941-3838","1920","0830","1920","0830","1920","0830","1920","0830","1920","0830","1430","0830","1500","0900","C1109987","018","95","11204","37.6152393519423","127.065169222212"
"서울특별시 노원구 화랑로 321","신정, 어린이날, 크리스마스는 휴무 대체공휴일은 18시까지 운영","석계역 1번출구","석계태평양약국","02-915-1190","1900","0900","1900","0900","1900","0900","1900","0900","1900","0900","1800","0900","1800","0900","C1102802","019","04","11205","37.6146830941871","127.06349357619"
"서울특별시 성북구 돌곶이로 57, 1층 (석관동)","먹는치료제 조제기관","석관약국","02-967-0777","2000","0800","2000","0800","2000","0800","2000","0800","2000","0800","1500","0800","1500","0900","1500","0800","C1102641","027","87","11206","37.6088484619471","127.058815294306"
"인천광역시 서구 가정로 291 (석남동)","하이마트(석남점) 인근","석남우리약국","032-575-6006","1800","1400","1800","1400","1800","1400","1800","1400","1800","1400","1700","0830","1800","1400","C1401457","227","85","11207","37.5109294473448","126.6723094474136"
"경상남도 창원시 진해구 진해대로 752, 롯데시네마 2층 203호 일부호 (석동)","석동2층약국","055-545-5510","1830","0800","1830","0800","1830","0800","1830","0800","1830","0800","1300","0800","1300","0900","C2802212","516","74","11208","35.1588177881046","128.697423647797"
"경상남도 창원시 진해구 냉천로 83, 석동메티칼빌딩 1층 109호 (석동)","석동국민은행 옆","석동태화약국","055-544-2115","1830","0900","1830","0900","1830","0900","1830","0900","1830","0900","1400","0900","C2800108","515","95","11209","35.15314383787045","128.70612909015856"
"충청남도 서산시 동서1로 23, 1층 (석림동)","석림약국","041-664-2248","1830","0800","1830","0800","1830","0800","1830","0800","1830","0800","1300","0800","C2401845","320","03","11210","36.7714593613938","126.465876339637"
"인천광역시 미추홀구 경원대로 862, 1층 (주안동)","석바위시장여성복지회관입구","석바위약국","032-427-7867","2100","0900","2100","0900","2100","0900","2100","0900","2100","0900","2200","0900","C1400957","221","44","11211","37.4596303044898","126.68984035163971"
"인천광역시 미추홀구 경원대로 848, 주안태흥프라자 104호 (주안동)","석바위하나약국","032-426-2727","2000","0900","2000","0900","2000","0900","2000","0900","1900","0900","1500","0900","C1401857","221","44","11212","37.458433283108","126.689825269378"
"서울특별시 노원구 한글비석로 253, 2층 205호 (중계동)","은행사거리","석사민주약국","02-934-1267","1800","0900","1800","0900","1800","0900","1800","0900","1800","0900","1300","0830","C1101350","017","43","11213","37.6504237048351","127.0763481119"
"서울특별시 성북구 오패산로1길 1 (하월곡동)","하월곡동복지회관 앞 동진빌딩1층","석산약국","02-912-2020","2130","0900","2130","0900","2130","0900","2130","0900","2130","0900","1900","0900","C1101351","027","40","11214","37.6034673811074","127.036824675589"
"경상남도 양산시 동면 금오로 242, GOOD프라임빌딩 108호","■ https://blog.naver.com/suksanp","석산약국","055-372-5874","1900","0900","1900","0900","1900","0900","1900","0900","1900","0900","1300","0900","1900","0900","C2801658","506","39","11215","35.315403624346445","129.02554497792323"
"경기도 안양시 만안구 안양로 443, 102호 (석수동)","석수약국","031-473-0510","1800","0900","1800","0900","1800","0900","1800","0900","1800","0900","C2108276","139","70","11216","37.4096990365068","126.911982841102"
"대구광역시 수성구 동대구로55길 5-6 (범어동)","석약국","053-759-6848","1900","0900","1900","0900","1900","0900","1900","0900","1900","0900","1400","0900","C1300436","706","011","11217","35.85455499172445","128.62440324283065"
"대구광역시 북구 동북로 291, 106호 (복현동)","석약국","053-955-5406","1800","0900","1800","0900","1800","0900","1800","0900","1800","0900","1300","0900","C1301468","415","29","11218","35.8927812052","128.6221619596"
"경상북도 칠곡군 석적읍 북중리3길 68","부영아파트관리사무소정문앞(3공단부영아파트)","석적경북약국","054-977-3388","2000","0900","2000","0900","2000","0900","2000","0900","2000","0900","1300","0900","1300","0900","C2700784","398","35","11219","36.08011319866738","128.41281671259716"
"전북특별자치도 고창군 고창읍 석정2로 153, 석정약국","석정약국","063-561-4940","1730","0830","1730","0830","1730","0830","1730","0830","1730","0830","1230","0830","C2501146","564","51","11220","35.43155645676198","126.73986413385799"
"대구광역시 달서구 성당로 195","성당시장맞은편복지관옆성수빌딩","석주약국","053-652-5453","1800","0900","1800","0900","1800","0900","1800","0900","1800","0900","1300","0900","C1300251","426","69","11221","35.850476411917796","128.57192554758043"
"충청남도 부여군 석성면 왕릉로 714,","목요일,토요일은 오전근무합니다. 일요일,공휴일은 쉽니다.","충남의원건물 1층 대광마트옆, 대성각옆","십자가사거리정거장 대광마트 옆","석초약국","041-835-0075","1800","0800","1800","0800","1800","0800","1200","0800","1800","0800","1200","0800","C2400502","331","76","11222","36.25213234728442","127.00270597373058"
"서울특별시 송파구 삼학사로 100, 그랜드 빌딩 101호 (석촌동)","석촌드림약국","02-416-0284","1900","0830","1900","0830","2000","0830","1900","0830","1900","0830","1430","0830","1230","0900","C1110222","056","12","11223","37.5061702651501","127.097509133661"
"서울특별시 송파구 송파대로45길 3, 1층 (석촌동)","석촌미소약국","02-423-9730","1930","0830","1930","0830","1930","0830","1930","0830","1930","0830","1430","0800","C1109395","056","16","11224","37.5062512420326","127.105404228076"
"서울특별시 송파구 송파대로 437, 1층 (석촌동)","평일 휴게시간 13:00~14:00","석촌사랑약국","02-418-9513","1830","0900","1830","0900","1730","0900","1830","0900","1830","0900","1330","0900","C1108708","056","16","11225","37.505623046794","127.106325433287"
"서울특별시 송파구 송파대로45길 4, 1층 101호 (석촌동, 호반빌라)","대체 공휴일에는 8:30~17:30 운영합니다.","석촌역 8번출구","석촌솔약국","02-415-8667","1900","0830","1900","0830","1900","0830","1900","0830","1900","0830","1400","0800","C1108818","056","09","11226","37.5064525267242","127.105302947903"
"서울특별시 송파구 송파대로 438, 103호 (송파동)","일요일 및 공휴일 휴무","석촌온누리약국","02-421-9789","2000","0800","2000","0800","2000","0800","2000","0800","1900","0800","1400","0900","C1108083","056","26","11227","37.5059260588638","127.107019269988"
"서울특별시 송파구 송파대로 447, 1층 101호 (석촌동)","석촌한빛약국","02-6339-9595","1930","0830","1930","0830","1930","0830","1930","0830","1930","0830","1430","0800","1600","1100","C1110708","056","16","11228","37.5063574924782","127.105682149"
"서울특별시 송파구 송파대로 441, 청호빌딩 1층 (석촌동)","석촌역 8번출구","석촌한우리약국","070-7543-5765","1930","0830","1930","0830","1930","0830","1930","0830","1930","0830","1530","0800","C1101292","056","16","11229","37.5058062726505","127.106167920976"
"서울특별시 강남구 개포로 615, 401호 (개포동, 석탑프라자)","수서경찰서 옆","석탑이레약국","02-3411-3968","1800","0900","1800","0900","1800","0900","1800","0900","1800","0900","1300","0900","C1107898","063","35","11230","37.4926580850327","127.07558248914"
"경기도 화성시 팔탄면 버들로 1239, 101호","석포중앙약국","031-358-5233","1800","0900","1800","0900","1800","0900","1800","0900","1800","0900","C2109193","185","75","11231","37.1310173245777","126.844148936197"
"경상남도 창원시 마산회원구 3·15대로 765-1, 우성빌딩 (합성동)","시외버스터미널 건너편","선강약국","055-294-0002","2200","0900","2200","0900","2200","0900","2200","0900","2200","0900","2200","0900","2200","0900","2200","0900","C2800836","512","10","11232","35.24014298358821","128.58346261253226"
"경기도 용인시 기흥구 기흥역로58번길 10, 2-B214호 (구갈동, 기흥역센트럴푸르지오)","동백고맞은편","선경약국","031-282-7181","2000","0830","2000","0830","2000","0830","2000","0830","2000","0830","1700","1300","C2101099","170","66","11233","37.28219521278572","127.15943798023584"
"충청남도 천안시 동남구 충절로 767 (목천읍)","점심시간 12:30~13:30 토요일은 점심시간 없음","새한의원 밑","선경약국","041-555-0743","1900","0900","1900","0900","1900","0900","1900","0900","1900","0900","1600","0900","C2400381","312","33","11234","36.768133358365","127.1972866376056"
"경기도 여주시 여흥로 98 (창동)","현대정형외과옆","선경약국","031-883-7556","2100","0900","2100","0900","2100","0900","2100","0900","2100","0900","2100","0900","2100","0900","C2103601","126","27","11235","37.29553098136353","127.63405699747173"
"서울특별시 영등포구 국제금융로2길 24, 삼성생명(주)여의도빌딩 1층 4호 (여의도동)","여의도역 3번출구/IFC몰 인근","선경약국","02-786-1192","1900","0900","1900","0900","1900","0900","1900","0900","1900","0900","1300","0900","C1101295","073","25","11236","37.5243047905812","126.924840024112"
"경기도 포천시 일동면 화동로 1068-1, 1층 (일동면)","경기도포천시일동면기산리82-44","선교녹십자약국","031-531-8812","1900","0830","1900","0830","1900","0830","1900","0830","1900","0830","1700","0830","C2102646","111","17","11237","37.95854577189697","127.31852585743644"
"경기도 포천시 소흘읍 솔모루로 72","선교송우온누리약국","031-542-1375","2130","0800","2130","0800","2130","0800","2130","0800","2130","0800","2100","0800","C2103029","111","74","11238","37.8279052881912","127.14640891643856"
"서울특별시 강남구 테헤란로 401, 남경센타 지하1층 5호 (삼성동)","선릉수약국","02-569-0314","2030","0830","2030","0830","2030","0830","2030","0830","2030","0830","1700","0800","1400","1000","C1109678","061","62","11239","37.5049703247826","127.049145898783"
"서울특별시 강남구 테헤란로 지하 340, 선릉역 지하1층 220-103호 (삼성동)","선릉역약국","02-556-3339","2230","0700","2230","0700","2230","0700","2230","0700","2230","0700","1800","1000","C1109554","062","12","11240","37.5045028775835","127.048942471228"
"서울특별시 강남구 테헤란로 333, 지하1층 (역삼동)","평일 휴게시간 13:40-14:30","선릉역 5,6번출구","선릉코코약국","02-563-1222","1900","0930","1930","0930","1900","0930","1930","0930","1900","0930","1530","0900","C1108180","061","50","11241","37.5046966146085","127.048013395254"
"서울특별시 강남구 테헤란로 326, 역삼 아이타워 지하1층 (역삼동)","선릉역 4번출구","선릉타워약국","02-508-5118","1830","0800","1830","0800","1830","0800","1830","0800","1830","0800","1530","0830","C1108169","062","11","11242","37.5035470555751","127.047033596011"
"경상북도 포항시 북구 대신로 42 (대신동)","선린병원정문건너편","선린약국","054-244-2552","1930","0800","1930","0800","1930","0800","1930","0800","1930","0800","1800","0800","C2700313","791","100","11243","36.04792721282243","129.36793943892206"
"경상북도 영천시 완산로 58","선린약국","054-331-6886","1900","0830","1900","0830","1900","0830","1900","0830","1900","0830","1300","0830","C2700916","388","94","11244","35.96529199257133","128.93924934707945"
"울산광역시 동구 미포5길 29 (동부동)","남목동부아파트정문앞","선린약국","052-252-3889","1900","0900","1900","0900","1900","0900","1900","0900","1900","0900","1700","0900","C1700016","440","07","11245","35.541664190737166","129.4265573591885"
"경상남도 창원시 성산구 가양로124번길 7, 선린빌딩 (대방동)","대방동 공영주차장 바로 앞","경남은행 신대방지점","선린약국","055-285-9200","1900","0900","1900","0900","1900","0900","1900","0900","1900","0900","1400","0900","1300","0900","1300","0900","C2800406","514","65","11246","35.20868759958987","128.70715329165446"
"경기도 부천시 경인로53번길 30, (송내동)","중동역근처 우성아파트 정문앞에 위치한 건물 1층(참된교회 근처)","선린약국","032-655-5025","2100","0900","2100","0900","2100","0900","2100","0900","2100","0900","C2100177","147","21","11247","37.4849314944965","126.76165516599926"
"경기도 수원시 영통구 중부대로271번길 4","선명약국","031-215-7799","1830","0900","1830","0900","1830","0900","1830","0900","1830","0900","1330","0900","C2106773","165","03","11248","37.274608259986984","127.04580554743737"
"울산광역시 동구 방어진순환도로 793, (전하동)","홍피부과 옆","선명약국","052-251-5888","1830","0900","1830","0900","1830","0900","1830","0900","1830","0900","1230","0900","C1700240","440","34","11249","35.512552777777778","129.430522222222208"
"경기도 수원시 권선구 세권로 124, (세류동)","구기업은행사거리연세비엠정형외과옆","선물약국","031-231-2225","2000","0830","2000","0830","2000","0830","2000","0830","2000","0830","2000","0830","C2101247","165","79","11250","37.2571092031475","127.01786926679804"
"경상남도 거창군 거창읍 거창대로 100, 선보프라자 101호","◆월요일, 수요일: 20시까지 ※방문 전 연락 후 방문바랍니다","SK북부주유소 부근","선보약국","055-945-3252","2000","0800","1830","0800","2000","0800","1830","0800","1830","0800","1300","0800","C2801033","501","34","11251","35.69045758211625","127.91500706662762"
"경기도 안산시 단원구 선부광장1로 62, 102호 (선부동)","선부라성약국","031-413-6397","2200","0900","2200","0900","2200","0900","2200","0900","2200","0900","2000","0830","1900","0900","1900","0900","C2100696","152","39","11252","37.3362846986","126.8113028312"
"경기도 안산시 단원구 달미로 102, (선부동)","선부3동선부중학교사거리","선부약국","031-411-8578","2100","0900","2100","0900","2100","0900","2100","0900","2100","0900","2100","0900","C2100770","152","16","11253","37.344836676","126.8154977468"
"경기도 안산시 단원구 달미로 84, 101호 (선부동)","선부중학교 인근","선부열린약국","031-403-1013","2030","0830","2030","0830","2030","0830","2030","0830","2030","0830","2030","0830","C2101495","152","17","11254","37.343258333333331","126.815322222222221"
"경기도 안산시 단원구 화정천서로 505, 1층 (선부동)","온누리병원후문","선부정약국","031-475-2852","1900","0900","1900","0900","1900","0900","1900","0900","1900","0900","2000","0730","2000","0900","1800","0900","C2100548","152","17","11255","37.3421260424","126.8176034312"
"대전광역시 대덕구 계족로690번길 21","선비약국","042-636-4575","1900","0900","1900","0900","1900","0900","1900","0900","1900","0900","1300","0900","C1600111","343","96","11256","36.37292190466183","127.43011488795179"
"경상북도 영주시 중앙로126번길 6 (하망동)","선비약국","054-637-5335","1800","0800","1800","0800","1800","0800","1800","0800","1800","0800","1300","0800","1300","0800","C2701588","360","80","11257","36.8261520886116","128.626169569449"
"서울특별시 강동구 올림픽로 800 (암사동)","선사약국","02-442-8418","2000","0900","1900","0900","2000","0900","1900","0900","1900","0900","1400","0900","C1107252","052","63","11258","37.552310521282","127.128586566479"
"대전광역시 서구 청사로 121, 101호 (월평동)","선사온누리약국","042-472-3485","1900","0830","1900","0830","1900","0830","1900","0830","1900","0830","1630","0830","C1601031","352","14","11259","36.36006862389561","127.37726526912721"
"대전광역시 서구 청사서로 26","선사일등약국","042-487-9265","2200","0830","2200","0830","2200","0830","2200","0830","2200","0830","2100","0830","2100","0900","2100","0900","C1601173","352","14","11260","36.3601092877","127.3769445832"
"대전광역시 서구 청사로 128, 칼릭스빌딩 106호 (월평동)","공휴일은 변동될 수 있습니다","선사프라임약국","042-255-8181","2000","0830","2000","0830","2000","0830","2000","0830","2000","0830","1430","0830","1300","0830","C1601153","352","20","11261","36.3594539199","127.377868408"
"경상북도 구미시 선산읍 동교길 12","선산마음약국","050-71372-0668","1730","0830","1730","0830","1730","0830","1730","0830","1730","0830","1230","0830","C2701735","391","15","11262","36.2443066227341","128.303849874621"
"경상북도 성주군 선남면 관화길 93","선산약국","054-932-6313","1800","0900","1800","0900","1800","0900","1800","0900","1800","0900","1300","0900","C2700294","400","45","11263","35.901074198112845","128.35230127439976"
"경상북도 구미시 선산읍 남문로 22-1","선산희망약국","054-481-6648","2300","0830","2300","0830","2300","0830","2300","0830","2300","0830","2300","0830","2300","2000","C2701650","391","26","11264","36.23966128522","128.302090569046"
"전라남도 광양시 광장로 148-3","평일에 야간으로 9시까지 하기도 함.","광양시티프라자 A동 110호, 광양새마을금고근처.","선샤인약국","061-793-3151","1830","0900","1830","0900","1830","0900","1830","0900","1830","0900","1300","0900","1300","0900","C2600631","577","88","11265","34.93735819676209","127.69546834779055"
"서울특별시 송파구 올림픽로4길 17 (잠실동)","종합운동장역/아시아선수촌아파트 상가내","선수촌약국","02-417-5463","1900","0900","1900","0900","1900","0900","1900","0900","1900","0900","1800","0900","C1102246","055","72","11266","37.5086522270453","127.076519720568"
"경기도 양주시 은현면 그루고개로 703, 1층 일부","선암건강약국","031-858-1358","1800","0900","1800","0900","1800","0900","1800","0900","1800","0900","1300","0900","C2109457","114","30","11267","37.8672765903616","127.022763246838"
"울산광역시 남구 두왕로190번길 46, 1층 (선암동)","삼일여고부근","선암약국","052-267-6615","1830","0900","1830","0900","1230","0900","1830","0900","1830","0900","1230","0900","C1700233","447","73","11268","35.51720293076229","129.31570009258223"
"서울특별시 강동구 고덕로 385, 고덕그라시움아파트(상가4동) 108,109호 (고덕동)","상일동역 4번출구 바로앞","선약국","02-3426-0457","2000","0900","2000","0900","2000","0900","2000","0900","2000","0900","1500","0900","C1108592","052","23","11269","37.5573671931016","127.168412440283"
"경기도 의왕시 전주남이길 28 (오전동)","365일 연중무휴 * 공공심야약국","오전동선병원주차장옆","선약국","031-456-7125","2500","2200","2500","2200","2500","2200","2500","2200","2500","2200","2500","2200","2500","2200","2500","2200","C2104015","160","60","11270","37.35044094371737","126.97725583009807"
"경기도 의정부시 시민로 130 (의정부동)","선약국","031-879-0107","2000","1000","2000","1000","2000","1000","2000","1000","2000","1000","2000","1000","C2106883","116","97","11271","37.73804396367849","127.04938738033452"
"경기도 포천시 소흘읍 송우로 79","선약국","031-543-1155","2000","0830","2000","0830","2000","0830","2000","0830","2000","0830","1700","0830","1400","0830","C2102489","111","77","11272","37.82990915768173","127.14028804876588"
"경기도 수원시 팔달구 덕영대로 899, 세진브론즈빌 102호 (매산로1가)","선약국","031-895-5888","2300","0800","2300","0800","2300","0800","2300","0800","2300","0800","2300","0800","2300","0800","2300","0800","C2108173","164","55","11273","37.2681527488647","127.000312407984"
"경기도 고양시 덕양구 은빛로29번길 36","화정단독주택단지버스정류장근처.연세가정의원앞","선약국","031-968-4265","1900","0900","1900","0900","1900","0900","1900","0900","1900","0900","1430","0900","C2102288","104","76","11274","37.63960716353025","126.8318345713953"
"경기도 군포시 수리산로 8, 208호 (산본동, 한양프라자)","선약국","031-396-5536","2000","0900","2000","0900","2000","0900","2000","0900","2000","0900","1400","0900","C2101915","158","23","11275","37.3559717188","126.9206546761"
"서울특별시 송파구 마천로41길 5, 자매빌딩 1층 102호 (마천동)","선약국","02-400-1993","1840","0900","1840","0900","1840","0900","1840","0900","1840","0900","1340","0900","C1110311","057","56","11276","37.4973321103558","127.148131799561"
"전북특별자치도 완주군 이서면 갈산로 46","평일 8시~21시까지 운영합니다. 토요일, 일요일, 공휴일 9시~18시까지 운영합니다.","선약국","063-237-4285","2100","0800","2100","0800","2100","0800","2100","0800","2100","0800","1800","0900","1800","0900","1800","0900","C2501240","553","65","11277","35.836848312300006","127.05605372110001"
"전북특별자치도 익산시 고봉로32길 8, 1층 (영등동)","선약국","063-917-3305","1900","0830","1900","0830","1900","0830","1900","0830","1900","0830","1330","0830","C2501419","545","45","11278","35.959462878282","126.972014906115"
"부산광역시 연제구 고분로 21, 1층 일부호 (연산동)","성은의원 1층에 위치하고 있습니다. 연산역 10번출구에서 나와 약 200m 직진하시면 있습니다.","선약국","051-868-1278","2000","0830","2000","0830","2000","0830","2000","0830","2000","0830","1500","0830","C1202899","475","50","11279","35.1858805317961","129.084758129286"
"부산광역시 동래구 여고북로 169","버스정류장: 금정시장","선약국","051-503-0288","1900","0900","1900","0900","1900","0900","1900","0900","1900","0900","1400","0900","1300","0900","C1200650","478","25","11280","35.20221405748641","129.0741356757489"
"부산광역시 부산진구 시민공원로19번길 7(부암동)","2호선 부암역 4번출구","선약국","051-817-2811","1830","0900","1830","0900","1830","0900","1830","0900","1830","0900","1400","0900","C1202450","471","92","11281","35.16347435250001","129.0517412408027"
"서울특별시 강서구 강서로 194-9, 1층 (화곡동)","선약국","02-2605-0556","2000","0830","2000","0830","2000","0830","2000","0830","2000","0830","2000","0830","C1109915","076","98","11282","37.5440483042931","126.838895040486"
"충청북도 음성군 감곡면 장감로 195, 1층","선약국","043-882-1921","2000","0900","2000","0900","2000","0900","2000","0900","2000","0900","1530","0900","2200","1400","2000","0900","C2301211","276","10","11283","37.116898670334","127.643596488217"
"경기도 성남시 분당구 백현로 97, 1층 108호 (수내동, 다운타운빌딩)","선약국","031-717-8778","1800","0900","1800","0900","1800","0900","1800","0900","1800","0900","1300","0900","C2109862","135","95","11284","37.3768376971862","127.111399067565"
"경기도 용인시 기흥구 구성3로 38-101, b동 (청덕동, 휴먼시아물푸레마을2단지아파트)","선약국","031-8005-7823","1800","0900","1800","0900","1800","0900","1800","0900","1800","0900","1800","0900","C2108988","168","92","11285","37.2955017961538","127.151441268974"
"서울특별시 성북구 돌곶이로41길 10 (장위동)","선약국","02-942-4553","2000","0830","2000","0830","2000","0830","2000","0830","2000","0830","1800","0900","C1101236","027","54","11286","37.6184617837753","127.045695126368"
"서울특별시 광진구 용마산로 8","아차산역1번출구200미터(중곡시장쪽으로)","선약국","02-456-3433","1800","0900","1800","0900","1300","0900","1800","0900","1800","0900","1300","0900","C1101234","049","53","11287","37.5542569544458","127.088728982642"
"서울특별시 성동구 마장로 187, 1층 (홍익동)","마지막주 토요일은 운영X","양지사거리","선영약국","02-2294-3734","1800","0900","1800","0900","1800","0900","1800","0900","1800","0900","1300","0900","C1102247","047","06","11288","37.5668480767029","127.030750491299"
"서울특별시 강북구 노해로23길 73 (수유동)","우이시장","선영약국","02-998-3882","2130","0900","2130","0900","2130","0900","2130","0900","2130","0900","2130","0900","2130","0900","2130","0900","C1101009","010","47","11289","37.6460024166124","127.019566476538"
"광주광역시 북구 첨단연신로 25, 1층 102호 (연제동)","선온누리약국","062-575-0007","1830","0900","1830","0900","1830","0900","1830","0900","1830","0900","1330","0900","C1501039","610","89","11290","35.200191524338344","126.86308287613838"
"경기도 안산시 단원구 광덕대로 174 (고잔동)","선온누리약국","031-411-7533","1900","0900","1900","0900","1900","0900","1900","0900","1900","0900","1600","0900","C2107040","154","70","11291","37.31208807279426","126.83083165633973"
"충청남도 당진시 당진중앙2로 211-5 (읍내동)","가원예식장 맞은편","선우약국","041-357-0027","1930","0900","1930","0900","1930","0900","1930","0900","1930","0900","1300","0900","C2400178","317","70","11292","36.896951440725644","126.6349586593658"
"충청남도 천안시 서북구 서부대로 766 (두정동)","파리바게트 상가 1층","선우약국","041-621-7755","1930","1030","1930","1030","1930","1030","1930","1030","1930","1030","1900","1030","C2400751","311","00","11293","36.83567968423679","127.13392508101105"
"경기도 양주시 회정로 101 (덕정동)","선우약국","031-861-1996","2200","0830","2200","0830","2200","0830","2200","0830","2200","0830","2200","0830","2200","0830","C2102546","114","51","11294","37.837638125692806","127.06429597331639"
"서울특별시 은평구 은평로 52 (신사동)","응암역 1번출구","선우약국","02-302-5583","1930","0830","1930","0830","1930","0830","1930","0830","1930","0830","1500","0830","C1102249","034","49","11295","37.5984496505553","126.913596458611"
"울산광역시 남구 월평로 35, (신정동)","신정시장농협과축협중간지점","선우약국","052-269-8075","1900","0900","1900","0900","1900","0900","1900","0900","1900","0900","1500","0900","C1700239","446","71","11296","35.541513689968625","129.3094977223747"
"광주광역시 광산구 선운중앙로 46, 1층 (선암동)","선운이지더원단지앞 사거리 투썸플레이스/파리바게트옆","선운포도약국","062-943-0031","2230","0830","2230","0830","2230","0830","2230","0830","2230","0830","2230","0830","2230","0830","2230","0830","C1500895","624","02","11297","35.14807348596186","126.77703224888864"
"서울특별시 영등포구 양평로 129 (양평동5가,1층)","평일 휴게시간 13:20~14:00","선유도역8번출구앞","선유도온누리약국","02-3667-3517","1930","0830","1930","0830","1930","0830","1930","0830","1930","0830","1430","0900","C1101011","150","105","11298","37.5379341543991","126.893264598989"
"대전광역시 동구 대전로815번길 133, (삼성동)","삼성동삼성한방병원옆","선인약국","042-625-2949","1700","0930","1700","0930","1700","0930","1700","0930","1700","0930","C1600332","346","23","11299","36.33722380787596","127.42808463593886"
"전북특별자치도 부안군 부안읍 번영로 155,","부안터미널 옆","선인약국","063-584-6153","1800","0800","1800","0800","1800","0800","1800","0800","1800","0800","1700","0800","C2500624","563","07","11300","35.72668519506744","126.73739713928344"
"전북특별자치도 김제시 중앙로 96 (요촌동)","선일약국","063-545-8984","1830","0800","1830","0800","1830","0800","1830","0800","1830","0800","1400","0800","C2501183","543","84","11301","35.804311775573474","126.8863141665954"
"충청남도 당진시 당진중앙3로 104","충남당진 선일약국","홍익외과 앞","선일약국","041-355-4527","1900","0830","1900","0830","1900","0830","1900","0830","1900","0830","1400","0830","C2400197","317","77","11302","36.893387636326636","126.63059133445048"
"충청북도 청주시 흥덕구 복대로 177 (복대동)","인근의료기관-천오당한의원,서울아동병원 *복대사거리메디포스옆건물","선일약국","043-234-9082","2000","0830","2000","0830","2000","0830","2000","0830","2000","0830","1800","0830","C2300384","285","98","11303","36.6322625811241","127.44060100282087"
"부산광역시 동래구 충렬대로249번길 55, 지하1층, 지상1층 (수안동)","점심 13:00~14:00","4호선 수안역 7번출구","선일약국","051-555-0868","1900","0900","1900","0900","1900","0900","1900","0900","1900","0900","1500","0900","C1202742","478","10","11304","35.2038353073495","129.086759108331"
"전라남도 여수시 쌍봉로 24, (학동)","신동아아파트후문","선재약국","061-686-8858","1800","0900","1800","0900","1800","0900","1800","0900","1800","0900","1300","0900","C2600491","596","72","11305","34.76627460285241","127.65866651318345"
"충청북도 청주시 상당구 1순환로 1239, 103호 (용암동)","선재약국","043-238-8482","1800","0900","1800","0900","1800","0900","1800","0900","1800","0900","1200","0900","C2301159","287","76","11306","36.6421133187508","127.428064917918"
"서울특별시 강남구 봉은사로 327, 궁도빌딩 1층 (논현동)","선정릉역 1번출구","선정릉약국","02-541-8378","1930","0900","1930","0900","1930","0900","1930","0900","1930","0900","1400","0900","1900","1030","C1107978","061","03","11307","37.5101865123901","127.042653360305"
"강원특별자치도 영월군 영월읍 중앙1로 33","선제약국","033-372-1357","1800","0900","1800","0900","1800","0900","1800","0900","1800","0900","1300","0900","C2200329","262","34","11308","37.18417392764459","128.46558750491286"
"경기도 안산시 단원구 보화로 45-1","안산21세기병원앞","선진약국","031-8044-5236","1900","0900","1900","0900","1900","0900","1900","0900","1900","0900","1400","0900","C2101273","152","63","11309","37.33065471977092","126.83217075790313"
"서울특별시 마포구 독막로20길 53, 1층 (창전동)","광흥창역6번출구상수역방향 100M창전우체국근방.","선진약국","02-334-5437","2000","1000","2000","1000","2000","1000","2000","1000","2000","1000","2000","1000","C1102227","040","78","11310","37.5470609157044","126.928329009961"
"대전광역시 중구 계백로 1596 (유천동)","유천동대우장사거리","선진약국","042-585-5515","1900","0900","1900","0900","1900","0900","1900","0900","1900","0900","1900","0900","C1600156","349","73","11311","36.318130555555555","127.397194444444438"
"부산광역시 해운대구 마린시티3로 1","버스정류장: 해운대선프라자","선프라자약국","051-917-8559","1830","0930","1830","0930","1830","0930","1830","0930","1830","0930","1400","0930","C1200464","480","92","11312","35.15793053923828","129.14724944251938"
"광주광역시 서구 천변좌로 68, 1층 (광천동)","선한Prime약국","062-456-7030","1730","0900","1730","0900","1730","0900","1730","0900","1730","0900","1300","0900","C1500986","619","17","11313","35.16194829165799","126.88705707456915"
"경상남도 창원시 마산합포구 가포순환로 33, 상가1동 208-1호 (월영동, 마린애시앙부영)","선한약국","055-808-7077","1900","0900","1900","0900","1900","0900","1900","0900","1900","0900","1330","0900","C2802280","517","54","11314","35.1750527544506","128.562598779575"
"전북특별자치도 익산시 선화로3길 16-10 (모현동1가)","선한약국","063-855-7713","1830","0830","1830","0830","1830","0830","1830","0830","1830","0830","1430","0830","C2501159","546","54","11315","35.95001036514545","126.93890084627506"
"전북특별자치도 군산시 월명로 307, 1층 102호 (수송동)","수송초교 근처군산중앙의원1층","선한약국","063-463-7713","1800","0900","1800","0900","1230","0900","1800","0900","1800","0900","1230","0900","C2500241","540","81","11316","35.97155244827969","126.7153892772202"
"경기도 수원시 권선구 금호로 20-1, 1층 (호매실동)","선한약국","031-296-5046","2030","0900","2030","0900","2030","0900","2030","0900","2030","0900","1500","0900","C2101287","163","99","11317","37.26885587829232","126.95442929542923"
"경기도 하남시 신평로 53, 1층 (신장동)","신장4거리햇살병원옆","선한약국","031-792-0085","1800","0900","1800","0900","1800","0900","1800","0900","1900","0900","1300","0900","C2100542","129","68","11318","37.538577777777775","127.204586111111112"
"서울특별시 성북구 길음로 20, 길음뉴타운,래미안길음3차아파트 상가 514호, 515호 (길음동)","길음역 7번출구/길음뉴타운상가동 514-515호","선한약국","02-913-9270","1800","0900","1800","0900","1800","0900","1800","0900","1800","0900","1300","0900","C1101953","027","25","11319","37.6047542475415","127.023040195601"
"대구광역시 달서구 조암남로32길 30 (대천동)","선한약국","053-642-9995","1800","0900","C1301694","427","59","11320","35.8186561671518","128.515699767037"
"경기도 용인시 처인구 금령로 32 (김량장동)","선한약국","031-335-7008","1800","1000","1800","1000","1800","1000","1800","1000","1800","1000","C2108461","170","49","11321","37.234723851073","127.199762307092"
"경기도 부천시 부천로 364, (도당동)","도당동주민센타입구","선한약국","032-676-5381","2100","0900","2100","0900","2100","0900","2100","0900","2100","0900","1900","0900","2100","0930","C2100459","144","80","11322","37.516468971633564","126.78493561222551"
"광주광역시 북구 서하로194번길 6, 7701동 110호 (오치동, 오치 영구임대아파트)","선한약국","062-222-0975","2000","1000","2000","1000","2000","1000","2000","1000","2000","1000","2000","1000","C1501370","611","19","11323","35.1854401013688","126.900977205347"
"서울특별시 성북구 돌곶이로 67 (석관동)","들곶이역 7번출구","선화약국","02-960-1614","2000","0900","2000","0900","2000","0900","2000","0900","2000","0900","1900","0900","C1102228","027","87","11324","37.6097011096249","127.058003244255"
"경상북도 경산시 진량읍 봉황길 23","선화약국","053-854-0010","1900","0900","1900","0900","1900","0900","1900","0900","1900","0900","1300","0900","C2700500","384","50","11325","35.88461645082956","128.82060430804069"
"부산광역시 부산진구 서전로10번길 60, (부전동)","쥬디스태화 신관 정문 앞 / 1,2호선 서면역 2번 출구","선화약국","051-802-6428","2200","0830","2200","0830","2200","0830","2200","0830","2200","0830","2200","0830","2000","1400","2200","1200","C1200902","472","95","11326","35.155234896084465","129.05976380334138"
"서울특별시 중랑구 망우로 441, (망우동)","망우사거리","선화약국","02-434-8784","1900","0900","1900","0900","1900","0900","1900","0900","1900","0900","1600","0900","C1101116","020","59","11327","37.6002506665839","127.101009995654"
"경기도 성남시 분당구 판교로 477, 정우스토아 102호 (야탑동)","선화약국","031-705-9766","2100","0900","2100","0900","2100","0900","2100","0900","2100","0900","2100","0900","2100","0900","C2108800","135","21","11328","37.4057389168504","127.126926411379"
"서울특별시 영등포구 도신로58길 17 (신길동)","개인사정으로 운영시간은 변경될 수 있으므로 확인 후 방문요청드립니다.","영신초등학교 인근","선화온누리약국","02-833-7998","2100","1000","2100","1000","2100","1000","2100","1000","2100","1000","2100","1000","2100","1300","2100","1200","C1104581","073","49","11329","37.5104746671476","126.917041704173"
"대전광역시 중구 대종로 608 (선화동)","선화참사랑약국","042-525-9383","1900","0900","2000","0900","1900","0900","2000","0900","1900","0900","1400","0900","C1601395","348","29","11330","36.3359359229465","127.417368115348"
"대전광역시 중구 대종로594번길 51, 302동 119호 (선화동, 하늘채스카이앤1차)","선화호랑이약국","042-223-8532","2000","0900","2000","0900","2000","0900","2000","0900","2000","0900","1800","1000","1400","1000","1400","1000","C1601419","348","29","11331","36.3365042066403","127.419478191021"
"전라남도 곡성군 옥과면 대학로 159","옥과 박치과 의원 옆","설산약국","061-363-3151","1730","0800","1730","0800","1730","0800","1730","0800","1730","0800","1300","0800","C2600713","575","03","11332","35.27665836287793","127.13677750068422"
"경기도 이천시 설성면 설장로 10","설성면소재지(경남중.고건너편100M)","설성약국","031-642-2123","1530","0900","1900","0900","1900","0900","1900","0900","1900","0900","2000","0800","2110","0900","C2101870","174","11","11333","37.13271812519154","127.51991368362863"
"서울특별시 강서구 마곡중앙6로 65, 지투프라자 1층 101호 (마곡동)","설아약국","070-4833-3204","2100","1000","2100","1000","2100","1000","2100","1000","2100","1000","1800","1000","C1109648","078","03","11334","37.5604252748897","126.834719405616"
"경기도 가평군 설악면 미사리로540번길 51","매월 둘째, 넷째주 수요일은 휴무이오니 이용에 참고하시기 바랍니다","가평휴게소(춘천방향) 내 위치","설악약국","070-5079-7652","1950","0750","1950","0750","1950","0750","1950","0750","1950","0750","1900","0700","1900","0700","1950","0750","C2107676","124","62","11335","37.701940437","127.5468055907"
"충청북도 충주시 봉계1길 64, (칠금동)","일요일 한달에 두번근무","주변의료기관:김내과 연세이비인후과","충주고속버스터미널맞은편","설약국","043-844-6688","2030","0830","2030","0830","2030","0830","1930","0830","2030","0830","1700","0830","1700","0830","1700","0830","C2300333","273","61","11336","36.98197593403623","127.91637176110146"
"경기도 안양시 만안구 만안로 244, 2층 1호 (안양동, 안양민자역사)","설약국","031-443-0901","1800","0900","1800","0900","1800","0900","1800","0900","1800","0900","C2106894","139","92","11337","37.4029737661","126.922181836"
"전북특별자치도 전주시 완산구 백제대로 248 (중화산동2가)","설약국","063-221-7240","1830","0900","1830","0900","1830","0900","1830","0900","1830","0900","1300","0900","C2501229","549","85","11338","35.8158779389","127.1234618856"
"서울특별시 동작구 노량진로 124, 1층 (노량진동)","노량진역 6번출구 바로앞","설약국","02-825-8272","2300","0900","2300","0900","2300","0900","2300","0900","2300","0900","2200","1000","2200","1000","2200","1000","C1108714","069","28","11339","37.5132730094169","126.939619133262"
"서울특별시 관악구 남부순환로 1805, 1층 (봉천동)","설약국","02-883-7701","2000","0900","2000","0900","2000","0900","2000","0900","2000","0900","1430","0900","1430","0900","C1109988","087","58","11340","37.4817774984599","126.950844987451"
"서울특별시 성동구 마조로1길 39(행당동)","공휴일은 전화하고 방문요망","왕십리역 6번출구 바로앞","설약국","02-2294-8274","2300","1100","2300","1100","2300","1100","2300","1100","2300","1100","2300","1100","2300","1100","2300","1100","C1109326","047","60","11341","37.5609489015845","127.03923488132"
"경기도 의정부시 용현로 158 (민락동)","설약국","031-851-2474","2100","0900","2100","0900","2100","0900","2100","0900","2100","0900","1500","0900","1300","0900","C2102657","118","08","11342","37.740430996565365","127.09341495675664"
"서울특별시 동대문구 전농로 134 (전농동)","전농동 사거리","설파약국","02-2245-4501","1800","0900","1800","0900","1800","0900","1800","0900","1800","0900","1400","0900","1400","1000","C1101192","025","31","11343","37.5768510443127","127.057996432568"
"대구광역시 달성군 화원읍 비슬로 2463, 102호","대구 달성군 화원읍에 위치한 설화약국입니다. 화원365약국, 설화명곡역, 달성군365약국, 옥포365약국, 논공365약국","설화약국","053-635-5800","2100","0830","2100","0830","2100","0830","2100","0830","2100","0830","2100","0830","2100","0930","2100","0930","C1301795","429","45","11344","35.7981235641154","128.48786973374"
"인천광역시 옹진군 영흥면 선재로116번길 6, 1층","섬약국","0328888808","1630","0800","1630","0800","1630","0800","1630","0800","1630","0800","1630","0800","1630","0800","1630","0800","C1401511","231","23","11345","37.23905630787018","126.53024654445511"
"전라남도 구례군 구례읍 로터리길 20","구례병원 앞에서 읍내로 이전","섬지약국","061-782-3382","1200","0900","1200","0900","1200","0900","1200","0900","1200","0900","1300","0900","C2600286","576","42","11346","35.2088591887","127.4666318157"
"경상남도 하동군 하동읍 중앙로 20,","장날인 일요일은 정상 운영(08:00~13:00)","하동시외터미널 부근","섬진강약국","055-884-1655","1900","0800","1900","0800","1900","0800","1900","0800","1900","0800","1400","0800","1300","0800","C2800179","523","25","11347","35.070451744734164","127.75035893545652"
"인천광역시 부평구 장제로76번길 8, 103호 (부평동, 원일팰리스)","부평동 원일팰리스 103호","섬초약국","070-8870-1602","1900","0830","1900","0830","1900","0830","1900","0830","1900","0830","1330","0830","C1401656","213","99","11348","37.4920688997","126.7304638207"
"경기도 부천시 부일로571번길 37-5, 1층 (소사동)","부천성모병원 정문쪽","성가메디칼약국","032-341-4054","1400","0900","1400","0900","1400","0900","1400","0900","1400","0900","C2100276","146","47","11349","37.48583530512805","126.79174196184249"
"충청북도 청주시 흥덕구 가경로 9-2, 1층 (가경동)","성가약국","043-237-3883","1900","0900","1900","0900","1900","0900","1900","0900","1900","0900","1400","0900","C2300308","284","13","11350","36.61698668588756","127.44349203710806"
"경기도 부천시 부천로245번길 40 (도당동)","춘의사거리 웅인아파트 앞","성가약국","032-676-3200","2200","0900","2200","0900","2200","0900","2200","0900","2200","0900","2200","0900","C2100336","145","25","11351","37.505950156537885","126.78416279251499"
"충청북도 증평군 증평읍 광장로 91, 성가약국","증평군청사거리","성가약국","043-836-2405","2400","0900","2400","0900","2400","0900","2400","0900","2400","0900","2400","0900","2400","0900","2400","0900","C2300477","279","26","11352","36.78548999125374","127.58277543771732"
"서울특별시 도봉구 도당로 133 (방학동)","방학역 인근/도봉제일의원 1층","성가온누리약국","02-6080-6424","2000","0910","2000","0910","2000","0910","2000","0910","2000","0910","1500","0900","C1102230","013","51","11353","37.6674486336944","127.041097340025"
"경기도 부천시 부일로571번길 59, (소사동)","성가병원 정문앞","성가정문약국","032-351-4750","1900","0830","1900","0830","1900","0830","1900","0830","1900","0830","1400","0830","C2100244","146","47","11354","37.486166475157745","126.79151490540889"
"경상남도 창원시 마산합포구 월영남로 42 (월영동)","경남은행 부근","성가정약국","055-221-7119","1830","0900","1830","0900","1830","0900","1830","0900","1830","0900","C2800526","517","71","11355","35.17482327647065","128.55865381853528"
"충청남도 천안시 서북구 성거읍 성거길 102","삼일아파트 맞은편","성거약국","041-557-6284","2030","0900","2100","0900","2100","0900","2030","0900","2100","0900","1900","0900","C2400142","310","44","11356","36.87453687481848","127.2021665767148"
"부산광역시 금정구 금사로 118, 1층 (금사동)","버스정류장: 서1동 새마을금고","성경약국","051-532-2377","1830","0830","1830","0830","1830","0830","1830","0830","1830","0830","1300","0830","C1201338","463","30","11357","35.222738451275184","129.11375221918726"
"서울특별시 중랑구 망우로 478 (망우동)","성경온누리약국","02-432-6443","1800","0900","1800","0900","1800","0900","1800","0900","1800","0900","1300","0900","C1103678","021","78","11358","37.600365610451","127.105263041953"
"전라남도 영암군 삼호읍 신항로 63-5,","현대 삼호2차아파트 상가, 외환은행 옆","성골롬반약국","061-461-1439","2000","0800","2000","0800","2000","0800","2000","0800","2000","0800","1830","0800","C2600683","584","62","11359","34.74476481145819","126.38073267681614"
"인천광역시 미추홀구 독배로 422, 1층 (용현동)","미추홀구 용현동 용현시장 입구에 있는 약국입니다. 근처에 김이비인후과 용현제일의원이 있습니다.","용현시장입구","성광코끼리약국","032-881-0983","2000","0900","2000","0900","2000","0900","2000","0900","2000","0900","1800","0900","C1400940","402","021","11360","37.4573849156499","126.64982069703022"
"경상남도 창원시 마산회원구 구암남2길 3, 1층 (구암동)","성균관약국","055-299-2316","1830","0830","1830","0830","1830","0830","1830","0830","1830","0830","1330","0830","C2802182","513","54","11361","35.2432203797265","128.590818570276"
"서울특별시 강남구 일원로 49, 1층 (일원동)","삼성서울병원 인근","성균관약국","02-451-4578","1830","0830","1830","0830","1830","0830","1830","0830","1830","0830","1300","0850","C1108174","063","43","11362","37.4896135170541","127.081637470451"
"경기도 수원시 장안구 서부로 2107, (율전동)","* 공공심야약국(22시~익일 새벽 1시까지)","성균관대역5분거리","성균관약국","031-292-7300","2500","2200","2500","2200","2500","2200","2500","2200","2500","2200","2500","2200","2500","2200","2500","2200","C2100657","163","62","11363","37.29690122194967","126.97012556760515"
"경기도 성남시 수정구 고등로5길 10, 1층 일부, 5층 (고등동)","성남 메가팩토리약국","031-757-7795","1800","0900","1800","0900","1800","0900","1800","0900","1800","0900","1300","0900","C2110066","131","05","11364","37.4305612800926","127.101840554728"
"경기도 성남시 수정구 수정로 179-1, 1층 (태평동)","성남메디칼약국","031-753-2734","1930","0900","1930","0900","1930","0900","1930","0900","1930","0900","1500","0900","C2101091","132","90","11365","37.44358140336875","127.13981838095941"
"경기도 성남시 수정구 산성대로 439, 102호 (단대동)","성남미래약국","031-735-5575","1900","0830","1900","0830","1900","0830","1900","0830","1900","0830","1430","0830","C2107482","131","44","11366","37.4512478543","127.1592668746"
"경기도 성남시 중원구 산성대로372번길 18, 대촌빌딩 1층 (금광동)","성남봄날약국","031-8023-9218","1800","0900","1800","0900","1800","0900","1800","0900","1800","0900","1300","0900","C2109607","131","80","11367","37.4447000802856","127.158947990444"
"경기도 성남시 수정구 제일로 153 (수진동)","성남수진중앙약국","031-759-8583","1930","0900","1930","0900","1930","0900","1930","0900","1930","0900","C2104150","133","16","11368","37.440224326681715","127.13189762784034"
"경기도 성남시 중원구 산성대로 526, 2층 2호 (은행동, 은행시장 )","성남스마일약국","031-734-9810","1900","0900","1900","0900","1900","0900","1900","0900","1900","0900","1500","0900","C2106591","131","57","11369","37.45758383385694","127.16448400896587"
"대전광역시 동구 계족로 362, 성남약국 1층 (성남동)","성남약국","042-672-2957","1900","0900","1900","0900","1900","0900","1900","0900","1900","0900","1300","0900","C1601311","345","90","11370","36.3444243564852","127.434066050389"
"경기도 성남시 중원구 산성대로 352, 1층 (중앙동)","성남약국","031-747-6188","1900","0900","1900","0900","1900","0900","1900","0900","1900","0900","1400","0900","C2101962","132","49","11371","37.443741909208235","127.15558058849726"
"전라남도 목포시 용당로 197 (용당동)","용당광장 교차로 목포수협 옆","성남약국","061-276-5928","2100","0800","2100","0800","2100","0800","2100","0800","2100","0800","2100","0800","2000","0900","C2600412","587","06","11372","34.804640517565225","126.39840685023266"
"울산광역시 중구 학성로 62, (성남동)","울산시중구성남프라자버스정류장옆","성남약국","052-243-7697","1900","0900","1900","0900","1900","0900","1900","0900","1900","0900","1800","0900","C1700122","445","32","11373","35.554250000000003","129.317980555555550"
"경기도 성남시 수정구 수정로 115 (태평동)","성남온누리약국","031-721-1547","2100","0900","2100","0900","2100","0900","2100","0900","2100","0900","1900","0900","C2103779","133","05","11374","37.4414665422204","127.13296835728595"
"경기도 성남시 수정구 시민로205번길 30, 1층 (태평동)","연중무휴","성남으뜸약국","031-759-4567","1900","0830","1900","0830","1900","0830","1900","0830","1900","0830","1900","0900","1900","0900","1900","0900","C2108340","132","89","11375","37.4453838171743","127.1383491168"
"경기도 성남시 수정구 수정로 175, 동일빌딩 1층 (태평동)","공공심야약국 새벽1시까지 / 365일 연중무휴 월~토: 오전9시~새벽1시 / 일요일: 오후10시(22시)~새벽1시 [설연휴 근무시간] 1월28일(화): 13시~새벽1시 / 1월29일(수): 13시~새벽1시 / 1월30일(목): 13시~새벽1시 / 1월31일(금): 9시~새벽1시 [기타 공휴일] 삼일절,어린이날,석가탄신일,현충일,광복절,개천절,한글날: 11시~새벽1시","공공심야약국 365일 연중무휴(새벽1시까지 운영)/ 대형/야간약국, 코로나치료제(팍스로비드,라게브리오), 코로나진단키트, 삭센다, 성남시의료원약국, 휴베이스약국, 참약사약국, 동물약국, 대한약사회 맞춤영양제 소분약국, 천연비타민, 셀메드, 마이타민, 셀로맥스, 셀티아이, 듀오락, 엘포비(L4B)","성남참조은약국","031-609-1113","2500","0900","2500","0900","2500","0900","2500","0900","2500","0900","2500","0900","2500","2200","2500","1100","C2108354","132","90","11376","37.4434432386114","127.1392483355"
"경기도 성남시 수정구 수정로171번길 7-1, 우일프라자 2층 일부호 (태평동)","성남햇살약국","031-0000-0000","1800","0900","1800","0900","1800","0900","1800","0900","1800","0900","1300","0900","C2109507","132","92","11377","37.4436026251229","127.138406972632"
"인천광역시 서구 탁옥로 55, SM스카이빌 (심곡동)","성누가약국","032-565-5250","1900","0900","1900","0900","2030","0900","1900","0900","1900","0900","1600","0900","1300","0900","C1401677","227","26","11378","37.5441283435","126.6758349621"
"대구광역시 달서구 당산로 39, 성당 래미안 이편한세상 상가 205호 (본리동)","성당대성약국","053-521-7397","1900","0900","1900","0900","1900","0900","1900","0900","1900","0900","1600","0900","C1300795","426","75","11379","35.8408408647718","128.54442127564073"
"대구광역시 달서구 장기로 140, 1층 (성당동)","성당수약국","053-657-8050","1830","0830","1830","0830","1830","0830","1830","0830","1830","0830","1300","0830","C1301683","426","57","11380","35.8437322732717","128.545171155096"
"서울특별시 종로구 수표로 115, 1층 (낙원동)","조로3가역 5번출구/탑골공원 근처","성당약국","02-765-4342","2000","1000","2000","1000","2000","1000","2000","1000","2000","1000","2000","1000","C1104551","031","40","11381","37.5715425171338","126.989053894726"
"대구광역시 달서구 두류공원로28길 40","성당종합약국","053-656-5927","1800","0900","1800","0900","1800","0900","1800","0900","1800","0900","1400","0900","C1300800","426","70","11382","35.84844224393841","128.56842765982964"
"전라남도 순천시 팔마로 130-1, (조곡동)","전남순천시조곡동160-8","성대약국","061-744-3046","2000","0800","2000","0800","2000","0800","2000","0800","2000","0800","2000","0800","C2600009","579","63","11383","34.94514006806008","127.50245727329988"
"서울특별시 동작구 성대로 11 (상도동)","성대시장입구","성대약국","02-821-1519","2130","0900","2130","0900","2130","0900","2130","0900","2130","0900","2100","0900","2000","0900","C1101225","069","59","11384","37.5000251382095","126.93256034282"
"서울특별시 동작구 상도로 92, 성대메디컬 1층 (상도동)","성대천사약국","02-3280-8572","1900","0900","1900","0900","1900","0900","1900","0900","1900","0900","1400","0900","C1110441","070","41","11385","37.4996870456187","126.930939966586"
"서울특별시 강동구 구천면로 372, (천호동)","성덕약국","02-487-5503","1900","0900","1900","0900","1900","0900","1900","0900","1900","0900","1300","0900","C1102231","053","05","11386","37.5504833114959","127.139907134007"
"울산광역시 남구 삼산로 74, (달동)","둘째 수요일, 넷째 일요일 휴무(마트휴무일 휴무)","달동롯데마트내1층","성도약국","052-275-1122","2100","1000","2100","1000","2100","1000","2100","1000","2100","1000","2100","1000","2100","1000","2100","1000","C1700352","447","22","11387","35.5339705949988","129.31580620615372"
"서울특별시 용산구 회나무로 25 (이태원동)","성도약국","02-793-9991","2000","0900","2000","0900","2000","0900","2000","0900","2000","0900","1900","0900","1800","1000","1800","1000","C1101226","043","44","11388","37.5395497622811","126.989596485182"
"경기도 여주시 세종로 369 (점봉동)","토요일, 공휴일 방문 전 전화확인 필수","성도약국","031-884-2878","2030","0900","2030","0900","2030","0900","2030","0900","2030","0900","1800","0900","2000","0900","C2102147","126","53","11389","37.256678969437445","127.64733912260738"
"대구광역시 동구 율하동로23길 21-1","유동적으로 운영 공휴일도 유동적임","성도약국","053-962-0937","2030","0900","2030","0900","2030","0900","2030","0900","2030","0900","2030","0900","C1300607","411","20","11390","35.86996053318903","128.69976718624258"
"서울특별시 광진구 자양번영로 11","성동약국","02-452-1809","2100","0900","2100","0900","2100","0900","2100","0900","2100","0900","2000","0900","C1100845","050","93","11391","37.5307022695848","127.074723920238"
"서울특별시 성동구 난계로 36, 1층 (금호동1가, 제일의원)","평일 점심시간 12:30~14:00","성동온누리약국","02-2295-8810","1830","0930","1830","0930","1830","0930","1830","0930","1830","0930","1330","0930","C1107772","047","18","11392","37.5554096657472","127.024967501459"
"서울특별시 관악구 쑥고개로 86 (봉천동)","서울대입구아이원아파트 입구","성락약국","02-889-8275","1900","0900","1900","0900","1900","0900","2100","0900","1900","0900","1600","0900","C1103996","088","31","11393","37.4791573451475","126.946051566679"
"경기도 안성시 일죽면 금일로 465-8","안성시일죽면송천리18-24","성림약국","031-672-5328","2100","0840","2100","0840","2100","0840","2100","0840","2100","0840","1730","0900","1730","0900","2100","0840","C2101510","175","29","11394","37.09309556005097","127.47826953170612"
"경기도 구리시 동구릉로 69 (인창동)","성림약국","031-554-6743","1900","0900","1900","0900","1900","0900","1900","0900","1900","0900","1300","0830","1300","0900","C2102915","119","19","11395","37.606278917176866","127.13400979925511"
"전북특별자치도 정읍시 남북로 34, 성림프라자 205호 (수성동)","성림프라자2층","성림약국","063-532-6005","1900","0840","1900","0840","1900","0840","1900","0840","1900","0840","1500","0840","1800","1350","1300","0840","C2500008","561","63","11396","35.5682459649","126.850969555"
"경상남도 사천시 각산로 82 (서동, 현비디오)","우체국사거리","성명미보약국","055-832-7963","1800","0830","1800","0830","1800","0830","1800","0830","1800","0830","1500","0830","C2800688","525","56","11397","34.93034399878562","128.06546175070218"
"인천광역시 계양구 장제로1009번길 2, (박촌동)","박촌역 4번 출구전방 100m 성모내과(5층건물) 1층","성모당약국","032-515-3838","2200","0900","2200","0900","2200","0900","2200","0900","2200","0900","2000","0900","1200","0900","1600","0900","C1400706","210","21","11398","37.555838639729686","126.74533621443332"
"경기도 의정부시 금오로 121-9, 1층 (금오동)","성모대학온누리약국","031-840-7575","1800","0830","1800","0830","1800","0830","1800","0830","1800","0830","1300","0830","C2102745","117","65","11399","37.757775000000002","127.078233333333330"
"경기도 남양주시 수동면 비룡로 716","운수우체국옆","성모메디칼약국","031-593-8545","2000","0830","2000","0830","2000","0830","2000","0830","2000","0830","1800","0830","C2103011","120","31","11400","37.70281273411886","127.32709046427647"
"부산광역시 남구 용호로232번길 25-5, (용호동)","버스정류장: 부산성모병원후문","성모메디칼약국","051-628-7004","1800","0830","1800","0830","1800","0830","1800","0830","1800","0830","1300","0830","C1200621","485","74","11401","35.11111271801051","129.10974630286915"
"인천광역시 부평구 동수로 49-2 (부평동)","일요일 운영 유동적이므로 방문 전 확인 필수","가톨릭대학교인천성모병원앞","성모메디칼약국","032-518-8276","2200","0900","2200","0900","2200","0900","2200","0900","2200","0900","2200","0900","C1400272","214","24","11402","37.485394408947435","126.72428721293383"
"서울특별시 영등포구 영중로 45, 지하1층 101호 (영등포동6가)","성모메디컬약국","02-2678-1670","2000","0900","2000","0900","2000","0900","2000","0900","2000","0900","1600","0900","1600","0900","C1108264","072","51","11403","37.5204605301046","126.904457084497"
"대전광역시 중구 테미로 51-22 (대흥동)","성모사랑약국","042-252-5122","1730","0830","1730","0830","1730","0830","1730","0830","1730","0830","1230","0830","C1601049","349","42","11404","36.322951646319595","127.4213068717561"
"인천광역시 서구 심곡로100번길 15 (심곡동)","국제성모병원 정문 인근","성모사랑약국","032-565-2933","1300","0830","1300","0830","1300","0830","1300","0830","1300","0830","1300","0830","C1400903","227","11","11405","37.54201300341","126.682674803281"
"인천광역시 부평구 동수로 61, 공익스포렉스빌딩 113,115~119호 (부평동)","- 신규기관으로 운영시간 및 전화번호 확인 필요","인천성모병원 스타벅스 맞은편 노란색 약국(구 오가약국자리)","성모사랑약국","032-212-6993","1800","0830","1800","0830","1800","0830","1800","0830","1800","0830","C1402187","214","25","11406","37.485591916614","126.725409001374"
"경기도 평택시 경기대로 269 (비전동, 103호)","성모약국","031-618-3020","1900","0900","1900","0900","1900","0900","1900","0900","1900","0900","1700","0900","C2103260","178","85","11407","36.9946933259","127.1129750648"
"서울특별시 마포구 백범로 127","대흥역 2번출구에서 공덕역 방향","성모약국","02-713-7854","1800","0830","1800","0830","1800","0830","1300","0830","1800","0830","1300","0830","C1101089","041","38","11408","37.5465535265699","126.94545635884"
"서울특별시 강남구 개포로 516, 101호 (개포동)","개포주공6단지상가 101호","성모약국","02-3412-1336","1800","0730","1800","0730","1800","0730","1800","0730","1800","0730","1600","0730","C1102225","063","30","11409","37.4891406792843","127.070871480537"
"서울특별시 강서구 화곡로 313 (화곡동)","우장공원입구 교차로","성모약국","02-2601-5300","1900","0900","1900","0900","1900","0900","1900","0900","1900","0900","1400","0900","C1101093","076","86","11410","37.5522837108672","126.849702897388"
"서울특별시 성동구 뚝섬로 388 (성수동2가, 성수메디칼)","휴게시간 19:00:`19:30","성수동이마트 맞은편","성모약국","02-6014-9641","1830","0900","1830","0900","1810","0900","1830","0900","1830","0900","1400","0900","1200","0900","1200","0900","C1101088","047","75","11411","37.5390105790565","127.053669957873"
"서울특별시 동대문구 왕산로 193, 1층 102호 (청량리동)","평일 휴게시간 13:10~13:50","성모약국","02-960-7784","1900","0900","1900","0900","1800","0900","1900","0900","1900","0900","1500","0900","C1109479","025","73","11412","37.5802253472646","127.044533186272"
"부산광역시 동래구 충렬대로107번길 54","버스정류장: 온천2동럭키아파트상가","성모약국","051-558-4265","1800","0830","1800","0830","1800","0830","1800","0830","1800","0830","1300","0830","C1200080","477","32","11413","35.20888553321324","129.07333025744646"
"대구광역시 남구 두류공원로17길 39, 101호 (대명동, 금오맨션)","칠곡경북대학교병원 근처","성모약국","053-312-0036","1800","0900","1800","0900","1800","0900","1800","0900","1800","0900","1300","0900","C1301065","424","71","11414","35.84448641348542","128.56799984189845"
"충청북도 충주시 중앙로 71 (충의동)","성모약국","043-856-2200","1800","0830","1800","0830","1800","0830","1800","0830","1800","0830","1300","0900","C2300286","273","86","11415","36.972978814153485","127.93126356299993"
"충청남도 부여군 은산면 충의로 670","은산사거리","성모약국","041-834-1844","1900","0830","1900","0830","1900","0830","1900","0830","1900","0830","1900","0830","1800","0900","C2400566","331","13","11416","36.30877904695649","126.85318395149434"
"경기도 수원시 장안구 파장로 37","파장동북수원농협앞그린맨션건너편","성모약국","031-245-4264","2000","0830","2000","0830","2000","0830","2000","0830","2000","0830","1600","0830","1830","0830","C2101545","163","51","11417","37.305183013715556","126.99633746550464"
"전라남도 나주시 남평읍 남평1로 28","농협 앞.","성모약국","061-333-8773","2030","0830","2030","0830","2030","0830","2030","0830","2030","0830","1900","0830","1200","0900","C2600461","582","27","11418","35.04677424808698","126.84065843855481"
"경상남도 창녕군 영산면 영산계성로 59","영산사거리 부근","성모약국","055-521-0107","1800","0900","1800","0900","1800","0900","1800","0900","1800","0900","1300","0900","C2800321","503","42","11419","35.456729759944004","128.52665386829517"
"경상북도 상주시 왕산로 192 (성하동)","성모약국","054-535-2111","1830","0730","1830","0730","1830","0730","1830","0730","1830","0730","1830","0730","1830","0730","C2700181","371","94","11420","36.41410376179334","128.16292808675723"
"대전광역시 동구 동대전로 200, (자양동)","성모약국","042-672-9707","1900","0900","1900","0900","1900","0900","1900","0900","1900","0900","1300","0900","C1600113","345","14","11421","36.33938141462211","127.4491487051089"
"경상북도 문경시 신흥3길 3 (흥덕동)","성모약국","054-553-7060","1800","0830","1800","0830","1800","0830","1800","0830","1800","0830","1300","0830","C2700399","369","67","11422","36.60096521655899","128.20324133766405"
"전라남도 순천시 해룡면 순광로 220","1년365일오전08시부터오후24시까지개문합니다(둘째,넷째 일요일은 가변적","순천성가롤로병원맞은편","성모약국","061-724-5707","2230","0830","2230","0830","2230","0830","2230","0830","2230","0830","2230","0830","2230","1700","2230","1700","C2600293","579","72","11423","34.96309561926621","127.54269971257898"
"전라남도 목포시 번화로 39-1 (중앙동1가)","성모약국","061-243-3614","1300","0830","1300","0830","1300","0830","1300","0830","1300","0830","1300","0830","C2600484","587","53","11424","34.78644057393522","126.38384056245286"
"세종특별자치시 조치원읍 조치원2길 5","조치원읍 원리","성모약국","044-862-2900","1830","0830","1830","0830","1830","0830","1830","0830","1830","0830","1300","0830","C1800044","339","883","11425","36.60100484576186","127.29760736068481"
"대구광역시 수성구 수성로 296","대구수성구수성2가동성초등학교정문앞","성모약국","053-764-3493","1830","0900","1830","0900","1830","0900","1830","0900","1830","0900","1330","0900","C1300460","421","33","11426","35.85188537393902","128.6135943720578"
"인천광역시 남동구 남동대로 875, 세화빌딩 (간석동)","올리브백화점 건너편","성모약국","032-427-7650","2100","0900","2100","0900","2100","0900","2100","0900","2100","0900","2000","0900","1400","0900","C1400130","215","50","11427","37.46066350484481","126.70813337153971"
"경상북도 영주시 구성로 340, 1층 (영주동)","영주시신호등오거리","성모약국","054-631-2717","1900","0810","1900","0810","1900","0810","1900","0810","1900","0810","1400","0830","1400","0830","C2700326","360","96","11428","36.822517637629865","128.6241945197786"
"전북특별자치도 정읍시 중앙로 10, (연지동)","정읍역앞사거리","성모약국","063-535-2384","1900","0830","1900","0830","1900","0830","1900","0830","1900","0830","1800","0830","C2500421","561","58","11429","35.57483593280359","126.84431664410395"
"충청남도 서산시 고운로 219 (동문동)","당진목사거리","성모약국","041-669-4948","2030","0830","2030","0830","2030","0830","2030","0830","2030","0830","1800","0830","C2400356","319","77","11430","36.783761449905235","126.45947626422014"
"경상남도 함안군 가야읍 남경길 32","토요일은 오일장날만 운영","함안버스터미널 맞은편","성모약국","055-583-7585","1730","0830","1730","0830","1730","0830","1730","0830","1730","0830","1300","0830","C2800913","520","40","11431","35.27872028079272","128.40960122099048"
"충청남도 천안시 서북구 충무로 167 (쌍용동)","이마트 맞은편 맥도날드 건너편","성모약국","041-579-5507","1800","0830","1800","0830","1800","0830","1800","0830","1800","0830","1300","0830","1300","0830","C2400085","311","74","11432","36.79422360455052","127.12568275416433"
"대전광역시 유성구 봉산로 22","송강프라자사거리","성모약국","042-934-7202","1830","0900","1830","0900","1830","0900","1830","0900","1830","0900","1230","0900","C1600391","340","07","11433","36.43560110442366","127.38731719589494"
"경기도 안성시 중앙로400번길 34, 1층 (서인동)","안성성모병원앞","성모약국","031-675-9200","2200","0800","2200","0800","2200","0800","2200","0800","2200","0800","2200","0800","2200","0800","2200","0800","C2100688","175","92","11434","37.006223299390555","127.27124020907223"
"인천광역시 부평구 안남로 5, 1층 (부평동)","인천지하철 동수역 3번출구","성모약국","032-503-9772","1900","0900","1900","0900","1900","0900","1900","0900","1900","0900","1300","0900","C1400493","214","10","11435","37.4852944057","126.717046743"
"대전광역시 서구 계백로 1442, 1층 (도마동)","대일의류도매백화점맞은편","성모약국","042-585-7898","1830","0900","1830","0900","1830","0900","1830","0900","1830","0900","1500","0900","C1600263","354","02","11436","36.31367124774022","127.38216822360601"
"서울특별시 동작구 상도로 247, 1층 (상도동)","성모약국","02-815-8342","1930","0830","1930","0830","1930","0830","1930","0830","1930","0830","1800","1000","C1107879","069","21","11437","37.5050659018089","126.946257427011"
"경기도 의정부시 신흥로 251, 1층 (의정부동, 구성타워빌딩)","동물약품, 한약 취급합니다.","의정부역앞 서부광장 사거리","성모약국","031-873-2626","2100","0900","2100","0900","2100","0900","2100","0900","2100","0900","2100","0900","2100","0900","2100","0900","C2102598","116","74","11438","37.73857628361016","127.04288471183794"
"경기도 성남시 중원구 박석로33번길 11, (상대원동)","성모약국","031-734-3065","2100","0900","2100","0900","2100","0900","2100","0900","2100","0900","1700","0900","C2102035","132","21","11439","37.435800761166924","127.16460357600662"
"경기도 양주시 독바위로 5, 1층 일부 (덕정동)","성모약국","031-858-5136","2000","0900","2000","0900","2000","0900","2000","0900","2000","0900","1530","0900","C2102679","114","51","11440","37.84103129806775","127.0629513781319"
"경기도 광주시 태봉로21번길 12-1 (태전동)","성모약국","031-761-9970","1830","0830","1830","0830","1830","0830","1830","0830","1830","0830","1500","0830","C2101193","127","86","11441","37.39057477823063","127.23142144491104"
"경상북도 경산시 중앙로 19 (사정동)","성모약국","053-812-4005","1900","0830","1900","0830","1900","0830","1900","0830","1900","0830","1300","0830","1300","0830","C2700501","386","77","11442","35.82068375984596","128.7298574597446"
"경상북도 포항시 남구 중앙로 124 (해도동)","성모약국","054-282-2255","1830","0900","1830","0900","1830","0900","1830","0900","1830","0900","1300","0900","C2701519","377","89","11443","36.024238482284844","129.36850629407252"
"광주광역시 북구 중가로 28, 1층 (유동)","천주의성요한병원 앞","성모약국","062-511-7600","1800","0830","1800","0830","1800","0830","1800","0830","1800","0830","1330","0830","C1500484","612","46","11444","35.15983961721312","126.9032897745808"
"부산광역시 남구 용주로6번길 30, 신국제약국 1층 (용호동)","버스정류장: 부산성모병원","성모약국","051-627-0204","1900","0900","1900","0900","1900","0900","1900","0900","1900","0900","1600","0900","C1200454","485","92","11445","35.111663305121944","129.1111971239184"
"경상남도 진주시 창렬로 163 (상봉동)","성모약국","055-741-8787","1900","0830","1900","0830","1900","0830","1900","0830","1900","0830","1330","0830","C2800664","526","57","11446","35.199408333333331","128.074805555555542"
"충청남도 공주시 웅진로 143, (중동)","중동초등학교앞","성모약국","041-854-1500","1900","0900","1900","0900","1900","0900","1900","0900","1900","0900","1300","0900","C2400192","325","47","11447","36.453146549457784","127.12404030569266"
"서울특별시 영등포구 63로 36, 103, 104호 (여의도동, 리버타워)","성모엔젤약국","050-71494-1523","1900","0830","1900","0830","1900","0830","1900","0830","1900","0830","1400","0830","C1110336","073","45","11448","37.5194206669589","126.938610362668"
"경기도 의정부시 행복로 31, 1층 (의정부동)","성모온누리약국","031-824-6969","2220","0900","2220","0900","2220","0900","2220","0900","2220","0900","C2108150","116","92","11449","37.7414380187125","127.049570030189"
"전라남도 광양시 중마중앙로 15, (중동)","광양아름다운 교회 근처","성모온누리약국","061-795-3200","1900","0830","1900","0830","1900","0830","1900","0830","1900","0830","1400","0830","C2600355","577","94","11450","34.93157942565546","127.69777581373358"
"부산광역시 중구 동영로 6","메니놀병원응급실맞은편","성모온누리약국","051-466-8009","1830","0900","1830","0900","1830","0900","1830","0900","1830","0900","1300","0900","C1200853","489","21","11451","35.10768311709884","129.0332515231014"
"경기도 의정부시 천보로 257, ACT빌딩 1층 (금오동)","성모이화약국","031-843-4300","1800","0900","1800","0900","1800","0900","1800","0900","1800","0900","1330","0900","C2108821","117","55","11452","37.757146883516","127.079588340467"
"서울특별시 은평구 통일로 1034, 1층 129호 (진관동, 은평 스카이뷰 자이)","성모자이약국","02-357-1700","1900","0840","1900","0840","1900","0840","1900","0840","1900","0840","1400","0840","C1108333","033","06","11453","37.6352810682306","126.917656215121"
"부산광역시 남구 용호로 267, 1층 (용호동)","버스정류장: 성모병원 정문","성모정문약국","051-628-6283","2200","0900","2200","0900","2200","0900","2200","0900","2200","0900","2200","0900","2200","0900","2200","0900","C1200652","485","93","11454","35.1084819477915","129.11221127200832"
"서울특별시 은평구 통일로 1030, 은평헤스티아 102호 (진관동)","성모제일약국","02-353-3883","1900","0830","1900","0830","1900","0830","1900","0830","1900","0830","1400","0830","1900","1000","C1108334","033","11","11455","37.6341922549283","126.917695482942"
"경기도 의정부시 금오로 121, (금오동)","성모제일약국","031-821-6587","1800","0830","1800","0830","1800","0830","1800","0830","1800","0830","1400","0830","C2102891","117","65","11456","37.75751163400345","127.07846382064907"
"충청남도 논산시 계백로 1001 (취암동)","버스터미널 맞은편","성모제일약국","041-733-0086","1800","0900","1800","0900","1800","0900","1800","0900","1800","0900","1300","0900","C2401215","329","71","11457","36.20357230958363","127.08793369053835"
"인천광역시 미추홀구 경인로 486 (주안동)","남인천우체국에서150m","성모제일약국","032-575-8584","1900","0900","1900","0900","1900","0900","1900","0900","1900","0900","1800","0900","C1400512","221","45","11458","37.4592764733","126.6937389925"
"경기도 의정부시 천보로 265, 가동 (금오동)","경기도의정부시금오동60-16성모제중약국","성모제중약국","031-842-0400","1900","0900","1900","0900","1900","0900","1900","0900","1900","0900","1300","0900","C2102889","117","65","11459","37.7577562612672","127.07911545894518"
"경기도 의정부시 천보로 277, 1동 (금오동)","성모큰사랑약국","031-846-3102","1830","0800","1830","0800","1830","0800","1830","0800","1830","0800","1300","0800","C2107458","117","65","11460","37.7587971935","127.0786342462"
"경기도 의정부시 금오로 121-7","성모태평양약국","031-844-9500","1800","0830","1800","0830","1800","0830","1800","0830","1800","0830","1300","0900","C2102354","117","65","11461","37.75764802592026","127.07846994946368"
"경기도 의왕시 계원대학로 7, 1층 (내손동, 롯데마트)","마트운영일 휴무","롯데마트의왕점1층정문앞","성모프라자약국","031-425-4774","2200","1000","2200","1000","2200","1000","2200","1000","2200","1000","2300","1000","2300","1000","2200","1000","C2104342","160","36","11462","37.38051239533356","126.9728923756443"
"경기도 화성시 남양읍 남양성지로 113 (남양읍)","성모프라자약국","031-356-8788","2000","0900","2000","0900","2000","0900","2000","0900","2000","0900","1800","0900","C2101569","182","61","11463","37.20776082919951","126.81615642914704"
"대구광역시 수성구 고산로 104-4","성모후문약국","053-791-4109","1800","0900","1800","0900","1800","0900","1800","0900","1800","0900","1300","0900","C1301305","422","74","11464","35.83989679976353","128.70558848079693"
"서울특별시 금천구 한내로 69-15","독산주공아파트 1317동 107호","성문약국","02-893-9098","2000","0900","2000","0900","2000","0900","2000","0900","2000","0900","1800","0900","C1102226","085","97","11465","37.4573874173337","126.886550524689"
"경기도 수원시 장안구 장안로 262, 1층 105호 (정자동)","성문온누리약국","031-268-6870","2000","0900","2000","0900","2000","0900","2000","0900","2000","0900","1700","0900","C2107235","163","37","11466","37.3054898139","126.9920545313"
"인천광역시 서구 길주로75번길 35, 1층 (석남동)","성민병원앞","성민대학약국","032-571-2812","1800","0900","1800","0900","1800","0900","1800","0900","1800","0900","1330","0900","C1400864","227","89","11467","37.50984743643532","126.6704498667938"
"인천광역시 서구 신석로 68 (석남동)","성민메디컬약국","032-577-6245","1800","0900","1800","0900","1800","0900","1800","0900","1800","0900","1300","0900","C1401745","227","89","11468","37.509865672671424","126.6695091182876"
"충청북도 제천시 덕산면 약초로3길 3-1","연세의원 옆/덕산면버스정류장옆","성민약국","043-642-3207","1900","0830","1900","0830","1900","0830","1900","0830","1900","0830","1500","0900","C2300248","272","23","11469","36.909317818692145","128.16596955798425"
"부산광역시 해운대구 아랫반송로 31, 성민약국 (반송동)","버스정류장: 아랫반송 시장통 4호선 영산대역 2번 출구","성민약국","051-543-7788","2100","0830","2100","0830","2100","0830","2100","0830","2100","0830","2100","0830","2000","1000","2000","1000","C1200123","480","19","11470","35.22470742186257","129.14912956524444"
"경상남도 창원시 마산회원구 내서읍 중리상곡로 78","청아병원뒤쪽","성민약국","055-232-7582","1900","0900","1900","0900","1900","0900","1900","0900","1900","0900","1400","0900","1900","0900","C2800429","630","857","11471","35.247614835954806","128.50878326490346"
"인천광역시 부평구 주부토로 262 (갈산동)","갈산역1번출구","성민약국","032-502-4518","2030","0900","2030","0900","2030","0900","2030","0900","2030","0900","1900","0900","C1400216","213","17","11472","37.51834220752862","126.72735593121106"
"경기도 성남시 분당구 서현로 184","풍림아이온오피스텔옆건물/엘지분당에클라트 219호","성민약국","031-707-4848","1900","0900","1900","0900","1900","0900","1900","0900","1900","0900","C2103730","135","90","11473","37.388266268625124","127.12378305329646"
"경기도 의정부시 평화로 183, 1층 (호원동)","성민온누리약국","031-872-4068","2000","0900","2000","0900","2000","0900","2000","0900","2000","0900","1600","0900","C2102650","117","11","11474","37.708277355818765","127.04793533171281"
"경상남도 창원시 의창구 태복산로3번길 41, 105,106호(도계동,서광빌라상가)","서부경찰서","성민온누리약국","055-265-4336","2000","0900","2000","0900","2000","0900","2000","0900","2000","0900","1700","0900","C2801053","511","66","11475","35.25537292937565","128.63635192976076"
"경기도 의정부시 금오로 121-8 (금오동)","성바오로약국","031-821-7583","1800","0830","1800","0830","1800","0830","1800","0830","1800","0830","1300","0830","C2102269","117","65","11476","37.75781865974591","127.07876940859731"
"서울특별시 관악구 남부순환로208길 10 (봉천동)","매달 셋째주 일요일만 진료합니다.","봉천역 1번출구","성보약국","02-885-4250","2100","0900","2100","0900","2100","0900","1700","0900","2100","0900","2100","0900","1300","0900","1930","0930","C1103635","087","84","11477","37.4816822008901","126.943269104752"
"대구광역시 달서구 야외음악당로39길 65 (두류동)","신내당시장입구","성보약국","053-627-5956","1800","0800","1800","0800","1800","0800","1800","0800","1800","0800","1400","0800","C1300797","426","49","11478","35.854583691580196","128.55316318408944"
"강원특별자치도 원주시 감영길 11-1 (일산동)","아이러브약국과 토요일,일요일(09:00-18:00) 교대 근무. 전화 확인 후 방문","원주감영 뒤 우리들소아과 옆","성보약국","033-745-8444","2030","0800","2030","0800","2030","0800","2030","0800","2030","0800","1800","0900","1800","0900","C2200293","264","31","11479","37.347724999999997","127.949783333333329"
"경기도 군포시 군포로735번길 4, 1층 (산본동)","성보약국","031-391-7881","2230","1030","2230","1030","2230","1030","2230","1030","2230","1030","2230","1030","2230","1030","2230","1030","C2107829","158","11","11480","37.37103544117519","126.94319086358108"
"경기도 고양시 덕양구 호국로 851, 103호 (성사동)","원당 대림e편한세상앞","성보온누리약국","031-966-3393","2000","0900","2000","0900","2000","0900","2000","0900","2000","0900","1700","0900","1700","0900","C2103823","102","94","11481","37.66089329686851","126.84062604663993"
"경기도 용인시 수지구 포은대로313번길 7-18, 신정빌딩 105호 (풍덕천동)","공휴일 및 대체휴일 변동가능","성복 행운약국","031-272-5789","2000","0830","2000","0830","2000","0830","2000","0830","2000","0830","1730","0900","C2109536","168","46","11482","37.3143635150055","127.083959533747"
"경기도 용인시 수지구 성복2로 17, 수지 골드프라자1 114-1호 (성복동)","성복나은약국","031-000-0000","1800","0900","1800","0900","1800","0900","1800","0900","1800","0900","1300","0900","C2110235","168","60","11483","37.3107115964055","127.081023433323"
"경기도 용인시 수지구 성복2로 51, A동 110호 (성복동)","성복새빛약국","0312617870","1800","0900","1800","0900","1800","0900","1800","0900","1800","0900","1300","0900","C2110119","168","49","11484","37.3134470196589","127.078796011526"
"경기도 용인시 수지구 심곡로 87","성복약국","031-889-6630","1900","0900","1900","0900","1900","0900","1900","0900","1900","0900","1400","0900","C2106574","168","60","11485","37.311041395386944","127.08182075407554"
"경기도 용인시 수지구 수지로 119, 데이파크 C동 109호 (성복동)","분당서울대병원 포함 모든 병의원 처방조제 합니다. 문의사항 있으시면 언제든지 전화주세요.","성복역4번출구약국","031-272-2225","2030","0900","2030","0900","2030","0900","2030","0900","2030","0900","1900","0900","1900","0900","1900","0900","C2109229","168","49","11486","37.3130512282884","127.079016703977"
"경기도 용인시 수지구 수지로 119, 데이파크 C동 303호 (성복동)","성복역미르약국","031-263-6674","1800","0900","1800","0900","1800","0900","1800","0900","1800","0900","C2108944","168","49","11487","37.3125568050753","127.079458620309"
"경기도 용인시 수지구 성복2로 37, 102호 (성복동)","성복역새봄약국","031-272-5873","2000","0900","2000","0900","2000","0900","2000","0900","2000","0900","2000","0900","C2108772","168","58","11488","37.3128194083014","127.080198131466"
"경기도 용인시 수지구 수지로112번길 11, 106,107호 (성복동)","365일, 야간, 주말, 공휴일 운영, 팩스처방 접수","성복역약국","031-265-7654","2200","0900","2200","0900","2200","0900","2200","0900","2200","0900","2200","0900","2100","1000","2100","1000","C2107860","168","58","11489","37.31257011029013","127.08043679447798"
"경기도 용인시 수지구 성복2로 49, 1층 (성복동)","성복온누리약국","031-272-3952","2100","0900","2100","0900","2100","0900","2100","0900","2100","0900","1800","0900","C2107011","168","49","11490","37.313641020897556","127.07972497735004"
"서울특별시 성북구 동소문로 32 (동소문동3가)","먹는치료제 조제기관 평일 휴게시간 13:00-14:00","한성대입구역 1번출구","성북녹십자약국","02-926-4166","1800","0830","1800","0830","1800","0830","1800","0830","1800","0830","1300","0830","C1104513","028","60","11491","37.5897541427313","127.009705671426"
"서울특별시 성북구 성북로 3, 1층 102호 (성북동1가)","성북동비둘기약국","02-6951-2403","2100","0900","2100","0900","2100","0900","2100","0900","2100","0900","1900","0900","1900","1000","1900","1000","C1110868","028","80","11492","37.5886289829251","127.005521234685"
"서울특별시 성북구 종암로 78, 1층 (종암동)","종암동성당 인근","성북성모약국","02-913-7516","2100","0930","2100","0930","2100","0930","2100","0930","2100","0930","1800","0930","C1109241","028","00","11493","37.5972641089401","127.035488369859"
"서울특별시 성북구 화랑로19길 83, 1층 (장위동)","일요일, 공휴일의 경우 대부분 운영하나 개인사정으로 운영시간 변경될 수 있으므로 전화확인 후 방문해주세요.","성북월드팜약국","02-918-7972","2100","0900","2100","0900","2100","0900","2100","0900","2100","0900","2000","0900","1900","1100","2100","0900","C1100837","027","69","11494","37.609928733862","127.051314983613"
"서울특별시 성북구 보문로 152, 윤홍빌딩 1층 (삼선동5가)","공휴일의 경우 해당요일의 운영시간과 동일합니다.","성북제일큰약국","02-2088-4751","2400","0830","2400","0830","2400","0830","2400","0830","2400","0830","2400","0830","2400","1200","2400","1200","C1110511","028","48","11495","37.5884338916422","127.017698158075"
"경기도 수원시 권선구 경수대로 295","성빈약국","031-221-1906","1900","0900","1900","0900","1900","0900","1900","0900","1900","0900","1600","0900","C2106756","165","80","11496","37.2533686456722","127.0199920068435"
"경기도 성남시 분당구 미금로 48, 303호 (구미동)","심야약국으로 22:00~01:00 운영(방문 전 전화로 운영시간 확인해주세요)","성빈약국","031-719-0936","1800","0930","1800","0930","1800","0930","1800","0930","1800","0930","1400","0930","0100","2200","C2101239","136","26","11497","37.337837428501984","127.11654738643487"
"서울특별시 성동구 고산자로 234, 7층 (행당동)","왕십리역 9번출구 바로앞","성산약국","02-2294-8555","1800","0900","1800","0900","1800","0900","1800","0900","1800","0900","1230","0900","C1103511","047","44","11498","37.5605265052689","127.03526540093"
"대구광역시 수성구 청수로 188-1, 1층 (지산동)","성산약국","053-763-3676","1900","0840","1900","0840","1900","0840","1830","0840","1900","0840","1420","0840","C1301246","421","77","11499","35.83874305864329","128.6287192080981"
"강원특별자치도 강릉시 성산면 구산길 26","성산면사무소 바로 옆","성산약국","033-643-0008","2000","0900","2000","0900","2000","0900","2000","0900","2000","0900","2000","0900","2000","0900","2000","0900","C2200212","254","50","11500","37.71835703008934","128.83220642941274"
"경상북도 고령군 성산면 성산로 901","성산약국","054-954-2711","1600","0930","1600","0930","1600","0930","1600","0930","1400","0930","C2701432","401","18","11501","35.7498536864","128.3603936599"
"서울특별시 마포구 월드컵북로38길 14, 408호 (중동, 오윤빌딩)","휴게시간 13:00~14:00","성산동 시영아파트정문 횡단보도앞","성산연세약국","02-374-3788","1830","0930","1830","0930","1300","0930","1830","0930","1830","0930","1300","0900","C1100351","039","41","11502","37.5705956942743","126.903772875992"
"서울특별시 마포구 월드컵북로38길 14, 3층(중동,오윤빌딩)","성산진약국","02-376-2639","1800","0900","1800","0900","1800","0900","1800","0900","1800","0900","1300","0900","C1100841","039","41","11503","37.5705956942743","126.903772875992"
"대구광역시 달서구 이곡공원로 12, 1층 (이곡동)","더블유병원옆","성서까치약국","053-710-2227","1830","0900","1830","0900","1830","0900","1830","0900","1830","0900","1330","0900","C1300767","426","20","11504","35.852005504847554","128.5432030472166"
"대구광역시 달서구 이곡서로 73, (이곡동)","일요일 진료시간 정해지지 않음, 공휴일도 운영은 하나 전화확인 후 방문 필요","성서맥도날도지점남쪽옆","성서명가약국","053-584-1732","1900","0830","1900","0830","1900","0830","1900","0830","1900","0830","1500","0900","1800","1000","C1300133","426","12","11505","35.85493959723551","128.5047379520664"
"대구광역시 달서구 달구벌대로 1015, 1, 2층 (호산동)","성서수약국","053-588-7585","1830","0830","1830","0830","1830","0830","1830","0830","1830","0830","1300","0900","C1301578","426","02","11506","35.85342668715958","128.47889462311636"
"대구광역시 달서구 달구벌대로 1158, 1층 (신당동)","삼일절, 광복절, 개천절, 성탄절 휴무","성서계대네거리","성서약국","053-584-6659","1830","0900","1830","0900","1830","0900","1830","0900","1830","0900","1330","0900","C1300301","427","02","11507","35.85111798901565","128.49388067892238"
"대구광역시 달서구 성지로 68 (용산동)","성서용산약국","053-587-2155","1900","0930","1900","0930","1900","0930","1900","0930","1900","0930","1900","0930","C1301474","426","17","11508","35.855359285700004","128.5212870766002"
"대구광역시 달서구 달구벌대로 1607, (감삼동)","성서조약국","053-556-0991","1830","1000","1830","1000","1830","1000","1830","1000","1830","1000","1500","1000","1500","1000","C1300552","426","40","11509","35.8524199349","128.5420496728"
"대구광역시 달서구 계대동문로 120 (이곡동)","국민연금사거리에서계대방면으로4번째건물","성서종합약국","053-591-1060","1900","0900","1900","0900","1900","0900","1900","0900","1900","0900","1500","0900","C1300793","426","12","11510","35.85503808692095","128.50557998896238"
"대구광역시 달서구 이곡동로 17","성서이마트인근","성서효성약국","053-586-8300","1830","0900","1830","0900","1830","0900","1830","0900","1830","0900","1500","0900","C1300022","426","20","11511","35.85426521496414","128.5094367391598"
"충청남도 천안시 서북구 성성8로 2-30, 106호 (성성동)","성성올리브약국","041-551-3322","2000","0830","1900","0830","1900","0830","1900","0830","1900","0830","1400","0830","C2401569","310","78","11512","36.84029292974649","127.13026372257261"
"충청남도 천안시 서북구 성성8로 2-42, 103호 (성성동)","성성진약국","070-7542-3357","1930","0900","1930","0900","1930","0900","1930","0900","1930","0900","1430","0900","C2401837","310","78","11513","36.8401801889945","127.128703064876"
"충청남도 천안시 서북구 업성수변로 94, 천안농협북부권종합시설 주건축물 제1동 지하1층 B101호 (성성동)","성성동 농협건물 하나로마트 안에 있는 약국입니다","성성하나로약국","041-551-2323","2100","1000","2100","1000","2100","1000","2100","1000","2100","1000","2100","1000","2100","1000","C2401790","310","79","11514","36.8473416788967","127.140292679704"
"충청남도 천안시 서북구 성성8로 2-23, 1층 (성성동)","성성호수약국","0507-1417-9054","1900","1000","2000","1000","1900","1000","1900","1000","2000","1000","1500","1000","C2401870","310","78","11515","36.839721438581","127.130519036481"
"서울특별시 성동구 왕십리로 114, 신한빌딩 103호 (성수동1가)","성수서울숲약국","02-499-1164","2200","0930","2200","0930","2200","0930","2200","0930","2200","0930","2200","1100","2200","1100","2200","1100","C1110291","047","78","11516","37.5476854260016","127.044746028256"
"강원특별자치도 원주시 능라동길 35, 1층 (무실동)","성수약국","033-742-7576","1900","0900","1900","0900","1400","0900","1900","0900","1900","0900","1500","0900","C2201011","263","92","11517","37.33380375586154","127.92859015520557"
"경기도 부천시 경인로498번길 19, 하이트프라자 1층 106,107,110,103일부호 (괴안동)","괴안동 시장입구","성수약국","032-343-9057","2100","0900","2100","0900","2100","0900","2100","0900","2100","0900","2000","0900","C2100165","146","81","11518","37.4830927851418","126.81112873619756"
"서울특별시 성동구 아차산로 116, 1층 (성수동2가)","성수약국","02-469-9886","2030","0900","2030","0900","2030","0900","2030","0900","2030","0900","1600","0900","C1109044","047","82","11519","37.5440415512187","127.056627617429"
"인천광역시 남동구 백범로124번길 7","하이웨이주유소맞은편국민은행상가.100범로124번길7 나동122호.","성수약국","032-462-1808","2000","1030","2000","1030","2000","1030","2000","1030","2000","1030","1700","1030","C1400826","215","41","11520","37.45561916697091","126.73338881221127"
"서울특별시 성동구 아차산로7길 11, 1층 (성수동2가)","성수오렌지약국","02-463-0711","2000","0830","2000","0830","2000","0830","2000","0830","2000","0830","1300","0830","C1110200","047","93","11521","37.5462406709864","127.054410677206"
"서울특별시 관악구 은천로 105 (봉천동)","현대시장사거리","성수온누리약국","02-882-1941","1900","0900","1900","0900","1900","0900","1900","0900","1900","0900","1300","0900","C1101657","087","29","11522","37.4871240108782","126.947131764449"
"서울특별시 성동구 아차산로7길 21","성수역 1번출구","성수종로약국","02-469-4928","1900","0900","1900","0900","1900","0900","1900","0900","1900","0900","1500","0900","C1100910","047","93","11523","37.5472021283742","127.054797141473"
"서울 성동구 아차산로 120 베델플레이스 2층 (성수동2가)","성수역 3번출구 바로앞","성수햇살약국","02-463-5657","1915","0900","2015","0900","1915","0900","2015","0900","1915","0900","1415","0900","C1108269","047","83","11524","37.5439102587684","127.057223283946"
"경기도 구리시 동구릉로136번길 57","구리롯데마트내","성시온누리약국","031-552-0027","1900","1000","1900","1000","1900","1000","1900","1000","1900","1000","1900","1000","C2103038","119","15","11525","37.61313643905353","127.14091721573553"
"서울특별시 관악구 남부순환로 1728(봉천동)","2호선봉천역2번출구앞(하나은행옆)","성신약국","02-878-8350","2100","0900","2100","0900","2100","0900","2100","0900","2100","0900","1800","0900","C1104285","087","84","11526","37.4821274133899","126.942019425707"
"충청남도 논산시 해월로 165 (반월동)","구) 아원백화점 맞은편","성신약국","041-735-3962","1900","0800","1900","0800","1900","0800","1900","0800","1900","0800","1430","0800","1300","0900","C2400352","329","68","11527","36.20517483401819","127.08515554784223"
"경기도 수원시 장안구 연무로 54, (연무동)","연무동보훈연수원다리건너","성신약국","031-255-1531","1930","0830","1930","0830","1930","0830","1930","0830","1930","0830","1630","0900","C2101075","162","16","11528","37.29580289609791","127.0258860237052"
"전라남도 순천시 비행장길 22, (매곡동)","용두산 공원 인근","성신약국","061-752-8400","1900","0830","1900","0830","1900","0830","1900","0830","1900","0830","1300","0900","C2600347","579","39","11529","34.95729725585644","127.4838378910867"
"대구광역시 중구 동덕로 68, 1층 (대봉동)","대봉동국민은행건너편","성신약국","053-425-6034","1800","0800","1800","0800","1800","0800","1800","0800","1800","0800","1300","0800","C1300276","419","52","11530","35.860800471679646","128.60365604312705"
"충청북도 영동군 영동읍 중앙로 21","영동군영동읍중앙시장101호 - 서울이비인후과 1층","성신약국","043-744-7666","2100","0830","2100","0830","2100","0830","2100","0830","2100","0830","1900","0830","C2300002","291","45","11531","36.17462084459674","127.77570302652708"
"경기도 의정부시 회룡로 137, 103호 (호원동, 거원프라자)","성신약국","031-848-1779","2000","0900","2000","0900","2000","0900","2000","0900","2000","0900","1900","0900","C2102958","117","03","11532","37.7262665678","127.0491708423"
"부산광역시 남구 용호로232번길 21, 성신약국 (용호동)","버스정류장:부산성모병원 후문입구","성신약국","051-626-1007","1830","0830","1830","0830","1830","0830","1830","0830","1830","0830","1330","0830","C1200457","485","74","11533","35.11130723897934","129.1097019686778"
"경기도 부천시 삼작로 98 (내동)","삼정사거리에 위치한 건물 1층","성신약국","032-674-5041","2100","0900","2100","0900","2100","0900","2100","0900","2100","0900","2100","0900","C2104000","144","93","11534","37.520026034342855","126.77191890966972"
"부산광역시 금정구 오시게로 22, 1층 (부곡동)","1호선 온천장역 2번출구","성신약국","051-802-9449","1900","0900","1900","0900","1900","0900","1900","0900","1900","0900","1400","0900","C1202483","463","11","11535","35.219447267261515","129.08651947484645"
"서울특별시 성북구 아리랑로 7-1, 동소문동근생 1층 (동소문동6가)","추석연휴 9/15(일)-9/18(목) 9:00-18:00 운영합니다.","성신필약국","02-925-6100","2100","0800","2100","0800","2100","0800","2100","0800","1900","0900","1940","0840","1800","0800","C1109226","028","30","11536","37.593467508775","127.016133819512"
"경상남도 함양군 함양읍 용평중앙길 10-1 (동신빌딩A)","동신빌딩 내","성실약국","055-963-7995","1900","0830","1900","0830","1900","0830","1900","0830","1900","0830","1330","0830","C2801090","500","46","11537","35.51840489783996","127.72795912439065"
"서울특별시 은평구 갈현로11길 26, 지층 (구산동)","토요일은 운영시간이 유동적이므로 전화확인 후 방문해주세요","재활병원 옆","성실약국","02-354-1388","1930","0900","1930","0900","1930","0900","1930","0900","1930","0900","1800","1000","C1100914","034","28","11538","37.6051210077626","126.907730622375"
"충청남도 아산시 배방읍 배방로 158, 삼성전자 온양사업장 정문동 3층","삼성전자 온양사업장","성실약국","041-540-6415","1710","0800","1710","0800","1710","0800","1710","0800","1710","0800","C2400683","314","89","11539","36.76884934170616","127.06381244145792"
"대전광역시 유성구 유성대로 1728 (전민동)","전민동동사무소길건너좌측100m","성실약국","042-863-4407","2000","0900","2000","0900","2000","0900","2000","0900","2000","0900","1400","0900","C1600272","340","52","11540","36.399473361217744","127.40111276840153"
"전북특별자치도 익산시 주현로 29, (주현동)","등기소 근처","성실약국","063-855-0295","1900","0730","1900","0730","1900","0730","1900","0730","1900","0730","1800","0730","1800","0730","C2500815","546","00","11541","35.93339526779541","126.95587186473058"
"인천광역시 서구 원적로 100 (가좌동)","성심메디팜약국","032-575-5556","1400","0900","1400","0900","1400","0900","1400","0900","1400","0900","1430","0900","C1400293","228","10","11542","37.495068913175984","126.68280265237425"
"경기도 연천군 전곡읍 전곡로 175 (전곡읍)","성심미소약국","031-832-8271","2030","0830","2030","0830","2030","0830","2030","0830","2030","0830","1600","0830","1400","0830","C2106341","110","28","11543","38.027572346562685","127.06722065814596"
"광주광역시 서구 상무대로 876, 1층 (쌍촌동)","호대부근","성심약국","062-383-9390","2100","0900","2100","0900","2100","0900","2100","0900","2100","0900","1800","0900","C1500170","619","89","11544","35.14996885215193","126.85763488865737"
"광주광역시 남구 대남대로 394-1, 1층 (월산동)","건강관리협회 근처","성심약국","062-364-6900","1830","0830","1830","0830","1830","0830","1830","0830","1830","0830","1830","0830","C1500104","616","17","11545","35.14599094556168","126.89038226594451"
"전라남도 영광군 영광읍 신남로 200,","영광읍터미널부근 5일장입구 대로변 BYC맞은편","성심약국","061-351-0903","1800","0900","1800","0900","1800","0900","1800","0900","1800","0900","1400","0900","C2600066","570","43","11546","35.27577930369109","126.50383905864655"
"강원특별자치도 철원군 동송읍 금학로 218, 성심약국 (동송읍)","동송읍 터미널 건너편 시장 입구","성심약국","033-455-7500","2100","0730","2100","0730","2100","0730","2100","0730","2100","0730","2100","0730","2130","0730","C2200239","240","15","11547","38.208050383259604","127.21842738601282"
"강원특별자치도 원주시 문막읍 원문로 1423","수병원 앞","성심약국","033-734-7697","1800","0900","1800","0900","1800","0900","1800","0900","1800","0900","1300","0900","C2200046","263","72","11548","37.32652110020118","127.84468788841997"
"인천광역시 서구 검단로768번1길 4","길훈아파트 후문 쪽 뚜레주르건너편에 위치한 건물 1층","성심약국","032-564-5389","1500","0900","1500","0900","1500","0900","1500","0900","1500","0900","1500","0900","C1400945","226","31","11549","37.61327274872298","126.68601588427843"
"강원특별자치도 춘천시 효자로 127-1 (효자동)","농협 근처","성심약국","033-255-4276","1830","0830","1830","0830","1830","0830","1830","0830","1830","0830","1300","0830","C2200094","243","35","11550","37.87418784906363","127.73441249602374"
"전라남도 순천시 해룡면 순광로 218,","성가롤로병원건너편","성심약국","061-723-2272","1900","0900","1900","0900","1900","0900","1900","0900","1900","0900","1300","1000","C2600480","579","72","11551","34.9630139232703","127.5423821763514"
"부산광역시 해운대구 우동1로20번길 63, (우동)","해운대여중 입구","성심약국","051-743-3158","1830","0900","1830","0900","1830","0900","1830","0900","1830","0900","1430","0900","C1200468","480","87","11552","35.165286111111108","129.159586111111111"
"경기도 부천시 원미구 지봉로 117 (역곡동)","부천시북부역곡시장임동현외과의원1층","성심약국","032-345-2979","2030","0900","2030","0900","2030","0900","2030","0900","2030","0900","1730","0900","C2100290","146","68","11553","37.48871211900911","126.81210397302308"
"경기도 김포시 김포한강9로 40, 103호 (구래동)","성심약국","0319826547","1800","0900","1800","0900","1800","0900","1800","0900","1800","0900","C2108795","100","70","11554","37.6405258372365","126.62711024789"
"경상북도 경주시 화랑로 78-1 (서부동)","성심약국","054-771-6789","1830","0900","1830","0900","1830","0900","1830","0900","1830","0900","1300","0900","C2700632","381","55","11555","35.84437719575679","129.2093924905266"
"경기도 용인시 기흥구 보정로 115 , 109호 (보정동)","우영프라자109호","성심약국","031-897-6114","2200","0900","2200","0900","2200","0900","2200","0900","2200","0900","2100","0900","2000","0900","C2104011","168","98","11556","37.3198613364","127.1152379782"
"충청남도 홍성군 광천읍 홍남로 662-2","일요일 전화연락 후 방문/ 설, 추석 당일 휴무","삼성연합의원 옆","성심약국","041-642-3510","1800","0800","1800","0800","1800","0800","1800","0800","1800","0800","1200","0800","1300","0800","1300","0800","C2400318","322","95","11557","36.50317537267843","126.62428893447292"
"서울특별시 종로구 지봉로 61, 1층 (창신동)","추후 운영시간 변동 가능성 있으므로 전화 확인 후 방문바랍니다.","성심약국","02-743-2062","1830","0900","1830","0900","1830","0900","1830","0900","1830","0900","1230","0830","C1100919","031","03","11558","37.57552693034","127.015475856882"
"부산광역시 해운대구 반송로924번길 14, (반송동)","일요일은 1,3주 낮에만 잠시 운영함 별도 문의바람","윗반송 시장통 4호선 동부산대학역 4번 출구","성심약국","051-542-9000","2100","0900","2100","0900","2100","0900","2100","0900","2100","0900","1800","0900","1600","1000","C1200116","480","07","11559","35.232002777777794","129.15538888889077"
"대구광역시 동구 아양로 109, 1층 (신암동)","성심약국","053-957-7670","1820","0900","1820","0900","1820","0900","1820","0900","1820","0900","1230","0900","C1301026","411","99","11560","35.88437539215459","128.6254633387108"
"서울특별시 양천구 목동중앙북로 128","염창역 3번출구","성심약국","02-2643-9211","2100","0900","2100","0900","2100","0900","2100","0900","2100","0900","1800","0900","1900","0900","C1102336","079","70","11561","37.5462762134359","126.877376663845"
"서울특별시 송파구 마천로 190 (오금동, 청전빌딩 104호)","오금동사거리 인근","성심약국","02-404-7341","1800","0900","1800","0900","1800","0900","1800","0900","1800","0900","1300","0900","C1102996","057","39","11562","37.5025486507772","127.139709410782"
"서울특별시 강남구 개포로 223","성심약국","02-3463-0689","1900","0900","1900","0900","1900","0900","1900","0900","1900","0900","1400","0900","C1102335","063","06","11563","37.4789414464188","127.047255591553"
"서울특별시 강남구 개포로 223 (개포동)","포이사거리/포이근린공원 인근","성심약국","02-3463-0689","1900","0900","1900","0900","1900","0900","1900","0900","1900","0900","1400","0900","C1109224","063","06","11564","37.4789414464188","127.047255591553"
"서울 마포구 독막로 268 태영아파트 상가 1층 105호 (대흥동)","태영아파트상가 105호","성심약국","02-707-3300","1800","0900","1800","0900","1800","0900","1800","0900","1800","0900","1300","0900","C1104881","041","53","11565","37.5456782525152","126.942886599534"
"인천광역시 부평구 부평문화로130번길 48, 1층 (부평동)","부평굴다리오거리농협뒤","성심약국","032-508-5679","2000","0900","2000","0900","2000","0900","2000","0900","2000","0900","C1400273","213","99","11566","37.49179966542279","126.73093520870405"
"서울특별시 관악구 봉천로 227, 107호 (봉천동)","성심약국","02-889-9395","1600","0900","2000","0900","2000","0900","2000","0900","2000","0900","1600","0900","C1109364","087","08","11567","37.4900315434017","126.927117551199"
"울산광역시 남구 돋질로 287 (삼산동)","남구보건소 사거리 근처","성심약국","052-275-0331","1930","0900","1930","0900","1930","0900","1930","0900","1930","0900","1300","0900","C1700179","446","98","11568","35.54453640461852","129.33640444898296"
"경기도 이천시 중리천로33번길 4 (창전동)","미미사진관앞","성심약국","031-633-1316","1900","1000","1900","1000","1900","1000","1900","1000","1900","1000","C2103259","173","68","11569","37.280668816593966","127.44189873294888"
"경기도 남양주시 퇴계원읍 경춘북로 558","성심약국","031-572-8101","2100","0900","2100","0900","2100","0900","2100","0900","2100","0900","2100","0900","C2103009","121","26","11570","37.648116181061546","127.14575668561235"
"경기도 평택시 중앙2로 1 (평택동)","평택역앞파주옥옆","성심약국","031-656-5096","2030","0900","2030","0900","2030","0900","2030","0900","2030","0900","1900","0900","C2101738","179","09","11571","36.99201179361006","127.08719742998457"
"경기도 고양시 일산동구 중앙로 1059 (백석동) 102호","성심약국","031-903-6832","1930","0900","1930","0900","1930","0900","1930","0900","1930","0900","1430","0900","C2106458","104","47","11572","37.64394980991511","126.78611636772371"
"경상남도 김해시 가락로 32-1 (부원동)","성심약국","055-325-6060","1830","0900","1830","0900","1830","0900","1830","0900","1830","0900","1530","0900","1230","0900","1230","0900","C2800563","621","010","11573","35.2294300137","128.8824546331"
"경상북도 경산시 하양읍 금송로 20-1","성심약국","053-851-2651","2000","0730","2000","0730","2000","0730","2000","0730","2000","0730","2000","0730","2030","0730","2000","0730","C2700289","384","34","11574","35.91509099821415","128.8175533980479"
"부산광역시 남구 용호로 157, (용호동)","버스정류장: 용호사거리/부산은행 옆","성심약국","051-623-6567","1900","0900","1900","0900","1900","0900","1900","0900","1900","0900","1800","0900","C1200455","485","85","11575","35.118224778172795","129.1118084680838"
"서울특별시 구로구 경인로20길 6, 포스시티 104호 (오류동)","오류동역 3번출구","성심약국","02-2687-1489","1800","0900","1800","0900","1800","0900","1800","0900","1800","0900","1400","0900","C1104385","082","71","11576","37.4954038170325","126.843376566816"
"전북특별자치도 전주시 완산구 서학로 36, (동서학동)","전주교육대학교 옆","성심약국","063-288-3633","1900","0830","1900","0830","1900","0830","1900","0830","1900","0830","1300","0830","C2500139","551","01","11577","35.809442021960564","127.15339213098767"
"경상남도 진주시 대신로 301, 지하 1층 (상대동)","성심약국","055-763-5255","1800","0840","1800","0840","1300","0840","1800","0840","1800","0840","1300","0900","C2802321","527","74","11578","35.1873615288812","128.11667093609"
"인천광역시 계양구 계양대로 187 (계산동)","성심약국","032-546-3363","2100","0900","2100","0900","2100","0900","2100","0900","2100","0900","1800","0900","C1401438","210","48","11579","37.54063920009406","126.72231421719414"
"서울특별시 동대문구 회기로 185 (휘경동)","회기역 1번출구","성심약국","02-959-8433","2330","1230","2330","1230","2330","1230","2330","1230","2330","1230","2330","1230","2330","1230","2330","1230","C1100918","024","45","11580"
"경기도 화성시 큰재봉길 23-11, 동탄 삼성쉐르빌 1층 113,114호 (석우동)","성심온누리약국","031-613-0337","1830","0830","1830","0830","1830","0830","1830","0830","1830","0830","1230","0900","C2100084","184","50","11581","37.21735344898952","127.07933733510166"
"서울특별시 노원구 석계로 49 (월계동, 현대아파트 주상가 122호)","신정, 광복절, 크리스마스 휴무","월계동현대아파트 주상가","성심온누리약국","02-943-1651","2030","0900","2030","0900","2030","0900","2030","0900","2030","0900","2030","0900","2200","0900","C1102843","019","01","11582","37.6172177389168","127.06250985635"
"경기도 오산시 성호대로 78, 1층 (오산동, 성심약국)","오산중원사거리롯데마트방면씨티은행옆","성심온누리약국","031-373-2906","2000","0900","2000","0900","2000","0900","2000","0900","2000","0900","1800","0900","C2100987","181","38","11583","37.1487483934","127.069952059"
"경기도 성남시 중원구 은이로 10, (은행동)","성심우리약국","031-732-5020","1930","0900","1930","0900","1930","0900","1930","0900","1930","0900","1400","0900","1400","0900","C2101338","131","56","11584","37.457406282196665","127.1651617925039"
"경기도 화성시 삼성1로 144-13, 101호 (석우동)","성심제일약국","031-8043-5879","1800","0900","1800","0900","1800","0900","1800","0900","1800","0900","1300","0900","C2110168","184","50","11585","37.216827994631","127.078864970857"
"서울특별시 영등포구 시흥대로 663 (대림동)","성심제일약국","02-6402-2909","1800","0830","1800","0830","1800","0830","1800","0830","1800","0830","1300","0830","C1108471","074","42","11586","37.4910043526811","126.907649889531"
"경기도 화성시 동탄중앙로 381-7, 성심프라자 108호 (석우동)","성심프라자약국","031-8015-5464","1830","0830","1830","0830","1830","0830","1830","0830","1830","0830","1330","0830","C2107848","184","50","11587","37.2158711342787","127.07918934870413"
"대구광역시 달서구 도원로 30, 109호 (도원동)","종료시간 유동적, 전화확인 필요","도원네거리롯데리아옆","성안약국","053-641-3003","1900","0900","1900","0900","1900","0900","1900","0900","1900","0900","1600","0900","C1300644","428","32","11588","35.807146875843394","128.53526417269558"
"충청북도 청주시 상당구 무심동로 396 (서문동)","홈에버출구에서풍물교방향으로전방100m우측","성안약국","043-254-6797","1700","0830","1700","0830","1700","0830","1700","0830","1700","0830","1300","0830","C2300470","285","24","11589","36.63587178475871","127.48481617571139"
"경기도 안양시 동안구 흥안대로517번길 34 (관양동)","인덕원역시너스영화관옆도로에서150m위치","성애약국","031-422-0927","2200","0900","2200","0900","2200","0900","2200","0900","2200","0900","2200","0900","2300","0900","C2100635","139","51","11590","37.4000701066615","126.97454350551008"
"광주광역시 광산구 사암로 271","하남농협 건너편","성약국","062-953-3936","1840","0830","1840","0830","1840","0830","1840","0830","1840","0830","1300","0830","C1500020","623","46","11591","35.16850307273499","126.80875012039309"
"강원특별자치도 원주시 문막읍 문막시장1길 39 (문막읍)","성약국","033-744-4420","1830","0830","1830","0830","1830","0830","1830","0830","1830","0830","1330","0830","C2201020","263","73","11592","37.30634461082301","127.8166976592983"
"인천광역시 연수구 샘말로7번길 7, 썬클리닉빌딩 1층 (연수동)","성약국","연수구청옆동아한신아파트횡단보도건너편","성약국","032-817-5575","1200","0830","1200","0830","1200","0830","1200","0830","1200","0830","1430","0830","1230","0830","C1400035","219","29","11593","37.412194444444445","126.677330555555557"
"인천광역시 중구 공항로 272, 인천공항 탑승동 3층 (운서동)","성약국","050-71405-6380","2200","0600","2200","0600","2200","0600","2200","0600","2200","0600","2200","0600","2200","0600","C1402202","223","82","11594"
"서울특별시 동작구 상도로15길 143 (상도동)","장승배기역 5번출구 후방","성약국","02-815-8313","1830","0800","1830","0800","1830","0800","1830","0800","1830","0800","1400","0800","1800","0800","1830","0800","C1104492","069","37","11595","37.5051038938438","126.938788001374"
"경기도 수원시 팔달구 덕영대로 695","일요일, 공휴일 전화 확인 후 방문","성약국","031-258-5046","2130","0830","2130","0830","2130","0830","2130","0830","2130","0830","2100","0830","2100","0900","C2101613","164","35","11596","37.28466432443456","126.99021343688887"
"경기도 부천시 지봉로 116","역곡역북부시장끝","성약국","032-341-6341","2200","0800","2200","0800","2200","0800","2200","0800","2200","0800","2200","0800","2130","1030","C2100302","146","70","11597","37.48830884327419","126.8123130654316"
"충청남도 서산시 성연면 성연4로 27-20, 108호","성연파란약국","041-429-2333","1930","0830","1930","0830","1930","0830","1930","0830","1930","0830","1330","0830","C2401852","319","31","11598","36.822890336232","126.450478904444"
"서울특별시 서대문구 연희로 114","주말 시간 유동적이므로 전화확인 후 방문바랍니다.","성우당약국","02-334-2968","1900","0900","1900","0900","1900","0900","1900","0900","1900","0900","1300","0900","1900","0900","C1102995","037","24","11599","37.567836879517","126.93191563436"
"경상남도 창원시 의창구 의안로31번길 28-5 (중동)","동창원농협 맞은편","성우약국","0552568650","1900","0900","1900","0900","1900","0900","1900","0900","1900","0900","1430","0900","C2800148","511","95","11600","35.264705318539775","128.62096160359232"
"서울특별시 영등포구 여의대로 24, 전국경제인연합회회관 지하1층 114-2호 (여의도동)","성우약국","02-718-1454","1930","0800","1930","0800","1930","0800","1930","0800","1930","0800","1400","0900","C1107087","073","20","11601","37.5221803249647","126.919916550827"
"인천광역시 미추홀구 한나루로 387, (학익동)","학익사거리에서병무청방향100미터","성우약국","032-883-5752","2000","0900","2000","0900","2000","0900","2000","0900","2000","0900","1700","0900","C1400339","222","02","11602","37.44246747668189","126.66335561942259"
"서울특별시 영등포구 여의나루로 53-1, 대오빌딩 지하1층 103호 (여의도동)","평일 휴게시간 13:00-14:00 공휴일엔 반드시 전화확인 후 방문바랍니다.","성운약국","050-71390-8326","1930","0815","1930","0815","1930","0815","1930","0815","1930","0815","1600","1100","1600","1100","1600","1100","C1110328","073","27","11603","37.5227019151559","126.924993896764"
"경기도 부천시 길주로 319, 102호일부,103호 (중동)","중동연세병원 밑","성운약국","032-323-9194","1930","0900","1930","0900","1930","0900","1930","0900","1930","0900","1700","0900","C2103783","145","34","11604","37.503289988419596","126.77810859250614"
"부산광역시 사하구 낙동대로 428, 1층 (당리동)","으뜸의원 1층","성원약국","051-291-2208","1830","0900","1830","0900","1830","0900","1830","0900","1830","0900","1300","0900","C1201214","493","26","11605","35.10457633435665","128.9716944982614"
"경기도 용인시 기흥구 죽전로 50, 센타프라자 105호 (보정동)","성원약국","031-898-0441","1900","0900","1900","0900","1900","0900","1900","0900","1900","0900","1400","0900","C2109061","168","98","11606","37.3202927053497","127.114263084494"
"경기도 안양시 만안구 경수대로 1426, 2층 (석수동)","1호선석수역1번출구","성원약국","070-8833-1704","1830","0900","1830","0900","1830","0900","1830","0900","1830","0900","1400","0900","C2103868","139","07","11607","37.433739795123834","126.90383588400155"
"대전광역시 서구 문정로 62, 프라임빌딩 1층 (탄방동)","휴업종료일 20210930","성원약국","042-485-1231","1900","0900","1900","0900","1900","0900","1900","0900","1900","0900","C1600264","352","62","11608","36.346569759339815","127.3862314060396"
"경기도 시흥시 정왕대로 220, 408호 (정왕동, 우리메디칼센타)","성원약국","031-499-0519","2100","0900","2100","0900","2100","0900","2100","0900","2100","0900","C2101320","150","66","11609","37.345477777777781","126.737586111111113"
"경기도 안산시 단원구 북촌3길 19-1, 1층 102호 (선부동)","성원약국","031-482-9777","2000","0900","2000","0900","2000","0900","2000","0900","2000","0900","1400","0900","C2101651","152","21","11610","37.343175000000002","126.805549999999997"
"경기도 고양시 일산동구 중앙로 1080, 108호 (백석동, 남정골드프라자)","백석동터널나이트클럽횡단보도건너편","성원약국","031-901-8544","2100","0930","2100","0930","2100","0930","2100","0930","2100","0930","1700","0930","C2102774","104","47","11611","37.645586111111108","126.785011111111118"
"경기도 수원시 장안구 장안로 272 (정자동)","파장 신사거리 동남대입구","성원약국","031-254-6063","2100","0900","2100","0900","2100","0900","2100","0900","2100","0900","1700","0900","C2101420","163","37","11612","37.30625022532655","126.99133707083646"
"부산광역시 부산진구 백양관문로 106, 104호 (당감동)","버스정류장: 국제백양아파트","성원약국","051-891-6373","1800","0900","1800","0900","1800","0900","1800","0900","1800","0900","1300","0900","C1200560","471","57","11613","35.1682188029834","129.02794489857317"
"서울특별시 송파구 송파대로28길 27, 102동 201호 (가락동, 송파성원쌍떼빌)","성원상떼빌 102동 201호","성원큰사랑약국","02-406-3555","1800","0900","1800","0900","1800","0900","1800","0900","1800","0900","1200","0900","C1103646","057","18","11614","37.495191267994194","127.12061080548614"
"경기도 안성시 원곡면 지문로 525 (원곡면)","성은백세약국","031-654-0403","1900","1000","1900","1000","1900","1000","1900","1000","1900","1000","1830","1000","1900","1000","C2100481","175","54","11615","37.07362421822714","127.15712426097421"
"경기도 성남시 중원구 박석로 70","성은약국","031-743-6040","2100","0900","2100","0900","2100","0900","2100","0900","2100","0900","2000","0900","2000","0900","C2102118","132","35","11616","37.43907931625206","127.16575135833969"
"강원특별자치도 춘천시 방송길 98 (온의동)","온의동 롯데마트 옆(신축건물)","성은약국","033-252-4459","1830","0900","1830","0900","1830","0900","1830","0900","1830","0900","1400","0900","C2200536","243","64","11617","37.86792179887565","127.72014275161901"
"서울특별시 마포구 효창원로 255-1, 1층 (공덕동)","배문중고교 정문 앞","성은약국","02-712-2209","1900","0900","1900","0900","1900","0900","1900","0900","1900","0900","1600","0900","C1100885","041","83","11618","37.55001462770274","126.96345614646049"
"경상남도 김해시 활천로 32, 1-19,1-20호 (삼정동, 호성상가아파트)","김해복음병원정문앞","성은약국","055-324-8768","1900","0900","1900","0900","1900","0900","1900","0900","1900","0900","1330","0900","C2801102","509","34","11619","35.230636111111110","128.893827777777773"
"전북특별자치도 전주시 덕진구 기린대로 358, 106호 (금암동)","금암동 태평양수영장 1층","성은약국","063-273-5880","1830","0900","1830","0900","1830","0900","1830","0900","1830","0900","1300","0900","C2500299","549","31","11620","35.835387271375254","127.13557281449374"
"서울특별시 성동구 상원길 59 (성수동1가)","뚝섬역 2번 출구/쌍용아파트 B상가","성은약국","02-499-0166","2100","0900","2100","0900","2100","0900","2100","0900","2100","0900","2000","0900","C1106983","047","88","11621","37.5492995938354","127.047888427301"
"부산광역시 강서구 명지오션시티4로 95, 102호 (명지동)","공휴일 전화 후 방문","성은온누리약국","051-203-9101","1930","0900","1930","0900","1930","0900","1930","0900","1930","0900","1500","0900","1300","0900","C1202481","467","64","11622","35.080440597800006","128.90393702310246"
"충청북도 충주시 예성로 356","주변의료기관:연수의원","연수동주공2차아파트상가,연수초등학교앞","성인약국","043-844-1721","1830","0850","1830","0850","1830","0850","1830","0850","1830","0850","1700","0830","C2300571","273","45","11623","36.98815592545607","127.93723959356356"
"경상북도 김천시 지례면 장터길 31","성인약국","054-435-5757","1730","0830","1730","0830","1730","0830","1730","0830","1730","0830","1400","0830","C2700468","396","91","11624","35.98680322066427","128.0281696888234"
"대전광역시 중구 대둔산로 363, (산성동)","성인약국","042-581-0708","1830","0900","1830","0900","1830","0900","1830","0900","1830","0900","1400","0900","C1600362","350","80","11625","36.301769444444446","127.385808333333330"
"서울특별시 구로구 개봉로 9 (개봉동)","개봉교입구, 주유소 옆","성인약국","02-2682-2643","2100","0900","2100","0900","2100","0900","2100","0900","2100","0900","2100","0900","2000","1000","2000","1000","C1100886","083","52","11626","37.486542728882334","126.85623803646527"
"충청남도 천안시 서북구 성환읍 성환중앙로 36 (성환읍)","공휴일이나 일요일은 전화요망","서은의원 앞","성일약국","041-581-2671","1930","0700","1930","0700","1930","0700","1930","0700","1930","0700","1600","0700","C2401080","310","16","11627","36.917124929972005","127.13010577311186"
"서울특별시 강남구 압구정로 160, 제성빌딩 3층 301호 (신사동)","압구정역 5번 출구","성일약국","02-546-3906","1800","0900","1800","0900","1800","0830","1800","0900","1800","0900","1300","0900","C1103797","060","30","11628","37.52626228450242","127.02717081842296"
"충청북도 충주시 형설로 98","충주시 충인동349번지","성일약국","043-844-7247","1910","0900","1910","0900","1910","0900","1910","0900","1910","0900","1310","0900","1310","0900","C2300566","273","98","11629","36.962682920392865","127.93980675391106"
"서울특별시 중랑구 사가정로45길 41, (면목동)","성재약국","02-434-6715","2100","0900","2100","0900","2100","0900","2100","0900","2100","0900","C1100889","022","22","11630","37.58298612236469","127.0853896009477"
"경기도 군포시 고산로211번길 26 (당정동)","당정역 1번출구 GS슈퍼마켓 앞","성전당약국","031-427-3959","2000","0900","2000","0900","2000","0900","2000","0900","2000","0900","1800","0900","C2103615","158","51","11631","37.343826027256924","126.95024520052365"
"충청남도 천안시 서북구 서부3길 67 (성정동)","2025 6월3일 대통령선거일 오전9시~오후4시/공휴일 근무시간은 바뀔 수도 있습니다","성정동 롯데마트 맞은편 광제산부인과 후문옆","성정동롯데마트 맞은편/광제산부인과옆","성정약국","041-576-6686","1930","0900","1930","0900","1930","0900","1930","0900","1930","0900","1600","0900","1300","0900","C2400044","311","34","11632","36.824520259814726","127.14057647463127"
"충청남도 천안시 서북구 성정공원1길 9-13 (성정동)","추석, 설날 당일만 휴무","롯데마트 근처","성정천사약국","041-555-8169","2100","0840","2100","0840","2100","0840","2100","0840","2100","0840","1730","0840","1330","0840","1330","0840","C2401184","311","09","11633","36.8264830740411","127.1378041787345"
"서울특별시 송파구 동남로 136 (문정동)","문정동 현대아파트 사거리","성조약국","02-407-1569","2000","0900","2000","0900","2000","0900","2000","0900","2000","0900","2000","0900","C1103352","057","96","11634","37.49111539611857","127.125952753679"
"제주특별자치도 제주시 서광로 267","성종약국","064-721-0224","2000","0800","2000","0800","2000","0800","2000","0800","2000","0800","1700","0800","C2900054","631","82","11635","33.500231169154056","126.5249390627095"
"경상북도 성주군 성주읍 성주로 3244, 1층 (한빛빌라)","일요일, 공휴일 휴업","성주경북약국","054-933-7533","1900","0830","1900","0830","1900","0830","1900","0830","1900","0830","1400","0830","C2700759","400","28","11636","35.91740422504534","128.28923258257348"
"충청남도 천안시 서북구 쌍용대로 316 (성정동)","신한은행사거리 / 현대아파트 맞은편","성주약국","041-571-0174","1800","0900","1800","0900","1800","0900","1800","0900","1800","0900","1300","0900","C2400750","311","34","11637","36.82544998880035","127.13764144630841"
"경기도 부천시 성주로 200 (심곡본동)","부천남부역롯데아파트입구소림사앞","성주약국","032-664-0529","2100","0900","2100","0900","2100","0900","2100","0900","2100","0900","1800","0900","C2100375","147","48","11638","37.47829669309781","126.77843123825745"
"경상북도 포항시 북구 칠성로 56-2 (남빈동)","성지대형약국","054-612-3290","2000","1000","2000","1000","2000","1000","2000","1000","2000","1000","1500","1000","C2701727","377","40","11639","36.0075756834767","129.337009961562"
"경기도 수원시 권선구 경수대로302번길 32, 성지아파트 상가 1층 102-1호 (권선동, 성지아파트)","권선동 성지아파트 상가.","성지약국","031-222-0768","2130","0900","2130","0900","2130","0900","2130","0900","2130","0900","2130","0900","C2102415","165","85","11640","37.25301152403299","127.02218062676894"
"경기도 화성시 비봉면 비봉로 112, 105호 (평산빌딩)","남양동성당앞","성지약국","031-355-1110","1900","0900","1900","0900","1900","0900","1900","0900","1900","0900","1430","0900","C2103345","182","84","11641","37.23525764264241","126.8693698567345"
"서울특별시 서초구 방배로 268","서래초등학교 정문 옆/삼호상가","성지약국","02-537-1086","1900","1030","1900","1030","1900","1030","1900","1030","1900","1030","1600","1100","C1100908","065","74","11642","37.49678397768402","126.98840032957754"
"부산광역시 부산진구 새싹로 241","버스정류장: 삼광사 입구","성지약국","051-818-1233","2000","0900","2000","0900","2000","0900","2000","0900","2000","0900","1900","0900","C1200348","471","04","11643","35.17766429760988","129.04800031927658"
"경기도 고양시 덕양구 화신로272번길 67, 5층 (화정동, 장군빌딩)","성지약국","031-817-0811","1400","0900","1400","0900","1400","0900","1400","0900","1400","0900","1600","0930","C2103681","105","00","11644","37.6338459325","126.8315618231"
"서울특별시 마포구 동교로 181, (동교동)","홍대입구역 1번 출구 인근","성지약국","02-333-4254","1900","0900","1900","0900","1900","0900","1900","0900","1900","0900","1400","0900","C1101300","039","92","11645","37.55679451159101","126.92156379793938"
"대구광역시 수성구 달구벌대로 2288 (수성동1가)","대구은행본점사거리에서수성교방향20m왼쪽","성지약국","053-742-3820","2030","0900","2030","0900","1900","0900","2030","0900","2030","0900","1530","0900","C1300067","421","21","11646","35.859579249179625","128.61265646716151"
"세종특별자치시 조치원읍 새내8길 7, 102호","조치원읍 정리","성지약국","044-868-0167","1900","0900","1900","0900","1900","0900","1900","0900","1900","0900","1400","0900","C1800014","300","27","11647","36.59938987211896","127.2986032653196"
"서울특별시 중랑구 공릉로12가길 52, (묵동)","화랑대역 7번 출구","성지옵티마약국","02-972-9890","2200","1000","2200","1000","2200","1000","2200","1000","2200","1000","2230","1730","2200","1000","2230","1730","C1102293","020","30","11648","37.6175407449093","127.082197810346"
"충청북도 청주시 흥덕구 진재로47번길 18-6 (복대동)","복대1동 우체국인근","성지한약국","043-231-0860","2000","1000","2000","1000","2000","1000","2000","1000","2000","1000","C2300625","284","16","11649","36.635648030942676","127.42852215064403"
"경상남도 창원시 마산회원구 회원남로 81","성진약국","055-248-2013","2000","0900","2000","0900","2000","0900","2000","0900","2000","0900","1600","0900","C2800449","512","90","11650","35.219242607409925","128.57016348460365"
"서울특별시 종로구 창경궁로 271-1 (혜화동)","매달 둘째, 넷째주 토요일 휴무","혜화역 4번출구/혜화동 로터리","성진약국","02-762-2211","1800","0900","1800","0900","1800","0900","1800","0900","1800","0900","1600","0900","C1101303","030","75","11651","37.58556005861803","127.00062553460074"
"서울특별시 광진구 면목로 203","성진약국","02-432-4948","1900","0900","1900","0900","1900","0900","1900","0900","1900","0900","1300","0900","C1104329","049","02","11652","37.571243184204825","127.08326223425162"
"경기도 안산시 상록구 예술광장1로 124, 선경프라자 1층 105,106호 (성포동)","01092525217","성포대한약국","031-481-8975","2100","0900","2100","0900","2100","0900","2100","0900","2100","0900","1700","0900","1700","0900","1300","0900","C2107640","152","91","11653","37.32674598","126.8444714258"
"경기도 안산시 상록구 화랑로 501 (성포동)","공휴일근무 유동적","성포동예술인아파트앞건물(파리바게트안으로들어오세요.) 최응덕소아과 아래층 위치함","성포라성약국","031-480-1057","2100","0900","2100","0900","2100","0900","2100","0900","2100","0900","2100","0900","2100","0900","2100","0900","C2103262","152","96","11654","37.32074894751832","126.84398036197449"
"서울특별시 강서구 강서로5나길 109 (화곡동)","신월중앙시장 인근","성혜약국","02-2603-1972","2000","0900","2000","0900","2000","0900","2000","0900","2000","0900","2000","0900","C1101305","077","80","11655","37.52818966645818","126.84232775328378"
"전라남도 여수시 어항로 1, (봉산동)","수산수협센터 내려가는 길.","성호약국","061-642-3081","1830","0900","1830","0900","1830","0900","1830","0900","1830","0900","1400","0900","C2600692","597","62","11656","34.732892902525435","127.71910502186735"
"인천광역시 서구 원적로 85, 310호 (가좌동, 우신프라자)","진주아파트정문국민은행건물3층","성호약국","032-572-5999","1900","0900","1900","0900","1900","0900","1900","0900","1900","0900","1500","0900","1200","0900","C1400107","228","09","11657","37.494568096733836","126.6815156473692"
"경상북도 포항시 북구 중흥로 338 (죽도동)","죽도 우리은행 대각선 맞은편","성화약국","054-281-2437","2000","0830","2000","0830","2000","0830","2000","0830","2000","0830","1600","0830","1130","0900","C2700378","377","73","11658","36.03195903699516","129.3657044365092"
"충청북도 청주시 서원구 서부로 1350 (성화동)","107호","성화열린약국","043-233-8207","2300","0900","2300","0900","2300","0900","2300","0900","2300","0900","2300","0900","2300","0900","2300","0900","C2300145","286","14","11659","36.617451039692796","127.44833067137645"
"충청북도 청주시 서원구 장전로 81","인근의료기관-토마토치과의원,속시원한연합의원,본한의원 *성화초정문파리바게트건물내입점","성화우리약국","043-234-9486","1900","0900","1900","0900","1900","0900","1900","0900","1900","0900","1300","0900","C2300385","286","37","11660","36.61760834290273","127.45723866496792"
"충청남도 천안시 서북구 성환읍 성환1로 248","성환역하나은행옆","성환녹십자약국","041-582-6978","2130","0830","2130","0830","2130","0830","2130","0830","2130","0830","2130","0830","C2400462","310","16","11661","36.9169211715","127.1281629421"
"충청남도 천안시 서북구 성환읍 성환12길 26","농가마트옆 건물","성환문화약국","041-581-5274","2030","0900","2030","0900","2030","0900","2030","0900","2030","0900","2030","0900","C2400377","330","805","11662","36.91742718368543","127.13057761579222"
"서울특별시 은평구 진흥로1길 23, (역촌동)","성환약국","02-355-8374","2000","0830","2000","0830","2000","0830","2000","0830","2000","0830","1330","0830","C1100865","034","07","11663","37.60256965683804","126.9184751438947"
"충청남도 천안시 서북구 성환읍 성환11길 37","성환터미널 맞은편 (파리바게트 앞)","성환온누리약국","041-585-7588","1930","0830","1930","0830","1930","0830","1930","0830","1930","0830","1500","0830","1300","0830","C2400768","310","16","11664","36.91662860426726","127.13201392288516"
"충청남도 천안시 서북구 성환읍 성환1로 242 (성환읍)","성환역앞","성환이화약국","041-581-6941","1900","1000","1900","1000","1900","1000","1900","1000","1900","1000","1900","1000","1800","1200","1900","0900","C2400755","310","16","11665","36.9162726448672","127.12829534005013"
"충청남도 천안시 서북구 성환읍 성환12길 45-8","성환초등학교 건너편","성환제일약국","041-585-0900","1900","0830","1900","0830","1900","0830","1900","0830","1900","0830","1600","0830","C2400079","310","15","11666","36.91747446345587","127.1334730419067"
"부산광역시 동래구 화현길 23, 1층 (안락동)","세강약국","051-525-5175","1800","0900","1800","0900","1800","0900","1800","0900","1800","0900","1300","0900","C1202979","477","95","11667","35.1963754433886","129.108348183671"
"서울특별시 종로구 세검정로6길 104, 1층 (신영동)","휴게시간 13:00~14:00","세검정온누리약국","02-394-3949","1830","0900","1830","0900","1830","0900","1830","0900","1830","0900","1330","0900","C1108415","030","19","11668","37.60158477512419","126.96180023416751"
"대구광역시 동구 효서로 5, (효목동)","예전조달청에서동구시장방향내리막길삼거리신호등10m전훼미리마트맞은편","세경약국","053-745-0606","1930","0900","1930","0900","1930","0900","1930","0900","1930","0900","1400","0900","C1300629","412","37","11669","35.877239762026406","128.63918212720918"
"경기도 안양시 동안구 달안로 112, 101-1호 (관양동, 한가람세경상가)","세경온누리약국","031-476-0218","2000","0900","2000","0900","2000","0900","2000","0900","2000","0900","1500","0900","C2100939","140","52","11670","37.397371259394674","126.95533978246664"
"인천광역시 미추홀구 경원대로 858, 1층 (주안동, 씨티프라자)","석바위 시장 입구.","세계로건강약국","032-427-0606","2100","0900","2100","0900","2100","0900","2100","0900","2100","0900","1600","0900","C1400674","221","44","11671","37.459342245778366","126.68994100595564"
"서울특별시 송파구 위례서로 248, 지하1층 L07, L08, L09호 (거여동)","일요일/공휴일 병원 진료시 영업 대체공휴일 9:00~18:00 운영","서울세계로병원 로비층","세계로메디칼약국","02-404-1275","1900","0900","1900","0900","1900","0900","1900","0900","1900","0900","1320","0900","1300","0900","C1109203","057","90","11672","37.48668655958796","127.1421736132771"
"서울특별시 성북구 화랑로40길 54 (석관동)","주말/공휴일 전화 문의 바랍니다.","영원빌딩 1층","세계로약국","02-962-5446","1930","0900","1930","0900","1930","0900","1930","0900","1930","0900","1400","0900","1600","0830","C1103858","027","81","11673","37.61349344725123","127.06445698424963"
"서울특별시 송파구 거마로 66 (마천동)","마천사거리","세계로약국","02-402-0067","2100","0900","2100","0900","2100","0900","2100","0900","2100","0900","2030","0900","2000","0930","2000","0930","C1100869","057","55","11674","37.49870219492351","127.14711004568231"
"서울특별시 은평구 불광로 54 (불광동)","불광역 9번 출구/불광초등학교 정문 맞은편","세계로약국","02-355-0513","2000","0830","2000","0830","2000","0830","2000","0830","2000","0830","1800","0900","1800","1100","1900","0930","C1101002","033","68","11675","37.611837859322385","126.93150677067692"
"서울특별시 강북구 도봉로 253, 서울메디칼빌딩 (수유동)","미아역 8번 출구에서 수유역 방향","세계로약국","02-985-0502","1830","0900","1830","0900","1830","0900","1830","0900","1830","0900","1400","0900","C1101016","011","17","11676","37.631023798666725","127.02403118866836"
"경기도 화성시 향남읍 발안만세길 93 (향남읍)","세계로약국","031-353-6769","2100","0900","2100","0900","2100","0900","2100","0900","2100","0900","1800","0900","C2107280","185","91","11677","37.13183193086888","126.89848128169268"
"경기도 성남시 분당구 수내로46번길 33, 1층 (수내동)","롯데백화점수내역1번출구옆","세계로약국","031-719-0460","2130","0900","2130","0900","2130","0900","2130","0900","2130","0900","2100","0900","1900","1200","1930","0900","C2100915","135","95","11678","37.37870940307911","127.11514281001808"
"경기도 이천시 이섭대천로 1220 (창전동)","로데오거리입구프로스펙스앞","세계로약국","031-631-3725","1700","0900","1700","0900","1700","0900","1700","0900","1700","0900","1700","0900","C2100930","173","70","11679","37.27912487846408","127.44706301689123"
"경기도 광주시 중앙로 101 (경안동)","세계로약국","031-765-6561","2200","0830","2200","0830","2200","0830","2200","0830","2200","0830","2200","0900","C2101885","127","59","11680","37.408788180289804","127.25839562045792"
"경기도 동두천시 중앙로 310 (생연동)","세계로약국","031-865-5318","1800","0900","1800","0900","1800","0900","1800","0900","1800","0900","1300","0900","C2102738","113","25","11681","37.909066445114824","127.05503135501425"
"경기도 수원시 팔달구 중부대로 245 (우만동, 용신빌딩)","세계로약국","031-205-0162","2200","0900","2200","0900","2200","0900","2200","0900","2200","0900","2200","0900","1500","0900","C2100125","164","98","11682","37.27544530344099","127.04289117892266"
"경기도 의정부시 신흥로 81, 105호 (호원동, 쌍용스윗닷홈)","세계로약국","031-871-8828","2000","0900","2000","0900","2000","0900","2000","0900","2000","0900","2000","0900","C2106890","116","36","11683","37.723454217261356","127.04334783316894"
"서울특별시 마포구 월드컵북로 347 (상암동)","상암초교 옆 메디컬빌딩","세계로약국","02-373-0343","2000","0900","2000","0900","2000","0900","2000","0900","2000","0900","1500","0900","C1102286","039","12","11684","37.57635094103418","126.89325054268565"
"경기도 파주시 와석순환로172번길 7-13, 107, 108호 (동패동)","세계로약국","031-943-1700","1800","0900","1800","0900","1800","0900","1800","0900","1800","0900","1300","0900","C2110173","109","01","11685","37.7144062766436","126.740706996893"
"충청남도 서산시 안견로 178, 1층 (동문동)","터미널옆삼성생명건물맞은편","세계로약국","041-665-4335","2100","0800","2100","0800","2100","0800","2100","0800","2100","0800","1700","0800","C2400041","319","81","11686","36.782490617729685","126.45908446928456"
"전북특별자치도 남원시 남문로 395, (왕정동)","일요일/공휴일 전화후 방문","미륭장 앞 약국(남원안과앞)","세계로약국","063-632-1733","2000","0830","2000","0830","2000","0830","2000","0830","2000","0830","1500","0830","1300","0830","C2500111","557","64","11687","35.406805555555557","127.374663888888890"
"전북특별자치도 진안군 진안읍 중앙로 87","김홍기가정의학과 앞","세계로약국","063-433-6780","1830","0830","1830","0830","1830","0830","1830","0830","1830","0830","1300","0830","1300","0900","C2500233","554","28","11688","35.79250245125614","127.42666183513421"
"경기도 광명시 디지털로 19, 1층 2호 (철산동)","세계로약국","02-6949-4820","1800","0900","1800","0900","1800","0900","1800","0900","1800","0900","1300","0900","C2110012","142","40","11689","37.4740475543898","126.869686936627"
"전북특별자치도 익산시 동서로 229, (남중동)","공휴일 전화후 방문","북부시장 사거리(제일산부인과쪽)","세계로약국","063-857-7100","2030","0830","2030","0830","2030","0830","2030","0830","2030","0830","1500","0830","1200","1000","1200","1000","C2500508","546","33","11690","35.953469444444444","126.959544444444447"
"경상남도 창원시 마산회원구 3·15대로 731, 세계로약국 (합성동)","세계로약국","055-297-6963","2030","0830","2030","0830","1930","0830","2030","0830","2030","0830","1700","0830","C2802244","512","10","11691","35.2375730960583","128.581446584665"
"서울특별시 종로구 우정국로 36, 1층 (공평동)","일요일은 유동적으로 운영하므로 전화 확인 후 방문바랍니다.","세계로약국","02-737-3338","2120","0810","2120","0810","2120","0810","2120","0810","2120","0810","2100","0900","2000","1000","C1110347","031","49","11692","37.5721780324186","126.983274217204"
"전북특별자치도 장수군 장수읍 장천로 180","장수터미널 1층 내","세계로약국","063-351-6800","1730","0800","1730","0800","1730","0800","1730","0800","1730","0800","1800","0800","C2500420","556","33","11693","35.64831997893872","127.51815483471694"
"전북특별자치도 정읍시 남북로 48 (수성동)","고려병원 맞은편 위치","세계로약국","063-531-4221","1830","0800","1830","0800","1830","0800","1830","0800","1830","0800","1300","0800","1230","0800","C2500794","580","010","11694","35.5691265271","126.8516959858"
"전북특별자치도 군산시 수송로 210-1","롯데마트에서 보건소가는방향에 위치","세계로약국","063-462-9800","1830","0900","1830","0900","1830","0900","1830","0900","1830","0900","1230","0900","C2500707","541","00","11695","35.963754070288516","126.71868282327725"
"충청남도 아산시 시민로 423 (온천동)","시민로 사거리 농협 맞은 편","세계로약국","041-549-4161","2000","0830","2000","0830","2000","0830","2000","0830","2000","0830","2000","0830","2000","0830","C2400558","315","07","11696","36.78631563925352","127.00158191202166"
"광주광역시 동구 제봉로 182","대인동190-4번지 한미쇼핑옆","세계로약국","062-228-3404","1900","0830","1900","0830","1900","0830","1900","0830","1900","0830","1700","0830","1800","0830","C1500415","614","27","11697","35.15290026738741","126.91730474218599"
"경상남도 김해시 장유로 167-9 (부곡동)","세계로약국","055-312-8182","1800","0900","1800","0900","1800","0900","1800","0900","1800","0900","1300","0900","C2800342","509","71","11698","35.20867360763528","128.80510761800687"
"전라남도 여수시 여서로 158, (여서동)","진마트 옆 세계로 약국 근처","세계로약국","061-653-9777","2230","0820","2230","0820","2230","0820","2230","0820","2230","0820","2230","0820","C2600680","597","05","11699","34.747963400706254","127.69912797554487"
"인천광역시 남동구 백범로 376, 106호(간석동,도시타워)","간석5거리2번출구","세계로약국","032-432-7770","2030","0900","2030","0900","2030","0900","2030","0900","2030","0900","1800","0900","C1400393","215","10","11700","37.466682824586826","126.70946644076727"
"경상북도 영주시 중앙로 121 (하망동)","세계로약국","0546330524","1830","0830","1830","0830","1830","0830","1830","0830","1830","0830","1300","0830","C2701545","360","74","11701","36.82600603490444","128.62560967886222"
"강원특별자치도 강릉시 주문진읍 항구로 49","세계로약국","033-662-3353","1900","0900","1900","0900","1900","0900","1900","0900","1900","0900","1700","0900","2100","0800","C2200984","254","10","11702","37.8934692948","128.8269941088"
"강원특별자치도 춘천시 후석로 348 (후평동)","포스코아파트 근처 우리정형외과 옆","세계로약국","033-255-5395","1930","0900","1930","0900","1930","0900","1900","0900","1930","0900","1700","0900","1400","0900","1800","0900","C2200634","242","97","11703","37.881811626458784","127.74884972974114"
"대구광역시 남구 두류공원로17길 40, 1층 (대명동)","세계로약국","053-652-1122","1800","0900","1800","0900","1800","0900","1800","0900","1800","0900","1300","0900","C1301469","424","71","11704","35.8445650792","128.5682570436"
"경기도 평택시 고덕여염7길 21 (고덕동)","세계로약국","050-71477-7597","1800","0900","1800","0900","1800","0900","1800","0900","1800","0900","1300","0900","C2109902","180","18","11705","37.038268968205","127.04740036011"
"대구광역시 동구 아양로 111, 1층 (신암동)","파티마병원옆","세계로약국","053-957-5606","1800","0900","1800","0900","1800","0900","1800","0900","1800","0900","1300","0900","C1300157","411","99","11706","35.884333853851494","128.62556635329895"
"부산광역시 동래구 충렬대로 249, (수안동)","버스정류장: 동래시장 육교 부근 (시장쪽)","세계로약국","051-553-3131","2200","0900","2200","0900","2200","0900","2200","0900","2200","0900","2100","0830","2100","0900","2100","0900","C1201072","478","13","11707","35.2014127","129.0865629513"
"대구광역시 북구 칠곡중앙대로 400, 1층 (태전동)","태전동지하도옆,엘지전자건너편","세계로약국","053-325-7900","1800","0900","1800","0900","1800","0900","1800","0900","1800","0900","1300","0900","C1300391","414","60","11708","35.931362721918326","128.5485188704072"
"서울특별시 노원구 상계로 119, (상계동)","노원역 10번 출구 100m","세계로약국","02-951-7274","1900","0900","1900","0900","1900","0900","1900","0900","1900","0900","1400","0900","C1101003","016","84","11709","37.65786954868555","127.06788952107863"
"경기도 부천시 오정로220번길 39-19, 1층 (오정동)","세계로약국","032-675-1255","2000","0900","2000","0900","2000","0900","2000","0900","2000","0900","2000","0900","C2106947","144","37","11710","37.52728605764511","126.78623721905427"
"서울특별시 서초구 동작대로 38, (방배동)","구정, 추석 명절 당일만 휴무","사당역 11번 출구에서 이수역 방향","세계로약국","02-3474-2599","2130","0900","2130","0900","2130","0900","2130","0900","2130","0900","2130","0900","2100","1100","2100","1100","C1102285","066","91","11711","37.47981046662257","126.98217904557507"
"충청북도 청주시 서원구 모충로 18, 1층 3호 (개신동)","세계로약국","043-265-7582","1900","0900","1900","0900","1900","0900","1900","0900","1900","0900","1400","0900","C2300273","286","68","11712","36.62472250952099","127.46602538920263"
"충청남도 천안시 서북구 월봉로 93 (쌍용동)","쌍용동롯데마트정문,쌍용동 농협맞은편","세계로약국","041-577-6770","2200","0900","2200","0900","2200","0900","2200","0900","2200","0900","2200","0900","2200","0900","2200","0900","C2400715","311","71","11713","36.798955555555558","127.117855555555550"
"충청북도 진천군 이월면 진광로 792 (세계로약국)","이월터미널맞은편","세계로약국","043-536-8509","2100","0730","2100","0730","2100","0730","2100","0730","2100","0730","2000","0800","1830","0900","1830","0900","C2300408","278","15","11714","36.93100735043183","127.42916408766164"
"경기도 안성시 죽산면 죽주로 283, 106호 (훼밀리타운)","세계로약국","031-676-9688","2200","0800","2200","0800","2200","0800","2200","0800","2200","0800","2200","0800","2200","0900","2200","0900","C2101317","175","19","11715","37.076371655245346","127.42635189238055"
"경기도 안양시 동안구 관악대로 133, 161동 301-3호 (비산동, 삼성래미안아파트상가)","세계로약국","031-466-8447","1830","0900","1830","0900","1830","0900","1830","0900","1830","0900","1400","0900","C2101358","139","22","11716","37.39914337384986","126.93541310052362"
"경기도 여주시 여흥로109번길 15(창동)","세계로약국","031-886-6007","2200","0900","2200","0900","2200","0900","2200","0900","2200","0900","1600","0900","C2100682","126","22","11717","37.29699553350864","127.63591976577445"
"경기도 용인시 처인구 금령로 19","중앙지구대옆","세계로약국","031-339-0775","2100","0900","2100","0900","2100","0900","2100","0900","2100","0900","2100","0900","1800","0900","C2101829","170","49","11718","37.23500189200219","127.19840740009141"
"경기도 군포시 군포로 530, 1층 (당동)","양약,건강식품,동물의약품","군포역 사거리,군포 1동 주민센터 맞은편 1층위치(2층 장이비인후과,3층최피부비뇨기과)","세계로약국","031-455-9007","2100","0900","2100","0900","2100","0900","2100","0900","2100","0900","1800","0900","1830","1200","C2100695","158","55","11719","37.35316407265896","126.94622021253852"
"서울특별시 중랑구 동일로 775, 그린빌딩 1층 (중화동)","세계로약국","02-432-3284","2100","0900","2100","0900","2100","0900","2100","0900","2000","0900","2100","0900","C1109018","021","02","11720","37.59965855392796","127.07954846799959"
"서울특별시 동작구 상도로 206, 101호 (상도동)","장승배기역 1번 출구, 동작 등기소 옆","세계로약국","02-814-6220","1930","0900","1930","0900","1930","0900","1930","0900","1930","0900","1700","0900","1400","0900","C1101019","069","64","11721","37.50502105368028","126.94155985466435"
"경기도 안산시 단원구 초지로 114, 109,110호 (초지동, 주공프라자)","세계로온누리약국","031-439-3060","2025","0900","2025","0900","2025","0900","2025","0900","2025","0900","1600","0900","C2100724","154","45","11722","37.3087344166767","126.81527263117327"
"충청북도 음성군 음성읍 시장로 82 (음성읍)","롯데리아맞은편(제일연합,현대내과앞)","세계로온누리약국","043-872-7678","1900","0900","1900","0900","1900","0900","1900","0900","1900","0900","1300","0900","C2300004","277","02","11723","36.934944444444447","127.693411111111118"
"서울특별시 광진구 아차산로 219, 삼영빌딩 1층 (화양동)","매달 4, 5번째 일요일 정기 휴무","건대입구역 1번 출구","세계로온누리약국","02-466-0253","2200","0900","2200","0900","2200","0900","2200","0900","2200","0900","2200","0930","2200","1100","2200","1100","C1100867","050","19","11724","37.5411192000808","127.06783443898435"
"서울특별시 구로구 경인로 643","세계로온누리약국","02-2631-7351","2000","0930","2000","0930","2000","0930","2000","0930","2000","0930","1700","0930","C1106921","082","08","11725","37.50824500147958","126.88663499846295"
"경기도 수원시 팔달구 덕영대로 923-10, 105호 (매산로1가, 비젼포에버)","비전포에버빌딩1층","세계약국","031-268-7125","0800","0900","0800","0900","0800","0900","0800","0900","0800","0900","1700","0900","C2101255","164","61","11726","37.26592003266203","127.00169109950735"
"대구광역시 북구 동북로 198, (산격동)","복현오거리→대우아파트방향신세계여성병원옆","세계약국","053-952-2280","1800","0900","1800","0900","1800","0900","1800","0900","1800","0900","1600","0900","1300","0900","C1300315","415","35","11727","35.89788148472527","128.61387985188088"
"대구광역시 달서구 달구벌대로 1571, 1층 102호 (죽전동)","세계약국","053-217-6008","1830","0900","1830","0900","1830","0900","1830","0900","1830","0900","1330","0900","C1301674","426","39","11728","35.8511051897085","128.538560751547"
"서울특별시 중구 남대문로 지하72, 명동지하쇼핑센터 바-2호 (남대문로2가)","매달 3번째 일요일 정기휴무","명동지하쇼핑센터 바-2","세계약국","02-776-8000","2030","0930","2030","0930","2030","0930","2030","0930","2030","0930","2030","0930","1930","1030","2100","0900","C1102288","045","35","11729","37.5635641593204","126.982090184082"
"경상북도 문경시 신흥시장길 19 (흥덕동)","세계약국","054-555-4890","1800","0900","1800","0900","1800","0900","1800","0900","1800","0900","1300","0900","C2700575","369","67","11730","36.6013902232","128.2041654447"
"부산광역시 남구 분포로 113, 1005-308 (용호동,엘지메트로시티)","메트로상가 건너편 현대상가 1층","세계약국","051-628-8110","1900","0900","1900","0900","1900","0900","1900","0900","1900","0900","1530","0900","C1200839","485","16","11731","35.127265629","129.1090419481"
"서울특별시 용산구 원효로53길 1 (원효로2가)","원효로2가 사거리","세계약국","02-703-4649","1900","0930","1900","0930","1900","0930","1900","0930","1900","0930","1300","0900","C1101286","043","64","11732","37.535724327773885","126.96203751228084"
"경상남도 통영시 정동1길 58, (동호동)","세계로병원","세계약국","055-642-8275","1830","0900","1830","0900","1830","0900","1830","0900","1830","0900","1400","0900","C2800165","530","50","11733","34.84394824719288","128.42992800122192"
"서울특별시 강남구 헌릉로570길 34","세곡택지개발지구 근생 2블록 2-1 2로트 1층 108호","세곡리엔약국","02-445-8604","2100","0900","2100","0900","2100","0900","2100","0900","2100","0900","1300","0900","C1104587","063","65","11734","37.46318345530462","127.10342340432253"
"서울특별시 강남구 헌릉로569길 27, 2층 (세곡동)","매일 휴게시간 13:00~14:00, 18:00~19:00","세곡온누리약국","070-8828-7963","2300","0900","2300","0900","2300","0900","2300","0900","2300","0900","2130","0900","2130","0900","2130","0900","C1107714","063","76","11735","37.46689511485788","127.09874867408527"
"경상남도 거제시 옥포로20길 12 (옥포동)","세광약국","055-687-3004","2000","0900","2000","0900","2000","0900","2000","0900","2000","0900","1800","0900","C2800023","532","22","11736","34.8942381882","128.6920230389"
"서울특별시 동대문구 왕산로 171 (제기동)","청량리역 1번 출구","세광약국","02-962-8989","2000","0700","2000","0700","2000","0700","2000","0700","2000","0700","2000","0700","2000","0800","2000","0700","C1101288","025","72","11737","37.57943478596818","127.04215927513556"
"경기도 수원시 권선구 세권로165번길 30-2 (권선동)","세광약국","031-232-2140","1800","0900","1800","0900","1800","0900","1800","0900","1800","0900","1300","0900","C2101357","165","66","11738","37.25724973820922","127.02322151678446"
"인천광역시 강화군 선원면 중앙로 259, 세광약국 1층","세광약국","032-934-2249","1800","0900","1800","0900","1800","0900","1800","0900","1800","0900","1300","0900","C1400186","230","40","11739","37.7238309131","126.4812543607"
"강원특별자치도 홍천군 홍천읍 홍천로 476-10,","홍천아산병원근처","세광약국","033-434-5247","2030","0900","2030","0900","2030","0900","2030","0900","2030","0900","2030","0900","2030","0900","2030","0900","C2200201","251","25","11740","37.69564730437292","127.8947750630009"
"인천 부평구 마장로220번길 13 (산곡동, 한신휴아파트)","세광한약국","032-865-1240","1800","1000","1800","1000","1800","1000","1800","1000","1800","1000","1400","1000","G1400028","213","76","11741","37.4995202155071","126.703647043785"
"경기도 평택시 세교7길 52, SJ빌딩 1층 102호 (세교동)","세교 봄약국","031-691-0911","2000","0810","1810","0810","1810","0810","1810","0810","1810","0810","1300","0800","C2109567","178","42","11742","37.0064487678111","127.089500531591"
"경기도 오산시 고을1길 36, 103호 (누읍동)","세교까치약국","031-376-0711","1800","0900","1800","0900","1800","0900","1800","0900","1800","0900","1300","0900","C2110144","181","27","11743","37.1443550608501","127.054580815084"
"경기도 오산시 죽담3로 6, 제1동 107호 (궐동)","세교마루약국","031-378-5368","1800","0900","1800","0900","1800","0900","1800","0900","1800","0900","1300","0900","C2109894","181","24","11744","37.1636899272508","127.050431824729"
"경기도 오산시 오산대역로 214, 1층 108호 (수청동)","세교바른약국","031-373-0844","1900","0900","1900","0900","1900","0900","1900","0900","1900","0900","1400","0900","C2107900","181","14","11745","37.17085564233578","127.0655856438201"
"경기도 평택시 세교7길 30, 101호 (세교동)","세교약국","031-618-5572","2000","0900","2000","0900","2000","0900","2000","0900","2000","0900","1400","0900","C2109030","178","42","11746","37.0043361442754","127.088228037477"
"충청남도 아산시 배방읍 세교중앙로 36, 1층 104호","세교초등학교 앞 건물, 건물 뒤에 주차장입구 있음","세교약국","0507-1428-8581","1930","0900","1930","0900","1930","0900","1930","0900","1930","0900","1330","0900","1330","0900","1330","0900","C2401857","314","73","11747","36.7788771671572","127.093838075942"
"경기도 오산시 내삼미로79번길 19, 102,103호 (수청동)","세교엘약국","031-376-8997","1900","0830","1900","0830","1900","0830","1900","0830","1900","0830","1600","0830","C2107701","181","14","11748","37.1694650764","127.064372918"
"경기도 오산시 초평중앙로 127-4, 104호 (가수동)","오산동861-18성모의원주차장앞","세교오약국","031-374-2905","2000","0900","2000","0900","2000","0900","2000","0900","2000","0900","1800","0900","C2101687","181","25","11749","37.149619444444447","127.069247222222216"
"경기도 오산시 수청로 189, 106,107호 (금암동, 웅신아트프라자)","세교 중심상가에 위치한 믿을 수 있는 약국입니다.","세교택지지구 근생3블록 6로트","세교온누리약국","031-377-4862","2000","0830","2000","0830","2000","0830","2000","0830","2000","0830","1400","0830","C2102122","181","09","11750","37.1768262938","127.0458847375"
"경기도 오산시 수목원로 458 (금암동)","세교중앙약국","031-376-8570","2100","0900","2100","0900","2100","0900","2100","0900","2100","0900","1900","0900","1300","0900","C2107429","181","08","11751","37.1747411686","127.0505182164"
"경기도 수원시 팔달구 정조로 777 202-1호(팔달로3가)","세기약국","031-254-4564","2000","0900","2000","0900","2000","0900","2000","0900","2000","0900","C2107311","162","61","11752","37.2773441624","127.01610602"
"인천광역시 계양구 장제로 911 (병방동)","병방시장입구","세기약국","032-542-4404","1600","0900","1600","0900","1600","0900","1600","0900","1600","0900","1600","0900","C1400141","210","27","11753","37.547819444444443","126.740575000000007"
"경기도 부천시 경인로 180, 110호 (심곡본동, 부천심곡파라곤)","세기약국","032-611-2111","2030","0840","2030","0840","2030","0840","2030","0840","2030","0840","C2106943","147","25","11754","37.48358840810322","126.77514123960507"
"경기도 성남시 분당구 성남대로331번길 7, 106호 (정자동, 정자스타빌딩)","정자역3번출구","세기약국","031-717-7896","2130","0900","2130","0900","2130","0900","2130","0900","2130","0900","2130","0900","C2100479","135","58","11755","37.365468480792146","127.10721044562881"
"충청북도 청주시 청원구 주성로 257, 101호 (주중동)","세기약국","043-211-2100","1830","0900","1830","0900","1830","0900","1830","0900","1830","0900","1330","0900","C2301280","283","25","11756","36.6709639989321","127.495070662032"
"경기도 수원시 팔달구 정조로801번길 3, 101호 (팔달로2가, 삼광빌딩)","세라약국","0312432262","1800","0900","1800","0900","1800","0900","1800","0900","1800","0900","1300","0900","C2110258","162","61","11757","37.2794795026159","127.016356574149"
"경기도 용인시 수지구 광교중앙로 298, 드림타워2 108호 (상현동)","팔달문백내과국민은행사이/삼광빌딩 1층","세라약국","031-8061-8275","2100","0930","2100","0930","2100","0930","2100","0930","2100","0930","1700","0930","C2100834","169","43","11758","37.27950644592295","127.01617561256703"
"서울특별시 서대문구 연세로 39 (창천동)","연세대 정문 앞","세란약국","02-322-1239","1900","0900","1900","0900","1900","0900","1900","0900","1900","0900","1400","0900","C1103863","037","88","11759","37.55913945837485","126.93674995103011"
"인천광역시 서구 가정로 388, KEB외환은행 1층 일부호 (가정동)","신현이편한세상아파트 입구 맞은편","세란약국","032-582-1682","1500","0900","1500","0900","1500","0900","1500","0900","1500","0900","1500","0900","C1400115","227","77","11760","37.51926179553696","126.67325150551369"
"서울특별시 광진구 천호대로 635","아차산역 1번 출구","세란약국","02-455-0789","1800","0930","1800","0930","1800","0930","1800","0930","1800","0930","1300","0930","C1102292","049","31","11761","37.553931345838556","127.08835264243693"
"광주광역시 동구 필문대로273번길 3 (동명동)","세란약국","062-225-9613","2000","0900","2000","0900","2000","0900","2000","0900","2000","0900","1800","0900","C1501052","614","48","11762","35.1467971254","126.9281600967"
"서울특별시 관악구 남부순환로161가길 26 (신림동)","신사동 주민센터 인근","세란약국","02-854-5925","1900","0900","1900","0900","1900","0830","1900","0900","1900","0900","1500","0900","C1102929","087","62","11763","37.485033557197774","126.91738756139092"
"경기도 용인시 기흥구 동백죽전대로 361, 103호 (중동)","세란약국","031-282-5311","1800","0900","1800","0900","1800","0900","1800","0900","1800","0900","C2108701","169","95","11764","37.2719401139979","127.148438049064"
"대전광역시 서구 둔산로 34, 102호 (둔산동, 씨엔씨타워)","365일 운영","둔산동 갤러리아타임월드뒤 파리바게뜨 길건너편","세란약국","042-486-0214","2400","0000","2400","0000","2400","0000","2400","0000","2400","0000","2400","0000","2400","0000","2400","0000","C1600406","352","30","11765","36.35137320798246","127.3775397183662"
"서울특별시 강서구 강서로 231, 208호 (화곡동, 우장산역 해링턴 타워)","세란온누리약국","02-2065-1103","1900","0830","1930","0830","1930","0830","1930","0830","1900","0830","1400","0830","C1107988","077","05","11766","37.54640157823747","126.83604865268235"
"충청남도 서산시 안견로 170, 1층 (동문동)","세련약국","041-920-7240","1830","0900","1830","0900","1830","0900","1300","0900","1830","0900","1300","0900","C2401608","319","81","11767","36.7832992689772","126.459159538272"
"서울특별시 강남구 강남대로152길 46, 1층 (신사동)","세로수길약국","02-518-1374","2000","1000","2000","1000","2000","1000","2000","1000","2000","1000","1730","1000","C1109583","060","35","11768","37.5181737013501","127.02298153685"
"경기도 수원시 권선구 정조로413번길 68, 1층 (세류동)","세류굿모닝약국","031-232-1364","1930","0900","1930","0900","1930","0900","1930","0900","1930","0900","1500","0900","C2103273","166","58","11769","37.248734681886106","127.01263048535213"
"경기도 수원시 권선구 덕영대로 1088","세류사거리/우리들내과 조장우이비인후과 근처","세류온누리약국","031-224-2564","1900","0830","1900","0830","1900","0830","1900","0830","1900","0830","1500","0830","C2104374","166","55","11770","37.2538780354122","127.01073551848485"
"경기도 수원시 권선구 세류로 32, 1층 102-1호 (세류동)","세류중앙약국","031-235-1090","1800","0900","1800","0900","1800","0900","1800","0900","1800","0900","C2106953","165","93","11771","37.26185433143087","127.00728703368942"
"경기도 성남시 수정구 남문로 106, 1층 (태평동)","공휴일은 유동적으로 운영","세린약국","031-722-1023","1930","0900","1930","0900","1930","0900","1930","0900","1930","0900","1300","0900","C2102213","132","89","11772","37.447113888888886","127.138180555555550"
"부산광역시 수영구 광남로 43","수영구청 부근 성산교회 옆","세림약국","051-621-0025","1830","0900","1830","0900","1830","0900","1830","0900","1830","0900","1330","0900","C1200125","483","14","11773","35.14667771371898","129.11151219358368"
"충청북도 제천시 의병대로 105 (남천동)","TTC영화관맞은편","세림약국","043-643-9097","1900","0740","1900","0740","1600","0740","1900","0740","1900","0740","1300","0800","1300","0740","C2300066","271","74","11774","37.13572334121808","128.21245588570105"
"전북특별자치도 익산시 고봉로30길 10, (영등동)","제일1차아파트 앞 소병수 이비인후과 1층","세림약국","063-833-4600","1830","0900","1830","0900","1830","0900","1830","0900","1830","0900","1300","0900","C2500369","546","43","11775","35.956077777777779","126.971266666666665"
"경상남도 김해시 능동로 157, 503호 (부곡동, 거북빌딩)","세림약국","055-311-8733","1830","0900","1830","0900","1830","0900","1830","0900","1830","0900","1400","0900","C2800987","509","81","11776","35.202784422206044","128.8083992920731"
"경기도 평택시 송탄로 272 (서정동)","세림약국","031-611-6141","1900","0900","1900","0900","1900","0900","1900","0900","1900","0900","1400","0900","1200","0900","C2101169","177","74","11777","37.0679719047106","127.05916407173822"
"경상남도 창원시 의창구 우곡로217번길 33, 호텔그레이 1층 101호 (명서동)","세림약국","055-288-1754","1900","0845","1900","0845","1900","0845","1900","0845","1900","0845","1600","0845","1600","0845","1600","0845","C2800164","513","88","11778","35.241799999999998","128.650011111111098"
"경기도 오산시 수목원로 618, 1층 106호 (세교동)","세마약국","031-376-3494","2200","0830","2200","0830","2200","0830","2200","0830","2200","0830","2100","0830","1800","1000","1800","1000","C2108668","181","06","11779","37.1867804583051","127.04138918977"
"서울특별시 동작구 여의대방로44길 47 (대방동, 주공상가 101호)","대방역 인근/주공아파트상가 101호","세메론약국","02-825-6161","1830","0900","1830","0900","1830","0900","1830","0900","1830","0900","1500","0900","C1103279","069","42","11780","37.50977417585207","126.92974522777189"
"서울특별시 금천구 시흥대로 222 (시흥동)","세명당약국","02-803-3481","2000","0830","2000","0830","2000","0830","2000","0830","2000","0830","1700","0830","2000","1300","1800","1300","C1110176","086","28","11781","37.453699792015335","126.90124607228503"
"인천광역시 계양구 장제로 714, 세종팰리스 104호 (작전동)","세명약국","032-551-3557","1500","0900","1500","0900","1500","0900","1500","0900","1500","0900","1500","0900","C1400829","210","79","11782","37.53135751244053","126.73423250223526"
"대구광역시 달성군 논공읍 남리길 1,","평광4차입구","세명약국","053-616-8880","1930","0900","1930","0900","1930","0900","1930","0900","1930","0900","1300","0900","C1300646","429","85","11783","35.72704405756691","128.44836569491315"
"부산광역시 중구 광복로 33 (창선동2가)","1호선 자갈치역 7번 출구","세명약국","051-245-1081","2130","0700","2130","0700","2130","0700","2130","0700","2130","0700","2130","0700","2130","0700","2130","0700","C1200662","489","46","11784","35.09951388888889","129.02878611111237"
"대구광역시 중구 국채보상로 468 (대신동)","세명약국","053-255-7785","1900","0900","1900","0900","1900","0900","1900","0900","1900","0900","1800","0900","1700","1000","1800","0900","C1301475","419","26","11785","35.8703281901","128.5819176295"
"충청북도 제천시 의림대로17길 2 (중앙로2가)","제천윤정형외과옆","세명약국","043-651-2428","1900","0830","1900","0830","1900","0830","1900","0830","1900","0830","1330","0830","1330","0830","C2300117","271","69","11786","37.14028529820201","128.21147077486796"
"경기도 평택시 서탄면 발안로 1226 (서탄면)","세명약국","031-376-9797","2100","0900","2100","0900","2100","0900","2100","0900","2100","0900","2100","0900","2100","0900","C2104620","177","03","11787","37.13613550850355","127.03586125748106"
"경기도 부천시 소안로 24, 101호 (괴안동, 가산빌딩)","소사SK뷰아파트 정문 맞은편 건물 1층 (가산빌딩 101호)","세명약국","032-345-4762","2030","0900","2030","0900","2030","0900","2030","0900","2030","0900","C2104673","146","99","11788","37.47705912280089","126.80200908813577"
"경상남도 창원시 진해구 해원로32번길 10 (이동)","진해연세병원 근처","세명약국","055-547-9888","1800","0900","1800","0900","1800","0900","1800","0900","1800","0900","1300","0900","C2800178","516","59","11789","35.154486111111112","128.697908333333345"
"경상남도 양산시 서창로 190, (삼호동)","파출소","세명약국","055-365-2419","2000","0900","2000","0900","2000","0900","2000","0900","2000","0900","1500","0900","1300","0900","1500","0900","C2800233","505","27","11790","35.41595808761014","129.17264134727634"
"서울특별시 구로구 오류로8길 16, 세명프라자 201호 (오류동)","평일 점심시간 13:00~14:00","오류동역 사거리","세명약국","02-2615-7570","1900","0900","1900","0900","1900","0900","1900","0900","1900","0900","1400","0900","C1104221","083","43","11791","37.4909827176637","126.841521063759"
"광주광역시 북구 동문대로 19-1","서방시장 근접","세명약국","062-512-1652","1800","0900","1800","0900","1800","0900","1800","0900","1800","0900","1230","0900","C1500427","612","15","11792","35.16664195548954","126.9194156541158"
"경상북도 문경시 가은읍 대야로 2480","가은버스터미널앞","세명약국","054-571-6024","1800","0900","1800","0900","1800","0900","1800","0900","1800","0900","1700","0900","C2700871","369","96","11793","36.64675976699031","128.0618693597637"
"전라남도 여수시 중앙로 61-1","여수시교동외환은행주위세화이비인후과옆","세명약국","061-662-0020","1800","0830","1800","0830","1800","0830","1800","0830","1800","0830","1300","0830","C2600238","597","36","11794","34.74031236617777","127.73436312169085"
"대구광역시 수성구 수성로 335 (수성동1가)","세명약국","053-741-7588","1800","0900","1800","0900","1800","0900","1800","0900","1800","0900","1500","0900","C1301642","421","22","11795","35.855536402536","128.613371419499"
"전라남도 신안군 비금면 송치길 155-19,","신안비금대우병원아래50m","세명약국","061-275-7588","2100","0800","2100","0800","2100","0800","2100","0800","2100","0800","1700","0800","C2600076","588","47","11796","34.721192620931944","125.93272176423022"
"경기도 안양시 동안구 흥안대로 313 (평촌동)","안양농수산물시장내","세명약국","031-421-7623","2000","0800","2000","0800","2000","0800","2000","0800","2000","0800","2000","0800","C2103603","141","04","11797","37.383016622384766","126.97051122206221"
"서울특별시 강남구 학동로 411 (청담동)","강남구청역 4번 출구에서 청담역 방향","세명약국","02-540-0054","1830","0900","1830","0900","1830","0900","1830","0900","1830","0900","1300","0900","C1100995","060","69","11798","37.51807351984356","127.04489609285902"
"경기도 안성시 중앙로 312(석정동)","세명약국","031-672-7900","1800","0900","1800","0900","1800","0900","1800","0900","1800","0900","1300","0900","C2109080","175","78","11799","37.0102885718823","127.2623227191"
"경기도 수원시 장안구 송정로 66 (정자동)","길림성대각선사거리","세명약국","031-243-0531","1900","0900","1900","0900","1900","0900","1900","0900","1900","0900","1400","0900","C2101956","163","12","11800","37.29578491986875","127.00443465506214"
"경기도 용인시 기흥구 구갈로 29","구갈초등학교앞정문","세명약국","031-282-4229","2200","0900","2200","0900","2200","0900","2200","0900","2200","0900","2100","0900","2100","1200","C2100561","169","71","11801","37.27700236286297","127.1109428262406"
"서울특별시 마포구 마포대로 127","공덕역 3번 출구/풍림VIP텔 214호","세명약국","02-715-6290","2000","1000","2000","1000","1930","1000","2000","1000","2000","1000","1500","1000","C1100123","041","44","11802","37.5462579314347","126.95215900862773"
"전라남도 순천시 호남길 3 (행동)","순천의료원(도립병원) 정문 앞","순천의료원정문앞","세명약국","061-753-3334","1830","0730","1830","0730","1830","0730","1830","0730","1830","0730","1300","0800","1300","0800","1830","0800","C2600333","579","41","11803","34.95696965034724","127.48371334949798"
"경기도 동두천시 정장로 33 (생연동)","동두천중앙역전방200M","세명약국","031-861-0866","2000","0900","2000","0900","2000","0900","2000","0900","2000","0900","1500","0900","1300","1000","C2102559","113","29","11804","37.904349960871066","127.05450340871937"
"울산광역시 중구 학성로 99, 101호 (옥교동)","시계탑사거리에서초등학교쪽(휠라상설매장에서두번째건물)","세명약국","052-211-3949","1900","0900","2030","0900","2030","0900","2030","0900","2030","0900","1800","0900","C1700066","445","30","11805","35.555913888888888","129.321838888888891"
"경기도 성남시 중원구 희망로380번길 13 (상대원동)","세미약국","031-733-2006","1800","0900","1800","0900","1800","0900","1800","0900","1800","0900","1500","0900","C2101663","133","96","11806","37.43890624853278","127.1602396342098"
"대전광역시 대덕구 계족로663번길 30-6 (법동)","세미약국","042-673-1972","2000","0800","2000","0800","2000","0800","2000","0800","2000","0800","1800","0800","C1600365","343","83","11807","36.3708843802885","127.42714315892"
"경기도 수원시 권선구 금곡로102번길 20","세민약국","031-297-9064","2000","0900","2000","0900","2000","0900","2000","0900","2000","0900","1300","0900","C2103505","163","85","11808","37.2732604828291","126.94126867957972"
"서울특별시 종로구 자하문로7길 73, 101호 (누하동, 트라이빌)","경복궁역 2번 출구 도보 10분 거리","세민약국","02-739-8851","1900","0900","1900","0900","1900","0900","1900","0900","1900","0900","1700","0900","C1100998","030","36","11809","37.580408996157445","126.96873957666386"
"대구광역시 중구 달구벌대로 2095, 삼성생명 4층 (덕산동)","세민약국","053-243-0508","1800","0900","1800","0900","1800","0900","1800","0900","1800","0900","1600","0900","1500","0900","C1301719","419","36","11810","35.8663183838019","128.592798810904"
"경기도 남양주시 퇴계원읍 퇴계원로 51","세민약국","031-571-6734","2000","0900","2000","0900","2000","0900","2000","0900","2000","0900","2100","0900","1800","0900","C2102963","121","20","11811","37.65145372487245","127.14181064866966"
"부산광역시 북구 백양대로 1112-1","구명역 4번출구","세민약국","051-334-3553","1845","0900","1845","0900","1845","0900","1845","0900","1845","0900","1300","0900","C1200355","466","28","11812","35.203678840906925","129.0005463909512"
"경기도 평택시 탄현로 335, 1층 (신장동)","세민약국","031-611-7378","1800","1000","1800","1000","1800","1000","1800","1000","1800","1000","C2108388","177","53","11813","37.0821578811573","127.056302469999"
"인천광역시 부평구 수변로 64 (부개동)","부개역 부근","세민약국","032-512-5632","2100","0900","2100","0900","2100","0900","2100","0900","2100","0900","2030","0900","C1400328","214","02","11814","37.49212280268459","126.74086677094345"
"서울특별시 노원구 섬밭로 229 201호 (하계동, 극동,건영,벽산아파트)","하계역 인근/벽산상가 109호","세브란스약국","02-974-3587","1900","0900","1900","0900","1900","0900","1900","0900","1900","0900","1600","0900","C1104459","017","76","11815","37.6348551287974","127.06576131499797"
"서울특별시 동작구 동작대로25길 39 (사당동)","주말은 운영시간 유동적으로 전화 확인 후 방문바랍니다.","세브란스약국","02-593-1551","2200","0800","2200","0800","2200","0800","2200","0800","2200","0800","2200","0800","2200","0830","C1103351","070","08","11816","37.48543697898357","126.98036579986162"
"전라남도 순천시 이수로 315, (조례동)","일요일과 공휴일을 옆에 약국과 돌아가면서 운영하므로 운영여부의 정기적인 운영이 아니라 변동사항이 많음","연향동국민은행맞은편,성모안과옆","세브란스약국","061-721-4318","1800","0900","1800","0900","1800","0900","1800","0900","1800","0900","1400","0900","C2600573","579","50","11817","34.95382837522749","127.5181396886653"
"제주특별자치도 제주시 동광로 90 (이도이동)","세브란스약국","064-722-5711","1800","0800","1800","0800","1800","0800","1800","0800","1800","0800","1200","0800","C2900056","632","14","11818","33.5048024957","126.5377161778"
"경기도 하남시 대청로116번길 59-1, 120호 (창우동, 신안아파트종합상가)","하남시신안a정문신안상가1층","세브란츠약국","031-791-5575","2100","0900","2100","0900","2100","0900","2100","0900","2100","0900","1700","0900","C2103314","129","55","11819","37.537134287","127.2242862631"
"서울특별시 용산구 대사관로 56 (한남동)","순천향대 서울병원 맞은편","세브레스약국","02-798-3048","1800","0830","1800","0830","1800","0830","1800","0830","1800","0830","1300","0900","C1102283","044","02","11820","37.5332845884683","127.004186627406"
"경기도 부천시 상동로 87, 가나베스트타운 쓰리 7층 706호 (상동)","홈플러스상동점 맞은편 건물 안쪽","세븐약국","032-000-0000","2100","0900","2100","0900","2100","0900","2100","0900","2100","0900","1600","0900","C2100282","145","44","11821","37.50522119833573","126.75244337314142"
"서울특별시 서초구 서초대로 240 지하1층 B02호 (서초동, 서초동 동일하이빌)","서초역 2번 출구 바로 앞","세븐약국","02-598-7753","1900","0900","1900","0900","1900","0900","1900","0900","1900","0900","1400","0900","C1107386","066","47","11822","37.491666518682","127.00854014464"
"서울특별시 강서구 마곡동로 61, 에이스프라자 403호 (마곡동)","세븐약국","02-2088-4850","1830","0800","1830","0800","1830","0800","1830","0800","1830","0800","1330","0930","C1109157","078","02","11823","37.560590578221465","126.83322482470345"
"서울특별시 서대문구 응암로 64, 1층 (북가좌동)","북가좌초 사거리","세빛약국","02-6052-0333","1900","0830","2000","0830","1900","0830","1900","0830","2000","0830","1500","0900","C1107541","036","91","11824","37.57873951617288","126.91065577915789"
"충청남도 서산시 해미면 남문4로 17-1","완행터미널 근처","세선약국","041-688-5352","2030","0800","2030","0800","2030","0800","2030","0800","2030","0800","1900","0800","C2400082","319","60","11825","36.71160154751411","126.54417715681354"
"서울특별시 영등포구 시흥대로187길 1","세성심약국","02-832-9144","1830","0830","1830","0830","1830","0830","1830","0830","1830","0830","1300","0900","C1106996","074","42","11826","37.4923751349944","126.908680378587"
"경기도 고양시 덕양구 권율대로 893, 108호 (신원동, 파스텔시티1차)","세솔약국","02-371-2408","1800","0900","1800","0900","1800","0900","1800","0900","1800","0900","1800","0900","1800","0900","C2106840","105","68","11827","37.6636723890929","126.88982693228698"
"광주광역시 서구 화운로126번길 7, 1층 (화정동)","세솔한약국","062-362-1301","1700","0900","1700","0900","1700","0900","1700","0900","1700","0900","C1500981","619","80","11828","35.15077427332458","126.87880214662326"
"대구광역시 서구 팔달로 164 (비산동)","세송약국","053-353-1252","2100","0900","2100","0900","2100","0900","2100","0900","2100","0900","1700","0900","1700","0900","C1301295","417","15","11829","35.88859341681815","128.56783592466462"
"전라남도 목포시 용당로 159 (용당동)","광명전자 필림난방 근처","세신약국","061-276-0569","1900","0830","1900","0830","1900","0830","1900","0830","1900","0830","1300","0830","1230","0830","C2600144","587","05","11830","34.801573673653245","126.40035570282175"
"부산광역시 서구 충무대로 246, 1층104(남부민동,현대타운)","현대타운 104호","세신약국","051-245-7585","2100","0900","2100","0900","2100","0900","2100","0900","2100","0900","1500","0900","C1200892","492","54","11831","35.0926659254","129.0244140504"
"대구광역시 달서구 달구벌대로 1748 (두류동)","두류역11번출구","세신약국","053-626-1988","1830","0830","1830","0830","1830","0830","1830","0830","1830","0830","1330","0830","C1300891","426","47","11832","35.85712003086778","128.55637756371348"
"대전광역시 대덕구 한밭대로1036번길 37, (오정동)","화정초등학교 입구","세실약국","042-622-4779","2100","0800","2100","0800","2100","0800","2100","0800","2100","0800","2100","0800","C1600032","344","37","11833","36.35660594552066","127.4138542002663"
"경기도 용인시 기흥구 동백3로11번길 11, 한솔프라자 203호 (중동)","세심당한약국","031-8005-8876","1800","0900","1800","0900","1800","0900","1800","0900","1800","0900","1300","0900","C2109403","170","06","11834","37.2803518218835","127.153622134315"
"서울특별시 성동구 마장로35길 76, 105-2 (마장동,현대아파트상가)","현대아파트상가 105-2","세심약국","02-2282-5734","2100","0900","2100","0900","2100","0900","2100","0900","2100","0900","2100","0900","C1102958","047","53","11835","37.570201912017126","127.04196729752066"
"경상북도 문경시 매봉4길 24-1 (모전동)","모전주공아파트앞","세아온누리약국","054-556-0010","2000","0800","2000","0800","2000","0800","2000","0800","2000","0800","1200","0800","1200","0800","1200","0800","C2700493","369","83","11836","36.58672152050294","128.18447995672747"
"경기도 파주시 금빛로 24-28, 105호 (금촌동, 우성메디피아)","금촌로데오파리바게트옆","세안약국","031-946-3510","1600","0900","1600","0900","1600","0900","1600","0900","1600","0900","1600","0900","1600","0900","C2103635","109","15","11837","37.75164019696926","126.76828682101605"
"경기도 군포시 산본로 378 (산본동, 산본사이버텔 113호, 114호)","세안약국","031-396-5526","2100","1000","2100","1000","2100","1000","2100","1000","2100","1000","2100","0900","1300","0900","1600","0900","C2100572","158","18","11838","37.3639755528","126.9307065733"
"서울특별시 양천구 목동남로4길 2, 2층 208-2호 (신정동, 세양청마루2차 주상복합)","평일 휴게시간 13:00-14:00","보광빌딩 1층","세양메디신약국","02-2687-0322","1830","0830","1830","0830","1830","0830","1830","0830","1830","0830","1300","0830","C1101839","081","04","11839","37.508287498257","126.864535471682"
"부산광역시 기장군 정관읍 정관로 698, 1층 102호","세연약국","051-728-5888","1930","0900","1930","0900","1330","0900","1930","0900","1930","0900","1330","0900","C1203002","460","21","11840"
"울산광역시 북구 호계로 281 (호계동)","21세기 좋은병원 옆","세연약국","052-295-4245","2000","0900","2000","0900","2000","0900","2000","0900","2000","0900","1400","0900","C1700603","442","28","11841","35.6282959316","129.3506815037"
"부산광역시 해운대구 해운대로 365, 101호 (우동)","2호선 벡스코역 8번 출구","세연약국","051-747-2268","2100","0900","2100","0900","2100","0900","2100","0900","2100","0900","2100","0900","C1202503","480","62","11842","35.17042300863898","129.13744781873083"
"강원특별자치도 강릉시 경강로 2071, 한성빌딩 1층 1호 (임당동)","세연약국","033-655-9763","1800","0830","1800","0830","1800","0830","1800","0830","1800","0830","1300","0830","C2201135","255","33","11843","37.7537016080347","128.894063433474"
"서울특별시 서대문구 연세로 50","세브란스병원 옆 건물(금화터널쪽) 동문회관 1층","세연약국","02-364-6141","1800","0900","1800","0900","1800","0900","1800","0900","1800","0900","1200","0900","C1101178","037","22","11844","37.56280715691928","126.94240607418098"
"부산광역시 연제구 고분로13번길 15, 1층 일부호 (연산동)","일요일 문의","세연약국","051-863-3800","2100","0900","2100","0900","2100","0900","2100","0900","2100","0900","2100","0900","2100","1600","C1203077","475","49","11845","35.1867468196095","129.084181914896"
"서울특별시 광진구 뚝섬로27길 65 (자양동)","매달 2번째 일요일만 영업합니다","건대입구역 6번 출구","세영약국","02-464-3577","2200","0815","2200","0815","2200","0815","2200","0815","2200","0815","2200","0815","2200","0900","C1103611","050","78","11846","37.538759173443275","127.06679416705533"
"부산광역시 부산진구 진사로61번길 29","2/4주 토요일 운영.","2호선 개금역 5번출구에서 순환버스 이용 부산백병원 앞","세영약국","051-892-1470","1800","0900","1800","0900","1800","0900","1800","0900","1800","0900","1300","0900","C1201085","473","93","11847","35.14660608521646","129.01946425485468"
"광주광역시 북구 밤실로 200 (두암동)","세영약국","062-251-7992","1900","0830","1900","0830","1900","0830","1900","0830","1900","0830","1300","0830","C1501191","611","61","11848","35.16504366259","126.93343029103117"
"충청남도 보령시 명천중앙길 8 (명천동)","세영찜질방","세영약국","041-935-9975","1800","0830","1800","0830","1400","0830","1800","0830","1800","0830","1230","0830","C2400660","334","71","11849","36.34415366499722","126.59999362725418"
"서울특별시 관악구 남부순환로 1479 (신림동)","세영약국","02-856-2609","1900","0900","1900","0900","1900","0900","1900","0900","1900","0900","1500","0900","C1110012","087","61","11850","37.48212828645351","126.91489207564298"
"대구광역시 동구 반야월로 205, 동호빌딩 108.109호 (동호동)","세온약국","053-961-7773","1800","0900","1800","0900","1800","0900","1800","0900","1800","0900","C1301918","411","27","11851","35.8722820169999","128.71099930184"
"대구광역시 수성구 명덕로 382 (수성동1가)","대봉교근처","세왕약국","053-765-8636","2130","0900","2130","0900","2130","0900","2130","0900","2130","0900","2130","0900","2130","0900","2130","0900","C1300728","421","30","11852","35.854347492860235","128.61196613799842"
"서울특별시 양천구 중앙로 235 (신정동)","매달 마지막주 토요일 정기휴무입니다.","세왕약국","02-2603-7284","1900","0900","1900","0900","1900","0900","1900","0900","1900","0900","1300","0900","C1101179","080","77","11853","37.51737881856231","126.85374408508677"
"광주광역시 광산구 목련로153번길 85 (운남동)","공휴일 전화 연락 후 방문 요함","세운약국","062-952-7566","1900","0830","1900","0830","1900","0830","1900","0830","1900","0830","1300","0830","1300","0830","C1500441","623","26","11854","35.17575949605509","126.81441412737072"
"대구광역시 북구 노원로 22, (노원동3가)","만평로타리.풍국면건너편","세운약국","053-358-0591","1900","0830","1900","0830","1900","0830","1900","0830","1900","0830","1730","0830","C1300350","415","57","11855","35.8912499015402","128.565492921503"
"전라남도 여수시 소호로 483, (소호동)","여수시소호동금호아파트입구","세운약국","061-681-2088","1950","0900","1950","0900","1950","0900","1950","0900","1950","0900","1830","0900","C2600722","596","64","11856","34.745603133172835","127.65342548407378"
"강원특별자치도 춘천시 퇴계농공로 10 (석사동)","광장서적 옆","세운약국","033-264-7880","1830","0900","1830","0900","1830","0900","1830","0900","1830","0900","1400","0900","C2200315","244","14","11857","37.852399891651565","127.74401175440681"
"충청남도 서산시 안견로 184-16, 1층 (동문동)","세움약국","041-429-0567","2100","0800","2100","0800","2100","0800","2100","0800","2200","0800","1600","0800","C2401768","319","81","11858","36.7821362012921","126.458443696206"
"대전광역시 중구 평촌로105번길 73","세웅약국","042-531-5656","2000","0830","2000","0830","2000","0830","2000","0830","2000","0830","2000","0830","2000","0830","2000","0830","C1600654","348","92","11859","36.3259071094311","127.39720925673913"
"서울특별시 성북구 동소문로20가길 51 (동선동1가, 수국빌딩)","주말 운영시간 유동적이므로 전화 확인 후 방문바랍니다.","성신여대입구역 1번 출구","세원약국","02-922-6060","2200","0930","2200","0930","2200","0930","2200","0930","2200","0930","1500","0930","2200","1500","2300","1500","C1104630","028","45","11860","37.5937738074169","127.018827660017"
"충청북도 충주시 연수상가3길 6, (연수동)","주변의료기관:제일연합의원","연수동신한은행뒤편","세원약국","043-843-9511","1930","0830","1930","0830","1930","0830","1930","0830","1930","0830","1900","0830","1900","1000","1900","1000","C2300574","273","47","11861","36.987900000000003","127.930572222222224"
"제주특별자치도 제주시 월랑로 5, 1층 (노형동)","노형오거리 북측 첫불럭","세원약국","064-742-9090","2000","0900","2000","0900","2000","0900","2000","0900","2000","0900","1200","0900","1200","0830","C2900057","630","99","11862","33.4874245109","126.4780607399"
"경상남도 거제시 옥포로 228, 2층 (옥포동)","공휴일 전화 요망","옥포DC나라 부근","세원약국","055-688-6238","1900","0900","1900","0900","1900","0900","1900","0900","1900","0900","1500","0900","1300","0900","C2800852","532","22","11863","34.895148833501956","128.69082972022568"
"경상북도 포항시 북구 중앙로192번길 3-9","세원약국","054-272-8008","1700","0900","1700","0900","1700","0900","1700","0900","1700","0900","C2700403","377","45","11864","36.03093209712402","129.36697374780726"
"경기도 시흥시 정왕천로 411-1 (정왕동, 세원약국)","세원약국","031-433-3208","2100","0900","2100","0900","2100","0900","2100","0900","2100","0900","1600","0900","C2101656","150","52","11865","37.344514727331955","126.75201264225518"
"충청북도 제천시 명륜로13길 2 (의림동)","세원약국","043-648-7560","1800","0900","1800","0900","1800","0900","1800","0900","1800","0900","1300","0900","C2300301","271","65","11866","37.14131755173967","128.21167631662183"
"대전광역시 서구 가수원로 106","세원약국","042-541-0645","2100","0900","2100","0900","2100","0900","2100","0900","2100","0900","2000","0900","C1600266","353","86","11867","36.303980673469454","127.34966842026284"
"인천광역시 부평구 경원대로 1395, 부평일번가 106호 (부평동)","세원약국","032-505-5934","2200","0900","2200","0900","2200","0900","2200","0900","2200","0900","2200","0900","C1401873","213","95","11868","37.491839012441","126.724470209902"
"서울특별시 은평구 갈현로 8 (신사동)","응암역 2번 출구 인근","세원약국","02-359-5643","1930","0900","1930","0900","1930","0900","1930","0900","1930","0900","1530","0900","C1101180","034","23","11869","37.598540828557795","126.91033202508436"
"경기도 고양시 덕양구 화수로14번길 52 (화정동)","명지병원앞","세원약국","031-966-0838","1800","0830","1800","0830","1800","0830","1800","0830","1800","0830","1300","0830","1300","0830","C2102969","104","75","11870","37.642614791661984","126.83001469075589"
"경기도 안양시 만안구 박달로 500, 1층 (박달동)","박달동우성아파트올라가기전...","세은약국","031-468-8253","2030","0900","2030","0900","2030","0900","2030","0900","2030","0900","1730","0900","C2101116","140","09","11871","37.402413731817234","126.90866981028512"
"서울특별시 관악구 난곡로 220, 1층 (신림동, 세이브마트)","세이브마트","세이브 약국","02-855-6965","1930","0930","2030","0930","1930","0930","1930","0930","2030","0930","1800","0930","C1106913","088","49","11872","37.474131567676544","126.91770197276765"
"경기도 성남시 수정구 산성대로 337 B1층 (신흥동)","세이브존건강한약국","031-730-1501","1800","0900","1800","0900","1800","0900","1800","0900","1800","0900","C2108985","132","72","11873","37.4439101761843","127.153483203965"
"서울특별시 서대문구 이화여대길 52, 지하4층 404호 (대현동, 이화여자대학교 ECC)","이화여자대학교 ECC","세이지약국","02-362-6582","1800","0900","1800","0900","1800","0900","1800","0900","1800","0900","C1107591","037","60","11874","37.56199390251443","126.94699062173274"
"경상남도 창원시 성산구 창원천로 292, 1-01호(반지동,대동그린코아상가)","대동그린코아상가 내","세인당약국","055-276-3113","2000","0900","2000","0900","2000","0900","2000","0900","2000","0900","1300","0900","C2800626","514","23","11875","35.244972424","128.6698907324"
"인천광역시 미추홀구 제일로 42-1 (도화동)","세인약국","032-876-0151","1300","0900","1300","0900","1300","0900","1300","0900","1300","0900","1230","0900","A1402754","221","53","11876","37.45858108386569","126.67492061084114"
"부산광역시 금정구 부곡로 112, 1층 (부곡동)","버스정류장: 부곡시장/부곡2동 동사무소 옆","세인약국","051-517-3311","1930","0900","1930","0900","1930","0900","1930","0900","1930","0900","1500","0900","1400","1000","C1200905","462","71","11877","35.2295712462743","129.09285655403488"
"부산광역시 해운대구 반여로167번길 76 (반여동)","버스정류장: 장산중리시장 맞은편","세인약국","051-527-0124","2030","0900","2030","0900","2030","0900","2030","0900","2030","0900","1600","0900","1300","0900","C1200071","480","34","11878","35.20800555555556","129.12333333333675"
"부산광역시 사하구 낙동대로 248, 우리메디칼센터 (괴정동)","세인약국","051-205-1701","1900","0900","1900","0900","1900","0900","1900","0900","1900","0900","1300","0900","C1202778","493","41","11879","35.0995816601868","128.989892525945"
"부산광역시 동래구 미남로146번길 3 (온천동)","버스정류장: 광혜병원","세인약국","051-506-5590","1730","0900","1730","0900","1730","0900","1730","0900","1730","0900","1330","0900","C1200901","478","21","11880","35.20686522961608","129.0706921375519"
"경기도 용인시 처인구 모현면 백옥대로 2385,","외대사거리누리소아청소년과건물1층","세인약국","031-323-4135","0730","0900","0730","0900","0730","0900","0730","0900","0730","0900","1400","0900","C2100780","449","854","11881","37.33659773056425","127.24933128946688"
"대구광역시 서구 달서천로41길 66-4 (비산동)","세일약국","053-357-1279","2100","0900","2100","0900","2100","0900","2100","0900","2100","0900","1900","0900","C1300105","417","13","11882","35.887742696085326","128.56068364906957"
"충청북도 제천시 의림대로 109","에스콰이아대리점옆.","세일약국","043-642-2721","1900","0900","1900","0900","1900","0900","1900","0900","1900","0900","1400","0900","1400","0900","C2300499","271","69","11883","37.137927724848694","128.21031211289488"
"부산광역시 북구 만덕1로 7 (만덕동)","3호선 만덕역 4번 출구","세일약국","051-341-6970","1900","0900","2100","0900","1900","0900","2100","0900","1900","0900","1330","0900","C1200984","465","61","11884","35.21393829820657","129.0364343558791"
"경상남도 거제시 중곡로7길 12, 세일마트 (고현동)","세일약국","055-638-0814","2200","1000","2200","1000","2200","1000","2200","1000","2200","1000","2200","1000","1900","1000","2200","1000","C2802301","532","45","11885","34.8969957306674","128.627672777293"
"경기도 성남시 분당구 미금로 48, 오성프라자 3층 307호 (구미동)","세일약국","031-719-2033","1830","0900","1830","0900","1830","0900","1830","0900","1830","0900","1400","0900","C2101240","136","26","11886","37.33763992225536","127.11646082351561"
"경기도 용인시 기흥구 구성로 470","세일약국","031-274-7197","2130","0900","2130","0900","2130","0900","2130","0900","2130","0900","2000","0900","1300","1000","1300","1000","C2104360","168","92","11887","37.29643743872481","127.15210977397024"
"경기도 의정부시 신촌로29번길 23, 진미마트 1층 (가능동)","세일약국","031-875-7147","2100","0900","2100","0900","2100","0900","2100","0900","2100","0900","2000","0900","C2102599","116","76","11888","37.750521575318466","127.03637924252942"
"경기도 고양시 덕양구 화랑로 20-2, (화전동)","화전역1번출구남쪽방향5분거리세일빌딩1층","세일약국","02-3158-5024","2030","0900","2030","0900","2030","0900","2030","0900","2030","0900","1700","0900","C2102892","105","40","11889","37.600714590904744","126.87147842663884"
"서울특별시 강북구 도봉로71길 34 (수유동)","매월 2, 5주째 일요일 운영","수유재래시장 내","세일약국","02-989-1682","1900","0930","1900","0930","1900","0930","1900","0930","1900","0930","1800","1000","1830","1000","C1101213","011","17","11890","37.631359547016","127.02197239386"
"전라남도 여수시 통제영2길 8 (교동)","세일약국","061-661-0634","1800","0900","1800","0900","1800","0900","1800","0900","1800","0900","1230","0900","C2601308","597","36","11891","34.7408941217481","127.73299169728"
"광주광역시 동구 중앙로 158","밀리오레 백화점부근","세일약국","062-233-3319","2000","0900","2000","0900","2000","0900","2000","0900","2000","0900","2000","0900","C1500214","614","84","11892","35.148073355472924","126.9132844248478"
"울산광역시 중구 학성로 123-1, 1층 (옥교동)","안국한의원맞은편","세정약국","052-244-1221","1900","0900","1900","0900","1900","0900","1900","0900","1900","0900","1330","0900","C1700076","445","30","11893","35.555999999999997","129.324355555555542"
"경기도 고양시 일산동구 장백로 172, 금강프라자 201(일부)호 (장항동)","세정약국","031-932-1814","1300","0900","1300","0900","1300","0900","1300","0900","1300","0900","C2102347","104","14","11894","37.65025664719846","126.77777222467398"
"충청북도 영동군 영동읍 계산로 31","세정온누리약국","043-744-8255","1830","0830","1830","0830","1830","0830","1830","0830","1830","0830","1300","0830","C2300111","291","44","11895","36.1738863795019","127.78064440718557"
"세종특별자치시 국세청로 32, 마크원애비뉴 4층 D-404호 (나성동)","13:00 - 14:00 휴게시간 18:30 - 19:00 휴게시간","13:00 - 14:00 휴게시간 18:30 - 19:00 휴게시간","나성동","세종365약국","0507-1454-0376","2100","0900","2100","0900","2100","0900","2100","0900","2100","0900","2100","0900","2100","0900","2100","0900","C1800358","301","28","11896","36.4864203991565","127.261966401926"
"세종특별자치시 가온로 8, 104호 (다정동)","일요일 및 공휴일 휴무","일요일 및 공휴일 휴무","다정동","세종권약국","044-868-5850","1900","0800","1900","0800","1900","0800","1900","0800","1900","0800","1600","0800","C1800343","301","23","11897","36.4914608894886","127.254870859066"
"세종특별자치시 한누리대로 275, 형성프라자 112호 (나성동)","일요일 및 공휴일 휴무","일요일 및 공휴일 휴무","나성동","세종다온약국","044-866-0600","2000","0900","2000","0900","2000","0900","2000","0900","2000","0900","1500","0900","C1800315","301","27","11898","36.4888053794371","127.25637592667"
"세종특별자치시 달빛로 47, 1층 104호 (종촌동)","종촌동","세종달빛약국","044-866-1675","1900","0900","1900","0900","1900","0900","1900","0900","1900","0900","1300","0900","1300","0900","C1800174","300","64","11899","36.50315255071858","127.24989335823528"
"경기도 여주시 청심로 35-1 (하동)","세종대학약국","031-885-1647","1900","0900","1900","0900","1900","0900","1900","0900","1900","0900","1530","0900","C2107622","126","18","11900","37.3013659627","127.6245774867"
"서울특별시 영등포구 여의대방로 197, (신길동)","서울시 공공심야약국 운영 매일 밤 10시부터 새벽 1시까지 운영","세종로약국","02-846-0072","2500","0800","2500","0800","2500","0800","2500","0800","2500","0800","2500","0800","2500","2200","2500","2200","C1103062","073","60","11901","37.50470108114415","126.92187562501115"
"경상북도 구미시 산동읍 해마루공원로 343","세종마트약국","054-474-4603","2200","0900","2200","0900","2200","0900","2200","0900","2200","0900","2200","0900","2200","0900","2200","0900","C2701774","394","60","11902","36.1625051522783","128.432877358311"
"세종특별자치시 조치원읍 도원1로 16, 상가동 210호 (푸르지오1차)","조치원읍 신흥리","세종맑은약국","044-865-9905","1900","0900","1900","0900","1300","0900","1900","0900","1900","0900","1300","0900","1300","0900","C1800261","300","32","11903","36.5918526205","127.2898890197"
"충청남도 천안시 동남구 풍세로 798, 108호 (청당동, 코르지아빌딩)","세종메디칼약국","041-572-0567","2100","0900","2100","0900","2100","0900","2100","0900","2100","0900","1300","0900","C2401372","312","02","11904","36.7806181865","127.142489753"
"세종특별자치시 한누리대로 1844, 116호 (반곡동)","반곡동","세종바름약국","0448673258","1930","0830","1930","0830","1930","0830","1930","0830","1930","0830","1330","0830","C1800340","301","46","11905","36.4978873451364","127.309909194223"
"세종특별자치시 한누리대로 245, 에스알파크원 119호 (나성동)","일요일 및 공휴일 휴무","일요일 및 공휴일 휴무","나성동","세종사랑약국","044-862-0280","2000","1000","2000","1000","2000","1000","2000","1000","2000","1000","1530","0900","C1800345","301","27","11906","36.486071073349","127.257679308241"
"세종특별자치시 누리로 27, A상가동 1층 111호 (한솔동, 첫마을6단지)","일요일 및 공휴일 휴무","일요일 및 공휴일 휴무","한솔동","세종선약국","044-905-1118","2000","1000","2000","1000","2000","1000","2000","1000","2000","1000","2000","1000","C1800356","301","30","11907","36.4757869473668","127.251519453712"
"경상남도 밀양시 삼문중앙로 49 (삼문동)","세종셀메드약국","055-354-2704","2000","0900","2000","0900","2000","0900","2000","0900","2000","0900","1300","0900","C2800410","504","36","11908","35.48581840337109","128.75695250417493"
"세종특별자치시 보듬3로 101, 108,109호 (아름동)","365일 연중무휴 약국입니다","아름동 싱싱장터 바로 옆 건물 1층 약국입니다","아름동","세종스마일약국","050-713-5774","2200","0900","2200","0900","2200","0900","2200","0900","2200","0900","1630","0900","1630","0900","1630","0900","C1800348","301","00","11909","36.5114019488938","127.248409972874"
"세종특별자치시 한누리대로 2143, 금강시티타워 1층 105호,106호 (보람동)","일요일 및 공휴일 휴무","일요일 및 공휴일 휴무","보람동","세종시티약국","044-905-1151","2000","0830","2000","0830","2000","0830","2000","0830","2000","0830","1500","0830","C1800284","301","50","11910","36.47808399129776","127.28852290916754"
"서울특별시 성북구 보국문로 168 (정릉동)","산장아파트 정문 맞은편","세종약국","02-914-3685","2000","0900","2000","0900","2000","0900","2000","0900","2000","0900","1300","0900","C1101216","027","01","11911","37.6171193839287","127.002885810715"
"서울특별시 광진구 능동로 209, 세종대학교 대양 AI센터 1층 (군자동)","휴게시간 13:00~14:00","세종대학교 대양AI센터 1층","세종약국","02-466-5110","1800","0900","1800","0900","1800","0900","1800","0900","1800","0900","1300","0900","C1108584","050","06","11912","37.55131819536162","127.07575689028397"
"인천광역시 서구 청라루비로 81, 108호 (청라동)","세종약국","032-563-7555","1900","0830","1900","0830","1300","0830","1900","0830","1800","0830","1400","0830","C1402138","227","60","11913","37.5324568127434","126.640172316944"
"서울특별시 은평구 통일로 749, 1층 (대조동)","불광역 7번 출구","세종약국","02-384-1545","2000","0900","2000","0900","2000","0900","2000","0900","2000","0900","1600","0900","C1101217","033","96","11914","37.61195072472652","126.92812588880189"
"경기도 양주시 회정로 107 (덕정동)","세종약국","031-867-8811","2100","0900","2100","0900","2100","0900","2100","0900","2100","0900","2000","0900","C2102809","114","51","11915","37.83767507092609","127.0650297877159"
"경기도 수원시 팔달구 인계로108번길 4, (인계동,인선빌딩)","세종약국","031-234-2277","1900","0900","1900","0900","1900","0900","1900","0900","1900","0900","1500","0900","C2103587","164","89","11916","37.26765727641369","127.02917291928126"
"서울특별시 종로구 세종대로23길 54, 세종빌딩 지하1층 130호 (당주동)","광화문역 1번출구/세종빌딩 지하1층","세종약국","02-3210-2292","2030","0800","2030","0800","2030","0800","2030","0800","2030","0800","1400","0800","C1107932","031","73","11917","37.5718394925759","126.973284555591"
"경기도 광명시 범안로 1062 (하안동, 천일빌딩 5층)","세종약국","02-895-9135","1830","0800","1830","0800","1830","0800","1830","0800","1830","0800","1400","0800","1600","1100","C2101365","143","06","11918","37.462747222222220","126.880650000000003"
"경기도 하남시 신장1로27번길 57","하남시장초입우정슈퍼앞","세종약국","031-792-2436","2000","0900","2000","0900","2000","0900","2000","0900","2000","0900","1900","0900","C2101630","129","58","11919","37.539860755746865","127.20761540072198"
"강원특별자치도 원주시 능라동길 27, 108호 (무실동)","세종약국","033-761-0377","1830","0900","1830","0900","1830","0900","1830","0900","1830","0900","1330","0900","C2201050","263","92","11920","37.3332969324251","127.928040388614"
"경기도 구리시 이문안로 128","새롬상가1층","세종약국","031-567-8875","1930","0900","1930","0900","1930","0900","1930","0900","1930","0900","1700","0900","C2102741","119","46","11921","37.591067733177546","127.14545491770724"
"경상북도 청도군 청도읍 청화로 106","제일의원옆최고참숯불갈비앞","세종약국","054-371-1599","1830","0830","1830","0830","1830","0830","1830","0830","1830","0830","1600","0930","C2700204","383","44","11922","35.64664666277462","128.73850358855555"
"강원특별자치도 춘천시 삭주로 62 (교동)","2018년 추석연휴 9월 24일(휴무), 9월 25일~26일(운영) 매년 추석당일날을 제외한 나머지 추석연휴는 운영","한림대학교 정문 건너편","세종약국","033-254-9300","1900","0900","1900","0900","1900","0900","1900","0900","1900","0900","1800","0900","1800","0900","C2200109","242","59","11923","37.88319464898302","127.73768904550863"
"경기도 시흥시 오이도어시장로 22 (정왕동)","오이도내 어시장앞에 있습니다","세종약국","031-432-7200","2100","0900","2100","0900","2100","0900","2100","0900","2100","0900","2000","0900","1800","1400","C2103340","150","15","11924","37.344479371821244","126.6899787801498"
"경상북도 포항시 북구 양덕로 47, 1층 (양덕동)","양덕동풍림아이원입구드림메디칼","세종약국","054-254-2929","1930","0830","1930","0830","1930","0830","1930","0830","1930","0830","1700","0830","C2700811","375","89","11925","36.08286925118661","129.40172084783848"
"전라남도 보성군 벌교읍 채동선로 269","한국통신옆","세종약국","061-858-0322","2000","0830","2000","0830","2000","0830","2000","0830","2000","0830","1500","0830","C2600531","594","24","11926","34.84600473903207","127.34362523516427"
"경기도 여주시 여흥로109번길 16, 1층 (홍문동)","세종약국","031-881-4033","1830","0845","1830","0845","1830","0845","1400","0845","1830","0845","1400","0845","C2103127","126","22","11927","37.29704856970189","127.63619006032523"
"서울특별시 관악구 난곡로 181, 성수빌딩 1층 (신림동)","우림시장 건너편 성수빌딩 2동 1층","세종약국","02-861-5803","1900","0800","1900","0800","1900","0800","1900","0800","1900","0800","1300","0800","C1100253","088","58","11928","37.4713097420544","126.919603680139"
"대구광역시 동구 율하동로 46, 1층 (율하동)","율원초등학교건너편,가나정형외과옆","세종약국","053-962-8120","2030","0900","2030","0900","2030","0900","2030","0900","2030","0900","1630","0900","1300","0900","C1300012","411","02","11929","35.8635829153","128.701464122"
"대구광역시 중구 달구벌대로 2232-29 (대봉동)","세종약국","053-424-4193","1900","0900","1900","0900","1900","0900","1900","0900","1900","0900","1900","0900","C1300398","419","51","11930","35.860760415784895","128.6068556121295"
"부산광역시 동래구 명장로48번길 21, (명장동)","버스정류장: 명장시장","세종약국","051-523-5152","1900","0900","1900","0900","1900","0900","1900","0900","1900","0900","1300","0900","2100","0900","C1200460","477","75","11931","35.203908333333331","129.106305555555565"
"부산광역시 수영구 광안해변로277번길 3, (민락동)","공공심야약국 운영","월요일 22:00~25:00근무/기타운영시간 낮 12:00~25:00 까지","버스정류장: 민락동 회센터 입구","세종약국","051-758-4915","2500","2200","2500","1200","2500","1200","2500","1200","2500","1200","2500","1200","2500","1200","2500","1200","C1201315","482","86","11932","35.15602851410001","129.1240048855017"
"부산광역시 동구 초량중로 89 (초량동)","버스정류장: 초량동돼지갈비골목","세종약국","051-467-9201","2100","0900","2100","0900","2100","0900","2100","0900","2100","0900","2030","0900","2000","1100","2000","0900","C1200333","488","14","11933","35.119597222222225","129.039449999999988"
"충청북도 청주시 청원구 오창읍 과학산업3로 202-7, 1층 102~103호","중앙병원 코아루아파트 인근","세종약국","043-213-0068","2200","0900","2200","0900","2200","0900","2200","0900","2200","0900","2200","0900","2200","0900","2200","0900","C2300085","281","25","11934","36.70704521769518","127.42933527338079"
"서울특별시 금천구 독산로 199, (독산동)","세종약국","02-806-3224","2030","0900","2030","0900","2030","0900","2030","0900","2030","0900","1900","0830","1400","1000","1400","1000","C1101215","086","18","11935","37.4646733833919","126.90253133268"
"경상남도 합천군 합천읍 동서로 95","세종약국","055-931-9740","1800","0830","1800","0830","1800","0830","1800","0830","1800","0830","1330","0830","C2802124","502","33","11936","35.5666765082375","128.162819391027"
"대전광역시 중구 목중로 53 (목동)","제일프라자앞사거리","세종약국","042-252-3864","2100","0830","2100","0830","2100","0830","2100","0830","2100","0830","2100","0830","2100","0830","2100","0830","C1601008","348","11","11937","36.33794759826783","127.40874311439577"
"충청남도 천안시 동남구 서부대로 276, 101호 (신방동)","365일 연중 무휴, 설날,추석 당일만 13:00~23:00","세종약국","041-579-3675","2300","0830","2300","0830","2300","0830","2300","0830","2300","0830","2300","0830","2300","0900","2300","0900","C2401350","311","84","11938","36.79270817374709","127.12930919172822"
"충청남도 아산시 온천대로 1450 (온천동)","아산 삼성 요양병원 근처","세종약국","041-549-8981","2200","0900","2200","0900","2200","0900","2200","0900","2200","0900","2200","0900","2200","0900","2200","0900","C2400749","315","06","11939","36.78233273471978","126.99891110439138"
"경상북도 성주군 성주읍 시장길 13","성주읍내시장통로안제의원,대구미용실,정화미용실맞은편","세종약국","054-933-9556","1900","0830","1900","0830","1900","0830","1900","0830","1900","0830","1300","0900","1300","0830","C2700565","400","28","11940","35.9172044494","128.2863118775"
"전라남도 광양시 광양읍 칠성로 55,","일요일: 홀수달 첫째주 운영","신협 광양 중앙본점 근처","세종약국","061-763-8275","1830","0830","1830","0830","1830","0830","1830","0830","1830","0830","1300","0830","1800","0900","C2600168","577","41","11941","34.9790346122058","127.58464855546708"
"광주광역시 동구 중앙로 233 (대인동)","공휴일 전화 연락 후 방문 요함","대인동 회센타 입구","세종온누리약국","062-224-8575","1800","0830","1800","0830","1800","0830","1800","0830","1800","0830","1200","0830","1200","0830","C1500136","501","812","11942","35.15317377825355","126.91886981832607"
"경기도 안양시 만안구 안양로 148 (안양동)","세종온누리약국","031-449-6679","2000","0800","2000","0800","2000","0800","2000","0800","2000","0800","1700","0800","C2100632","140","34","11943","37.387697982903354","126.93112739601905"
"경상북도 구미시 도봉로 80 (도량동)","도량동5주공뜨란채입구","세종온누리약국","054-451-5448","1830","0830","1830","0830","1830","0830","1830","0830","1830","0830","1400","0830","C2700707","392","02","11944","36.139114723881846","128.3175983247369"
"경기도 용인시 수지구 수지로 62","세종옵티마약국","031-261-8027","2000","0900","2000","0900","2000","0900","2000","0900","2000","0900","1600","0900","C2101137","168","59","11945","37.30841053277879","127.07610119460966"
"경기도 안양시 만안구 충훈로 70, 1층 (석수동)","18호","세종우리약국","031-471-8241","2000","0830","2000","0830","2000","0830","2000","0830","2000","0830","1530","0830","1230","0930","C2103063","139","73","11946","37.40746667120135","126.89892637977735"
"세종특별자치시 금송로 687, 3층 (가람동, 이마트 세종점)","이마트 휴무일 (둘째주, 넷째주) 휴무","가람동","세종이마트믿음약국","044-866-4056","2100","1000","2100","1000","2100","1000","2100","1000","2100","1000","2100","1000","2100","1000","2100","1000","C1800203","339","001","11947","36.470898290909275","127.25098438299757"
"경기도 여주시 청심로 40 (하동)","세종정문약국","031-882-8271","1830","0830","1830","0830","1830","0830","1830","0830","1830","0830","C2107632","126","18","11948","37.3008443051","127.6250829788"
"세종특별자치시 도담서4길 3, 1층 (도담동)","토요일 및 일요일, 공휴일 휴무","토요일 및 일요일, 공휴일 휴무","도담동","세종충대약국","044-864-1533","1830","0900","1830","0900","1830","0900","1830","0900","1830","0900","C1800295","301","00","11949","36.51694671629","127.255759128686"
"세종특별자치시 다정중앙로 52, 페스티발2 1층 107호 (다정동)","다정동","세종코코약국","044-862-9155","2030","0900","2030","0900","2030","0900","2030","0900","2030","0900","1700","0900","1700","0900","1700","0900","C1800254","301","23","11950","36.495182717","127.2492590876"
"경기도 성남시 중원구 둔촌대로389번길 1, 1층 (상대원동)","세종프라자약국","031-731-5888","2000","0900","2000","0900","2000","0900","2000","0900","2000","0900","1600","0900","1800","0900","C2101322","132","25","11951","37.43366240559863","127.16019229803751"
"세종특별자치시 한누리대로 2022, 아이콤스타타워 1층 103호 (소담동)","공휴일 및 일요일 정기휴무 휴게시간: 13:00-14:00","공휴일 및 일요일 정기휴무 휴게시간: 13:00-14:00","소담동","세종햇살약국","044-865-9993","2000","0900","1900","0900","1900","0900","1900","0900","1900","0900","1400","0900","C1800360","301","51","11952","36.4844666136055","127.299138996473"
"세종특별자치시 한누리대로 583 도담센트럴프라자 1층 (도담동)","일요일 및 공휴일 휴무","일요일 및 공휴일 휴무","도담동","세종행복약국","044-863-9985","2000","0900","1930","0900","1930","0900","1930","0900","2000","0900","1500","0900","C1800253","300","98","11953","36.5152804715","127.2584824582"
"세종특별자치시 나성북로 15, MVG 114호 (나성동)","일요일 및 공휴일 휴무","일요일 및 공휴일 휴무","나성동","세종현약국","0448665991","1830","0900","1830","0900","1830","0900","1830","0900","1830","0900","1330","0900","C1800349","301","28","11954","36.48972950483319","127.258386489683"
"충청남도 당진시 서부로 74","보건소 옆","세중약국","041-352-0547","1800","0900","1800","0900","1800","0900","1800","0900","1800","0900","C2400199","317","77","11955","36.88792769622041","126.62914447244971"
"경기도 고양시 일산서구 산현로 15, 무광프라자 306-1호 (탄현동)","세진약국","070-4132-5924","2100","0800","2100","0800","2100","0800","2100","0800","2100","0800","1500","0900","C2103553","103","43","11956","37.68959290212236","126.76321931264382"
"서울특별시 서초구 서초중앙로 125 (서초동)","교대역 8번출구","세진약국","02-533-3528","2000","0900","2000","0900","2000","0900","2000","0900","2000","0900","1530","0900","1800","0900","C1107105","066","44","11957","37.4930094671548","127.013418755214"
"인천광역시 계양구 봉오대로 669, 1층 (작전동)","작전역 7번출구 50M","세진약국","032-542-4708","1900","1000","1900","1000","1900","1000","1900","1000","1900","1000","1900","0900","1900","1000","2000","1000","C1400473","210","91","11958","37.53075370039999","126.72089370297345"
"서울특별시 구로구 개봉로 63 (개봉동)","개봉2동주민센터 인근","세진약국","02-2060-0875","1900","0900","1900","0900","1900","0900","1900","0900","1900","0900","1500","0900","C1102278","083","47","11959","37.4913821799938","126.855689499758"
"대전광역시 대덕구 한밭대로1033번길 15, 101호 (오정동,신동아아파트상가)","세진약국","042-636-6601","2000","0900","2000","0900","2000","0900","2000","0900","2000","0900","1700","0900","C1600487","343","79","11960","36.358930696150196","127.41197801355795"
"서울특별시 강남구 압구정로36길 12, 메디컬뱅크 1층 103호 (신사동)","신구중학교 후문","세진약국","02-545-8548","1930","0900","1930","0900","1930","0900","1930","0900","1930","0900","1500","0900","C1103765","060","23","11961","37.5276527575761","127.031346095845"
"경기도 이천시 이섭대천로 1259 (창전동)","세진온누리약국","031-638-1027","1800","0900","1800","0900","1800","0900","1800","0900","1800","0900","1800","0900","C2108589","173","64","11962","37.2828573151769","127.446851316634"
"부산광역시 서구 구덕로 113, 1층 (충무동1가)","1호선 자갈치역 2번출구","세창당약국","051-255-2229","1830","0900","1830","0900","1830","0900","1830","0900","1830","0900","1300","0900","C1200067","492","53","11963","35.09630641681096","129.02356549077442"
"제주특별자치도 제주시 한림읍 한림중앙로 1","토요일 : 점심시간(13:00~14:00) 오후(14:00~16:00) 운영합니다. 공휴일 : 의료기관 진료 시 약국 같이 운영합니다. 오시기 전 연락바랍니다.","세창약국","064-796-2567","1800","0800","1800","0800","1800","0800","1800","0800","1800","0800","1500","0830","1330","0800","C2900058","630","29","11964","33.414585105246644","126.26486765662233"
"강원특별자치도 원주시 평원로 60-1, 세창약국 (평원동)","중앙동 우체국 맞은편","세창약국","033-742-0016","1800","0900","1800","0900","1800","0900","1800","0900","1800","0900","C2200294","264","30","11965","37.35116578046752","127.95106939952973"
"대구광역시 달성군 다사읍 세천북로 5","세천푸른약국","053-593-0303","1830","0900","1830","0900","1830","0900","1830","0900","1830","0900","1300","0900","C1301478","429","22","11966","35.8751403542","128.4786559632"
"대구광역시 달성군 다사읍 세천로 161 (다사읍)","세천현약국","053-583-8720","1930","0900","1930","0900","1930","0900","1930","0900","1930","0900","1400","0900","C1301385","429","22","11967","35.87488776065224","128.4786778419924"
"서울특별시 강남구 논현로 503 송촌빌딩 703-1호 (역삼동)","역삼역 6번출구 바로앞","세코아약국","02-552-6861","1900","0900","1900","0900","1900","0900","1900","0900","1900","0900","1300","0900","C1104373","061","32","11968","37.5012739795743","127.036366846779"
"부산광역시 금정구 중앙대로 1961 (구서동)","1호선 두실역 7번출구","세화당약국","051-516-7545","1800","0830","1800","0830","1800","0830","1800","0830","1800","0830","1300","0830","C1200422","462","29","11969","35.25946976774618","129.09111808690864"
"전라남도 순천시 매곡2길 2, 가동 1층 (매곡동)","한약방","순천동강의원 앞.","세화당정한약국","061-755-2412","1800","1000","1800","1000","1800","1000","1800","1000","1800","1000","1800","1000","C2600784","579","40","11970","34.947905184669295","127.52886135704794"
"전북특별자치도 완주군 삼례읍 삼례로 383","18:00~21:00 휴게시간","세화약국","063-245-9413","0000","0900","0000","0900","0000","0900","0000","0900","0000","0900","0000","0900","0000","0900","0000","0900","C2500536","550","29","11971","35.911171756889374","127.07160274157992"
"경상남도 창원시 성산구 원이대로393번길 25, 케이프타운 (반지동)","일.공휴일 휴무","세화약국","055-265-3058","2000","0900","2000","0900","2000","0900","2000","0900","2000","0900","1900","0900","C2800007","514","20","11972","35.239988566469144","128.66283663020033"
"서울특별시 서초구 신반포로 100, 406호 (반포동, 래미안퍼스티지신반포역상가)","래미안퍼스티지신반포역상가","세화약국","02-3478-9656","1800","0830","1800","0830","1800","0830","1800","0830","1800","0830","1300","0900","C1100041","065","47","11973","37.5030849342672","126.995693596225"
"경상북도 칠곡군 약목면 관호7길 42","혜원성모병원밑","세화약국","070-4408-9022","1830","0900","1830","0900","1830","0900","1830","0900","1830","0900","C2700039","398","28","11974","36.00399753723289","128.38421195043395"
"부산광역시 부산진구 대학로 3, 세화빌딩 일부 1층 (가야동)","2호선 동의대역 1번출구/버스정류장: 가야1치안센터 근처/세화빌딩 6층","세화약국","051-893-3588","1830","0900","1830","0900","1830","0900","1830","0900","1830","0900","1300","0900","C1201266","473","31","11975","35.15448165862479","129.03802342799582"
"강원특별자치도 춘천시 중앙로 63 (중앙로2가)","국민은행 인근","세화약국","033-254-7619","1900","0900","1900","0900","1900","0900","1900","0900","1900","0900","1600","0900","1500","0900","1600","0900","C2200235","243","53","11976","37.87947359351818","127.72687963935716"
"울산광역시 울주군 언양읍 반구대로 815, 1층 (언양읍)","언양제일정형외과1층","세화약국","052-254-0321","1830","0900","1830","0900","1830","0900","1830","0900","1830","0900","1300","0900","C1700118","449","46","11977","35.56286603490197","129.12681376366453"
"서울특별시 동작구 상도로 58, 1층 102호 (대방동, 올리브빌딩)","세화약국","0269563233","2030","0900","2030","0900","2030","0900","2030","0900","2030","0900","1600","0900","C1109973","070","55","11978","37.4995662032729","126.926868762789"
"제주특별자치도 제주시 구좌읍 세화10길 1","공휴일 : 의원 진료시간에 따라 달라질 수 있으니 전화 문의 후 방문 부탁드립니다. 2.8.토요일: 08:30~14:00 개원 후, 20:00~23:00시 야간개원 입니다.","심야약국지정약국(화 수 목 20~23시)","구좌읍세화리구좌농협앞","세화약국","064-784-8442","1900","0800","2300","0800","2300","0800","2300","0800","1900","0800","1400","0830","C2900123","633","61","11979","33.52084250494972","126.85880651764676"
"경기도 안양시 만안구 안양로 455-1 (석수동)","세화약국","031-471-4122","2130","0830","2130","0830","2130","0830","2130","0830","2130","0830","1900","0830","2130","1000","C2102219","139","70","11980","37.41057065148101","126.91123091671147"
"서울특별시 강북구 도봉로77길 6 (수유동)","수유사거리","세화온누리약국","02-988-2552","2000","0930","2000","0930","2000","0930","2000","0930","2000","0930","1400","0900","C1103286","011","13","11981","37.6337580842498","127.022801604586"
"경기도 안산시 단원구 선부로 183, 101호 (선부동, 화성프라자)","세화온누리약국","031-414-1354","1800","0900","1800","0900","1800","0900","1800","0900","1800","0900","C2108210","152","17","11982","37.3419897567585","126.815421652722"
"경상북도 구미시 고아읍 문장로 190","원호우체국에서농협쪽으로30m우측","세훈약국","054-441-0420","1900","0900","1900","0900","1900","0900","1900","0900","1900","0900","1300","0900","C2700900","391","49","11983","36.150249777974466","128.33091765530764"
"충청남도 천안시 서북구 공원로 219, 1층 (불당동)","처방조제, 영양제상담, 주차장완비, 무료주차가능.","세훈약국","041-564-7004","1930","0900","1930","0900","1930","0900","1930","0900","1930","0900","1800","0900","C2401577","311","68","11984","36.8001837234115","127.10362594182983"
"경기도 오산시 수목원로 466, 1층 104호 (금암동)","센느약국","031-376-4569","2000","0830","2000","0830","2000","0830","2000","0830","2030","0830","1800","0830","1300","0830","C2107769","181","08","11985","37.17527481879924","127.04998708172779"
"서울특별시 강남구 강남대로 516, 101호 (논현동)","논현역 3번출구에서 신논현역 방향","센느약국","02-540-0994","1930","0900","2030","0900","1930","0900","2030","0900","1930","0900","1630","0900","C1108491","061","14","11986","37.508269022981","127.023138087086"
"경기도 부천시 원미구 신흥로 205, 트리플 타워 A 1층 108호 109호 (중동)","센스약국","032-325-2339","1800","0900","1800","0900","1800","0900","1800","0900","1800","0900","C2108601","145","48","11987","37.5019009826922","126.775994803749"
"서울 중구 한강대로 405 (봉래동2가)","둘째, 넷째주 일요일은 마트휴무일로 약국 운영하지 않음 매달 2, 4번째 수요일 정기 휴무","센츄럴팜약국","02-393-5505","2130","1000","2130","1000","2130","1000","2130","1000","2130","1000","2130","1000","2130","1000","2130","1000","C1103654","045","09","11988","37.5548375992165","126.971732581232"
"경기도 시흥시 군자로 514 , 1층 106~107호 (거모동, 거모프라자)","거모프라자 1층","센타약국","031-491-0640","2000","0900","2000","0900","2000","0900","2000","0900","2000","0900","1500","0900","C2104189","150","70","11989","37.34426225760431","126.78482618478023"
"인천광역시 계양구 계산새로 93, 103호 (용종동,밀레니엄프라자)","일요일 - 유동적 운영(연락 후 방문)","계양구청 맞은편","센타약국","032-552-1168","2500","1000","2500","1000","2500","1000","2500","1000","2500","1000","2200","1100","C1400246","210","65","11990","37.538164202571714","126.7385170014428"
"경기도 부천시 옥길로 123, 센타프라자 104호 (옥길동)","센타약국","032-662-7778","2000","0900","2000","0900","2000","0900","2000","0900","2000","0900","1500","0900","C2107659","147","84","11991","37.4679950841","126.8224889163"
"경기도 오산시 성호대로 122","센타약국","031-372-5131","2130","0900","2130","0900","2130","0900","2130","0900","2130","0900","2130","0900","2100","1100","C2100967","181","39","11992","37.14850189503552","127.07482273042741"
"경기도 김포시 전원로 32, 112호 (장기동, 전원마을상가동)","센타약국","031-983-4986","2100","0900","2100","0900","2100","0900","2100","0900","2100","0900","2100","0900","2100","0900","C2100347","100","77","11993","37.64664519178001","126.68344994424189"
"경기도 평택시 이충로35번길 20-9, 이충센타프라자 (이충동)","센타프라자 107호","센타약국","031-667-5075","2030","0900","2030","0900","2030","0900","2030","0900","2030","0900","1430","0800","C2102062","177","35","11994","37.060327375462116","127.06649893065072"
"경기도 수원시 권선구 삼천병마로1598번길 32, 대유빌딩 303호 (오목천동)","센타약국","031-296-0064","2100","0900","2100","0900","2100","0900","2100","0900","2100","0900","C2101349","166","35","11995","37.245738793058045","126.96529029049731"
"경기도 하남시 미사강변대로54번길 91, 109호 (풍산동)","센타약국","031-795-5307","1800","0900","1800","0900","1800","0900","1800","0900","1800","0900","C2108274","129","19","11996","37.5568749200703","127.188820247767"
"인천광역시 연수구 신송로 121","풍림아이원아파트 2단지 건너편 센타프라자 406호","센타약국","032-851-0672","1600","0900","1600","0900","1600","0900","1600","0900","1600","0900","1700","0900","1300","0900","C1400639","219","95","11997","37.39539939255947","126.65195891113771"
"대구광역시 수성구 화랑로 122 (만촌동)","센타약국","053-743-0626","2000","0800","2000","0800","2000","0800","2000","0800","2000","0800","1700","0800","1500","0900","1500","0900","C1301350","420","37","11998","35.87348617563663","128.64005510546946"
"제주특별자치도 제주시 중앙로 266, 1층 102호 (이도이동, 영도 갤럭시타운)","센타약국","064-752-3050","1930","0830","1930","0830","1930","0830","1930","0830","1930","0830","1300","0830","C2900494","632","06","11999","33.4961286008","126.5318006709"
"전북특별자치도 전주시 덕진구 만성중앙로 45, 109,110호 (만성동)","센타프라자약국","063-214-7585","1830","0900","1830","0900","2000","1400","1830","0900","1830","0900","1300","0900","C2501284","548","59","12000","35.843113176869316","127.07684138528045"
"서울특별시 중구 소공로 116, 서울센타빌딩 1층 (소공동)","센터약국","0507-1369-3767","2030","1000","2030","1000","2030","1000","2030","1000","2030","1000","1700","1000","C1110880","045","33","12001","37.5647761159474","126.978972597873"
"경기도 의정부시 행복로 32, 1층 (의정부동)","센터약국","031-842-3600","2300","0900","2300","0900","2300","0900","2300","0900","2300","0900","2300","0900","2300","0900","2300","0900","C2108169","116","92","12002","37.7414201010037","127.049969382991"
"서울특별시 광진구 능동로 420, (중곡동)","중곡역 1번 출구 맞은편","센터온누리약국","02-461-1045","2030","0900","2030","0900","2030","0900","2030","0900","2030","0900","1530","0900","C1100426","049","32","12003","37.5662934892073","127.0847631669"
"부산광역시 해운대구 센텀남대로 35","센텀백화점 운영시간과 동일","2호선 센텀시티역 12번출구","센텀건강약국","051-745-2170","2000","1100","2000","1100","2000","1100","2000","1100","2000","1100","2030","1100","2030","1100","2030","1100","C1200746","480","58","12004","35.16878810898165","129.1290321411477"
"부산광역시 해운대구 센텀2로 25, 센텀드림월드 105호 (우동)","목요일 전화 후 방문요망","2호선 센텀시티역 9번출구","센텀드림약국","051-741-3016","1930","0900","1930","0900","1930","0900","1930","0900","1930","0900","1530","0900","C1201260","480","60","12005","35.16694452849038","129.13295395442094"
"부산광역시 해운대구 센텀남대로 50, 103호 (우동, 센텀임페리얼타워)","2호선 센텀시티역 11번출구/센텀임패리얼타워1층","센텀맑은약국","051-746-1229","2010","0900","2100","0900","2010","0900","2010","0900","2100","0900","1630","0900","C1201257","480","60","12006","35.16813450142113","129.13135480833208"
"부산광역시 해운대구 센텀2로 20","2호선 센텀시티역 11,13번출구/센텀타워메디칼 106호","센텀시티약국","051-747-2450","1835","0900","1835","0900","1835","0900","1835","0900","1835","0900","1700","0900","C1200789","480","60","12007","35.16732307648028","129.13199208750765"
"부산광역시 해운대구 센텀2로 15, 101호 (우동, 센텀브라이언)","수비삼거리 벡스코 맞은편","센텀약국","051-744-2028","2100","0900","2100","0900","2100","0900","2100","0900","2100","0900","1700","0900","1300","0900","C1201307","480","60","12008","35.167691603466736","129.1323528754002"
"부산광역시 사상구 새벽로 228","2호선 사상역 1번출구","센텀약국","051-316-6613","1800","0900","1800","0900","1800","0900","1800","0900","1800","0900","1300","0900","C1200679","469","73","12009","35.16138565976821","128.98452074516115"
"대구광역시 달서구 월배로 168, 아보스타워 101호 (상인동)","센텀약국","053-641-2323","1900","0900","1900","0900","1900","0900","1900","0900","1900","0900","1400","0900","C1301571","427","88","12010","35.816707510622834","128.53229932337348"
"경기도 시흥시 마유로238번길 26, 1층 (정왕동)","센텀약국","031-432-6177","2100","1000","2100","1000","2100","1000","2100","1000","2100","1000","2100","1000","2100","1000","C2107981","150","79","12011","37.33762795092756","126.73067814530945"
"경상북도 포항시 북구 삼흥로233번길 1-16, 1층 (장성동)","센텀약국","054-251-7890","1930","0900","1930","0900","1930","0900","1930","0900","1930","0900","1700","0900","C2701766","375","78","12012","36.0821728684351","129.379579604522"
"경상남도 창원시 의창구 북면 감계로 312, 센텀시엘 1층 101호","센텀약국","055-294-9677","1800","0900","1800","0900","1800","0900","1800","0900","1800","0900","C2802394","511","12","12013","35.3020017295677","128.595076804786"
"경상남도 창원시 마산회원구 용마로 130, 양덕동메트로센텀 제1동 제1층 116호 (양덕동)","■ 설/추석 당일 휴무","센텀약국","055-294-7415","2100","0900","2100","0900","2100","0900","2100","0900","2100","0900","1700","0900","C2802024","513","20","12014","35.22358361038385","128.5860885810207"
"경상남도 김해시 주촌면 천곡로 14, 1층","센텀약국","055-904-0003","1930","0900","1930","0900","1930","0900","1930","0900","1930","0900","1400","0900","C2802056","510","25","12015","35.233960223609515","128.83820262586144"
"경상남도 밀양시 가곡7길 3 (가곡동)","센텀약국","055-356-4560","2000","0900","2000","0900","2000","0900","2000","0900","2000","0900","1500","0900","1800","1400","2000","0900","C2802178","504","45","12016","35.474928886651","128.767476185909"
"경상남도 김해시 진영읍 김해대로365번길 6-10, 1층 106호","센텀온누리약국","055-723-4564","1900","0900","1900","0900","1900","0900","1900","0900","1900","0900","1300","0900","C2802209","508","62","12017","35.3069746781842","128.730639778594"
"부산광역시 해운대구 APEC로 17, 센텀리더스마크 414호 (우동)","13:00~14:30 점심","센텀유로약국","051-715-7771","2000","1000","2000","1000","2000","1000","2000","1000","2000","1000","1500","1000","C1202788","480","60","12018","35.1659324519479","129.132411521392"
"부산광역시 해운대구 해운대로 369, 해운대센텀메디칼센터 1층 (우동)","2호선 시립미술관역 8번 출구/해운대센텀메디칼센터 1층","센텀중앙약국","051-744-7275","1900","0830","1900","0830","1900","0830","1900","0830","1900","0830","1430","0830","C1200647","480","62","12019","35.1701945154","129.1377315634"
"부산광역시 수영구 수영로679번길 15, 1층 (광안동)","센텀큰약국","051-984-5005","1830","0830","1830","0830","1830","0830","1830","0830","1830","0830","1400","0830","1700","1000","C1202937","482","43","12020","35.166519043775","129.113959053906"
"부산광역시 해운대구 센텀중앙로 145, 상가7동 205호 (재송동, 더샵센텀파크1차아파트)","센텀파크약국","051-741-1063","1900","0900","1900","0900","1900","0900","1900","0900","1900","0900","1300","0900","C1202530","480","50","12021","35.17675857681747","129.12359153829192"
"부산광역시 해운대구 센텀북대로 60, 103호 (재송동, 센텀아이에스타워)","버스정류장: 센텀고등학교 맞은편/센텀IS타워 1층 103호","센텀편안한약국","051-784-1529","1900","0900","1900","0900","1900","0900","1900","0900","1900","0900","1400","0900","C1201106","480","59","12022","35.17664375415083","129.125410468606"
"경기도 화성시 동탄대로시범길 142, 110,111호 (청계동, 센텀프라자)","센텀프라자약국","031-378-4667","2030","0900","2030","0900","2030","0900","2030","0900","2030","0900","1500","0900","C2107409","184","76","12023","37.1999199735","127.1133883198"
"부산광역시 해운대구 센텀동로 102","버스정류장: 센텀필상가","센텀필약국","051-781-8989","1830","0900","1830","0900","1830","0900","1830","0900","1830","0900","1600","0900","1400","0900","C1200549","480","59","12024","35.17620904318296","129.12682415339904"
"부산광역시 해운대구 센텀2로 10","*공공심야약국 휴식시간: (월~금)19:30~22:00, (토)15:00~22:00 * 26. 1. 31.(토) 공공심야약국 휴무","*공공심야약국/휴식시간: (월~금)19:30~22:00 , (토)15:00~22:00","2호선 센텀시티역 11번 출구/센텀메디칼센터 1층","센텀홍은약국","051-746-1131","2500","0900","2500","0900","2500","0900","2500","0900","2500","0900","2500","0900","2500","2200","2500","2200","C1202042","480","60","12025","35.16783120274623","129.13152413324286"
"광주광역시 서구 상무대로 799, 1층 (치평동)","센트럴봄약국","062-375-9375","C1501447","619","63","12026","35.1522319313796","126.860280876864"
"경기도 부천시 길주로 181, 골든벨타워 1층 101호 (중동)","센트럴시티약국","032-321-6185","1800","0900","1800","0900","1800","0900","1800","0900","1800","0900","1300","0900","C2109285","145","37","12027","37.5053136620333","126.76263413838"
"부산광역시 해운대구 좌동순환로 505, 102호 (중동)","2호선 중동역 7번출구","센트럴약국","051-747-0981","2200","0900","2200","0900","2200","0900","2200","0900","2200","0900","2200","0900","2200","1000","2200","1000","C1202391","480","96","12028","35.1656692568","129.1682257679"
"전라남도 목포시 백년대로 304 1층 (상동)","센트럴약국","061-981-7588","2000","0830","2000","0830","2000","0830","2000","0830","2000","0830","1600","0830","1300","0900","1230","0900","C2600601","586","90","12029","34.80357061934351","126.42059288722945"
"전라남도 여수시 둔덕2길 6-1(미평동)","센트럴약국","061-652-2580","1800","0900","1800","0900","1800","0900","1800","0900","1800","0900","C2601256","596","97","12030","34.7671085532501","127.702268015688"
"광주광역시 동구 제봉로222번길 13, 1층 102호 (대인동)","센트럴약국","062-222-6555","2000","0900","2000","0900","2000","0900","2000","0900","2000","0900","2000","0900","C1501281","614","26","12031","35.1558958413993","126.914452885912"
"경기도 광주시 태전중앙2길 21, 센트럴타워 1층 101호 (태전동)","센트럴약국","031-798-3112","1800","0900","1800","0900","1800","0900","1800","0900","1800","0900","1300","0900","C2109850","127","89","12032","37.3823855188699","127.233204871768"
"전북특별자치도 군산시 조촌로 131, 1층 106호 (조촌동)","센트럴약국","063-442-6475","1900","0900","1900","0900","1900","0900","1900","0900","1900","0900","1500","0900","C2501395","540","33","12033","35.9758546199894","126.737289632043"
"경기도 의정부시 시민로 80, 센트럴타워 1층 106호 (의정부동)","* 공공심야약국(22시~익일 새벽 1시까지)","센트럴약국","031-870-1999","2500","2200","2500","2200","2500","2200","2500","2200","2500","2200","2500","2200","2500","2200","2500","2200","C2103886","116","51","12034","37.7379775899","127.0440914603"
"전북특별자치도 익산시 선화로 205, 센트럴 약국 101호 (남중동)","센트럴약국","063-858-8414","2000","0830","2000","0830","2000","0830","2000","0830","2000","0830","1800","0830","C2501484","546","18","12035","35.9462406784286","126.952964064753"
"대전광역시 중구 계백로 1709, 1층 102호 (오류동)","센트럴약국","042-536-8639","2030","0900","1900","0900","1900","0900","2030","0900","2030","0900","1500","0900","C1601216","349","09","12036","36.3218912184","127.4090378885"
"서울특별시 강동구 고덕로80길 123, 고덕센트럴아이파크아파트(상가A동) 2층 206호 (상일제1동)","평일 휴게시간 12:30-14:00 명절(추석, 설날) 당일은 쉽니다.","고덕센트럴아이파크 상가A동 2층","센트럴약국","02-428-2123","1840","0900","1840","0900","1840","0900","1840","0900","1840","0900","1310","0900","1310","0900","1300","0900","C1108744","052","76","12037","37.5509309412134","127.165596070167"
"서울특별시 중랑구 동일로92길 40, 2층 204호 (면목동, 사가정센트럴아이파크)","사가정센트럴아이파크 상가 2층","센트럴약국","02-434-9460","2000","0900","2000","0900","1300","0900","2000","0900","2000","0900","1400","0900","C1109056","022","26","12038","37.58326211696206","127.08048768843571"
"경기도 수원시 영통구 법조로 25, 광교 SK VIEW Lake A동 303호 (하동)","센트럴약국","031-893-8568","1800","1000","1800","1000","1800","1000","1800","1000","1800","1000","C2108317","165","14","12039","37.2874808899042","127.060178440172"
"경기도 성남시 수정구 위례광장로 320, 1층 114호 (복정동, 아이에스센트럴타워)","센트럴약국","031-759-7588","2000","0830","2000","0830","2000","0830","2000","0830","2000","0830","C2107237","136","40","12040","37.4722410024","127.1426617449"
"경기도 광명시 신기로17번길 11, 108호 (일직동)","센트럴약국","02-897-2111","1930","0900","1930","0900","1930","0900","1930","0900","1930","0900","1500","0900","C2108724","143","44","12041","37.4212423871563","126.883488206427"
"서울특별시 노원구 노해로 507, 와우쇼핑몰 3층 309호 (상계동)","평일 휴게시간 13:10~14:00","센트럴약국","02-939-2001","1800","0900","1800","0900","1800","0900","1800","0900","1800","0900","1400","0900","C1109660","016","95","12042","37.6554272387774","127.063889081054"
"서울특별시 서초구 방배로 83, B층 102호 (방배동)","방배역 3번출구 바로앞/2층","센트럴약국","02-525-1731","2000","0900","2000","0900","2000","0900","2000","0900","2000","0900","1700","0900","1200","0900","C1109337","066","86","12043","37.4818646316946","126.997007580557"
"서울특별시 강남구 봉은사로 211","언주역 4번 출구","센트럴약국","02-549-1210","2100","0930","2100","0930","2100","0930","2100","0930","2100","0930","1600","0900","C1107284","061","09","12044","37.5079803352646","127.03520187295"
"경기도 안산시 단원구 화랑로 102, 321호 (원곡동)","센트럴약국","031-495-2771","1900","0900","1900","0900","1900","0900","1900","0900","1900","0900","1400","0900","1400","0900","C2109076","153","89","12045","37.3263064411963","126.800390969543"
"경기도 김포시 김포한강9로 73, 110호 (구래동, 김포센트럴프라자)","센트럴약국","031-985-6237","2100","0900","2100","0900","2100","0900","2100","0900","2100","0900","2100","0900","1600","0900","C2107022","100","71","12046","37.64335110175303","126.62550882225591"
"울산광역시 북구 박상진12로 11, 지오타워 109호, 110호 (송정동)","팩스번호 052-282-2329 안녕하세요. 언제나 열려있는 365일 연중무휴 울산 센트럴온누리약국입니다. 온누리, 휴베이스, 메디팜 가맹약국으로 다양한 약들이 구비되어 있습니다. 네이쳐스팜, 엔큐엔에이, MIA, 셀로닉스, 뉴트리파마, 약사와건강(셀로맥스) 등등 다양한 학회제품 구매 가능처입니다. 연중무휴 약국으로 365일 활짝 열려있습니다. 언제나 친절한 약국입니다. 처방의약품, 일반의약품, 동물약품, 건강기능식품 모두 상담 판매 중입니다. 마이타민, 글루콤, 광동경옥고, 쎌티아이, 엘포비 취급처입니다. 울산 센트럴온누리약국에서는 넥스가드, 하트가드와 같은 심장사상충 예방 동물약은 물론, 아쿠아파워시드, 슈퍼네오테라, 옴니쿠어산 등 관상어 전용 약품까지 다양한 동물약품을 구비하고 있습니다.","언제나 열려있는, 365일 연중무휴약국. 울산 센트럴온누리약국입니다.","센트럴온누리약국","052-282-2323","2100","0900","2100","0900","2100","0900","2100","0900","2100","0900","1900","0900","1900","0900","1900","0900","C1700674","442","36","12047","35.6014788084604","129.365332014142"
"인천광역시 연수구 센트럴로 232, E동 172호 (송도동, 더샵센트럴파크1)","센트럴파크 방면 E2 그린워크3차, 푸르지오하버뷰쪽 E4,E5부터는 E1 인근까지 걸어가다 좌회전","센트럴원약국","070-7537-1042","1900","0800","1900","0800","1900","0800","1900","0800","1900","0800","1300","0800","C1402160","220","03","12048","37.3974223046224","126.636641328932"
"경기도 용인시 수지구 신봉2로 2, 114호 (신봉동, 센트럴쇼핑몰)","신봉동신봉사우나건물","센트럴일층약국","031-266-5586","1930","0900","1930","0900","1930","0900","1930","0900","1930","0900","1400","0900","C2100785","168","15","12049","37.323279630690884","127.07797512048147"
"경기도 고양시 일산동구 중산로 67, 중산동 아카메디 104호 (중산동)","센트럴종로약국","031-975-3010","1800","0900","1800","0900","1800","0900","1800","0900","1800","0900","1300","0900","C2108994","103","55","12050","37.6781081530819","126.781952489496"
"인천광역시 연수구 컨벤시아대로130번길 14, 1층 108,109호 (송도동)","센트럴파크약국","032-831-7507","1900","0900","1900","0900","1900","0900","1900","0900","1900","0900","1600","0900","C1401529","220","03","12051","37.392954980718024","126.64488981298194"
"대구광역시 달서구 월배로 219, 104호 (상인동, CENTRO TOWER)","지하철1호선상인역2번출구","센트로약국","053-636-7254","1900","0900","1900","0900","1900","0900","1900","0900","1900","0900","1700","0900","C1300927","427","81","12052","35.8191048086","128.5370809905"
"서울특별시 송파구 올림픽로 145, 리센츠 2층 2A29호 (잠실동)","평일 점심시간 13:00~14:00 2025년 7월 둘째주 여름휴가 입니다.(7/7~7/12)","잠실새내역 7,8번출구 바로앞 리센츠상가 2층","셀럽약국","02-6349-0529","2000","0930","2000","0930","1930","1000","2000","0930","1930","0930","1500","0900","C1108163","055","02","12053","37.5119804600106","127.087041904838"
"세종특별자치시 보듬5로 6, 주2동 1~2층 (도담동)","토요일, 일요일 정기휴무 (토요일, 일요일, 공휴일은 예약 상담 시 운영)","토요일, 일요일 정기휴무 (토요일, 일요일, 공휴일은 예약 상담 시 운영)","도담동","셀린약국","044-417-6005","1800","1000","1800","1000","1800","1000","1800","1000","1800","1000","C1800359","300","98","12054","36.51637561447089","127.25857876270577"
"서울특별시 은평구 통일로 741-1 (대조동, Das Haus)","셀메드 1층엔약국","02-382-1080","1900","0840","1900","0840","1900","0840","1900","0840","1900","0840","1500","0840","C1109263","033","96","12055","37.6115633488484","126.928503751582"
"경기도 용인시 수지구 포은대로313번길 4 (풍덕천동, 수지미래빌딩 103호)","수지미래산부인과 1층","셀메드 한사랑약국","031-896-2020","2000","0900","2000","0900","2000","0900","2000","0900","2000","0900","1600","0900","1300","1000","C2100138","168","46","12056","37.315035023379025","127.08658562748845"
"서울특별시 송파구 오금로 523, 1층 102호 (거여동)","셀메드거여약국","02-402-0301","1900","0900","1900","0900","1900","0900","1900","0900","1900","0900","1400","0900","C1110641","057","68","12057","37.4930763611601","127.146927017488"
"서울특별시 금천구 독산로 142 (시흥동, 덕산빌딩)","셀메드금천이화약국","02-895-8859","1800","0900","1800","0900","1800","0900","1800","0900","1800","0900","1300","0900","C1107611","085","68","12058","37.4600851754158","126.905093449064"
"경기도 부천시 오정구 소사로 758, 103호 (원종동, 한성빌딩)","부천시 오정권역 공공심야약국(365일운영) 22:00~익일01:00","원종사거리 농협 옆건물 1층","셀메드단골약국","032-674-6949","2000","0900","2000","0900","2000","0900","2000","0900","2000","0900","1700","0900","2200","1800","C2100237","144","24","12059","37.52368243131048","126.80521182547434"
"경기도 화성시 팔탄면 시청로 760","셀메드동아약국","031-359-9080","1900","0800","1900","0800","1900","0800","1900","0800","1900","0800","C2103583","185","30","12060","37.170011808449026","126.87652298146836"
"경기도 성남시 분당구 돌마로356번길 3, 그랜드빌딩 402-1호 (수내동)","셀메드드림약국","031-719-1069","1800","0900","1800","0900","1800","0900","1800","0900","1800","0900","C2108759","136","00","12061","37.3697248747272","127.12333496297"
"대구광역시 수성구 지범로 199, 1층 (범물동)","24년 2월9일 8시-13시, 2월10일(설날): 8시-13시, 2월12일(월요일):8시-14시","대구시 수성구 범물동 셀메드류약국","반월메디칼타워2층반월약국","셀메드류약국","053-252-8899","1900","0800","2000","0800","1900","0800","2030","0800","1900","0800","1300","0800","1300","0800","C1300236","421","98","12062","35.86587798435545","128.60310368567275"
"경기도 용인시 기흥구 동백중앙로 273 (중동)","셀메드메디필약국","031-286-8431","2000","0900","2000","0900","2000","0900","2000","0900","2000","0900","1500","0900","C2109963","170","06","12063","37.2770153454241","127.153428293102"
"서울특별시 성북구 돌곶이로 45 (석관동)","먹는치료제 조제기관","6호선돌곶이역7번출구에서도보7분거리","셀메드믿음약국","02-963-3249","1900","0900","1900","0900","1900","0900","1900","0900","1900","0900","1500","0900","C1103332","027","88","12064","37.608150175461","127.059573087541"
"서울특별시 양천구 오목로 70 (신월동)","신월2동509-4의1층코너","셀메드새롬약국","02-2606-2806","1930","0830","1930","0830","1930","0830","1930","0830","1930","0830","1500","0830","C1101694","080","28","12065","37.5226353064146","126.845358713435"
"경기도 성남시 분당구 백현로101번길 16, 대덕프라자 1층 110,110-1호 (수내동)","셀메드수내큰약국","031-717-2027","1800","0900","1800","0900","1800","0900","1800","0900","1800","0900","1300","0900","C2110221","135","95","12066","37.3770099737962","127.112729564852"
"인천광역시 연수구 센트럴로 232, 219호 (송도동, 더샵센트럴파크1)","셀메드수약국","050-71495-0197","1800","0900","1800","0900","1800","0900","1800","0900","1800","0900","C1401891","220","03","12067","37.3974223046224","126.636641328932"
"서울특별시 서초구 효령로25길 28, 이레힐 1층 101호 (방배동)","셀메드수약국","02-525-5339","1900","0900","1900","0900","1900","0900","1900","0900","1900","0900","1400","0900","C1109820","066","84","12068","37.4823924173878","126.993981426222"
"서울특별시 성동구 뚝섬로1길 53-1, 1층 (성수동1가)","휴게시간 13:50-14:20(수, 토요일 제외)","셀메드스카이약국","02-467-0301","1930","0900","1930","0900","1830","0900","1930","0900","1930","0900","1600","1000","C1109819","047","78","12069","37.5460256232685","127.047470360006"
"대전광역시 중구 계백로 1567, 1층 (유천동)","마감전과 주말은 전화 후 방문하세요","셀메드신세계약국","042-487-1131","2030","0900","2030","0900","2030","0900","2030","0900","2030","0900","1800","0900","1800","0900","C1601363","348","91","12070","36.3178761676919","127.394159300284"
"경기도 파주시 청석로 115, 반석프라자 109,110호 (동패동)","셀메드오늘약국","031-946-9466","1800","0900","1800","0900","1800","0900","1800","0900","1800","0900","1300","0900","C2109452","108","88","12071","37.712691078582","126.720433135049"
"경기도 화성시 봉담읍 진등1길 65","봉담농협뒤","셀메드은혜약국","031-227-8135","1900","0900","1900","0900","1900","0900","1900","0900","1900","0900","1400","0900","1200","0900","C2100693","183","13","12072","37.221350900240665","126.94976621754512"
"서울특별시 은평구 응암로22길 22 (응암동)","셀메드이화약국","02-302-1783","2000","0900","2000","0900","2000","0900","2000","0900","2000","0900","2000","0900","C1100531","034","68","12073","37.593311881814","126.920450928132"
"경기도 의정부시 평화로 381, 107,108호 (호원동)","셀메드자연약국","031-873-9974","2100","0900","2100","0900","2100","0900","2100","0900","2100","0900","1500","0900","1300","0900","C2100029","117","03","12074","37.725967970207364","127.04789566563768"
"경기도 용인시 기흥구 구성로 98, 101호 (언남동, 구성빌딩)","언남동부센트레빌아파트맞은편","셀메드주오약국","031-283-1171","2200","0900","2200","0900","2200","0900","2200","0900","2200","0900","2200","0900","2200","0900","2200","0900","C2103049","169","19","12075","37.293792445886275","127.11990341031574"
"경기도 화성시 병점서로 33 (병점동)","일요일 미운영","셀메드태안약국","031-232-6637","2200","0900","2200","0900","2200","0900","2200","0900","2200","0900","2200","0900","2000","0900","C2101688","184","13","12076","37.20557629603786","127.04003364464896"
"서울특별시 중구 필동로 14, 민성빌딩 1층 (필동2가)","대평빌딩 103호","셀메드필약국","02-2268-7552","1950","0855","1950","0855","1950","0855","1950","0855","1950","0855","1500","1000","C1100667","046","25","12077","37.5604061015074","126.995890968916"
"서울특별시 송파구 송파대로 345, 상가1A동 1045호 (가락동, 헬리오시티)","셀메드행복한약국","02-449-1190","1930","0900","1930","0900","1930","0900","1930","0900","1930","0900","1500","0900","C1108604","056","98","12078","37.49999611269981","127.11119251898207"
"경상북도 구미시 야은로 419 (도량동)","18:30-20:00 저녁식사시간으로 자리를 비웁니다. 공공심야약국은 평일에만 운영합니다.","셀메드현대약국","054-451-0068","2300","0900","2300","0900","1830","0900","2300","0900","2300","0900","1400","0900","C2700275","391","99","12079","36.136686724971774","128.32942200148523"
"경상남도 창원시 성산구 용지로113번길 17-1, 신도상가 101호 (중앙동)","한서재활병원","셀메드혜성약국","055-283-3997","2100","1000","2100","1000","2100","1000","2100","1000","2100","1000","2100","1000","C2800551","515","14","12080","35.2270517989536","128.677473774084"
"경기도 성남시 분당구 야탑로69번길 3, 101~5,204호 (야탑동, 강남프라자)","셀메드홈케어굿모닝약국","031-707-1661","2130","0800","2130","0800","2130","0800","2130","0800","2130","0800","2130","0830","2130","0930","2130","0930","C2101548","134","97","12081","37.410061111111112","127.126297222222220"
"서울특별시 마포구 양화로 72, 1층 118호 (서교동)","토요일 휴게시간 14:00~21:00","서울시 공공야간 약국입니다 (365일 새벽 1시까지 문여는 약국)","합정역 3번출구 바로앞","셀약국","02-337-7959","2500","0900","2500","0900","2500","0900","2500","0900","2500","0900","2500","0900","2500","1700","2500","2100","C1108837","040","44","12082","37.5508138163956","126.916493990351"
"경상남도 김해시 해반천로168번길 20 (삼계동)","셀프케어류약국","055-329-1080","2200","1000","2200","1000","2200","1000","2200","1000","2200","1000","2200","1000","2200","1000","C2801704","509","01","12083","35.26313501608462","128.86938966242138"
"경상남도 창원시 의창구 소계로94번길 2","소계동새마을금고앞","소계약국","055-295-4669","1900","0900","1900","0900","1900","0900","1900","0900","1900","0900","1300","0900","C2800611","511","85","12084","35.25747507350949","128.59891337927834"
"서울특별시 강남구 개포로 220","1층","소나무약국","02-572-6409","2100","0900","2100","0900","2100","0900","2100","0900","2100","0900","2100","0900","C1104667","063","07","12085","37.4785413102826","127.046797570716"
"경상남도 창원시 진해구 안골로 338 (용원동)","소나무약국","055-980-6675","1900","0900","1900","0900","1900","0900","1900","0900","1900","0900","1400","0900","C2800974","516","05","12086","35.1012890496606","128.8099353533069"
"경기도 의정부시 장곡로 224, 롯데마트장암점 2층 (장암동)","소나무약국","070-4214-3902","2000","1000","2000","1000","2000","1000","2000","1000","2000","1000","2000","1000","2000","1000","C2103450","117","22","12087","37.723702519399374","127.05305748871102"
"경기도 파주시 와석순환로 507, 월드타워9 1층 108호 (와동동)","소나무약국","031-944-9257","1930","1000","1930","1000","1930","1000","1930","1000","1930","1000","1500","1000","C2107393","108","96","12088","37.7277542871","126.7343761802"
"서울특별시 마포구 월드컵북로 402, 케이지아이티센터 102호 (상암동)","KGIT 건물","소나무약국","02-6393-5567","2000","0900","2000","0900","2000","0900","2000","0900","2000","0900","1500","0900","C1108527","039","25","12089","37.580107752042","126.888982346416"
"서울특별시 송파구 중대로 80 (문정동)","마트 내 약국으로 마트 휴무일(2,4주)은 운영 안함","가락시장역 바로앞/롯데마트 지하1층","소나무약국","02-402-4701","2150","1000","2150","1000","2150","1000","2150","1000","2150","1000","2100","1000","C1100092","058","33","12090","37.4917620371568","127.117842816756"
"부산광역시 해운대구 해운대로 133 (재송동)","버스정류장: 효성시티병원앞","소나무약국","051-784-8999","1820","0900","1820","0900","1820","0900","1820","0900","1820","0900","1320","0900","C1200755","480","55","12091","35.18529559968311","129.12130471022698"
"부산광역시 중구 중앙대로 2 (중앙동7가)","1호선 남포역 8, 10번출구/롯데백화점 광복점","소나무약국","070-4155-0858","2200","1030","2200","1030","2200","1030","2200","1030","2200","1030","2200","1030","2200","1030","C1202065","489","44","12092","35.09830687087128","129.03670287203036"
"경기도 의왕시 경수대로 209, 의왕월드비젼 305호 (고천동)","소나무약국","070-8672-4114","1800","0900","1800","0900","1800","0900","1800","0900","1800","0900","1300","0900","C2110188","160","76","12093","37.3454099313694","126.974913838563"
"서울특별시 노원구 노원로 330, 롯데마트 지하1층 (중계동)","마트휴무일(2,4주일요일)의 경우 11시~18시까지 운영","소나무약국","02-931-1996","2140","1000","2140","1000","2140","1000","2140","1000","2140","1000","2130","1000","1800","1100","2140","1000","C1103913","017","46","12094","37.6467905319279","127.070940893709"
"충청북도 제천시 하소로 64 (하소동)","한빛의원 옆 / 하소동농협옆","소나무약국","043-653-5432","1930","0830","1930","0830","1930","0830","1930","0830","1930","0830","1400","0830","C2300500","271","61","12095","37.14182509634028","128.19898006278652"
"경기도 수원시 권선구 세화로 134, 2층 (서둔동, 롯데몰)","롯데마트 휴무일에는 21시30분까지 운영(둘째,넷째주 일요일등)","소나무약국","031-8067-4021","2200","1000","2200","1000","2200","1000","2200","1000","2200","1000","2200","1000","2200","1000","2200","1000","C2106615","166","21","12096","37.264179213953966","126.99729433501561"
"서울특별시 영등포구 신길로 150-1, 1층 (신길동)","","소나무약국","02-6674-0071","1900","0830","1900","0830","1900","0830","1900","0830","1900","0830","1400","0830","C1108992","073","88","12097","37.5055137363132","126.911097565566"
"경기도 화성시 동탄중앙로 76, 서건프라자 106호 (반송동)","소나무약국","031-613-8075","1830","0900","1830","0900","1830","0900","1830","0900","1830","0900","1400","0900","C2106683","184","43","12098","37.1931846826201","127.072527665956"
"경상남도 김해시 함박로101번길 6","■ 공휴일 병원 진료 시 운영, 전화 확인 요망","맥도날드 맞은편","소나무약국","055-328-6784","1900","0900","1900","0900","1900","0900","1900","0900","1900","0900","1500","0900","1400","0900","1400","0900","C2800354","509","48","12099","35.23262753751839","128.86551568600285"
"경상남도 거제시 거제중앙로 1919(고현동)","소나무약국","055-638-0580","1930","0900","1930","0900","1930","0900","1930","0900","1930","0900","1930","0900","1930","0900","C2802298","532","53","12100","34.8892612709501","128.622415833272"
"강원특별자치도 강릉시 경강로 1951","소나무한약국","033-641-5800","1800","1000","1800","1000","1800","1000","1800","1000","1800","1000","C2200943","255","37","12101","37.748010044452705","128.88342199590195"
"서울특별시 마포구 성암로 179, 한샘상암 1층 (상암동)","소담약국","02-304-0779","1900","0830","1900","0830","1900","0830","1900","0830","1900","0830","1400","0830","C1108043","039","29","12102","37.5761509117108","126.898763780833"
"세종특별자치시 한누리대로 2018, 사이언스타운 111호 (소담동)","평일 점심시간: 12시30분~2시 주말 및 공휴일 점심시간 없음. 매월 마지막주 일요일 휴무.","2018년 11월 30일부터 약국운영","소담동","소담약국","044-865-7554","1930","0900","1930","0900","1930","0900","1930","0900","1930","0900","1400","0900","1300","0900","C1800233","301","51","12103","36.4847437766","127.2994036515"
"대구광역시 북구 학정로 440, 5층 (구암동)","소담약국","053-324-7582","1800","0900","1800","0900","1800","0900","1800","0900","1800","0900","C1301783","414","24","12104","35.9437658958564","128.564253091998"
"서울특별시 종로구 성균관로 18, (명륜2가)","혜화역 4번출구에서 성균관대 방향","소담약국","02-765-2126","2100","0900","2100","0900","2100","0900","2100","0900","2100","0900","2100","0900","2100","1200","2100","1300","C1103188","030","74","12105","37.5844061348081","126.997641346393"
"충청북도 청주시 서원구 장전로6번길 32, 103호 (성화동, 삼성연합빌딩)","삼성연합소아과밑","소담약국","043-234-3410","1900","0800","1900","0800","1900","0800","1900","0800","1900","0800","1600","0800","1600","0900","1600","0900","C2300043","286","14","12106","36.61698529529598","127.44757231840937"
"경기도 성남시 수정구 산성대로 259, 1층 일부호 (신흥동)","소담약국","0317786673","1800","0900","1800","0900","1800","0900","1800","0900","1800","0900","C2108913","133","53","12107","37.4407917335656","127.145677436912"
"대구광역시 서구 달서로 66 (비산동)","소담약국","053-565-8386","1830","0900","1830","0900","1830","0900","1830","0900","1830","0900","1230","0900","C1301004","418","09","12108","35.8680314888","128.5712524793"
"서울특별시 강남구 테헤란로 337, 1층 (역삼동)","소담약국","02-552-9593","2100","0900","2100","0900","2100","0900","2100","0900","2100","0900","1720","0920","C1109555","061","50","12109","37.5047949131565","127.048457476412"
"경상남도 양산시 덕계로 25, 소담약국 (덕계동)","소담약국","055-382-0312","1800","0900","1800","0900","1800","0900","1800","0900","1800","0900","1300","0900","C2801983","505","56","12110","35.370706485","129.1483416554"
"전북특별자치도 전주시 완산구 공북로 48 (태평동, 명신약국)","전북대 평생교육원에서 금강재화쪽 사거리","소담약국","063-283-0652","1800","0900","1800","0900","1800","0900","1800","0900","1800","0900","1300","0900","C2500254","549","97","12111","35.82551813752447","127.13730732014926"
"제주특별자치도 제주시 연북로 517, 1층 (아라일동)","점심시간 13-14시","소담약국","064-805-7771","1900","0830","1900","0830","1900","0830","1900","0830","1900","0830","1600","0900","C2900578","632","34","12112","33.4847187119857","126.535119868299"
"광주광역시 서구 풍암중앙로 39, 광주은행(대복빌딩) 1층 (풍암동)","월.화.목.금 - 21:00~01:00 추가 운영","소담약국","062-651-4948","1830","0900","1830","0900","1830","0900","1830","0900","1830","0900","1300","0900","C1501168","620","58","12113","35.1251754613","126.8786777086"
"경기도 안산시 단원구 광덕4로 108, 111호 (고잔동)","소담약국","031-506-0015","1800","0900","1800","0900","1800","0900","1800","0900","1800","0900","1300","0900","C2110004","154","58","12114","37.3151668443315","126.824281064099"
"경상남도 거제시 아주1로2길 41 (아주동)","소담약국","055-681-2722","1900","0930","1900","0930","1900","0930","1900","0930","1900","0930","1700","0930","C2801806","533","05","12115","34.866646218628084","128.6877921187537"
"경상남도 김해시 금관대로 1259 (내동)","일요일/공휴일은 병원 진료에 따라 운영 가능","김해사랑병원옆","소담온누리약국","055-314-0072","2000","0830","2000","0830","2000","0830","2000","0830","2000","0830","1400","0830","C2800941","508","93","12116","35.23773669705357","128.85840062280505"
"경상남도 창원시 의창구 의안로31번길 28-10, 1층 (중동)","소답온누리약국","055-298-9979","1930","0830","1930","0830","1930","0830","1930","0830","1930","0830","1700","0900","1700","0900","1700","0900","C2802256","511","95","12117","35.2648701845553","128.621152258063"
"서울특별시 광진구 면목로 117, 1층 102호 (중곡동, 바론채)","소라약국","02-469-5566","1830","0900","1830","0900","1830","0900","1830","0900","1830","0900","1300","0930","1300","0930","1300","0930","C1101339","049","11","12118","37.5640684989952","127.080089783997"
"전라남도 여수시 소라면 덕양로 383-1","여수시소라면덕양","소라약국","061-683-8915","1800","0800","1800","0800","1800","0800","1800","0800","1800","0800","1300","0800","C2600206","596","49","12119","34.79232050416632","127.63291590316328"
"경기도 평택시 탄현로 340 (지산동)","소라약국","031-611-7104","1300","0900","1300","0900","1300","0900","1300","0900","1300","0900","1400","0900","C2100841","177","57","12120","37.082372144357116","127.05685845615211"
"충청북도 청주시 상당구 원봉로 21 (용암동, 용암소라아파트)","용암동소라아파트상가에위치","소라약국","043-296-2551","1830","0830","1830","0830","1830","0830","1830","0830","1830","0830","1300","0830","C2300271","287","78","12121","36.61269487539533","127.51078294045962"
"인천광역시 남동구 앵고개로 928, 1층 109호 (논현동)","- 일요일은 개인사정에 의해 변경될 수 있습니다.","영업시간은 개인적사정으로 인해 변경될수 있읍니다.","소래약국","032-424-2988","2000","0900","2000","0900","2000","0900","2000","0900","2000","0900","1800","0900","1800","0900","C1400910","216","73","12122","37.4017809542","126.7339228001"
"전북특별자치도 군산시 공단대로 593 (소룡동)","소룡드림약국","063-471-9086","2000","0830","2000","0830","2000","0830","2000","0830","2000","0830","2000","0830","1800","0900","C2501126","540","13","12123","35.97167265163533","126.6814495259103"
"서울특별시 강동구 구천면로 218, 104호 (천호동)","소리약국","02-474-1964","2000","0900","2000","0900","2000","0900","1800","0900","2000","0900","1600","0900","1400","0900","1400","0900","C1110232","053","34","12124","37.5405084425608","127.128990723972"
"충청북도 청주시 흥덕구 가경로 8 (가경동, 104호)","가경동 신한은행(홈플러스 인근)옆 건물","소리약국","043-235-5451","1830","0830","1830","0830","1830","0830","1830","0830","1830","0830","1400","0830","C2300275","284","09","12125","36.61664872354331","127.44422788354896"
"부산광역시 동구 중앙대로195번가길 53, (초량동)","버스정류장: 초량초등학교 입구, 소림사 입구","소림약국","051-467-6202","2100","0900","2100","0900","2100","0900","2100","0900","2100","0900","2100","0900","1600","0900","1600","0900","C1201375","488","17","12126","35.117455555555559","129.037694444444440"
"경기도 고양시 덕양구 충경로 96, 101호 (행신동,소만빌딩)","소만약국","031-970-0905","1900","0900","1900","0900","1900","0900","1900","0900","1900","0900","1500","0900","C2102423","105","30","12127","37.61525908227757","126.84034321541655"
"서울특별시 동작구 서달로 157 (흑석동)","소망메디컬약국","02-826-2223","2000","0830","2000","0830","2000","0830","2000","0830","2000","0830","1330","0830","C1109014","069","72","12128","37.507619871635","126.961703736863"
"전라남도 나주시 세지면 동창로 141, 1층","소망약국","061-336-3323","1640","0740","1640","0740","1640","0740","1640","0740","1640","0740","1200","0740","1200","0740","C2601262","583","15","12129","34.9209447576633","126.747624825326"
"경상북도 영천시 신녕면 장수로 1673 (신녕면)","소망약국","054-336-2271","1730","0840","1730","0840","1730","0840","1730","0840","1730","0840","1230","0840","C2700590","388","03","12130","36.0410100542","128.7880700755"
"전라남도 순천시 대석길 31","전남순천시연향동1471-3","소망약국","061-725-6608","1900","0840","1900","0840","1900","0840","1900","0840","1900","0840","1400","0840","C2600252","579","86","12131","34.94601973393257","127.52550153164181"
"경상북도 포항시 남구 중흥로 82 (상도동)","소망약국","054-281-7100","1930","0900","1930","0900","1930","0900","1930","0900","1930","0900","1530","0900","C2701403","377","71","12132","36.012418761701966","129.35012937761692"
"인천광역시 계양구 주부토로 372 (작전동)","금영프라자 102호","소망약국","032-551-7497","1930","0900","1930","0900","1930","0900","1930","0900","1930","0900","1500","0900","C1400711","211","18","12133","37.527574938381726","126.73018228070634"
"서울특별시 강남구 테헤란로87길 13, 1층 (삼성동, 서영빌딩)","삼성역5번출구 서영빌딩 1층","소망약국","02-555-6806","2000","0900","2000","0900","2000","0900","2000","0900","2000","0900","1530","0900","C1102448","061","69","12134","37.5086333777282","127.058591804414"
"서울특별시 강서구 공항대로41길 76, 로얄프라자106호 (등촌동)","매달 둘째, 넷째주 토요일 휴무입니다.","등현초등학교 맞은편","소망약국","02-3665-8853","1800","0930","1800","0930","1800","0930","1800","0930","1800","0930","1300","0930","C1101012","075","87","12135","37.5609642709512","126.846826834173"
"서울특별시 동대문구 홍릉로 28, 성일빌딩 1층 (청량리동)","청량리역 2번출구","소망약국","02-967-9626","1800","0900","1800","0900","1800","0900","1800","0900","1800","0900","1300","0900","C1109209","024","90","12136","37.5828224947419","127.044683044631"
"서울특별시 성북구 정릉로 322 (정릉동)","토요일 운영시간 유동적이므로 전화 확인 후 방문부탁드립니다.","길음119안전센터 맞은편","소망약국","02-918-8055","1900","0900","1900","0900","1900","0900","1900","0900","1900","0900","1700","0900","C1101362","028","16","12137","37.6021773260676","127.018987300169"
"서울특별시 중구 퇴계로88길 42","소망약국","02-2253-2355","2000","0800","2000","0800","2000","0800","2000","0800","2000","0800","1400","0800","C1101260","045","83","12138","37.5637843451805","127.020249196215"
"경기도 안양시 동안구 평촌대로211번길 16, 삼희월드프라자 109,110호 (호계동)","범계역3번출구에서10분거리","소망약국","031-383-7942","1700","0900","1830","0900","1830","0900","1830","0900","1830","0900","2030","0900","1300","0900","C2100929","140","72","12139","37.390372913436764","126.95503337107172"
"울산광역시 남구 중앙로 246, (신정동)","신정사거리에서 기업은행 골목","소망약국","052-275-5552","1830","0830","1830","0830","1830","0830","1830","0830","1830","0830","1230","0830","C1700111","446","83","12140","35.542786675065074","129.3113422892657"
"경기도 고양시 일산서구 강선로 152, 105호 (일산동,두레빌딩)","후곡4거리일산3동사무소건너편(장독대건너편)","소망약국","031-916-2737","2200","0900","2200","0900","2200","0900","2200","0900","2200","0900","2200","0900","C2102422","103","60","12141","37.67649319565072","126.76983679343968"
"경기도 양평군 용문면 용문로 386,","용문면사무소앞","소망약국","031-772-4571","1900","0900","1900","0900","1900","0900","1900","0900","1900","0900","1300","0900","1800","1030","1800","1030","C2102966","125","23","12142","37.486084704921666","127.59590061103421"
"경기도 의정부시 행복로 20, 1층 (의정부동, 매성빌딩)","소망약국","031-821-8002","1900","0900","1900","0900","1900","0900","1900","0900","1900","0900","1600","0900","C2102922","116","95","12143","37.7405595190709","127.04928242534666"
"대전광역시 유성구 죽동로297번길 76 (죽동)","소망약국","042-825-5603","2130","0830","2130","0830","2130","0830","2130","0830","2130","0830","1800","0830","C1601136","341","27","12144","36.3701086778","127.3384240594"
"서울특별시 금천구 독산로 252, 1층 (독산동)","독산4동성당버스정류장,오성약국건너편","소망약국","02-855-2054","2000","0900","2000","0900","2000","0900","2000","0900","2000","0900","1700","0900","C1101262","085","57","12145","37.4692529471128","126.902635717197"
"경기도 광주시 곤지암읍 곤지암로50번길 25, 1층","소망약국","031-797-1241","1900","0830","1900","0830","1900","0830","1900","0830","1900","0830","1400","0800","C2101616","128","04","12146","37.35019012858228","127.33871495946863"
"경기도 포천시 영북면 영북로 181","소망약국","031-534-1486","1830","0830","1830","0830","1830","0830","1830","0830","1830","0830","1330","0830","C2102458","111","06","12147","38.09038449941327","127.2744733689331"
"서울특별시 용산구 이촌로 264, 106호(이촌동,삼익상가)","동부이촌동300-15 삼익상가1호","소망약국","02-795-5582","1830","0900","1830","0900","1830","0900","1830","0900","1830","0900","1500","0900","C1102737","044","26","12148","37.5190291185881","126.976133728575"
"서울특별시 마포구 양화로 165, 상진빌딩 지하1층 (동교동)","홍대입구역 2번출구 바로앞","소망약국","02-336-0630","2130","0900","2130","0900","2130","0900","2130","0900","2130","0900","1810","0840","1800","1030","C1107946","039","95","12149","37.5571306677663","126.923616229663"
"서울특별시 관악구 남부순환로 1956, 지하1층 (봉천동)","평일 휴게시간 13:20~13:50","낙성대역 1번출구","소망약국","02-876-5588","1930","0900","1930","0900","1930","0900","1930","0900","1930","0900","1430","0900","1300","0900","C1108136","087","93","12150","37.475852022588","126.965982285239"
"서울특별시 강북구 한천로 1088, 1층 (수유동, 현진빌딩)","광산사거리","소망약국","02-903-3353","1830","0900","1830","0900","1830","0900","1830","0900","1830","0900","1400","0900","C1107343","010","51","12151","37.6431698629423","127.022801081885"
"서울특별시 동작구 신대방1가길 38, 105동 305, 306호 (신대방동, 동작상떼빌아파트)","구로디지털단지 6번출구 또는 신대방역 3번출구 인근","소망약국","02-6337-3107","1750","0900","1750","0900","1750","0900","1750","1000","1750","0900","1300","0900","C1107157","070","72","12152","37.48814507128742","126.90635964303179"
"서울특별시 영등포구 영신로19길 23, (영등포동)","대우푸루지오아파트후문앞","소망약국","02-845-4054","2000","0900","2000","0900","2000","0900","2000","0900","2000","0900","1700","0900","C1101266","073","66","12153","37.5135543074277","126.905423478547"
"인천광역시 부평구 열우물로 45, 103호(십정동, 삼정빌딩)","농협 건너편","소망약국","032-432-0477","2030","0900","2030","0900","2030","0900","2030","0900","2030","0900","1700","0900","C1400001","214","52","12154","37.472098760168286","126.7004333376211"
"서울특별시 도봉구 마들로 691, 1층 (도봉동)","방학역 2번출구/도봉중학교 인근","소망약국","02-954-7291","1800","0830","1800","0830","1800","0830","1800","0830","1800","0830","1300","0830","C1108860","013","28","12155","37.6718220291379","127.046342295797"
"서울특별시 양천구 오목로 322, 1층 (목동)","오목교역 8번출구/보성빌딩 1층","소망약국","02-2653-0947","2000","0930","2000","0930","2000","0930","2000","0930","2000","0930","1900","0930","C1102445","080","05","12156","37.524576018542","126.873059416625"
"경상북도 안동시 광명로 170, 1층 (옥동)","옥동사거리에서 이마트방면 김희경엔도내과의원건물 1층","소망약국","054-858-9968","2030","0830","2030","0830","2030","0830","2030","0830","2030","0830","1300","0830","C2701474","366","64","12157","36.5626715435","128.7018654817"
"강원특별자치도 횡성군 횡성읍 삼일로 22","소망약국","033-345-6350","1830","0830","1830","0830","1830","0830","1830","0830","1830","0830","1230","0830","1200","0900","C2200303","252","21","12158","37.49159688389233","127.98667274878639"
"전라남도 목포시 용당로 53, (산정동)","자유시장 근처","소망약국","061-242-7588","2100","0800","2100","0800","2100","0800","2100","0800","2100","0800","2100","0800","2100","0800","C2600401","587","38","12159","34.792401487058164","126.4019070329896"
"강원특별자치도 인제군 인제읍 비봉로 17, 1층 (인제읍)","소망약국","033-463-7777","1800","0830","1800","0830","1800","0830","1800","0830","1800","0830","1300","0830","1800","0900","C2200996","246","35","12160","38.0677136469","128.17321864460004"
"대구광역시 동구 동촌로 41, 1층 (입석동)","입석사거리에서방촌방향400미터","소망약국","053-755-2524","1900","0900","1900","0900","1900","0900","1900","0900","1900","0900","C1300353","411","42","12161","35.8900414314709","128.64753346151943"
"대구광역시 수성구 동대구로 12 (지산동)","평일 20:30까지 문이열려 있는 경우가 있음.","시지하나아파트상가","소망약국","053-751-9457","1800","0900","1800","0900","1800","0900","1800","0900","1800","0900","1300","0900","C1301278","421","86","12162","35.831338742045936","128.6239643876504"
"서울특별시 서초구 서초중앙로 26, 2층 221호 (서초동, 래미안 서초유니빌)","소망약국","02-598-6335","1800","0900","1800","0900","1800","0900","1800","0900","1800","0900","1300","0900","C1109573","067","20","12163","37.4858656509843","127.016257753357"
"부산광역시 부산진구 가야대로 454 (개금동)","2호선 개금역 1번 출구 앞","소망약국","051-893-4606","2000","0900","2000","0900","2000","0900","2000","0900","2000","0900","1700","0800","C1202351","473","23","12164","35.152917275","129.021674969"
"부산광역시 사하구 하신중앙로 302-1 (하단동)","하단1동사무소옆","소망약국","051-205-0230","1830","0900","1830","0900","1830","0900","1830","0900","1830","0900","1600","0900","C1200529","604","021","12165","35.10385780665657","128.96372947153665"
"부산광역시 금정구 중앙대로 1701","순산부인과1층","소망약국","051-516-6445","1900","0900","1900","0900","1900","0900","1900","0900","1900","0900","1300","0900","C1201171","462","77","12166","35.23643961370173","129.09173637288845"
"서울특별시 종로구 종로 335, 1층 (창신동, 원풍빌딩)","동묘앞역 8번출구 바로앞","소망약국","02-742-0075","2030","0900","2000","0900","2000","0900","2030","0900","2000","0900","1600","0900","C1100016","031","04","12167","37.5731036083714","127.0148243418"
"서울특별시 노원구 한글비석로 253 (중계동)","은행사거리","소망약국","02-933-3383","1830","0930","1830","0930","1830","0930","1830","0930","1830","0930","1300","0900","C1101365","017","43","12168","37.6504237048351","127.0763481119"
"경기도 남양주시 별내5로5번길 15-1, 102호 (별내동)","소망약국","031-573-3848","1800","0900","1800","0900","1800","0900","1800","0900","1800","0900","C2108361","121","02","12169","37.6505795296039","127.112248397143"
"충청남도 천안시 서북구 불당4로 53, 101호 (불당동)","불당초등학교근처","소망약국","041-569-6169","2130","0900","2130","0900","2130","0900","2130","0900","2130","0900","2130","0900","C2400050","311","64","12170","36.806706607442614","127.11003679495204"
"경기도 용인시 기흥구 공세로 91 (공세동,남일빌딩)","기흥초등학교버스정류장앞","소망약국","031-286-4030","2000","0900","2000","0900","2000","0900","2000","0900","2000","0900","1500","0900","C2103887","170","85","12171","37.23272980839882","127.1086323897311"
"경기도 용인시 처인구 금령로173번길 10, 104호 (마평동)","소망약국","031-338-0734","1900","0930","1900","0930","1900","0930","1900","0930","1900","0930","1500","0930","C2103235","171","44","12172","37.23487514374151","127.2158734272206"
"경기도 군포시 고산로 529, AB동 207호 (산본동, 금강2단지주상복합아파트)","소망약국","031-399-0504","1830","0900","1830","0900","1830","0900","1830","0900","1830","0900","1400","0900","C2103319","158","22","12173","37.36024902271406","126.92255618189884"
"경상북도 경산시 경안로44길 8-4, 1층 (중방동)","소망약국","053-811-2595","C2701693","386","19","12174","35.8268501276034","128.737326953886"
"경기도 수원시 권선구 금곡로 229, 로얄팰리스3차 115호 (금곡동)","소망약국","031-293-2809","1800","0900","1800","0900","1800","0900","1800","0900","1800","0900","1300","0900","C2109970","163","91","12175","37.2753109408864","126.955355706666"
"경상남도 김해시 활천로 190, (어방동)","대우유토피아아파트후문","소망약국","055-335-0334","2000","0900","2000","0900","2000","0900","2000","0900","2000","0900","1900","0900","C2801082","508","37","12176","35.2419164631","128.9006923023"
"충청남도 아산시 온천대로 1484 (온천동)","온양온천역 버스정류장 앞 소망약국입니다. 아산 선내과 1층에 위치합니다.","온양온천역","소망약국","041-532-0011","1900","0830","1900","0830","1900","0830","1900","0830","1900","0830","1330","0830","C2400305","315","13","12177","36.78144959890717","127.00260348010776"
"경상남도 밀양시 내이2길 28, 1층 (내이동)","소망약국","055-351-2193","1900","0900","1900","0900","1900","0900","1900","0900","1900","0900","1600","0900","C2802116","504","23","12178","35.4976311343891","128.74601318784"
"전북특별자치도 전주시 덕진구 솔내로 133, 208호 (송천동1가)","으뜸병원 1층","소망약국","063-228-1928","1830","0900","1830","0900","1830","0900","1830","0900","1830","0900","1300","0900","C2500140","548","35","12179","35.786899375414016","127.1305117558849"
"전북특별자치도 김제시 남북로 229 (요촌동)","현대의원 옆","소망약국","063-545-8593","1830","0800","1830","0800","1830","0800","1830","0800","1830","0800","1300","0800","C2500709","543","85","12180","35.80439751631893","126.88383948755597"
"전북특별자치도 군산시 중앙로 155 (중앙로1가)","동남빌딩3층","소망약국","063-442-0157","1730","0900","1730","0900","1730","0900","1730","0900","1730","0900","C2500916","540","25","12181","35.9862462488177","126.71315642381731"
"전북특별자치도 고창군 해리면 해리중앙로 74 (소망약국)","현대의원 옆","소망약국","063-562-2882","1830","0800","1830","0800","1830","0800","1830","0800","1830","0800","1300","0800","C2500445","564","02","12182","35.459264019616484","126.5416636635758"
"광주광역시 서구 화정로 129","소망약국","062-367-2443","1800","0900","1800","0900","1800","0900","1800","0900","1800","0900","1300","0900","C1500216","619","97","12183","35.14536811076041","126.87184189600649"
"경상북도 상주시 냉림서성길 15 (냉림동)","2째,4째 토요일은 휴무","소망약국","054-533-0416","1800","0830","1800","0830","1800","0830","1800","0830","1800","0830","1300","0830","C2700297","371","79","12184","36.42007004052393","128.16015630220681"
"경상북도 경주시 원화로 261","기업은행(경주역점) 옆","소망약국","054-775-9100","1900","0900","1900","0900","1900","0900","1900","0900","1900","0900","1600","0900","1600","0900","C2700872","381","53","12185","35.843813988461505","129.21685435944843"
"경상북도 경주시 감포읍 감포로 124","소망약국","054-743-2285","1900","0800","1900","0800","1900","0800","1900","0800","1900","0800","1400","0800","1800","0900","1400","0800","C2700928","381","25","12186","35.80507983849871","129.50248390607402"
"경상남도 거제시 거제중앙로25길 4 (고현동)","공휴일은 전화문의 요망","한라프라자맞은편","소망약국","055-638-2493","1900","0900","1900","0900","1900","0900","1900","0900","1900","0900","1300","0900","C2800935","532","53","12187","34.888377731801164","128.62286288707966"
"경상북도 청도군 청도읍 청화로 193","소망약국","054-373-3360","1930","0830","1930","0830","1930","0830","1930","0830","1930","0830","1700","0830","C2700465","714","802","12188","35.64182466190751","128.74591931680783"
"광주광역시 남구 금당로 30 (진월동)","포도원교회옆 대흥상가 104호","소망약국","062-675-7492","1900","0900","1900","0900","1900","0900","1900","0900","1900","0900","1300","0900","C1500228","617","28","12189","35.11935307446661","126.89596050554591"
"광주광역시 광산구 내상로 16, C동 1층 (송정동)","소망약국","062-941-9013","1830","0900","1830","0900","1830","0900","1830","0900","1830","0900","1830","0900","1200","0900","C1501064","624","30","12190","35.1401630272","126.7953524632"
"전라남도 여수시 망마로 47","부영3차","소망약국","061-691-8300","1800","0830","1800","0830","1800","0830","1800","0830","1800","0830","1300","0830","C2600554","596","87","12191","34.75936352487886","127.66795906900532"
"전라남도 해남군 문내면 동영길 22","-장날 평일엔 07:30 부터 운영 -장날 있는 일요일만 오전 영업(4.7.) -공휴일은 설날 당일, 추석당일등 제외하고 운영","우수영터미널 앞.","소망약국","061-532-1356","1700","0800","1700","0800","1700","0800","1700","0800","1700","0800","1300","0800","1200","0900","C2600527","590","04","12192","34.59749572212031","126.31138242986091"
"서울특별시 강남구 학동로 338 102호 (논현동, 강남파라곤)","소망온누리약국","02-543-1287","1900","0900","1900","0900","1900","0900","1900","0900","1900","0900","1600","0900","C1101020","060","99","12193","37.5165402749359","127.04016223452"
"서울특별시 은평구 가좌로5길 22-1 (응암동)","소망온누리약국","02-373-6288","1930","0910","1930","0910","1930","0910","1930","0910","1930","0910","1430","0910","C1107151","122","952","12194","37.586886140756","126.920383493973"
"서울특별시 광진구 능동로 318 (중곡동)","소망온누리약국","02-2201-2236","2030","0830","2030","0830","2030","0830","2030","0830","2030","0830","1700","0830","C1103240","049","29","12195","37.5579094325698","127.080140006322"
"경기도 의정부시 금신로 316","소망온누리약국","031-821-2203","1830","0830","1830","0830","1830","0830","1830","0830","1830","0830","1430","0830","C2102885","117","78","12196","37.74493568598488","127.06274480307427"
"경기도 남양주시 진건읍 진건오남로 44, 101호","소망온누리약국","031-571-8075","1900","0900","1900","0900","1900","0900","1900","0900","1900","0900","1500","0900","C2100128","121","38","12197","37.6547424060734","127.17932527651415"
"서울특별시 양천구 지양로 68 (신월동)","일요일은 매월 둘째주 일요일만 운영합니다.","신월7동주민센터 인근","소망온누리약국","02-2699-5662","2000","0900","2000","0900","2000","0900","2000","0900","2000","0900","1900","0900","1900","1000","C1103696","080","39","12198","37.5217541775735","126.834108366768"
"충청남도 천안시 동남구 각원사길 54","천안안서동 호서대학교 정문아래100미터 동보학사 건너편","소망온누리약국","041-554-3005","2130","0900","2130","0900","2130","0900","2130","0900","2130","0900","2100","0900","C2400808","310","66","12199","36.830807259701366","127.177920300697"
"경상남도 창원시 성산구 안민안길5번길 10 (안민동)","점심 시간 13:00~14:00","농협 옆,안민하나의원 밑","소망온누리약국","055-267-3342","2000","0900","2000","0900","2000","0900","2000","0900","2000","0900","1500","0900","C2800642","515","49","12200","35.186527513392335","128.68973618920742"
"경기도 의정부시 흥선로138번길 20","소망주차장약국","031-837-0303","1900","0900","1900","0900","1900","0900","1900","0900","1900","0900","C2107049","116","71","12201","37.740767799666415","127.04193391347738"
"충청북도 청주시 흥덕구 가경로161번길 8-2 (가경동)","월요일 휴무","소망한약국","043-236-0413","2030","0830","2030","0830","2030","0830","2030","0830","2030","0830","1600","0830","C2300611","283","93","12202","36.62909606191959","127.43617793222715"
"전북특별자치도 전주시 완산구 솟대로 16","한약국임","우성근린아파트상가@정문에서우측","소망한약국","063-229-4567","1800","1000","1800","1000","1800","1000","1800","1000","1800","1000","C2500849","550","92","12203","35.7950279311808","127.12633912408725"
"인천광역시 남동구 백범로 204, 1층일부 (만수동)","만수동만수소방서건너편","소명약국","032-465-7986","1900","0900","1900","0900","1900","0900","1900","0900","1900","0900","1400","0900","C1400251","215","20","12204","37.459716666666665","126.726633333333339"
"전라남도 장흥군 관산읍 관산로 89","일요일 격주 운영","광산우체국 앞","소명약국","061-867-2072","1930","0730","1930","0730","1930","0730","1930","0730","1930","0730","1930","0730","1930","0730","C2600717","593","46","12205","34.5630849508787","126.9383349413756"
"서울특별시 서대문구 모래내로15길 68 (남가좌동)","휴게시간 13:00~14:00 수요일 오후, 일요일, 공휴일 병원 휴무시 휴무","소명약국","02-302-7575","1800","0900","1800","0900","1300","0900","1800","0900","1800","0900","1300","0900","C1107448","037","10","12206","37.5745292056515","126.918812612908"
"서울특별시 노원구 동일로250길 17, 108호 (상계동, 은빛3단지아파트)","소명약국","02-934-9114","1800","1230","1800","1130","1800","1130","1800","1130","1800","1130","1800","1130","C1110099","016","21","12207","37.68247263679617","127.05580727742617"
"전라남도 목포시 비파로124번길 1, 1층 101호 (상동)","소명약국","061-283-2251","1830","0830","1830","0830","1830","0830","1830","0830","1830","0830","1300","0830","C2600145","586","62","12208","34.80906569846905","126.4228355171035"
"경기도 오산시 한신대길 117, 소명빌딩 (양산동)","소명약국","031-378-5999","2000","0900","2000","0900","2000","0900","2000","0900","2000","0900","1500","0900","1500","0900","C2107517","181","01","12209","37.1963857326","127.0234281124"
"서울특별시 용산구 우사단로 43 (이태원동)","소명약국","02-795-9954","1900","0930","1900","0930","1900","0930","1900","0930","1900","0930","1600","0930","C1103470","044","06","12210","37.5341174599335","126.995439847203"
"대구광역시 서구 문화로 230, 상가 301동 108호 (평리동, 서대구역반도유보라센텀)","소명약국","053-567-3129","1900","0900","1900","0900","1900","0900","1900","0900","1900","0900","1600","0900","C1300199","417","74","12211","35.87260818784479","128.5592134050927"
"경기도 수원시 장안구 조원로 76 (조원동)","조원동 한양정형외과 건너편, 옥돌치과 1층에 소재. *평일9시-6시, 토요일9시-3시까지 근무 *공휴일,국경일 휴무. 개인사정으로 근무시간이 달라질 수도 있음. 필요한 경우 전화바람 253-9682","유상준이비인후과옆,한양정형외과앞","소명온누리약국","031-253-9682","1800","0900","1800","0900","1800","0900","1800","0900","1800","0900","1500","0900","2100","1000","C2101259","162","82","12212","37.30021238414746","127.01696360599246"
"경기도 구리시 수택천로 27, 105호 (수택동, 백합빌라)","소미약국","031-512-0896","2100","1000","2100","1000","2100","1000","2100","1000","2100","1000","2100","1000","2100","1000","C2106721","119","29","12213","37.60148578633677","127.14416743834279"
"경상북도 영주시 구성로 371-1 (영주동, 소백산약국)","기독병원 건너","소백산약국","054-636-1081","2200","0830","2200","0830","2200","0830","2200","0830","2200","0830","2200","0830","2100","0900","C2700827","360","96","12214","36.82444879780877","128.6213303418479"
"경상북도 예천군 예천읍 시장로 114 (예천읍)","예천읍 상설시장옆","소백산약국","054-654-1053","1900","0830","1900","0830","1900","0830","1900","0830","1900","0830","1700","0830","1700","0830","C2700853","368","20","12215","36.65670761642001","128.4565495651793"
"경상북도 안동시 앙실로 5 (수상동)","안동병원 앞","소백산약국","054-821-5302","1900","0830","1900","0830","1900","0830","1900","0830","1900","0830","1400","0830","C2700171","367","43","12216","36.54787567614338","128.70079472333174"
"서울특별시 송파구 양산로 12, 세신거여훼미리타운 1층 107호 (거여동)","소백약국","02-400-8805","1830","0900","1830","0900","1830","0900","1830","0900","1830","0900","1400","0900","C1107193","057","87","12217","37.489911262721","127.143590440057"
"경기도 평택시 비전4로 47 (비전동)","소사벌온누리약국","031-692-1236","1800","0900","1800","0900","1800","0900","1800","0900","1800","0900","1800","0900","C2107315","178","54","12218","37.0024627222","127.1145774126"
"경기도 부천시 소사로 82, 2층 일부호 (소사본동)","소사본약국","032-710-7104","1800","0900","1800","0900","1800","0900","1800","0900","1800","0900","C2108690","147","74","12219","37.4662800141763","126.798923170113"
"경기도 부천시 소사구 소사로 250, 상우빌딩 104호 (소사본동)","소사소사약국","032-000-0000","2100","0900","2100","0900","2100","0900","2100","0900","2100","0900","1600","0900","C2109066","146","94","12220","37.4806537048599","126.795764648649"
"경기도 부천시 소사구 경인로216번길 27, 나노테마타운 1층 105호 (심곡본동)","소사약국","032-666-3331","1900","0900","1900","0900","1900","0900","1900","0900","1900","0900","1400","0900","C2108104","147","13","12221","37.4820741210663","126.779655383501"
"경기도 부천시 소사구 경인옛로 37, B121호 (소사본동, 힐스테이트 소사역)","소사역 대복약국","032-000-0000","1800","0900","1800","0900","1800","0900","1800","0900","1800","0900","1300","0900","C2110183","146","93","12222","37.4816616139654","126.795997639138"
"경기도 부천시 부흥로 485","소명삼거리 소사신협 옆건물","소사중앙약국","032-345-2255","2130","0900","2130","0900","2130","0900","2130","0900","2130","0900","2130","0900","C2100240","146","47","12223","37.48483342758282","126.79238156894783"
"경기도 부천시 은성로 82 (소사본동)","최태진내과 옆건물 1층","소사청아약국","032-348-5196","1900","0900","1900","0900","1900","0900","1900","0900","1900","0900","1700","0900","C2104639","147","63","12224","37.47505477613686","126.79957245586587"
"서울특별시 서대문구 응암로 81, 1층 (북가좌동)","하나은행 북가좌점 맞은편","소생약국","02-303-7793","1800","0900","1800","0900","1800","0900","1800","0900","1800","0900","1400","0900","C1102863","036","79","12225","37.5804400044725","126.911430149209"
"제주특별자치도 서귀포시 표선면 표선중앙로 84 (소아약국)","표선우체국 건너편","소아약국","064-787-0153","1900","0800","1900","0800","1900","0800","1900","0800","1900","0800","1300","0800","C2900142","636","29","12226","33.32582413101405","126.83279680561813"
"서울특별시 용산구 청파로 383-8, (서계동)","소아제일약국","02-711-2223","1800","0800","1800","0800","1800","0800","1800","0800","1800","0800","1400","0800","1800","0800","1800","0800","C1103888","043","00","12227","37.5541562532905","126.968484366648"
"전라남도 완도군 소안면 소안로 187-2","소안도 섬 내에 위치","소안하늘약국","061-554-0017","1800","0800","1800","0800","1800","0800","2200","0800","1800","0800","C2600794","591","65","12228","34.172665586375615","126.65042387849763"
"전북특별자치도 임실군 관촌면 사선로 36","관촌버스터미널 옆","소약국","063-642-0019","1830","0730","1830","0730","1830","0730","1830","0730","1830","0730","1500","0730","C2500534","559","10","12229","35.673657568783064","127.27021289374426"
"강원특별자치도 춘천시 소양로 182 (소양로1가)","현대아파트 교차로","소양약국","033-242-1472","1900","0900","1900","0900","1900","0900","1900","0900","1900","0900","1400","0900","C2200305","242","49","12230","37.88948041457076","127.7253332766202"
"대전광역시 동구 태전로 175, (삼성동)","소영약국","042-672-4170","2000","0900","2000","0900","2000","0900","2000","0900","2000","0900","1600","0900","C1600017","345","64","12231","36.34263942142686","127.41854344454235"
"경기도 고양시 덕양구 능곡로13번길 15, B106호 (토당동, 한강 능곡역 성원상떼빌)","소영약국","031-979-6809","1800","0900","1800","0900","1800","0900","1800","0900","1800","0900","C2108812","105","08","12232","37.6204955380673","126.820592920215"
"경기도 동두천시 평화로 2916 (상봉암동)","소요산약국","070-4247-5892","1800","0900","1800","0900","1800","0900","1800","0900","1800","0900","1300","0900","C2110047","113","07","12233","37.9469924638427","127.061829681547"
"대구광역시 동구 아양로 81, 호창메디타워 1층 104호 (신암동)","소원약국","053-781-2055","2030","0830","2030","0830","2030","0830","2030","0830","2030","0830","2030","0830","2000","1200","2000","1200","C1301655","411","98","12234","35.8833542450998","128.622781433481"
"광주광역시 광산구 수등로 238(신가동)","소원약국","062-953-2757","1830","0830","1830","0830","1830","0830","1830","0830","1830","0830","1200","0830","C1501267","623","00","12235","35.1849357712842","126.834972080865"
"충청북도 영동군 영동읍 중앙로3길 6","소원약국","043-742-5502","1830","0830","1830","0830","1830","0830","1830","0830","1830","0830","C2300451","291","45","12236","36.17458816604487","127.77740998543247"
"경상북도 영천시 호국로 93","소원약국","054-332-7003","2030","0900","2030","0900","2030","0900","2030","0900","2030","0900","1900","0900","1300","0900","1700","0900","C2700117","388","59","12237","35.97500231982358","128.9474637719261"
"인천광역시 부평구 경원대로 1355 (부평동)","북인천우체국에서 백운역방향으로 50미터 방향","소원약국","032-512-5133","2100","1000","1800","0900","1830","0900","2100","1000","1800","0900","1300","0900","C1400542","213","89","12238","37.491383732763474","126.71945719583243"
"서울특별시 은평구 은평터널로 16, DMC파인시티자이 상가동 304,305호 (수색동)","소원약국","02-372-6474","1900","0830","1900","0830","1900","0830","1900","0830","1900","0830","1800","0830","C1101227","035","02","12239","37.58265625938855","126.89647098339728"
"서울특별시 성북구 개운사길 2, 1층 (안암동5가)","소원약국","02-3291-1905","1900","0900","1900","0900","1900","0900","1900","0900","1900","0900","1500","0900","C1108350","028","42","12240","37.5865079188189","127.029475337356"
"서울특별시 강서구 강서로 173, 터보빌딩 2층 일부호 (화곡동)","평일 휴게시간 13:00-14:00","소원약국","02-2608-3533","1900","0830","1900","0830","1900","0830","1900","0830","1900","0830","1400","0830","C1109147","077","14","12241","37.5419221264693","126.83962220933"
"부산광역시 남구 전포대로92번길 6, (문현동)","2호선 국제금융센터부산은행역 2번출구","소정약국","051-647-3207","2000","0900","2000","0900","2000","0900","2000","0900","2000","0900","1800","0900","C1201320","484","11","12242","35.144834867462194","129.06746897200435"
"세종특별자치시 소정면 소정구길 164, 101호","소정면","소정약국","0448659962","1800","0900","1800","0900","1800","0900","1800","0900","1800","0900","C1800326","300","01","12243","36.7186523539621","127.156809065328"
"경상남도 진주시 진주대로 1182, 101호 (봉곡동)","소중약국","055-747-3002","1900","0900","1900","0900","1900","0900","1900","0900","1900","0900","C2802346","526","63","12244","35.1951193111667","128.073869029617"
"경기도 남양주시 퇴계원읍 퇴계원로 70, 1층","퇴계원 초등학교 건너편","소중한약국","031-571-7233","1500","0900","1500","0900","1500","0900","1500","0900","1500","0900","1500","0900","1500","0900","1600","0900","C2102693","121","19","12245","37.65251108435899","127.14288353726132"
"서울특별시 양천구 오목로 64, 1층 (신월동)","공휴일 운영시간 전화 확인 후 방문하세요.","양강초등학교에서 남부순환로방향 1층","소중한약국","02-2607-4061","1830","0830","1830","0830","1830","0830","1830","0830","1830","0830","1300","0900","1300","0900","C1101229","080","28","12246","37.5224613577473","126.844698544882"
"경상남도 양산시 동면 금오13길 54, 1층 103호","소중한약국","055-363-1075","2200","0830","2200","0830","2200","0830","2200","0830","2200","0830","2200","0830","2200","0830","C2802418","506","50","12247","35.3204450955147","129.024727479809"
"경상북도 봉화군 소천면 소천로 1268","소천약국","054-673-5288","2130","0700","2130","0700","2130","0700","2130","0700","2130","0700","2130","0700","2130","0700","2130","0700","C2701574","362","66","12248","36.93931728194093","129.001359665699"
"강원특별자치도 원주시 소초면 송문1길 2, 1층","2024년 추석연휴 정상운영합니다. 9월17일 추석당일만 쉬어가오니 이용에 참고하여주세요. * 네이버: https://naver.me/F6bBZaaX * 카카오톡채널: http://pf.kakao.com/_riKxkxj/chat","고객이 즐거운약국 휴베이스 소초중앙약국입니다. ▶위치: 소초면 송문사거리 회전교차로: &quot;빨간문&quot;약국 (제주본가,곰집,농협 회전교차로 부근)흥양사거리 CU편의점과 세븐일레븐 중간","소초중앙약국","033-745-4242","1900","0900","1930","0900","1930","0900","1930","0900","1800","0900","1900","0900","1900","0900","C2200981","263","10","12249","37.3818978296","127.9744138079"
"경기도 광명시 하안로 200, 스페이스타원 101호 (소하동)","소하백화점약국","02-897-0324","2030","0830","2030","0830","2030","0830","2030","0830","2030","0830","1600","0830","C2103987","143","13","12250","37.45518978114777","126.8864931552549"
"경기도 광명시 철산로30번길 19, 1층 (철산동, 철산중앙시장 )","소하약국","02-2614-0618","2200","0900","2200","0900","2200","0900","2200","0900","2200","0900","2200","0900","C2103816","142","39","12251","37.47490857709164","126.87036580742224"
"경기도 광명시 소하로 86, 1층 108호 (소하동)","2호 제일프라자 1층(108호, 109호)","소하제일약국","02-897-8871","2100","0900","2100","0900","2100","0900","2100","0900","2100","0900","1800","0900","C2103191","143","16","12252","37.44726826571197","126.88335543528417"
"경기도 광명시 소하로 190, 광명G타워 1층 130호 (소하동)","소하중앙약국","02-899-4798","1800","0900","1800","0900","1800","0900","1800","0900","1800","0900","1300","0900","C2109208","143","22","12253","37.4458355945491","126.894198382378"
"경기도 광명시 기아로 46, 1층 105호 (소하동)","소하태평양약국","02-898-3569","2000","0830","2000","0830","2000","0830","2000","0830","2000","0830","C2100134","143","27","12254","37.435967158457935","126.88458876209545"
"경기도 광명시 오리로 358, 1층 (소하동)","소하행복한약국","02-897-7277","2020","0800","2020","0800","2020","0800","2020","0800","2020","0800","C2100057","143","27","12255","37.43431158791489","126.87966491174927"
"서울특별시 강남구 논현로 848, 1층 (신사동)","압구정역 3번출구","소호약국","02-543-8207","2100","0900","2100","0900","2100","0900","2100","0900","2100","0900","2000","0900","C1107984","060","22","12256","37.5245747625","127.0288382596"
"서울특별시 동작구 여의대방로24나길 2 (대방동)","보라매역 2번출구","소화약국","02-821-4551","2000","0830","2000","0830","2000","0830","2000","0830","2000","0830","1900","0830","C1101235","070","55","12257","37.4984234794063","126.921025077434"
"전라남도 목포시 삼학로 30 (호남동)","승우 연합내과의원 근처","소화약국","061-243-7960","1700","0800","1700","0800","1230","0800","1700","0800","1700","0800","1230","0800","C2600274","530","300","12258","34.79022200838219","126.38880372415855"
"서울특별시 영등포구 버드나루로7길 7, (영등포동2가)","한강성심병원앞","소화약국","02-2635-4341","1900","0800","1900","0800","1900","0800","1900","0800","1900","0800","1400","0800","C1102250","072","49","12259","37.522835236452","126.909993627521"
"서울특별시 노원구 상계로 320, 불암빌딩 (상계동)","평일 휴게시간 13:00-14:00","소화약국","02-931-0415","1830","0900","1830","0900","1830","0900","1830","0900","1830","0900","1430","0900","C1109920","016","37","12260","37.6702915403602","127.080774845468"
"서울특별시 서초구 방배로 87, 1층 1호 (방배동)","방배역 3번출구","소화약국","02-3487-1503","2000","0900","1930","0900","1830","0900","2000","0900","1930","0900","1500","0900","C1101008","066","86","12261"
"경기도 수원시 장안구 경수대로 784, (영화동, 1층)","교육청 사거리 장안정형외과 옆","소화약국","031-246-0177","2130","0830","2130","0830","2130","0830","2130","0830","2130","0830","2130","0830","1330","0830","C2101235","162","76","12262","37.29232609124969","127.0196459521373"
"서울특별시 강남구 남부순환로363길 17, 1층 (도곡동)","소화약국","02-3463-1500","2130","0900","2130","0900","2130","0900","2130","0900","2130","0900","2130","0900","C1110100","062","68","12263","37.4863726928436","127.037746075205"
"강원특별자치도 춘천시 터미널길 21 (온의동)","시외버스터미널 근처","소화온누리약국","033-255-7997","1900","0900","1900","0900","1900","0900","1900","0900","1900","0900","1300","0900","C2200297","244","35","12264","37.86433238200923","127.71909609682353"
"전라남도 여수시 대치3길 24, (여서동)","여서동 문화병원옆","소화온누리약국","061-655-0900","2100","0830","2100","0830","2100","0830","2100","0830","2100","0830","1700","0900","C2600626","597","05","12265","34.746028194310206","127.69942563112337"
"강원특별자치도 속초시 설악금강대교로 12 ,2층,이마트(청호동)","2,4주 일요일 휴무(이마트 휴무)","청호동 E-마트안 2층","속초21세기약국","033-633-8893","2100","1000","2100","1000","2100","1000","2100","1000","2100","1000","2100","1000","2100","1000","2100","1000","C2200347","248","85","12266","38.19104570962665","128.5957618376133"
"강원특별자치도 속초시 수복로 35 (교동)","속초시 보건소 맞은편, 주공3차 입구","속초그랜드약국","033-637-6954","1940","0900","1940","0900","1940","0900","1940","0900","1940","0900","1900","1100","C2200587","248","58","12267","38.19626319310722","128.57522412962726"
"강원특별자치도 속초시 동해대로 4174, 1층 (조양동)","속초김약국","033-638-4151","1930","0900","1930","0900","1930","0900","1930","0900","1930","0900","1900","0900","1300","0900","C2201152","248","72","12268","38.1919094843999","128.579491653452"
"강원특별자치도 속초시 중앙로 51 (교동)","속초동아약국","033-633-2876","1900","0830","1900","0830","1900","0830","1900","0830","1900","0830","1900","0830","1900","0830","C2200485","248","35","12269","38.200605276283895","128.5820998261341"
"강원특별자치도 속초시 중앙로 12-1 (교동)","속초메디칼약국","033-633-6793","1900","0900","1900","0900","1900","0900","1900","0900","1900","0900","C2200207","248","54","12270","38.197757337888675","128.57906893916797"
"강원특별자치도 속초시 중앙로 11 (교동)","속초 보광병원 옆","속초시민약국","033-636-8873","2200","0830","2200","0830","2200","0830","2200","0830","2200","0830","2200","0830","2200","0830","2200","0830","C2200352","248","53","12271","38.1981025015059","128.578729605698"
"강원특별자치도 속초시 동해대로 4147 (조양동)","부영 아파트 상가, 이현철 소아과 뒤","속초종로약국","033-635-5661","2000","0800","2000","0800","2000","0800","2000","0800","2000","0800","2000","0800","1900","0900","C2200185","248","74","12272","38.18957704253375","128.58047192904536"
"강원특별자치도 속초시 중앙로 161-2 (중앙동)","속초해오름약국","033-635-3367","1930","0830","1930","0830","1930","0830","1930","0830","1930","0830","1930","0830","1800","1000","C2201131","248","26","12273","38.2051952931978","128.591959571663"
"인천광역시 남동구 호구포로 893, 1층(간석동, 중앙빌딩)","속편한 온누리약국","032-429-3433","2100","0800","2100","0800","2100","0800","2100","0800","2100","0800","1700","0800","C1400681","215","12","12274","37.46216713808513","126.71998687047805"
"인천광역시 부평구 길주로508번길 25 (청천동)","부평구청역에서3분거리부평경찰서인근","속편한약국","032-504-7571","2130","0830","2130","0830","2130","0830","2130","0830","2130","0830","2030","0830","1400","0930","1400","1000","C1400653","213","64","12275","37.50632065661121","126.71873628821709"
"서울특별시 은평구 갈현로 206, (갈현동)","속편한약국","02-356-9200","2000","0730","2000","0730","2000","0730","2000","0730","2000","0730","1800","0800","C1101114","033","35","12276","37.6157668787749","126.913761046143"
"경기도 부천시 조종로 48, 1층 (원미동)","동절기 토요일은 오후 7~8시 사이 마감","속편한온누리약국","032-651-4701","2100","0900","2100","0900","2100","0900","2100","0900","2100","0900","1600","0900","C2107795","145","71","12277","37.49265477621449","126.79007206428041"
"대구광역시 중구 달구벌대로 1993 (대신동)","지하철2호선서문지하철역1번출구앞","손&주약국","053-422-7683","1800","0900","1800","0900","1300","0900","1800","0900","1800","0900","1300","0900","C1300568","419","27","12278","35.86506243684777","128.58194668318694"
"경상북도 구미시 고아읍 들성로 164, 103호","365일 휴일없이 운영","손수약국","054-451-7010","2200","1000","2200","1000","2200","1000","2200","1000","2200","1000","2200","1000","2200","1000","2200","1000","C2701717","391","48","12279","36.1581324682419","128.339389975988"
"강원특별자치도 춘천시 춘천로 7 (온의동)","손약국","033-257-0999","2100","0900","2100","0900","2100","0900","2100","0900","2100","0900","1600","0900","2000","1500","C2200965","243","64","12280","37.8660072353","127.7208923544"
"강원특별자치도 원주시 원일로 111-1","2018년 추석연휴(휴무)","동아서관과 라코스테 사이","손약국","033-731-3090","1900","0830","1800","0830","1800","0830","1800","0830","1800","0830","1430","0830","1200","0900","C2200224","264","27","12281","37.34969853485606","127.9485021514281"
"경상북도 경산시 진량읍 황제1길 86-25, 상가동 204-1호","황제타운 상가 103호","손약국","053-854-7658","1900","0830","1900","0830","1900","0830","1900","0830","1900","0830","1400","0830","C2700881","384","99","12282","35.85867794751188","128.81805870286294"
"인천광역시 부평구 경원대로 1414, 삼미빌딩 1층 103호 (부평동)","손약국","032-528-6582","2200","0900","2200","0900","2200","0900","2200","0900","2200","0900","2200","1300","C1401726","214","04","12283","37.4910172245","126.7260666918"
"경상남도 양산시 양산역6길 3, 센트럴스위트 (중부동)","손약국","055-386-2022","2000","0900","2000","0900","2000","0900","2000","0900","2000","0900","1500","0900","C2801659","506","29","12284","35.3378101944519","129.02659247796743"
"전북특별자치도 익산시 익산대로 204, (창인동1가)","이리서초등학교 정문 에서 역전방향 200 미터","손약국","063-855-5776","1930","0900","1930","0900","1930","0900","1930","0900","1930","0900","1930","0900","1930","0900","C2500484","545","93","12285","35.944314752589115","126.94910618035324"
"서울특별시 영등포구 대림로21길 14, 상석빌딩 1층 (대림동)","2,7호선 대림역 11번 출구에서 293m","손약국","02-832-3722","2100","0900","2100","0900","2100","0900","2100","0900","2100","0900","2100","0900","1600","1000","2100","0900","C1109548","074","18","12286","37.492599927438","126.899990480502"
"경기도 과천시 별양상가1로 35, 상아빌딩 201호 (별양동)","중앙공원앞 상아빌딩 2층","손약국","02-502-1725","1830","0830","1830","0830","1830","0830","1830","0830","1830","0830","1400","0830","C2101712","138","37","12287","37.42854488926825","126.99356454257132"
"서울특별시 송파구 백제고분로 405, 1층 (송파동)","석촌역 2번출구에서 송파나루역 방향","손약국","02-421-8684","1800","0900","1800","0900","1800","0900","1800","0900","1800","0900","1300","0900","C1104313","056","21","12288","37.5074665831574","127.109686124752"
"서울특별시 중랑구 중랑역로 62, 1층 (중화동)","손약국","02-439-0833","1830","0900","1830","0900","1830","0900","1830","0900","1830","0900","1400","0900","C1104018","021","03","12289","37.59891376744","127.078105801132"
"대구광역시 남구 중앙대로29길 31 (대명동)","영남대학교병원 정문앞","손약국","053-627-4615","1830","0830","1830","0830","1830","0830","1830","0830","1830","0830","C1300388","424","17","12290","35.8460152542111","128.58855920307977"
"서울특별시 노원구 상계로3길 10, 한일빌딩 304호 (상계동)","평일 휴게시간 13:00-14:00","노원역9번출구/한일빌딩 3층","손약국","02-936-8283","1800","0900","1800","0900","1800","0900","1800","0900","1800","0900","1300","0900","C1101115","016","93","12291","37.6567065402567","127.062549747122"
"경기도 수원시 영통구 중부대로 288, 홍신빌딩 1층 (매탄동)","손약국","031-216-5515","1800","0900","1800","0900","1800","0900","1800","0900","1800","0900","1500","0900","C2104081","165","31","12292","37.27347945008175","127.04703025990061"
"대구광역시 북구 호국로 807-45","손약국위드팜손약국","053-313-7533","1800","0830","1800","0830","1800","0830","1800","0830","1800","0830","C1301354","414","04","12293","35.954933553995886","128.56522184389962"
"서울특별시 도봉구 도봉로 626 (창동)","바로선병원 진료시 대체공휴일/휴무일 영업함.","손온누리약국","02-904-3644","1930","0800","1930","0800","1930","0800","1930","0800","1930","0800","1500","0800","C1103604","013","97","12294","37.6601944535247","127.041927238905"
"경기도 의왕시 부곡시장길 11 (삼동)","의왕역도보3분거리우리은행옆","손온누리약국","031-461-6021","1300","0900","1300","0900","1300","0900","1300","0900","1300","0900","2100","0830","C2100903","160","88","12295","37.319956085277724","126.95024787869534"
"대구광역시 북구 동북로 163","손자경약국","053-384-1243","1830","0900","1830","0900","1830","0900","1830","0900","1830","0900","1330","0900","1400","0900","C1300489","415","19","12296","35.8995160383178","128.61115303195032"
"대구광역시 달서구 월배로 100","손주약국","053-635-7686","1900","0900","1900","0900","1900","0900","1900","0900","1900","0900","1700","0900","1300","0900","C1300425","428","01","12297","35.81414825249082","128.52553442484617"
"경상남도 양산시 서창로 166(삼호동)","일요일,공휴일전화확인요망","웅산농협중앙회옆","솔 약국","055)366-9959","2100","0900","2100","0900","2100","0900","2100","0900","2100","0900","2000","0900","1900","1100","1700","0900","C2801005","505","27","12298","35.41436213248085","129.1707932574717"
"경기도 고양시 일산동구 무궁화로141번길 56, 1층 (정발산동)","솔과향약국","031-000-0000","1800","0900","1800","0900","1800","0900","1800","0900","1800","0900","1300","0900","C2109563","103","59","12299","37.6712032731791","126.774636539648"
"충청남도 서산시 성연면 성연3로 53, 스타빌딩 102호","월요일 ~ 금요일 점심시간 (13:05 ~ 14:05) 문 닫습니다.","솔내음약국","041-663-0615","2000","0900","2000","0900","2000","0900","2000","0900","2000","0900","1300","0900","C2401499","319","31","12300","36.8238347739","126.450010584"
"인천광역시 연수구 용담로 153, 대동월드스포츠센터 2층 201호 일부, 201-1호 (연수동)","솔로몬약국","032-822-3360","1800","1000","1800","1000","1800","1000","1800","1000","1800","1000","C1402022","219","30","12301","37.4132780914235","126.681402757017"
"대전광역시 유성구 온천로 34, 유성빌딩 102호 (봉명동)","일요일과 공휴일, 야간시간은 변동이 가능하니 전화 확인 후 방문바랍니다.","솔로몬약국","042-822-4317","2000","0900","2000","0900","2000","0900","2000","0900","2000","0900","1800","0900","1600","1000","1600","1000","C1600530","341","68","12302","36.355231233039504","127.3412607794084"
"전북특별자치도 군산시 미원로 51(삼학동)","공휴일 전화 후 방문","삼학홈마트사거리 서해대학 입구","솔로몬약국","063-468-5813","1830","0900","1830","0900","1830","0900","1830","0900","1830","0900","1300","0900","C2500239","541","16","12303","35.977738888888886","126.710730555555557"
"인천광역시 부평구 경원대로 1238, (산곡동)","솔로몬약국","032-502-3572","1600","0900","1600","0900","1600","0900","1600","0900","1600","0900","C1400804","214","05","12304","37.4872557060812","126.70844602301942"
"경기도 포천시 소흘읍 솔모루로78번길 17 (소흘읍)","솔모루약국","031-542-2445","2200","0830","2200","0830","2200","0830","2200","0830","2200","0830","2200","0830","2100","0900","C2103028","111","74","12305","37.82780217252027","127.14819430251109"
"인천광역시 부평구 장제로 178 (부평동)","부평고입구다사롬병원맞은편","솔미약국","032-511-9772","1600","0900","1600","0900","1600","0900","1600","0900","1600","0900","1600","0900","C1400554","213","52","12306","37.501386734022155","126.73110437471776"
"서울특별시 강북구 삼양로 579, 화성빌딩 1층 (우이동)","솔밭약국","050-71319-4413","2000","0830","2000","0830","2000","0830","2000","0830","2000","0830","1800","0830","1400","1000","1400","1000","C1108514","010","06","12307","37.6546970306366","127.012710626694"
"충청북도 청주시 흥덕구 대농로 47, 4층 410호 (복대동)","흥덕드림몰","솔밭약국","070-4236-7263","1900","0900","1900","0900","1900","0900","1900","0900","1900","0900","1500","0900","C2300913","284","25","12308","36.64233769236793","127.42761540358215"
"서울특별시 서대문구 세검정로 72 (홍제동)","문화촌현대아파트입구/채우석이비인후과1층","솔벗약국","02-3216-8151","1730","0900","1730","0900","1300","0900","1730","0900","1730","0900","1300","0900","C1103877","036","22","12309","37.5939493033684","126.948261521078"
"경기도 고양시 일산동구 중앙로 1194, 103호 (마두동, 금강프라자)","솔벗약국","031-905-0377","2200","0900","2200","0900","2200","0900","2200","0900","2200","0900","2200","0900","2200","0900","2200","0900","C2103875","104","14","12310","37.65348858243354","126.77737270446853"
"서울특별시 강남구 남부순환로377길 3, 우박빌딩 1층 (도곡동)","솔빈약국","02-572-1006","1900","0830","1900","0830","1900","0830","1900","0830","1900","0830","1500","0900","C1110723","062","74","12311","37.4865801710923","127.045017219232"
"서울특별시 강남구 언주로30길 10, 현대비전21 110호 (도곡동)","매봉터널사거리","솔빛동양약국","070-7740-5462","1930","0900","1930","0900","1930","0900","1930","0900","1930","0900","1900","0900","C1107862","062","95","12312","37.4873386711834","127.05155394203"
"서울특별시 중랑구 면목로 456, 한성빌딩 3층 (면목동)","상봉시장앞 교차로","솔빛약국","02-496-9053","1830","0930","1830","0930","1830","0930","1830","0930","1830","0930","1530","0930","C1101117","021","55","12313","37.5925678878","127.086896875593"
"인천광역시 동구 송림로 12, 1층 (금곡동)","배다리 밑","솔빛약국","032-777-0284","1900","0900","1900","0900","1900","0900","1900","0900","1900","0900","1530","0900","C1400304","225","54","12314","37.47300467805217","126.63666137957372"
"경기도 성남시 중원구 광명로 319, 1층 101호 (금광동)","솔빛약국","031-736-2772","1800","0900","1800","0900","1800","0900","1800","0900","1800","0900","1300","0900","C2109501","131","78","12315","37.4453459638227","127.161314823323"
"인천광역시 연수구 신송로 153, 더 마란츠타워 111,112호 (송도동)","솔빛약국","032-831-0040","1600","1000","1600","1000","1600","1000","1600","1000","1600","1000","1500","0830","C1401697","220","02","12316","37.3971700512","126.6491523979"
"경상북도 김천시 혁신4로 59, 107호 (율곡동)","솔빛약국","054-437-0028","1830","0830","2000","0830","1830","0830","1830","0830","1830","0830","1330","0830","C2701377","396","60","12317","36.12146729248821","128.18802757025293"
"광주광역시 광산구 손재로110번길 35, 102호 (하남동)","솔빛약국","062-951-7050","2100","0900","2100","0900","2100","0900","2100","0900","2100","0900","1700","0900","C1501336","623","37","12318","35.1763566179168","126.798749478467"
"강원특별자치도 원주시 능라동길 3, 101호 (무실동, 미래네트웍)","하이마트 1층","솔샘약국","033-747-6226","1930","0900","1930","0900","1930","0900","1930","0900","1930","0900","1430","0900","1430","0800","C2200933","263","92","12319","37.33158456561418","127.92617981075565"
"서울특별시 강북구 솔샘로 295-1 (미아동)","솔샘온누리약국","02-988-2209","1900","0900","1900","0900","1900","0900","1900","0900","1900","0900","1500","0900","C1103658","011","78","12320","37.6182871633771","127.025380874315"
"서울특별시 강북구 솔샘로 203, 1층 (미아동)","SK아파트후문입구맞은편","솔샘우리약국","02-987-5634","2000","0830","2000","0830","2000","0830","2000","0830","2000","0830","1600","0830","C1103318","011","87","12321","37.6203088476103","127.015130141534"
"경기도 안산시 단원구 고잔로 108, 대동조이월드 129-2호 (고잔동)","365 야간까지 운영하는 약국입니다! 2024년 공공심야약국으로 22:00 ~ 익일 01:00 추가운영합니다 주말이나 야간에 방문시 미리 OPEN문의전화 부탁드려요^^","솔솔약국","031-401-7622","2300","0830","2300","0830","2300","0830","2300","0830","2300","0830","2300","0830","1400","0930","1400","0930","C2109495","153","61","12322","37.3185731848194","126.838037384741"
"부산광역시 동래구 충렬대로457번길 10, 102호 (안락동)","솔솔약국","051-532-7582","1800","0900","1800","0900","1800","0900","1800","0900","1800","0900","1300","0900","C1202977","477","95","12323","35.195916791863","129.108641187976"
"대전광역시 서구 둔산로 129, 101-2호 (둔산동)","솔솔약국","042-710-0068","2000","0830","2000","0830","2000","0830","2000","0830","2000","0830","1400","0830","C1601432","352","40","12324","36.351585805312","127.38831339165"
"서울특별시 강동구 양재대로 1365, 심포니타워 111호 (성내동)","솔솔약국","02-486-2005","1900","0900","1930","0900","1900","0900","1900","0900","1930","0900","1500","0900","C1108374","054","04","12325","37.5280657478158","127.135874866354"
"경상북도 경주시 황성로 77, 1층 (황성동)","솔솔약국","054-705-5459","1900","0800","1900","0800","1900","0800","1900","0800","1900","0800","1400","0800","C2701684","380","80","12326","35.8688997948187","129.218162202626"
"경상북도 포항시 북구 새천년대로 713, 1층 (대흥동)","솔솔약국","054-610-0225","1900","0830","1900","0830","1900","0830","1900","0830","1900","0830","1400","0830","C2701754","376","86","12327","36.0368817778347","129.35915276203"
"인천광역시 연수구 청량로 217 (옥련동)","솔솔약국","050-71493-5242","2000","0900","2000","0900","2000","0900","2000","0900","2000","0900","1500","0900","C1402120","219","48","12328","37.4261039053025","126.652540075171"
"경기도 고양시 일산서구 중앙로 1437, 화성프라자 312호 (주엽동)","솔아름약국","031-911-1460","1800","0900","1800","0900","1800","0900","1800","0900","1800","0900","C2108714","103","87","12329","37.6700574812134","126.760499747317"
"경기도 안성시 양성면 명삼길 6, 가동","솔약국","031-523-9420","1800","0900","1800","0900","1800","0900","1800","0900","1800","0900","C2108283","175","03","12330","37.040902988075","127.189936234966"
"경기도 화성시 봉담읍 삼천병마로 1273, 이안건물 1층 (봉담읍)","솔약국","031-227-7015","2030","0900","2030","0900","2030","0900","2030","0900","2030","0900","1900","0900","C2100611","183","13","12331","37.22036965141802","126.94899935798173"
"서울특별시 강남구 개포로 615, 석탑프라자 101호 (개포동)","수서경찰서옆 석탑프라자","솔약국","02-2226-9828","2000","0830","2000","0830","2000","0830","2000","0830","2000","0900","1700","0900","1300","0900","1300","0900","C1103353","063","35","12332","37.4926580850327","127.07558248914"
"경기도 군포시 산본로343번길 9 (산본동)","솔약국","031-397-0664","1900","0930","1900","0930","1900","0930","1900","0930","1900","0930","1400","0930","C2103617","158","65","12333","37.36061520914385","126.93174868144601"
"서울특별시 은평구 진관4로 77, 702동 113호 (진관동, 은평뉴타운상림마을)","솔약국","02-355-5304","1830","0900","1830","0900","1300","0900","1830","0900","1830","0900","1400","0900","C1103905","033","03","12334","37.64639088917337","126.92807288593903"
"서울특별시 중구 퇴계로 447, 108,109호 (황학동, 황학 아크로타워)","솔약국","02-6369-5203","1900","0800","1900","0800","1900","0800","1900","0800","1900","0800","1700","0800","C1108346","045","75","12335","37.5660419798503","127.021721835241"
"서울특별시 강서구 양천로 564, 등촌동두산위브센티움 131호 (등촌동)","두산위브센티움 131호","증미역 3번출구","솔약국","02-3662-8899","1830","0900","1830","0900","1830","0900","1830","0900","1830","0900","1530","0900","C1102576","075","51","12336","37.5570868295233","126.861331339109"
"서울특별시 성북구 돌곶이로40길 46, 상가1동 5호 (장위동, 꿈의숲 아이파크)","솔약국","02-943-5988","1730","0830","1730","0830","1300","0830","1730","0830","1730","0830","1300","0900","C1109957","027","62","12337","37.6198223851288","127.049660439134"
"경기도 구리시 이문안로 80, 1층 102호 (수택동)","솔약국","031-551-3924","1830","0830","1830","0830","1830","0830","1830","0830","1830","0830","1400","0830","C2102535","119","40","12338","37.59198931915704","127.14028898169957"
"경기도 여주시 도예로 76, (오학동)","솔약국","031-886-3305","1930","0900","1930","0900","1930","0900","1930","0900","1930","0900","1500","0900","C2100989","126","39","12339","37.30946199571461","127.64384333280017"
"서울특별시 강동구 진황도로 85 (길동) 강동큐브2차105,106호","일요일은 운영시간 유동적으로 전화 확인 후 방문바랍니다.","솔약국","070-7122-0075","1900","0830","1900","0830","1900","0830","1900","0830","1900","0830","1300","0830","1300","1130","1300","1130","C1106942","053","54","12340","37.53650581315665","127.13600275748813"
"서울 강북구 솔샘로 167 상가동 112호 (미아동)","벽산라이브파크상가 312호","솔약국","02-988-3078","2100","0900","2100","0900","2100","0900","2100","0900","2100","0900","2100","0900","C1104189","011","91","12341","37.6201585502158","127.01120650382"
"경기도 평택시 비전3로 25, 골든프라자 102호 (비전동)","솔약국","031-618-9588","2100","0900","2100","0900","2100","0900","2100","0900","2100","0900","C2106349","178","52","12342","37.00242851494676","127.10478957448711"
"경기도 남양주시 화도읍 수레로 1165, 102호 (장흥빌딩)","목요일은 의원진료시간이 오후3시부터 시작입니다. 약국은 별일없으면 오전부터 근무합니다. 토요일은 휴무입니다. 일요일과 공휴일 오전10시-오후2시까지 근무합니다","화도읍 창현리 이안아파트 맞은편(마석ic나와서바로있음)","솔약국","031-511-4194","1800","0900","1800","0900","1800","0900","1800","1500","1800","0900","1400","1000","1400","1000","C2100018","121","95","12343","37.64128255733396","127.30314163601847"
"경기도 오산시 동부대로 355, 1층 (고현동)","솔약국","031-378-7582","2000","0900","2000","0900","2000","0900","2000","0900","2000","0900","C2101573","181","45","12344","37.13371905386114","127.07791910778806"
"경기도 의정부시 오목로 11, 1층 (용현동)","솔약국","031-928-6266","1900","0900","1900","0900","1900","0900","1900","0900","1900","0900","C2108521","117","91","12345","37.7322280586593","127.084534838563"
"경기도 동두천시 생연로 129-1 (생연동)","솔약국","031-867-1253","1900","0900","1900","0900","1900","0900","1900","0900","1900","0900","1600","0900","C2106536","113","31","12346","37.904176000431576","127.05127200485572"
"경기도 포천시 왕방로 130, 1층 (신읍동)","솔약국","031-533-8662","1830","0900","1830","0900","1830","0900","1830","0900","1830","0900","1330","0900","C2103103","111","48","12347","37.89493819429527","127.19246641835115"
"경기도 용인시 수지구 만현로 113, 106호 (상현동, 미래프라자)","솔약국","031-261-5958","2100","0900","2100","0900","2100","0900","2100","0900","2100","0900","1400","0900","C2100796","169","30","12348","37.30656210529049","127.08542516534466"
"서울특별시 용산구 백범로 341, 128-1호 (원효로1가, 리첸시아 용산)","솔약국","02-3272-1117","1920","0900","1920","0900","1920","0900","1920","0900","1920","0900","1400","0900","C1109570","043","15","12349","37.53847395668292","126.9673116296497"
"경기도 광주시 곤지암읍 곤지암로 49, 1층","솔약국","031-766-1866","1800","0900","1800","0900","1800","0900","1800","0900","1800","0900","1300","0900","C2110174","128","04","12350","37.3495814113835","127.341315391582"
"인천광역시 부평구 주부토로 261 (갈산동)","갈산사거리신협빌딩","솔약국","032-501-6313","1600","0900","1600","0900","1600","0900","1600","0900","1600","0900","2000","0900","C1401447","213","16","12351","37.51837336369835","126.72679926164122"
"대구광역시 북구 팔달로 207, 1층 (노원동2가)","솔약국","053-352-6769","1900","1300","1900","1300","1900","1300","1900","1300","1900","1300","1900","1100","1900","1100","C1301938","415","58","12352"
"경상북도 문경시 중앙로 106 (점촌동)","솔약국","054-552-5477","1730","0800","1730","0800","1200","0800","1730","0800","1730","0800","C2701724","369","47","12353","36.5945042780103","128.199065683431"
"경기도 수원시 팔달구 인계로 118, 101호 (인계동)","솔약국","031-000-0000","1800","0900","1800","0900","1800","0900","1800","0900","1800","0900","1300","0900","C2110229","164","89","12354","37.2673666514378","127.030402470946"
"전북특별자치도 군산시 공항로 79","농협 옆 건물에 위치","솔약국","063-442-9393","1830","0830","1830","0830","1830","0830","1830","0830","1830","0830","1300","0830","C2500452","540","11","12355","35.97610734533931","126.67973504422483"
"광주광역시 서구 월드컵4강로 168, 1층 (쌍촌동)","솔약국","062-962-0077","1900","0900","2000","0900","1900","0900","2000","0900","1900","1000","1430","0900","C1501428","619","84","12356","35.151172647979","126.869910207079"
"충청남도 논산시 강경읍 계백로 155,","경찰서 옆","솔약국","041-745-7567","1900","0730","1900","0730","1900","0730","1900","0730","1900","0730","1700","0730","1900","1400","1700","0700","C2400241","329","37","12357","36.15792662342201","127.01706090849001"
"전북특별자치도 김제시 남북로 196 (요촌동)","공휴일 전화후 방문","김제시장 안 쪽 김제농협 맞은편","솔약국","063-544-3346","1800","0900","1800","0900","1800","0900","1800","0900","1800","0900","1300","0800","C2500524","543","91","12358","35.801436111111109","126.884994444444445"
"충청남도 계룡시 엄사면 엄사중앙로 94, 3층 306호","공휴일은 상황에 따라 운영(09:00~13:00)","계룡프라자 304호","솔약국","042-841-5090","1830","0900","1830","0900","1830","0900","1830","0900","1830","0900","1300","0900","C2400571","328","04","12359","36.288944444444446","127.242319444444448"
"충청남도 천안시 동남구 병천면 아우내순대길 38, 1층 (병천면)","문성 파출소 밑으로 내려오는 길","솔약국","041-577-2800","1800","0800","1800","0800","1800","0800","1800","0800","1800","0800","1230","0800","C2400004","312","54","12360","36.789655850421745","127.15435212704949"
"경상남도 거창군 거창읍 중앙로 134","솔약국","055-942-9238","2000","0900","2000","0900","2000","0900","2000","0900","2000","0900","1300","0900","C2801674","501","38","12361","35.68739328630515","127.9131162345995"
"경상남도 함안군 군북면 중암7길 39","토,일,공휴일 전화확인","군북역 맞은편","솔약국","055-585-7787","1800","0900","1800","0900","1800","0900","1800","0900","1800","0900","1800","0900","1800","0900","1700","0900","C2800996","520","65","12362","35.2600302297","128.3456210424"
"충청남도 예산군 예산읍 벚꽃로155번길 20, 1층 102호","솔약국","041-331-1866","1800","0830","1800","0830","1800","0830","1800","0830","1800","0830","1800","0830","C2401341","324","28","12363","36.6946343715261","126.83460530622773"
"경상남도 진주시 진주대로 889","20년 신정 20:00까지 토,일요일 인근 샘터약국과 교대로 운영함. 공휴일 정상운영","솔약국","055-757-6030","2100","1030","2100","1030","2100","1030","2100","1030","2100","1030","2100","0830","2100","0900","C2800052","527","09","12364","35.17969249390252","128.09050283539275"
"충청남도 아산시 충무로 18 (온천동)","우에씨티빌딩->국민은행쪽","솔약국","041-547-6363","1900","0830","1900","0830","1900","0830","1900","0830","1900","0830","1900","0830","C2400317","315","14","12365","36.78267504589525","127.0048440574681"
"서울특별시 동작구 상도로12길 1, 스마트빌딩 101호 (상도동)","솔약국","02-6082-2506","1900","0900","1900","0900","1900","0900","1900","0900","1900","0900","1300","0900","C1110654","070","41","12366","37.4994426474289","126.930249332436"
"경상남도 김해시 능동로 153, 104호 (부곡동, 삼화빌딩)","솔약국","055-335-3278","1900","0900","1900","0900","1900","0900","1900","0900","1900","0900","1300","0900","C2801690","509","81","12367","35.20245558205327","128.80797038391554"
"울산광역시 중구 북부순환도로 111, 1층 (다운동)","강서병원옆","솔약국","052-249-5025","1800","0830","1800","0830","1800","0830","1800","0830","1800","0830","1230","0830","C1700208","444","07","12368","35.555719444444442","129.275197222222232"
"전라남도 무안군 삼향읍 남악2로74번길 39","신한은행 옆","솔약국","061-284-1855","1900","0900","1900","0900","1900","0900","1900","0900","1900","0900","1330","0900","C2600614","585","66","12369","34.813015034291084","126.45919438456076"
"대전광역시 중구 중앙로16번길 23, 1층 (문화동)","솔약국","042-255-8200","1800","0830","1800","0830","1800","0830","1800","0830","1800","0830","1330","0830","C1600061","349","44","12370","36.32177829879869","127.41460988745214"
"전라남도 나주시 남평읍 남평1로 23","파머스마트옆.","솔약국","061-332-0116","2000","0800","2000","0800","2000","0800","2000","0800","2000","0800","1900","0800","1400","0900","C2600270","582","27","12371","35.046919853214746","126.84016958850105"
"경상북도 구미시 인동36길 23-11 (구평동)","대체공휴일 09:00 ~13:00","GS슈퍼구평점옆","솔약국","054-476-7771","1900","0900","1900","0900","1900","0900","1900","0900","1900","0900","1530","0900","C2700032","394","49","12372","36.092373687057794","128.43324013746712"
"경상북도 경주시 산내면 단석로 683","솔약국","054-743-3819","1800","0830","1800","0830","1800","0830","1800","0830","1800","0830","1500","0800","C2700733","381","86","12373","35.7577964667","129.0438032119"
"전라남도 장흥군 장흥읍 동교2길 13-21","LD마트 옆.","솔약국","061-864-8878","1830","0830","1830","0830","1830","0830","1830","0830","1830","0830","1330","0830","C2600669","593","27","12374","34.67881138132313","126.90647363986483"
"전라남도 여수시 무선로 6-302, 이레타운(학동)","이레타운 302-2호","솔약국","061-684-4977","1830","0900","1830","0900","1830","0900","1830","0900","1830","0900","1500","0900","C2600708","596","72","12375","34.76132627356769","127.6562690378214"
"인천광역시 남동구 서창남로 77, 1층 107호 (서창동)","솔약국","032-468-2106","1900","0830","1900","0830","1900","0830","1900","0830","1900","0830","C1401715","216","14","12376","37.4258947068","126.7482489317"
"전라남도 화순군 화순읍 진각로 113-1, 1층 (화순읍)","장날인 경우 일요일 오전부터 운영","솔약국","061-373-1464","2000","0830","2000","0830","2000","0830","2000","0830","2000","0830","1800","0830","C2601131","581","19","12377","35.0614400002","126.9856654057"
"대구광역시 달서구 상인로 7 (상인동)","상인동 비둘기아파트건너편","솔약국","053-636-3936","1930","0900","1930","0900","1930","0900","1930","0900","1930","0900","1500","0900","1300","0900","1300","0900","C1300826","428","15","12378","35.80885880387684","128.55144465315732"
"대구광역시 수성구 달구벌대로 2365","솔약국","053-753-8066","1830","0900","1830","0900","1830","0900","1830","0900","1830","0900","1300","0900","C1300467","420","17","12379","35.859806834023054","128.62146387143474"
"대구광역시 중구 동덕로 115 (삼덕동2가)","솔약국","053-429-7755","1800","0900","1800","0900","1800","0900","1800","0900","1800","0900","1300","0900","C1301483","419","40","12380","35.8650932251","128.6026664486"
"대구광역시 남구 월배로 482, (대명동)","관문시장 버스정류장 인근","솔약국","053-621-9589","1900","0830","1900","0830","1900","0830","1900","0830","1900","0830","1530","0830","C1300149","424","82","12381","35.83619520739225","128.5568207576846"
"부산광역시 동구 초량중로 74, 새부산병원 1층 (초량동)","1호선 초량역 1번출구","솔약국","070-7567-1233","1830","0900","1830","0900","1830","0900","1830","0900","1830","0900","1330","0900","C1201304","488","15","12382","35.11842712846187","129.0391381998443"
"부산광역시 영도구 수정길 160","산복도로뉴타운홍보관앞","솔약국","051-413-4121","1800","0900","1800","0900","1800","0900","1800","0900","1800","0900","1230","0900","C1201297","490","73","12383","35.08468203445539","129.0430735150191"
"충청북도 청주시 흥덕구 대신로 132, 1층 (송정동)","솔약국","043-265-2110","2100","1000","1900","1000","1900","1000","2100","1000","1900","1000","1400","1000","C2301194","284","43","12384","36.6449010448058","127.435672995706"
"충청남도 부여군 부여읍 사비로99번길 8-2 (부여읍)","솔약국","041-835-1600","1830","0830","1830","0830","1830","0830","1830","0830","1830","0830","1500","0830","C2400020","331","45","12385","36.28164328228581","126.9100287293458"
"전북특별자치도 전주시 완산구 장승배기로 268, (평화동1가)","이정기 테마빌딩1층","솔약국","063-231-1250","1930","0830","1930","0830","1930","0830","1930","0830","1930","0830","1300","0830","C2500814","551","19","12386","35.79837515485004","127.14167494819057"
"경기도 안산시 상록구 건건로 117, 106호 (건건동)","반월역앞 한종빌딩106호","솔약국","031-502-7991","2100","0900","2100","0900","2100","0900","2100","0900","2100","0900","1800","0900","C2100533","155","21","12387","37.31130654850143","126.9046803473244"
"경기도 부천시 소사구 범안로 117, 현대리치모아 3층 306호 일부호 (범박동)","솔약국","032-342-2428","1900","0850","1900","0850","1900","0850","1900","0850","1900","0850","1330","0850","C2109333","147","82","12388","37.4712171914058","126.809587259874"
"경기도 김포시 김포한강8로 331, 103호 (마산동, 솔터마을2단지 상가2동)","솔약국","031-983-4996","1900","0900","1900","0900","1900","0900","1900","0900","1900","0900","1500","0900","C2107627","100","67","12389","37.6436874212","126.6339144753"
"경기도 수원시 장안구 만석로159번길 56, (파장동)","솔약국","031-245-5462","2000","0930","2000","0930","2000","0930","2000","0930","2000","0930","1400","0930","C2101540","163","51","12390","37.30409522331413","126.99687783786687"
"서울특별시 서대문구 수색로 32, 1층 (남가좌동)","3층","서울시서대문구남가좌동293-85","솔온누리약국","02-372-3775","1800","0900","1800","0900","1800","0900","1800","0900","1800","0900","1800","0900","C1104879","037","12","12391","37.5694956315367","126.915117519587"
"강원특별자치도 강릉시 교동광장로 115, 1층 (교동)","교1동 새마을금고 옆","솔올온누리약국","033-641-6412","2000","0830","2000","0830","2000","0830","2000","0830","2000","0830","1500","0830","C2200411","255","12","12392","37.765047015023534","128.8779438166915"
"경기도 성남시 분당구 양현로94번길 19, 106호 (이매동, 새남서울종합상가)","분당구이매동120-6","솔잎약국","031-706-6379","1900","0900","1900","0900","1900","0900","1900","0900","1900","0900","1500","0900","C2101842","135","68","12393","37.39116499542325","127.126217905983"
"서울특별시 강남구 개포로 615 (개포동)","수서경찰서 옆/석탑프라자","솔잎약국","02-445-8928","1900","0800","1900","0800","1900","0800","1900","0800","1900","0800","1700","0800","C1100844","063","35","12394","37.4926580850327","127.07558248914"
"경기도 김포시 김포한강8로 333 (마산동, 김포한강엘에이치솔터마을3단지)","솔터약국","031-997-6229","2100","0900","2100","0900","2100","0900","2100","0900","2100","0900","1700","0900","C2100149","100","67","12395","37.642022748165694","126.6331222827697"
"서울특별시 강서구 양천로 660, 지층 L02호 (염창동)","염창동 롯데리아 맞은편 왈도강서캠퍼스 L층 안쪽에 위치 마을버스 04번 타고 관음삼성,보람더하임 하차","솔트약국","02-3661-8880","1900","0800","1900","0800","1830","0800","1900","0800","1900","0800","1400","0800","C1108623","075","54","12396"
"서울특별시 강남구 개포로31길 19-16, 1층 101호 (개포동, 개포동 1264-13 다세대주택)","솔향기약국","02-6205-8088","1730","0930","1730","0930","1730","0930","1730","0930","1730","0930","C1109827","063","06","12397","37.480312420811","127.048151098157"
"강원특별자치도 강릉시 옥계면 현내시장길 81","일요일,공휴일 사정에 따라 운영 변경 될 수 있음","옥계버스정류장 종점 옆","솔향약국","033-534-1727","1900","0830","1900","0830","1900","0830","1900","0830","1900","0830","1400","0830","1800","0830","C2200496","256","34","12398","37.608612919659556","129.03506854812645"
"전북특별자치도 익산시 익산대로 172-1 (창인동1가)","익산역 맞은편 팔도강산 앞 건물","솜리약국","063-855-2329","1800","0830","1800","0830","1800","0830","1800","0830","1800","0830","1300","0830","C2500296","545","93","12399","35.941555555555553","126.947963888888893"
"경기도 안양시 동안구 시민대로 260, 안양금융센터 A.F.C 1층 107, 108호 (관양동)","솜사탕약국","031-5177-1890","1830","0830","1830","0830","1830","0830","1830","0830","1830","0830","C2108252","140","67","12400","37.3935078942772","126.959414289663"
"서울특별시 영등포구 도신로 88, (신길동)","송&김약국","02-848-6596","2000","0830","2000","0830","2000","0830","2000","0830","2000","0830","1600","0830","C1101090","073","82","12401","37.5068482438587","126.902130892298"
"대전광역시 유성구 구즉로58번길 12","송강보령약국","042-935-7065","2100","0830","2000","0700","2000","0700","2100","0830","2000","0700","1330","0830","C1600348","340","09","12402","36.43419242312672","127.38820686410577"
"대전광역시 유성구 봉산로 27","송강솔약국","042-936-7983","1900","0900","1900","0900","1900","0900","1900","0900","1900","0900","1300","0900","C1600675","340","08","12403","36.4359139159","127.3864693112"
"충청북도 충주시 산척면 천등박달로 135","산척초등학교앞","송강약국","043-853-4451","1700","0830","1700","0830","1300","0830","1700","0830","1700","0830","C2300180","273","15","12404","37.08044460031408","127.95624163441307"
"부산광역시 연제구 월드컵대로 197","남문구사거리 한일 UNI모데하우스 옆","송강약국","051-865-2320","1900","0900","1900","0900","1900","0900","1900","0900","1900","0900","1400","0900","C1200377","475","37","12405","35.18788807355249","129.0750538088634"
"대전광역시 유성구 구즉로 84, 1층 (봉산동)","송강프라자사거리","송강태평양약국","042-935-3007","1900","0900","1900","0900","1900","0900","1900","0900","1900","0900","1500","0900","1500","0900","1900","0900","C1600142","340","07","12406","36.43582706904877","127.3871291116677"
"대전광역시 유성구 송강로42번길 61, 상가1동 지상1층 108호 (송강동, 청솔아파트)","대전유성구송강동8-2청솔상가103호","송강파맥스약국","042-934-1174","1930","0900","1930","0900","1930","0900","1930","0900","1930","0900","1300","0900","C1600374","340","08","12407","36.436386584100425","127.38352626261283"
"전라남도 목포시 서산로 16","서해어업관리단 인근","송광약국","061-244-3543","1700","0900","1700","0900","1700","0900","1700","0900","1700","0900","1600","0900","1600","0900","1600","0900","C2600564","587","54","12408","34.78231959291228","126.37904696485975"
"경기도 부천시 소사구 경인로 13, A동 1층 일부(3호, 4호) (송내동)","송내1번약국","032-721-7013","1800","0900","1800","0900","1800","0900","1800","0900","1800","0900","1300","0900","C2110055","147","30","12409","37.4834273878634","126.756673106254"
"경기도 부천시 원미구 부일로 204, 104호 (상동, 루치올라빌딩)","송내역북부역 사거리 한양내과건물 1층","송내메디칼약국","032-328-9777","1900","0900","1900","0900","1900","0900","1900","0900","1900","0900","1500","0900","C2100399","145","99","12410","37.48841768349377","126.75254745635504"
"경기도 부천시 원미구 부일로 222, 유은빌딩 1층 101호 (상동)","유선전화 없음. 연락처 010-7636-3001","송내바로약국","032-00-0000","2000","0900","2000","0900","2000","0900","2000","0900","2000","0900","1600","0900","C2109821","146","24","12411","37.4882272759107","126.754648708121"
"경기도 부천시 송내대로 43, 2층 (송내동)","송내역온누리약국","032-613-1714","2130","0800","2130","0800","2130","0800","2130","0800","2130","0800","2100","0900","2100","0900","C2106900","147","42","12412","37.48767393167423","126.75277263860396"
"경기도 부천시 경인로 126 (송내동)","연중무휴","영스포렉스(영웨딩컨벤션.부페) 건너편, IBK 기업은행 옆","송내온누리약국","032-613-7497","2200","0900","2200","0900","2200","0900","2200","0900","2200","0900","2200","0900","2200","0900","2200","0900","C2100457","147","26","12413","37.48382780373878","126.76939457893978"
"인천광역시 연수구 해돋이로 168-2, 114,115호 (송도동)","송도가로수약국","032-859-0771","2000","0900","2000","0900","2000","0900","2000","0900","2000","0900","1500","0900","C1401894","220","02","12414","37.3950129305947","126.645679204961"
"인천광역시 연수구 컨벤시아대로 69 (송도동)","공휴일유동적(확인요망)","송도밀레니엄건물4층","송도건강온누리약국","032-858-7792","1930","0900","1930","0900","1930","0900","1930","0900","1930","0900","1600","0900","C1400922","219","95","12415","37.39571574373189","126.65095705741948"
"인천광역시 연수구 테크노파크로111번길 4, 드 메티스 빌딩 103,104호 (송도동)","송도고운맘약국","032-858-7113","2000","0900","2000","0900","2000","0900","2000","0900","2000","0900","1500","0900","1300","0900","1300","0900","C1402099","219","98","12416","37.3860567597007","126.644252295491"
"인천광역시 연수구 신송로 157-9, 105호 (송도동)","송도골드약국","032-858-0565","1900","0900","1900","0900","1900","0900","1900","0900","1900","0900","1730","0900","1400","1000","C1401938","220","02","12417","37.3969600412908","126.648702995851"
"인천광역시 연수구 인천타워대로197번길 16, 3층 339호 (송도동)","13:00~14:00 평일 휴게시간","송도다온약국","032-201-6123","1900","0900","1900","0900","1900","0900","1900","0900","1900","0900","1300","0900","C1402176","220","09","12418","37.389004286781","126.635327347312"
"인천광역시 연수구 해돋이로151번길 4, 103호 (송도동)","송도더푸른약국","032-859-3200","2000","0900","2000","0900","2000","0900","2000","0900","2000","0900","1600","0900","C1401946","220","03","12419","37.3940175669476","126.646006981957"
"인천광역시 연수구 센트럴로 313, 송도 씨워크 인테라스 한라 B동 149호 (송도동)","송도로이약국","032-834-7371","1900","0900","1900","0900","1900","0900","1900","0900","1900","0900","1400","0900","C1402081","220","06","12420","37.4015590204821","126.631564765403"
"인천광역시 연수구 독배로40번길 43","공휴일 사전 문의할 것. 쉴때도 있습니다.","옥련동 롯데리아 옆","송도메디칼약국","032-832-9498","1300","0800","1300","0800","1300","0800","1300","0800","1300","0800","1600","0800","1600","0900","1600","0900","C1400197","219","49","12421","37.42454205512689","126.64726834952734"
"인천광역시 연수구 송도국제대로 157, 오네스타 1층 A103호 (송도동)","송도미소약국","032-815-6742","2000","0900","0100","0900","0100","0900","2000","0900","0100","0900","1900","0900","1900","0900","C1402122","219","84","12422","37.3809410558608","126.656664161119"
"인천광역시 연수구 송도바이오대로 300, 삼성바이오로직스 바이오플라자동 3층 일부호 (송도동)","송도바이오약국","032-455-9966","1730","0800","1730","0800","1730","0800","1730","0800","1730","0800","C1401565","219","87","12423","37.36838065054008","126.66025501453273"
"부산광역시 서구 감천로 255 (암남동)","버스정류장: 고신대학교복음병원","송도복음약국","051-253-2937","1830","0830","1830","0830","1830","0830","1830","0830","1830","0830","C1200872","602","830","12424","35.08158038108006","129.0160406782075"
"인천광역시 연수구 해돋이로 161, 세종프라자 105,106호 (송도동)","송도봄약국","032-851-8835","1800","0740","1800","0740","1800","0740","1800","0740","1800","0740","1400","0740","C1402031","220","03","12425","37.3945069890804","126.645371931466"
"인천광역시 연수구 송도국제대로 261, 114호 (송도동, 송도 더샵 센트럴시티)","송도센트럴약국","032-822-1718","2000","0900","2000","0900","2000","0900","2000","0900","2000","0900","1800","0900","C1401730","219","86","12426","37.3742181327","126.6499773707"
"인천광역시 연수구 인천타워대로 365, 301동 304호 (송도동, 힐스테이트 송도 더스카이)","송도스카이약국","032-833-8518","1900","0800","1900","0800","1900","0800","1900","0800","1900","0800","1400","0800","C1402139","220","07","12427","37.4020800569367","126.628247602034"
"인천광역시 연수구 해돋이로 165, 차오름 프라자 109호 (송도동)","송도시온약국","032-833-7058","1800","1000","1800","1000","1800","1000","1800","1000","1800","1000","C1401764","220","03","12428","37.394826145159854","126.64510684723852"
"인천광역시 연수구 해돋이로 107, H동 8호 (송도동, 더？퍼스트월드)","일요일 및 공휴일 사전 문의","해양결창철 맞은편","송도신세계약국","032-835-7045","2100","1000","2100","1000","2100","1000","2100","1000","2100","1000","2130","0900","2230","1200","C1400689","219","97","12429","37.39191322839734","126.64917454406327"
"인천광역시 연수구 송도문화로28번길 28, 상가 204동 4-118호 (송도동, 송도글로벌캠퍼스푸르지오)","송도아이숲약국","050-71389-4420","1900","0830","1900","0830","1900","0830","1900","0830","1900","0830","1400","0900","C1402196","219","86","12430","37.37654427598581","126.65540060435171"
"인천광역시 연수구 한나루로196번길 2 (옥련동)","공휴일 사전 문의","풍림아파트와 태평아파트 부근","송도약국","032-834-5878","2100","0830","2100","0830","2100","0830","2100","0830","2100","0830","2000","0830","2100","0830","C1400263","219","39","12431","37.426609926745854","126.65717665821341"
"서울특별시 강북구 도봉로 343, 야산빌딩 1층 (수유동)","매달 1,3, 5번째 일요일 정기 휴무","송도약국","02-908-4270","2200","0900","2200","0900","2200","0900","2200","0900","2200","0900","2000","0900","1830","1000","1830","0930","C1109184","010","74","12432","37.6385067563721","127.025726289061"
"광주광역시 동구 필문대로 134-1, 1층 (산수동)","북구동신고정문맞은편","송도약국","062-512-0004","1900","1000","1900","1000","1900","1000","1900","1000","1900","1000","1700","1000","C1500182","614","06","12433","35.16864089172383","126.91990823994013"
"인천광역시 연수구 컨벤시아대로230번길 54, A136~137호 (송도동)","송도온누리약국","032-833-6606","1930","0900","1930","0900","1930","0900","1930","0900","1930","0900","1600","0900","C1401974","220","09","12434","37.3890111897813","126.634032775089"
"인천광역시 연수구 송도문화로84번길 24, 209호 (송도동, 송도에듀포레푸르지오)","송도우리약국","032-813-0507","1900","0830","1900","0830","1900","0830","1900","0830","1900","0830","1300","0900","C1401906","219","86","12435","37.3743121953824","126.660484998681"
"인천광역시 연수구 랜드마크로 68, 301동 269호 (송도동, 랜드마크시티센트럴더샵)","일요일 사전 문의 필요","송도우정약국","032-858-0222","2000","0900","2000","0900","2000","0900","2000","0900","2000","0900","1500","0900","1400","0900","C1401844","220","18","12436","37.4151350970922","126.618422557421"
"인천광역시 연수구 해돋이로172번길 42, 103호 (송도동)","송도이레약국","0507-1323-8142","2000","0830","2000","0830","2000","0830","2000","0830","2000","0830","1400","0830","C1401984","220","02","12437","37.3980277414508","126.648034628268"
"인천광역시 연수구 아트센터대로 87, 커낼워크D4 WINTER 402동 152호 (송도동)","송도이음약국","032-832-5641","1830","1030","1830","1030","1830","1030","1830","1030","1830","1030","C1401958","220","02","12438","37.40237844811419","126.640151020131"
"인천광역시 연수구 송도국제대로 157, 오네스타 1층 A-108~112호 (송도동)","약국( 같은 건물의 소아과가 365일 야간진료를 하고 이에 맞춰서 같이 영업.같은건물에 내과,이비인후과,소아과,치과,정신과,통증의학과,피부과 같이 있습니다.","검색창에 오네스타 치고 오시면 1층 송도제일약국 있습니다. 인천 테크노파크역 2번출구바로앞. 송도현대아울렛과 홈플러스 사이에 있는 건물 1층에 있습니다.","송도제일약국","032-817-8864","2200","0800","2200","0800","2200","0800","2200","0800","2200","0800","1900","0900","1900","0900","1900","0900","C1401682","219","84","12439","37.3809413199","126.6566620146"
"인천광역시 연수구 인천타워대로54번길 13, 1층 103호 (송도동, 해승메디피아)","해송중학교 주변, 웰카운티아파트 107동 앞 건물 1층.","송도중앙약국","032-851-3771","2000","0900","2000","0900","2000","0900","2000","0900","2000","0900","1700","0900","C1400539","220","00","12440","37.37916977787514","126.64652651167671"
"인천광역시 연수구 송도과학로27번길 55, 3층 A-311호 (송도동, 롯데캐슬 캠퍼스타운)","송도캠퍼스약국","032-819-4450","1400","0900","1400","0900","1400","0900","1400","0900","1400","0900","1500","0900","C1401559","219","82","12441","37.38923695945889","126.66512951020766"
"인천광역시 연수구 컨벤시아대로 165, 포스코타워-송도 5층 일부호 (송도동)","송도타워약국","032-833-8324","1830","0800","1830","0800","1830","0800","1830","0800","1830","0800","1330","0800","C1401632","219","98","12442","37.3891405278","126.6444425656"
"인천광역시 연수구 한나루로 194-3 (옥련동)","송도삼거리풍림아파트건너편","송도프라자약국","032-831-8318","2100","0830","2100","0830","2100","0830","2100","0830","2100","0830","1900","0830","C1400168","219","39","12443","37.42643710487127","126.65723619497117"
"인천광역시 연수구 컨벤시아대로 69, 송도 밀레니엄 1층 137호 (송도동)","송도플러스약국","032-851-7740","2100","0800","2100","0800","2100","0800","2100","0800","2100","0800","1800","0800","C1402060","219","95","12444","37.3957153799876","126.650955929786"
"경기도 남양주시 화도읍 비룡로 62, 406호 (중앙프라자)","송라약국","031-511-2257","1830","0900","1830","0900","1830","0900","1830","0900","1830","0900","1300","0900","C2102708","121","75","12445","37.657541897055516","127.3020973720543"
"경기도 의정부시 오목로 215, 1층 102호 (민락동)","송림약국","031-853-7980","1900","0900","1900","0900","1900","0900","1900","0900","1900","0900","1700","0900","1700","0900","C2107044","118","13","12446","37.74550514532342","127.09905697551544"
"대구광역시 북구 동북로 163, 201/311(산격동,산격대우아파트상가)","송림약국","053-751-2569","1800","0900","1800","0900","1800","0900","1800","0900","1800","0900","1300","0900","C1300099","415","19","12447","35.8995135113017","128.61105661271705"
"인천광역시 동구 송림로 91 (송림동)","송림오거리 국민은행 건너편","송림이화약국","032-777-3390","1800","0900","1800","0900","1800","0900","1800","0900","1800","0900","1300","0900","C1400586","225","44","12448","37.47620991231683","126.645079629955"
"경상남도 밀양시 산내면 산내로 345 (산내면)","농협 부근","송백약국","055-352-6355","1800","0900","1800","0900","1800","0900","1800","0900","1800","0900","1400","0900","1400","0900","C2800633","504","14","12449","35.58629810132947","128.88170133065861"
"경기도 평택시 탄현로 334, 1층 (지산동)","송북약국","031-00-0000","1800","0900","1800","0900","1800","0900","1800","0900","1800","0900","1300","0900","C2109829","177","57","12450","37.0818585250806","127.056535389558"
"경기도 화성시 수노을중앙로 146, 108호 (새솔동)","송산미소약국","031-357-6310","1800","0900","1800","0900","1800","0900","1800","0900","1800","0900","C2108241","182","44","12451","37.2840188026652","126.818866794173"
"경기도 화성시 송산면 송산포도로 103","송산봄약국","031-356-3396","1800","0900","1800","0900","1800","0900","1800","0900","1800","0900","1300","0900","C2109417","185","50","12452","37.2140562166356","126.737297365214"
"경기도 의정부시 부용로 233, 101호 (용현동,송산주공1단지상가)","송산주공1단지상가롯데마트와제2청사사이","송산약국","031-852-6216","2000","0900","2000","0900","2000","0900","1800","0900","2000","0900","2130","0900","C2102353","117","72","12453","37.74830632049825","127.08131572272904"
"충청남도 당진시 당진중앙2로 103-8, (읍내동)","구터미널기업은행건물1층","송산약국","041-355-3038","1900","0830","1900","0830","1900","0830","1900","0830","1900","0830","1400","0830","C2400635","317","69","12454","36.894522778294","126.63050955628027"
"충청북도 증평군 증평읍 송산로 66","송산약국","043-838-9090","1900","0830","1900","0830","1900","0830","1900","0830","1900","0830","1400","0830","C2301101","279","18","12455","36.790245941549976","127.57799581736282"
"경기도 화성시 송산면 송산포도로 102 (송산면)","송산고등학교입구(마을버스정류장)","송산약국","031-355-0217","2030","0900","2030","0900","2030","0900","2030","0900","2030","0900","1830","0900","C2101252","185","50","12456","37.214126481031805","126.73780578768091"
"경기도 의정부시 오목로 207, 103호 (민락동)","송산온누리약국","031-852-5001","2000","0900","2000","0900","2000","0900","2000","0900","2000","0900","C2108188","118","13","12457","37.7449160359869","127.098586801378"
"부산광역시 해운대구 해운대로161번길 33, 지하1층 일부호 (재송동)","송송약국","051-714-4203","1830","0900","1830","0900","1830","0900","1830","0900","1830","0900","1300","0900","C1202834","480","55","12458","35.2005272590921","129.064161116661"
"서울특별시 성동구 왕십리로 410, 106호 (하왕십리동, 센트라스)","휴게시간 13:20-13:40 법정공휴일은 휴무입니다.","송송약국","02-6285-0017","1840","0900","1840","0900","1840","0900","1840","0900","1840","0900","1330","0900","C1109356","047","01","12459","37.5666029325047","127.024082467223"
"부산 동래구 석사로 47 1층 (사직동)","송송약국","051-916-1010","1830","0900","1830","0900","1830","0900","1830","0900","1830","0900","1300","0900","C1203068","478","57","12460","35.2005272590921","129.064161116661"
"서울특별시 종로구 종로 19, 116-1 (종로1가)","송송약국","02-733-4425","2000","0900","2000","0900","2000","0900","2000","0900","2000","0900","1600","1000","C1110055","031","57","12461","37.5708444878121","126.979923668151"
"전북특별자치도 전주시 완산구 강변로 106, (삼천동1가,삼천하이츠상가)","삼천동 삼천하이츠아파트상가(유명마트삼천점 앞)","송신약국","063-226-9988","1930","0830","1930","0830","1930","0830","1930","0830","1930","0830","1700","0830","C2500434","550","85","12462","35.801073313419714","127.11390194678436"
"충청남도 당진시 송악읍 송악로 6-8, 송악약국","기지시리 터미널안","송악약국","041-353-2720","1930","0830","1930","0830","1930","0830","1930","0830","1930","0830","1800","0830","1800","0830","C2400012","317","33","12463","36.904263940840785","126.69386003534063"
"경기도 부천시 길주로 237, (중동)","문예사거리 꼬마이치과의원 옆옆건물 1층(국민은행 옆)","송앤드김약국","032-323-9959","1900","0900","1900","0900","1900","0900","1900","0900","1900","0900","1600","0900","C2100208","145","38","12464","37.504504929692274","126.76891253887791"
"울산광역시 중구 학성로 121, (옥교동)","울산중구옥교동박병원건물1층","송약국","052-248-3301","1800","0900","1800","0900","1800","0900","1800","0900","1830","0900","1300","0900","C1700148","445","30","12465","35.55609325529688","129.3241479912086"
"서울특별시 성동구 마장로 137, 텐즈힐몰 2층 2154호 (상왕십리동, 텐즈힐)","송약국","02-6012-0694","1930","0900","2030","0900","1930","0900","1930","0900","2030","0900","1500","0900","C1110067","047","00","12466","37.5678250213489","127.025053595952"
"서울특별시 동작구 상도로 246, 1층 (상도동)","상도역 2번출구","송약국","02-3280-8710","1930","0830","2000","0830","1930","0830","1930","0830","2000","0830","1530","0830","C1108889","069","64","12467","37.5047449090099","126.945743519213"
"서울특별시 양천구 오목로 325, 지하1층 (목동)","오목교역 1번출구 바로앞/yes24 출입구 앞","송약국","02-2062-2575","2030","0900","2030","0900","2030","0900","2030","0900","2030","0900","2030","0900","2030","1300","2030","1300","C1108236","080","00","12468","37.5251089396","126.8736275447"
"제주특별자치도 제주시 애월읍 하귀로 77,","송약국","064-712-8538","2000","0830","2000","0830","2000","0830","2000","0830","2000","0830","1800","0830","C2900059","630","51","12469","33.4817579343","126.4050139846"
"충청남도 홍성군 홍성읍 홍성천길 198 (홍성읍)","추석,설 당일만 휴무","상생한의원 옆","송약국","041-631-7545","1900","0830","1900","0830","1900","0830","1900","0830","1900","0830","1330","0830","1220","0830","C2401356","322","31","12470","36.6002682607","126.6669661821"
"서울특별시 강서구 양천로 637, 104호 (염창동, 삼성아파트상가)","한마음삼성아파트상가","송약국","02-2659-2526","2130","0800","2130","0800","2130","0800","2130","0800","2130","0800","2130","0800","1330","0800","C1101113","075","44","12471","37.5544411536489","126.868589079778"
"경기도 남양주시 경춘로 1260, 하나프라자 109호 (평내동)","토요일,일요일 휴무","송약국","031-559-1283","1800","0900","1800","0900","1800","0900","1800","0900","1800","0900","1300","0900","C2110099","122","23","12472","37.6466628168998","127.234794530891"
"전북특별자치도 정읍시 산외면 산외로 445-4","산외 농협옆","송약국","063-537-5010","1800","0900","1800","0900","1800","0900","1800","0900","1800","0900","1200","0900","C2500202","561","24","12473","35.62202782702293","127.04005985898797"
"경상남도 양산시 동면 금오로 255, 양산제일병원","송약국","055-912-0222","1900","0900","1900","0900","1900","0900","1900","0900","1900","0900","1330","0900","C2801829","506","50","12474","35.31599865839994","129.02724857047718"
"대전광역시 대덕구 덕암로181번길 1 (덕암동)","송약국","042-933-1957","1830","0800","1830","0800","1830","0800","1830","0800","1830","0800","1430","0800","C1601090","343","33","12475","36.43658579549064","127.42223696972766"
"전라남도 장흥군 회진면 가학회진로 1614","농협 근처","송약국","061-867-5035","2100","0500","2100","0500","2100","0500","2100","0500","2100","0500","2100","0700","2100","0700","2100","0700","C2600135","593","60","12476","34.48314184082371","126.9402863996747"
"대구광역시 중구 명륜로23길 106, 반월당 클래시아2차 104호 (봉산동)","송약국","0534272200","2030","0930","2030","0930","2000","0930","2030","0930","2030","0930","1630","0930","C1301745","419","58","12477","35.8647299678574","128.594867796935"
"부산광역시 북구 시랑로 64-1","버스정류장: 포천사거리","송약국","051-332-4023","1900","0900","1900","0900","1900","0900","1900","0900","1900","0900","1400","0900","C1200378","466","31","12478","35.1999244746","129.0052822724"
"경기도 고양시 덕양구 무원로6번길 20, M타워 101호 (행신동)","송약국","031-972-7482","2000","0830","2000","0830","2000","0830","2000","0830","2000","0830","C2108303","105","23","12479","37.6134273049984","126.833702311658"
"경기도 양주시 평화로1435번길 1 (덕계동)","송약국","031-866-2218","2000","0900","2000","0900","2000","0900","2000","0900","2000","0900","1500","0900","C2102507","114","43","12480","37.81910619635848","127.0461152052289"
"경기도 안산시 상록구 각골로 70 (본오동)","송온누리약국","031-417-2747","1900","0900","1900","0900","1900","0900","1900","0900","1900","0900","1500","0900","C2101276","155","44","12481","37.295766666666665","126.872850000000000"
"경기도 안산시 상록구 각골로 70","송온누리약국","070-4250-5993","2000","0900","2000","0900","2000","0900","2000","0900","2000","0900","1800","0900","C2107257","155","44","12482","37.295759177","126.8729520635"
"경기도 포천시 소흘읍 봉솔로5길 27, 1층 11,12호","송우시장사거리 농협앞 신안과건물 1층","송우늘푸른약국","070-4192-1990","1830","0900","1830","0900","1830","0900","1830","0900","1830","0900","1900","0900","C2103032","111","78","12483","37.82835206773563","127.1464824861481"
"경기도 포천시 소흘읍 솔모루로 93 (소흘읍)","포천시소흘읍송우리시외버스터미널앞","송우서울약국","031-543-7793","1900","0930","1900","0930","1900","0930","1900","0930","1900","0930","1530","0930","C2102481","111","75","12484","37.82958303365759","127.14772075037075"
"경기도 포천시 소흘읍 솔모루로 9,","송우수약국","031-541-8953","2230","0930","2230","0930","2230","0930","2230","0930","2230","0930","2230","0930","2230","0930","C2102606","111","80","12485","37.82420789646721","127.14134548783428"
"경기도 남양주시 화도읍 마석중앙로 70-1","송우약국","031-593-0033","2000","0900","2000","0900","2000","0900","2000","0900","2000","0900","1800","0900","C2102467","121","80","12486","37.65218531630458","127.30742888879509"
"경기도 포천시 소흘읍 태봉로 138 (소흘읍)","빨간난은 쉽니다","베스킨라빈스옆","송우약국","031-544-4891","1900","0900","1900","0900","1900","0900","1900","0900","1900","0900","1600","0900","C2103871","111","77","12487","37.82998166096423","127.13992469541114"
"경기도 포천시 소흘읍 솔모루로 98-8,","송우리터미널뒷편서울정형외과1층","송우태평양약국","031-543-8053","2030","0830","2030","0830","2030","0830","2030","0830","2030","0830","2030","0830","2030","0830","2030","0830","C2102480","111","74","12488","37.8295192074638","127.14852204840905"
"서울특별시 성북구 종암로 132, 201호 (종암동, 종암우림카이저팰리스)","종암경찰소맞은편","송원온누리약국","02-915-3500","1830","0930","1830","0930","1830","0930","1830","0930","1830","0930","1500","0930","C1103102","027","97","12489","37.6019197443065","127.03351787574"
"경기도 남양주시 경춘로 368, 303호 (다산동, 브릭스타워)","송이약국","031-556-8732","1800","0900","1800","0900","1800","0900","1800","0900","1800","0900","1330","0900","C2100126","122","62","12490","37.60464132945221","127.15592242311082"
"서울특별시 종로구 종로 19, 르메이에르종로타운1 2층 206-1호 (종로1가)","송이약국","02-720-1777","2030","0930","2030","0930","2030","0930","2030","0930","2030","0930","1620","0900","C1108590","031","57","12491","37.5708444878121","126.979923668151"
"전라남도 여수시 동문로 40, (고소동)","여수시고소동637","송이약국","061-666-0526","1700","0830","1700","0830","1700","0830","1700","0830","1700","0830","1300","0830","C2600539","597","38","12492","34.740852777777775","127.73950833333333"
"서울특별시 중랑구 신내로 211 , 212호 (신내동)","송이온누리약국","02-6743-4262","1900","0830","1900","0830","1900","0830","1900","0830","1900","0830","1600","0900","C1107109","020","24","12493","37.6163496295774","127.092668240549"
"충청북도 청주시 흥덕구 송화로 172, 1층 (송절동)","송절약국","043-268-7975","1930","0830","1930","0830","1930","0830","1930","0830","1930","0830","1400","0830","1300","0900","C2301089","282","92","12494","36.6669609046","127.4518055124"
"부산광역시 해운대구 송정중앙로 31, 1층 일부호 (송정동)","공휴일 및 일요일은 영업시간의 변동이 있을 수 있습니다.","송정바다약국","051-959-3777","1900","0830","1900","0830","1900","0830","1900","0830","1900","0830","1700","0830","1700","0830","C1203029","480","70","12495","35.1824958737256","129.204054605056"
"울산광역시 북구 박상진13로 20, 115,116호 (송정동)","송정백세약국","052-282-2233","1900","0900","1900","0900","1900","0900","1900","0900","1900","0900","1400","0900","C1700725","442","36","12496","35.6025818809023","129.364046295899"
"광주광역시 광산구 내상로 25 (송정동)","상시 운영가능으로 유선연락 후 방문 요함","송정백제약국","062-944-1100","1900","0830","1900","0830","1900","0830","1900","0830","1900","0830","1900","0830","C1500128","624","31","12497","35.13947791694223","126.79638894199968"
"울산광역시 북구 화산6길 8, S 타워 102,103호 (화봉동)","명절기간 휴무 , 휴가기간 휴무","송정약국","052-700-4189","1910","0900","1910","0900","1910","0900","1910","0900","1910","0900","1330","0900","1330","0900","1400","0900","C1700655","442","36","12498","35.59693980819367","129.3668634476791"
"부산광역시 해운대구 송정중앙로 29, 뉴송정하우스 1층 (송정동)","버스정류장: 동해의원","송정약국","051-703-4356","1830","0900","1830","0900","1830","0900","1830","0900","1830","0900","1700","0900","C1201093","480","70","12499","37.4964685427","129.1261873791"
"경기도 군포시 송부로34번길 35, 센트럴프라자 107호 (도마교동)","송정약국","031-406-9634","2030","0900","2030","0900","2030","0900","2030","0900","2030","0900","1430","0900","1330","0900","1300","0900","C2107934","158","85","12500","37.31626787846459","126.9194509642769"
