"경기 평택시 통복시장로21번길 19 (통복동)","경희당한약국","031-656-8004","1900","1000","1900","1000","1900","1000","1900","1000","1900","1000","1400","0900","C2109845","178","93","1","36.997313695692895","127.08432473020699"
"충청남도 서산시 지곡면 충의로 1192","전화문의 필요","(새)지곡백화점약국","041-662-2808","2200","0800","2200","0800","2200","0800","2200","0800","2200","0800","2200","0800","2200","0800","2200","0800","C2401824","319","19","2","36.8739362445295","126.438132686957"
"경기도 안양시 만안구 박달로 518 (박달동)","1(일)약국","031-468-3354","2000","0900","2000","0900","2000","0900","2000","0900","2000","0900","1700","0900","C2101741","140","09","3","37.40242465877038","126.9102104886459"
"경기도 남양주시 오남읍 양지로 47-63","1,2,3약국","031-529-8099","1800","0900","1800","0900","1800","0900","1800","0900","1800","0900","1300","0900","C2100016","120","48","4","37.68266991096422","127.20334826251477"
"경기도 고양시 덕양구 동세로 19, 아카메디 105호 (동산동)","1004약국","02-381-5052","1800","0900","1800","0900","1800","0900","1800","0900","1800","0900","C2108208","105","98","5","37.6445427586745","126.886335948466"
"서울특별시 강남구 헌릉로571길 7, 강남레체 1층 101호 (세곡동)","100세건강약국","02-445-1460","2000","0900","2000","0900","2000","0900","2000","0900","2000","0900","1600","0900","C1109587","063","76","6","37.4660448664795","127.101366881801"
"경기도 안양시 만안구 안양로 408, 1층 (안양동)","100세건강약국","031-465-1320","2100","0900","2100","0900","2100","0900","2100","0900","2100","0900","2000","0900","C2104424","139","89","7","37.40715413753811","126.91483549371"
"서울특별시 영등포구 양평로 24, (당산동6가)","당산역6번출구에서직진일산방향버스정류장앞/9호선8번출구앞","100세약국","02-2678-8217","1900","0830","1900","0830","1900","0830","1900","0830","1900","0830","1700","0830","C1104565","072","23","8","37.5332595787209","126.903741102981"
"충청북도 청주시 상당구 상당로 10, 1층 (서운동)","100세약국","043-223-2627","1800","0830","1800","0830","1800","0830","1800","0830","1800","0830","1300","0830","C2300100","287","15","9","36.629486336861184","127.49147819573254"
"인천광역시 남동구 남동대로 892, 1층일부 (간석동)","간석오거리4번출구와올리브백화점사이","100세약국","032-427-7585","2200","0830","2200","0830","2200","0830","2200","0830","2200","0830","1800","0900","2100","0900","C1400477","215","45","10","37.462085665425015","126.7086477914506"
"경기도 광명시 광명로 877, 상가동 제2-1층 4호 (광명동, 한진아파트)","한진APT상가B-2104호","100세약국","02-2619-0081","1900","1300","1900","1300","1900","1300","1900","1300","1900","1300","2100","0900","C2101306","142","87","11","37.47781496422565","126.85339210643109"
"경기도 화성시 정남면 만년로 540","정남농협옆","100세약국","031-353-7575","2000","0900","2000","0900","2000","0900","2000","0900","2000","0900","1700","0900","C2100791","185","16","12","37.16946363261152","126.98350647047596"
"강원특별자치도 원주시 평원로 58 (평원동)","c도로 버스정류장 근처","100약국","033-743-4795","1800","0800","1800","0800","1800","0800","1800","0800","1800","0800","1300","0800","C2200264","264","30","13","37.35105846395581","127.95108158901277"
"경기도 의정부시 동일로 732, 금오동 근린생활시설 1층 102호 (금오동)","100평 광장약국","031-844-1008","1800","0830","1800","0830","1800","0830","1800","0830","1800","0830","C2108696","117","58","14","37.7519573928855","127.049286104824"
"경기도 구리시 경춘로 170, 계성빌딩 1층 (교문동)","100평 우정약국","031-568-8277","1400","0900","1400","0900","1400","0900","1400","0900","1400","0900","1400","0900","C2107222","119","25","15","37.6002974737","127.1341546255"
"경기도 용인시 기흥구 동백중앙로 283, 골드프라자 B동 1009호 (중동)","10층비비약국","031-000-0000","1800","0900","1800","0900","1800","0900","1800","0900","1800","0900","1300","0900","C2110208","170","06","16","37.278013079108","127.153487824004"
"서울특별시 중구 을지로43길 5-6, 더 스텔라 팰리스 1층 101호 (을지로6가)","123약국","02-2272-2456","1730","0800","1730","0800","1730","0800","1730","0800","1730","0800","C1110695","045","64","17","37.5668029793759","127.00648219566"
"경기도 수원시 영통구 월드컵로 153 (원천동)","123약국","031-211-1230","1900","0830","1900","0830","1900","0830","1900","0830","1900","0830","1300","0900","C2104407","165","01","18","37.2773353936","127.0483270736"
"인천광역시 미추홀구 주안로 107, 금강메디컬센터 1층 105,106호 (주안동)","123약국","032-422-0320","2030","0830","2030","0830","2030","0830","2030","0830","2030","0830","1600","0830","C1402100","221","33","19","37.464285338792","126.681728788281"
"부산광역시 서구 까치고개로 216-1 (아미동1가)","1호선 토성역 8번출구","123약국","051-241-0123","1800","0800","1800","0800","1800","0800","1800","0800","1800","0800","C1200619","492","45","20","35.09960087201154","129.01947595071357"
"광주광역시 동구 동계로 71, 1층 (계림동)","전화연결이 안됨","123약국","062-710-9874","1900","0830","1900","0830","1900","0830","1900","0830","1900","0830","1330","0830","C1501426","614","13","21","35.1581635527172","126.92316646915"
"대전광역시 동구 용운로 167, 1층 (용운동)","123약국","042-300-0123","1910","0900","1910","0900","1910","0900","1910","0900","1910","0900","1310","0900","C1601386","345","24","22","36.3280280713828","127.461006493663"
"경기도 성남시 수정구 심곡로 13, 2층 (심곡동)","13약국","031-722-2213","1800","0900","1800","0900","1800","0900","1800","0900","1800","0900","1300","0900","C2110121","131","03","23","37.4492529760256","127.103647540429"
"서울특별시 중구 서소문로 116, 유원빌딩 1304호 (서소문동)","13층약국","070-7718-1316","1830","0900","1830","0900","1830","0900","1830","0900","1830","0900","C1108718","045","13","24","37.5627316675026","126.974007434429"
"서울특별시 마포구 백범로 152, 201동 14호 (공덕동, 공덕파크자이)","152약국","02-717-0152","2000","1000","2000","1000","2000","1000","2000","1000","2000","1000","1500","1000","C1110181","041","48","25","37.5447477438441","126.948258201287"
"세종특별자치시 마음로 78, 세종 스마트큐브Ⅱ 2층 205호 (고운동)","일요일 및 공휴일 휴무","종촌동","153약국","044-864-1531","1830","0900","1830","0900","1300","0900","1830","0900","1830","0900","1300","0900","C1800218","300","63","26","36.50248393526702","127.2500950937859"
"부산광역시 기장군 정관읍 정관로 579, 108호","점심시간없음","버스정류장: 정관온천입구","153옵티마약국","051-727-7518","2000","0830","2000","0830","2000","0830","2000","0830","2000","0830","1500","0830","C1201231","460","15","27","35.32137116664782","129.17718763402027"
"서울특별시 중구 명동길 74, 카톨릭회관 신관 B113호 (명동2가)","1898광장약국","02-0000-0000","2000","0900","2000","0900","2000","0900","2000","0900","2000","0900","2000","0900","2000","0900","2000","0900","C1109946","045","37","28","37.5636758699882","126.986775823267"
"경기도 화성시 동탄중앙로 381-13, 101호 (석우동, 성심제일프라자)","1등약국","031-8015-5105,7","2130","0830","2130","0830","2130","0830","2130","0830","2130","0830","2130","0830","2100","0900","2100","0900","C2103917","184","50","29","37.216398563621986","127.07900286876557"
"경기도 안양시 만안구 현충로48번길 57 (안양동)","두번째주 토요일 휴무","1번약국","031-466-0521","1800","0830","1800","0830","1800","0830","1800","0830","1800","0830","1400","0830","C2106415","430","823","30","37.39304224065083","126.92423837218172"
"경상북도 포항시 남구 포스코대로353번길 7, 1층 (대도동)","1번약국","054-726-0048","1800","0900","1800","0900","1800","0900","1800","0900","1800","0900","1300","0900","C2701808","378","16","31","36.0178904971546","129.362500587799"
"울산광역시 동구 방어진순환도로 863, 상가동 403,404호 (전하동, 스위첸 웰츠타워 1차)","1번약국","052-233-0202","1830","0840","1830","0840","1830","0840","1830","0840","1830","0840","C1700700","440","33","32","35.5178023584309","129.429982200139"
"서울특별시 관악구 남부순환로 1832 1층","1번약국","02-872-7583","2100","0900","2100","0900","2100","0900","2100","0900","2100","0900","1800","0900","1700","0930","C1104416","087","88","33","37.48072166454232","126.95343600937005"
"경상남도 양산시 물금읍 화합1길 5, 1층 (물금읍)","1번약국","055-367-1117","1800","0900","1800","0900","1800","0900","1800","0900","1800","0900","C2802083","506","10","34","35.32923451706047","129.00826085193975"
"서울특별시 구로구 구로동로 132 (구로동)","일요일은 격주로 운영","구로4동 우체국 옆","1번약국","02-851-1155","1830","0830","1830","0830","1830","0830","1830","0830","1830","0830","1500","0900","1800","1000","C1102116","083","11","35","37.49042981931157","126.88426473509466"
"경상남도 김해시 활천로 37 (삼정동)","1번약국","055-337-3666","1800","0815","1800","0815","1800","0815","1800","0815","1800","0815","1300","0815","C2802189","509","23","36","35.2310303167298","128.893395808861"
"경상북도 경주시 동대로 116, 101호 (석장동)","1번약국","054-777-0223","1800","0830","1800","0830","1800","0830","1800","0830","1800","0830","1300","0900","C2701708","380","67","37","35.8597389032156","129.196436180348"
"서울특별시 노원구 동일로 1343, 동일프라자빌딩 108호 (상계동)","상계백병원 맞은편","1번약국","02-936-0811","1830","0900","1830","0900","1830","0900","1830","0900","1830","0900","1400","0900","C1102167","017","67","38","37.64850481619742","127.06201697597155"
"부산광역시 동래구 충렬대로181번길 21, 명륜빌딩 1층 (명륜동)","1번약국","070-5157-9690","1800","0900","1800","0900","1800","0900","1800","0900","1800","0900","1300","0900","C1203000","477","36","39","35.2046970349319","129.079745964839"
"경상남도 진주시 범골로 9, 1층 103호 (충무공동)","1번약국","055-752-3006","1800","0900","1800","0900","1800","0900","1800","0900","1800","0900","1400","0900","C2802403","528","18","40","35.1657434037745","128.12876938926"
"서울특별시 노원구 화랑로 337, 102호 (월계동)","1번출구새싹약국","02-919-7167","1930","0830","1930","0830","1930","0830","1930","0830","1930","0830","1500","0900","C1109967","018","95","41","37.61511930593836","127.06523141248984"
"대구광역시 동구 율하동로23길 2, 1층 (신기동)","1층가까운약국","053-242-1330","1800","0900","1800","0900","1800","0900","1800","0900","1800","0900","C1301822","411","19","42","35.8700430535213","128.701766555482"
"서울특별시 금천구 시흥대로 214, 비즈메드빌딩 1층 102호 (시흥동)","1층메디컬약국","02-891-1112","1900","0800","1900","0800","1900","0800","2000","0800","1900","0800","1530","0800","1330","0900","C1109171","086","28","43","37.45301530107875","126.90158037766922"
"경기도 수원시 장안구 서부로 2139, SK HUB BLUE 1층 1004호 (율전동)","1층문약국","031-302-2002","1800","0900","1800","0900","1800","0900","1800","0900","1800","0900","1300","0900","C2110250","163","60","44","37.2994565096042","126.971691058764"
"인천광역시 미추홀구 경인로 372, 포레나 미추홀 201동 1017호 (주안동, 포레나 미추홀)","매달 4번째 일요일 정기 휴무","1층바로약국","032-433-2990","2000","0810","1930","0810","1930","0810","1930","0810","2000","0810","1900","0800","1600","0900","C1402067","221","48","45","37.4580182017435","126.681163207516"
"부산광역시 해운대구 해운대로 794, 엘리움 107호 (좌동)","2호선 장산역 11, 13번출구","1층약국","051-930-0617","1930","0900","1930","0900","1930","0900","1930","0900","1930","0900","1600","0900","C1202388","481","04","46","35.1687929787","129.1757404751"
"서울특별시 강서구 강서로 391, 1층 108호 (마곡동)","1층약국","02-3665-3009","1900","0900","1900","0900","2000","0900","1900","0900","1900","0900","1500","0900","C1110874","078","03","47","37.5605448342463","126.838427628497"
"경기도 안성시 남파로 75, 1층 8호 (당왕동)","1층약국","031-000-0000","1800","0900","1800","0900","1800","0900","1800","0900","1800","0900","1300","0900","C2110226","175","68","48","37.0167484009812","127.25837817936"
"서울특별시 강남구 강남대로 624, ICT TOWER 1층 일부호 (신사동)","신사역 6번 출구에서 30초(70m) 정도 직진하시면 ICT타워 1층에 1층엔약국이 있습니다.","1층엔약국","02-518-3014","2000","0900","2000","0900","2000","0900","2000","0900","2000","0900","1600","0830","C1108823","060","35","49","37.51746551535673","127.01945594730732"
"서울특별시 강동구 천호대로 1006, 브라운스톤천호 105호 (성내동)","1층천호약국","02-478-1178","1930","1000","1930","1000","1930","1000","1930","1000","1930","1000","1500","1000","C1108656","053","78","50","37.538062334891386","127.12366973237368"
"서울특별시 중랑구 망우로 407, 국민은행 1층 102호 (망우동)","1층푸른약국","02-434-2122","2000","0900","1900","0900","1900","0900","2000","0900","1900","0900","1430","0900","1430","0900","1900","0900","C1110639","020","73","51","37.599500970943815","127.0974515472051"
"서울특별시 노원구 한글비석로 383, 1층 일부호 (중계동, 삼창타워프라자)","1층호약국","02-933-9487","1900","0800","1900","0800","1900","0800","1900","0800","1900","0800","1500","0800","C1107724","016","99","52","37.65897948781038","127.07254840754679"
"서울특별시 강서구 화곡로 173 , 1층","일요일 및 공휴일 휴무 - 네이버에서 확인 부탁드립니다","처방전 조제 및 일반의약품과 동물의약품, 건강기능식품, 의약외품, 의료기기 등 판매","화곡역 2번 출구 바로 앞","21C세계로약국","02-2607-0624","2000","0900","2000","0900","2000","0900","2000","0900","2000","0900","1700","0900","C1104730","077","02","53","37.54196839757879","126.84079097933291"
"울산광역시 남구 삼산중로 125 (삼산동)","한달에 1~2회 토요일 휴무이므로 방문전 전화 확인 요망","남구 보건소 앞","21세기건강약국","052-258-6028","1930","0900","1930","0900","1930","0900","1930","0900","1930","0900","1200","0900","C1700012","447","00","54","35.54478907064591","129.3354548188568"
"광주광역시 북구 면앙로32번길 1, (문흥동)","공휴일 비정기적 운영으로 유선연락 후 방문 요함","전남대후문 ~무등도서관사이 우산주공1~2차정문앞","우산주공(현뜰안채)1.2차아파트정문앞","21세기건강약국","062-261-5627","2200","0900","2200","0900","2200","0900","2200","0900","2200","0900","2200","0900","2200","0900","C1500567","611","88","55","35.179438888888889","126.915791666666664"
"전북특별자치도 전주시 덕진구 송천중앙로 39 (덕진동2가)","21세기병원 옆","21세기건강약국","063-251-0671","1800","0900","1800","0900","1800","0900","1800","0900","1800","0900","1200","0900","C2500228","561","851","56","35.850650000000002","127.119452777777781"
"광주광역시 광산구 임방울대로 166 (운남동)","광주21세기병원 옆","21세기건강약국","062-955-7336","1800","0900","1800","0900","1800","0900","1800","0900","1800","0900","1230","0900","C1500494","623","19","57","35.17614285549697","126.8179973713469"
"서울특별시 성북구 고려대로 80 (안암동5가)","21세기고려약국","02-929-9696","1800","0830","1800","0830","1800","0830","1800","0830","1800","0830","C1104797","028","55","58","37.5861158573684","127.028160701229"
"인천광역시 남동구 독점로29번길 30, 103,105호 (구월동)","길병원 후문 맞은편.","21세기길약국","032-465-0129","2000","0800","2000","0800","2000","0800","2000","0800","2000","0800","2000","0800","C1400103","215","65","59","37.452522222222221","126.709194444444449"
"경기도 오산시 대원로 1 (오산동)","설연휴기간 14:00~21:00 운영합니다.","전국 병,의원 처방약 구비.1000여종의 일반약,한방약 완비.","21세기동규약국","031-374-2943","2100","0830","2100","0830","2100","0830","2100","0830","2100","0830","2100","0830","2100","1200","2100","1200","C2100921","181","38","60","37.1466046332","127.0686488763"
"인천광역시 부평구 길주로 623, 지하2층 (삼산동)","2,4주 일요일 휴무 13:00 ~ 13:50 휴게시간","롯데마트 지하2층","21세기맑은약국","050-71345-2201","2050","1000","2050","1000","2050","1000","2050","1000","2050","1000","1900","1000","1900","1000","2200","1000","C1400482","213","44","61","37.507484172829415","126.73176027783694"
"서울특별시 성동구 무수막길 97 (금호동2가)","21세기메디칼약국","02-2252-6626","2100","0830","2100","0830","2100","0830","2100","0830","2100","0830","2100","0830","C1102117","047","26","62","37.55436593056281","127.01984749091731"
"서울특별시 강동구 천호대로 1199 (길동)","휴게시간 13:00~14:00","21세기메디칼약국","02-487-9366","1900","0900","1900","0900","1900","0900","1900","0900","1900","0900","1300","0900","C1103673","053","50","63","37.53511296671292","127.14427094730057"
"전북특별자치도 김제시 서낭당길 3, (요촌동)","박약국 사거리","21세기박약국","063-547-2386","2100","0900","2100","0900","2100","0900","2100","0900","2100","0900","2000","0900","2000","0900","2000","0900","C2500361","543","91","64","35.801222222222222","126.884847222222220"
"경기도 성남시 분당구 야탑로81번길 10, 303-1호 (야탑동, 아미고타워)","21세기분당종로약국","031-622-1100","1800","0900","1800","0900","1800","0900","1800","0900","1800","0900","1300","0900","1300","0900","C2100931","134","97","65","37.41059594681099","127.12820195358836"
"서울특별시 노원구 동일로 1548 (상계동)","매달 2,4,5번째 일요일 정기휴무","마이타민, 리퀴드씨엠 취급약국 아워팜 취급약국","마들역 1번 출구 전방 50m 세일빌딩 1층","21세기상계약국","02-937-2288","2000","0900","2000","0900","2000","0900","2000","0900","2000","0900","1700","0900","1500","0900","C1103965","016","74","66","37.66663031861707","127.05757488211216"
"경기도 성남시 중원구 산성대로372번길 14","성남시단대오거리역(8호선)2번출구","21세기세계로약국","031-743-0624","2030","0830","2030","0830","2030","0830","2030","0830","2030","0830","2000","0830","1900","0930","2000","0930","C2101293","131","80","67","37.44476538673568","127.15859472178548"
"경기도 수원시 장안구 만석로19번길 25-10, 롯데마트 1층 (천천동)","21세기약국","031-269-5640","2100","1000","2100","1000","2100","1000","2100","1000","2100","1000","2100","1000","2100","1000","C2101515","163","29","68","37.295875772920674","126.9825335323051"
"경상북도 구미시 신시로 78, 1층 (송정동)","형곡네거리전자랜드옆","21세기약국","054-452-2121","2330","0900","2330","0900","2330","0900","2330","0900","2330","0900","2330","0900","2330","1030","2330","0900","C2700229","392","87","69","36.11669819308311","128.33932170137365"
"서울특별시 광진구 용마산로 49, (중곡동)","21세기약국","02-2201-9469","2000","0900","2000","0900","2000","0900","2000","0900","2000","0900","1800","0900","C1102120","049","23","70","37.55800890949335","127.08761331665494"
"강원특별자치도 춘천시 보안길 64-1 (후평동)","신한은행 뒤편","21세기약국","033-255-0990","1900","0900","1900","0900","1900","0900","1900","0900","1900","0900","1300","0900","C2200564","243","02","71","37.880232562439524","127.7506472831573"
"서울특별시 관악구 신림로 357, 1층 (신림동)","신림역 7번 출구 전방 250m","21세기약국","02-888-2272","1300","0900","1900","0900","1900","0900","1900","0900","1900","0900","1300","0900","C1102118","087","60","72","37.487390520438304","126.92905950374876"
"서울특별시 영등포구 여의대방로 177 (신길동)","보라매역 6번 출구 서울공고 맞은편","21세기약국","02-2678-2854","2100","0900","2100","0900","2100","0900","2100","0900","2100","0900","2100","0900","C1103273","073","91","73","37.50294140367034","126.92117627558207"
"전라남도 순천시 팔마로 22","공용버스터미널 맞은편 사거리","21세기약국","061-743-0307","1900","0830","1900","0830","1900","0830","1900","0830","1900","0830","1600","0830","C2600039","579","59","74","34.94642079257317","127.49071895280085"
"광주광역시 서구 금화로 240, 월드컵경기장 2층 (풍암동)","마트 휴무일 휴진","21세기약국","062-652-8825","2100","1000","2100","1000","2100","1000","2100","1000","2100","1000","2100","1000","2100","1000","2100","1000","C1501174","620","48","75","35.1333039245","126.8768574443"
"부산광역시 동래구 중앙대로 1393, 1층 (온천동)","주말 유선문의 후 방문요망","21세기약국","051-557-7002","2100","0900","2100","0900","2100","0900","2100","0900","2100","0900","2030","1000","2030","1000","C1200574","477","27","76","35.2117079891013","129.077479742123"
"대구광역시 달서구 성지로 78 (용산동)","21세기약국","053-588-3377","0800","0900","0800","0900","0800","0900","0800","0900","0800","0900","1300","0900","1700","1000","1300","0900","C1300801","426","17","77","35.85621669323774","128.521340297085"
"인천광역시 남동구 만수로 47, 102호 (만수동)","만수시장 옆","21세기약국","032-467-7582","2200","0900","2200","0900","2200","0900","2200","0900","2200","0900","2200","0900","C1400102","215","24","78","37.460544247","126.7335474398"
"경기도 수원시 팔달구 정조로 775, 102호 (팔달로3가)","21세기약국","031-242-3991","2000","0900","2000","0900","2000","0900","2000","0900","2000","0900","2000","0900","C2107378","162","61","79","37.2771891829","127.0161104972"
"인천광역시 계양구 경명대로 1055","계산삼거리 우체국 옆","21세기약국","032-554-4577","2100","0900","2100","0900","2100","0900","2100","0900","2100","0900","1630","0900","C1400031","210","39","80","37.54373717014519","126.72427015305843"
"경상북도 영주시 구성로 333 (영주동)","21세기약국","054-632-7677","1800","0900","1800","0900","1800","0900","1800","0900","1800","0900","1300","0900","C2700116","361","00","81","36.82192904909673","128.62435117465816"
"경기도 성남시 분당구 서현로321번길 10, 1층 (서현동)","21세기연세약국","031-707-7990","1800","0830","1800","0830","1800","0830","1800","0830","1800","0830","C2106841","135","77","82","37.37997748602523","127.13604194019257"
"부산광역시 남구 수영로 43","버스정류장: 문현로타리","21세기우리네약국","051-646-8260","1930","0900","1930","0900","1930","0900","1930","0900","1930","0900","1630","0900","C1201048","484","21","83","35.13666745449896","129.07267868331286"
"경기도 수원시 권선구 정조로 523, 1층 (세류동)","세류사거리남문방향50m","21세기정약국","031-234-3847","2030","0830","2030","0830","2030","0830","2030","0830","2030","0830","C2100879","165","87","84","37.2549339624815","127.01161041301799"
"전북특별자치도 전주시 덕진구 기린대로 400-8","구 남도주위소 근처 원룸옆","21세기종합약국","063-274-4949","1900","0900","1900","0900","1900","0900","1900","0900","1900","0900","1900","0900","C2500422","549","31","85","35.83801444882716","127.13285261246858"
"경기도 남양주시 별내면 청학로중앙길 9 (청화빌딩 1층)","추석 당일 및 다음날, 설 당일 및 다음날 휴업","21세기청학보건당약국","031-821-1653","2200","0900","2200","0900","2200","0900","2200","0900","1900","0900","2200","0900","2200","0900","2200","0900","C2104282","472","811","86","37.70868571426853","127.11840590921338"
"대구광역시 중구 동성로2길 95, 동성로 엔터테인먼트몰 1층 (동성로2가)","228약국","053-422-2228","2030","0900","2030","0900","2030","0900","2030","0900","2030","0900","1730","0900","C1301669","419","38","87","35.870189921818","128.596901118103"
"광주광역시 광산구 장덕로95번길 16, 207동 107호 (장덕동, 수완2차숲안애)","처방전은 받지 않음","24시새벽약국","062-954-4500","0200","1200","0200","1200","0200","1200","0200","1200","0200","1200","0200","1200","0200","1200","0200","1200","C1501183","622","22","88","35.19603981000547","126.82027444037035"
"경상남도 통영시 안개로 9, 102호 (무전동)","무전동한일의원옆","24시약국","055-642-4006","2400","0900","2400","0900","2400","0900","2400","0900","2400","0900","2400","0900","2400","1400","2000","0900","C2800524","530","37","89","34.8576038333","128.4294032738"
"부산광역시 동구 조방로 45","점심시간 13:00-13:30","1호선 범일역 6번출구","25시약국","051-642-1253","1900","0900","1900","0900","1900","0900","1900","0900","1900","0900","1500","0900","C1200155","487","38","90","35.1404976138","129.0602743665"
"경기도 화성시 동탄순환대로 685, 111호 (영천동)","2동탄약국","031-375-1119","2100","0900","2100","0900","2100","0900","2100","0900","2100","0900","C2108023","184","72","91","37.20597375717093","127.11093260836851"
"서울특별시 성북구 길음로 11, 근린생활시설동2층 226호 (길음동, 길음역롯데캐슬트윈골드아파트)","먹는 치료제 조제기관","삼부아파트상가 102동 304-1호","2층다온약국","02-915-0022","1900","0900","1900","0900","1900","0900","1900","0900","1900","0900","1600","0900","1200","0900","C1102123","027","22","92","37.603785604914","127.023437392228"
"서울특별시 강동구 양재대로 1360, 포레온스테이션5 2층 47,48호 (둔촌동)","2층루마약국","070-4779-0088","2030","0900","1900","0900","1900","0900","2030","0900","1900","0900","1400","0900","C1110759","054","09","93"
"경기도 안양시 동안구 평촌대로217번길 45, 평촌코아주차빌딩 211호 (호계동)","2층리본약국","031-381-6366","2000","1000","2000","1000","2000","1000","2000","1000","2000","1000","1600","0900","C2108576","140","72","94","37.3899740797681","126.953529121118"
"서울특별시 중구 다산로11길 3, 약수JK빌딩 2층 (신당동)","3호선 약수역 9번 출구","2층바른약국","02-2233-6267","1900","0900","1900","0900","2000","0930","1900","0900","1900","0900","1500","0900","C1104110","045","98","95","37.55440770524547","127.01017414361388"
"서울특별시 양천구 월정로 50, 209호 (신월동, 청솔아파트)","청솔아파트 상가 2층 207호","2층소망약국","02-2608-8096","1800","0900","1800","0900","1300","0900","1800","0900","1800","0900","1300","0900","C1102165","079","36","96","37.52426776361264","126.84210692705403"
"경기도 성남시 분당구 정자일로 121 (정자동, 더샵스타파크)","2층스마일약국","031-604-2609","1800","0900","1800","0900","1800","0900","1800","0900","1800","0900","1300","0900","C2110204","135","60","97","37.3613376767451","127.105543131014"
"서울특별시 은평구 통일로 1034, 2층 210호 (진관동, 은평 스카이뷰 자이)","2층스타약국","02-357-8889","1900","0900","1900","0900","1900","0900","1900","0900","1900","0900","1400","0900","C1109712","033","06","98","37.6347957112726","126.9184399491196"
"서울특별시 용산구 한강대로 69, 상가동 2층 222-2호 (한강로2가, 용산푸르지오써밋)","휴게시간 14:00~15:00","2층써밋약국","02-797-8920","1900","0900","1900","0900","1900","0900","1900","0900","1900","0900","1300","0900","C1108226","043","78","99","37.5273752864859","126.96524617724579"
"경기도 안양시 동안구 경수대로 428, 214호 (호계동, 덕유파크)","2층약국","031-427-1350","1800","0900","1800","0900","1800","0900","1800","0900","1800","0900","C2108192","141","26","100","37.3622634561028","126.962526814593"
"서울특별시 강남구 개포로 303, 상가동 2층 207호 (개포동, 현대1차아파트)","휴게시간 13:00~14:00","2층약국","02-2057-2003","1720","0930","1720","0930","1310","0930","1720","0930","1720","0930","C1109868","063","20","101","37.4828080255625","127.05575453697789"
"경기도 용인시 기흥구 흥덕2로87번길 18, 이씨티 C동 207호 (영덕동)","2층약국","031-831-1171","1900","0900","1900","0900","1900","0900","1900","0900","1900","0900","1300","0900","C2103225","169","54","102","37.27125694672194","127.12813874917594"
"인천광역시 연수구 아트센터대로168번길 101, 송도랜드마크푸르지오시티 251호 (송도동)","2층약국","032-6469-8318","2100","0900","2100","0900","2100","0900","2100","0900","2100","0900","1430","0900","1430","0900","C1402019","220","06","103","37.40449268071607","126.62823918398274"
"경기도 남양주시 다산중앙로123번길 22-30, 다산 헤리움 그랑비스타 2차 214호 (다산동)","2층엔약국","031-565-8875","1800","0900","1800","0900","1800","0900","1800","0900","1800","0900","1300","0900","C2108720","122","48","104","37.625494450757","127.152104609791"
"서울특별시 구로구 개봉로24길 46, 209호 (개봉동, 신영지웰 에스테이트 개봉역)","2층엔약국","02-2617-6311","1830","0930","1830","0930","1300","0930","1830","0930","1830","0930","1300","0930","C1110600","082","77","105","37.4955704479805","126.857645011702"
"부산광역시 수영구 수영로 389, 상가동 213호 (남천동, 더샵 남천프레스티지)","2층엔약국","050-71329-4212","1900","0900","1900","0900","1900","0900","2030","0900","1900","0900","1400","0900","C1202912","483","18","106","35.1423137657431","129.105669413733"
"경기도 의정부시 호동로 67, 화성프라자 2층 207호 (호원동)","2층우리약국","031-855-8454","1930","0900","1930","0900","1930","0900","1930","0900","1930","0900","1500","0900","C2107664","116","31","107","37.7279302611","127.0433005304"
"서울특별시 동작구 현충로 75, 원불교100년기념관 (흑석동)","2층은약국","02-6484-8248","1930","0900","2100","0900","1930","0900","2100","0900","2030","0900","1500","0900","C1108799","069","04","108","37.50967467475618","126.96390279018924"
"서울특별시 서초구 서초중앙로 230, 2층 208호 (반포동, 동화반포프라자상가)","공휴일 운영 불규칙으로 전화 확인 필요","공휴일운영 불규칙으로 전화확인 필요","2층은약국","02-535-5524","1800","0900","1800","0900","1800","0900","1800","0900","1800","0900","1300","0900","C1106975","065","99","109","37.50219448230216","127.01197654138782"
"서울특별시 영등포구 여의대방로 383, 경도빌딩 2층 215,216호 (여의도동)","2, 4주 토요일 휴무","2층정약국","02-780-0304","1830","0830","1830","0830","1930","0830","1830","0830","1800","0830","1300","0900","C1109972","073","33","110","37.5193436883433","126.931504190261"
"경기도 안산시 단원구 광덕동로 101, 두일빌딩 204호 (고잔동)","2층종로약국","031-482-3300","1800","0900","1800","0900","1800","0900","1800","0900","1800","0900","1300","0900","C2110128","154","62","111","37.3136011108716","126.832667820336"
"서울특별시 은평구 통일로 856, 메트로타워 2층 2101~2103호 (불광동)","2층종로약국","02-525-5603","2000","0900","2000","0900","2000","0900","2000","0900","2000","0900","1400","0900","C1109266","033","45","112","37.61958232594231","126.92142142570586"
"서울특별시 영등포구 영중로 12, 에쉐르아이 시네마 쇼핑몰 지상 2층 (영등포동3가)","점심시간 13:30~14:30","2층초록약국","02-2634-2346","2000","0900","2000","0900","2000","0900","2000","0900","2000","0900","1400","0900","C1110332","073","04","113","37.51753138636801","126.90639080489109"
"경기도 고양시 덕양구 권율대로 512, 원흥퍼스트푸르지오시티 209호 (도내동)","2층푸른약국","031-969-3545","1800","0900","1800","0900","1800","0900","1800","0900","1800","0900","C2108880","105","51","114","37.6362669470587","126.870344396967"
"경상남도 창원시 의창구 북면 동곡로 9, 2층 202호","2층하늘약국","055-294-7277","1900","0830","1900","0830","1900","0830","1900","0830","1900","0830","1600","0900","C2801926","511","06","115","35.3172244387","128.5852851528"
"서울특별시 마포구 월드컵북로 230, 201호 (중동, 현대상가)","현대상가 201호","2층하늘약국","02-303-4290","1800","0900","1800","0900","1800","0900","1800","0900","1800","0900","1300","0900","C1104164","039","41","116","37.5701416409399","126.903831982249"
"서울특별시 송파구 오금로 20, 잠실나루역 1층 002호 (신천동)","2호선아산나나약국","02-417-3222","1830","0830","1830","0830","1830","0830","1830","0830","1830","0830","C1109202","055","04","117","37.52103470719123","127.10359652793409"
"경기도 하남시 신평로 57 (신장동)","365 상록수약국","031-795-0056","0900","0830","0900","0830","0900","0830","0900","0830","0900","0830","0900","0830","C2100937","129","68","118","37.538899415600824","127.20490703177376"
"서울특별시 양천구 등촌로 32, 목동태영프라자 102호 (목동)","26년 설날운영시간 2.14 08시-22시 2.15 09시-21시 2.16 09시-21시 2.17 09시-24시 2.18 09시-18시","365일 연중무휴 약국입니다. 양약,한약,건강기능식품,식품,의료기기 등 건강에 도움되는 모든 것을 다루며 개개인의 건강과상황에 따른 차별화된 상담을 해드립니다. 어느 약국보다 다양한 반려동물약이 구비되어있습니다. 합리적인 가격으로 부담을 덜어드리고자 노력중이니 언제든 문의주세요.","목동역 3번 출구, 목동사거리 인근","365 새누리약국","02-2648-1858","2100","0800","2100","0800","2100","0800","2100","0800","2100","0800","2200","0800","2100","0900","2100","0900","C1103221","079","65","119","37.532834274482596","126.864029366128"
"경기도 용인시 수지구 성복2로 38, 성복역 롯데캐슬 골드타운 지상2층 약국코너호 (성복동)","365 열린큰약국","031-000-0000","1800","0900","1800","0900","1800","0900","1800","0900","1800","0900","C2108771","168","47","120","37.3127975899328","127.081666875865"
"광주광역시 북구 군왕로 297, 365 열시약국 (각화동)","365일 연중무휴로 운영 중인 약국입니다. 아침 10시부터 밤 10시까지 열려있습니다.","365 열시약국","050-71338-9934","2200","1000","2200","1000","2200","1000","2200","1000","2200","1000","2200","1000","2200","1000","2200","1000","C1501361","611","37","121","35.1870944171853","126.935854234185"
"전라남도 나주시 전력로 2 이화플라자 1층","*공공심야약국(반딧불약국)","한전 맞은편 위치 연중 무휴 밤 10시 까지 운영","365 우리약국","061-333-8228","2400","0800","2400","0800","2400","0800","2400","0800","2400","0800","2400","0900","2400","0900","2400","0900","C2601029","582","17","122","35.02157245816932","126.78538371873425"
"서울특별시 강서구 강서로56길 17, 지하1층 (등촌동)","백화점 휴무일만 휴무","365 코끼리약국","02-2667-9852","2130","1000","2130","1000","2130","1000","2130","1000","2130","1000","2130","1000","2130","1000","2130","1000","C1110373","075","84","123","37.559933531546","126.840498784915"
"인천광역시 미추홀구 주안로 219, 브라이튼빌딩 1층 (주안동)","365간석매일약국","032-421-0365","2100","0900","2100","0900","2100","0900","2100","0900","2100","0900","2100","0900","2100","0900","C1402189","221","42","124","37.46387545109901","126.69431491042901"
"서울특별시 강남구 강남대로 지하396, 강남역 103-104호 (역삼동)","365강남역약국","02-554-5628","2300","0730","2300","0730","2300","0730","2300","0730","2300","0730","2300","0900","2300","0900","C1109914","062","32","125","37.4981646510326","127.028307900881"
"인천광역시 계양구 장제로 867 (임학동)","임학역","365건강약국","032-555-1801","1300","0900","1300","0900","1300","0900","1300","0900","1300","0900","1600","0900","1300","0900","1800","0900","C1400782","210","34","126","37.54474048491267","126.73806401705177"
"제주특별자치도 제주시 서광로 301, 1층 (이도일동)","365건강온누리약국","064-755-3157","2000","0800","2000","0800","2000","0800","2000","0800","2000","0800","1400","0800","1200","0800","C2900514","631","98","127","33.50071307759323","126.52820314080192"
"인천광역시 서구 발산로5번길 12, 인천검단 엔젤리움1차 윈팰리스 107호 (원당동)","365검단우리약국","032-710-6057","2100","0800","1800","0900","2100","0800","2100","0800","2100","0800","1800","0900","C1402032","228","66","128","37.5933362596023","126.711071206944"
"대구광역시 북구 대학로 79, 1층 (산격동)","365경북대야간약국","070-4647-0033","1800","0900","1800","0900","1800","0900","1800","0900","1800","0900","C1301922","415","44","129","35.8925113764702","128.608949843255"
"서울특별시 서초구 서초중앙로22길 25, 118호 (서초동, 서초리시온)","365고운약국","02-582-4815","2030","1100","2030","1100","2030","1100","2030","1100","2030","1100","1500","1000","C1110242","066","34","130"
"광주광역시 서구 상무대로 879, 두왕빌딩 1층 (쌍촌동)","9월중 개원","365광주제일큰약국","062-373-1727","2400","0800","2400","0800","2400","0800","2400","0800","2400","0800","2400","0800","2400","0800","2400","0800","C1501448","619","65","131"
"경기도 수원시 장안구 경수대로 979, 2층 (송죽동)","365구름약국","031-309-8117","2300","1300","2300","1300","2300","1300","2300","1300","2300","1300","2300","1300","2300","1300","2300","1300","C2109679","163","03","132","37.3045310476513","127.003782171067"
"서울특별시 은평구 통일로 739, 1층 (대조동)","365구생약국","02-353-1144","2030","0900","2030","0900","2030","0900","2030","0900","2030","0900","2030","0900","1600","0900","1600","0900","C1108864","033","96","133","37.61126861746648","126.92877211511485"
"서울특별시 금천구 시흥대로62길 29, 1층 (시흥동)","추석 설날 명절 휴일 없이 운영합니다.","365그랜드약국","02-896-1223","2130","0930","2130","0930","2130","0930","2130","0930","2130","0930","2130","0930","2130","0930","2130","1230","C1109521","086","26","134","37.4558716024234","126.90168965796845"
"인천광역시 부평구 마장로 314, 성수빌딩 101호 (산곡동)","365그랜드온누리약국","032-710-3657","0100","0900","0100","0900","0100","0900","0100","0900","0100","0900","0100","0900","0100","0900","0100","0900","C1402077","213","62","135","37.5060324730627","126.703643583072"
"경기도 성남시 분당구 성남대로 165, 천사의도시1 오피스텔 2층 231호 (금곡동)","365그린약국","031-717-2267","2200","0900","2200","0900","2200","0900","2200","0900","2200","0900","2200","0900","2200","0900","2200","0900","C2108156","136","15","136","37.3507623373463","127.10830898782"
"서울특별시 강서구 강서로 43, B104호 (화곡동, 도양라비앙타워)","까치산역 3번 출구","365그린약국","02-2602-8006","2100","0900","2100","0900","2100","0900","2100","0900","2100","0900","1500","0900","1300","0900","C1103638","077","74","137","37.531538016697546","126.84660860156359"
"부산광역시 동래구 사직북로19번길 6 (사직동)","사직주공 사거리","365김해약국","051-501-8891","2100","0900","2100","0900","2100","0900","2100","0900","2100","0900","2030","0900","2000","1500","2000","1500","C1200900","478","64","138","35.197652777777776","129.060030555555556"
"경기도 수원시 팔달구 정조로 789(팔달로2가)","365남문약국","031-251-5558","1800","0900","1800","0900","1800","0900","1800","0900","1800","0900","1300","0900","C2109282","162","61","139","37.278567811557","127.016492926199"
"경기도 평택시 중앙로 2 (통복동)","* 공공심야약국(22시~익일 새벽 1시까지)","365연중무휴 야간, 주말, 공휴일도 운영합니다","365녹십자약국","031-652-3307","2500","2200","2500","2200","2500","2200","2500","2200","2500","2200","2500","2200","2500","2200","2500","2200","C2100686","179","11","140","36.99532595182089","127.08370283274093"
"인천광역시 남동구 청능대로 575, 1층 일부(124,125)호 (논현동)","365논현약국","032-421-9957","2200","0900","2200","0900","2200","0900","2200","0900","2200","0900","2130","0900","2130","0900","C1402132","216","53","141","37.4011109006904","126.722683861291"
"서울특별시 강남구 학동로 지하102, 논현역 지하층 208호 (논현동)","365논현역약국","02-3443-0365","1930","0800","1930","0800","1930","0800","1930","0800","1930","0800","1700","1000","1700","1000","1700","1000","C1110777","061","10","142","37.511209905317216","127.02169666040876"
"경기도 안양시 동안구 경수대로 876, 1층 일부(4,5)호 (비산동)","365달빛약국","031-385-3856","1800","0900","1800","0900","1800","0900","1800","0900","1800","0900","1300","0900","C2109836","139","54","143","37.3965495949408","126.939115023375"
"광주광역시 동구 백서로 157(서석동)","365대기없는약국","070-4833-4222","1900","0830","1900","0830","1900","0830","1900","0830","1900","0830","1900","0830","1900","0830","1900","0830","C1501354","614","68","144","35.1432734896692","126.92226494721"
"강원특별자치도 춘천시 동내면 영서로 1794, 1층","유선전화 없음. 핸드폰으로 문의 010-8289-2115","365대형약국","033-000-0000","2100","0900","2100","0900","2100","0900","2100","0900","2100","0900","2100","0900","2100","0900","2100","0900","C2201158","244","08","145","37.836898048809395","127.759828549762"
"경기도 수원시 영통구 광교호수공원로 20, 제판매시설동 제지2층 제B2-20B호 (원천동, 더샵 광교레이크시티)","365돌고래약국","031-546-0640","2100","0900","2100","0900","2100","0900","2100","0900","2100","0900","2100","0900","2100","0900","C2109931","165","15","146","37.2710166171311","127.060226893407"
"경기도 구리시 체육관로 162 (수택동, 온누리약국)","공휴일, 일요일만 오후 2시 ~ 오후 9시 월~토요일 오전 9시 ~ 오후 10시","공휴일, 일요일만 오후 2시 ~ 오후 9시 월~토요일 오전 9시 ~ 오후 10시","365동서약국","031-552-4289","2200","0900","2200","0900","2200","0900","2200","0900","2200","0900","2200","0900","2100","1400","2100","1400","C2106717","119","27","147","37.599026286097185","127.1364171281123"
"경기도 의정부시 천보로 44, 8층 804호 (민락동)","365드림약국","031-8092-2365","2000","0900","2000","0900","2000","0900","2000","0900","2000","0900","1600","0900","1600","1000","1600","1000","C2107566","118","13","148","37.7443145327","127.0963187267"
"경기도 남양주시 늘을1로16번길 25, 1층 3, 4호 (호평동, 성보빌딩)","365드림약국","031-594-3652","2100","0900","2100","0900","2100","0900","2100","0900","2100","0900","1700","0900","C2103596","121","49","149","37.65407447510151","127.24289265985396"
"인천광역시 남동구 논고개로 61, 라피에스타 (논현동)","병의원 처방전, 일반의약품, 동물의약품, 건강기능식품, 화장품, 의료기기 및 동물용품 등 다양한 제품 구비되어 있으며 친절한 상담해드립니다.","365라피에스타약국","032-255-7000","2200","0830","2200","0830","2200","0830","2200","0830","2200","0830","2200","0900","2200","0900","2200","0900","C1401563","216","79","150","37.39753878912677","126.72751856349596"
"인천광역시 연수구 랜드마크로 110, 근린생활시설1동 115호 (송도동, 송도 오션파크 베르디움)","365마리나약국","032-858-1133","0100","0900","0100","0900","0100","0900","0100","0900","0100","0900","0100","0900","0100","0900","0100","0900","C1402123","220","18","151","37.4161290716156","126.615024566322"
"경기도 파주시 숲속노을로 128, 서래메디컬프라자 111, 112호 (동패동)","365마음약국","031-957-3653","1800","0900","1800","0900","1800","0900","1800","0900","1800","0900","1300","0900","C2110130","109","56","152","37.7123510731959","126.715134592775"
"서울특별시 영등포구 영중로 125, 롯데마트 1층 (영등포동8가)","매달 2, 4번째 일요일 정기 휴무","365마트약국","02-2633-4865","2200","1000","2200","1000","2200","1000","2200","1000","2200","1000","2200","1000","2200","1000","2200","1000","C1109427","072","28","153","37.52785775806497","126.90468092804939"
"대구광역시 수성구 청수로 131 (황금동)","365매일약국","053-000-0000","1700","0900","1700","0900","1700","0900","1700","0900","1700","0900","C1301949","421","49","154","35.8403726684181","128.622680031852"
"제주특별자치도 제주시 일주동로 227 (화북일동)","365매일약국","064-702-3172","1800","0800","1800","0800","1800","0800","1800","0800","1800","0800","1600","0800","1600","0800","1600","0800","C2900425","632","88","155","33.51941915384433","126.56976660848167"
"경상남도 양산시 물금읍 백호로 92, A동 1층 107호","365매일약국","055-383-5613","2100","0900","2100","0900","2100","0900","2100","0900","2100","0900","2100","0900","2100","0900","2100","0900","C2802242","506","53","156","35.3163164449443","129.003786143943"
"서울특별시 동대문구 천호대로 301, 답십리역 지웰에스테이트 1층 103호 (답십리동)","365매일약국","02-6012-0811","2300","0800","2300","0800","2300","0800","2300","0800","2300","0800","2300","0800","2300","0800","2300","0800","C1110625","026","04","157","37.56617628582541","127.05409330229776"
"인천광역시 서구 이음3로 145, 104호 (당하동)","365매일약국","032-566-6005","2000","0900","2000","0900","2000","0900","2000","0900","2000","0900","1800","0900","1800","0900","1800","0900","C1402165","228","69","158","37.5888350856487","126.708063727904"
"부산광역시 강서구 명지국제2로28번길 3, 108호 (명지동)","주말 유선문의 후 방문요망","365명지약국","051-271-0365","2100","1000","2100","1000","2100","1000","2100","1000","2100","1000","2100","1000","1500","1000","C1202848","467","26","159","35.0940760302545","128.907656745426"
"광주광역시 동구 서석로 46, 1층 (광산동)","365연중무휴, 공휴일, 추석, 설 당일에도 운영합니다.","365문화전당약국","062-446-8818","2200","1100","2200","1100","2200","1100","2200","1100","2200","1100","2230","1100","2200","1100","2200","1100","C1501233","614","87","160","35.1466028218133","126.918519123719"
"경상남도 양산시 물금읍 범구로 27, 102호","365물금약국","070-8211-0773","2000","0830","2000","0830","2000","0830","2000","0830","2000","0830","1530","0830","1530","0830","1530","0830","C2802384","506","11","161","35.3272112958323","129.014517780203"
"인천광역시 부평구 산청로 96, 103호 (청천동)","365미르약국","032-521-1030","2100","0800","2100","0800","2100","0800","2100","0800","2100","0800","2000","0800","2000","0900","C1402184","213","05","162","37.5175009278227","126.702306454265"
"서울특별시 은평구 진관3로 11, 1층 (진관동, 은평뉴타운 힐데스하임)","365미소약국","02-387-1123","2100","0900","2100","0900","2100","0900","2100","0900","2100","0900","2000","0900","1500","0900","1500","0900","C1107949","033","00","163","37.6395393834161","126.9184206011041"
"전북특별자치도 군산시 수송로 286 (미장동)","365일 연중무휴 약국입니다.","365미장약국","063-451-9969","2200","1000","2200","1000","2200","1000","2200","1000","2200","1000","2200","1000","2200","1000","2200","1000","C2501464","540","93","164","35.9638094644613","126.72700884093"
"대전광역시 중구 산서로 28, 103호 (사정동)","365바른약국","042-710-4915","1800","0900","1800","0900","1800","0900","1800","0900","1800","0900","C1601448","350","82","165","36.2956524199272","127.384048981027"
"서울특별시 강서구 화곡로 110, 1층 101호 (화곡동)","365바이엘약국","02-2690-2998","2200","0900","2200","0900","2200","0900","2200","0900","2200","0900","2200","0900","2200","0900","2200","0900","C1110816","077","18","166","37.5396782364638","126.834177174613"
"경기도 안양시 만안구 양화로 112, 101호 (박달동)","365박달온누리약국","031-465-3512","2200","0800","2200","0800","2200","0800","2200","0800","2200","0800","2000","0900","1900","0900","1900","0900","C2106842","139","87","167","37.40276376378201","126.91062117733445"
"경기도 광명시 광명로 914-1, 1층 (광명동)","365밝은약국","02-2612-4100","2000","0900","2000","0900","2000","0900","2000","0900","2000","0900","2000","0900","1900","1300","1900","1300","C2100774","142","20","168","37.480325000000001","126.855063888888893"
"서울특별시 중랑구 면목로39길 8, 한성빌딩 (면목동)","365밝은약국","02-435-0365","1900","0830","1900","0830","1900","0830","1900","0830","1900","0830","1300","0900","C1102121","022","38","169","37.57968718386702","127.08717172114427"
"충청북도 증평군 증평읍 중동길 12","365백세약국","043-838-3575","2100","0830","2100","0830","2100","0830","2100","0830","2100","0830","2100","0830","2100","0830","2100","0830","C2300076","279","30","170","36.783957576682496","127.58289123853132"
"서울특별시 은평구 연서로 257, 1층 (불광동)","365백화점온누리약국","02-388-8811","2000","0900","2000","0900","2000","0900","2000","0900","2000","0900","2000","0900","2000","0900","2000","0900","C1110319","033","45","171","37.62020073360312","126.92329258499261"
"경기도 파주시 청석로 122, 112, 113, 114호 (동패동)","365베스트약국","031-943-0422","1800","0900","1800","0900","1800","0900","1800","0900","1800","0900","1300","0900","C2110075","109","56","172","37.7134585565412","126.720978716351"
"대전광역시 서구 도산로 183, 1층 (변동)","365변동매일약국","042-223-4654","2000","1000","2000","1000","2000","1000","2000","1000","2000","1000","C1601403","353","22","173","36.3247802944715","127.37854142576"
"전북특별자치도 전주시 완산구 백제대로 398 1층 103호 (서신동)","365별빛약국","063-272-2728","2200","1400","2200","1400","2200","1400","2200","1400","2200","1400","2200","1400","2200","1400","2200","1400","C2501491","549","40","174","35.8286893700174","127.123264479809"
"경기도 수원시 영통구 광교중앙로 170, 광교 효성해링턴 타워 3층 311호 (하동)","365별약국","031-212-1705","2200","0900","2200","0900","2200","0900","2200","0900","2200","0900","2200","0900","2200","0900","2200","0900","C2108057","165","14","175","37.28812414380889","127.06070277716802"
"경기도 시흥시 정왕천로411번길 48, 102호 (정왕동)","365보건약국","0315041611","1800","0900","1800","0900","1800","0900","1800","0900","1800","0900","1300","0900","C2109569","150","52","176","37.3470299812654","126.747715805039"
"전라남도 순천시 봉화2길 99, 2층 (조례동)","주공 5단지 앞","365보배약국","061-722-1172","2100","0900","2100","0900","2100","0900","2100","0900","2100","0900","2100","0900","2100","1300","2100","1300","C2600374","579","45","177","34.961714418732114","127.51792836626547"
"경기도 시흥시 은행고길 28, 1층 101,102호 (은행동)","365봄날약국","031-8042-3034","2100","0900","2100","0900","2100","0900","2100","0900","2100","0900","2100","0900","2100","0900","2100","0900","C2109514","149","23","178","37.4407635089351","126.799328433372"
"경기도 화성시 효행구 봉담읍 상리2길 51, 101-105호","365봉담약국","031-296-0365","2200","0900","2200","0900","2200","0900","2200","0900","2200","0900","2200","0900","2200","0900","2200","0900","C2109017","183","09","179","37.2245561538362","126.947144105744"
"인천광역시 부평구 부평문화로 57, 1층 (부평동)","365부평프라자약국","032-504-5767","2000","0830","2000","0830","2000","0830","2000","0830","2000","0830","1830","0830","1830","0930","C1401879","213","88","180","37.494160355532","126.7225432721"
"서울특별시 송파구 위례광장로 120, 상가동 1층 117호 (장지동, 위례중앙푸르지오1단지)","365비타민약국","02-400-0526","2230","1000","2230","1000","2230","1000","2230","1000","2230","1000","2230","1000","2230","1000","2230","1000","C1110709","058","52","181","37.47513126642242","127.1420584532922"
"경기도 부천시 원미구 부일로 730, JW TOWER 1층 일부호 (역곡동)","365사계절약국","032-341-7723","1800","0900","1800","0900","1800","0900","1800","0900","1800","0900","1300","0900","C2110182","146","73","182","37.485408298812","126.810795556457"
"충청북도 진천군 덕산읍 자안로 9, 삼영프라자 113호","365사랑약국","043-534-0365","2000","0900","2000","0900","2000","0900","2000","0900","2000","0900","1800","0900","1800","0900","1800","0900","C2301230","278","71","183","36.9041587707688","127.534592115202"
"서울특별시 강서구 양천로 424, 가양역 데시앙플렉스 지식산업센터 131호 (등촌동)","365샘약국","02-2054-6949","2100","0900","2100","0900","2100","0900","2100","0900","2100","0900","1900","0900","1900","0900","1900","0900","C1109655","075","73","184","37.56443069336384","126.84795884945261"
"서울특별시 서초구 서초대로 지하233, 서초역 지하1층 106호 (서초동)","전화번호 0507-1334-3551","365서초메트로약국","050-713-3435","2200","0730","2200","0730","2200","0730","2200","0730","2200","0730","2000","0900","2000","0730","C1109928","065","90","185","37.49171841171571","127.00726803279231"
"경기도 파주시 문산읍 사임당로 26, 102호","365선유약국","031-000-0000","1800","0900","1800","0900","1800","0900","1800","0900","1800","0900","1300","0900","C2110035","108","13","186","37.8594717145015","126.797336696732"
"경기도 안성시 인지2길 6, 1층 (인지동)","365세심당약국","031-672-0365","1800","1000","1800","1000","1800","1000","1800","1000","1800","1000","C2108572","175","83","187","37.0052846987782","127.267452044799"
"전북특별자치도 군산시 공단대로 601 (소룡동)","소룡동육교근처","365소룡백제약국","063-464-7577","2200","0830","2200","0830","2200","0830","2200","0830","2200","0830","2200","0830","2200","0900","2200","0900","C2500093","540","13","188","35.971755799671826","126.68153788733205"
"서울 송파구 오금로 95 국제빌딩 103호 (방이동)","365송파고은약국","02-417-0503","2100","0900","2100","0900","2100","0900","2100","0900","2100","0900","2100","0900","2000","0900","C1109860","055","48","189","37.513739691913806","127.10767538100926"
"경기도 성남시 수정구 수정로 128, 1층 일부호 (수진동)","365수정메디약국","031-758-3650","1800","0900","1800","0900","1800","0900","1800","0900","1800","0900","1300","0900","C2109462","133","27","190","37.441433881196","127.134586244789"
"경기도 안양시 동안구 평촌대로217번길 27, 백두프라자 1층 108호 (호계동)","365스마일약국","031-381-8864","1800","0900","1800","0900","1800","0900","1800","0900","1800","0900","1300","0900","C2110240","140","72","191","37.3903294088302","126.954133500425"
"대전광역시 서구 관저로 27, 102호 (관저동)","365스마일약국","042-342-0045","2100","0800","2100","0800","2100","0800","2100","0800","2100","0800","1700","0800","1700","0900","1700","0900","C1601250","353","70","192","36.296765220358054","127.32614595788604"
"충청남도 홍성군 홍북읍 홍학로 95","365스마일약국","041-634-3657","2200","0820","2200","0820","2200","0820","2200","0820","2200","0820","2200","0820","2100","0900","2100","0900","C2401380","322","65","193","36.646790101482445","126.6765830094902"
"경기도 오산시 죽담안로 38-15, 1층 103호 (궐동)","365스마일약국","070-4032-8864","1800","0900","1800","0900","1800","0900","1800","0900","1800","0900","1300","0900","C2109323","181","24","194","37.3903294088302","126.954133500425"
"경기도 양주시 화합로 1361","365시티약국","031-862-3650","2100","0900","2100","0900","2100","0900","2100","0900","2100","0900","2000","0900","2000","1000","2000","1000","C2106805","114","50","195","37.8435655621","127.062486711"
"서울특별시 중랑구 용마산로 670, B동 219호 (망우동, 신내역 프라디움 더 테라스)","365시티약국","02-6958-8909","2100","0900","2100","0900","1900","0900","2100","0900","2100","0900","1600","0900","1600","0900","1900","0900","C1110278","020","57","196","37.61067425462106","127.10159434023763"
"서울특별시 양천구 신목로 88, 1층 103호 (신정동)","365신정약국","070-4795-2511","2300","0830","2300","0830","2300","0830","2300","0830","2300","0830","2300","0900","2300","0900","2300","0900","C1110869","080","09","197","37.5223719258406","126.875029234072"
"경기도 부천시 오정구 평천로 723, 1층 108,109호 (삼정동)","연중무휴 약국","개인 맞춤 상담","365신흥약국","032-671-8166","2200","0900","2200","0900","2200","0900","2200","0900","2200","0900","2200","0900","2200","0900","2200","0900","C2110054","144","95","198","37.5153971563179","126.771318888832"
"인천광역시 서구 이음5로 30, 연세프라자9 106호 (원당동)","365아라약국","032-719-3651","2100","0900","2100","0900","2100","0900","2100","0900","2100","0900","2100","0900","2100","0900","C1402018","228","66","199","37.5938016743895","126.710909298845"
"경기도 파주시 해올2길 8, 105호 (다율동)","연중무휴입니다.","365아란약국","031-8035-7694","2100","0900","2100","0900","2100","0900","2100","0900","2100","0900","1800","0900","1400","0900","1800","0900","C2110150","108","65","200","37.733754291221","126.730764588072"
"강원특별자치도 춘천시 동면 춘천순환로 609","추석 및 설연휴에 만 운영하지 않음.","365아이맘약국","033-264-6577","2100","0830","2100","0830","2100","0830","2100","0830","2100","0830","1800","0830","1800","0830","1800","0830","C2200158","242","09","201","37.84933299489365","127.73905198227504"
"경기도 동두천시 지행로 53, 1층 (지행동)","동두천 롭스(LOHBs) 매장과 장소를 공유하여 운영하는 약국입니다.","365약국","031-858-4435","2000","0900","2000","0900","2000","0900","2000","0900","2000","0900","1600","0900","1500","0900","C2108735","113","46","202","37.8926954664374","127.053238568833"
"경기도 남양주시 오남읍 진건오남로 813, 104~105호","365약국","031-523-3311","2100","0900","2100","0900","2100","0900","2100","0900","2100","0900","1600","0900","1300","0900","C2107338","120","36","203","37.6989919027","127.2018861489"
"서울특별시 중랑구 면목로 지하407, 면목역 지하1층 108호 (면목동)","휴게시간 : 13:10~14:00","365약국","02-2208-0365","2200","1000","2200","1000","2200","1000","2200","1000","2200","1000","1800","1000","1800","1000","C1110065","021","46","204","37.5883848968931","127.087567841531"
"제주특별자치도 제주시 서해안로 161, 1층 (도두일동)","도두제민일보옆","365약국","064-748-3650","2130","0800","2130","0800","2130","0800","2130","0800","2130","0800","2130","0800","2130","0800","2130","0800","C2900064","631","13","205","33.50405647458439","126.4660807983374"
"경상북도 경산시 대학로 11, 101호 (중산동)","365약국","053-290-0365","2100","0900","2100","0900","2100","0900","2100","0900","2100","0900","1700","0900","1400","0900","1700","0900","C2701355","386","53","206","35.83534073760295","128.72402052304852"
"경상북도 영주시 구성로 377, 1층 (영주동)","365약국","054-638-5535","2100","0900","2100","0900","2100","0900","2100","0900","2100","0900","1800","0900","C2701491","360","96","207","36.8247467145","128.6209700131"
"강원특별자치도 춘천시 방송길 84 (온의동)","마트휴무시 운영안함","롯데마트내 1층","365약국","033-251-7371","2200","1000","2200","1000","2200","1000","2200","1000","2200","1000","2200","1000","2200","1000","2200","1000","C2200198","243","64","208","37.86863097288894","127.71801494372968"
"경상북도 안동시 경북대로 385, 1층 (옥동)","휴무없이 운영","365약국","054-858-8896","2200","0800","2200","0800","2200","0800","2200","0800","2200","0800","2200","0800","2200","1100","2200","0800","C2701490","366","61","209","36.5638103785","128.701617932"
"서울특별시 성북구 동소문로 321, 1층 (길음동)","365약국","02-985-1365","2000","0900","2000","0900","2000","0900","2000","0900","2000","0900","2000","0900","2000","1030","2000","1030","C1107010","027","29","210","37.60861274565191","127.02947714984374"
"충청남도 당진시 송산면 송산로 781, 365약국","365일 운영하는 약국입니다^^","365약국","041-356-3650","2030","0800","2030","0800","2030","0800","2030","0800","2030","0800","2030","0800","2030","0800","2030","0800","C2401806","317","11","211","36.9569547750543","126.693787273539"
"충청북도 청주시 흥덕구 진재로 55, 1층 (복대동)","음성읍읍내리497-7대성빌딩1층","365약국","043-237-2351","2100","0830","2100","0830","2100","0830","2100","0830","2100","0830","1800","0830","1800","0830","C2300577","284","16","212","36.6360870346281","127.429360926702"
"경기도 하남시 미사강변중앙로 226, 우성르보아파크 1층 112호 (망월동)","365약국","031-794-0367","2230","0900","2230","0900","2230","0900","2230","0900","2230","0900","2300","0900","2300","0900","2300","0900","C2107839","129","13","213","37.566795189754664","127.18924541345129"
"경기도 평택시 소사5길 120, 106호 (소사동)","365약국","031-618-3365","1800","0900","1800","0900","1800","0900","1800","0900","1800","0900","1300","0900","C2109872","180","34","214","36.9916809198704","127.126462305553"
"인천광역시 계양구 오조산로 1, 거승프라자 107호 (작전동)","계양이마트옆","365약국","032-547-0365","2300","0900","2300","0900","1900","0900","2300","0900","2300","0900","2300","0900","2300","0900","1900","0900","C1400748","210","80","215","37.530934446795115","126.73779872012591"
"경상북도 울진군 매화면 동해대로 2846, 1층","365약국","054-783-3650","2200","0800","2200","0800","2200","0800","2200","0800","2200","0800","2200","0800","C2701768","363","41","216","36.8819173283091","129.416420055922"
"경기도 성남시 분당구 불정로 266, 유신제일조합 101-1호 (수내동)","365언제나약국","031-698-2306","1800","0900","1800","0900","1800","0900","1800","0900","1800","0900","1300","0900","C2109825","136","01","217","37.3670961152988","127.127681544556"
"경기도 하남시 미사강변동로 95, 힐스테이트 미사역 그랑파사쥬(12-1BL) B1048호 (망월동)","연중무휴, 365일 운영","365에펠약국","031-791-3650","2200","1000","2200","1000","2200","1000","2200","1000","2200","1000","2200","1000","2200","1000","2200","1000","C2108554","129","13","218","37.5637312032917","127.191741670397"
"서울특별시 강남구 테헤란로 지하156, 역삼역 2호선 지하상가 127호 (역삼동)","365역삼역약국","050-71424-0368","2100","0800","2100","0800","2100","0800","2100","0800","2100","0800","1900","1100","1800","1000","1800","1000","C1109798","062","36","219","37.5007162693593","127.03661820308899"
"부산광역시 연제구 반송로 30, 석산빌딩 1층 일부호 (연산동)","글루콤 드시모네 마이타민 경옥고 공진단 유산균 영양제 연산동약국 연중무휴 365약국 심야약국","연산역 12출구에서 200m직진 ( 한창정보타운큰길가)","365연산온누리약국","051-852-3574","2300","0900","2300","0900","2300","0900","2300","0900","2300","0900","2300","0900","2300","0900","C1202900","475","49","220","35.1876847412241","129.084202800316"
"서울특별시 서초구 잠원로4길 50, 2층 1-213호 (잠원동)","365연약국","02-533-3653","2000","0900","2000","0900","2000","0900","2000","0900","2000","0900","1500","0900","1500","0900","1500","0900","C1110849","065","22","221","37.512777866474","127.011981173143"
"부산광역시 기장군 기장읍 반송로 1369, 1층","주말 문의","365열린대형약국","051-724-5481","2100","0800","2100","0800","2100","0800","2100","0800","2100","0800","2100","0800","2100","0800","C1203078","460","52","222","35.2532815406609","129.192274535348"
"서울특별시 강서구 공항대로41길 52, 버들빌딩 1층 (등촌동)","365열린약국","02-3661-3650","2500","0830","2500","0830","2500","0830","2500","0830","2500","0830","2500","0830","2500","0900","2500","0900","C1109578","075","87","223","37.56007429324546","126.84615398862456"
"세종특별자치시 새롬중앙로 67, 오렌지빌딩 105호 (새롬동)","점심시간 13:00~14:00","점심시간 13:00~14:00","새롬동","365열린약국","0445553658","2200","0900","2200","0900","2200","0900","2200","0900","2200","0900","2200","0900","2200","0900","C1800346","301","26","224","36.4868887809754","127.250228424524"
"경기도 평택시 평남로 1047-1, 102호 (동삭동)","365열린약국","031-000-0000","1800","0900","1800","0900","1800","0900","1800","0900","1800","0900","1300","0900","C2109913","178","49","225","37.009434798898","127.094914214401"
"인천광역시 서구 청라라임로 51, 105호 (청라동, 청라 에일린의뜰)","365열린약국","070-8837-7582","2130","0830","2130","0830","2130","0830","2130","0830","2130","0830","1730","0830","2000","0900","1700","0900","C1400789","227","36","226","37.53219907519832","126.65286015247601"
"서울특별시 영등포구 영중로 119, 리마크빌 영등포 2층 204-2호 (영등포동8가)","휴게시간 : 13:00~14:00, 18:00~19:00","365열린약국","02-2633-2800","2200","0900","2200","0900","2200","0900","2200","0900","2200","0900","2200","0900","2200","0900","2200","0900","C1108120","072","28","227","37.52674764813532","126.90514617334375"
"경기도 이천시 구만리로 191, 2층 (안흥동, 롯데캐슬 골드스카이)","365열린약국","031-637-7328","2200","1000","2200","1000","2200","1000","2200","1000","2200","1000","2200","1000","2200","1000","2200","1000","C2107958","173","72","228","37.2742780446662","127.45444878428623"
"서울특별시 관악구 남부순환로 1615 (신림동)","신림역 8번 출구 바로 앞","365열린약국","02-874-2332","2200","0900","2200","0900","2200","0900","2200","0900","2200","0900","2200","0900","2200","0900","2200","0900","C1102838","087","54","229","37.4845561108911","126.930086903853"
"울산광역시 동구 방어진순환도로 652 (일산동)","설, 추석 당일만 휴진","테라스파크 내","365열린약국","052-209-0333","1900","0900","1900","0900","1900","0900","1900","0900","1900","0900","1400","0900","1400","0900","1700","0900","C1700316","440","56","230","35.49988298739066","129.42880412715982"
"대전광역시 동구 한밭대로 1254, 1층 (용전동)","365열린약국","042-000-0000","2200","0900","2200","0900","2200","0900","2200","0900","2200","0900","2200","0900","1800","0900","1800","0900","C1601404","345","43","231","36.3557091035189","127.435926535202"
"서울특별시 구로구 남부순환로97길 3, KS프리미어빌딩 105호 (개봉동)","365열린약국","02-3666-0784","2230","0830","2230","0830","2230","0830","2230","0830","2230","0830","2230","0830","2200","0900","2230","0830","C1108637","083","28","232","37.49395149520896","126.85829886230047"
"서울특별시 강남구 삼성로 14, 2층 216-2호 (개포동, 개포자이 프레지던스)","365열린약국","02-459-2005","2300","0830","2300","0830","2300","0830","2300","0830","2300","0830","1800","0900","1800","0900","1800","0900","C1110187","063","31","233","37.4875869119659","127.07392575326901"
"충청남도 아산시 번영로 223, 4층 (모종동, 아산동양고속터미널복합시설)","공휴일은 진료일정에 따라 변동될 수 있습니다.","365열린약국","041-533-9610","2100","0830","2100","0830","2100","0830","2100","0830","2100","0830","1400","0800","C2401397","315","22","234","36.7848548885","127.015222632"
"충청남도 천안시 서북구 쌍용대로 348, 102호 (성정동)","연중무휴(공휴일, 설, 추석 당일도 운영합니다)","연중무휴(공휴일, 설, 추석 당일도 운영합니다)","365열린의원 옆","365열린약국","041-555-2968","2100","1000","2100","1000","2100","1000","2100","1000","2100","1000","2100","1000","2100","1000","2100","1000","C2401408","311","09","235","36.828371553","127.1380138171"
"서울특별시 양천구 목동중앙북로4길 6, 1층 108호 (목동)","365열린약국","02-6737-0365","2000","0830","2000","0830","2000","0830","2000","0830","2000","0830","1700","0830","1700","0900","C1110435","079","50","236","37.54851863673127","126.86421871939604"
"경상남도 양산시 신덕계2길 15, 1021동 103,104호 (덕계동, 트리마제 양산1단지)","365열린약국","050-71392-9238","2200","0900","2200","0900","2200","0900","2200","0900","2200","0900","2200","0900","2200","0900","2200","0900","C2802430","505","38","237","35.3750176503941","129.159450883984"
"인천광역시 부평구 부일로 87 (부개동, 송신빌딩)","부개역 2번 출구 앞","365열린약국","032-504-3650","1700","0900","1700","0900","1700","0900","1700","0900","1700","0900","C1400775","214","01","238","37.48899384051028","126.73973778649795"
"경기도 오산시 경기대로 133, 1층 102호 (원동)","365열린약국","031-374-0360","2200","0830","2200","0830","2200","0830","2200","0830","2200","0830","2200","0830","2200","0830","2200","0830","C2108157","181","43","239","37.1367483692288","127.072748261199"
"서울특별시 마포구 백범로 199, 메트로디오빌 103A호 (신공덕동)","365열린온누리약국","02-6010-2720","2100","0800","2100","0800","2100","0800","2100","0800","2100","0800","1700","0800","1700","0800","1700","0800","C1109579","041","95","240","37.5433390085319","126.95294164368296"
"인천광역시 미추홀구 낙섬중로 105, 유원빌딩 1층 101호 (용현동)","365열린온누리약국","032-891-0012","2000","0900","2000","0900","2000","0900","2000","0900","2000","0900","2000","0900","C1401683","221","75","241","37.45674668","126.6413016716"
"서울특별시 강동구 양재대로84길 21, 1층 111호 (둔촌동)","365열린온약국","02-489-1235","2030","0900","2030","0900","2030","0900","2030","0900","2030","0900","2030","0900","1600","0900","C1110747","054","11","242","37.52350399668457","127.13632701173549"
"경기도 성남시 수정구 위례광장로 104, 위례 한화 오벨리스크 센트럴스퀘어 1층 1049,1050,1051호 (창곡동)","365열린큰약국","0507-1362-3665","1800","0900","1800","0900","1800","0900","1800","0900","1800","0900","1300","0900","C2109236","136","40","243","37.4730513390026","127.141262948182"
"부산광역시 강서구 명지국제8로 233, 더스퀘어 103호 (명지동)","점심시간 13:00~14:00 일요일 문의","365열시약국","051-201-5689","2150","1000","2150","1000","2150","1000","2150","1000","2150","1000","2150","1000","C1202749","467","26","244","35.0985339516115","128.918290690815"
"경기도 수원시 영통구 효원로 400, 레몬스포렉스 103-2호 (매탄동)","365영통탑약국","031-217-8230","1930","0800","1930","0800","1930","0800","1930","0800","1930","0800","1400","0800","1400","0800","1400","0800","C2109619","165","47","245","37.2580622885128","127.045385098491"
"제주특별자치도 제주시 동광로 86, 1층 101호 (이도이동)","점심시간X","365온누리약국","064-721-3365","1900","0830","1900","0830","1900","0830","1900","0830","1900","0830","1800","0830","1800","0830","1800","0830","C2900572","632","14","246","33.50460591343","126.537513496745"
"서울특별시 강북구 도봉로 242, 한국전력 강북성북지사 1층 (미아동)","설날, 추석 명절 당일 휴무","365올리브약국","02-985-9989","2000","0900","2000","0900","2000","0900","2000","0900","2000","0900","1800","0900","1800","0900","1800","0900","C1109661","011","32","247","37.63069930389514","127.02470797623"
"경기도 안양시 만안구 태평로52번길 21 마드리드상가 1층","365올바른약국","031-464-7511","2000","0830","2000","0830","2000","0830","2000","0830","2000","0830","1800","0800","1800","1000","C2107535","140","37","248","37.3955797615","126.9305013146"
"대전광역시 서구 계룡로 640, 1층 101호 (용문동)","365연중무휴 한약국","365용문약국","042-525-0365","2200","0900","2200","0900","2200","0900","2200","0900","2200","0900","2200","0900","2200","0900","2200","0900","C1601361","353","00","249","36.338280034274","127.39275480196"
"부산광역시 남구 용호로 50, 1층 (용호동)","365용호제일큰약국","051-626-7974","1800","0900","1800","0900","1800","0900","1800","0900","1800","0900","C1202987","485","23","250","35.1263337860074","129.109324159997"
"경기도 부천시 원미구 석천로169번길 34, 파크리움 101호 (중동)","365우리약국","031-000-0000","1800","0900","1800","0900","1800","0900","1800","0900","1800","0900","1300","0900","C2109917","145","46","251","37.5030927191796","126.760862426798"
"경기도 포천시 일동면 화동로 1056, 1층층 (일동면)","365우리약국","031-533-6127","2000","0830","2000","0830","2000","0830","2000","0830","2000","0830","2100","0830","2100","0900","2100","0900","C2106801","111","17","252","37.9574142465856","127.31783043561023"
"전라남도 순천시 중앙로 136, (매곡동)","순천웃장의료원로타리","365웃장대형약국","061-753-5522","2200","0830","2200","0830","2200","0830","2200","0830","2200","0830","2200","0830","2200","0900","2200","0900","C2600509","579","39","253","34.95779650062776","127.48444310336886"
"경기도 남양주시 별내2로 64 (별내동)","365웰스팜약국","070-8807-5777","1600","0900","1600","0900","1600","0900","1600","0900","1600","0900","1600","0900","1300","0900","C2106794","121","13","254","37.64643818700651","127.12486446712124"
"전북특별자치도 전주시 덕진구 무삼지로 66, 1층 (인후동1가)","365인후대형온누리약국","063-245-3007","2100","0900","2100","0900","2100","0900","2100","0900","2100","0900","2100","0900","2100","0900","C2501383","550","18","255","35.8315141665694","127.163474625044"
"대전광역시 유성구 반석로 80, 근린생활시설동 1층 107호 (반석동, 반석 더샵)","한약국","365일바른약국","042-000-0000","2100","0930","2100","0930","2100","0930","2100","0930","2100","0930","2100","0930","2100","0930","2100","0930","C1601222","340","66","256","36.39051025711829","127.305334432628"
"전북특별자치도 전주시 덕진구 기지로 77, 302동 A-113호 (장동, 전북혁신도시 더 M city 센텀)","365일박사약국","063-226-3650","2200","0900","2200","0900","2200","0900","2200","0900","2200","0900","2200","0900","2200","0900","2200","0900","C2501345","548","65","257","35.8388050151768","127.059284983827"
"전라남도 순천시 연향3로 11, 1층 1A 4호~6호 (연향동)","365일연향대형약국","061-746-3651","2300","0900","2300","0900","2300","0900","2300","0900","2300","0900","2300","0900","2300","0900","2300","0900","C2600755","579","67","258","34.95102333485009","127.51727013388592"
"전라남도 여수시 장성3길 52 (안산동)","365일정성약국","061-685-1055","2100","0800","2100","0800","2100","0800","2100","0800","2100","0800","1800","0900","C2601125","596","63","259","34.754309259","127.6540215671"
"전북특별자치도 군산시 공단대로 383, 행복한약국 (나운동)","연락 후 방문","연락 후 방문","나운동 기업은행 사거리","365일행복한약국","063-462-1010","2100","0900","2100","0900","2100","0900","2100","0900","2100","0900","2100","0900","2100","0900","2100","0900","C2500877","541","43","260","35.961835960576586","126.69974473596248"
"서울특별시 광진구 뚝섬로 606, 1층 (자양동)","365자양미소약국","02-453-7985","2200","1000","2200","1000","2200","1000","2200","1000","2200","1000","2200","1000","2200","1000","2200","1000","C1103342","050","98","261","37.53263520025247","127.07694857457481"
"경기도 수원시 영통구 덕영대로 1503 (영통동)","법정공휴일 : 신정, 설, 삼일절, 어린이날, 석가탄신일(대체공휴일), 현충일, 광복절, 추석, 개천절, 한글날, 크리스마스 근무 ※설/추석 연휴 영업시간 변동 있습니다.※","수원 영통 망포역 4번출구 인근에 위치한 365일 연중무휴 365자연약국입니다.","망포역4번출구 영통세종신경외과 1층","365자연약국","031-202-3696","2100","0900","2100","0900","2100","0900","2100","0900","2100","0900","2000","0900","2000","1000","2000","1000","C2100755","166","93","262","37.24613828426053","127.05520496466256"
"서울특별시 강서구 양천로 570, NH서울축산농협 NH서울타워 1층 115호 (등촌동)","365정약국","02-2013-5811","2400","0800","2400","0800","2400","0800","2400","0800","2500","0800","2500","0800","2500","0800","2400","0800","C1110533","075","51","263","37.55666552305615","126.86194609482226"
"서울특별시 노원구 상계로 59, 동익빌딩 1층 7,8호 (상계동)","19:00~19:50 휴게시간","365정화약국","02-935-4869","2000","0900","2000","0900","2000","0900","2000","0900","2000","0900","2000","0900","2000","1300","2000","1300","C1108991","016","94","264","37.656046328672566","127.06146795127394"
"광주광역시 서구 풍암순환로 56, 1층 108호 (풍암동)","365조아약국","050-71407-7746","2200","1000","2200","1000","2200","1000","2200","1000","2200","1000","2200","1000","2200","1000","2200","1000","C1501445","620","65","265","35.1215180842874","126.878137894923"
"경기도 시흥시 목감중앙로 47, 골든프라자 101호 (조남동)","365조은약국","031-403-1178","2100","0800","2100","0800","2100","0800","2100","0800","2100","0800","1800","0900","C2107663","149","88","266","37.3735332425","126.8547661396"
"서울특별시 동대문구 전농로 60-1, 1층 (답십리동)","전화번호 : 02-3390-4006","365종로약국","02-3390-4006","2200","1000","2200","1000","2200","1000","2200","1000","2200","1000","2200","0900","2200","0900","2200","0900","C1107130","026","15","267","37.5702886659296","127.057408838132"
"전라남도 나주시 대호길 85-1, 1층 (대호동)","365종로약국","061-000-0000","2200","1200","2200","1200","2200","1200","2200","1200","2200","1200","2200","1200","2000","1400","2000","1400","C2601225","582","44","268","35.0427383102712","126.717106182483"
"경기도 남양주시 진접읍 해밀예당1로 221, 지안빌딩 101호","전화번호 070 4228 4523 으로 문의 주세요","진접역 바로앞 정석 아동병원 1층 약국 입니다 전화번호 070-4228 4523 입니다","365종로온누리약국","07042284523","2100","0900","2100","0900","2100","0900","2100","0900","2100","0900","1700","0900","1700","0900","1700","0900","C2108378","120","54","269","37.7206501139138","127.202725384062"
"경기도 평택시 안중읍 안현로서6길 18","연중무휴","365중앙약국","031-683-0963","1900","0900","1900","0900","1900","0900","1900","0900","1900","0900","1900","0900","1900","0900","1900","0900","C2102142","179","36","270","36.9841966020265","126.92739535804367"
"서울특별시 영등포구 디지털로37길 27, 대덕빌딩 1층 (대림동)","전화번호 0502-1914-0051","365중앙약국","02-000-0000","2130","0910","2130","0910","2130","0910","2130","0910","2130","0910","2130","0910","2130","0910","2130","0910","C1110057","074","20","271","37.4909974130095","126.897903198783"
"경상북도 구미시 옥계북로 98, 1층 (옥계동)","365지키미약국","054-471-6166","2200","0900","2200","0900","2200","0900","2200","0900","2200","0900","2200","0900","2200","0900","2200","0900","C2701667","391","84","272","36.1382917994338","128.428385433763"
"경기도 화성시 봉담읍 상리중심상가길 28-8, 1층 111-112호","365진약국","031-297-8335","1800","0900","1800","0900","1800","0900","1800","0900","1800","0900","1300","0900","C2109733","183","09","273","37.2262346445035","126.946184820377"
"경상남도 창원시 마산합포구 해안대로 7","일요일 휴무 설,추석 당일 휴무","365청솔약국","055-242-9223","2000","0900","2000","0900","2000","0900","2400","0900","2400","0900","2400","0900","2000","0900","C2801862","517","44","274","35.18062467480484","128.5596953331065"
"대구광역시 북구 칠곡중앙대로 244, 1,2층 (태전동)","365 연중무휴 09:00~22:00 영업합니다","365칠곡대구제일큰약국","053-217-3650","2200","0900","2200","0900","2200","0900","2200","0900","2200","0900","2200","0900","2200","0900","2200","0900","C1301816","414","67","275","35.9178421122272","128.548441110331"
"경기도 안양시 만안구 관악대로 54, 105호 (안양동)","365케어약국","031-464-0320","1800","0900","1800","0900","1800","0900","1800","0900","1800","0900","1300","0900","C2109709","140","37","276","37.396786992478","126.930726294448"
"부산광역시 북구 화명대로 40, 현천휴먼 타워 1층 101호 (화명동)","2호선 화명역 1번출구","365코오롱약국","051-363-0089","2100","0900","2100","0900","2100","0900","2100","0900","2100","0900","1500","0900","1500","0900","C1200210","465","26","277"
"경상남도 양산시 물금읍 황산로 453, 1층 1,2호","365큰솔약국","055-388-5983","2200","0900","2200","0900","2200","0900","2200","0900","2200","0900","2200","0900","2200","0900","2200","0900","C2802344","506","03","278","35.3157144244656","128.991143234409"
"대구광역시 수성구 무학로 125, 1층 (두산동)","365큰약국","050-71457-9033","1800","0900","1800","0900","1800","0900","1800","0900","1800","0900","C1301923","421","75","279","35.8303601183769","128.622248486814"
"경기도 남양주시 진접읍 광릉내로 17-1, 나동 1층 일부호","365팜프라자약국","031-571-3909","1800","0900","1800","0900","1800","0900","1800","0900","1800","0900","C2108805","120","20","280","37.7424246864682","127.198360830786"
"경기도 안산시 상록구 샘골로 150, 동성빌딩 205호 (본오동)","365편한약국","031-407-1025","1800","0900","1800","0900","1300","0900","1800","0900","1800","0900","1400","0900","1300","0900","1300","0900","C2107753","155","38","281","37.29721179436057","126.86337640925437"
"경상북도 구미시 산동읍 해마루공원로 345, 1층","365하나로약국","054-054-0054","2200","0900","2200","0900","2200","0900","2200","0900","2200","0900","2200","0900","2200","0900","2200","0900","C2701775","394","60","282","36.1643104224114","128.43410730924"
"경기도 수원시 권선구 곡반정로 121, 1층 (곡반정동)","365하나로약국","031-8067-6676","1800","0900","1800","0900","1800","0900","1800","0900","1800","0900","1300","0900","C2109326","166","70","283","37.2389748560445","127.030734794922"
"경기도 시흥시 산현마을길 56, 청담빌딩 1동 1층 101호 (산현동)","365해피약국","031-411-3655","2100","0830","2100","0830","2100","0830","2100","0830","2100","0830","2100","0830","2100","0830","2100","0830","C2109286","149","89","284","37.3764882440919","126.845523216495"
"인천광역시 계양구 경명대로 1115, 인평프라자 106.107호 (계산동)","365햇살약국","032-555-7108","2200","0800","2200","0800","2200","0800","2200","0800","2200","0800","1900","0800","1900","0800","C1402162","210","30","285","37.5434807225536","126.730936154862"
"부산광역시 연제구 연수로 96-1 (연산동)","365일 연중무휴 10:00~22:00 운영합니다. 동물의약품, 일반의약품, 처방전 조제 가능","이마트 연제점 맞은 편 50m 떨어진 곳","365햇살약국","051-714-3728","2200","1000","2200","1000","2200","1000","2200","1000","2200","1000","2200","1000","2200","1000","2200","1000","C1203027","476","07","286","35.1751439352802","129.081393780462"
"경기도 시흥시 황고개로 530, 107호 (장곡동)","365햇살약국","050-71399-6368","1800","0900","1800","0900","1800","0900","1800","0900","1800","0900","1400","0900","C2109129","149","96","287","37.3779902953299","126.789242019618"
"경기도 시흥시 황고개로 530, 107호 (장곡동)","365햇살약국","031-000-0000","1800","0900","1800","0900","1800","0900","1800","0900","1800","0900","1300","0900","C2110132","149","96","288","37.3782007909904","126.789251366352"
"인천광역시 남동구 논고개로123번길 35, 칼리오페 1층 106호 (논현동)","365행복약국","032-429-8184","1900","0830","1900","0830","1900","0830","1900","0830","1900","0830","1500","0830","1400","1030","C1401816","216","53","289","37.4015165296659","126.722065821029"
"경기도 시흥시 마유로418번길 18, 108호 (정왕동, 정왕프라자)","365행복약국","031-431-4691","2000","0900","2000","0900","2000","0900","2000","0900","2000","0900","1800","0900","1800","0900","1800","0900","C2107589","150","49","290","37.3511922085","126.7429140006"
"서울특별시 노원구 한글비석로 57, 지하1층 (하계동, 세이브존)","365행복약국","02-951-3456","2130","1000","2130","1000","2130","1000","2130","1000","2130","1000","2130","1000","2130","1000","2130","1000","C1110160","017","84","291","37.636930368121824","127.06845394329913"
"광주광역시 동구 독립로264번길 2 (금남로5가)","365화목약국","0502-1902-3378","2100","0800","2100","0800","2100","0800","2100","0800","2100","0800","2100","0800","2100","0800","2100","0800","C1501391","614","71","292","35.1545968120728","126.911333394841"
"서울특별시 동대문구 회기로 193, 1층 (휘경동)","365회기역약국","02-6212-1494","2330","0800","2330","0800","2330","0800","2330","0800","2330","0800","2330","0900","2330","1000","2330","1000","C1110218","024","45","293","37.590143371983636","127.0574960966934"
"세종특별자치시 세종로 1229, 스타플레이스 1층 107호 (고운동)","고운동","365힘찬약국","044-866-8883","2100","0850","2100","0850","2100","0850","2100","0850","2100","0850","1800","0850","1800","0850","1800","0850","C1800368","301","01","294","36.512441205955","127.241051806672"
"경기도 고양시 일산동구 중앙로1261번길 55, 효산캐슬 3층 306호 (장항동)","3층365약국","031-926-3069","2000","1000","2000","1000","2000","1000","2000","1000","2000","1000","C2108851","104","02","295","37.6575839055984","126.77085561273"
"서울특별시 서초구 사임당로 143, 3층 301호 (서초동)","3층건약국","02-582-2220","1900","0900","1900","0900","1900","0900","1900","0900","1900","0900","1400","0900","C1110248","066","24","296","37.49175652441634","127.02505225159102"
"경기도 남양주시 다산중앙로 132, 다산역 데시앙 3층 318호 일부호 (다산동)","3층맑은약국","031-555-1365","1800","0900","1800","0900","1800","0900","1800","0900","1800","0900","1300","0900","C2110261","122","85","297","37.6255542396617","127.15331636875"
"서울특별시 송파구 양재대로 1222, 올림픽프라자 23-1,23호 (방이동)","연중무휴(구정, 추석도 영업합니다)","올림픽공원역5호선.9호선 내려서 1.2번출구로나오면 바로보이는 올림픽프라자상가 3층 23호 위치하고있고요 전의료기관처방약 과일반약완비한 대형약국입니다 연중무휴 개문하는데 2.4째 일요일은 상가제2문 (큰길등지고 100미터정도 아파트안쪽으로들어와서보이는 지상주차장 있는 상가제2문만 열려있으니 참고하세요","3층메디칼약국","02-401-7657","1920","0810","1920","0810","1920","0810","1920","0810","1920","0810","1700","0810","1700","1000","1700","1000","C1107277","056","48","298","37.5157276361757","127.131063164753"
"경기도 성남시 분당구 서현로 192, 304호 (서현동, 야베스벨리)","3층메디칼약국","031-703-9241","1900","0900","1900","0900","1900","0900","1900","0900","1900","0900","1530","0900","C2107719","135","90","299","37.38779314019999","127.1244252194"
"서울특별시 서초구 잠원로4길 50, 3층 2-321호 (잠원동)","3층메이플약국","0507-1309-9572","1900","0900","1900","0900","1900","0900","1900","0900","1900","0900","1600","0900","C1110827","065","22","300"
"서울특별시 강남구 삼성로 14, 3층 311-1호 (개포동, 개포자이 프레지던스)","3층바른약국","02-445-3414","1930","0830","1830","0830","1930","0830","1830","0830","1930","0830","1330","0830","C1110421","063","31","301","37.48780545749093","127.07384399200052"
"경기도 고양시 덕양구 무원로 65 (행신동) 무원마을10단지서광상가 308호","3층사랑약국","031-979-6991","1900","0900","1900","0900","1900","0900","1900","0900","1900","0900","1600","0900","C2106486","105","21","302","37.61878225381957","126.83212591165447"
"인천광역시 연수구 인천타워대로 323, 송도 센트로드 상가동 3층 디307호 (송도동)","3층생기약국","032-221-5916","1900","0800","1900","0800","1900","0800","1900","0800","1900","0800","C1402136","220","07","303","37.3995231669444","126.629572683174"
"경기도 시흥시 정왕대로 230, 3층 306호 (정왕동)","3층신동아약국","031-434-4588","1900","0830","1900","0830","1900","0830","1900","0830","1900","0830","1500","0830","C2106821","150","66","304","37.34476295573143","126.73849176805433"
"경기도 고양시 일산서구 킨텍스로 240, 304(일부)호 (대화동, 킨텍스 꿈에그린)","3층약국","031-000-0000","1800","0900","1800","0900","1800","0900","1800","0900","1800","0900","1300","0900","C2109347","103","91","305","37.6658576556202","126.751097365247"
"서울특별시 성동구 동호로 102, 두산아파트 상가동 3층 302호 (금호동3가)","3층엔약국","02-2235-0410","1900","0900","1900","0900","1900","0900","1900","0900","1900","0900","1310","0800","C1110294","047","24","306","37.548879380149145","127.01640303880988"
"서울특별시 중랑구 망우로 353 C동 309호 (상봉동, 상봉 프레미어스 엠코)","공휴일에는 근처 병원 운영에 따라 변동","현대엠코 이노시티","3층엠코약국","02-434-7707","2000","0900","2000","0900","1900","0900","2000","0900","2000","0900","1700","0900","1800","0930","C1104787","020","87","307","37.59827361979693","127.0915134362096"
"경기도 용인시 기흥구 기흥역로 63, 3층 (구갈동, 힐스테이트 기흥)","3층온누리약국","031-307-2882","2100","0900","2100","0900","2100","0900","2100","0900","2100","0900","2100","0900","2100","0900","2100","0900","C2107855","170","65","308","37.27511613749268","127.11860642731179"
"경기도 부천시 경인로 190, 3층 303-2호 (심곡본동, 부천라비앙로제)","3층온누리약국","032-721-6506","1830","0830","1830","0830","1830","0830","1830","0830","1830","0830","1400","0830","C2109153","147","11","309","37.4834052033738","126.776502518436"
"서울특별시 마포구 월드컵북로 230, 305호 (중동, 현대상가)","3층온누리약국","02-306-4743","1800","0830","1800","0830","1800","0830","1800","0830","1800","0830","1300","0830","C1107093","039","41","310","37.5701416409399","126.903831982249"
"광주광역시 남구 대남대로 219, 3층 304호 (주월동, 주월동 홀리어스 오피스텔)","3층우리약국","062-674-3600","1800","0900","1800","0900","1800","0900","1230","0900","1800","0900","1230","0900","C1501290","617","20","311","35.1331219225398","126.900487373636"
"인천광역시 서구 청라한내로72번길 23 (청라동)","3층조은약국","032-123-4567","1800","1000","1800","1000","1800","1000","1800","1000","1800","1000","C1401870","227","58","312","37.5320356105386","126.63023047018"
"서울특별시 강남구 논현로28길 43, 3층 (도곡동)","휴게시간 13:00~14:00","3층중앙약국","02-577-2501","1800","0920","1800","0920","1300","0920","1800","0920","1800","0920","1300","0920","C1109815","063","01","313","37.4844797647781","127.045189967854"
"경기도 안산시 상록구 화랑로 513, 스타프라자 317호 (성포동)","3층큰별약국","031-483-7180","1900","0900","1900","0900","1900","0900","1900","0900","1900","0900","1400","0900","C2109020","152","96","314","37.3208160757273","126.844721922986"
"서울특별시 용산구 한강대로 69, 3층 305-1호 (한강로2가, 용산푸르지오써밋)","3층파란문약국","02-796-9008","2000","1000","2000","1000","2000","1000","2000","1000","2000","1000","1530","1000","C1108026","043","78","315","37.52730995802946","126.96522640965816"
"서울특별시 송파구 올림픽로35길 112 장미아파트 비상가 (신천동)","장미B상가 315호","3층하나약국","02-412-3358","1830","0830","1830","0830","1830","0830","1830","0830","1830","0830","1400","0830","C1103579","055","04","316","37.51775674170399","127.10165770633913"
"서울특별시 서초구 반포대로 291, 3층 307호 (반포동)","3층한사랑약국","02-592-5775","1900","0830","1900","0830","1900","0830","1900","0830","1900","0830","1400","0830","C1103983","065","06","317","37.5048125103114","126.99971443037747"
"경기도 성남시 분당구 양현로94번길 19, 새남서울조합상가 3층 301호 (이매동)","3층행복약국","031-701-1042","1900","0900","1900","0900","1900","0900","1900","0900","1900","0900","1400","0900","C2107744","135","68","318","37.39113945258454","127.12620594369167"
"서울특별시 양천구 목동동로 293, 현대41타워 1층 36호, 37호 (목동)","41약국","02-2654-7774","2000","0930","2000","0930","2000","0930","2000","0930","2000","0930","1800","0930","1800","0930","C1108732","079","97","319","37.5281783139269","126.875771989415"
"경상북도 구미시 옥계북로 36, 메디칼타워 (옥계동)","메디컬타워 103호","삼구트리니엔정문맞은편옥계메디칼빌딩내","4공단약국","054-471-7782","1900","0900","1900","0900","2000","0900","1900","0900","2000","0900","1400","0900","C2701044","391","85","320","36.138078104507024","128.4215275758393"
"서울특별시 관악구 관악로 195, 4층 408호 (봉천동, 관악위버폴리스)","휴게시간 평일 13:00~14:00","4층 다나 약국","02-878-9529","1830","0900","1830","0900","1800","0900","1830","1400","1830","0900","1330","0900","C1110022","087","45","321","37.48292006975852","126.953293315279"
"경기도 안양시 동안구 시민대로 202, 에메랄드빌딩 4층 402호 (호계동)","4층가까운약국","031-382-8248","1830","0900","1830","0900","1830","0900","1830","0900","1830","0900","1330","0900","C2107575","140","72","322","37.1147620128","126.9110463308"
"서울특별시 관악구 신림로 350, 404호 (신림동, 서원프라자, 태영아파트)","4층드림약국","070-7761-0424","1900","0900","2000","0900","1900","0900","1900","0900","2000","0900","1500","0900","1300","0930","C1110436","087","54","323","37.4855072234589","126.929948753311"
"경기도 용인시 수지구 풍덕천로 119, 로얄스포츠센터 401-1호 (풍덕천동)","4층바로약국","031-264-8586","1800","0900","1800","0900","1800","0900","1800","0900","1800","0900","1300","0900","C2110081","168","36","324","37.3230649014559","127.094907152549"
"경기도 성남시 분당구 성남대로331번길 7, 정자스타빌딩 4층 402-1호 (정자동)","4층바로약국","031-698-3188","1800","0900","1800","0900","1800","0900","1800","0900","1800","0900","1300","0900","C2109983","135","58","325","37.3654616232774","127.107204174051"
"경기도 광주시 경안로 5, 젤존빌딩 4층 (경안동)","4층샘약국","031-762-0703","1800","0900","1800","0900","1800","0900","1800","0900","1800","0900","1300","0900","C2109516","127","58","326","37.4099229393327","127.260031227676"
"서울특별시 송파구 석촌호수로 135, 레이크팰리스 상가A동 4층 402호 (잠실동)","4층성모약국","02-424-1191","1800","0900","1800","0900","1800","0900","1800","0900","1800","0900","1300","0900","C1110703","056","07","327","37.5075719318771","127.09238555868"
"경기도 남양주시 도농로 29, 부영프라자 404-1호 (다산동)","4층써니약국","031-555-0158","1800","0900","1800","0900","1800","0900","1800","0900","1800","0900","1300","0900","C2109222","122","55","328","37.6084261125277","127.156810748408"
"경기도 고양시 일산서구 중앙로 1413, 동영빌딩 4층 401일부호 (주엽동)","4층앤약국","070-8846-1930","1800","0900","1800","0900","1800","0900","1800","0900","1800","0900","1300","0900","C2110215","103","86","329","37.669037264497","126.762798836447"
"경상남도 창원시 의창구 원이대로 587, (용호동.정우상가 4층3호)","정우상가 4층","4층약국","055-261-5488","1800","0930","1800","0930","1800","0930","1800","0930","1800","0930","1200","0900","C2800438","514","36","330","35.22843698819306","128.6793895607204"
"경기도 안양시 동안구 흥안대로 527, 스타타워빌딩 406호 (관양동)","4층약국","070-8211-1017","1800","0900","1800","0900","1800","0900","1800","0900","1800","0900","1300","0900","1300","0900","1300","0900","C2109287","139","51","331","37.3730163487583","126.957090474084"
"경기도 부천시 원미구 신흥로 223, 신중동역 랜드마크 푸르지오 시티 406호 (중동)","4층약국","031-000-0000","1800","0900","1800","0900","1800","0900","1800","0900","1800","0900","1300","0900","C2109715","145","39","332","37.5040206135821","126.775245999304"
"경기도 성남시 분당구 내정로166번길 43, 금산프라자빌딩 4층 407호 (수내동)","4층코너약국","031-8023-9418","1800","0900","1800","0900","1800","0900","1800","0900","1800","0900","C2107941","135","99","333","37.37062475325022","127.12296535006031"
"서울특별시 동대문구 천호대로 425, 4층 401호 (장안동)","장한평역4번출구전방100M게로스빌딩401호","4층현약국","02-2245-3015","1830","0900","1830","0900","1830","0900","1830","0900","1830","0900","1400","0900","C1103796","026","45","334","37.5618156326667","127.066468745001"
"서울특별시 강남구 논현로 537, 지하1층 (역삼동)","537약국","02-555-0537","2000","1000","1900","1000","1900","1000","1900","1000","2000","1000","1600","1000","C1109753","061","26","335","37.5042573629887","127.034962510098"
"서울특별시 강동구 고덕로 133, 강동롯데캐슬퍼스트아파트 5층 513호 (암사동)","롯데캐슬퍼스트상가 513호","5층 하늘약국","02-427-2949","1830","0900","1830","0900","1830","0900","1800","0900","1830","0900","1330","0900","C1102831","052","36","336","37.5552528493133","127.140347239304"
"경기도 고양시 덕양구 화신로260번길 57, 요진타워 502호 (화정동)","5층구구약국","031-811-8961","1800","0900","1800","0900","1800","0900","1800","0900","1800","0900","C2108176","105","00","337","37.6336223707871","126.832745886023"
"부산광역시 해운대구 해운대로 814, 세종월드프라자 B동 527호 일부호 (좌동)","5층그린약국","051-702-2446","1900","0900","1900","0900","1900","0900","1900","0900","1900","0900","1400","0900","C1202916","481","11","338","35.1695768343535","129.177677812121"
"서울특별시 중구 서소문로 103, 배재빌딩 511호 (서소문동)","13:00~13:30 휴게시간","5층사랑약국","02-6933-5177","1830","0830","1830","0830","1830","0830","1830","0830","1830","0830","C1108001","045","16","339","37.563014908776","126.972668699367"
"서울특별시 강남구 선릉로 324, SH타워 5층 (대치동)","한티역 1번출구에서 262m","5층약국","02-508-5030","1930","0830","2020","0830","2000","0830","2020","0830","2000","0830","1600","0830","C1109562","062","05","340","37.4985303841214","127.052094163626"
"경기도 부천시 원미구 상동로 90, 메가플러스 5층 504-1호 (상동)","5층약국","032-327-5525","1800","0900","1800","0900","1800","0900","1800","0900","1800","0900","1300","0900","C2108102","145","45","341","37.5051341587108","126.753731929013"
"경기도 동두천시 중앙로 126, 생연프라자 5층 (지행동)","5층약국","031-867-5350","1800","0900","1800","0900","1800","0900","1800","0900","1800","0900","1300","0900","C2109373","113","46","342","37.8927501177366","127.05251669104"
"서울특별시 관악구 신림로 350, 5층 (신림동, 서원프라자, 태영아파트)","5층엔약국","02-877-3080","2000","0830","2000","0830","2000","0830","2000","0830","2000","0830","1500","0830","1400","1000","C1109365","087","54","343","37.4855072234589","126.929948753311"
"경기도 남양주시 화도읍 비룡로 58, 정길프라자 5층 503호","5층온누리약국","031-522-5735","1800","0900","1800","0900","1800","0900","1800","0900","1800","0900","1300","0900","C2109742","121","75","344","37.6572329645644","127.301986511972"
"경기도 용인시 수지구 풍덕천로 149, 501호(풍덕천동,현대그린프라자)","5층우리약국","031-896-2393","1830","0900","1830","0900","1830","0900","1830","0900","1830","0900","1500","0900","C2101849","168","37","345","37.324634645062794","127.09759475001371"
"서울특별시 서초구 동작대로 120, 5층 (방배동)","5층은약국","02-537-9111","2000","0900","2000","0900","2000","0900","2000","0900","2000","0900","1500","0900","C1110249","065","68","346","37.4872512547438","126.982708256783"
"경기도 성남시 분당구 돌마로 75, 미금프라자 504일부호 (금곡동)","5층조은약국","070-8800-4133","1800","0900","1800","0900","1800","0900","1800","0900","1800","0900","1300","0900","C2109605","136","18","347","37.3503891349855","127.11044893199"
"경기도 성남시 분당구 성남대로 926, 506호(야탑동,메트로빌딩)","5층종로약국","031-781-3133","1900","0930","1900","0930","1900","0930","1900","0930","1900","0930","C2103992","135","06","348","37.41258040762086","127.12928275649898"
"충청남도 천안시 서북구 쌍용대로 292, 금정빌딩 1층 (성정동)","매일 오전9시~밤10시","천안시 서북구 성정동에 위치한 365약국입니다.","6단지약국","041-592-6800","2200","0900","2200","0900","2200","0900","2200","0900","2200","0900","2200","0900","2200","0900","2200","0900","C2401723","311","34","349","36.8233614195269","127.137133126733"
"경기도 안양시 동안구 동안로 120, 610호 (호계동, 평촌스포츠센타)","6층성모약국","031-476-8221","1830","0730","1830","0730","1900","0730","1830","0730","1830","0730","1500","0800","C2107104","140","72","350","37.3895609004619","126.95224690386664"
"경기도 부천시 원미구 상동로 90, 메가플러스 6층 603호 일부호 (상동)","6층수약국","031-00-0000","1800","0900","1800","0900","1800","0900","1800","0900","1800","0900","1300","0900","C2109745","145","45","351","37.5051246737203","126.753720198073"
"경기도 고양시 일산동구 장백로 194, 위너스21 605호 (장항동)","6층이화약국","031-994-7425","1800","0900","1800","0900","1800","0900","1800","0900","1800","0900","1300","0900","C2109999","104","14","352","37.6520876291657","126.776668348232"
"서울특별시 강북구 도봉로 339, 1층 (수유동)","365일 연중무휴,","수유역 7번출구앞에 있습니다. 감사합니다.","7번약국","02-904-7773","2200","0900","2200","0900","2200","0900","2200","0900","2200","0900","2000","0900","1800","1410","1800","1410","C1108353","010","74","353","37.63825390139","127.0254890674"
"부산광역시 수영구 수영로 690-5, 102호 (광안동)","수영역 7번 출구 앞","7번약국","051-752-2525","1900","0900","1900","0900","1900","0900","1900","0900","1900","0900","1300","0900","C1202304","482","66","354","35.1670319376","129.1158497883"
"서울특별시 강남구 테헤란로78길 8, 7층 일부(대치동, 현빌딩)","","7층애약국","02-567-0409","1830","0900","1830","0900","1830","0900","1830","0900","1830","0900","C1100086","061","94","355","37.5056241995223","127.055229647611"
"부산광역시 사하구 낙동남로 1412, 경부빌딩 7층 (하단동)","공휴일 전화 후 방문요망","1호선 하단역 4번 출구","7층약국","051-291-4478","2100","0900","2100","0900","1900","0900","2100","0900","2100","0900","1400","0900","1300","0900","1300","0900","C1202415","494","27","356","35.1057921856","128.9660827522"
"경기도 군포시 산본로323번길 16-30, 성보빌딩 7층 701-1호 (산본동)","7층우리약국","031-000-0000","1800","0900","1800","0900","1800","0900","1800","0900","1800","0900","1300","0900","C2110140","158","65","357","37.3601866277078","126.931607335967"
"경기도 안양시 동안구 시민대로 175, 동안프라자빌딩 704-1호 (비산동)","7층은약국","031-383-2461","1800","0900","1800","0900","1800","0900","1800","0900","1800","0900","1300","0900","C2109420","140","48","358","37.3913516568261","126.950431044036"
"서울특별시 강동구 명일로 117, 106호 (둔촌동)","7형제약국","02-478-9855","2100","0830","2100","0830","2100","0830","2100","0830","2100","0830","2100","0830","C1102839","053","71","359","37.5296118579399","127.142755553005"
"서울특별시 서대문구 성산로 515, 석란 1층 (대신동)","8번가위드팜약국","02-313-4588","1830","0900","1830","0900","1830","0900","1830","0900","1830","0900","1300","0900","C1108747","037","21","360","37.5630333953555","126.94333344961"
"서울특별시 서초구 서초중앙로 125, 로이어즈타워 8층 803호 (서초동)","8층약국","02-582-8885","2000","0900","2000","0900","2000","0900","2000","0900","2000","0900","1600","0900","C1108671","066","44","361"
"경기도 부천시 소사로 712, 1층 일부 (원종동)","9시약국","032-227-0250","2100","0900","2100","0900","2100","0900","2100","0900","2100","0900","2100","0900","2100","0900","2100","0900","C2108743","144","73","362","37.5195971122796","126.805154553858"
"광주광역시 동구 문화전당로26번길 6, 102호 (남동)","연락처 없음","ACC라온약국","062-222-3317","2100","0830","2100","0830","2100","0830","2100","0830","2100","0830","2100","0830","2100","0830","2100","0830","C1501424","614","86","363","35.1448645656579","126.920173384695"
"서울특별시 마포구 월드컵북로 361, 302호 (상암동, DMC이안상암2단지)","휴게시간 평일 13:00~14:00","이안상암2단지 3층 302호","DMC온누리약국","02-483-1457","1900","0920","1900","0920","1900","0920","2100","0920","1900","0920","1400","0920","C1102944","039","08","364","37.577109695587","126.891403860718"
"경기도 고양시 덕양구 향기4로 1, 중흥메디프라자 108호 (향동동)","DMC하나약국","070-4110-2582","1800","0900","1800","0900","1800","0900","1800","0900","1800","0900","C2108217","105","46","365","37.6006924486084","126.895196938768"
"강원특별자치도 원주시 천사로 50, 1층 (단계동, 새동빌딩)","D마트약국","033-746-0114","2100","0900","2100","0900","2100","0900","2100","0900","2100","0900","2100","0900","C2200623","264","36","366","37.347570662870865","127.93097376290898"
"서울특별시 강남구 일원로 53 (일원동)","소림빌딩 1층","E-삼성약국","02-3412-1254","1900","0900","1900","0900","1900","0900","1900","0900","1900","0900","1300","0900","C1104799","063","43","367","37.4892626357407","127.081809638604"
"경기도 수원시 권선구 덕영대로 1205, 103호 (권선동, 미래타운)","권선동이마트정문건너편","E-푸른약국","031-225-5384","2100","0830","2100","0830","2100","0830","2100","0830","2100","0830","1800","0830","C2104343","165","84","368","37.24927037636922","127.02241855622151"
"울산광역시 울주군 범서읍 구영로 86, 2층 202,203호 (GM프라자)","일요일 공휴일 비정기적 운영 신정 구정 추석 당일 휴무","GM프라자","GM약국","052-211-2285","1930","0900","1930","0900","1930","0900","1930","0900","1930","0900","1930","0900","1930","0900","C1700346","449","24","369","35.57482789588707","129.24099513864715"
"경기도 평택시 관광특구로 31 (서정동)","GS약국","031-667-6564","1400","0900","1400","0900","1400","0900","1400","0900","1400","0900","1500","0900","2200","0900","C2103967","177","74","370","37.067078351634706","127.06255549182926"
"서울특별시 구로구 디지털로26길 38, G-Tower 2층 208호 (구로동)","G타워약국","02-6077-3924","1930","0930","1930","0930","1930","0930","1930","0930","1930","0930","C1109493","083","93","371","37.4798477003537","126.895318461208"
"대구광역시 달서구 이곡동로 25 (이곡동)","성서이마트주차장건너편","J,마트약국","053-592-5111","1830","0900","1830","0900","1830","0900","1830","0900","1830","0900","1400","0900","C1300412","426","20","372","35.85422776573565","128.51040420158205"
"경기도 성남시 분당구 느티로 16, 102호 (정자동, 젤존타워1)","J정약국","031-712-5756","2100","0830","2100","0830","2100","0830","2100","0830","2100","0830","1900","0900","1800","1100","1800","1300","C2106843","135","58","373","37.36816487592154","127.106312114134"
"경기도 남양주시 늘을1로 286, 107호 (호평동)","K마트약국","031-595-4703","1530","0900","1530","0900","1530","0900","1530","0900","1530","0900","C2107138","121","52","374","37.6555954294","127.254927064"
"부산광역시 남구 분포로 111","버스정류장: LG메트로시티주상가204호","LG약국","051-612-0123","1900","0900","1900","0900","1900","0900","1900","0900","1900","0900","1400","0900","C1200459","485","16","375","35.126839510949566","129.10956110467495"
"경기도 안양시 만안구 연현로79번길 41, 석수 엘지 빌리지 상가동 534동 101,102호 (석수동)","신정,성탄절 휴무","LG청룡약국","031-472-4487","2100","0900","2100","0900","2100","0900","2100","0900","2100","0900","1900","0900","1700","1000","C2104428","139","03","376","37.430623858571586","126.90138591523585"
"광주광역시 서구 운천로 131 (쌍촌동)","LaVita미래약국","062-676-3111","1830","0830","1830","0830","1830","0830","1830","0830","1830","0830","1300","0830","C1500850","620","02","377","35.14476352358994","126.85689679966464"
"세종특별자치시 한누리대로 161, 세종시 NK리움힐 상가 115,116호 (나성동)","일요일, 공휴일 휴무","나성동","NK드림약국","044-867-4408","1830","0900","1830","0900","1830","0900","1830","0900","1830","0900","1330","0900","C1800275","301","30","378","36.47962250753158","127.26225618927695"
"대구광역시 수성구 달구벌대로 2397, KB손해보험 대구빌딩 (범어동)","대체공휴일이 평일이면 평일 시간으로, 토요일이면 토요일 시간으로 운영","NOON약국","053-744-7026","2000","0900","2000","0900","2000","0900","2000","0900","2000","0900","1700","0900","C1300942","420","19","379","35.859770671614264","128.6249435124628"
"충청북도 청주시 흥덕구 오송읍 봉산2길 16, 106호","평일점심휴게 13시-14시","OK온누리약국","043-232-5577","2000","0830","2000","0830","2000","0830","2000","0830","2000","0830","1500","0830","1500","0900","C2301237","282","22","380","36.6192538022288","127.317746992254"
"인천광역시 서구 가정로 437, 301동 B117호 (가정동, 루원시티 SK Leaders' VIEW)","SK성모약국","032-577-4251","1730","1000","1730","1000","1730","1000","1730","1000","1730","1000","C1401952","227","75","381","37.5242531567177","126.669946582111"
"경기도 수원시 장안구 이목로 24-3, 1층 109호 (정자동)","SK오렌지약국","031-271-3260","2000","0900","2000","0900","2000","0900","2000","0900","2000","0900","1530","0900","C2106844","163","36","382","37.30966269560704","126.98475793493811"
"서울특별시 강북구 솔샘로 184, 에스케이북한산시티 112~113호 (미아동)","SK북한산시티주상가1층(국민은행라인),미양초등길건너","SK온누리약국","02-983-8895","1800","0900","1800","0900","1800","0900","1800","0900","1800","0900","1300","0900","C1103262","011","92","383","37.619956921892836","127.01284947045569"
"충청북도 진천군 덕산읍 시가로 24, 105호 (덕산읍)","SR스타약국","043-535-9333","2000","0830","2000","0830","2000","0830","2000","0830","2000","0830","1400","0830","C2301136","278","71","384","36.9031974340611","127.534524931911"
"인천광역시 연수구 하모니로178번길 6, 121,122,123호 (송도동)","S메디칼약국","032-833-7599","1930","0900","1930","0900","1930","0900","1930","0900","1930","0900","1500","0900","C1401996","220","11","385","37.382340086168","126.641368803184"
"경기도 수원시 영통구 덕영대로 1478, 망포역 포레 스퀘어 1층 119호 (망포동)","THE맑은약국","031-204-1119","2000","0900","2000","0900","2000","0900","2000","0900","2000","0900","1500","0900","C2108947","166","85","386","37.2451658649812","127.052486401956"
"경상남도 고성군 고성읍 중앙로25번길 46","일요일은 장날만 운영 08:00~15:00","새시장 삼성가정의원옆(구.권이당약국)","The가까운약국","055-674-2217","1900","0800","1900","0800","1900","0800","1900","0800","1900","0800","1500","0800","C2800862","529","42","387","34.976242453206346","128.3238420374094"
"경기도 안양시 동안구 부림로 188, 1층 104호 (관양동, 청용빌딩)","일요일 외 법정공휴일 휴업","The나은약국","031-421-4613","2100","0900","2100","0900","2100","0900","2100","0900","2100","0900","1600","0900","1800","1300","C2107459","140","55","388","37.3996773836","126.9616098791"
"부산광역시 부산진구 가야대로679번길 133 (당감동)","2호선 가야역 4번출구/유림아파트상가뒤","The튼튼약국","051-894-5252","1900","0900","1900","0900","1900","0900","1900","0900","1900","0900","1300","0900","1300","0900","C1201383","472","73","389","35.156100330997816","129.0395112682074"
"부산광역시 금정구 서동로 160 (서동)","버스정류장: 세웅병원","The편한약국","051-529-5879","1900","0900","1900","0900","1900","0900","1900","0900","1900","0900","1330","0900","C1202452","463","27","390","35.214647823300005","129.1038996817016"
"경기도 하남시 하남대로 947, 하남테크노밸리 U1 CENTER 104호 (풍산동)","D동 104호","U1스마트약국","031-5180-3525","1900","0900","1900","0900","1900","0900","1900","0900","1900","0900","C2108731","129","82","391","37.5458880294551","127.193631652802"
"인천광역시 미추홀구 경인로 433, 103호 (주안동,VIP클리닉센타)","VIP클리닉센타 103호","VIP우리약국","032-438-3667","1500","0900","1500","0900","1500","0900","1500","0900","1500","0900","1500","0900","C1400853","221","41","392","37.45825700380799","126.68840832901065"
"인천광역시 중구 공항로 272 (운서동, 인천국제공항여객터미널 3층)","공휴일 및 일요일 사전 문의","W-store스타약국","032-743-3828","2200","0600","2200","0600","2200","0600","2200","0600","2200","0600","2200","0600","2200","0600","2200","0600","C1401532","223","82","393","37.449352017338555","126.45054759969678"
"서울특별시 성북구 동소문로 34, 1층 (동소문동3가, 연진빌딩)","먹는치료제 조제기관","지하철4호선한성대입구역1번출구","W스토어 참좋은약국","02-921-1255","2000","0800","2000","0800","2000","0800","2000","0800","2000","0800","1600","0800","C1104800","028","60","394","37.5898223336911","127.009876424166"
"서울특별시 마포구 월드컵로3길 14, 220호 (합정동)","delight이화약국","02-332-3984","2100","0900","2100","0900","2100","0900","2100","0900","2100","0900","2100","0900","2100","1400","C1107943","040","24","395","37.5510079695241","126.91164899787"
"인천광역시 강화군 강화읍 강화대로 402","강화군청 부설주차장 부근","e-믿음약국","032-323-1686","1800","0900","1800","0900","1800","0900","1800","0900","1800","0900","1300","0900","C1400965","230","31","396","37.7430414333588","126.49579355552945"
"경상남도 통영시 광도면 죽림4로 9","2,4주 일요일 휴무(이마트 2층)","2,4주 일요일 휴무(이마트 2층)","통영이마트내2층","e-편한약국","055-649-9401","2000","1000","2000","1000","2000","1000","2000","1000","2000","1000","2000","1000","2000","1000","2000","1000","C2801162","530","13","397","34.8871349198902","128.41799925481408"
"강원특별자치도 원주시 서원대로 406","2018년 추석연휴(휴무)","단구 우리은행 건물 1층","e리더스약국","033-766-9364","2000","0900","1900","0900","1900","0900","1900","0900","2000","0900","1400","0900","1200","0900","C2200610","264","84","398","37.33023250182142","127.94953048458137"
"울산광역시 남구 북부순환도로 45, 1층 (무거동)","일요일은 둘째, 넷째주만 운영","e조은약국","052-277-9881","1830","0900","1800","0900","1800","0900","1800","0900","1800","0900","1330","0900","1700","0900","C1700647","446","29","399","35.5526437984","129.2684999922"
"경기도 안양시 만안구 경수대로 1201, 211호 (석수동, 석수대림아파트상가)","e편한약국","031-471-2830","1830","0900","1830","0900","1830","0900","1830","0900","1830","0900","1330","0900","C2103252","139","61","400","37.4160259175","126.9143332059"
"인천광역시 연수구 송도문화로28번길 28 (송도동)","global연세약국","032-811-0158","1900","0830","1900","0830","1900","0830","1900","0830","1900","0830","1330","0900","C1401530","219","86","401","37.37811861979587","126.65394707788086"
"서울특별시 노원구 동일로 1059, (공릉동)","점심시간 13:00~14:00 설날, 추석 당일만 휴업","i튼튼약국","02-972-0246","2000","0900","2000","0900","2000","0900","2000","0900","2000","0900","1600","0900","1300","0900","1300","0900","C1104353","018","57","402","37.6245300844681","127.072987056792"
"경상남도 창원시 의창구 북면 무동로226번길 18, 103호","the무동약국","055-715-8877","2030","1030","2030","1030","2030","1030","2030","1030","2030","1030","2030","1030","C2802297","511","06","403","35.317895325749","128.584678865891"
"서울특별시 노원구 한글비석로 331, 중계주공3단지아파트단지내상가 101호 (중계동)","the사랑약국","02-933-3678","1900","0900","1900","0900","1900","0900","1900","0900","1900","0900","1700","0900","C1107991","017","11","404","37.6566300376552","127.077445462958"
"전라남도 광양시 진등6길 51 (마동)","광양법원 근처","w-store광양서울약국","061-795-4892","1900","0900","1900","0900","1900","0900","1900","0900","1900","0900","1400","0900","C2600658","577","73","405","34.955089118137145","127.69242971365989"
"경기도 성남시 분당구 서현로180번길 19, 1층 (서현동, 비전월드)","제생병원앞사거리코너","가가가나안백제약국","031-701-3005","1730","0900","1730","0900","1730","0900","1730","0900","1730","0900","1300","0900","1800","1000","C2104499","135","90","406","37.387280565236644","127.12201991410882"
"경기도 성남시 수정구 수정로171번길 21, 1층 (태평동)","가가호호백세약국","031-751-5222","1800","0900","1800","0900","1800","0900","1800","0900","1800","0900","C2108349","132","91","407","37.44468728042","127.138009154583"
"서울특별시 송파구 토성로 16 (풍납동)","가가호호조은약국","02-3784-8500","1800","0900","1800","0900","1800","0900","1800","0900","1800","0900","C1104559","055","35","408","37.5308333268481","127.112129680097"
"세종특별자치시 다솜1로 220, 509동 103~104호 (도담동, 도램마을 5단지)","도담동","가감 충대정문약국","044-868-2266","1730","0900","1730","0900","1730","0900","1730","0900","1730","0900","C1800341","300","98","409","36.518128957912","127.256631385834"
"충청북도 청주시 흥덕구 서부로 1303 (가경동)","달빛어린이병원 협약 약국","홈플러스 롯데리아 입구 앞 건물 (조엘소아과 1층에 위치함)","가경대왕약국","043-237-9014","2100","0900","2100","0900","2100","0900","2100","0900","2100","0900","2100","0900","2100","0900","2100","0900","C2300147","284","13","410","36.615912151547434","127.44343462604206"
"충청북도 청주시 흥덕구 가경로 8-1, 1층 (가경동)","가경중앙약국","043-715-7233","1900","0900","2000","0900","1900","0900","1900","0900","2030","0900","1600","0900","C2301203","284","09","411","36.6168413585767","127.444095274763"
"충청북도 청주시 흥덕구 서현로 60, 129호 (가경동)","가경파크약국","043-231-0919","2000","0830","2000","0830","2000","0830","2000","0830","2000","0830","1330","0830","C2301213","283","82","412","36.617541832001415","127.428835966064"
"서울특별시 강서구 양천로 624, 주산빌딩 103호 (등촌동)","가고싶은 서우약국","02-3661-6288","1930","0900","1930","0900","1930","0900","1930","0900","1900","0900","1300","0900","C1110370","075","53","413","37.554196674029","126.866785330778"
"서울특별시 송파구 강동대로 74, 잠실 올림픽공원 아이파크 상가동 101, 201호 (풍납동)","가고싶은대형약국","02-6956-5677","2000","0830","2000","0830","2000","0830","2000","0830","2000","0830","1300","0900","C1110706","055","06","414","37.5264402340298","127.114931882654"
"경상남도 창원시 마산합포구 완월동15길 22 (장군동5가)","가고파 약국","055-243-9832","1830","0830","1830","0830","1830","0830","1830","0830","1830","0830","1330","0830","C2801861","512","64","415","35.199857342420216","128.56603932573785"
"전라남도 순천시 고지1길 4(가곡동)","가곡우리약국","061-754-0070","1830","0840","1830","0840","1830","0840","1830","0840","1830","0840","1300","0840","C2601265","579","23","416","34.9800813200666","127.484586344355"
"경상북도 포항시 남구 희망대로 614(대잠동)","가까운 온누리 약국","054-277-9695","1800","0900","1800","0900","1800","0900","1800","0900","1800","0900","1300","0900","C2701418","376","62","417","36.01295725969922","129.34081004297644"
"경기도 광명시 덕안로104번길 17, B126호 (일직동)","가까운광명약국","02-6676-4600","1800","0900","1800","0900","1800","0900","1800","0900","1800","0900","1300","0900","C2109049","143","53","418","37.4242146189695","126.887063229173"
"서울특별시 강동구 동남로 891, 1층 102호 (명일동)","가까운단골약국","02-441-8855","1830","0830","1830","0830","1830","0830","1830","0830","1830","0830","1330","0830","C1110471","052","69","419","37.5533185664951","127.155947723578"
"강원특별자치도 춘천시 삭주로 75-5 (교동)","가까운대학약국","033-257-2571","1300","0830","1300","0830","1300","0830","1300","0830","1300","0830","C2200890","242","53","420","37.883902878754384","127.73898146302502"
"경기도 이천시 영창로 108, 1층 101-103호 (관고동, 이천 벽산블루밍아파트)","가까운대학약국","031-634-1102","1800","0830","1800","0830","1800","0830","1800","0830","1800","0830","C2107791","173","66","421","37.28305762016824","127.43529121845226"
"인천광역시 계양구 계양문화로 21, 101-104호 (작전동)","가까운대학약국","032-542-7549","1300","0900","1300","0900","1300","0900","1300","0900","1300","0900","1400","0830","C1401615","210","79","422","37.532662503","126.7359928339"
"충청남도 천안시 동남구 봉명2길 1, 1층 (봉명동)","가까운대학약국","041-903-9995","1900","0830","1900","0830","1900","0830","1900","0830","1900","0830","1230","0830","C2401880","311","51","423","36.8044123576697","127.135386182978"
"경기도 성남시 분당구 돌마로 169, 더샵 분당파크리버 201동 B104,104,105,106호 (정자동)","가까운대학약국","031-712-5617","1900","0900","1900","0900","1900","0900","1900","0900","1900","0900","1300","0900","C2109218","136","06","424","37.3546675273321","127.117695434222"
"인천광역시 미추홀구 숙골로87번길 5, 204동 2층 2-19호 (도화동, 더샵 인천스카이타워 2단지)","가까운도화약국","032-874-4778","2100","0900","2100","0900","2100","0900","2100","0900","2100","0900","2100","0900","2100","0900","2100","0900","C1402169","221","01","425","37.4694745961039","126.663261879268"
"경기도 용인시 기흥구 동백죽전대로 333, 지4층 108,109호 (중동, 스프링카운티자이)","가까운독수리약국","031-286-5505","1830","0850","1830","0850","1830","0850","1830","0850","1830","0850","1300","0850","C2108455","169","95","426","37.2693583911549","127.150343760403"
"서울특별시 성북구 고려대로17길 3, 지하1층 (안암동2가)","가까운동문약국","02-929-2111","1930","0830","1930","0830","1930","0830","1930","0830","1930","0830","C1109949","028","43","427","37.5864842280059","127.025170804339"
"인천광역시 미추홀구 인주대로128번길 7-10, 1층 (용현동)","가까운무궁화약국","032-888-2593","1800","0900","1800","0900","1800","0900","1800","0900","1800","0900","C1401767","221","83","428","37.45595220396657","126.65161313604222"
"서울특별시 강동구 양재대로 1576, 삼익빌딩 1층 (명일동)","가까운사랑약국","02-428-4428","2000","0830","2000","0830","2000","0830","2000","0830","2000","0830","1600","0830","1400","0900","1400","0900","C1108593","052","96","429","37.5461618332538","127.143454293865"
"충청남도 천안시 동남구 봉명4길 15, 101동 상가동 39호 (봉명동, 봉명역센트럴시티아파트)","설날, 추석 명절 당일 운영시간 13:00~20:00","고속버스터미널 매표소 앞","가까운삼성약국","041-578-1134","1900","0900","1900","0900","1900","0900","1900","0900","1900","0900","1600","0900","C2400416","311","51","430","36.81927687770659","127.15441549151161"
"경기도 성남시 분당구 서현로180번길 19, 비전월드 1층 101-13호 (서현동)","가까운상생약국","031-702-8276","2000","0830","2000","0830","2000","0830","2000","0830","2000","0830","1700","0900","1500","0900","1500","0900","C2109438","135","90","431","37.3873395397425","127.12246451531"
"서울특별시 송파구 토성로 18, 1층, 지층 (풍납동)","가까운새서울약국","02-477-8205","1830","0830","1830","0830","1830","0830","1830","0830","1830","0830","C1108571","055","35","432","37.5308242556002","127.112288962129"
"경기도 수원시 팔달구 중부대로87번길 6, 1층 (지동)","가까운성모약국","031-258-2161","1800","0830","1800","0830","1800","0830","1800","0830","1800","0830","C2108372","162","47","433","37.2768025325841","127.026258465101"
"세종특별자치시 다솜1로 220, 101,102,201호 (도담동, 도램마을 5단지)","토요일, 일요일 및 공휴일 휴무","토요일, 일요일 및 공휴일 휴무","도담동","가까운세종충대약국","044-863-8201","1800","0900","1800","0900","1800","0900","1800","0900","1800","0900","C1800297","300","98","434","36.5181372213656","127.256769628322"
"충청북도 음성군 맹동면 용두5길 5, 112,113호","2025.12. 둘째주 가오픈","가까운소망약국","050-71363-0532","1800","0900","1800","0900","1800","0900","1800","0900","1800","0900","C2301307","277","39","435","36.9068738962751","127.552462247442"
"서울특별시 서대문구 연세로 40, 1~4층 (창천동)","가까운신촌약국","02-362-1001","1900","0900","1900","0900","1900","0900","1900","0900","1900","0900","1400","0900","C1108766","037","76","436","37.5591497752888","126.937172778833"
"부산광역시 해운대구 좌동순환로249번길 11, 르네상스오피스텔 101호 (좌동)","가까운약국","051-710-5022","1800","0900","1800","0900","1800","0900","1800","0900","1800","0900","C1203085","481","08","437","35.1739638173588","129.18147846352"
"서울특별시 금천구 독산로 133, 1층 (시흥동)","가까운약국","02-802-7779","1830","0800","1830","0800","1830","0800","1830","0800","1830","0800","1430","0800","C1109519","086","22","438","37.4591802926417","126.904873735784"
"경상남도 양산시 물금읍 화합길 3","가까운약국","055-913-8275","1800","0830","1800","0830","1800","0830","1800","0830","1800","0830","C2802322","506","10","439","35.3289889931094","129.008540459895"
"충청남도 천안시 서북구 충무로 125 (쌍용동)","예일병원 옆 BYC건물","가까운약국","041-578-7524","1800","0900","1800","0900","1800","0900","1800","0900","1800","0900","1300","0900","C2401261","311","74","440","36.7927899089566","127.12132430068121"
"경상남도 거창군 거창읍 송정1길 24-20","◆월-금: 09:00-19:00 ※방문 전 연락 후 방문바랍니다.","가까운약국","055-942-3690","1900","0900","1900","0900","1900","0900","1900","0900","1900","0900","1300","0900","C2802232","501","42","441","35.6816941653059","127.898460937219"
"경상남도 김해시 가락로 355 (구산동)","가까운약국","055-332-9600","1800","0900","1800","0900","1800","0900","1800","0900","1800","0900","1300","0900","C2802118","509","05","442","35.2563631432653","128.870218847627"
"경상남도 통영시 무전대로 65, 롯데마트통영점 1층 (무전동)","롯데마트 1층","가까운약국","055-643-2333","2200","1000","2200","1000","2200","1000","2200","1000","2200","1000","2200","1000","2200","1000","2200","1000","C2802174","530","36","443","34.860578142666","128.428237605428"
"강원특별자치도 춘천시 서부대성로227번길 15-7 (효자동)","강원대학교병원응급실맞은편","가까운약국","033-244-9407","1800","0830","1800","0830","1800","0830","1800","0830","1800","0830","C2200344","242","89","444","37.8740528425662","127.74445377962604"
"서울특별시 관악구 양녕로 46, 112호 (봉천동, 메카플러스)","가까운약국","02-883-7266","2000","0830","2000","0830","2000","0830","2000","0830","2000","0830","1700","0830","1400","0900","1400","0900","C1107473","087","47","445","37.4861580878937","126.947238616678"
"서울특별시 성북구 보문로 44 (보문동7가)","가까운약국","02-3291-5354","2000","0900","2000","0900","2000","0900","2000","0900","2000","0900","1800","0900","C1106984","028","59","446","37.5795440933843","127.022768080008"
"경기도 성남시 분당구 돌마로 68","미금역 3번출구 롯데리아 건물 4층 (분당프라자 403-1호일부)","가까운약국","031-712-7300","1930","0840","1930","0840","1930","0840","1930","0840","1930","0840","C2102366","136","27","447","37.3496408627807","127.10953128514359"
"경기도 이천시 장호원읍 서동대로 8787","가까운약국","031-641-8077","2100","0900","2100","0900","2100","0900","2100","0900","2100","0900","1800","0900","C2107555","174","21","448","37.1154989065","127.6116971114"
"경기도 파주시 문산읍 방촌로 1675-22","대표번호 좀 수정 해 주세요 031-952-5700","추석연휴 9월28~10월3일까지 휴무없이 근무합니다. 영업시간 0800~2200","가까운약국","031-952-5700","2200","0800","2200","0800","2200","0800","2200","0800","2200","0800","2500","0830","2500","1600","2200","1600","C2109474","108","16","449","37.8641875181502","126.781450376373"
"경기도 김포시 돌문로 98 (사우동)","가까운약국","031-984-4117","2100","0800","2100","0800","2100","0800","2100","0800","2100","0800","2000","0800","C2106836","101","08","450","37.62201667784355","126.71326253476256"
"경기도 안양시 만안구 안양로 225","가까운약국","031-468-5566","1800","0830","1800","0830","1800","0830","1800","0830","1800","0830","1300","0830","C2103560","140","30","451","37.39324964005384","126.92522282439228"
"충청북도 옥천군 옥천읍 관성로 5","예인의원 옆","가까운약국","043-731-5275","1900","0800","2000","0800","1800","0800","2000","0800","1900","0800","1300","0800","C2300028","290","39","452","36.302760718013175","127.57084488115446"
"충청북도 청주시 청원구 주성로 172(율량동)","성모병원앞","가까운약국","043-213-8861","1820","0900","1820","0900","1820","0900","1820","0900","1820","0900","1300","0900","C2300272","283","28","453","36.6718313208907","127.48538998279794"
"경기도 용인시 처인구 명지로40번길 15-9, 유니버스트윈1 109,110호 (역북동)","가까운약국","031-328-0325","1800","0900","1800","0900","1800","0900","1800","0900","1800","0900","1300","0900","C2109729","170","56","454","37.2316130577264","127.186745583463"
"서울특별시 영등포구 당산로 34, 로데오 ？ 쇼핑몰 1층 (문래동3가)","가까운약국","02-2671-8231","2130","0900","2130","0900","2130","0900","2130","0900","2130","0900","1600","0900","C1108705","072","97","455","37.5174631210953","126.896493699106"
"인천광역시 남동구 소래역로 38, 젠트라움논현 1층 107호 (논현동)","신규기관. 홈페이지 확인필요","가까운약국","032-423-5025","1800","0900","1800","0900","1800","0900","1800","0900","1800","0900","C1402137","216","73","456","37.4006256907653","126.735217334847"
"서울특별시 서대문구 모래내로 364 (홍은동)","토요일 운영시간 불규칙하여 전화확인필요 - 정규 영업시간 이외에도 운영중일 수 있으니 전화주세요.","가까운약국","02-394-7789","1800","0900","1800","0900","1800","0900","1800","0900","1800","0900","1400","0900","C1107045","036","53","457","37.5818772040339","126.936508595384"
"경기도 고양시 일산동구 강송로 49","가까운약국","031-901-7939","1930","0900","1930","0900","1930","0900","1930","0900","1930","0900","1400","0900","C2102856","104","50","458","37.64496739544569","126.79220991993175"
"서울특별시 동대문구 천호대로 313 10호, 11호 (답십리동, 태영빌딩)","답십리역 4번 출구","가까운약국","02-3394-4882","2000","0900","2000","0900","2000","0900","2000","0900","2000","0900","1400","0900","C1104769","026","22","459","37.5654438438652","127.055308303617"
"서울특별시 중랑구 겸재로9길 53 (면목동)","가까운약국","02-491-0388","1900","0900","1900","0900","1900","0900","1900","0900","1900","0900","1600","0900","C1110136","021","34","460","37.5888722140842","127.078109686296"
"경기도 군포시 번영로 515, 112호 (산본동, 유화프라자빌딩)","원광대병원 옆","가까운약국","031-395-7586","1900","0830","1900","0830","1900","0830","1900","0830","1900","0830","1400","0830","C2106624","158","65","461","37.35908289435497","126.93370910660761"
"서울특별시 강서구 공항대로 426 (화곡동)","가까운약국","02-2697-7796","1800","0930","1800","0930","1800","0930","1800","0930","1800","0930","1300","0930","C1102125","076","54","462","37.5548319100792","126.854229652711"
"서울특별시 은평구 통일로 738, 1층 3호 (불광동)","공휴일에는 해당 요일의 운영시간 적용","가까운약국","02-356-9813","2100","0850","2000","0850","2100","0850","2000","0850","2100","0850","2000","0850","2100","1700","2200","0900","C1109050","033","58","463","37.611415859944","126.929406673052"
"강원특별자치도 홍천군 홍천읍 너브내길 37-9 (홍천읍)","가까운약국","033-434-8484","1900","0900","1900","0900","1800","0900","1800","0900","1900","0900","1300","0900","C2200971","251","39","464","37.6879494807","127.8833182433"
"대구광역시 수성구 달구벌대로 2346-2","대구은행본점~범어역 중간 (수협은행 옆)","가까운약국","053-741-8813","1800","0900","1800","0900","1800","0900","1800","0900","1800","0900","C1300587","421","15","465","35.859121820180555","128.61906770660335"
"부산광역시 해운대구 구남로8번길 77 (우동)","일, 공휴일 전화 후 방문요망","2호선 해운대역 7번출구","가까운약국","051-731-1088","1830","0900","1830","0900","1830","0900","1830","0900","1830","0900","1400","0900","C1202198","480","94","466","35.160951955424004","129.15564812433138"
"부산광역시 서구 대신공원로 29, (서대신동3가)","버스정류장: 동아대병원 앞","가까운약국","051-248-6111","1800","0830","1800","0830","1800","0830","1800","0830","1800","0830","C1200899","492","02","467","35.1205528524","129.0165752095"
"부산광역시 동래구 충렬대로181번길 17, (명륜동)","대동병원 후문","가까운약국","051-554-2674","1800","0900","1800","0900","1800","0900","1800","0900","1800","0900","1300","0900","1300","0900","C1200370","477","36","468","35.2045534215","129.0797966492"
"경기도 화성시 남양읍 남양로920번길 8-10, 105호","가까운약국","031-356-0506","1830","0900","1830","0900","1830","0900","1830","0900","1830","0900","1430","0900","C2108666","182","56","469","37.2171014882153","126.832709496121"
"부산광역시 부산진구 가야대로 779 (부전동)","롯데백화점 부산본점 맞은편 택시승강장앞 던킨도너츠건물","가까운약국","051-819-1421","1900","0900","1900","0900","1900","0900","1900","0900","1900","0900","1700","0900","1900","0900","1900","0900","C1201042","472","57","470","35.1579562644","129.0568038509"
"충청북도 영동군 황간면 황간로 38 (황간분식)","황간농협 옆","가까운약국","043-742-6390","1800","0900","1800","0900","1800","0900","1800","0900","1800","0900","C2301029","291","15","471","36.2282337887","127.9093845529"
"충청북도 충주시 중앙로 67, 신천지타운 102호 (충의동)","농협 옆/17.7.3 오픈","가까운약국","043-845-8850","1900","0830","1900","0830","1900","0830","1900","0830","1900","0830","1500","0830","C2301043","273","86","472","36.9731194446","127.9308557178"
"충청북도 청주시 흥덕구 풍산로 36 (가경동)","가경터미널시장입구","가까운약국","043-233-8045","1900","0900","1900","0900","1900","0900","1900","0900","1900","0900","1530","0900","1300","0900","C2300123","283","99","473","36.62648090968745","127.43450187671306"
"서울특별시 서초구 동작대로 140, 송언빌딩 1층 (방배동)","가까운약국","070-4116-7212","1900","0900","1900","0900","1900","0900","1900","0900","1900","0900","1500","0900","C1110250","065","67","474"
"울산광역시 중구 외솔큰길 207 (남외동)","DK동천병원 옆","가까운온누리약국","052-297-3500","1800","0900","1800","0900","1800","0900","1800","0900","1800","0900","1300","0900","C1700602","444","95","475","35.56826942502029","129.35061547308132"
"서울특별시 양천구 목동서로 349, 센트럴프라자 106호 (신정동)","매월 첫번쨰 일요일 휴무 / 구정, 추석 당일 휴무","양천구청뒤센트럴프라자빌딩1층106호","가까운온누리약국","02-2650-8828","2000","0900","2000","0900","2000","0900","2000","0900","2000","0900","2000","0900","2000","1300","2000","1300","C1102849","080","95","476","37.517406535882","126.865306840725"
"경기도 안산시 단원구 광덕대로 181, BYC빌딩 1층 (고잔동)","가까운온누리약국","031-411-7823","1900","0900","1900","0900","1900","0900","1900","0900","1900","0900","1500","0900","C2100524","154","61","477","37.31277779043909","126.82926432850414"
"경기도 화성시 향남읍 상신하길로 66, 102호 (드림시티빌딩)","가까운온누리약국","031-353-6050","1900","0900","1900","0900","1900","0900","1900","0900","1900","0900","1300","0900","C2107567","186","16","478","37.1005134938","126.8966413873"
"부산광역시 서구 감천로 261 (암남동)","버스정류장: 고신대복음병원맞은편","가까운우리약국","051-253-3062","1830","0830","1830","0830","1830","0830","1830","0830","1800","0830","C1201293","492","65","479","35.08144712256057","129.01646714319452"
"서울특별시 용산구 대사관로31길 7-10, 1층 (한남동)","가까운우리약국","02-749-6011","1800","0830","1800","0830","1800","0830","1800","0830","1800","0830","1300","0900","C1108971","044","01","480","37.5339501993723","127.005386297217"
"서울특별시 송파구 강동대로 74, 잠실올림픽아이파크상가 1층 108호, 지층 B103호 (풍납동)","우성상가내","가까운이화약국","02-489-4383","1830","0900","1830","0900","1830","0900","1830","0900","1830","0900","C1103201","055","06","481","37.5264402340298","127.114931882654"
"경기도 의정부시 동일로 725, 105,106호 (금오동)","의정부 을지대학교병원 지하1층 건너 제일 큰 약국입니다. 전자동 클린조제 시스템을 갖추고 있으며, 희귀약품 조제 가능합니다.","가까운정문약국","031-848-8119","1900","0800","1900","0800","1900","0800","1900","0800","1900","0800","1330","0900","C2108881","117","49","482","37.751127842725","127.049570933449"
"경기도 안성시 남파로 99, 1층 (당왕동)","토요일은 격주로 운영","가까운정문약국","031-674-7789","1830","0830","1830","0830","1830","0830","1830","0830","1830","0830","C2107781","175","68","483","37.01654680304999","127.2612715565542"
"서울특별시 중랑구 신내로16길 17, 101호 (신내동)","서울의료원 앞","가까운정문약국","070-4402-2579","1800","0900","1800","0900","1800","0900","1800","0900","1800","0900","1800","0900","1800","0900","1800","0900","C1108660","020","53","484","37.6141751592324","127.097180289147"
"인천광역시 남동구 논현로 69, 하늘마을휴먼시아3단지 상가비동 103, 201, 202호 (논현동)","가까운정문약국","032-429-8203","1800","0930","1800","0930","1800","0930","1800","0930","1800","0930","C1401868","216","50","485","37.4020362820175","126.714148144253"
"경기도 고양시 덕양구 화수로14번길 62, 1층 (화정동)","가까운제일약국","031-967-8791","1800","0900","1800","0900","1800","0900","1800","0900","1800","0900","1300","0900","C2110109","104","75","486","37.6421190492365","126.829811737962"
"서울특별시 강서구 마곡중앙4로 74, 106~107호 (마곡동)","가까운중앙약국","02-2662-3675","1830","0830","1830","0830","1830","0830","1830","0830","1830","0830","C1108400","078","05","487","37.5578847487506","126.834921605573"
"서울특별시 강서구 공항대로36길 9, 1층 (내발산동)","가까운천사약국","02-2662-0266","1830","0830","1830","0830","1830","0830","1830","0830","1830","0830","1330","0900","C1108270","076","32","488","37.5581185720148","126.837464975433"
"경기도 수원시 팔달구 중부대로106번길 5, 2층 (인계동)","가까운천사약국","031-226-2004","1800","0900","1800","0900","1800","0900","1800","0900","1800","0900","1300","0900","C2109571","164","71","489","37.2774173941657","127.028250960504"
"경기도 성남시 수정구 수정로171번길 17-1, 1층 일부호 (태평동)","가까운태평양약국","031-752-8020","1800","1000","1800","1000","1800","1000","1800","1000","1800","1000","C2108341","132","91","490","37.443729832962","127.139110774766"
"부산광역시 사상구 학감대로 226, 1층 (감전동)","가까운편한약국","051-323-3737","1715","0815","1715","0815","1715","0815","1715","0815","1715","0815","1300","0815","C1202802","469","85","491","35.1510426876361","128.990102370903"
"전라남도 순천시 해룡면 순광로 234-9, 가동 1층 101호","일요일 2,4주 휴무","가까운평화약국","061-721-7500","1900","0930","1900","0930","1900","0930","1900","0930","1900","0930","1400","0930","1400","0930","1400","0930","C2601161","579","72","492","34.963534635494476","127.54526744785693"
"서울특별시 강북구 한천로132길 28 (번동)","가까운현대약국","02-6405-5452","1900","0900","1900","0900","1900","0900","1900","0900","1900","0900","1400","0900","C1108936","010","58","493","37.6399796534343","127.029341793382"
"경기도 수원시 영통구 매봉로 20, 211동 104,105호 (매탄동, 매탄 e-편한세상)","가까운효정약국","031-216-1275","1800","0900","1800","0900","1800","0900","1800","0900","1800","0900","1300","0900","C2110177","165","27","494","37.2693936820941","127.052622384357"
"경기도 수원시 권선구 매송고색로 716, 1층 (고색동)","방문 전 전화확인 필수(종료시간 매일 변동)","가나다약국","031-297-1717","1900","0900","1900","0900","1900","0900","1900","0900","1900","0900","1700","0900","C2101324","166","49","495","37.25104973771223","126.9824883882294"
"충청남도 천안시 서북구 충무로 131 (쌍용동)","예일병원 옆","가나다약국","041-577-7508","1830","0900","1830","0900","1830","0900","1830","0900","1830","0900","1330","0900","C2400083","311","74","496","36.79300190431202","127.12198343153179"
"충청남도 부여군 부여읍 계백로 202,","건양대부여병원-경찰서 사이","가나다약국","041-832-9255","1730","0830","1730","0830","1730","0830","1730","0830","1730","0830","1230","0830","C2400351","331","69","497","36.275793710723846","126.90210212634294"
"인천광역시 부평구 부평대로 24, 1층 (부평동, 가나베스트텔)","부평역 부근 씨티은행 건물","가나메디칼약국","032-504-9662","2200","0900","2200","0900","2200","0900","2200","0900","2200","0900","2200","0900","2100","1000","2100","1000","C1400045","213","94","498","37.49355522369153","126.72330734810825"
"서울특별시 성북구 고려대로13길 8, 1층 (안암동2가)","서울안암초 인근","가나안약국","02-928-4545","1900","0800","1900","0800","1900","0800","1900","0800","1900","0800","1400","0800","C1107746","028","43","499","37.5869966613958","127.023677137625"
"경기도 의왕시 원골로 39, 모락산현대아파트 상가 104~105호 (오전동)","오전동성당앞","가나안약국","031-455-5782","1800","1000","1800","1000","1800","1000","1800","1000","1800","1000","1500","0900","C2102146","160","49","500","37.36074085421456","126.96893761352469"
"서울특별시 중랑구 봉우재로 39, (면목동)","가나안약국","02-434-9259","1900","0900","1900","0900","1900","0900","1900","0900","1900","0900","1900","0900","2230","0900","C1102128","021","28","501","37.5907081718842","127.077553963477"
"경기도 부천시 원미구 부천로 30, 1층 (심곡동)","가나안약국","032-652-7582","2200","0900","2200","0900","2200","0900","2200","0900","2200","0900","2200","0900","C2106467","146","41","502","37.48681891775533","126.78355749861768"
"경기도 고양시 일산서구 중앙로 1415, 108호(주엽동,효원빌딩)","가나약국","031-912-2627","1900","0900","1900","0900","1900","0900","1900","0900","1900","0900","1600","0900","C2102523","103","86","503","37.670598400484415","126.75915837285771"
"경기도 용인시 기흥구 구성3로28번길 24, 105호 (청덕동, 가나프라자1차)","가나약국","031-693-8543","2000","0900","2000","0900","2000","0900","2000","0900","2000","0900","1430","0900","C2101468","168","92","504","37.29558322484209","127.15213965009835"
"경기도 하남시 미사강변대로 84, 미사탑프라자 110호 (풍산동)","주말 운영시간 홈페이지 참고(매주 변동)","가나약국","031-796-0095","2100","1000","2100","1000","2100","1000","2100","1000","2100","1000","2100","1600","2100","1600","C2107631","129","19","505","37.5574088088","127.1879993701"
"서울특별시 중구 다산로 171, 1층 (신당동)","13:00~14:00 휴게시간","가나약국","050-71353-4364","1800","0930","1800","0930","1800","0930","1300","0930","1800","0930","1300","0930","C1109800","046","08","506","37.5588234358538","127.012639205053"
"전북특별자치도 전주시 완산구 한두평3길 14 (중화산동2가)","전주병원 앞","가나약국","063-226-4488","1830","0830","1830","0830","1830","0830","1830","0830","1830","0830","1300","0830","C2500317","549","85","507","35.81473696818965","127.12429223199216"
"서울특별시 은평구 서오릉로 46","녹번2차 현대아파트 201동 상가104호","가나약국","02-352-5088","1830","0900","1830","0900","1830","0900","1830","0900","1830","0900","1300","0900","C1104479","033","79","508","37.60498379153501","126.9244661775661"
"전라남도 목포시 영산로 343, 1층 (용당동)","구)mbc방송국 건너편","가나약국","061-279-6500","1800","0700","1800","0700","1800","0700","1800","0700","1800","0700","1230","0700","C2601182","586","51","509","34.806248149109706","126.40288563972804"
"강원특별자치도 춘천시 후석로 355","포스코 근방","가나약국","033-255-3336","1820","0830","1820","0830","1820","0830","1820","0830","1820","0830","1300","0830","C2200050","242","56","510","37.88250387100477","127.74781232451275"
"대구광역시 달서구 월배로 175, 우리빌딩 102호 (상인동)","가나약국","053-638-9404","1900","0900","1900","0900","1900","0900","1900","0900","1900","0900","1600","0900","C1300129","427","81","511","35.8175214677645","128.532679981505"
"경기도 여주시 가남읍 태평2길 33, 1층 (가남읍)","가남 프라자약국","031-881-3573","2200","0800","2200","0800","2200","0800","2200","0800","2200","0800","2200","0800","2200","0800","C2101241","126","62","512","37.2040415407","127.5447428848"
"경기도 의정부시 호국로 1127","가능하주약국","031-875-7775","1930","0900","1930","0900","1930","0900","1930","0900","1930","0900","1600","0900","C2103021","116","58","513","37.74284012619944","127.02902361821407"
"서울특별시 송파구 충민로 52, 가든파이브웍스 S동 307호 (문정동)","공휴일은 영업시간 문의","가든건강약국","070-4667-4880","2000","1000","2000","1000","2000","1000","2000","1000","2000","1000","1700","1000","1700","1000","1700","1000","C1107837","058","39","514","37.4777176293094","127.122746043108"
"전라남도 순천시 장명로 47 (장천동)","시청과 시청별관사이","가든약국","061-743-7665","1830","0900","1830","0900","1830","0900","1830","0900","1830","0900","1230","0900","C2600093","579","56","515","34.951153669816854","127.48921002554134"
"경기도 과천시 과천대로 111, 렉서 3층 305(일부)호 (갈현동)","가든약국","02-504-0525","1800","0900","1800","0900","1800","0900","1800","0900","1800","0900","1300","0900","C2110133","138","40","516","37.4126466419334","126.980689011081"
"광주광역시 북구 제봉로 297","중흥6거리기노석외과옆","가든약국","062-527-0550","2000","0730","2000","0730","2000","0730","2000","0730","2000","0730","2000","0730","2030","0700","2000","0730","C1500045","612","34","517","35.160949514665106","126.91004804516228"
"서울특별시 송파구 충민로 66 (문정동)","구정, 추석 당일 휴무","가든파이브라이프관 1001","가든파이브약국","02-2157-0600","2100","0900","2100","0900","2100","0900","2100","0900","2200","0900","2200","0900","2200","0900","2200","0900","C1103692","058","38","518","37.47774008369275","127.12581159324964"
"서울특별시 금천구 가산디지털1로 171, 가산 에스케이 브이원 센터 1층 117호 (가산동)","가디온누리약국","02-6674-5544","1900","0830","1900","0830","1900","0830","1900","0830","1500","0830","C1108322","085","03","519","37.4808318534376","126.880662051163"
"서울특별시 송파구 송파대로 286, 신흥빌딩 1층 (가락동)","가락약국","02-449-8421","1900","0900","1900","0900","1900","0900","1900","0900","1900","0900","1300","0900","C1110884","057","11","520","37.4949097445699","127.117167801024"
"서울특별시 송파구 동남로 207 (가락동)","평일 운영 종료 시간 18:30~19:00 변동 가능성 있음","가락온누리약국","02-400-3332","1830","0900","1830","0900","1830","0900","1830","0900","1830","0900","1430","0900","C1100151","058","20","521","37.4960694243582","127.130903505914"
"대구광역시 북구 학정로109길 41","가람대학약국","053-326-7720","1800","0900","1800","0900","1800","0900","1800","0900","1800","0900","C1300920","414","05","522","35.954331831087856","128.5640972299672"
"울산광역시 남구 삼산로 159-1 (달동)","심야응급약국","중앙학문병원옆","가람약국","052-257-7584","2600","0900","2600","0900","2600","0900","2600","0900","2600","0900","2600","0900","2600","0900","2600","0900","C1700242","446","95","523","35.537038920825616","129.32468930224465"
"서울특별시 금천구 가산디지털1로 5, 대륭테크노타운 20차 107호 (가산동)","가람약국","02-2225-0048","2000","0800","2000","0800","2000","0800","2000","0800","2000","0800","C1108810","085","94","524","37.4667454838323","126.886718830722"
"경기도 김포시 고촌읍 김포대로 328, 311-B호","가람약국","031-986-2717","2100","0900","2100","0900","1900","0900","2100","0900","2100","0900","C2107568","101","25","525","37.6000436217","126.7710950498"
"전북특별자치도 군산시 문화로 113 (수송동)","가람약국","063-465-7251","1800","0900","1800","0900","1230","0900","1800","0900","1800","0900","1230","0900","C2501483","540","82","526","35.9701415019776","126.718256139518"
"서울 은평구 통일로 1030 은평헤스티아 1차 101호 (진관동)","가람약국","02-351-3200","1830","0830","1830","0830","1830","0830","1830","0830","1830","0830","1300","0830","C1108357","033","11","527","37.6341922549283","126.917695482942"
"경기도 화성시 동탄대로시범길 134, 판매시설 1128호,1129호 (청계동, 시범 반도유보라 아이비파크4.0)","가람약국","031-377-7674","2000","0800","2000","0800","2000","0800","2000","0800","2000","0800","1430","0800","1300","0800","1300","0800","C2106845","184","76","528","37.20074403394052","127.11474125124371"
"강원특별자치도 춘천시 효자문길 1 (효자동)","신동아 아파트 옆","가람약국","033-254-0029","2000","0900","2000","0900","2000","0900","2000","0900","2000","0900","2000","0900","1900","0900","2000","0900","C2200110","243","36","529","37.8711603625315","127.7321549396018"
"대구광역시 북구 칠곡중앙대로 443","명문빌딩1층","가람약국","053-321-7273","1830","0930","1830","0930","1830","0930","1830","0930","1830","0930","1300","0930","C1300223","414","47","530","35.935335509747645","128.54855172014248"
"대구광역시 서구 팔달로 54, 이마트트레이더스 1층 (비산동)","이마트 운영시간에 따라 약국운영. 둘째 넷째 일요일 휴진","가람약국","053-353-3772","2200","1000","2200","1000","2200","1000","2200","1000","2200","1000","2200","1000","2200","1000","2200","1000","C1301566","417","10","531","35.88990491231445","128.5559635920452"
"부산광역시 사하구 다대로 143(신평동)","강동병원앞","가람약국","051-293-8760","1830","0900","1830","0900","1830","0900","1830","0900","1830","0900","1330","0900","C1200729","493","93","532","35.08969093948931","128.97794581110972"
"충청북도 청주시 상당구 월평로 172 (용암동)","가람약국","043-293-7272","1930","0900","1930","0900","1930","0900","1930","0900","1930","0900","1400","0900","C2300008","287","76","533","36.610638966084814","127.50341026632888"
"서울특별시 종로구 사직로8길 4, 301동 B127호 (사직동, 광화문 풍림스페이스본)","가람약국","02-733-9303","2000","1000","2000","1000","2000","1000","2000","1000","2000","1000","2000","1000","2000","1000","2000","1000","C1109425","031","68","534","37.5746716527447","126.968429762772"
"충청남도 천안시 서북구 성성8로 14-4, 미주타워 105호 (성성동)","가람약국","041-554-8788","1900","0900","1900","0900","1900","0900","1900","0900","1900","0900","1800","0900","C2400596","310","78","535","36.8403858809065","127.128731325147"
"서울특별시 양천구 공항대로 564, 1층 5호 (목동)","가람약국","02-2658-3518","2030","0900","2030","0900","2000","0900","2000","0900","2000","0900","1800","0900","C1110456","079","47","536","37.5490944643642","126.86787195618"
"부산광역시 동래구 화현길 31, 1층 (안락동)","가람약국","051-523-5533","2000","0900","2000","0900","2000","0900","2000","0900","2000","0900","1300","0900","C1202966","477","95","537","35.1962526464988","129.108791378456"
"경상남도 거창군 거창읍 거창대로1길 7-2 (거창읍)","※ 방문 전 연락 후 방문 바랍니다","가람약국","055-945-3651","1800","0900","1800","0900","1800","0900","1800","0900","1800","0900","1300","0800","1800","1400","C2802093","501","37","538","35.6873284300761","127.916803997127"
"경기도 남양주시 도농로 1 (다산동)","가람약국","031-557-5050","1930","0900","1930","0900","1930","0900","1930","0900","1930","0900","1700","0900","C2102791","122","60","539","37.60610998403371","127.15725273744901"
"서울특별시 구로구 경인로40길 12, GB빌딩 1층 (개봉동)","- 매달 2,4주만 근무","가람약국","02-2614-7645","2100","0830","2000","0830","2000","0830","2000","0830","2000","0830","1600","0900","1400","1100","C1109499","082","77","540","37.4962642022543","126.859131313522"
"경기도 용인시 수지구 만현로 88","가람약국","031-266-9460","1830","0900","1830","0900","1830","0900","1830","0900","1830","0900","1230","0900","C2100492","169","30","541","37.308905341762696","127.08531082812544"
"경기도 고양시 일산서구 킨텍스로 255, 일산 디엠시티 스카이뷰 139호 (대화동)","가람약국","031-917-7720","1800","0900","1800","0900","1800","0900","1800","0900","1800","0900","C2109021","103","90","542","37.6691414364439","126.74955804785"
"경기도 양주시 광적면 가래비길 87","공휴일 유동적","광적면가납시장입구","가래비약국","031-836-3882","2200","0900","2200","0900","2200","0900","2200","0900","2200","0900","1800","0900","1800","0900","C2102826","114","19","543","37.82397488016216","126.98418002211784"
"경기도 양주시 광적면 광적로 4 (광적면)","가래비태평양약국","031-876-8734","1900","0900","1900","0900","1900","0900","1900","0900","1900","0900","1330","0900","C2103060","114","19","544","37.82591982110685","126.97781885156607"
"서울특별시 강남구 압구정로 122, 101호 (신사동)","가로수길민트약국","02-543-3331","2000","0900","2000","0900","2000","0900","2000","0900","2000","0900","1700","0900","C1110728","060","28","545","37.5236267392853","127.022099587907"
"서울특별시 강남구 압구정로 108 (신사동) 1층 7호","가로수길약국","02-518-4201","2200","0930","2200","0930","2200","0930","2200","0930","2200","0930","2200","0930","C1106934","060","28","546","37.52287136411945","127.02045849956212"
"서울특별시 강남구 압구정로14길 6 (신사동)","전화번호 : 0507-1331-4356","가로수길천사약국","050-713-3143","2100","0900","2100","0900","2100","0900","2100","0900","2100","0900","1400","0900","1400","0900","1400","0900","C1110432","060","29","547","37.523858489259","127.022980226111"
"충청북도 청주시 흥덕구 서현로 60, 140호 (가경동)","가로수약국","043-232-2270","1830","0830","1830","0830","1830","0830","1830","0830","1330","0830","C2301212","283","82","548"
"경기도 부천시 조마루로 233, 미리내마을 116, 122호 (중동)","중앙공원 옆. 미리내마을","가림약국","032-322-8409","2130","0900","2130","0900","2130","0900","2130","0900","2130","0900","2000","0900","C2100433","145","79","549","37.497672310171424","126.76814106397876"
"대구광역시 수성구 동대구로 86, 1층 101호 (지산동)","가비약국","053-764-3332","1800","0900","1800","0900","1800","0900","1800","0900","1800","0900","C1301791","421","76","550","35.8378045504112","128.624523480509"
"인천광역시 남동구 논고개로 71, 108호 (논현동, 가산타워)","인천 남동구 논현동 리앤아이산부인과 1층 가산메디칼 약국입니다.","가산메디칼약국","032-438-7722","2100","0900","2100","0900","2100","0900","2100","0900","2100","0900","1700","0900","C1401461","216","79","551","37.39801297021834","126.72684374907025"
"서울특별시 금천구 가산디지털2로 166, 에이스 K1타워 114호 (가산동)","가산비타민약국","02-6464-1323","1900","0830","1900","0830","1900","0830","1900","0830","1900","0830","C1109790","085","03","552","37.4826735316069","126.878293835001"
"서울특별시 금천구 디지털로9길 68, 대륭포스트타워 5차 1층 106호 (가산동)","소중한메디케어-건강검진(개인, 기업), 내과, 비뇨기과 외래 진료","가산소중한약국","02-3281-8005","1830","0800","1830","0800","1830","0800","1830","0800","1830","0800","1400","0800","C1108554","085","12","553","37.4810758439164","126.886418278694"
"서울특별시 금천구 가산로 116 (가산동)","추석당일, 설날당일만 휴무","가산약국","02-838-1158","2200","0900","2200","0900","2200","0900","2200","0900","2200","0900","2100","0900","1900","0900","1900","0900","C1104205","085","29","554","37.4761071074728","126.893144797604"
"서울특별시 금천구 디지털로10길 78, 126호 (가산동)","가산행운약국","02-6230-5755","1900","0900","1900","0900","1900","0900","1900","0900","1900","0900","1430","0900","C1109744","085","17","555","37.4745325914718","126.889614189767"
"대전광역시 서구 계백로 1141 (가수원동)","가수원프라자약국","042-543-3132","2100","0900","2100","0900","2100","0900","2100","0900","2100","0900","1800","0900","C1601064","353","68","556","36.30493838403828","127.35006013441479"
"경상남도 창원시 의창구 대산면 주남로 573-1","가술봄약국","055-291-4626","1830","0830","1830","0830","1330","0830","1830","0830","1830","0830","1230","0830","C2802369","511","24","557","35.3350107566682","128.708248653447"
"부산광역시 부산진구 대학로 12 (가야동)","버스정류장: 가야 1치안센터","가야늘푸른약국","051-892-9241","1930","0830","1930","0830","1930","0830","1930","0830","1930","0830","1400","0830","1300","0830","C1200103","473","30","558","35.154296177156524","129.0370488369935"
"부산광역시 부산진구 냉정로 226, (개금동)","개금 대우약국 맞은편 / 2호선 개금역 1,3번 출구","가야로약국","051-898-5144","2130","0900","2130","0900","2130","0900","2130","0900","2130","0900","2000","0900","1900","1000","1900","1000","C1201050","473","79","559","35.150917802292874","129.02451996904415"
"전라남도 광양시 진등길 19, (중동)","대광아파트 근처 사동농협에서 200M 아래","가야산약국","061-795-2341","2200","0830","2200","0830","2200","0830","2200","0830","2200","0830","2200","0900","C2600633","577","79","560","34.950312439192544","127.69027047974339"
"경상남도 합천군 가야면 황산3길 6","가야면 제일의원 옆","가야산약국","055-934-1151","1900","0800","1900","0800","1900","0800","1900","0800","1900","0800","1300","0800","C2801670","502","01","561","35.761429510037","128.13852531545837"
"경상북도 고령군 대가야읍 연조길 2","가야약국","054-954-5376","2000","0830","2000","0830","2000","0830","2000","0830","2000","0830","2000","0830","C2700835","401","36","562","35.73014123108382","128.26792142711815"
"경상북도 경산시 대학로296길 7 (하양읍)","가야약국","053-856-6469","1830","0900","1830","0900","1830","0900","1830","0900","1830","0900","1300","0900","C2700371","384","38","563","35.91027235832318","128.82440520979551"
"경상남도 고성군 고성읍 동외로 175, 양강빌딩 1층 105-1호 (고성읍)","장날일 경우 08:00~20:00까지 운영","가야약국","055-674-2088","2000","0800","2000","0800","2000","0800","2000","0800","2000","0800","2000","0800","C2801964","529","42","564","34.9769096606","128.3259009591"
"부산광역시 연제구 반송로 6","연산동지하철역4번출구앞","가야약국","051-862-8415","1900","0830","1900","0830","1900","0830","1900","0830","1900","0830","1530","0830","C1201102","475","49","565","35.1862254694289","129.0824581864677"
"부산광역시 사하구 하신번영로 233, 227동 107호 (하단동, 가락타운2·3단지)","버스정류장: 가락타운2단지 상가","가야약국","051-206-1629","1820","0900","1820","0900","1820","0900","1820","0900","1820","0900","C1200667","494","30","566","35.10107738545316","128.95800458237534"
"서울특별시 도봉구 노해로65길 17-9, 102,103호 (창동,삼원프라자)","일반의약품, 건강기능식품, 유산균, 동물의약품, 의료기기, 당뇨소모성재료","창동역2번출구쪽공영주차장앞 삼원프라자1층","가야온누리약국","02-997-4540","1800","0800","1800","0800","1800","0800","1800","0800","1800","0800","1300","0800","C1104582","014","05","567","37.6519534604914","127.045750769497"
"부산광역시 부산진구 가야대로 476-1","2호선 개금역 1번출구","가야하나로약국","051-897-4284","2130","0830","2130","0830","2130","0830","2130","0830","2130","0830","2130","0830","2130","1000","2130","1000","C1201410","473","23","568","35.15289013975374","129.0241628492501"
"서울특별시 강서구 양천로 401, 강서한강자이타워 B동 208호 일부호 (가양동)","010-5414-4158 으로 연락부탁드립ㄴ디ㅏ.","가양2층약국","02-0000-0000","1900","0830","1900","0830","1900","0830","1900","0830","1400","0900","1400","0900","C1110889","075","28","569","37.5657034766638","126.847638315393"
"서울특별시 강서구 허준로 198, 가양프라자 1층 104, 105호 (가양동)","가양누리약국","02-3663-8013","1930","0850","1930","0850","1930","0850","2000","0850","1930","0850","1600","0850","C1108835","075","32","570","37.5612915907155","126.860254088709"
"서울특별시 강서구 양천로 490, 1층 101호 (등촌동)","공휴일 운영 시간 변동 가능성 있음","가양메디약국","02-6952-8866","2000","0900","2000","0900","2000","0900","2000","0900","2000","0900","1400","0900","C1110354","075","75","571","37.5610683674353","126.854472954474"
"서울특별시 강서구 양천로57길 13 (가양동)","가양메디칼약국","02-3661-3055","1830","0830","1830","0830","1830","0830","1830","0830","1830","0830","1400","0830","C1110372","075","27","572","37.5635982025081","126.852023677534"
"서울특별시 강서구 양천로 460, 1층 (등촌동)","가양종로약국","02-2659-2356","2030","0830","2030","0830","2030","0830","2030","0830","2030","0830","1800","0900","1800","1130","C1110548","075","75","573","37.5625850769996","126.851699824488"
"서울특별시 강서구 양천로 401, 강서한강자이타워 제1층 제비108호 일부호 (가양동)","매달 2, 4번쩨 일요일 정기 휴무 (마트 휴무일) 휴게시간 13:00~14:00","전화번호 : 02-2668-9527","가양플러스약국","02-2668-9527","2030","1000","2030","1000","2030","1000","2030","1000","2030","1000","2000","1000","2030","1000","2030","1000","C1109294","075","28","574","37.5642640468035","126.849960213917"
"서울특별시 강서구 화곡로68길 3, 1층 (등촌동)","가양하늘약국","02-3665-0130","2030","0800","2030","0800","2030","0800","2030","0800","2030","0800","2000","0800","2000","0900","2000","0900","C1109467","075","48","575","37.5595836717982","126.854737852729"
"대전광역시 동구 동구청로 95 (가오동)","홈플러스앞","가오예시티약국","042-286-2200","2000","0810","2000","0810","2000","0810","2000","0810","2000","0810","1600","0810","C1600453","346","95","576","36.306497517932996","127.45672656321604"
"대전광역시 동구 은어송로 60 (가오동)","가오온누리약국","042-286-1023","1900","0830","2000","0830","1900","0830","2000","0830","1900","0830","1600","0830","C1600180","346","95","577","36.30619168337564","127.45612861335118"
"대전광역시 대덕구 대화로 120, 가온비즈타워 1층 R112호 (대화동)","가온비즈약국","050-714-5504","2000","0740","2000","0740","2000","0740","2000","0740","2000","0740","1740","1030","C1601430","343","66","578","36.366634473203","127.407267949876"
"부산광역시 금정구 장전로 10, 1층 104호 (장전동)","매주 일요일과 명절 당일은 휴무입니다. 공휴일이 평일이면 근무하지만, 공휴일이 일요일일 경우 휴업하오니 참고바랍니다.","장전래미안아파트 북문 앞에 위치한 가온샘약국입니다^^","1호선 부산대역 1번 출구","가온샘약국","051-912-7790","2000","0900","2000","0900","2000","0900","2100","0900","2000","0900","1700","0900","1900","0900","C1202532","462","92","579","35.22782688784869","129.08762584121953"
"경기도 의왕시 봇들로 40, 103호 (포일동, 포일프라자)","가온약국","031-421-3939","2030","0900","2030","0900","2030","0900","2030","0900","2030","0900","1500","0900","C2100031","160","04","580","37.39639064694799","126.98528636798568"
"서울특별시 강남구 학동로 413, 청담빌딩 2층 (청담동)","가온약국","02-545-0546","1830","0830","1830","0830","1830","0830","1830","0830","1830","0830","1400","0830","C1108049","060","69","581","37.5181537765035","127.045191941905"
"서울특별시 강서구 마곡중앙8로 85, 파인스퀘어Ⅱ 109호 (마곡동)","가온약국","070-4794-9611","2050","0900","2050","0900","2050","0900","2050","0900","2050","0900","1800","0900","C1109639","077","94","582","37.5611255258819","126.836985456641"
"서울특별시 강동구 올림픽로 658, 오복빌딩 2층 (천호동)","가온약국","02-473-4302","2030","0830","2030","0830","2030","0830","2030","0830","2030","0830","1330","0830","1400","1000","C1109816","053","28","583","37.5399646493638","127.124409366822"
"세종특별자치시 다정중앙로 57, 다정센타프라자 (다정동)","병원 운영일에만 진료(공휴일 포함)","병원 운영일에만 진료(공휴일 포함)","다정동","가온약국","044-862-8229","2000","0830","2000","0830","2000","0830","2000","0830","2000","0830","1530","0830","C1800258","301","24","584","36.4956276476","127.2485104832"
"인천광역시 서구 봉오재3로 90, 한일골드타워 (가정동)","가온약국","032-567-0879","1930","0900","2030","0900","2100","0900","1930","0900","1930","0900","C1401699","227","31","585","37.5272051769","126.6697494002"
"대구광역시 동구 메디밸리로 1, 1층 (대림동)","가온약국","053-961-1548","1830","0900","1830","0900","1830","0900","1830","0900","1830","0900","1330","0900","C1301549","410","72","586","35.8727102570518","128.7495815524576"
"충청북도 청주시 상당구 월평로 228, 1층 104호 (용암동)","용암2동 주민센터 옆","가온약국","043-288-1233","2000","0900","2000","0900","2000","0900","2000","0900","2000","0900","1330","0900","C2301044","287","82","587","36.6074278009","127.5083945269"
"경기도 오산시 수청로 199, 정원프라자 102호 (금암동)","금암동약국, 일요일약국, 동물약국","가온약국","031-373-9901","2000","0900","2000","0900","2030","0900","2000","0900","2000","0900","1500","0900","1800","1100","C2109180","181","09","588","37.1764518687627","127.044802822197"
"충청남도 천안시 동남구 청수6로 103, 105호 (청수동)","가온약국","041-418-5032","1930","0900","1930","0900","1930","0900","1930","0900","1930","0900","1400","0900","C2401842","311","98","589","36.7890774070936","127.155157865873"
"경기도 고양시 덕양구 중앙로 442, 아성프라자 107호 (행신동)","가온약국","070-4187-0607","1800","0900","1800","0900","1800","0900","1800","0900","1800","0900","C2108693","104","86","590","37.6182206111375","126.84609327199"
"경상남도 진주시 새평거로 129, 1층 106호 (평거동)","탑마트서진주점맞은편","가온약국","055-741-6215","1900","0830","2100","0830","1900","0830","2100","0830","1900","0830","1400","0830","1700","1100","C2802059","527","03","591","35.170913483127904","128.06107469243244"
"서울특별시 은평구 통일로 871, 101호 (갈현동, 효민아크로뷰 C&C미술학원)","가온약국","02-3157-8813","2000","0830","2000","0830","2000","0830","2000","0830","2000","0830","1800","0830","1800","1000","C1110355","033","30","592","37.6205577089243","126.919775803599"
"부산광역시 사하구 동매로 167, 101호 (당리동)","가온약국","051-996-4664","1810","0830","1810","0830","1810","0830","1810","0830","1810","0830","1310","0830","C1202847","494","12","593","35.1015136371922","128.976177283061"
"부산광역시 강서구 신호산단2로 33, 골든뷰 107호 (신호동)","격주 일요일 정기 휴무 일요일은 전화문의 바랍니다.","버스정류장: 녹산농협","가온약국","051-973-8275","2100","0900","2100","0900","2100","0900","2100","0900","2100","0900","2000","0900","1500","1000","1900","0900","C1202188","467","59","594","35.085946025735645","128.8777651312754"
"경기도 광명시 광명로 817, 백석빌딩 1층 일부호 (광명동)","가온약국","02-2613-9813","1800","0900","1800","0900","1800","0900","1800","0900","1800","0900","1300","0900","C2110082","142","95","595","37.4724995812807","126.850835577252"
"서울특별시 서초구 강남대로 465, 교보타워 B동 지상1층 (서초동)","가온약국","02-533-1884","1900","1000","1900","1000","1900","1000","1900","1000","1900","1000","1800","1000","C1108125","066","11","596"
"경기도 파주시 와석순환로 431, 106호 (와동동, 신운정프라자)","운정행복센터,지산중학교정문옆,하나은행운정지점 1층","가온온누리약국","031-947-1577","2000","0900","2000","0900","2000","0900","2000","0900","2000","0900","1400","0900","C2103437","108","94","597","37.723672384409156","126.75321082151686"
"서울특별시 양천구 목동동로 293, 현대41타워 1층 38호 (목동)","가온온누리약국","02-2061-1119","2000","0930","2000","0930","2000","0930","2000","0930","2000","0930","1830","0930","C1109253","079","97","598","37.5281783139269","126.875771989415"
"경상남도 창원시 마산합포구 월영남로 42","월영대동아파트상가","가우정약국","055-246-3328","1800","0900","1800","0900","1800","0900","1800","0900","1800","0900","1500","0900","C2800376","517","71","599","35.174798330136404","128.5586313901959"
"경기도 남양주시 가운로1길 25, 113호(가운동,수미소빌딩)","가운사랑약국","031-558-3733","1330","0930","1330","0930","1330","0930","1330","0930","1330","0930","C2100120","122","62","600","37.6045408849","127.1563225359"
"경기도 남양주시 경춘로 368, 203호 (다산동, 브릭스타워)","가운이층약국","031-564-0818","1900","0830","1900","0830","1900","0830","1900","0830","1900","0830","1500","0900","1300","0900","C2107193","122","62","601","37.6046102639","127.155638665"
"서울특별시 광진구 천호대로 575, 1층 (중곡동)","매달 3번째 일요일 정기휴무","가원약국","02-457-7156","1915","0900","2015","0900","1915","0900","1915","0900","2015","0900","1415","0900","1315","0900","C1110192","049","30","602","37.556498995722","127.082129921719"
"서울특별시 관악구 봉천로 486 (봉천동)","공휴일 휴무는 달라질 수 있습니다.","저희약국은 서울대입구전철역8번출구 스타벅스골목에 위치하고 있습니다. 연중무휴로 약국을 운영하고 있으니, 언제든지 방문 부탁드립니다.","서울대입구전철역8번출구","가은약국","02-878-9669","2200","0900","2200","0900","2200","0900","2200","0900","2200","0900","2000","0900","1430","0900","2200","0900","C1102190","087","38","603","37.4816230626153","126.953738568988"
"전라남도 보성군 조성면 조성로 104","조성면장터앞조성리 878-2","가은약국","061-858-4339","1830","0830","1830","0830","1830","0830","1830","0830","1830","0830","1400","0800","C2600271","594","41","604","34.80732472553091","127.24608659140225"
"경상남도 창원시 성산구 가음정로43번길 1, 가음정빌딩 1층 107호 (가음동)","가음정한약국","070-7755-1380","2100","1000","2100","1000","2100","1000","2100","1000","2100","1000","2000","1000","1800","0900","1800","0900","C2802045","515","10","605","35.20941847048414","128.68878710120285"
"대구광역시 중구 동덕로26길 10-3, 1층 (삼덕동2가)","가자대학약국","053-000-0000","1800","0900","1800","0900","1800","0900","1800","0900","1800","0900","C1301925","419","48","606","35.8653944507465","128.603951079658"
"경기도 성남시 분당구 금곡로 233, 101,102호 (금곡동, 청솔마을 동아A상가동)","공휴일 방문 전 전화확인 필수(인근병원 진료 시에만 운영)","항상 더 나은 서비스를 제공하기 위해 노력하겠습니다.","가자크린팜대학약국","031-712-4168","2000","0900","2000","0900","2000","0900","2000","0900","2000","0900","1700","0900","1700","0900","C2100743","136","17","607","37.35407942313666","127.11516305548719"
"서울특별시 송파구 강동대로 74 잠실올림픽아이파크 상가 1층 103호 (풍납동)","가장빠른천사약국","02-483-8875","2000","0830","2000","0830","2000","0830","2000","0830","2000","0830","C1108645","055","06","608","37.5264402340298","127.114931882654"
"대전광역시 서구 도산로 286, 가장크리닉 1층 (가장동)","가장동4거리","가장약국","042-538-5566","1800","0850","1800","0850","1800","0850","1800","0850","1800","0850","1300","0850","C1600186","353","11","609","36.33199748283493","127.38558564886536"
"충청남도 아산시 모종남로12번길 9, 1층 (모종동)","달빛어린이병원 협력약국","가장큰약국","041-424-8953","2500","0830","2500","0830","2500","0830","2500","0830","2500","0830","2500","0830","2500","0900","1800","0830","C2401638","315","28","610","36.7789435349741","127.020290653717"
"서울특별시 강서구 공항대로 248, 111~113, 206호 (마곡동)","가장큰이대약국","02-2662-8279","1930","0830","1930","0830","1930","0830","1930","0830","1930","0830","1900","0900","1800","1200","C1108552","078","05","611","37.5584038640061","126.834893863585"
"인천광역시 남동구 논현로 69, 하늘마을휴먼시아3단지 상가비동 105~108호 (논현동)","가장큰태평양약국","032-424-2005","1800","1000","1800","1000","1800","1000","1800","1000","1800","1000","C1401871","216","50","612","37.4020362820175","126.714148144253"
"서울특별시 용산구 대사관로 52 (한남동)","가장큰태평양약국","02-790-3376","1830","0900","1830","0900","1830","0900","1830","0900","1830","0900","1330","0900","C1104678","044","02","613","37.533316944527","127.003890655211"
"서울특별시 송파구 강동대로 67, 1층 (풍납동)","가장큰현대아산약국","02-488-4214","1830","0900","1830","0900","1830","0900","1830","0900","1830","0900","C1102138","055","37","614","37.5270111512042","127.115258008244"
"대전광역시 서구 동서대로 1147, 온누리크리닉 (가장동)","가장교4거리온누리클리닉1층","가장태평양약국","042-526-2000","1800","0830","1800","0830","1700","0830","1800","0830","1800","0830","1300","0830","C1600048","353","10","615","36.3280320775","127.3878826413"
"세종특별자치시 도움3로 105-5 , 105호 (종촌동, 종촌중앙프라자)","일요일 및 공휴일 휴무","종촌동","가재약국","044-867-3002","1930","0800","1930","0800","1930","0800","1930","0800","1930","0800","1500","0800","C1800188","300","64","616","36.504738004858396","127.2495308252328"
"인천광역시 서구 봉오재3로 42, 102호 (가정동)","가정미소약국","032-567-3012","1430","0900","1430","0900","1430","0900","1430","0900","1430","0900","1430","0900","1430","0900","1500","0900","C1401596","227","32","617","37.5294678721","126.6656892416"
"전북특별자치도 익산시 동서로 221, (남중동)","북부시장 소망정형외과 맞은편에 위치.","가정약국","063-855-0271","1830","0830","1830","0830","1830","0830","1830","0830","1830","0830","1830","0830","1830","0830","C2500786","546","48","618","35.953663888888890","126.958627777777778"
"경기도 용인시 수지구 성복2로 92 (성복동)","일요일, 공휴일 운영 탄력적으로 운영함","원희캐슬버스승강장앞","가정약국","031-263-1203","2100","0900","2100","0900","2100","0900","2100","0900","2100","0900","2100","0900","C2101683","168","50","619","37.3068264501542","127.0843429637839"
"경기도 고양시 덕양구 으뜸로 90, 178, 179호 (덕은동, DMC한강 삼정그린코아 더베스트)","가정약국","02-3159-0616","1800","0900","1800","0900","1800","0900","1800","0900","1800","0900","1300","0900","C2109843","105","43","620","37.5785054947268","126.864774589675"
"전북특별자치도 김제시 금산면 원평4길 3,","원평터미널에서 100m정도내려가 우측에 위치.(원평시장 부근)","가정약국","063-543-0989","1830","0830","1830","0830","1830","0830","1830","0830","1830","0830","1400","0830","C2500018","543","48","621","35.714047222222220","126.993002777777775"
"전라남도 장성군 장성읍 영천로 208-1","가정약국","061-393-7576","2030","0830","2030","0830","2030","0830","2030","0830","2030","0830","1530","0830","C2601044","572","19","622","35.302897222067585","126.78559781401887"
"서울특별시 양천구 목동중앙본로 128-2, 1층 (목동)","평일 상황에 따라 19:00마감될 수 있음","가정약국","02-2648-5110","1930","0900","1930","0900","1930","0900","1930","0900","1930","0900","1500","0900","1300","0900","C1102140","079","68","623","37.5466694566286","126.872071078109"
"제주특별자치도 제주시 우정로 55, 1층 (외도일동)","토요일은 전화 후 방문 부탁드리겠습니다.","외도제웅2차아파트앞","가정온누리약국","064-711-5275","1930","0830","1930","0830","1930","0830","1930","0830","1930","0830","C2900065","630","70","624","33.4879795114921","126.431124027577"
"인천광역시 서구 청중로 486, 부일프라자 106호 (가정동)","가정온누리약국","032-566-7809","2100","0900","2100","0900","2100","0900","2100","0900","2100","0900","1530","0900","C1401584","228","58","625","37.5297083238","126.6653306651"
"전북특별자치도 정읍시 천변로 234","가족사랑녹십자약국","063-532-7589","1800","0800","1800","0800","1800","0800","1800","0800","1800","0800","1300","0800","C2501174","562","03","626","35.56136656766175","126.85334716027093"
"서울특별시 강북구 오패산로52길 39 (미아동)","미아삼거리역마을버스5분거리","가족사랑약국","02-945-3720","2000","0900","2000","0900","2000","0900","2000","0900","2000","0900","1600","0900","C1103520","011","52","627","37.6246966916288","127.032070775398"
"경기도 구리시 체육관로74번길 80 (수택동)","공휴일 전화 후 방문.","가족사랑약국","031-551-0112","2100","0900","2100","0900","2100","0900","2100","0900","2100","0900","1800","0900","1800","0900","1800","0900","C2103365","119","40","628","37.591255981935305","127.14264857144748"
"충청북도 증평군 증평읍 중앙로 190 (종로약국)","농협하나로마트 옆","가족사랑종로약국","043-838-1985","2100","0900","2100","0900","2100","0900","2100","0900","2100","0900","1930","0900","1800","0900","C2300160","279","30","629","36.782953977908406","127.58025589264291"
"충청남도 논산시 중앙로480번길 19, 1층 (화지동)","가족약국","041-735-0715","1900","0830","1900","0830","1900","0830","1900","0830","1900","0830","1900","0830","1900","0830","1900","0830","C2401715","329","66","630","36.206711503503","127.085648255408"
"경기도 양주시 평화로 1426 (덕계동)","가족약국","031-861-8288","1900","0900","1900","0900","1900","0900","1900","0900","1900","0900","1300","1000","C2107507","114","44","631","37.8181084471","127.0462697119"
"인천광역시 서구 가정로151번길 11","홈플러스1층","가좌마트약국","032-571-6555","2200","1000","2200","1000","2200","1000","2200","1000","2200","1000","2200","1000","2200","1000","C1400325","228","32","632","37.49761263024307","126.67069838949229"
"인천광역시 서구 원적로96번길 26","공휴일 및 일요일 문의할 것","새마을금고 앞쪽","가좌메디칼약국","032-579-8653","1900","0800","1900","0800","1900","0800","1900","0800","1900","0800","1600","0800","2100","1000","C1400752","228","10","633","37.493569992081454","126.68421327401055"
"서울 서대문구 모래내로 139 (남가좌동)","공휴일 휴무, 대체공휴일 근무","가좌진약국","02-372-7749","1930","0900","1930","0900","1930","0900","1930","0900","1930","0900","1430","0900","C1107449","037","12","634","37.5691361230066","126.917002268682"
"울산광역시 울주군 상북면 상북로 280,","상북면 복지회관 인근","가지산약국","052-263-9977","1930","0830","1930","0830","1930","0830","1930","0830","1930","0830","1800","0900","1800","0900","1800","0900","C1700260","449","02","635","35.590008333333330","129.090686111111097"
"경상남도 양산시 물금읍 야리로 45 ,102호","목요일 오전은 운영하지 않으니 전화 확인 후 방문 요함","가촌온누리약국","055-364-2120","1830","0830","1830","0830","1830","0830","1830","1400","1830","0830","1630","0830","1630","0830","1630","0830","C2801787","506","53","636","35.31594298441838","129.00312968155913"
"경기도 수원시 팔달구 중부대로 98 (인계동)","수원성빈센트병원건너편","가톨릭건강약국","031-239-1832","1800","0900","1800","0900","1800","0900","1800","0900","1800","0900","1300","0900","C2101302","164","71","637","37.276869919625724","127.02732422443898"
"경기도 수원시 팔달구 중부대로 94-5 (인계동, 대성빌딩)","팔달구지동성빈센트병원맞은편","가톨릭보령당약국","031-239-0611","1900","0900","1900","0900","1900","0900","1900","0900","1900","0900","1300","0900","C2101804","164","71","638","37.27667535121431","127.0271964470239"
"경기도 의정부시 금오로 119 (금오동)","가톨릭성모약국","031-821-8275","1800","0800","1800","0800","1800","0800","1800","0800","1800","0800","1400","0800","C2102652","117","65","639","37.75728105316557","127.0783637146292"
"경기도 수원시 팔달구 중부대로 94, 1층 (인계동, 성웅빌딩)","가톨릭약국","031-234-2161","1800","0900","1800","0900","1800","0900","1800","0900","1800","0900","1300","0900","C2101414","164","71","640","37.276574442395244","127.02703998437835"
"서울특별시 은평구 통일로 1031, 1층 102호 (진관동)","가톨릭정문약국","02-389-9846","1830","0830","1830","0830","1830","0830","1830","0830","1830","0830","1330","0830","C1108317","033","12","641","37.6346668066361","126.91667248689"
"서울특별시 은평구 통일로 1031, 101호 (진관동)","가톨릭중앙약국","02-3157-3897","1830","0830","1830","0830","1830","0830","1830","0830","1830","0830","1330","0830","C1110621","033","12","642","37.6346668066361","126.91667248689"
"경기도 가평군 가평읍 가화로 113,","가평온누리약국","031-581-8777","2000","0900","2000","0900","2000","0900","2000","0900","2000","0900","C2102955","124","18","643","37.8297346308","127.5133705204"
"경기도 가평군 가평읍 연인1길 1, 임내과의원 1층","토요일, 일요일, 공휴일 방문 전 전화확인 필수","가평중앙약국","031-581-7522","2030","0900","2030","0900","2030","0900","2030","0900","2030","0900","1900","0900","1900","0900","1900","0900","C2102538","124","18","644","37.830583333333337","127.513199999999998"
"경기도 군포시 군포로 444, 101호 (당동, 서일빌딩)","가화약국","031-394-1659","2000","0900","2000","0900","2000","0900","2000","0900","2000","0900","1400","0900","C2101858","158","75","645","37.34628397588674","126.94242925758056"
"대구광역시 동구 반야월로 61, 1층 (용계동)","반야월율하교앞","각산약국","053-963-0764","1800","0900","1800","0900","1800","0900","1800","0900","1800","0900","C1300872","411","24","646","35.87385049588427","128.69537723916926"
"인천광역시 남동구 호구포로 886, 101호 (간석동)","간석비타민약국","032-466-6799","2000","1000","2000","1000","2000","1000","2000","1000","2000","1000","2000","0900","C1401309","215","18","647","37.46142585610067","126.72046886642827"
"인천광역시 남동구 석정로 518, 1동 1층 6,7호 (간석동)","간석약국","032-439-4578","2000","0900","2000","0900","2000","0900","2000","0900","2000","0900","1900","0900","B1400178","215","04","648","37.46546609651257","126.69292700711133"
"인천광역시 남동구 남동대로 889-1, B01호 (간석동)","공휴일 및 일요일 전화문의할 것","간석열린약국","032-422-9088","2200","0900","2200","0900","2200","0900","2200","0900","2200","0900","2200","0900","2200","0900","1700","0830","C1401670","215","50","649","37.4618893838","126.7079703418"
"인천광역시 남동구 경원대로 971 (간석동, 홈플러스 2층일부)","매월 2,4째주 일요일 휴무","간석 홈플러스 1층","간석온누리약국","032-868-6682","2230","1000","2230","1000","2230","1000","2230","1000","2230","1000","2230","1000","2230","1000","2230","1000","C1400322","215","00","650","37.46958765376668","126.68910766431546"
"인천광역시 남동구 석산로169번길 18, 1층 2호 (간석동)","간석진약국","032-425-2878","1815","0900","1815","0900","1815","0900","1815","0900","1815","0900","1315","0900","C1401994","215","45","651","37.4613892271314","126.710862378198"
"인천광역시 남동구 석산로 52 (간석동)","인천시남동구간석1동한진아파트입구","간석태평양약국","032-424-8655","1900","0900","1900","0900","1900","0900","1900","0900","1900","0900","1900","0900","1800","1000","C1400074","215","52","652","37.461001957400036","126.69761118043779"
"강원특별자치도 고성군 간성읍 간성로 24","간성읍 신안리 시외버스터미널 1층","간성종로약국","033-681-1122","1800","0800","1800","0800","1800","0800","1800","0800","1800","0800","1300","0800","C2200188","247","34","653","38.37911851172352","128.47244425698824"
"대전광역시 서구 신갈마로 110-1 (갈마동)","갈마프라자맞은편, 한마음동산맞은편","갈마드림약국","042-531-7551","1900","0900","1900","0900","1900","0900","1900","0900","1900","0900","1400","0900","C1600251","352","81","654","36.34387373954128","127.36884594975268"
"대전광역시 서구 계룡로 353, 1층 (갈마동)","갈마사거리 유성방향 버스정류장 앞","갈마약국","042-486-9204","2000","0830","2000","0830","2000","0830","2000","0830","2000","0830","1800","0830","C1600049","352","24","655","36.353759760278535","127.36831233331043"
"경기도 구리시 갈매중앙로 83, 107호 (갈매동)","갈매365약국","031-527-3691","2030","0900","2030","0900","2030","0900","2030","0900","2030","0900","1600","0900","1300","0900","1300","0900","C2107190","119","01","656","37.63197451612302","127.1172071614437"
"경기도 구리시 갈매중앙로 87, 메이저타워 (갈매동)","갈매도움온누리약국","031-572-1386","2100","0900","2100","0900","2100","0900","2100","0900","2100","0900","1600","0900","C2107252","119","01","657","37.6323039835","127.1174180702"
"경기도 구리시 갈매중앙로 91, 109호 (갈매동, 한덕프라자)","갈매메디칼센터약국","031-529-3828","2000","0830","2000","0830","2000","0830","2000","0830","2000","0830","1400","0830","1100","0900","C2107246","119","02","658","37.63273986109999","127.11761814720002"
"인천광역시 부평구 평천로 302, 102호 (갈산동)","갈산종로약국","070-7847-1018","2000","0900","2000","0900","2000","0900","2000","0900","2000","0900","1500","0900","C1402008","213","29","659","37.5168877639962","126.723880547941"
"경상남도 창원시 의창구 북면 감계로110번길 54-39, 102호","감계미소약국","055-296-4788","1930","0900","1930","0900","1930","0900","1930","0900","1930","0900","1700","0900","C2801969","511","12","660","35.3015558358","128.5955594563"
"경상남도 창원시 의창구 북면 감계로110번길 54-39, 1층 (북면)","감계하늘약국","055-256-1033","1900","0900","1900","0900","1900","0900","1900","0900","1900","0900","C2801853","511","12","661","35.30155583579292","128.59555945631257"
"경상남도 창원시 의창구 북면 동전로 63 (북면)","감계현대약국","055-256-5655","1900","0900","1900","0900","1900","0900","1900","0900","1900","0900","1500","0900","C2801771","511","12","662","35.30188019146572","128.5955658252352"
"경기도 안산시 상록구 석호로 184 (사동)","사1동사무소맞은편","감골약국","031-502-3779","1300","0900","1300","0900","1300","0900","1300","0900","1300","0900","1300","0900","1800","1000","C2101330","155","89","663","37.296024019809224","126.85174174717736"
"제주특별자치도 서귀포시 동문로 64(서귀동)","감귤약국","064-901-2046","1830","0830","1830","0830","1830","0830","1330","0830","1830","0830","1330","0830","C2900558","635","91","664","33.2490218148027","126.566881751223"
"전북특별자치도 전주시 완산구 당산로 116, 대봉빌딩 1층 (서신동)","감나무골온누리약국","063-252-2407","2100","0850","2100","0850","2100","0850","2100","0850","2100","0850","1800","0850","1700","0930","1700","0930","C2501494","549","50","665","35.8320023840393","127.12097077192"
"광주광역시 북구 서암대로 167-2, (신안동)","전남대입구사거리운암방향첫번째승강장앞","감마약국","062-512-7585","1930","0800","1930","0800","1930","0800","1930","0800","1930","0800","1600","0800","C1500354","612","20","666","35.16928805820676","126.9026649761723"
"경기도 김포시 고촌읍 김포대로 340, 김포뉴시티 1층 104호","감사약국","031-997-3722","2030","0900","2030","0900","2030","0900","2030","0900","2030","0900","2030","0900","2030","0900","C2106343","101","25","667","37.60042304394895","126.7716147969697"
"경기도 파주시 문산읍 문향로 72-1, 1층 108,109호","공휴일은 꼭 전화문의후 방문: 공휴일은 문을 늦게 열거나 휴무일경우가 있음","감사약국","031-953-1153","2030","0830","2030","0830","2030","0830","2030","0830","2030","0830","2030","0830","1300","0830","1300","0830","C2108041","108","24","668","37.85808360052075","126.7857718438638"
"부산광역시 연제구 중앙대로 1043, 1층 (연산동)","1호선 시청역 1번출구","감사약국","051-868-2293","1900","0900","1900","0900","1900","0900","1900","0900","1900","0900","1400","0900","C1202419","475","42","669","35.1817591198","129.0778325548"
"대구광역시 달서구 달구벌대로 1666, 110호 (두류동)","감삼시티약국","053-627-5959","1900","0900","2100","0900","1900","0900","1900","0900","1900","0900","1300","0900","C1301643","426","45","670","35.8540409761005","128.548518974557"
"인천광역시 연수구 랜드마크로 68, 254호 (송도동, 랜드마크시티센트럴더샵)","- 일요일 사전 문의 - 평일 13:00~14:30 휴게시간","더샵 랜드마크시티 상가 2층 / 203동쪽 2층 소아과, 치과쪽에 위치","감성약국","032-831-7579","2000","0900","2000","0900","2000","0900","2000","0900","2000","0900","1400","0900","1400","0900","C1401846","220","18","671","37.4151350970922","126.618422557421"
"경상북도 구미시 송동로 122 (도량동)","도량2동대구은행옆","감약국","054-442-8275","1830","0830","1830","0830","1830","0830","1830","0830","1830","0830","1400","0900","C2700228","391","96","672","36.14372630353349","128.32271048523788"
"경기도 하남시 감일백제로 177, JS스퀘어 1층 104호 (감이동)","감일365약국","02-476-0365","1800","0900","1800","0900","1800","0900","1800","0900","1800","0900","1300","0900","C2109258","130","03","673","37.5076487915518","127.153845916403"
"경기도 하남시 감일백제로 169, 현대타워 1층 115,116호 (감이동)","감일드림약국","070-8869-5850","1930","0830","1930","0830","1930","0830","1800","0900","1930","0830","1300","0900","C2109437","130","03","674","37.507320694457","127.154911781327"
"경기도 하남시 감일백제로 181, 1층 105, 106호 (감이동)","감일로약국","031-477-2081","1800","0900","1800","0900","1800","0900","1800","0900","1800","0900","1300","0900","C2109451","130","03","675","37.5078034436148","127.153330265718"
"경기도 하남시 감일백제로 175, 1층 110~113호 (감이동)","감일별빛온누리약국","02-2138-2677","C2110023","130","03","676","37.5075443600667","127.154402271588"
"경기도 하남시 신우실로 61, 110, 111호 (감일동)","감일태평양약국","02-489-0022","1800","0900","1800","0900","1800","0900","1800","0900","1800","0900","1300","0900","C2108721","129","96","677","37.5099425024856","127.161718965195"
"경기도 하남시 신우실로 73, 106호 (감일동)","감일튼튼약국","02-489-3390","2100","0900","2100","0900","2100","0900","2100","0900","2100","0900","1800","0900","1800","0900","1800","0900","C2108910","129","96","678","37.5093252182508","127.162969350671"
"경기도 하남시 감일중앙로 60, 감일 벨솔레 파크 1층 108호 (감이동)","감일현대약국","070-4333-0106","1800","0900","1800","0900","1800","0900","1800","0900","1800","0900","1300","0900","C2109390","129","99","679","37.5089270831838","127.154024754284"
"부산광역시 사하구 옥천로 11(감천동)","공공심야약국 운영(일~월)/휴식시간 (월~금) 18:30 ~ 22:00 (토) 13:00~22:00 월2회 쉬는 날이 있습니다. 방문전에 약국에 전화로 영업여부를 확인해 주시기 바랍니다. (2.16(월)휴무)","감천무지개약국","051-203-1032","2500","0900","2500","0900","2500","0900","2500","0900","2500","0900","2500","0900","2500","2200","2500","2200","C1202436","493","74","680","35.0886841033","129.0052472865"
"부산광역시 사하구 옥천로 2(감천동)","버스정류장:감천동우체국","감천우리들약국","051-203-8780","1830","0900","1830","0900","1830","0900","1830","0900","1830","0900","1330","0900","C1202135","493","75","681","35.0878835979308","129.0052627693851"
"세종특별자치시 조치원읍 새내9길 3","조치원읍 정리 / 조치원시장입구길건너편(구경찰서옆)","감초당 온누리 약국","044-865-3629","2000","0900","2000","0900","2000","0900","2000","0900","2000","0900","1800","0900","C1800033","300","28","682","36.60017089497852","127.2981316862243"
"경상남도 김해시 가락로 40 1층 (부원동)","감초당약국","055-336-2887","1900","0900","1900","0900","1900","0900","1900","0900","1900","0900","1600","0900","1300","0900","C2801813","509","21","683","35.23010508769231","128.88239115311862"
"충청북도 제천시 청풍호로 100","감초당약국","043-645-6102","2000","0830","2000","0830","2000","0830","2000","0830","2000","0830","1800","0900","C2300110","271","92","684","37.122418014","128.2010547437"
"광주광역시 광산구 상무대로 262-1","송정동영광통사거리한국통신옆","감초당약국","062-942-5931","1900","0900","1900","0900","1900","0900","1900","0900","1900","0900","1500","0900","C1500357","624","28","685","35.1417936340375","126.79527654303124"
"강원특별자치도 화천군 화천읍 중앙로7길 6","당직표 및 일요일 공휴일 확인후 방문요함","시내버스터미널 앞 4거리에서 군청방향","감초당약국","033-442-2219","1900","0800","1900","0800","1900","0800","1900","0800","1900","0800","1500","0800","2000","0800","1300","0830","C2200307","241","24","686","38.10424315689682","127.70672872949552"
"경상북도 경산시 장산로 257 (사동)","공휴일이 평일인 경우 08:00~22:00 운영","계영아파트후문사거리","감초당약국","053-801-6688","2030","0830","2030","0830","2030","0830","2030","0830","2030","0830","2030","0830","2030","0830","2030","0830","C2700577","385","88","687","35.81752714462954","128.75291548813334"
"경상북도 칠곡군 동명면 금암중앙길 34-1","감초당약국","054-977-8838","1800","0900","1800","0900","1800","0900","1800","0900","1800","0900","1500","0900","C2700445","398","59","688","35.9821030192372","128.55366843757204"
"전북특별자치도 전주시 완산구 전라감영2길 17","365일 운영, 명절 전화후 방문","다가동 우체국 쪽에서 50M 떨어진 곳(백번집옆)","감초당약국","063-231-3030","1700","0900","1700","0900","1700","0900","1700","0900","1700","0900","1700","0900","1700","0900","1700","0900","C2500138","550","38","689","35.81547645009679","127.14193757181951"
"경상남도 통영시 용남면 견내량로 89","감초당약국","0556496680","2000","0900","2000","0900","2000","0900","2000","0900","2000","0900","C2802307","530","24","690","34.886662794479","128.467103066571"
"충청남도 부여군 부여읍 사비로99번길 1","주말, 공휴일 전화확인 후 방문","LG전자상가 맞은편","감초당약국","041-835-2726","1800","0900","1800","0900","1800","0900","1800","0900","1800","0900","1800","0900","1800","0900","1800","0900","C2400747","331","45","691","36.281477653474965","126.91030942880155"
"경기도 남양주시 화도읍 수레로1233번길 9, 경향아파트 상가동 104호","매주 일요일, 추석, 설 당일만 휴무 평일 공휴일 10:00 ~ 14:00 주말 공휴일(토) 09:00 ~ 16:00","감초당약국 약사가 바꼈습니다 많은 관심 부탁드립니다","감초당약국","031-595-7750","2000","0900","2000","0900","2000","0900","2000","0900","2000","0900","1600","0900","1400","1000","C2102490","121","86","692","37.64698502635953","127.30129279874566"
"경기도 양주시 화합로 1357 (덕정동)","감초당약국","031-859-2219","2200","0800","2200","0800","2200","0800","2200","0800","2200","0800","2200","0800","2200","0800","2200","0800","C2102506","114","50","693","37.84388216862636","127.06241749500623"
"경기도 광주시 경안로 20 (경안동)","토요일 방문 전 전화확인 필요","감초당약국","031-761-2840","2100","0900","2100","0900","2100","0900","2100","0900","2100","0900","2100","0800","C2101387","127","56","694","37.409980555555556","127.258313888888893"
"경기도 하남시 대청로 62","일요일 18:00~19:00 간혹 운영(방문 전 전화확인 필수)","감초당약국","031-795-1366","2030","0900","2030","0900","2030","0900","2030","0900","2030","0900","1800","0900","C2100681","129","60","695","37.5401714302054","127.21925704118335"
"서울특별시 송파구 백제고분로41길 11 (송파동)","석촌역2번출구 탐앤탐스커피숍 골목200m(좌측)","감초당약국","02-412-0306","2230","1300","2230","1300","2230","1300","2230","1300","2230","1300","2230","1300","2230","1300","2230","1300","C1102143","056","26","696","37.5070596336207","127.107986537871"
"서울특별시 동대문구 한천로 242, 1층 (전농동)","휘경여자중학교 맞은편","감초당온누리약국","02-438-1314","1800","0900","1800","0900","1800","0900","1800","0900","1800","0900","1300","0900","C1100071","025","12","697","37.5825001722604","127.068606049066"
"경기도 이천시 신둔면 경충대로 3149, 1층","감초약국","031-633-9927","2100","0900","2100","0900","2100","0900","2100","0900","2100","0900","2100","0700","2100","0900","2130","0800","C2102012","173","03","698","37.31055241726655","127.4008977043809"
"경기도 성남시 중원구 시민로 117-2 (성남동)","감초약국","031-751-1644","2200","0900","2200","0900","2200","0900","2200","0900","2200","0900","2200","0900","2200","1000","C2101327","133","58","699","37.43880006073545","127.14493680038929"
"강원특별자치도 속초시 중앙로 126, (금호동)","금호동 롯데리아 옆","감초약국","033-631-5857","1830","0900","1830","0900","1830","0900","1830","0900","1830","0900","1330","0900","C2200458","248","37","700","38.20236081902151","128.5899111754477"
"인천광역시 강화군 강화읍 강화대로 431","3주일요일만 운영","강화대로 변.중앙시장 옆.","감초약국","032-934-3806","2200","0800","2100","0830","2100","0830","2100","0830","2100","0830","2100","0830","2000","0900","2000","0900","C1400315","230","33","701","37.74715519731376","126.4837612248509"
"전라남도 장흥군 장흥읍 중앙로1길 5-2","장흥공용터미널뒤/","감초약국","061-863-9217","1900","0700","1900","0700","1900","0700","1900","0700","1900","0700","1700","0730","C2600514","593","24","702","34.677402380885425","126.90944624210252"
"서울특별시 강서구 강서로 38 (화곡동)","토요일 격주운영: 9시~19시 까지(첫째주, 셋째주), 9시~21시까지(둘째주, 넷째주)","까치산전철역2번출구..도로가..시장입구.","감초약국","02-2602-5884","1800","0900","1800","0900","1800","0900","1800","0900","1800","0900","1900","0900","C1102148","077","60","703","37.531249806941","126.847319577024"
"충청북도 충주시 예성4길 52","일요일 불규칙 근무(전화후방문)","감초약국","043-855-3388","1800","0900","1800","0900","1800","0900","1800","0900","1800","0900","1800","0900","1800","0900","C2300601","273","78","704","36.975581762503715","127.93346943231623"
"경기도 가평군 설악면 신천중앙로88번길 1","감초온누리약국","031-585-1008","1830","0830","1830","0830","1830","0830","1830","0830","1830","0830","1500","0830","C2102573","124","65","705","37.67768344518203","127.4942277150561"
"경상남도 김해시 대청로 117, 2동 217.312호 (대청동, 대청프라자)","대청프라자사거리","갑오약국","055-313-3788","1830","0900","1830","0900","1830","0900","1830","0900","1830","0900","1400","0900","C2800384","509","94","706","35.185313717163375","128.7981321897583"
"충청남도 아산시 배방읍 용연로 84-7, 105호 (에듀시티)","이마트에브리데이 앞","갑자약국","041-534-2747","1900","0830","1900","0830","1900","0830","1900","0830","1900","0830","1500","0830","C2401228","314","66","707","36.788967918008765","127.08985441773277"
"서울특별시 은평구 은평터널로 16, DMC파인시티자이상가 1층 313호 (수색동)","휴게시간 13:20~14:00","수색역은평터널입구","갑진약국","02-307-8275","1950","0840","1950","0840","1950","0840","1950","0840","1950","0840","1900","0840","C1103248","035","02","708","37.5836207994979","126.897742421372"
"울산광역시 남구 문수로 474, 1~2층 (신정동)","중앙병원 맞은편","갑진약국","052-267-6826","1830","0900","1830","0900","1830","0900","1830","0900","1830","0900","1330","0900","C1700200","446","67","709","35.5324371521258","129.305235300115"
"충청남도 논산시 강경읍 계백로 152-1, 1층","강경약국","070-8657-4432","1830","0830","1830","0830","1830","0830","1830","0830","1830","0830","1700","0830","1700","1100","C2401871","329","39","710","36.157524352138","127.017001348979"
"경기 용인시 기흥구 강남동로 10 강남피아 204호 (구갈동 (구갈동)","강남2층약국","031-275-7585","1800","0900","1800","0900","1800","0900","1800","0900","1800","0900","1300","0900","C2110161","169","78","711","37.2712306296664","127.128156949507"
"서울특별시 강남구 학동로 지하 346, 강남구청역 B1층 111호 (삼성동)","14:00-15:00 휴게시간","강남구청역사 내 지하1층에 있습니다. 1~4번 출구 어디로 들어오셔도 보입니다.","강남구청역약국","02-511-6252","2100","0800","2100","0800","2100","0800","2100","0800","2100","0800","1730","0900","1730","0900","1730","0900","C1109043","060","99","712","37.5171892352971","127.04130142966"
"서울특별시 강남구 남부순환로 2615 (도곡동, 극동스타클래스)","강남굿모닝약국","02-529-4155","1830","0900","1830","0900","1830","0900","1830","0900","1830","0900","1600","0900","1300","0900","C1107162","062","67","713","37.4851852937745","127.035883711966"
"경기도 용인시 기흥구 중부대로 403, 105호, 106호 (신갈동)","강남다나약국","031-284-0169","1800","0900","1800","0900","1800","0900","1800","0900","1800","0900","1300","0900","C2109780","170","64","714","37.273307705232","127.111130772925"
"대구광역시 북구 신암로 99, 1층 (대현동)","강남당약국","053-941-2669","1900","0900","1900","0900","1900","0900","1900","0900","1900","0900","1400","0900","C1301297","415","70","715","35.87990803930106","128.6104766919152"
"경기도 용인시 기흥구 강남로 3, 강남앤플러스 112호 (구갈동)","명절연휴 영업, 명절 당일 휴무","강남대약국","031-693-7708","2100","0900","2100","0900","2100","0900","2100","0900","2100","0900","1500","0900","C2108131","169","77","716","37.2710502529458","127.126132623815"
"서울특별시 강남구 남부순환로363길 11, 101호 (도곡동)","강남대학약국","02-2135-7881","2000","0900","2000","0900","2000","0900","2000","0900","2000","0900","2000","0900","2000","1100","2000","1100","C1110721","062","68","717","37.4859219644675","127.037883791871"
"서울특별시 서초구 강남대로 435, 주류성빌딩 1층 (서초동)","주류성빌딩","강남드림약국","070-8841-0063","2030","0930","2030","0930","2030","0930","2030","0930","2030","0930","1800","0930","C1106972","066","12","718","37.5011776111829","127.025561030522"
"서울특별시 서초구 서초대로77길 5, 1~2층 (서초동)","강남레디영약국","070-5056-0533","2300","1000","2300","1000","2300","1000","2300","1000","2300","1000","2300","1000","2300","1000","2300","1000","C1110871","066","15","719","37.4983516923932","127.026394763383"
"서울특별시 강남구 헌릉로 569, 1층 105호 (세곡동)","강남리더스약국","02-3414-8001","1900","0900","1900","0900","1900","0900","1900","0900","2000","0900","1430","0900","C1108644","063","76","720","37.4657580150675","127.101226214382"
"서울특별시 강남구 삼성로 233 (대치동, 신사빌딩)","은마아파트입구사거리농협대치동지점옆","강남메디칼약국","02-568-6644","1800","0900","1800","0900","1800","0900","1800","0900","1800","0900","1700","0900","C1103021","062","79","721","37.4980568379199","127.060901364297"
"서울특별시 서초구 방배로 174, 1층 (방배동, 태창빌딩)","강남메디칼약국","02-594-0801","2000","0830","2000","0830","2000","0830","2000","0830","2000","0830","1400","0900","C1107642","065","86","722","37.4891828159505","126.993061030072"
"서울특별시 강남구 논현로86길 22, 1층 (역삼동)","강남미소약국","02-555-5640","1930","0900","1930","0900","1930","0900","1930","0900","1930","0900","1700","0930","C1107703","062","23","723","37.5000311654295","127.039354751434"
"서울특별시 강남구 강남대로 376, 1층 1호 (역삼동)","강남미약국","02-501-2105","2100","0830","2100","0830","2100","0830","2100","0830","2100","0830","1830","0830","1630","0930","1730","0930","C1108405","062","32","724","37.4965739855907","127.028798878563"
"서울특별시 서초구 효령로 431, 서초동 청화오피스텔 102호 (서초동)","강남백년가약국","02-597-0119","0100","0830","0100","0830","0100","0830","0100","0830","0100","0830","0100","0830","0100","2200","C1109788","066","28","725","37.489649639656","127.030652556058"
"서울특별시 강남구 도곡로 516 (대치동)","은마아파트입구 교차로","강남보선약국","02-568-2310","2200","1000","2200","1000","2200","1000","2200","1000","2200","1000","2200","1030","C1104900","062","82","726","37.4991812807975","127.062987853204"
"서울특별시 서초구 남부순환로 2201, 111호 (방배동)","강남사랑약국","02-523-9775","1900","0900","1900","0900","1900","0900","1900","0900","1900","0900","1500","0900","C1103022","067","02","727","37.4741803897218","126.993113629258"
"대구광역시 동구 신암로 115, 1층 (신암동)","강남새약국","053-953-1122","1800","0900","1800","0900","1800","0900","1800","0900","1800","0900","1230","0900","1230","0900","C1301424","412","00","728","35.8808979117","128.6119229283"
"서울특별시 강남구 도곡로 523, 1층 (대치동)","은마아파트북문후문앞대로변서울대치순복음교회1층","강남새천년온누리약국","02-552-3524","2300","0900","2300","0900","2300","0900","2300","0900","2300","0900","2300","0900","2300","0900","2300","0900","C1101933","061","90","729","37.500056331752","127.063671536864"
"서울특별시 강남구 논현로 52, 남현빌딩 1층 (개포동)","일요일 휴무","강남세계로약국","02-572-2720","2050","0900","2050","0900","2050","0900","2050","0900","2050","0900","2000","0900","1800","1000","C1103826","063","12","730","37.4752105061392","127.047579624196"
"서울특별시 강남구 강남대로 406, GLASS TOWER 1층 (역삼동)","강남센트럴약국","02-558-5559","2130","0930","2130","0930","2130","0930","2130","0930","2130","0930","1930","0930","1900","1000","1900","1000","C1110341","061","34","731","37.4989106629232","127.027637005361"
"서울특별시 강남구 도산대로 513, 양원빌딩 1층 101호 (청담동)","강남셀리뉴약국","02-400-1640","2000","0900","2000","0900","2000","0900","2000","0900","2000","0900","1400","0900","C1110029","060","12","732","37.524794163764","127.049471470046"
"경기도 부천시 옥산로 128 (중동)","심원고등학교 맞은편","강남시장약국","032-322-6284","2200","0800","2200","0800","2200","0800","2200","0800","2200","0800","2200","0800","2200","0800","2200","0800","C2100451","145","27","733","37.5049702836082","126.78047865439707"
"강원특별자치도 춘천시 경춘로 2364, 1층 (온의동)","일요일 및 공휴일: 약사님 개인사정 있을때는 운영 안함/ 전화 후 방문","강남병원 후문","강남십자약국","033-254-4985","1900","0830","1900","0830","1900","0830","1900","0830","1900","0830","1500","0900","1500","0900","1500","0900","C2200036","244","36","734","37.86409189058783","127.72118282129315"
"서울특별시 강남구 테헤란로4길 6, 강남역 센트럴 푸르지오 시티 1층 118호 (역삼동)","강남역 1번 출구에서 직진 후 삼성역삼서초 세무서 옆길로 우회전 하시면 오른쪽 대로변에 위치","강남썬약국","02-567-7636","2130","0830","2130","0830","2130","0830","2130","0830","2130","0830","1930","0900","C1109567","062","32","735","37.4976674173806","127.029286360295"
"서울특별시 강남구 강남대로 416, 1층 (역삼동, 창림빌딩)","강남역 11번 출구","강남씨티약국","02-553-1608","2130","0900","2130","0900","2130","0900","2130","0900","2130","0900","2130","0900","2030","1000","2000","1000","C1107656","061","29","736","37.4997988058128","127.027157607819"
"울산광역시 울주군 삼남면 중평로 54 (삼남면)","서울산보람병원앞","강남약국","052-264-0222","1900","0900","1900","0900","1900","0900","1900","0900","1900","0900","1300","0900","C1700092","449","48","737","35.55956328512908","129.1216565970438"
"경기도 평택시 평택로 54, (평택동)","강남약국","031-692-7575","2100","1500","2100","1500","2100","1500","2100","1500","2100","1500","1700","0830","2100","1500","C2103843","179","11","738","36.99229344746466","127.08649229748086"
"경상북도 영천시 강변로 47","영천시외버스터미널바로길건너편","강남약국","054-337-0127","1900","0900","1900","0900","1900","0900","1900","0900","1900","0900","1500","0900","C2700082","388","87","739","35.961123319683765","128.92796647777826"
"광주광역시 남구 대남대로 338 (월산동)","강남약국","062-369-3357","1800","0830","2000","0830","1800","0830","2000","0830","1800","0830","1300","0830","C1501170","616","25","740","35.141915163","126.8935897229"
"경기도 여주시 신륵로 41","강남약국","031-885-1443","2100","0900","2100","0900","2100","0900","2100","0900","2100","0900","2000","0900","C2101877","126","36","741","37.30116148059693","127.65453777891618"
"울산광역시 남구 삼산로 266 (삼산동)","공휴일 비정기 운영","삼산현대백화점맞은편","강남약국","052-271-3101","1900","0900","1900","0900","2000","0900","1900","0900","1900","0900","1700","0900","1230","0930","C1700375","447","19","742","35.53879169690872","129.3362832315288"
"경기도 용인시 기흥구 신구로12번길 19 (구갈동)","강남약국","031-285-9901","1900","0900","2400","0900","1900","0900","1900","0900","1900","0900","1400","0900","C2100703","169","70","743","37.27410319231119","127.11135272824842"
"충청북도 청주시 서원구 사직대로 128, 해인빌딩 (사창동)","강남약국","043-274-5132","2000","0830","2000","0830","2000","0830","2000","0830","2000","0830","1930","0830","1930","0900","C2301079","286","47","744","36.6347531485","127.4615909597"
"대구광역시 수성구 수성로 412, 117동 104호 (수성동4가, 수성보성타운상가)","강남약국","053-746-1445","1900","0900","1900","0900","1900","0900","1900","0900","1900","0900","C1300896","420","04","745","35.86282273049632","128.61458193813425"
"경기도 화성시 향남읍 발안로 68, 104호","강남약국","031-354-6310","1800","0900","1800","0900","1800","0900","1800","0900","1800","0900","1300","0900","C2109521","185","98","746","37.1314557070414","126.91760423825"
"대구광역시 달서구 도원로 20, (도원동)","도원동대곡지구우체국과롯데리아사이","강남약국","053-641-7120","2100","0900","2100","0900","2100","0900","2100","0900","2100","0900","1900","0900","C1300711","428","32","747","35.80804301008517","128.53546389580344"
"강원특별자치도 춘천시 행촌로 29 (퇴계동)","20:30~22:00 휴게시간","대원뷔페근처","강남약국","033-252-1149","2500","0900","2500","0900","2500","0900","2500","0900","2500","0900","2500","0900","2500","2200","2500","0900","C2200378","244","41","748","37.85957340705995","127.72402169850664"
"경상남도 진주시 진주대로 891 (강남동)","강남약국","055-752-6101","1900","0830","1900","0830","1900","0830","1900","0830","1900","0830","1500","0830","C2801707","527","09","749","35.17985823495757","128.0902775615354"
"대구광역시 동구 신암로 98, (신암동)","강남약국","053-941-1543","1900","0900","1900","0900","1900","0900","1900","0900","1900","0900","1530","0900","C1300308","412","05","750","35.87946274681455","128.61061938897268"
"서울특별시 강동구 양재대로 1355 (성내동)","강남약국","02-486-7823","2000","0900","2000","0900","2000","0900","2000","0900","2000","0900","1800","0900","1300","0900","C1101935","054","04","751","37.5273952498819","127.135616051172"
"서울특별시 서초구 서초대로77길 9, 강남 누드죤빌딩 104호 (서초동)","강남엘약국","02-533-7737","2000","1000","2000","1000","2000","1000","2000","1000","2000","1000","1730","1000","C1109069","066","15","752","37.49858941826","127.026213341634"
"서울특별시 강남구 강남대로 388, 강남센타빌딩 지하 2층 2호 (역삼동)","수요일 휴무 일요일 시간변동 있을 수 있음.","2호선 강남역 2번 출구 계단 내려서 바로 오른쪽에 위치","강남역 2번출구 약국","02-565-5490","1915","0930","1915","0930","1245","0830","1915","0930","1945","0930","1700","0830","1045","0845","C1109584","062","32","753","37.4974495848055","127.028422526103"
"서울 강남구 테헤란로4길 6 센트럴푸르지오시티 지상1층 b106호 (역삼동)","강남역스타약국","02-6326-8908","1930","0740","1930","0740","1930","0740","1930","0740","1930","0740","1730","0800","C1108170","062","32","754","37.4976674173806","127.029286360295"
"경기도 수원시 영통구 봉영로 1569, 뉴월드프라자 4층 408호 (영통동)","강남열린약국","031-202-1151","1800","0900","1800","0900","1800","0900","1800","0900","1800","0900","1300","0900","C2109904","167","03","755","37.2520637842978","127.07102269696"
"서울특별시 강남구 선릉로 406, 102호 (대치동)","강남온누리약국","02-566-6480","2030","0830","2030","0830","2030","0830","2030","0830","2030","0830","1900","0900","C1108450","061","98","756","37.5011545732697","127.050832530148"
"경상북도 경주시 외동읍 입실로 75","외동파출소에서 남쪽으로 100M쯤에 위치","강남온누리약국","054-741-0210","1900","0900","1900","0900","1900","0900","1900","0900","1900","0900","1430","0900","1200","0900","C2700978","382","13","757","35.714970759896694","129.32404911732607"
"서울특별시 서초구 강남대로 463, 지하1층 102호 (서초동, 리젠타워)","리젠타워 지하1층 102호","강남온누리약국","070-7755-2030","2030","1000","2030","1000","2030","1000","2030","1000","2030","1000","1800","1000","1400","1000","C1104119","066","11","758","37.5034475706091","127.024446802561"
"서울특별시 강남구 강남대로 432 1층 (역삼동)","점프밀라노 지층101호","강남웰약국","02-6440-5656","2230","0900","2230","0900","2230","0900","2230","0900","2230","0900","2200","0900","2100","1100","2200","0900","C1103947","061","29","759","37.5012350392984","127.026630556235"
"서울특별시 강남구 테헤란로 121, 원빌딩 2층 202호 (역삼동)","강남으뜸약국","02-6941-1403","1900","0900","1900","0900","1900","0900","1900","0900","1900","0900","1600","0930","C1109945","061","33","760","37.4994161773038","127.031062762603"
"서울특별시 강남구 테헤란로4길 46, B동 140호 (역삼동, 쌍용플래티넘밸류)","강남이로운약국","02-538-9984","1900","0930","1900","0930","1900","0930","1900","0930","1900","0930","1500","1100","C1110841","062","41","761","37.4955481444177","127.03006467392"
"서울특별시 강남구 언주로 639, 1층 (논현동)","강남정성약국","02-3446-9720","1830","0930","1830","0930","1830","0930","1830","0930","1830","0930","1400","0930","C1108262","061","05","762","37.5136165502206","127.03495997582"
"서울 강남구 테헤란로 139 (역삼동)","강남제일약국","02-555-7790","2000","0900","2000","0900","2000","0900","2000","0900","2000","0900","1600","1000","C1110725","061","32","763","37.5004008797362","127.034343239289"
"서울특별시 강남구 남부순환로361길 6, 105호 (도곡동)","강남조은약국","02-571-9515","1830","0900","1830","0900","1830","0900","1830","0900","1830","0900","1330","0900","C1103935","062","68","764","37.4855940073542","127.037570654332"
"서울특별시 강남구 일원로 39, 대원빌딩 1층 (일원동)","강남중앙약국","02-451-6842","2000","0900","2000","0900","2000","0900","2000","0900","2000","0900","1600","0900","1600","1100","C1110722","063","43","765","37.4903393234553","127.081311021232"
"경기도 양주시 옥정로 226, 제일타워 1층 103호 (옥정동)","강남참약국","031-928-7308","1900","1000","1900","1000","1900","1000","1900","1000","2000","1000","1500","0930","C2108780","114","73","766","37.8217515551435","127.092127812242"
"강원특별자치도 춘천시 경춘로 2362, 101호 (온의동)","강남푸른약국","033-912-6111","1900","0900","1900","0900","1900","0900","1900","0900","1900","0900","1400","0900","C2200968","244","36","767","37.8642579304","127.7205480246"
"서울특별시 강남구 학동로 323 (논현동, 한미빌딩)","신정, 구정, 추석 당일 휴무","강남구청역에서관세청사거리중간","강남프라자약국","02-514-4222","2100","0900","2100","0900","2100","0900","2100","0900","2100","0900","2100","0900","2000","1000","2000","1000","C1103508","060","60","768","37.5165729561127","127.038340314865"
"경기도 용인시 기흥구 신구로12번길 12-1 (신갈동)","강남플러스약국","031-281-7700","1830","0900","1830","0900","1830","0900","1830","0900","1830","0900","1330","0900","C2101476","170","64","769","37.27349084575398","127.11096847681327"
"서울특별시 강남구 선릉로131길 12, 로뎀2빌딩 1층 (논현동)","강남하트약국","02-511-0544","1830","0830","1830","0830","1830","0830","1830","0830","1830","0830","1300","0830","C1110729","060","59","770","37.5179044983754","127.039854496609"
"서울특별시 강남구 학동로 342","강남구청역 2번출구 에스케이 허브 109호 110호","강남허브약국","02-3014-9272","1800","0900","1800","0900","1800","0900","1800","0900","1800","0900","1630","0830","C1103023","060","99","771","37.5167560126387","127.040841265738"
"경기도 용인시 기흥구 신구로12번길 11-1 (구갈동)","강남병원뒷길건너편","강남효약국","031-286-3379","2400","0800","2400","0800","2400","0800","2400","0800","2400","0800","2400","0800","2400","0800","C2104104","169","70","772","37.273629207999754","127.1106042062995"
"서울특별시 강동구 양재대로 1574, 101호 (명일동)","강동365약국 공공심야약국 365일, 공휴일도 아침9시부터 새벽1시까지 운영합니다.","강동365약국","02-429-0365","2500","0900","2500","0900","2500","0900","2500","0900","2500","0900","2500","0900","2500","0900","2500","0900","C1110651","052","96","773","37.5459227458636","127.143349163756"
"서울특별시 강동구 양재대로 1465, 마루홈타운 107호 (길동)","강동더본약국","02-477-8280","1800","0900","1800","0900","1800","0900","1800","0900","1800","0900","1500","0900","C1108720","053","53","774","37.5368399179472","127.139314330701"
"서울특별시 강동구 양재대로 1461, SC MEDI TOWER 1층 (길동)","강동메디온약국","02-475-0067","1930","0900","2030","0900","1930","0900","2030","0900","1930","0900","1430","0900","C1110229","053","53","775","37.536390125858","127.139096030275"
"서울특별시 강동구 올림픽로 782 (암사동)","강동미래약국","02-442-6263","1800","0900","1800","0900","1800","0900","1800","0900","1800","0900","1400","0900","C1101884","052","64","776","37.5508657313861","127.128126213246"
"서울특별시 강동구 동남로73길 13, 1층 (명일동)","강동새경희약국","02-3428-0100","1900","0900","1900","0900","1900","0900","1900","0900","1900","0900","1600","0900","C1108330","052","69","777","37.5527430197238","127.155461707633"
"서울특별시 강동구 진황도로 81, 강동투웨니퍼스트 1층 101호 (길동)","운영시간이 변동이 있을 수 있어 전화확인 후 방문부탁드립니다.","강동성실약국","02-478-7001","2300","0900","2300","0900","2300","0900","2300","0900","2300","0900","1500","0830","C1109073","053","54","778","37.5367040128134","127.135707130269"
"서울특별시 강동구 천호대로 1024, 힐스테이트 천호역 젠트리스 3층 (성내동)","강동센터약국","02-6417-7070","1930","0830","1930","0830","1930","0830","1930","0830","1930","0830","1300","0900","1300","0900","C1110584","053","78","779","37.5373738689796","127.12572887033"
"서울특별시 강동구 천호대로 1111, 1층 (길동, 정우빌딩)","강동소망약국","02-487-6464","1800","0830","1800","0830","1800","0830","1800","0830","1800","0830","1500","0845","C1107888","053","55","780","37.5353823022529","127.135107906125"
"서울특별시 강동구 양재대로 1473, 희헌타워 1층 (길동)","강동솔약국","02-474-2696","2030","0900","2030","0900","2030","0900","2030","0900","2030","0900","1600","0900","C1108640","053","53","781","37.5375121901099","127.139588829365"
"서울특별시 강동구 천호대로 1124, 1층 (성내동)","강동아람약국","02-473-4959","2100","0900","2100","0900","2100","0900","2100","0900","2100","0900","2100","0900","2000","1300","C1110883","053","73","782"
"울산광역시 북구 동해안로 1441 (정자동)","농협맞은편 김밥천국 옆","강동약국","052-298-3358","2000","0900","2000","0900","2000","0900","2000","0900","2000","0900","1800","0900","C1700053","442","33","783","35.61453452583867","129.44800410676234"
"서울특별시 강동구 양재대로 1570, 미래빌딩 1층 (명일동)","강동온누리약국","02-2135-7572","2100","0900","2100","0900","2100","0900","2100","0900","2100","0900","1800","0900","1600","1000","C1109272","052","96","784","37.5456635684848","127.143242072187"
"서울특별시 강동구 천호대로173길 12, EY빌딩 (길동)","강동성심병원장례식장옆","강동우리약국","02-479-1150","1830","0830","1830","0830","1830","0830","1830","0830","1830","0830","1330","0830","C1101886","053","55","785","37.5356024480648","127.135552164378"
"서울특별시 강동구 동남로 891, 103호 (명일동)","강동원약국","02-6081-0101","1900","0830","1900","0830","1900","0830","1900","0830","1800","0830","1300","0830","C1109380","052","69","786","37.5533185664951","127.155947723578"
"서울특별시 강동구 양재대로103길 5, 1층 (성내동)","강동이레약국","02-489-2585","1830","0900","1830","0900","1830","0900","1830","0900","1830","0900","1330","0900","C1110061","053","75","787","37.5327585683193","127.13754584362"
"강원특별자치도 강릉시 강동면 와천로 470","2018년 추석연휴 24일(휴무), 25일(운영: 10:00 ~ 21:00) ~ 26일(운영: 08:00~21:00)","강동종로약국","033-646-1063","2000","0830","2000","0830","2000","0830","2000","0830","2000","0830","2000","0800","2100","0800","C2200021","256","20","788","37.727136523572774","128.9544369528938"
"서울특별시 강동구 양재대로 1343 (성내동)","둔촌역 3번출구 전방10m","강동태평양약국","02-473-3377","2200","0840","2200","0840","2200","0840","2200","0840","2200","0840","2130","0900","2130","0900","2130","0900","C1103357","054","05","789","37.5263393754437","127.135215245847"
"서울특별시 강동구 올림픽로 624, 강동메디컬센터 1층 (성내동)","강동프라자약국","02-470-0203","1810","0830","1810","0830","1810","0830","1810","0830","1810","0830","1310","0830","C1103014","053","78","790","37.5370435694342","127.1232435281"
"서울특별시 강동구 올림픽로 778","공휴일 운영시간 변동가능성 있으니, 필히 연락 후 방문하시기 바랍니다.","강동한우리약국","02-481-3237","2030","0830","2030","0830","2100","0830","2000","0830","2000","0830","1900","0830","1700","0900","1700","0900","C1102804","052","64","791","37.5503999624409","127.127916738477"
"강원특별자치도 강릉시 경강로 2109 (임당동)","임당동 문선빌딩1층","강릉시민약국","033-642-8255","1830","0830","1830","0830","1830","0830","1830","0830","1830","0830","1330","0830","1300","0900","1300","0900","C2200469","255","32","792","37.75564393999822","128.89719887039593"
"강원특별자치도 강릉시 사천면 방동길 27","사천면 강릉아산병원 입구","강릉약국","033-641-8004","1830","0900","1830","0900","1830","0900","1830","0900","1830","0900","1300","0900","C2200479","254","40","793","37.81644617540074","128.8560293384091"
"강원특별자치도 강릉시 성산면 구산길 59","강릉유명약국","033-643-4319","2000","0730","2000","0730","2000","0730","2000","0730","2000","0730","2000","0800","2000","0800","2000","0730","C2201069","254","50","794","37.715475251858","128.83064849508"
"강원특별자치도 강릉시 율곡로 2844 (옥천동)","옥천동 옥천주유소옆,삼성서비스센터 맞은편","강릉중앙약국","033-647-3363","1800","0830","1800","0830","1800","0830","1800","0830","1800","0830","1300","0830","C2200399","255","51","795","37.75787324829965","128.8975784599888"
"강원특별자치도 강릉시 금성로22번길 13, 1층 (금학동)","금학동 롯데리아에서 중앙시장 방향 도로 입구 10m 지점,","강릉태평양약국","033-641-5575","1800","0820","1800","0820","1800","0820","1800","0820","1800","0820","1400","0820","C2200597","255","40","796","37.754816314413034","128.8971278249099"
"강원특별자치도 강릉시 동부시장3길 36, 1층 (옥천동)","강릉하나약국","033-648-8640","1730","0830","1730","0830","1730","0830","1730","0830","1730","0830","1300","0830","C2200999","255","52","797","37.7603215547","128.9027834193007"
"강원특별자치도 강릉시 사천면 방동길 51","강릉아산병원 입구 오른쪽","강릉현대약국","033-641-5533","1900","0900","1900","0900","1900","0900","1900","0900","1900","0900","1200","0900","1930","0900","C2200211","254","40","798","37.818055656865965","128.8561059530341"
"서울특별시 동작구 시흥대로 668-3 (신대방동)","강림약국","02-832-8975","2130","0900","2130","0900","2130","0900","2130","0900","2130","0900","2000","0900","C1104363","070","68","799","37.4910999895203","126.908628332908"
"강원특별자치도 강릉시 경강로 2093-1 (임당동)","임당동 신영빌딩 건너편,맥도널드옆","강림약국","033-648-2259","1900","0830","1900","0830","1900","0830","1900","0830","1900","0830","1400","0900","C2200400","255","32","800","37.75477160597039","128.8959584164663"
"부산광역시 동래구 충렬대로237번길 3","4호선 수안역 7번출구","강림온누리약국","051-552-6929","1800","0900","1800","0900","1800","0900","1800","0900","1800","0900","1400","0900","1800","0900","C1200604","478","14","801","35.20170496697448","129.08508169392604"
"경상북도 포항시 남구 오천읍 원동로 47","강민약국","054-291-0958","1300","0900","1300","0900","1300","0900","1300","0900","1300","0900","1300","0900","C2701294","378","83","802","35.976639880252215","129.40640924865878"
"서울특별시 광진구 광나루로56길 63, 123호,135호,136호 (구의동, 프라임프라자상가)","13:00~14:00 휴게시간","강변역1번출구프라림프라자135호","강변그랜드약국","02-447-4842","2030","0900","2030","0900","2030","0900","2030","0900","2030","0900","1800","0900","1800","0900","C1101896","051","19","803","37.5367887874337","127.096160584389"
"경상북도 구미시 신비로 112","강변약국","054-462-0590","1900","0840","1900","0840","1900","0840","1900","0840","1900","0840","1700","0840","C2700426","392","58","804","36.12080947227143","128.3742444194292"
"전라남도 나주시 남평읍 강변2길 5-11, 102호","나주시 남평읍 365 약국 / 동물약 취급 약국","강변약국","061-930-9992","2100","0900","2100","0900","2100","0900","2100","0900","2100","0900","1700","0900","1700","0900","1700","0900","C2601244","582","27","805","35.0405901874981","126.850165551415"
"인천광역시 연수구 원인재로 315 (연수동, 주공1단지, 2단지아파트)","강봉윤약국","032-811-2023","1600","0900","1600","0900","1600","0900","1600","0900","1600","0900","1600","0930","C1401449","219","36","806","37.42189176638847","126.69308816959125"
"서울특별시 강북구 도봉로49길 8, 1층 (미아동)","강북김약국","02-980-1717","2000","0900","2000","0900","2000","0900","2000","0900","2000","0900","1530","0900","C1108680","011","70","807","37.62527554794","127.0259544037"
"서울특별시 강북구 도봉로 79 (미아동)","삼양사거리에서삼양동방면","강북다모아약국","02-945-2088","1830","0900","1830","0900","1830","0900","1830","0900","1830","0900","1600","0900","C1103266","012","05","808","37.616262128569105","127.02952830708169"
"대구광역시 북구 팔거천동로 223, 수정빌딩 103호 (동천동)","강북동산약국","053-313-3809","2000","0900","2000","0900","2000","0900","2000","0900","2000","0900","1600","0900","C1300647","414","22","809","35.94397331473311","128.5579268227956"
"서울특별시 강북구 도봉로 190 (미아동)","미아역 4번 출구 앞","강북메디칼약국","02-981-9512","1900","0900","1900","0900","1900","0900","2100","0900","1900","0900","1500","0900","C1101898","011","57","810","37.62581553921191","127.0266292868933"
"대구광역시 북구 칠곡중앙대로 450, 1층 101호 (읍내동)","365일 연중무휴 08:00~22:00","편리한 교통은 기본! (삼선병원 바로 옆 버스정류장 앞) 주차걱정 No! (율곡스퀘어메디컬스 주차타워 이용) 양질의 복약 서비스 (30년 임상경험 약사님과 약대 수석 졸업 약사님) 365일 대기조 (추석에도 설에도 주말에도 공휴일에도 연중무휴 밤 10시까지)","칠곡동아백화점에서안동방면으로한100m쯤","강북약국","053-323-8736","2400","0800","2400","0800","2400","0800","2400","0800","2400","0800","2400","0800","2200","1400","2400","0800","C1300102","414","38","811","35.93515876980143","128.5491200314679"
"서울특별시 동대문구 전농로 110, 1층 (답십리동)","강북열린약국","02-2248-5023","1800","0830","1800","0830","1800","0830","1800","0830","1800","0830","1300","0830","C1104652","025","38","812","37.5746191287884","127.05775584465874"
"서울특별시 강북구 한천로 1081, 1층 (수유동)","강북우리약국","02-900-8345","1900","0900","1930","0900","1900","0900","1900","0900","1900","0900","1320","0900","C1108406","010","70","813","37.642448502775395","127.02296696684489"
"서울특별시 강북구 도봉로37길 7, 1층 (미아동)","강북제일약국","02-985-3116","1930","0900","1930","0900","1930","0900","1930","0900","1930","0900","1500","0900","C1103420","011","75","814","37.62228581673068","127.02709245366232"
"대구광역시 북구 학정동로 45, 1층 (학정동)","공휴일은 병원 시간에 맞춰서 운영","강북조은약국","053-326-2929","1915","0900","1915","0900","1915","0900","1915","0900","1915","0900","1415","0900","C1300757","414","17","815","35.94785701207048","128.56722346577064"
"서울특별시 강동구 아리수로93나길 26, 성산타워 109,110호 (강일동)","공휴일 운영 종료 시간 변동 가능성 있음","강빛약국","02-6949-5111","2000","0900","2000","0900","2000","0900","2000","0900","2000","0900","1500","0900","1400","0830","C1108968","052","01","816","37.5717468642305","127.17322968941578"
"경기도 파주시 경의로 1090, 삼융타워 110호 (야당동)","강산약국","031-8035-7102","1900","0900","1900","0900","1900","0900","1900","0900","1900","0900","C2108245","109","08","817","37.7145087868747","126.760060271416"
"대전광역시 동구 보문로 4, 플러스크리닉 1층 (효동)","강산약국","042-272-0348","1900","0830","1900","0830","1900","0830","1900","0830","1900","0830","1700","0830","2000","1000","C1601055","346","34","818","36.31537175236351","127.44008927522762"
"충청남도 논산시 중앙로 472, 김광호내과 1층 (반월동)","안녕하세요. 논산시 강산약국입니다. :)","노스페이스 맞은편","강산약국","041-732-3233","1800","0830","1800","0830","1800","0830","1800","0830","1800","0830","1300","0830","C2400344","329","68","819","36.20521128266805","127.0845907006716"
"대구광역시 달서구 송현로 103 (송현동)","지하철월촌역에서대구공전방향으로5분거리","강산약국","053-634-9583","1900","0900","1900","0900","1900","0900","1900","0900","1900","0900","1300","0900","C1300383","427","46","820","35.82639118454782","128.54376970183702"
"서울특별시 강서구 공항대로41길 34, 플러스존 1층 101호 (등촌동)","강서365아이맘약국","02-3664-0522","2300","0800","2300","0800","2300","0800","2300","0800","2300","0800","2300","0800","2300","0800","2300","0800","C1110740","075","87","821","37.55944753032626","126.8457167075173"
"서울특별시 강서구 까치산로4길 3, 1층 (화곡동)","공휴일 구정, 추석 당일은 휴무","강서메디칼약국","02-2602-4567","2100","0900","2100","0900","2100","0900","2100","0900","2100","0900","2100","0900","2100","0900","C1109027","077","22","822","37.54249749438851","126.84398644541112"
"서울특별시 강서구 강서로54길 29 (등촌동)","강서바른약국","02-3665-7921","1900","0900","1900","0900","1900","0900","1900","0900","1900","0900","1400","0900","C1110875","075","91","823","37.5591271383304","126.840297574269"
"서울특별시 강서구 양천로30길 123-28, 1층 (마곡동)","주차가능","강서보건약국","02-2088-7501","1830","0830","1830","0830","1830","0830","1830","0830","1830","0830","1330","0830","C1108288","075","95","824"
"서울특별시 강서구 마곡중앙3로 16, VL 르웨스트 A동 103호 (마곡동)","강서수약국","02-6349-1123","1800","0900","1800","0900","1800","0900","1800","0900","1800","0900","1300","0900","C1110876","078","00","825","37.5629708738715","126.824552633783"
"충청북도 청주시 흥덕구 가로수로1164번길 7-2 (강서동)","공휴일 운영하나 설, 추석 명절은 운영 안함","강서동주민센터/새마을금고 인근","강서약국","043-232-3995","2000","0900","2000","0900","2000","0900","2000","0900","2000","0900","1900","0900","1700","0900","C2300383","361","380","826","36.62644489733697","127.42673159900295"
"서울특별시 강서구 등촌로 75, 지덕빌딩 102호 (등촌동)","강서약국","02-2644-2154","2000","0900","2000","0900","2000","0900","2000","0900","2000","0900","1600","0900","1600","1000","C1110158","077","34","827","37.53674143982237","126.86323025721133"
"서울특별시 강서구 화곡로 346, 103호 (화곡동,귀뚜라미홈시스텔)","강서구청 사거리 I-Park 맞은편에 있는 귀뚜라미홈시스텔 1층에 있는 약국","강서구청로터리","강서연세약국","02-2606-1531","1900","0800","1900","0800","1900","0800","1900","0800","1900","0800","1600","0800","1600","0800","C1104295","076","53","828","37.5545112369369","126.85190606710937"
"충청북도 청주시 흥덕구 2순환로 1234, 1층 102호 (강서동)","가경동 고속버스터미널 큰길 건너 맞은편","강서열린약국","043-235-8207","1930","0900","1930","0900","1930","0900","1930","0900","1930","0900","1800","0900","C2300044","283","77","829","36.600034678670596","127.36901434460935"
"서울특별시 강서구 강서로 43, 도양라비앙타워 L층 B101호 (화곡동)","강서자연애약국","02-2698-5763","2200","0830","2200","0830","2200","0830","2200","0830","2200","0830","2200","0900","2200","0900","2200","0900","C1110283","077","74","830","37.531610030404856","126.84655754233182"
"서울특별시 강서구 양천로 401, 109-2호 (가양동, 강서한강자이타워A동)","강서한강자이타워 A동 109-2호","강서자이온누리약국","02-2638-5233","1930","0800","1930","0800","1930","0800","1930","0800","1930","0800","1430","0900","1400","0900","C1104054","075","28","831","37.56555472950538","126.84799335124562"
"서울특별시 강서구 강서로 287, 호경빌딩 1층 (내발산동)","강서제일큰약국","02-2661-9293","2400","0900","2400","0900","2400","0900","2400","0900","2400","0900","2400","0900","2400","0900","2400","0900","C1110532","076","39","832","37.5514329645442","126.836009000722"
"서울특별시 강서구 강서로 257 (내발산동)","5호선 우장선역 3-4번 출구 사이","강서종로약국","02-2606-8268","2130","0830","2130","0830","2130","0830","2130","0830","2130","0830","2130","0830","2100","0930","2100","0930","C1101989","076","39","833","37.548683399531186","126.83608043293707"
"서울특별시 강서구 강서로 43, 도양라비앙타워 2층 202호 (화곡동)","강서하나로약국","02-2603-5701","2000","0830","2000","0830","2000","0830","2000","0830","2000","0830","1500","0830","C1110733","077","74","834","37.531533438220016","126.84655204238511"
"서울특별시 강서구 화곡로 398, 홈플러스강서점앤본사사옥 1층 (등촌동)","매달 2,4번째 일요일 정기 휴무 설날, 추석 당일 11:00~21:00","일요일 2,4째주 휴무/","강서구 마포중고등학교 맞은편 홈플러스 1층","강서홈약국","02-2659-1823","2200","1000","2200","1000","2200","1000","2200","1000","2200","1000","2200","1000","2200","1000","2200","1000","C1101990","075","67","835","37.55830521933691","126.85434885334001"
"경기도 고양시 일산서구 강선로 59, 103호 (주엽동, 동신파크)","강선8단지사거리동신파크1층","강선사거리약국","031-916-5040","2100","0900","2100","0900","2100","0900","2100","0900","2100","0900","2000","0900","C2103545","103","86","836","37.669558355174665","126.76448463461993"
"경기도 고양시 일산서구 대산로 117, (주엽동)","강선6단지 강선프라자 도미노피자옆","강선약국","031-925-1141","1600","0830","1600","0830","1600","0830","1600","0830","1600","0830","1700","0800","C2102501","103","88","837","37.673941666666664","126.764319444444439"
"경기도 의정부시 금오로 121-6 (금오동)","강성약국","031-847-2391","1900","0800","1900","0800","1900","0800","1900","0800","1900","0800","1500","0800","C2102460","117","65","838","37.756787846300405","127.07757337815212"
"경기도 군포시 산본로386번길 4-19, 1층 (산본동)","강송약국","031-393-0051","1930","0900","1930","0900","1930","0900","1930","0900","1930","0900","1300","0930","C2106929","158","18","839","37.36399380021454","126.93109488154481"
"서울특별시 강동구 올림픽로80길 43","로뎀병원에서 동서울시장쪽으로 50m","강약국","02-477-0940","2000","0900","2000","0900","2000","0900","2000","0900","2000","0900","2000","0900","2030","0930","C1101993","053","24","840","37.5430775541496","127.127661736511"
"서울특별시 동작구 서달로 158 (흑석동, 명수대상가104호)","명수대상가","강약국","02-816-8766","2000","0900","2000","0900","2000","0900","2000","0900","2000","0900","1800","0900","C1101991","069","79","841","37.50718054209691","126.96198411109792"
"대구광역시 수성구 달구벌대로492길 29, 1층 (범어동)","강약국","053-000-0000","1800","0900","1800","0900","1800","0900","1800","0900","1800","0900","C1301876","420","87","842","35.8572234190879","128.633396110497"
"대구광역시 남구 중앙대로29길 29","영대병원 정문앞","강약국","053-623-2234","1800","0900","1800","0900","1800","0900","1800","0900","1800","0900","C1300163","424","17","843","35.8460065267894","128.58867413684018"
"부산광역시 부산진구 가야대로 785, (부전동)","롯데백화점앞 / 1,2호선 서면역 9번 출구","강약국","051-806-0789","2200","0840","2200","0840","2200","0840","2200","0840","2200","0840","2000","0900","1600","1000","1400","1000","C1201051","472","57","844","35.15789722222223","129.0574972222236"
"부산광역시 금정구 시실로 13 (부곡동)","1호선 온천장역 2번출구","강약국","051-514-8787","1840","0840","1840","0840","1840","0840","1840","0840","1840","0840","1300","0900","C1202244","463","11","845","35.21775925842976","129.08595355942214"
"부산광역시 연제구 고분로 32 (연산동)","마을버스정류장이름 강약국","강약국","051-863-7003","1930","0900","1930","0900","1930","0900","1930","0900","1930","0900","1500","0900","1300","0900","C1200245","475","78","846","34.86998456490001","126.6123525925"
"부산광역시 영도구 절영로13번길 53, (봉래동3가)","해동병원 별관 옆","강약국","051-416-4906","1900","0900","1900","0900","1900","0900","1900","0900","1900","0900","2000","0900","C1201044","490","35","847","35.09209166666666","129.04300555555687"
"경기도 수원시 장안구 덕영대로407번길 34-22","상률초등학교입구 뜰안채 주공@ 후문입구","강약국","031-207-6770","1830","0830","1830","0830","1830","0830","1830","0830","1830","0830","1300","0900","2100","0900","C2101992","163","56","848","37.30292598506023","126.96862213292903"
"경상북도 울진군 죽변면 죽변북로 15","죽변농협길건너편","강약국","054-783-5323","1800","0900","1800","0900","1800","0900","1800","0900","1800","0900","1300","0900","C2701040","363","16","849","37.06080102923388","129.4209320632191"
"서울특별시 강서구 강서로 399, 마곡하이마루 210호 (마곡동)","강약국","02-3663-3563","2030","1030","2030","1030","2030","1030","2030","1030","2030","1030","1630","1030","C1109841","077","94","850","37.561289720646286","126.83871542650631"
"전라남도 고흥군 도화면 중심길 27,","강약국","061-833-8942","1800","0830","1800","0830","1800","0830","1800","0830","1800","0830","1300","0830","C2600677","595","29","851","34.50996707303439","127.31901829134756"
"인천광역시 부평구 수변로 333","강약국","032-518-2243","2100","0930","2100","0930","2100","0930","2100","0930","2100","0930","1700","0930","C1400797","213","24","852","37.51510811739417","126.73883622219341"
"충청북도 청주시 상당구 영운로 49(영운동)","강약국","043-223-3463","1800","0830","1800","0830","1800","0830","1800","0830","1800","0830","1230","0830","C2301195","287","12","853"
"경상남도 밀양시 삼랑진읍 외송중앙길 3 (삼랑진읍)","강약국","055-352-9955","1800","0800","1800","0800","1800","0800","1800","0800","1800","0800","1300","0800","C2800107","504","67","854","35.39632803615895","128.8374613644616"
"전북특별자치도 전주시 덕진구 솔내로 184, 106호 (송천동2가)","강약국","063-251-5232","2000","0830","2000","0830","2000","0830","2000","0830","2000","0830","1600","0830","C2501304","548","22","855","35.866336966056664","127.12744197175526"
"전북특별자치도 군산시 하나운로 37","나운2동 보건소사거리 기업은행앞","강약국","063-463-0595","2000","0830","2000","0830","2000","0830","2000","0830","2000","0830","1500","0830","C2500777","541","39","856","35.96218791740987","126.70023764980542"
"전북특별자치도 정읍시 수성로 58","제일아파트근처 참연합의원 옆에위치.","강약국","063-535-8133","1830","0830","1830","0830","1830","0830","1830","0830","1830","0830","1530","0830","1530","0900","C2500067","561","74","857","35.58256392236083","126.85614527451656"
"제주특별자치도 제주시 고마로 147, (일도이동)","일도주유소 남측","강약국","064-726-6366","1830","0830","1830","0830","1830","0830","1830","0830","1830","0830","1330","0830","C2900108","632","59","858","33.501659898929226","126.54346511453022"
"충청북도 단양군 단양읍 삼봉로 320-1,","강약국","043-423-9309","1900","0830","1900","0830","1900","0830","1900","0830","1900","0830","1900","0830","C2300278","270","11","859","36.985330555555556","128.369513888888889"
"강원특별자치도 원주시 치악로 1648, 상가동 101호 (단구동, 선아아파트)","강약국","033-761-8800","1900","0630","1900","0630","1900","0630","1900","0630","1900","0630","1500","0630","C2200181","264","51","860","37.32999497330529","127.95944748901434"
"강원특별자치도 속초시 동해대로 4117","2018년 추석연휴(휴무)","강약국","033-638-6226","1830","0830","1830","0830","1830","0830","1830","0830","1830","0830","1330","0830","C2200481","248","74","861","38.18922214085679","128.5840086450668"
"세종특별자치시 금남면 용포로 116, 103호","금남면 용포리","강약국","044-866-0920","1300","0900","1300","0900","1300","0900","1300","0900","1800","0900","1300","0900","C1800013","300","83","862","36.469067744600686","127.28141573522342"
"인천광역시 남동구 용천로 170 (간석동)","간석시장 동사무소 앞","강약국","032-428-1157","2200","0900","2200","0900","2200","0900","2200","0900","2200","0900","2200","0900","2200","0900","2200","0900","C1400117","215","11","863","37.464721727546404","126.71447943264718"
"경상남도 합천군 합천읍 대야로 889, 1층 102호","일요일 장날(3,8) 운영","합천시외버스터미널 부근","강온누리약국","055-931-3161","1800","0800","1800","0800","1800","0800","1800","0800","1800","0800","1300","0800","C2800066","502","33","864","35.56780842828591","128.16300586152133"
"서울특별시 관악구 대학길 36 (신림동)","강원약국","02-874-4575","2030","0900","2030","0900","2030","0900","2030","0900","2030","0900","2030","0900","2030","0900","C1104257","088","13","865","37.469149895505254","126.93758889082282"
"강원특별자치도 동해시 중앙로 221","천곡동 로타리 주유소 맞은편","강원약국","033-533-4373","1830","0900","1830","0900","1830","0900","1830","0900","1830","0900","1300","0900","C2200341","257","68","866","37.52046650512846","129.11462060822734"
"서울특별시 마포구 월드컵북로 25, 지하1층 (서교동)","강원약국","02-332-2936","1800","0900","2000","0900","1800","0900","2000","0900","1800","0900","1300","0900","C1110658","040","01","867","37.5566454118708","126.919181730647"
"강원특별자치도 춘천시 금강로 69 (조양동)","엠백화점","강원온누리약국","033-252-4249","2030","0830","2030","0830","2030","0830","2030","0830","2030","0830","1330","0830","C2200613","243","52","868","37.8791272942767","127.7292631697819"
"서울특별시 강동구 아리수로93나길 38, 아이메디컬 107,108호 (강일동)","강일명문약국","02-442-8788","2015","0900","2015","0900","2115","0900","2015","0900","2015","0900","1600","0900","C1109667","054","15","869","37.57197344924586","127.17385280447904"
"서울특별시 강동구 아리수로97길 19","강일약국","02-426-8192","1800","0900","1800","0900","1800","0900","1800","0900","1800","0900","1300","0900","C1102833","052","10","870","37.566634620647356","127.17717667535769"
"서울특별시 강동구 고덕로 433, 1층 (강일동)","강일역1번출구약국","02-3427-2225","1830","0900","1830","0900","1830","0900","1830","0900","1830","0900","1530","0900","C1109926","052","17","871","37.557453695321506","127.17400014702744"
"서울특별시 강동구 아리수로93나길 60, 골드프라자 109호 (강일동)","강일윤약국","02-3427-2081","1900","0830","1900","0830","1900","0830","1900","0830","1900","0830","1300","0830","C1109087","054","15","872","37.57229346964191","127.17526287231925"
"전라남도 강진군 강진읍 영랑로 38,","강진터미널앞","강진백제약국","061-434-2229","2100","0800","2100","0800","2100","0800","2100","0800","2100","0800","C2600049","592","33","873","34.638939970071604","126.7682272511813"
"전라남도 강진군 강진읍 보은로1길 28","대산텔레콤,C&U편의점 맞은편","강진약국","061-433-4141","1830","0800","1830","0800","1830","0800","1830","0800","1830","0800","1330","0800","C2600050","592","33","874","34.63857888865429","126.76935054238771"
"전라남도 강진군 강진읍 영랑로 25,","강진읍터미널아래","강진종로약국","061-432-9202","2100","0800","2100","0800","2100","0800","2100","0800","2100","0800","1600","0800","C2600051","592","34","875","34.637913830018","126.76865872985733"
"대구광역시 달서구 달구벌대로 지하1014, B2-1호, 강창역약국 (호산동)","강창역약국","053-267-9995","1800","0900","1800","0900","1800","0900","1800","0900","1800","0900","C1301782","426","02","876","35.8530784098405","128.478343767188"
"강원특별자치도 춘천시 남산면 강촌로 104","제유슈퍼 건너편","강촌동아약국","033-261-1385","1900","1000","1900","1000","1900","1000","1900","1000","1900","1000","1900","1000","1900","1000","C2200577","244","65","877","37.8103490008","127.6361489133"
"대구광역시 동구 화랑로80길 18","우방강촌입구","강촌열린약국","053-982-3347","1830","0900","1830","0900","1830","0900","1830","0900","1830","0900","1300","0900","C1300056","411","47","878","35.87508526631566","128.6681798665662"
"대구광역시 동구 화랑로80길 11, 1층 (방촌동)","강촌하늘약국","053-985-5151","2000","0900","2000","0900","2000","0900","2000","0900","2000","0900","1800","0900","C1301484","411","48","879","35.8754178828","128.6684833975"
"경기도 양평군 강하면 강남로 118","강하약국","031-774-2210","1930","0900","1930","0900","1930","0900","1930","0900","1930","0900","1900","1000","C2102878","125","74","880","37.5041198269675","127.42643588636369"
"강원특별자치도 양양군 강현면 동해대로 3585","의약분업 예외 지역","강현약국","033-671-6715","1900","0900","1900","0900","1900","0900","1900","0900","1900","0900","1800","0900","1800","0900","C2200226","250","00","881","38.15647646767567","128.6091865697894"
"인천광역시 강화군 강화읍 강화대로312번길 12","강화건강약국","032-932-0249","1730","1000","1730","1000","1730","1000","1730","1000","1730","1000","C1401993","230","25","882","37.742028282766","126.496173881347"
"인천광역시 강화군 강화읍 중앙로 43 (강화읍)","강화약국","032-934-5550","1900","0800","1900","0800","1900","0800","1900","0800","1900","0800","1800","0800","1500","0800","C1400640","230","37","883","37.7397782028","126.4904053351"
"인천광역시 강화군 강화읍 충렬사로 25 (강화읍)","강화정문약국","032-221-0014","1400","0830","1400","0830","1400","0830","1400","0830","1400","0830","1500","0900","C1401728","230","37","884","37.7367065305","126.4859792462"
"인천광역시 강화군 강화읍 강화대로 387, 이레빌딩","강화 수협 맞은편","강화종로약국","032-932-0497","2000","0800","2000","0800","2000","0800","2000","0800","2000","0800","2000","0800","2000","1400","2000","0900","C1400231","230","35","885","37.744965697","126.4874424961"
"경기도 성남시 분당구 백현로101번길 16 (수내동) 대덕프라자 402호","강희약국","031-711-2143","1800","0900","1800","0900","1800","0900","1800","0900","1800","0900","C2106436","135","95","886","37.37701060548986","127.11272854965586"
"경기도 성남시 수정구 수정로 210, 1층 (신흥동)","강희약국","031-742-0771","2030","0900","2030","0900","2030","0900","2030","0900","2030","0900","1600","0900","C2101638","133","46","887","37.444169444444448","127.143124999999998"
"경기도 양평군 개군면 하자포길 33 (개군면)","개군약국","031-773-5960","2000","0930","2000","0930","2000","0930","2000","0930","2000","0930","1800","0930","C2103994","125","68","888","37.42618112330986","127.53777450735906"
"부산광역시 부산진구 냉정로 217, 1층 (개금동)","개금역 1번출구","개금금성당약국","051-893-0222","1800","0830","1800","0830","1800","0830","1800","0830","1800","0830","1230","0830","C1202440","473","28","889","35.1511307981","129.0235311499"
"부산광역시 부산진구 엄광로 33 (개금동)","버스정류장: 현대아이아파트/일요일, 공휴일 전화 후 방문요망","개금현대약국","051-932-7575","2000","0900","1900","0900","1900","0900","1900","0900","2000","0900","1400","0900","C1202169","473","21","890","35.14833865101327","129.01977107302233"
"서울특별시 강남구 역삼로 310, 한솔필리아 2층 26호 (역삼동)","개나리봄약국","02-501-8284","1830","0900","1830","0900","1830","0900","1830","0900","1830","0900","1330","0900","C1107699","062","17","891","37.49935377394192","127.04837366717054"
"부산광역시 사하구 낙동대로 207-1(괴정동)","1호선 괴정역 10번출구","개나리약국","051-294-2250","2100","0900","2100","0900","2100","0900","2100","0900","2100","0900","1400","0900","C1202680","493","55","892","35.1001899875743","128.994024947523"
"서울특별시 송파구 오금로 396, 1층 114호 (가락동, 에스케이허브파크)","개롱약국","02-407-4609","2000","0900","2000","0900","2000","0900","2000","0900","2000","0900","1800","0900","C1108414","057","69","893","37.497976704177894","127.13401038081184"
"서울특별시 구로구 고척로 123-1 (개봉동)","구103-1번버스종점","개봉지예당약국","02-2681-0292","1830","0900","1830","0900","1830","0900","1830","0900","1830","0900","1430","0900","C1103013","082","47","894","37.5022321898051","126.84779803328"
"서울특별시 구로구 경인로 176, 308호 (오류동, 시티월드)","개성약국","02-2615-1862","1900","0900","1900","0900","1900","0900","1900","0900","1900","0900","1400","0900","C1104117","082","71","895","37.49439799070828","126.84099096067087"
"전북특별자치도 군산시 신금길 18, 1층 1029호 (신영동, 군산공설시장)","개성한약국","063-445-5539","1900","0900","1900","0900","1900","0900","1900","0900","1900","0900","1900","0900","1900","0900","1900","0900","C2501317","540","27","896","35.9831710635189","126.720324525188"
"충청북도 청주시 서원구 모충로25번길 20, 1층 (개신동,조영빌딩)","개신하나약국","043-231-3199","2030","0900","2030","0900","2030","0900","2030","0900","2030","0900","1600","0900","C2300082","286","67","897","36.62029514228604","127.4455589878149"
"강원특별자치도 원주시 치악로 1786","롯데슈퍼 길건너(앨리스의원, 탑치과 건물 1층)","개운약국","033-765-6110","1830","0900","1830","0900","1830","0900","1830","0900","1830","0900","1500","0900","C2200499","264","43","898","37.341837196957925","127.9558152201621"
"서울특별시 강남구 개포로 303, 202호 (개포동, 현대1차아파트)","토요일은 첫번째주만 근무","현대1차아파트 상가","개포메디칼약국","02-574-5410","1730","0900","1730","0900","1330","0900","1730","0900","1730","0900","1330","0900","C1101403","063","20","899","37.48266623386484","127.05550569196811"
"서울특별시 강남구 삼성로 14, 1층 105호 (개포동, 개포자이 프레지던스)","개포서울약국","02-451-7828","2100","0900","2100","0900","2100","0900","2100","0900","2030","0900","1500","0900","C1110342","063","31","900","37.48773806004907","127.07355842110682"
"서울특별시 강남구 영동대로 22, S401동 0412호 (일원동, 디에이치 자이 개포)","디에이치자이개포 아파트 808동쪽 상가","개포이화약국","02-459-7320","1930","0900","1930","0900","1930","0900","1930","0900","1930","0900","1500","0900","C1109592","063","46","901","37.49185700956976","127.07500136913033"
"서울특별시 강남구 선릉로 42, 1층 (개포동)","개포종로온누리약국","02-575-2485","1950","0900","1950","0900","1950","0900","1950","0900","1950","0900","1900","0900","C1104795","063","25","902","37.48338936733125","127.0599637974083"
"서울특별시 강남구 선릉로 30, 개포빌딩 1층 (개포동)","개포플러스약국","02-579-2570","2000","0900","2000","0900","2000","0900","2000","0900","2000","0900","1700","0900","C1108521","063","25","903","37.48250580734964","127.06107959071768"
"경상북도 포항시 북구 죽도시장길 2 (죽도동)","죽도시장 정문입구","개풍약국","054-247-9500","1900","0700","1900","0700","1900","0700","1900","0700","1900","0700","1900","0700","1900","0700","1900","0700","C2700252","791","050","904","36.034750969002204","129.36576129331974"
"서울특별시 강서구 양천로 31, 1층 (방화동, 푸른빌딩)","개화산역 2번 출구 전방 100m","개화약국","02-2662-8028","2000","0900","2000","0900","2000","0900","2000","0900","2000","0900","1800","1000","1800","1000","1800","1000","C1103507","075","16","905","37.57289725834562","126.80746428244707"
"대전광역시 서구 대덕대로 203","갤러리아타임월드점정문앞","갤러리비타민약국","042-486-0505","1900","0900","1900","0900","1900","0900","1900","0900","1900","0900","1600","0900","C1600050","352","30","906","36.35122098187664","127.37793464155456"
"서울특별시 송파구 올림픽로 212 (잠실동, 갤러리아팰리스)","갤러리아팰리스상가 222호","갤러리약국","02-412-8579","1900","0900","1900","0900","1900","0900","1900","0900","1900","0900","1400","0900","C1103582","055","53","907","37.511480791590756","127.09405689342388"
"경기도 수원시 팔달구 덕영대로 905","수원역로타리아이메카빌딩6층","갤러리약국","031-256-9009","1930","0900","1930","0900","1930","0900","1930","0900","1930","0900","1430","0900","C2100531","164","55","908","37.2678623917948","127.00052495196547"
"서울특별시 강남구 학동로20길 55 106호","- 매주 수요일 외출 [20:20~21:40]","갤러리약국","02-6227-5578","2145","0900","2145","0900","2145","0900","2145","0900","2145","0900","2145","0900","C1107363","061","15","909","37.510064516815866","127.02708577265183"
"경기도 시흥시 군자로 520 (거모동)","동운디오빌 109호","거모보룡약국","031-491-8306","2100","0900","2100","0900","2100","0900","2100","0900","2100","0900","C2103659","150","70","910","37.34383351531825","126.78492759613678"
"울산광역시 남구 삼산중로 71, 1층 (달동)","동물의약품 판매 건강기능식품 상담","현대백화점 후문 KFC옆","거봉약국","052-272-1112","2000","0900","2100","0900","2000","0900","2100","0900","2000","0900","2000","0900","2000","1000","2000","1000","C1700028","447","07","911","35.539910747871396","129.3351767158134"
"서울특별시 서대문구 응암로 53","거북당약국","02-372-0744","2000","0900","2000","0900","2000","0900","2000","0900","2000","0900","1900","0900","C1102079","036","81","912","37.5782545954164","126.90981862060472"
"경기도 시흥시 거북섬로 207, 돌핀프라자 106호 (정왕동)","거북섬약국","031-433-7493","1800","0900","1800","0900","1800","0900","1800","0900","1800","0900","1300","0900","C2109541","151","19","913","37.3227222170291","126.687571456348"
"인천광역시 서구 거북로 97, (석남동)","거북시장내농협맞은편건물1층","거북시장약국","032-575-6881","2100","0900","2100","0900","2100","0900","2100","0900","2100","0900","1900","0900","C1400606","227","91","914","37.50326654203925","126.67267658971312"
"경상북도 포항시 북구 중흥로 340 (죽도동)","방문 전 전화확인 필요","거북이약국","054-253-2716","2200","0900","2200","0900","2200","0900","2200","0900","2200","0900","2200","0900","2200","1100","2200","0900","C2700810","377","73","915","36.03206946871024","129.36576985585162"
"서울특별시 양천구 월정로 57 (신월동)","일요일은 매월 첫째주만 운영합니다","신월4동 경창시장 입구","거북이온누리약국","02-2692-7573","2100","0900","2100","0900","2100","0900","2100","0900","2100","0900","2000","0900","1800","1000","C1102203","079","29","916","37.524598062471014","126.84149534714989"
"서울특별시 송파구 오금로 505 (거여동, 101호)","거여역 3,4번 출구","거여서울약국","02-2043-3800","1900","0900","1900","0900","1900","0900","1900","0900","1900","0900","1300","0900","C1102081","057","68","917","37.49316608934352","127.14482064045512"
"경상남도 거제시 두모길 13","일요일은 당번일때만 오전 영업, 공휴일은 병원영업시에만 영업 전화문의 후 방문","대우병원옆","거제대우약국","055-681-0500","2000","0900","2000","0900","2000","0900","2000","0900","2000","0900","1330","0900","C2800938","533","17","918","34.87093902102749","128.7221008694486"
"경상남도 거제시 거제중앙로 1916-1","심야공공약국지정(365일 24시까지 운영)","심야공공약국지정(365일 24시까지 운영)","구)SC제일은행 옆","거제프라자약국","055-638-1351","2400","0900","2400","0900","2400","0900","2200","0900","2200","0900","2400","0900","2400","0900","2400","0900","C2800171","532","51","919","34.8891769293506","128.62298106028175"
"강원특별자치도 고성군 거진읍 거탄진로 135-1,","토요일, 일요일, 공휴일 미운영","거진읍 거진리 박희홍의원 옆","거진종로약국","033-682-2505","1800","0830","1800","0830","1800","0830","1800","0830","1800","0830","C2200171","247","17","920","38.4469893742621","128.45549392095154"
"경상남도 거창군 거창읍 강남로 204","황정형외과의원 근처","거창약국","055-944-7772","1830","0830","1830","0830","1830","0830","1830","0830","1830","0830","1400","0830","C2800154","501","45","921","35.68563030857824","127.91930444448704"
"경기도 부천시 호현로489번길 32","부천세종병원 정문쪽 건물 1층","건강100세세종약국","032-346-6166","2000","0830","2000","0830","2000","0830","2000","0830","2000","0830","1300","0830","C2100176","147","55","922","37.480528813715885","126.79157049513046"
"전북특별자치도 김제시 남북로 235 (요촌동)","알짜D.C마트옆,즈려밟고앞","건강100세약국","063-544-4144","1800","0800","1800","0800","1800","0800","1800","0800","1800","0800","1300","0800","C2501112","543","85","923","35.80492553959651","126.88349424876234"
"광주광역시 북구 동문대로 179, 1층 (두암동)","건강가득약국","062-264-8275","2000","0900","2000","0900","2000","0900","2000","0900","2000","0900","2000","0900","C1501298","611","71","924","35.1783256167266","126.928829263751"
"경기도 수원시 장안구 덕영대로535번길 34, 천천동그린프라자 1층 104-2호 (천천동)","건강과행복약국","031-269-3632","1800","0900","1800","0900","1800","0900","1800","0900","1800","0900","1300","0900","C2109334","163","29","925","37.2971208939841","126.982117345151"
"서울특별시 노원구 한글비석로 242, 113호, 114호 (중계동, 삼부프라자)","설, 추석 당일만 쉽니다.","중계동 은행사거리 유경마트 옆, 삼부프라자 113-114호","건강과행복이열리는약국","02-933-9696","2200","0900","2200","0900","2200","0900","2200","0900","2200","0900","2200","0900","2000","0900","2200","0900","C1102082","017","34","926","37.64895780287552","127.07690695432463"
"서울 서초구 서초대로 307 (서초동)","교대역 3번 출구 인근","건강과행복이열리는약국","02-591-3399","2100","0900","2100","0900","2100","0900","2100","0900","2100","0900","2100","0900","2100","1300","2100","1300","C1103009","066","06","927","37.494404915983374","127.0151641867797"
"서울특별시 동작구 흑석로 106-5, 1층 (흑석동)","6 1","흑석역 3번 출구 도보 100m","건강과행복이열리는중앙메디칼약국","02-811-1700","1800","0830","1800","0830","1800","0830","1800","0830","1800","0830","1300","0830","C1104841","069","72","928","37.507880890880784","126.96142107596596"
"인천광역시 남동구 인주대로623번길 62","길병원 심장센터 앞","건강길약국","032-468-2001","1800","0830","1800","0830","1800","0830","1800","0830","1800","0830","C1400734","215","65","929","37.45268720858593","126.70685834678216"
"경기도 수원시 영통구 동수원로537번길 15-4 (원천동)","건강나누리약국","031-214-6985","2000","0830","2000","0830","2000","0830","2000","0830","2000","0830","1600","0830","C2100075","165","03","930","37.27411700508309","127.04801382389935"
"인천광역시 미추홀구 인주대로 489, 1층 (주안동)","건강나누리약국","032-422-1117","2100","0900","2100","0900","2100","0900","2100","0900","2100","0900","1530","0900","A1402077","221","47","931","37.450922455035084","126.691024523907"
"경기도 수원시 장안구 송정로 146, 101호 (조원동, 상훈아파트)","건강나눔약국","031-255-8517","1900","0800","1900","0800","1900","0800","1900","0800","1900","0800","1400","0800","C2107733","163","09","932","37.29683221469833","127.01293866688988"
"충청북도 청주시 상당구 중고개로 180-5 (용암동)","용암동GS마트옆","건강나라약국","043-294-0206","2200","0830","2200","0830","2200","0830","2200","0830","2200","0830","2200","0830","2200","0900","2200","0900","C2300432","287","62","933","36.62082431910044","127.51544930587558"
"전북특별자치도 전주시 완산구 유연로 277","본병원사거리","건강나라약국","063-276-6100","2100","0900","2100","0900","2100","0900","2100","0900","2100","0900","1800","0900","C2500051","549","54","934","35.82551867173867","127.11602859056765"
"인천광역시 연수구 독배로40번길 11, 효명프라자 107,108호 (옥련동)","옥련 재래시장 농협 앞 효명프라자 1층","건강나라약국","032-858-9012","2100","0900","2100","0900","2100","0900","2100","0900","2100","0900","1900","0830","1300","0900","C1400354","219","49","935","37.42452634376416","126.64563707140573"
"경기도 화성시 남양읍 남양성지로 123, 103호 (삼기프라자)","일요일 4째주만 운영, 공휴일 미운영","삼기프라자 103호","건강낙원약국","031-355-5676","2100","0900","2100","0900","2100","0900","2100","0900","2100","0900","2000","0900","2000","0900","C2101958","182","61","936","37.208205802738455","126.81723683412704"
"충청남도 천안시 동남구 충무로 421 (영성동)","공휴일(성탄절, 어린이날, 설날, 추석)영업X","남산볼링장 근처","건강누리약국","041-621-3366","1900","0830","1900","0830","1900","0830","1900","0830","1900","0830","1330","0830","C2400772","311","30","937","36.7986143037","127.1519711286"
"경기도 수원시 장안구 수성로245번길 60, 1층 (정자동)","건강누리약국","031-242-5979","2000","0900","2000","0900","2000","0900","2000","0900","2000","0900","1900","0900","C2107730","163","17","938","37.2917690714956","126.99785723329497"
"경상남도 하동군 진교면 진교중앙길 15","3,5주 일요일 운영","청애의원부근","건강당약국","055-882-3523","1830","0800","1830","0800","1830","0800","1830","0800","1830","0800","1830","0800","1830","0800","C2800056","523","44","939","35.02882169813177","127.90316208251926"
"경기도 시흥시 진말로9번길 2, 108호 (장곡동, 부석프라자)","부석사우나건물(하나로마트1층)","건강당약국","031-503-0771","2200","0900","2200","0900","2200","0900","2200","0900","2200","0900","2200","0900","C2103282","150","02","940","37.3784624032","126.7852693193"
"경기도 동두천시 큰시장로 43, 삼풍빌딩 (생연동)","건강당약국","031-864-7575","2200","0830","2200","0830","2200","0830","2200","0830","2200","0830","2200","0830","2200","0830","2200","0830","C2107658","113","34","941","37.9001930803","127.0529565376"
"대구광역시 서구 문화로 300-1 (평리동)","공휴일은 병원 사정에 따라 달라짐","구평리시장입구","건강당약국","053-553-5007","1900","0900","1900","0900","1300","0900","1900","0900","1900","0900","1300","0900","C1301078","417","88","942","35.875717029694236","128.56554925925513"
"인천광역시 남동구 예술로174번길 30","건강대찬약국","032-424-7170","2100","0900","2100","0900","2100","0900","2100","0900","2100","0900","2100","0900","A1403069","215","70","943","37.449467861083626","126.7028290733575"
"인천광역시 계양구 주부토로 374 (작전동)","화전초등학교사거리","건강도우미약국","032-543-7302","2200","0900","2200","0900","2200","0900","2200","0900","2200","0900","1900","0900","1800","1100","C1400691","211","18","944","37.52781080438537","126.73009658269518"
"광주광역시 서구 월드컵4강로 114, 성준빌딩 1층 101호 (화정동)","풍암동광주은행과베비에르제과점사이","건강도움약국","062-682-8500","1800","0900","1800","0900","1800","0900","1800","0900","1800","0900","1330","0900","C1500560","619","86","945","35.12510889049303","126.87846096386801"
"전북특별자치도 익산시 중앙로 139 (마동)","동산병원옆,교육청사거리","건강도움약국","063-856-0083","1200","0900","1200","0900","1200","0900","1200","0900","1200","0900","C2500354","545","97","946","35.93679848076988","126.96184287841922"
"경기도 부천시 원미구 상동로 81, 센타프라자 1층 103호 (상동)","건강돌봄약국","032-323-6709","1800","0900","1800","0900","1800","0900","1800","0900","1800","0900","1300","0900","C2109273","145","44","947","37.5046029892587","126.752382399315"
"광주광역시 광산구 장신로 77 (장덕동)","롯데마트 수완점 맞은편 세계로병원 1층","건강드림365약국","062-449-0365","2030","0830","2030","0830","2030","0830","2030","0830","2030","0830","1400","0830","1330","0830","1330","0830","C1500503","622","24","948","35.191185415983675","126.8185564814399"
"울산광역시 남구 중앙로 241 (신정동)","신정시장입구근처","건강드림신정약국","052-257-7973","1900","0830","1900","0830","1900","0830","1900","0830","1900","0830","1400","0830","C1700082","446","71","949","35.54229819949461","129.31096103161502"
"경기도 안산시 단원구 고잔2길 9, 101,102호 (고잔동)","지역주민의 건강고 행복을 소중히 생각하는 건강한온누리약국 입니다.","안산 고잔동(중앙동) 우경조병원과 우성병원 사이에 위치","건강드림약국","070-7570-0478","1900","0900","1900","0900","1900","0900","1900","0900","1900","0900","1500","0900","C2106230","153","59","950","37.3180213971","126.8320299736"
"전라남도 순천시 순광로 14 (조례동)","건강드림약국","061-727-7556","1800","0800","1800","0800","1800","0800","1800","0800","1800","0800","1300","0800","C2601127","579","68","951","34.9545975041","127.5229222745"
"부산광역시 북구 덕천로 299 (만덕동)","버스정류장: 만덕2동사무소맞은편","건강드림약국","051-343-7577","1900","0900","1900","0900","1900","0900","1900","0900","1900","0900","1400","0900","C1202069","465","66","952","35.20974770092261","129.0365536637059"
"대구광역시 달서구 월배로 397, 안촌빌딩 1층 (송현동)","송현역1번출구","건강드림약국","053-651-5425","1930","0830","1930","0830","1930","0830","1930","0830","1930","0830","1500","0830","C1300700","427","39","953","35.830178464256605","128.55059810560886"
"대구광역시 북구 대천로 91, 1층 (동천동)","덕영빌딩1층(파리바게뜨동천점옆)","건강드림약국","053-325-7012","1930","0900","1930","0900","1930","0900","1930","0900","1930","0900","1300","0830","C1300995","414","27","954","35.93709007104004","128.55948498928035"
"광주광역시 북구 동문대로 102, 장안빌딩 106호 (두암동)","건강드림약국","062-261-1230","1800","0900","1800","0900","1800","0900","1800","0900","1800","0900","1300","0900","C1501166","611","99","955","35.1722458725","126.9248005975"
"울산광역시 울주군 온산읍 덕신로 259, 1층","1,3주 목요일은 14:30~19:00 운영합니다.","건강드림약국","052-237-5481","1830","0900","1830","0900","1830","0900","1830","1430","1830","0900","1300","0900","C1700636","450","01","956","35.43340851099651","129.30969706025215"
"충청남도 천안시 서북구 부성6길 39-11 (두정동, SM빌딩)","건강드림약국","041-563-7557","2000","0900","2000","0900","2000","0900","2000","0900","2000","0900","1500","0900","C2401387","311","00","957","36.8365789445","127.1379209405"
"충청북도 청주시 상당구 수영로 277 (금천동)","건강드림약국","043-224-7555","1900","0900","1900","0900","1900","0900","1900","0900","1900","0900","1300","0900","C2300029","287","27","958","36.62932925502233","127.50533742450173"
"경기도 수원시 영통구 월드컵로 189, 1층 (원천동)","건강드림약국","031-215-3321","1930","0830","1930","0830","1930","0830","1930","0830","1930","0830","1300","0900","C2108750","165","02","959","37.2789435894849","127.04484207394"
"경기도 남양주시 와부읍 월문천로 33, 롯데마트 지하1층","건강드림약국","031-577-1020","2000","1000","2000","1000","2000","1000","2000","1000","2000","1000","2000","1000","C2109610","122","11","960","37.5846972336652","127.214019451022"
"경기도 고양시 덕양구 도래울로 52, 102호 (도내동, 센터프라자)","건강드림약국","031-965-7582","2030","0830","2030","0830","2030","0830","2030","0830","2030","0830","1600","0900","1300","0900","C2107187","105","51","961","37.6303729155","126.8694754182"
"제주특별자치도 제주시 도령로 1, 1층 (노형동)","노형로타리 아름다운피부과, 파스구찌 사이에 위치 , 전면 공영주차장이용으로 주차용이, 다양한 건강기능식품 , 친절 상담","건강드림약국","064-744-0369","1830","0810","1830","0810","1830","0810","1830","0810","1830","0810","1230","0820","C2900515","630","98","962","33.4868131243454","126.47932115718618"
"대전광역시 중구 보문산로 61","공휴일 변동 많아 방문전 연락바람","건강드림약국","042-586-2500","1900","0830","1900","0830","1900","0830","1900","0830","1900","0830","1700","0830","C1600517","350","12","963","36.30506922989287","127.38726999096156"
"인천광역시 남동구 인주대로 847, A동 1층 일부호 (만수동)","남동구청맞은편전병원건물","건강마을온누리약국","032-465-8319","1810","0840","1810","0840","1810","0840","1810","0840","1810","0840","1310","0840","C1400685","215","40","964","37.448707731972775","126.73158687411516"
"전라남도 해남군 해남읍 해남로 7","버스터미널 앞.","건강마트약국","061-533-8830","1800","0800","1800","0800","1800","0800","1800","0800","1800","0800","1300","0800","C2600546","590","27","965","34.5710593067977","126.60804832382627"
"전라남도 완도군 완도읍 청해진동로 66","광주은행 옆에 위치","건강마트약국","061-552-2460","2000","0800","2200","0800","2000","0800","2000","0800","2000","0800","1500","0800","C2600395","591","22","966","34.317658571297954","126.73595664679678"
"부산광역시 금정구 중앙대로 1829 (구서동)","1호선 구서역 4번출구","건강메디칼약국","051-953-7007","1900","0900","1900","0900","1900","0900","1900","0900","1900","0900","1500","0900","C1202556","462","73","967","35.2476664159832","129.091961906591"
"서울특별시 성동구 독서당로 220, 1층 102호 (옥수동)","건강미소약국","02-2282-3367","2200","0900","2200","0900","2200","0900","2200","0900","2200","0900","2200","0900","2200","0900","2200","0900","C1110596","047","35","968","37.54378663723109","127.01525339230471"
"부산광역시 부산진구 중앙대로 665, 1층 (부전동)","건강미약국","051-611-1249","1800","0900","1800","0900","1800","0900","1200","0900","1800","0900","1200","0900","C1202817","472","89","969","35.1520791424909","129.058856804338"
"서울특별시 은평구 연서로 216, (대조동)","연신내역 5번 출구 50m","건강밝은약국","02-388-4253","2030","0830","2030","0830","2030","0830","2030","0830","2030","0830","1700","0830","1300","1000","C1104487","033","85","970","37.61781097528333","126.92006690812337"
"대전광역시 중구 문화로 277, 1층 (대사동)","토요일은 문전약국에서 번갈아 근무합니다.(4주 1회)","건강백세대학약국","042-252-9111","1830","0900","1830","0900","1830","0900","1830","0900","1800","0900","C1601062","349","64","971","36.31813604373313","127.41504048135098"
"전북특별자치도 익산시 무왕로13길 3, (영등동)","영등동 인디안사거리","건강백세약국","063-836-1217","1930","0900","1930","0900","1930","0900","1930","0900","1930","0900","1400","0900","C2500591","545","45","972","35.958744444444442","126.976477777777774"
"경기도 성남시 분당구 돌마로 43, 102호 (금곡동, 메디파크빌딩)","건강백세약국","031-711-3204","2000","0900","2000","0900","2000","0900","2000","0900","2000","0900","1700","0900","C2106450","136","15","973","37.350356651137424","127.10667073793122"
"경기도 부천시 원미구 부천로 17, 1층 (심곡동)","건강백세약국","032-612-1203","1800","0900","1800","0900","1800","0900","1800","0900","1800","0900","1300","0900","C2109388","146","37","974","37.4857151066519","126.782827551015"
"인천광역시 연수구 학나래로6번길 6 (선학동)","일요일 및 공휴일 사전 문의","선학사거리 연수병원 앞건물 1층","건강백세약국","032-813-2273","2200","0900","2200","0900","2200","0900","2200","0900","2200","0900","2100","0900","1500","0900","2100","0900","C1400594","219","11","975","37.42358275766274","126.69683533732052"
"인천광역시 미추홀구 미추홀대로 561","신기촌시장신한은행옆","건강백세약국","032-874-1215","2100","0900","2100","0900","2100","0900","2100","0900","2100","0900","2100","0900","1800","1030","1800","1030","C1400338","222","16","976","37.44756212648016","126.67902199106662"
"부산광역시 북구 만덕대로 14, (덕천동)","지하철 덕천역 9번출구 앞","건강백세약국","051-342-0861","1830","0900","1830","0900","1830","0900","1830","0900","1830","0900","1400","0900","1300","0900","C1200476","465","76","977","35.210141666666665","129.006750000000011"
"충청남도 천안시 동남구 충절로 535-3, 1층 (삼룡동)","천안의료원 주변 구주소) 삼룡동42-1","건강백세약국","041-571-1532","1800","0830","1800","0830","1800","0830","1800","0830","1800","0830","C2400272","310","71","978","36.77684963320538","127.17758150196386"
"경상북도 포항시 북구 창흥로 13, (창포동)","건강백세약국","054-247-1201","2000","0830","2000","0830","2000","0830","2000","0830","2000","0830","1900","0830","C2700695","376","33","979","36.0619342242","129.3689526272"
"경기도 의정부시 금신로 323, 109호 (신곡동, 대명프라자빌딩)","건강백세약국","031-821-0103","1900","0830","1900","0830","1900","0830","1900","0830","1900","0830","C2103456","117","41","980","37.74477742220001","127.0616774132"
"대구광역시 북구 동북로 146 (산격동)","건강백세약국","053-942-5252","1900","0900","1900","0900","1900","0900","1900","0900","1900","0900","1300","0900","C1300854","415","34","981","35.90011336000071","128.608808252644"
"경기도 김포시 양촌읍 양곡로 530, 1층","건강백세약국","031-981-8360","1800","0900","1800","0900","1800","0900","1800","0900","1800","0900","C2107925","100","59","982","37.655197597103964","126.6245110103602"
"전북특별자치도 정읍시 충정로 324, 건강백세약국 (연지동)","공휴일 방문시 전화 요망","전화국삼거리,김완길이비인후과 아래","건강백세약국","063-533-9100","1800","0800","1800","0800","1800","0800","1800","0800","1800","0800","1230","0800","C2500293","561","81","983","35.574227777777779","126.848786111111110"
"울산광역시 동구 방어진순환도로 863(전하동, 스위첸 웰츠타워 1차)","010-9222-8275(약국 대표 번호)","건강백세약국","052-201-1110","1820","0850","1820","0850","1820","0850","1820","0850","1820","0850","C1700698","440","33","984","35.5178023584309","129.429982200139"
"광주광역시 서구 대남대로 424-1 (농성동)","건강백세약국","062-351-9633","1710","0810","1710","0810","1710","0810","1710","0810","1710","0810","1230","0810","C1501003","619","31","985","35.14850858570992","126.88853740761824"
"충청남도 예산군 예산읍 천변로 208","건강백세약국","041333-4547","1800","0900","1800","0900","1800","0900","1800","0900","1800","0900","1200","0900","C2401567","324","38","986","36.679630992053156","126.8514584552181"
"경기도 안성시 고삼면 고삼호수로 10","건강백세온누리약국","031-672-8836","2100","0800","2100","0800","2100","0800","2100","0800","2100","0800","2100","0800","1600","1400","1800","0900","C2100480","175","05","987","37.082959461162964","127.26164226743805"
"서울특별시 강북구 솔매로 59 (미아동)","매월 1,3,4주 일요일 휴무","롯데마트 삼양점(삼양오거리) 부근, 삼양제일내과 1층","건강비타민약국","02-984-4777","1900","0900","1900","0900","1900","0900","1900","0900","1900","0900","1400","0900","1900","0900","1900","0900","C1103955","011","27","988","37.62498363548647","127.01878727228406"
"전북특별자치도 전주시 덕진구 안덕원로 153 (인후동2가)","토요일 연락 후 방문","모래내시장입구","건강사랑모래내수약국","063-251-5161","1930","0800","1930","0800","1930","0800","1930","0800","1930","0800","1900","0800","C2500429","549","26","989","35.833074132194","127.14489392955929"
"전북특별자치도 부안군 부안읍 시장길 41,","부안터미널부근","건강사랑백제약국","063-583-7585","1800","0730","1800","0730","1800","0730","1800","0730","1800","0730","1300","0730","C2500127","563","08","990","35.727519444444447","126.736897222222225"
"인천광역시 부평구 경원대로 1266 (부평동)","백운역2001아울렛인근","건강사랑약국","032-529-2963","2000","0900","2000","0900","2000","0900","2000","0900","2000","0900","1800","0900","C1400109","214","05","991","37.48944392025619","126.71014720751795"
"경기도 부천시 소사로 174-1 (소사본동)","소사초등학교사거리 농협맞은편 건물1층","건강사랑약국","032-348-0731","1900","0900","1900","0900","1900","0900","1900","0900","1900","0900","1700","0900","C2100191","147","62","992","37.473793972209265","126.79571855874144"
"경상남도 김해시 금관대로1261번길 6 (내동)","김해사랑병원뒤쪽","건강사랑약국","055-321-9777","1900","0900","1900","0900","1900","0900","1900","0900","1900","0900","1400","0900","C2800462","508","93","993","35.238095260753546","128.85829016787542"
"경상남도 창원시 마산회원구 북성로 109","회산다리 옆","건강사약국","055-248-9749","1900","0900","1900","0900","1900","0900","1900","0900","1900","0900","1400","0900","C2800263","512","95","994","35.216947940755766","128.5703126092229"
"광주광역시 동구 제봉로 207, (대인동)","동부소방서 건너편 사거리","건강샘약국","062-223-5587","1830","0900","1830","0900","1830","0900","1830","0900","1830","0900","1600","0900","C1500066","614","70","995","35.1539051409126","126.91479740180141"
"서울특별시 광진구 능동로 87, 건대입구역자이엘라 107호 (자양동)","건강샘약국","02-498-2816","2000","1000","2000","1000","2000","1000","2000","1000","2000","1000","1600","1000","C1110679","050","73","996","37.5391217174545","127.069633616599"
"경기도 성남시 중원구 도촌남로 27, 동강프라자 1층 107호 (도촌동)","건강샘약국","031-755-7533","1930","0900","1930","0900","1930","0900","1930","0900","1930","0900","1500","0900","C2100096","134","26","997","37.41451576733569","127.15062663245298"
"경기도 성남시 분당구 불정로420번길 53, 1층 일부호 (분당동)","율동공원옆렉서스와닛산매장사이행복가득산부인과1층","건강샘약국","031-702-5319","1800","0900","1800","0900","1800","0900","1800","0900","1800","0900","1300","0900","1300","0900","C2100947","135","79","998","37.374200920247326","127.14505758601206"
"서울특별시 노원구 동일로243길 33, 1층 (상계동)","건강샘온누리약국","02-931-5688","2000","0900","2130","0900","2000","0900","2130","0900","2000","0900","1600","0900","C1107939","016","05","999","37.67844196471162","127.05319697994116"
"서울특별시 강서구 까치산로 73, 1층 (화곡동)","건강샘온누리약국","02-2062-0155","1900","0900","1900","0900","1900","0900","1900","0900","1900","0900","1500","0900","C1107231","076","79","1000","37.54524048305632","126.84700770092542"
"전라남도 목포시 신흥로 44 (상동)","법정 공휴일은 전화 확인 후 방문하세요.","병의원 처방조제, 일반의약품, 건강기능성식품, 동물의약품(심장사상충, 내부구충제, 외부구충제, 백신 등)","하당광주은행옆","건강샘온누리약국","061-281-0344","2000","0900","2000","0900","2000","0900","2000","0900","2000","0900","1700","0900","C2600533","586","91","1001","34.803043202287775","126.42569337935176"
"경기도 용인시 기흥구 동백중앙로 283 b동 403-1호 (중동, 골드프라자)","건강소망약국","031-8006-2050","1900","0900","1900","0900","1900","0900","1900","0900","1900","0900","1600","0900","C2100471","170","06","1002","37.2780134382","127.1534888395"
"전북특별자치도 전주시 덕진구 사평로 38 (덕진동1가)","건강관리협회 옆건물","건강솔약국","063-908-8063","1830","0750","1830","0750","1830","0750","1830","0750","1830","0750","1330","0750","C2500744","561","191","1003","35.840838452596685","127.12127502251538"
"경상북도 안동시 금곡길 7","성소병원앞","건강신세계약국","054-855-3434","1800","0830","1800","0830","1800","0830","1800","0830","1800","0830","1400","0830","C2700355","366","90","1004","36.56704306873444","128.72209787726882"
"경기도 고양시 덕양구 호국로 792 (성사동)","건강약국","031-963-9639","1930","0930","1930","0930","1930","0930","1930","0930","1930","0930","1600","0930","C2102411","104","63","1005","37.656624395136845","126.83664619352555"
"경기도 광주시 양벌로 197","건강약국","070-8714-0360","1830","0900","1830","0900","1830","0900","1830","0900","1830","0900","1300","0900","C2101811","464","896","1006","37.37896257427819","127.25504909198469"
"경기도 성남시 분당구 성남대로 345, 7층 704호 (정자동, 정자역프라자)","건강약국","031-714-2233","1820","0840","1820","0840","1820","0840","1820","0840","1820","0840","1420","0840","C2107133","135","58","1007","37.366941828","127.1077011878"
"서울특별시 양천구 곰달래로5길 30","신월1동 월정시장 입구 은성상가 103,104호","건강약국","02-2697-0485","2000","0840","2000","0840","2000","0840","2000","0840","2000","0840","1800","0900","2000","0900","C1102054","079","22","1008","37.532339997665254","126.83337543272498"
"대전광역시 서구 계백로 1166-12","가수원네거리남대전농협뒷편","건강약국","042-544-8002","1830","0900","1830","0900","1830","0900","1830","0900","1830","0900","1400","0900","1900","0900","C1600434","353","87","1009","36.304295646639765","127.35289860224208"
"경기도 평택시 평택2로20번길 8 (평택동)","공휴일 유연근무","건강약국","031-657-4196","1900","0830","1900","0830","1900","0830","1900","0830","1900","0830","1500","0830","1500","0830","C2101837","179","09","1010","36.992767577590044","127.08871705038743"
"경기도 이천시 장호원읍 장감로 77","장호원 파리바게뜨 맞은편","건강약국","031-642-3981","1840","0830","1840","0830","1840","0830","1840","0830","1840","0830","1300","0830","C2104009","174","18","1011","37.11745489778652","127.63115568528897"
"서울특별시 마포구 방울내로 70, (망원동)","휴게시간 13:00~14:00","건강약국","02-333-2090","2000","0900","2000","0900","2000","0900","2000","0900","2000","0900","1300","0900","C1102053","039","64","1012","37.560092144720166","126.90331849833511"
"서울특별시 동작구 만양로 5 (상도동)","건강약국","02-3280-2828","1940","0830","1940","0830","1940","0830","1940","0830","1940","0830","1530","0830","C1106961","069","21","1013","37.505363515773304","126.9464821649917"
"서울특별시 영등포구 당산로 166 (당산동4가)","공휴일은 방문 전 연락 바랍니다.","당산4가 32-59 박경웅의원 1층","건강약국","02-2631-6396","2100","0830","2100","0830","2100","0830","2100","0830","2100","0830","2000","0830","C1102970","072","20","1014","37.52914776026332","126.8984569402679"
"대전광역시 대덕구 중리로 60","근처 병원 진료시간에 따라 변동됩니다","건강약국","042-626-9707","1900","0900","1900","0900","1900","0900","1900","0900","1900","0900","1300","0900","C1600088","343","89","1015","36.36431669611695","127.42531218112906"
"경기도 용인시 기흥구 구성로 103, 멀티프라자 206호 (언남동)","건강약국","031-287-2363","1800","1000","1800","1000","1800","1000","1800","1000","1800","1000","C2108443","169","18","1016","37.2938955760042","127.120751436258"
"경기도 여주시 청심로 82","건강약국","031-886-3545","2000","0900","2000","0900","2000","0900","2000","0900","2000","0900","1500","0900","C2101627","126","23","1017","37.2998250783189","127.62977185181023"
"전라남도 고흥군 봉래면 축정1길 10-8","면사무소 뒷편","건강약국","061-832-1991","1200","0800","1200","0800","1200","0800","1200","0800","1200","0800","C2600132","595","69","1018","34.4643901969","127.4593892988"
"인천광역시 부평구 부영로 165 (산곡동)","인천부평산곡4동우성아파트상가","건강약국","032-529-0978","2130","0900","2130","0900","2130","0900","2130","0900","2130","0900","2000","0900","1300","0900","C1400318","213","77","1019","37.501968005748296","126.71407002226975"
"서울특별시 중랑구 신내로 135, 신내9단지아파트 제상가1동 1층 117호 (신내동)","신내9단지 아파트상가 117, 서울의료원 정문맞은편 새아랑유치원옆","건강약국","02-3421-7582","1800","0900","1800","0900","1800","0900","1800","0900","1800","0900","C1103846","020","26","1020","37.61171057418615","127.0959951161064"
"경기도 광명시 오리로 366, 태화빌딩 102,103호 (소하동)","건강약국","02-897-1788","1800","0900","1800","0900","1800","0900","1800","0900","1800","0900","1300","0900","C2109265","143","27","1021","37.4350361974943","126.879677536657"
"경기도 안양시 동안구 동편로 6, 110호 (관양동, 스마트프라자)","건강약국","031-421-3707","2030","0900","2030","0900","2030","0900","2030","0900","2030","0900","1900","0900","C2100068","139","29","1022","37.4055692479","126.9714739698"
"경기도 김포시 북변로 24, (북변동)","김포성당 앞 - 김포제일교회 옆 건물 1층","건강약국","031-998-4067","2000","0900","2000","0900","2000","0900","2000","0900","2000","0900","C2100453","100","98","1023","37.629032551740096","126.70990957173671"
"서울특별시 서대문구 가재울로6길 53-61, 1층 (남가좌동)","건강약국","02-373-4439","1830","0900","1830","0900","1830","0900","1830","0900","1830","0900","1430","0900","C1109267","036","92","1024","37.5767034421556","126.923053081057"
"서울특별시 노원구 화랑로 463, (공릉동)","건강약국","02-978-7597","1800","0900","1800","0900","1800","0900","1800","0900","1800","0900","1300","0900","C1102039","018","03","1025","37.61898769524258","127.07854679934538"
"서울특별시 송파구 백제고분로 162, 대양빌딩 1층 103호 (잠실동)","건강약국","02-424-3223","1830","0900","1830","0900","1830","0900","1830","0900","1830","0900","1300","0900","C1108684","055","76","1026","37.505027669765816","127.08469848859971"
"서울특별시 성북구 동소문로 71 (동소문동6가)","건강약국","02-935-7971","1900","0900","1900","0900","1900","0900","1900","0900","1900","0900","1800","0900","C1102968","028","30","1027","37.59206674746905","127.01314020088589"
"서울특별시 동대문구 왕산로 176, 2층 (전농동)","운영시간 변동 가능성 있음","창현빌딩 2층","건강약국","02-2282-4830","2000","0800","2000","0800","1900","0800","2000","0800","2000","0800","1330","0800","C1102974","025","59","1028","37.57916874929599","127.04283555037537"
"경기도 성남시 분당구 내정로166번길 43","건강약국","031-712-9200","2000","0900","2000","0900","2000","0900","2000","0900","2000","0900","1600","0900","1200","0900","C2100853","135","99","1029","37.370373278305586","127.12261152505596"
"경기도 시흥시 중심상가4길 18, 18호 (정왕동, 이송빌딩)","시흥시(시화)49블록농협사거리(한사랑의원1층)","건강약국","031-433-3923","2200","0900","2200","0900","2200","0900","2200","0900","2200","0900","2200","0900","2200","0900","2200","0900","C2100617","150","66","1030","37.343799253870486","126.73757185903199"
"서울특별시 강동구 동남로49길 21-11, 1,2층 (둔촌동)","운영시간 확인 요청 하였으나 거부함","건강약국","02-478-4515","1800","0900","1800","0900","1800","0900","1800","0900","1800","0900","C1109594","053","68","1031","37.5316233737548","127.14864535251"
"부산광역시 부산진구 진남로 554, 270동 A-106호 (양정동)","동의의료원 입구","건강약국","051-861-3644","1800","0900","1800","0900","1800","0900","1800","0900","1800","0900","1330","0900","C1200166","472","25","1032","35.170066666666663","129.075441666666677"
"부산광역시 부산진구 자유평화로 7 (범천동, 평화시장건강약국)","1호선 범일역 10번 출구","건강약국","051-646-0519","2000","0900","2000","0900","2000","0900","2000","0900","2000","0900","1900","0900","2000","0900","C1200056","473","66","1033","35.14166111111111","129.06064166666948"
"부산광역시 부산진구 범전로5번길 8","세홍의원 후문","건강약국","051-817-7111","1830","0900","1830","0900","1830","0900","1830","0900","1830","0900","1400","0900","C1201314","472","50","1034","35.163892202652704","129.06301845963463"
"부산광역시 수영구 과정로 69 (망미동)","버스정류장: 선경아파트 정문","건강약국","051-761-1820","1830","0900","1830","0900","1830","0900","1830","0900","1830","0900","1400","0900","C1200819","482","04","1035","35.177685742288794","129.1069887847387"
"부산광역시 금정구 금강로415번길 2, (구서동)","국민은행구서동지점앞","건강약국","051-512-4589","1800","0900","1800","0900","1800","0900","1800","0900","1800","0900","1300","0900","C1200420","462","45","1036","35.244764947591335","129.0881929988298"
"대구광역시 북구 오봉로 136, (침산동)","건강약국","053-358-1672","1730","0800","1730","0800","1730","0800","1730","0800","1730","0800","1700","0800","1700","0800","C1300740","415","00","1037","35.89982822485963","128.57957175283974"
"부산광역시 사하구 장림번영로 59, 그랑프라자빌딩 103호 (장림동)","건강약국","051-265-0525","2000","0900","1830","0900","1830","0900","2000","0900","1830","0900","1400","0900","C1202905","494","75","1038","35.0809404568036","128.971987441074"
"대구광역시 남구 대명로 205, 1층 101호 (대명동)","건강약국","053-626-7980","1830","0900","1830","0900","1830","0900","1830","0900","1830","0900","2400","2100","2400","2100","2400","2100","C1301629","424","70","1039","35.84035212376272","128.57947607221348"
"충청북도 영동군 영동읍 중앙로 44 (영동읍)","영동군계산리로타리코너","건강약국","043-745-2111","1930","0830","1930","0830","1930","0830","1930","0830","1930","0830","1830","0830","C2300013","291","45","1040","36.175416678084694","127.77813863877873"
"서울특별시 종로구 혜화로 2, 1층 (혜화동)","휴게시간 13:00~14:00","건강약국","02-764-9918","1930","0900","1930","0900","1930","0900","1930","0900","1930","0900","1500","0900","C1102967","030","76","1041","37.586064613093804","127.00087745264746"
"부산광역시 금정구 부곡로 107, 1층 (부곡동)","부곡동 시장 사거리","건강약국","051-515-8558","2000","0900","2000","0900","2000","0900","2000","0900","2000","0900","1400","0900","C1200673","463","02","1042","35.225675491866504","129.09157879639127"
"충청남도 천안시 서북구 충무로 205 (쌍용동)","이마트 옆 50m쯤 위치","건강약국","041-592-3455","1930","0900","1930","0900","1930","0900","1930","0900","1930","0900","1400","0900","C2400667","311","80","1043","36.7967059510782","127.12890357775676"
"충청남도 공주시 웅진로 200, (산성동)","축협 옆","건강약국","041-852-5599","1800","0900","1800","0900","1800","0900","1800","0900","1800","0900","1300","0900","C2400746","325","55","1044","36.45826406952891","127.12508817867385"
"부산광역시 기장군 기장읍 차성동로 69","기장시장 석천탕 옆 버스정류소","건강약국","051-722-8861","1850","0900","1850","0900","1850","0900","1850","0900","1850","0900","1850","0900","C1200796","460","66","1045","35.243897549431644","129.21651671822772"
"전북특별자치도 전주시 완산구 장승배기로 262, 주공A 상가동 105호 (평화동1가, 김혜영소아과)","건강약국","063-286-6220","1900","0830","1900","0830","1900","0830","1900","0830","1900","0830","1300","0830","C2501201","551","19","1046","35.79813995923818","127.14089596922697"
"경기도 안산시 단원구 석수로5길 8, 1층 (선부동)","건강약국","031-403-3663","1900","0900","1900","0900","1900","0900","1900","0900","1900","0900","C2107241","152","21","1047","37.3433270147","126.8067575056"
"충청남도 홍성군 홍성읍 조양로 169","홍성읍 오관리 오관파출소옆.","파출소 옆","건강약국","041-631-8901","1830","0800","1830","0800","1830","0800","1830","0800","1830","0800","1300","0800","C2400296","322","30","1048","36.60025491661589","126.66585247020333"
"경기도 오산시 성호대로 89 (오산동, 세명프라자)","건강약국","031-374-7275","1900","0900","1900","0900","1900","0900","1900","0900","1900","0900","1600","0900","C2100971","181","35","1049","37.1491455033398","127.07141490872245"
"충청북도 청주시 청원구 오창읍 중심상업로 31-4, 109호,110호(엔젤오메가빌딩)","명절당일 휴무","오창과학단지홈플러스정문앞국민은행사거리/로하스파 옆 건물","건강약국","043-218-2892","2200","0900","2200","0900","2200","0900","2200","0900","2200","0900","2100","0900","1900","1000","C2300190","363","883","1050","36.71389963638028","127.42909064242482"
"강원특별자치도 동해시 천곡로 68, 현대코아 111호 (천곡동)","천곡동 삼성아파트 앞","건강약국","033-535-7525","1900","0900","1900","0900","1900","0900","1900","0900","1900","0900","1300","0900","C2200436","257","68","1051","37.523355075887146","129.11267980667282"
"강원특별자치도 춘천시 서부대성로227번길 15-18 (효자동)","건강약국","033-253-5777","1800","0800","1800","0800","1800","0800","1800","0800","1800","0800","C2200998","242","89","1052","37.874056849000006","127.7448068769"
"경상북도 상주시 상서문로 56 (남성동)","경북 상주시 적십자병원 앞에 위치한 약국입니다.","건강약국","054-907-5333","1800","0830","1800","0830","1800","0830","1800","0830","1800","0830","1300","0830","C2701580","371","97","1053","36.4147854756346","128.15620092940839"
"전라남도 여수시 무선중앙로 56-1, (선원동)","무선하나의원 1층 위치","건강약국","061-641-2121","2000","0830","2000","0830","2000","0830","2000","0830","2000","0830","1800","0830","C2600375","596","41","1054","34.77268958736888","127.6501651102632"
"경상북도 문경시 중앙로 139 (점촌동)","건강약국","054-554-2080","1830","0840","1830","0840","1830","0840","1830","0840","1830","0840","1300","0840","C2700852","369","69","1055","36.59728690563721","128.20059919439277"
"경상북도 안동시 경북대로 399 (옥동)","옥동이마트맞은편","건강약국","054-843-6565","2000","0830","2000","0830","2000","0830","2000","0830","2000","0830","2000","0830","C2700264","366","60","1056","36.56481998134053","128.7001918701685"
"세종특별자치시 연서면 당산로 353","연서면 봉암리","건강약국","044-867-0862","2000","0800","2000","0800","2000","0800","2000","0800","2000","0800","2000","0900","C1800020","300","47","1057","36.56314125068864","127.28277089726856"
"전라남도 광양시 금영로 153, 1층 (광영동)","한독 연합의원 맞은편","건강약국","061-792-8575","1800","0900","1800","0900","1800","0900","1800","0900","1800","0900","1230","0900","1900","1700","C2600715","577","17","1058","34.96380597833088","127.71766497049086"
"인천광역시 서구 중봉대로 588, 503호 (청라동, 청라센트럴프라자)","건강약국","032-569-7718","1900","0900","1900","0900","1900","0900","1900","0900","1900","0900","1500","0900","C1400947","227","36","1059","37.53204687581923","126.65025483106099"
"전라남도 영암군 영암읍 동문로 5","영암읍 시외버스터미널 건너편","건강약국","061-471-9975","1730","0830","1730","0830","1730","0830","1730","0830","1730","0830","1300","0830","C2600381","584","18","1060","34.79617012897581","126.7023982685793"
"강원특별자치도 횡성군 횡성읍 앞들서남로 15, 1층 101호 (횡성읍)","건강약국","033-343-8272","1900","0900","1900","0900","1900","0900","1900","0900","1900","0900","1300","0900","C2200961","252","34","1061","37.4876574889","127.9823890599"
"전라남도 보성군 벌교읍 채동선로 145","벌교여자고등학교 근처","건강약국","061-857-4400","1730","0830","1730","0830","1730","0830","1730","0830","1730","0830","1230","0830","C2600085","594","30","1062","34.83684674678198","127.34227106044742"
"부산광역시 북구 백양대로 1017, 한성빌딩 (구포동)","공휴일 운영 가변적으로 전화 후 방문 요망","2호선 구남역 1번 출구","건강약국","051-333-1977","2100","0900","2100","0900","2100","0900","2100","0900","2100","0900","1800","0900","1300","0900","C1200356","466","50","1063","35.1967379155747","128.99454456703918"
"경기도 화성시 동탄순환대로 127-17, 동탄2우성메디피아 1층 110,111호 (산척동)","건강약국","031-377-8671","1800","0900","1800","0900","1800","0900","1800","0900","1800","0900","1300","0900","C2109467","185","05","1064","37.1670008890757","127.107267851171"
"인천광역시 남동구 인주대로 541 (구월동)","인천시남동구구월3동1115-1건강약국","건강약국","032-432-7505","1900","0900","1900","0900","1900","0900","1900","0900","1900","0900","1600","0900","C1400398","215","59","1065","37.450577332990875","126.69692985443886"
"강원특별자치도 태백시 황지로 87, (황지동)","고려의원 사거리","건강약국","033-552-5521","1800","0900","1800","0900","1800","0900","1800","0900","1800","0900","1230","0900","C2200003","260","15","1066","37.1666710583","128.9917027791"
"전라남도 함평군 학교면 사거리길 11","함평사거리 학교 우체국 근처","건강약국","061-322-3113","1500","0900","1500","0900","1500","0900","1500","0900","1500","0900","1300","0830","C2600003","571","62","1067","35.02195056877882","126.53341582146645"
"대구광역시 달성군 현풍읍 비슬로122길 27-2","건강약국","053-611-7344","1900","0900","1900","0900","1300","0900","1900","0900","1900","0900","1300","0900","C1301243","430","03","1068","35.69358074942984","128.4453365248431"
"대구광역시 동구 동촌로 303, 1층 (방촌동)","삼각지네거리에서앞산공원(영남이공대학)방향30미터좌측","건강약국","053-622-9165","2100","0900","2100","0900","2100","0900","2100","0900","2100","0900","1800","0900","1700","1000","C1300848","411","46","1069","35.88002925027852","128.669838054036"
"부산광역시 서구 대영로85번길 34","부산은행 동대신동지점과 동신초등학교 중간지점","건강약국","051-246-8999","2100","0830","2100","0830","2100","0830","2100","0830","2100","0830","2100","0830","2100","0830","C1201373","492","16","1070","35.11244808798722","129.01990241604437"
"대구광역시 달서구 달구벌대로 1222 (이곡동)","건강약국","053-584-3638","1830","0900","1830","0900","1830","0900","1830","0900","1830","0900","1300","0900","C1300410","427","03","1071","35.8516132462","128.5010079014"
"충청북도 음성군 금왕읍 무극로 276-1","연세정형외과앞","건강약국","043-882-5140","1930","0900","1930","0900","1930","0900","1930","0900","1930","0900","1330","0900","C2300253","276","34","1072","36.99260062220532","127.59240863085921"
"경상남도 창원시 의창구 창원천로 34, 121동 226호 (대원동, 대원 꿈에그린)","건강약국","055-273-0470","1845","0845","1845","0845","1845","0845","1845","0845","1845","0845","1445","0845","C2800675","514","15","1073","35.23487272276016","128.6499598629963"
"경상남도 거제시 고현로 89-1","공휴일은 전화문의요망","거제중앙병원 옆","건강약국","055-637-2177","1900","0900","1900","0900","1900","0900","1900","0900","1900","0900","1700","0900","1700","0900","C2800470","532","53","1074","34.886532266791136","128.6226009660976"
"전라남도 장성군 삼계면 사창로 40","삼계 중,고등학교 맞은편","건강약국","061-394-1032","1800","0730","1800","0730","1800","0730","1800","0730","1800","0730","1230","0730","C2600194","572","38","1075","35.25815295083545","126.66729203539573"
"전라남도 강진군 강진읍 영랑로3길 29-1,","365일 운영","하나로마트 근처","건강약국","061-434-3309","1900","0700","1900","0700","1900","0700","1900","0700","1900","0700","1900","0700","2100","0700","2100","0830","C2600578","592","32","1076","34.63968934204086","126.77112007650899"
"전라남도 완도군 신지면 신지로 558-1","완도 명사십리 부근","건강약국","061-552-1471","1800","0900","1800","0900","1800","0900","1800","0900","1800","0900","1300","0900","C2600073","591","46","1077","34.333638239946474","126.82748802541676"
"대전광역시 동구 동대전로 272, 타임빌딩 101호 (가양동)","건강약국","042-335-7755","1900","0900","1900","0900","1900","0900","1900","0900","1900","0900","1400","0900","C1601245","345","08","1078","36.34544095029361","127.44625599197606"
"경상북도 김천시 김천로 92, 1층 (평화동)","건강약국","054-434-7077","1730","0900","1730","0900","1730","0900","1730","0900","1730","0900","1230","0900","C2701550","396","09","1079","36.12431888445619","128.11216044048967"
"경상북도 경산시 경안로38길 23 (중방동)","건강약국","053-811-6267","1900","0830","1900","0830","1900","0830","1900","0830","1900","0830","1300","0830","C2701328","386","19","1080","35.82579704549336","128.73745946026244"
"광주광역시 북구 군왕로207번길 16, 각화 영구임대아파트 (각화동)","건강약국","062-265-7280","1900","0900","1900","0900","1900","0900","1900","0900","1900","0900","1500","0900","C1501338","611","66","1081","35.1798175489655","126.935099807881"
"전라남도 무안군 해제면 현해로 1687","면사무소 옆.","건강약국","061-453-2467","1730","0800","1730","0800","1730","0800","1230","0800","1730","0800","1230","0800","C2600593","585","02","1082","35.11061868401159","126.29473848935255"
"광주광역시 광산구 사암로 211 (우산동)","건강약국","062-955-5652","1830","0900","1830","0900","1830","0900","1830","0900","1830","0900","1330","0830","C1501244","623","59","1083","35.1633717998508","126.807986955993"
"경상북도 경주시 금성로 288, 102호 (성건동)","건강약국","054-772-5554","1800","0820","1800","0820","1800","0820","1800","0820","1800","0820","1300","0820","C2700631","381","55","1084","35.843042529100615","129.20726712666038"
"강원특별자치도 원주시 치악로 1789","남부농협과 롯데슈퍼 사이 / 동아단골약국 옆","건강약국","033-766-4583","1800","0900","1800","0900","1800","0900","1800","0900","1800","0900","1300","0900","C2200312","264","42","1085","37.34213057975525","127.95518698705126"
"인천광역시 계양구 봉오대로 785, (주)이마트 (작전동)","이마트계양점내.","건강약국","032-548-2095","2300","1000","2300","1000","2300","1000","2300","1000","2300","1000","2300","1000","2300","1000","C1400344","210","80","1086","37.531011982716684","126.73701555160444"
"강원특별자치도 강릉시 성덕포남로 185 (포남동)","포남1동주민센터옆","건강약국","033-647-2462","1800","0900","1800","0900","1800","0900","1800","0900","1800","0900","1300","0900","1300","0900","C2200540","255","45","1087","37.76809703280309","128.90836549905842"
"전라남도 나주시 남평읍 남평2로 14","남평건강원 근처 우리마트 옆","건강약국","061-333-5210","1730","0830","1700","0830","1630","0830","1700","0830","1700","0830","1230","0830","C2600183","582","27","1088","35.0434020902626","126.84315209195664"
"전라남도 담양군 담양읍 중앙로 34","건강약국","061-938-9942","1800","0800","1800","0800","1230","0800","1800","0800","1800","0800","1230","0800","C2601302","573","44","1089","35.3163216422512","126.98346695734"
"전라남도 영광군 법성면 진굴비길 59","성심의원 옆","건강약국","061-356-2305","1300","0830","1300","0830","1300","0830","1300","0830","1300","0830","1300","0830","C2600022","570","11","1090","35.361093927787444","126.44640525578858"
"전라남도 목포시 중화길 16 (상동)","한국병원후문","건강약국","061-272-7453","1800","0800","1800","0800","1800","0800","1800","0800","1800","0800","1230","0800","C2600062","586","43","1091","34.80924553935295","126.4160285695224"
"강원특별자치도 속초시 중앙로 29, (교동)","교동 신라예식장 사거리 송춘익 내과 1층","건강약국","033-636-6733","1800","0900","1800","0900","1230","0900","1800","0900","1800","0900","1230","0900","C2200232","248","53","1092","38.19922044675839","128.57986310408728"
"부산광역시 남구 용호로 129, 두산빌딩 1층 (용호동)","건강약국","051-624-0131","1900","0900","1900","0900","1900","0900","1500","0900","1900","0900","1700","0900","C1203036","485","79","1093","35.1206398699045","129.112368202671"
"서울특별시 도봉구 도당로 109, 방학동상가주택 1층 102호 (방학동)","시간변동 가능성 있습니다.","건강약국","02-3492-3588","1900","0900","1900","0900","1900","0900","1900","0900","1900","0900","1900","0900","C1102971","013","53","1094","37.666835278293","127.038602111789"
"경기도 용인시 처인구 모현읍 외대로 10, 101호","건강약국","07086673137","1800","0900","1800","0900","1800","0900","1800","0900","1800","0900","1300","0900","C2109945","170","35","1095","37.3370870498955","127.250502295605"
"전북특별자치도 무주군 무주읍 주계로 84","토요일 전화후 방문","(구)하나로마트에서 조금 위에 위치","건강약국","063-322-6254","1900","0830","1900","0830","1900","0830","1900","0830","1900","0830","1300","0830","C2500049","555","16","1096","36.00619896280287","127.65988638763262"
"경상남도 밀양시 중앙로 450","시외버스터미널 근처","건강약국","055-352-0261","1200","0900","1200","0900","1200","0900","1200","0900","1200","0900","1230","0830","C2801062","504","23","1097","35.4992618167349","128.74590770606787"
"경상남도 창원시 진해구 장복대로 171, 다온빌딩 104호 (자은동)","건강약국","055-551-2501","1900","0900","1900","0900","1900","0900","1900","0900","1900","0900","1400","0900","C2802183","515","93","1098","35.1551466346721","128.712719166266"
"제주특별자치도 서귀포시 대정읍 하모상가로 49, 1층","심야약국지정약국(화 수 목 20~23시)","매일시장앞 시계탑사거리","건강약국","064-794-7575","1800","0830","1800","0830","1800","0830","1800","0830","1800","0830","1230","0830","1200","0830","1200","0830","C2900067","635","08","1099","33.22215476661095","126.25409923525825"
"경상남도 창원시 마산회원구 내서읍 상곡로 19 (신성네스트빌)","경남은행 맞은편","건강약국","055-252-1688","1900","0900","1900","0900","1900","0900","1900","0900","1900","0900","1400","0900","C2800170","512","27","1100","35.24244834466934","128.50303231091368"
"충청남도 아산시 인주면 서해로 654","건강약국","041-542-9002","2100","0900","2100","0900","2100","0900","2100","0900","1800","0900","C2401442","314","27","1101","36.8819329104","126.9107293484"
"전북특별자치도 익산시 인북로 290-2, (남중동)","제일정형외과 옆에 위치.","건강약국","063-857-9913","1800","0800","1800","0800","1800","0800","1800","0800","1800","0800","1330","0800","C2500625","546","33","1102","35.954216666666667","126.959711111111105"
"충청남도 공주시 유구읍 석남외마루길 3,","아리랑마트 옆","건강약국","041-841-3259","2100","0900","2100","0900","2100","0900","2100","0900","2100","0900","1600","0900","C2400406","325","06","1103","36.55114642179587","126.95207086421166"
"경상남도 남해군 남해읍 화전로96번가길 13-1, 건강약국","건강약국","055-864-7842","2100","0830","2100","0830","2100","0830","2100","0830","2100","0830","2100","0900","2100","0900","2100","0900","C2802350","524","15","1104","34.8410727758573","127.894685958244"
"전북특별자치도 완주군 삼례읍 삼봉로 40,","농협 옆에 위치","건강약국","063-291-2276","1900","0900","1900","0900","1900","0900","1900","0900","1900","0900","1500","0900","1230","0900","C2500037","553","42","1105","35.9126361689","127.0761817924"
"전북특별자치도 군산시 하나운안1길 37-1, 1층 103호 (나운동)","건강약국","063-471-1233","1900","0900","1900","0900","1900","0900","1900","0900","1900","0900","1800","0900","C2501323","541","30","1106","35.9655792557739","126.695095459777"
"경상남도 양산시 신명로 85, 101동 (평산동)","건강약국","055-389-1377","2000","0830","2000","0830","2000","0830","2000","0830","2000","0830","1600","0830","C2801046","505","44","1107","35.38664447256666","129.14374061818953"
"경상남도 진주시 하대로 138","월-금 저녁시간(오후7:30-오후9) 운영을 중단합니다.","하대현대아파트 분산상가","건강약국","055-757-6223","1900","0800","1900","0800","1900","0800","1900","0800","1900","0800","1200","0800","C2800139","527","65","1108","35.19328111121922","128.12670552789055"
"충청남도 보령시 웅천읍 장터중앙길 61 (웅천읍)","웅천버스터미널 옆","건강약국","041-931-7221","1800","0900","1800","0900","1800","0900","1800","0900","1800","0900","1300","0900","C2400422","335","21","1109","36.23045694615875","126.6016455965187"
"경기도 고양시 덕양구 지축로 70, 113(일부)호 (지축동)","건강예쁜약국","02-371-1607","1800","0900","1800","0900","1800","0900","1800","0900","1800","0900","1300","0900","C2109210","105","85","1110","37.6492937612922","126.915808773474"
"서울특별시 양천구 오목로 350","오목교역 5번 출구","건강온누리약국","02-2645-5538","1900","0900","1900","0900","1900","0900","1900","0900","1900","0900","1400","0830","C1104271","080","07","1111","37.52417791552718","126.87633339301522"
"경기도 부천시 호현로489번길 25","부천세종병원 앞쪽에 위치한 건물 1층","건강온누리약국","032-345-8114","2100","1000","2100","1000","2100","1000","2100","1000","2100","1000","2100","1000","C2104640","147","55","1112","37.48050911043731","126.79205974565997"
"대구광역시 동구 안심로22길 46, 1층 (율하동)","율하지구휴먼시아711동앞","건강온누리약국","053-961-3721","1830","0900","1830","0900","1830","0900","1830","0900","1830","0900","1300","0900","C1300126","411","05","1113","35.86326786924402","128.6963874247017"
"경기도 성남시 분당구 백현로101번길 16, 대덕프라자 211일부호 (수내동)","건강온누리약국","031-715-2159","1830","0930","1830","0930","1830","0930","1830","0930","1830","0930","C2107754","135","95","1114","37.37701060548986","127.11272854965586"
"서울특별시 관악구 남부순환로 1715, 101호 (봉천동, 신우빌딩)","봉천역 4번 출구","건강온누리약국","070-7740-3349","2100","0900","2100","0900","2100","0900","2100","0900","2100","0900","1700","0900","C1107773","087","57","1115","37.48302711055182","126.94082794022962"
"경기도 화성시 봉담읍 삼봉안3길 6-5, 127~128호","건강온누리약국","031-295-8156","2100","0900","2100","0900","2100","0900","2100","0900","2100","0900","1930","0900","C2100528","182","94","1116","37.21717662480574","126.95860965674115"
"서울특별시 강서구 곰달래로 271 (화곡동)","목동사거리 기업은행 옆","건강온누리약국","02-2642-0012","1830","0900","1930","0900","1830","0900","1830","0900","1830","0900","1330","0900","C1100893","077","41","1117","37.532436953375495","126.8632664025803"
"서울 강남구 삼성로 212-2 (대치동)","은마상가비동 195","건강온누리약국","02-562-1377","1800","0930","1800","0930","1800","0930","1800","0930","1800","0930","1500","0930","C1102043","062","84","1118","37.4950465471254","127.0635210683167"
"서울특별시 동작구 상도로 202 (상도동)","동작구 보건소 입구(지하철 장승배기역 1번 출구에서 상도역 쪽으로 100m정도에 위치함)","건강온누리약국","02-815-1120","2100","0800","2100","0800","2100","0800","2100","0800","2100","0800","2000","0900","2000","0900","2000","0900","C1103196","069","64","1119","37.504955493464024","126.94108207060304"
"경기도 수원시 권선구 금곡로196번길 76, 서울JS프라자 1층 1~2호 (금곡동)","건강온누리약국","031-294-7998","2030","0900","2030","0900","2030","0900","2030","0900","2030","0900","C2108296","163","93","1120","37.2735435209122","126.955517982831"
"경기도 남양주시 화도읍 맷돌로 118","남양주시화도읍마석우리383-6중흥프라자1층","건강온누리약국","031-559-6334","2200","0830","2200","0830","2200","0830","2200","0830","2200","0830","2200","0830","2200","1500","2200","0900","C2102699","121","75","1121","37.65729428308615","127.30328345523671"
"전북특별자치도 정읍시 중앙3길 2, 대건 빌딩 1층 (수성동)","건강온누리약국","063-537-3931","1800","0800","1800","0800","1800","0800","1800","0800","1800","0800","1300","0800","1300","0800","C2501373","561","63","1122","35.5665603961453","126.854992108966"
"서울특별시 구로구 고척로21나길 18 (개봉동)","처방조제는 오전 9시부터 가능합니다","개봉중학교 근처","건강온누리약국","02-2617-3594","2000","0800","2000","0800","2000","0800","2000","0800","2000","0800","2000","0800","C1102063","152","802","1123","37.5028727821132","126.844666182116"
"경상남도 창원시 진해구 충장로657번길 28 (장천동)","건강온누리약국","055-542-1981","1900","0830","1900","0830","1840","0830","1900","0830","1900","0830","1300","0830","C2800975","516","28","1124","35.130553378505674","128.7065871043662"
"울산광역시 남구 남산로 386, 103-2호 (신정동)","건강온누리약국","052-265-1470","1900","0900","1800","0900","1800","0900","1900","0900","1900","0900","1500","0900","C1700632","446","23","1125","35.5487168948","129.3069523852"
"광주광역시 북구 서암대로 37, (운암동)","경신여고사거리 위치","건강온누리약국","062-526-5700","2000","0900","2000","0900","2000","0900","2000","0900","2000","0900","1300","0900","C1500281","611","18","1126","35.172879599784345","126.88888042345631"
"광주광역시 서구 상무대로 1046, 1층 (화정동)","건강온누리약국","062-385-7788","1900","0900","1900","0900","1830","0900","1900","0900","1900","0900","1330","0900","C1501118","619","85","1127","35.1515751458","126.875701735"
"경상남도 통영시 광도면 죽림1로 41-23","죽림초등학교","건강온누리약국","055-643-3525","1900","0900","1900","0900","1900","0900","1900","0900","1900","0900","1300","0900","C2800857","530","16","1128","34.8774506124268","128.41744372543724"
"경기도 광주시 퇴촌면 광동로 75-1","퇴촌농협주유소옆","건강온누리약국","031-765-8925","2100","0830","2100","0830","2100","0830","2100","0830","2100","0830","2100","0830","2100","0830","2100","0800","C2106384","127","11","1129","37.47061919053675","127.31088315330959"
"부산광역시 사하구 다대로 547(다대동)","다대농협사거리국민은행옆","건강왕약국","051-262-7005","2000","0900","2000","0900","2000","0900","2000","0900","2000","0900","1500","0900","C1200376","495","24","1130","35.057383697887346","128.9713975387259"
"광주광역시 광산구 신창로 46, 1층 (신창동)","건강우리약국","062-953-7868","1900","0900","1900","0900","1900","0900","1900","0900","1900","0900","1400","0900","C1501066","622","93","1131","35.1894190951","126.8372943296"
"경기도 이천시 호법면 이섭대천로 534, 1층 105호","건강을 요리하는 약국","031-638-9552","2100","0900","2100","0900","2100","0900","2100","0900","2100","0900","2000","0900","C2107188","173","94","1132","37.6762955542","126.814090617"
"경기도 용인시 기흥구 죽전로 50, 센타프라자 108호 (보정동)","건강을 이야기하는 부부약국","031-889-9630","1900","0900","1900","0900","1900","0900","1900","0900","1900","0900","C2107550","168","98","1133","37.3202911728","127.1142638719"
"서울특별시 송파구 송파대로 373, 1층 101호 (석촌동)","전화번호 : 0507-1305-3675","건강을그리는약국","02-423-3675","2000","0900","2000","0900","2000","0900","2000","0900","2000","0900","1400","0900","C1109941","056","97","1134","37.50095172144345","127.11061434465263"
"경기도 시흥시 도일로135번길 4, 104호 (거모동, 빅타운)","도일삼거리부근진로마트옆김경범소아과건물","건강을주는약국","031-494-3554","2030","0900","2030","0900","2030","0900","2030","0900","2030","0900","1500","0900","1300","0900","C2101646","150","70","1135","37.34257499336855","126.78454751343696"
"경기도 용인시 기흥구 신갈로 52, 101호 (신갈동, 외환은행)","건강을주는약국","031-286-7861","1900","0840","1900","0840","1900","0840","1900","0840","1900","0840","1800","0840","C2101625","170","64","1136","37.271244444444442","127.105886111111104"
"경상남도 합천군 합천읍 대야로 890-18","합천군청 부근","건강을주는약국","055-933-1069","1800","0830","1800","0830","1800","0830","1800","0830","1800","0830","1300","0830","C2800553","502","31","1137","35.56788694424157","128.1649571464631"
"전북특별자치도 익산시 부송1로 84, 1층 (부송동)","KT부송지점근처 롯데리아 옆에 위치.","건강이열리는약국","063-835-2880","2030","0900","2030","0900","2030","0900","2030","0900","2030","0900","1400","0900","C2500535","545","60","1138","35.957702777777776","126.990813888888894"
"경기도 안산시 단원구 선부로 187, 유송프라자 1층 (선부동)","온누리병원에서100m옆/유송프라자 101호","건강이열리는약국","031-485-9345","2130","0900","2130","0900","2130","0900","2130","0900","2130","0900","2130","0900","2130","0900","2230","0900","C2101871","152","17","1139","37.341952777777777","126.815908333333340"
"전북특별자치도 익산시 무왕로 1002, (영등동)","미즈베베산부인과와 나은병원 근처","건강이화약국","063-854-7500","1800","0900","1800","0900","1800","0900","1800","0900","1800","0900","1200","0900","C2500367","546","34","1140","35.9589475878","126.9681899191"
"전북특별자치도 군산시 의료원로 34 (지곡동)","군산의료원앞","건강일등약국","063-471-8321","1830","0830","1830","0830","1830","0830","1830","0830","1830","0830","C2500394","541","04","1141","35.95576728054732","126.71184325130288"
"제주특별자치도 제주시 중앙로 616, 1층 (아라일동)","공휴일, 설, 추석 당일 휴무 토요일, 공휴일은 점심식사 시간 있습니다.(12:30~13:00 폐문)","건강일등약국","064-727-8321","1900","0830","1900","0830","1900","0830","1900","0830","1900","0830","1900","1000","1900","1000","C2900184","632","41","1142","33.46882416847185","126.54725443367178"
"경상남도 창원시 성산구 삼정자로43번길 8, 성주빌딩 1층 103호 (성주동)","건강일등약국","055-285-9365","1900","0900","1900","0900","1900","0900","1900","0900","1900","0900","1730","1400","C2802096","514","73","1143","35.1987709387954","128.711023808892"
"부산광역시 서구 동대로 20, 1층 (동대신동3가)","동아대학교병원 후문쪽 경남 고등학교 버스정류장 앞에 위치","건강제이드약국","051-254-9872","1930","0830","1930","0830","1930","0830","1930","0830","1900","0830","1300","0930","C1202708","492","05","1144","35.1190386421949","129.017937166032"
"서울특별시 도봉구 해등로 190, (쌍문동)","쌍문동 삼익세라믹 아파트 정문 길 건너편 신원2차상가 1층 103호","건강제일녹십자약국","02-906-1024","2000","0900","2000","0900","2000","0900","2000","0900","2000","0900","1800","0900","1800","0900","C1102064","013","94","1145","37.65821486117163","127.03547486300904"
"인천광역시 미추홀구 미추홀대로698번길 6, 1층 일부층 (주안동)","도화1동 주민센터 옆건물 1층","건강제일약국","032-866-7025","1800","0900","1800","0900","1800","0900","1800","0900","1800","0900","1300","0900","C1400373","221","40","1146","37.46101004273652","126.67355827272631"
"충청북도 청주시 상당구 중흥로 54-1 (용암동)","건영아파트사거리놀부보쌈방향","건강제일약국","043-286-9337","1800","0900","1800","0900","1800","0900","1800","0900","1800","0900","1400","0900","C2300179","287","76","1147","36.61053907453066","127.50320828695058"
"전북특별자치도 김제시 동서로 160, (요촌동)","공휴일 연락 후 방문","공휴일 (하나이비인후과 진료시 문열음)","목화예식장 아리랑목욕탕 맞은편","건강제일약국","063-548-8585","1900","0830","1900","0830","1900","0830","1900","0830","1900","0830","1400","0830","1300","0830","C2500644","544","08","1148","35.798852777777775","126.886344444444447"
"경상남도 양산시 소주회야로 85(소주동)","건강제일약국","055-366-0112","2100","0830","2100","0830","2100","0830","2100","0830","2100","0830","2030","0900","C2800115","505","14","1149","35.410084599998","129.16051030717762"
"경기도 화성시 팔탄면 푸른들판로 670","구장사거리앞","건강제일약국","031-353-5856","2100","0830","2100","0830","2100","0830","2100","0830","2100","0830","1700","0900","2000","1000","2000","1000","C2103562","185","27","1150","37.16803335191779","126.89524805844482"
"전북특별자치도 정읍시 남북로 42-1, (수성동)","고려병원 앞,삼성병원 옆에 위치.","건강제일약국","063-535-3399","1800","0900","1800","0900","1800","0900","1800","0900","1800","0900","1200","1000","C2500494","561","63","1151","35.568847222222225","126.851425000000006"
"광주광역시 북구 동문대로 88(두암동)","건강제일약국","062-251-6530","1730","0800","1730","0800","1730","0800","1730","0800","1730","0800","1300","0800","C1501305","611","98","1152","35.1714431033732","126.923759155251"
"대전광역시 동구 동대전로 90 (대동)","건강제일약국","042-632-0881","1800","0900","1800","0900","1800","0900","1800","0900","1800","0900","1300","0900","C1600426","346","48","1153","36.3304002768672","127.44384916839387"
"서울특별시 중랑구 동일로 786, 1층 (중화동)","건강제일온누리약국","02-491-1114","1830","0900","1930","0900","1830","0900","1830","0900","1930","0900","1400","0900","C1104829","020","88","1154","37.60066962622031","127.07997703227983"
"전북특별자치도 군산시 공단대로 589, (소룡동)","한양정형외과 옆 속편한내과 1층","건강종합약국","063-731-2030","1830","0900","1830","0900","1830","0900","1830","0900","1830","0900","1300","0900","C2500640","540","13","1155","35.971458333333331","126.681705555555553"
"전북특별자치도 김제시 남북로 222","일/공휴일 전화 후 방문","김제시장 시내버스정류장 앞","건강종합약국","063-547-2073","1800","0800","1800","0800","1800","0800","1800","0800","1800","0800","1300","0800","1200","0800","1200","0800","C2500308","543","84","1156","35.803893279858904","126.88431817551101"
"경기도 화성시 장안면 수정로 143","건강종합약국","031-358-3707","2100","0900","2100","0900","2100","0900","2100","0900","2100","0900","2100","0900","2100","0900","2100","0900","C2106442","185","83","1157","37.07951531790602","126.85853629671469"
"전북특별자치도 정읍시 중앙1길 59 (수성동)","장기영정형외과옆,중앙지구대앞","건강종합약국","063-535-8730","1800","0900","1800","0900","1800","0900","1800","0900","1800","0900","1200","0900","C2500232","561","63","1158","35.5686183321","126.8518072339"
"충청북도 진천군 진천읍 중앙동로 92-1","단위농협건너편","건강종합약국","043-534-5577","2100","0900","2100","0900","2100","0900","2100","0900","2100","0900","1800","0830","C2300514","278","34","1159","36.85873661602425","127.44474140157523"
"전북특별자치도 전주시 덕진구 소리로 192","호성주공쪽에 농협맞은편","건강종합약국","063-242-4504","1940","0900","1940","0900","1940","0900","1940","0900","1940","0900","1840","0900","1800","1000","C2500540","549","05","1160","35.857940733917246","127.15305248139941"
"경기도 김포시 유현로 19, 상가동 109,110호 (풍무동, 유현마을신동아아파트)","공휴일 유연근무","신동아상가 건물 1층","건강프라자약국","031-998-0295","2030","0900","2030","0900","2030","0900","2030","0900","2030","0900","1800","0900","1600","1000","C2100368","101","20","1161","37.59633488191095","126.72189225004862"
"서울특별시 송파구 백제고분로 216 (삼전동)","청송빌딩 1층","건강프라자약국","02-417-0910","2000","0900","2000","0900","2000","0900","2000","0900","2000","0900","1500","0900","C1101156","055","82","1162","37.50339249738693","127.09056625648866"
"인천광역시 미추홀구 경인로 431-1 (주안동)","건강프라자약국","032-429-7888","2000","0900","2000","0900","2000","0900","2000","0900","2000","0900","1500","0900","C1401784","221","41","1163","37.458288792451704","126.68815951879256"
"서울특별시 강동구 아리수로93길 27","건강플러스약국","02-427-8056","2100","0930","2100","0930","2100","0930","2100","0930","2100","0930","1700","0930","C1107256","052","11","1164","37.56561025965448","127.17379556965915"
"경기도 시흥시 희망공원로 269, 홈플러스시화점 2층 (정왕동)","건강플러스약국","031-496-9736","2200","1000","2200","1000","2200","1000","2200","1000","2200","1000","2200","1000","2200","1000","2200","1000","C2107986","150","81","1165","37.345248801677165","126.72517511811805"
"경기도 군포시 산본로323번길 16-14, 센타빌딩 A동 704호 (산본동)","건강플러스약국","031-391-8794","2030","0900","2030","0900","2030","0900","2030","0900","2030","0900","1800","0900","1800","1000","1800","0900","C2107985","158","65","1166","37.359405577644935","126.93076495669541"
"인천광역시 미추홀구 매소홀로 338","문전약국","인주중학교반대편","건강플러스약국","032-867-7110","2000","0900","2000","0900","1900","0900","2000","0900","2000","0900","1400","0900","C1400470","222","03","1167","37.44152098956234","126.65964545825048"
"서울특별시 금천구 시흥대로 391 (독산동)","홈플러스 영업일에 맞춰 약국 운영하니 방문 전 연락바랍니다.","건강플러스약국","02-890-8058","2200","1000","2200","1000","2200","1000","2200","1000","2200","1000","2200","1000","2200","1000","2200","1000","C1103687","085","84","1168","37.4686638539154","126.896885338466"
"서울특별시 노원구 상계로1길 38 (상계동)","4호선 노원역 9번 출구에서 100m 금문빌딩 102호","건강플러스약국","02-935-5347","2000","0900","2000","0900","2000","0900","1830","0900","2000","0900","1400","0900","C1102801","016","93","1169","37.65774228152102","127.06174700409593"
"경기도 남양주시 진접읍 해밀예당1로 30-9, 110호","하나로마트옆보건소방향골목왼편","건강플러스약국","031-574-8796","1600","0900","1600","0900","1600","0900","1600","0900","1600","0900","C2100069","120","66","1170","37.712795856321875","127.18726204636182"
"부산광역시 동래구 쇠미로81번길 22, 101호 (사직동,삼정2차 주상가)","버스정류장: 사직종합사회복지관앞","건강플러스약국","051-505-6818","1800","0900","1800","0900","1230","0900","1800","0900","1800","0900","1230","0900","C1201094","478","71","1171","35.2030428355","129.0544842289"
"경기도 수원시 영통구 효원로 363, 상가B동 315호 (매탄동, 매탄 위브 하늘채)","건강필약국","031-211-3545","1800","0900","1800","0900","1800","0900","1800","0900","1800","0900","1300","0900","C2106774","165","43","1172","37.2647521281046","127.04182538705682"
"충청북도 청주시 서원구 사직대로 90 (사창동)","청주고등학교와사창사거리중간","건강하나로약국","043-273-3070","1830","0830","1830","0830","1830","0830","1830","0830","1830","0830","1300","0830","C2300550","286","42","1173","36.634476954616","127.45749705404998"
"부산광역시 강서구 명지국제8로 229, 아이메디컬 106호 (명지동)","건강하자약국","051-271-1357","1930","0930","1930","0930","1930","0930","1930","0930","2030","0930","1430","0900","C1202432","467","26","1174","35.0986032045","128.9180090774"
"전북특별자치도 익산시 무왕로 1120 (어양동)","전자랜드 사거리 코너","건강한 약국","063-832-8588","1200","0900","1200","0900","1200","0900","1200","0900","1200","0900","C2500687","546","39","1175","35.95838248469081","126.9811378149721"
"인천광역시 중구 우현로 47, 1층 (신포동,신포메디칼빌딩)","신포시장입구바로옆건물1층","건강한21세기약국","032-777-8575","1600","0930","1600","0930","1600","0930","1600","0930","1600","0930","1600","0900","C1400695","223","22","1176","37.471518643502335","126.62817315935965"
"경상북도 김천시 아포읍 한지2길 10","약국","덕일한마음아파트에서100미터","건강한마을약국","054-433-0321","1800","0900","1800","0900","1800","0900","1800","0900","1800","0900","1400","0900","C2700113","396","75","1177","36.159023833118965","128.25980893003717"
"광주광역시 광산구 임방울대로 780, 1층 (월계동)","공휴일 전화 연락 후 방문 요함","첨단 우리은행 사거리 세종문고 옆","건강한미래약국","062-974-0555","1900","0850","1900","0850","1900","0850","1900","0850","1900","0850","1600","0850","1230","0900","1230","0900","C1500053","622","76","1178","35.21726954544796","126.8435927604786"
"경기도 용인시 처인구 원삼면 고당로 9","건강한백세약국","031-333-5571","2000","0800","2000","0800","2000","0800","2000","0800","2000","0800","1800","0800","1800","0830","C2101170","171","68","1179","37.16499066966361","127.31141199815465"
"서울특별시 노원구 노해로 490, 길빌딩 1층 107호 (상계동)","건강한생활약국","02-6203-4900","1900","0930","1900","0930","1900","0930","1900","0930","1900","0930","1600","0930","C1109459","017","51","1180","37.65436770212198","127.06250914193605"
"서울특별시 영등포구 국제금융로 108 (여의도동,은하빌딩 1층)","건강한세상대한약국","02-786-1091","1800","0830","1800","0830","1800","0830","1800","0830","1800","0830","1300","0830","C1102923","150","895","1181","37.518727847947105","126.93354607805607"
"서울특별시 은평구 증산로 399 (신사동)","새절역 3번 출구","건강한세상약국","02-376-1824","1800","0830","1800","0830","1800","0830","1800","0830","1800","0830","1300","0830","C1102069","034","42","1182","37.5919366895832","126.91352099232"
"서울특별시 종로구 새문안로 21, 1,2,3,지하1층 (평동)","서대문역4번출구","건강한세상약국","02-733-7870","1800","0900","1800","0900","1800","0900","1800","0900","1800","0900","1300","0900","C1103227","031","81","1183","37.5675003273891","126.967968590948"
"경기도 안산시 단원구 광덕대로 161, 1층 114,115호 (고잔동)","법정공휴일은 쉴때가 있음-공휴일은 전화문의후 방문하세요.","고잔동홈플러스옆장안성불가마건물1층피자헛옆","건강한세상약국","031-439-6557","2200","0930","2200","0930","2200","0930","2200","0930","2200","0930","2200","0930","2200","0930","C2104515","154","71","1184","37.311026246469076","126.82929990958591"
"경기도 하남시 신장로 156, 3층 302호 (덕풍동)","건강한약국","031-791-7772","1900","0900","1900","0900","1900","0900","1900","0900","1900","0900","1600","0900","1300","0900","C2101769","129","69","1185","37.539908333333337","127.201894444444449"
"서울특별시 성동구 왕십리로 320, 1층 101호 (도선동)","건강한약국","02-2231-8803","1920","0900","1920","0900","1920","0900","1920","0900","1920","0900","1430","0900","C1107707","047","09","1186","37.5623299333488","127.03437221242"
"서울 강동구 구천면로 234 (천호동)","15","영림내과 정문 옆","건강한약국","02-487-4112","2000","0830","2000","0830","2000","0830","2000","0830","2000","0830","1500","0830","C1102075","053","34","1187","37.5413501274426","127.130492908597"
"서울특별시 동대문구 왕산로32길 7, 4층 6호 (용두동)","13:00~14:00 휴게시간","건강한약국","02-957-9784","1800","0800","1800","0800","1800","0800","1800","0800","1800","0800","1400","0800","2200","1000","C1107212","025","60","1188","37.5787296170106","127.04179615724"
"서울특별시 은평구 진관2로 57-7 B105호 (진관동, 은평뉴타운우물골)","일요일은 내원전 연락 후 방문하여주시기 바랍니다.","건강한약국","02-352-1658","1900","0900","1900","0900","1900","0900","1900","0900","1900","0900","1600","0900","C1102888","033","06","1189","37.6343737542102","126.92323609983"
"서울특별시 금천구 남부순환로 1384","건강한약국","02-866-1191","2100","0900","2100","0900","2100","0900","2100","0900","2100","0900","1600","0900","C1102916","085","47","1190","37.479696438572","126.904485719693"
"서울특별시 성북구 종암로 182, 석준빌딩 1층 (하월곡동)","토요일 시간변동 가능성 있습니다.","건강한약국","02-916-6445","1930","0930","1930","0930","1930","0930","1930","0930","1930","0930","1330","0930","C1103554","027","39","1191","37.6060587021854","127.031597427516"
"대구광역시 북구 구암로 146","칠곡2단지농협구암점옆","건강한약국","053-321-6233","2200","0900","2200","0900","2200","0900","2200","0900","2200","0900","2200","0900","2200","0900","C1300284","414","63","1192","35.93152087995823","128.5564417060025"
"부산광역시 기장군 기장읍 기장대로 83-10","주공아파트 앞","건강한약국","051-724-7580","1730","0900","1730","0900","1730","0900","1730","0900","1730","0900","1230","0900","1530","0900","C1201182","460","76","1193","35.204738530378556","129.20546157940737"
"서울특별시 노원구 석계로9길 25, 1층 오른쪽점포호 (월계동)","건강한약국","02-919-1206","2100","0900","2100","0900","2100","0900","2100","0900","2100","0900","2100","0900","2100","1300","2100","1300","C1107528","019","02","1194","37.6169456876515","127.062929733999"
"부산광역시 서구 감천로 251 (암남동)","버스정류장: 고신대학병원 건너편","건강한약국","051-253-2492","1830","0840","1830","0840","1830","0840","1830","0840","1830","0840","C1200052","492","65","1195","35.08166869887757","129.0155528099709"
"충청남도 아산시 배방읍 배방로 53, 308호 (황금프라자)","푸르지오아파트맞은편파리바게트,국민은행있는건물","건강한약국","041-544-2086","1830","0830","1830","0830","1830","0830","1830","0830","1830","0830","1300","0830","C2400225","314","86","1196","36.77211982629627","127.05525517212129"
"충청남도 공주시 왕릉로 10 (웅진동)","건강한약국","041-856-3647","1800","0830","1800","0830","1800","0830","1800","0830","1800","0830","C2401367","325","42","1197","36.4582243827","127.1105364372"
"전북특별자치도 남원시 용성로 113","남원시외버스터미널근처","건강한약국","063-633-2929","1930","0830","1930","0830","1930","0830","1930","0830","1930","0830","1300","0830","C2500251","557","60","1198","35.409921929492654","127.38852788928669"
"경상남도 거창군 거창읍 거창대로 78, 1층","건강한약국","055-942-4939","1800","0900","1800","0900","1800","0900","1800","0900","1800","0900","1300","0900","C2800168","501","34","1199","35.6861695388","127.9161031787"
"경기도 광명시 광명로 824, 1층 (광명동)","건강한약국","02-2681-7077","2200","0900","2200","0900","2200","0900","2200","0900","2200","0900","2230","0900","1300","0900","1300","0900","C2101711","142","74","1200","37.4727924857","126.8515400788"
"충청북도 청주시 상당구 용담로 6 (문화동)","충북약사회관옆20M","건강한약국","043-250-5455","1840","0900","1840","0900","1840","0900","1840","0900","1840","0900","1300","0900","C2300531","287","15","1201","36.63207061442824","127.49151696831077"
"경상북도 성주군 가천면 가천로 82","건강한약국","054-932-1202","1830","0900","1830","0900","1830","0900","1830","0900","1830","0900","1600","0900","C2700030","400","60","1202","35.8856511991373","128.16519327997858"
"세종특별자치시 노을3로 29, 102호 (한솔동, 세종프라자)","한솔동 / 세종프라자 102호","건강한약국","044-867-4678","2100","1000","2100","1000","2100","1000","2100","1000","2100","1000","1900","1000","C1800058","301","30","1203","36.480850878431205","127.2593277326276"
"경상북도 구미시 산호대로25길 16","옥계동 신나리아파트 2차 정문앞","건강한약국","054-475-3388","2000","0910","2000","0910","2000","0910","2000","0910","2000","0910","1300","0910","C2700933","391","86","1204","36.13833816516636","128.41631088287227"
"강원특별자치도 삼척시 척주로 7, 삼일빌딩 가동 2층 202호 (남양동)","건강한약국","033-573-2852","1800","0830","1800","0830","1800","0830","1800","0830","1800","0830","1300","0900","C2200917","259","21","1205","37.4444289839473","129.16464668960788"
"대구광역시 달서구 학산로7길 5 (월성동, 월성동서타운)","건강한약국","053-635-0113","1830","0900","1830","0900","1830","0900","1830","0900","1830","0900","1500","0900","C1301310","427","32","1206","35.82812032299887","128.531691017749"
"대구광역시 북구 복현로 34-1, 1층 (복현동)","건강한약국","053-710-1009","1800","0900","1800","0900","1800","0900","1800","0900","1800","0900","C1301785","415","28","1207","35.8950236453662","128.624624034349"
"대구광역시 수성구 달구벌대로 3209","건강한약국","053-794-7701","1900","0900","1900","0900","1900","0900","1900","0900","1900","0900","1400","0900","C1300141","422","71","1208","35.840254981885664","128.70796957026099"
"부산광역시 동래구 중앙대로1325번길 29 (온천동)","목요일 전화 후 방문요망","1,4호선 동래역 5번출구/건강관리협회옆","건강한약국","051-553-6500","1900","0800","1900","0800","1900","0800","1900","0800","1900","0800","1400","0800","1300","0800","C1200742","477","34","1209","35.20541930219312","129.0761823598721"
"부산광역시 동래구 충렬대로 171, 6층(명륜동,율곡빌딩)","내성교차로 근처","건강한약국","051-554-1089","1730","0900","1730","0900","1730","0900","1730","0900","1730","0900","1600","0900","C1200920","477","36","1210","35.204327777777777","129.078949999999992"
"대구광역시 중구 달구벌대로 2120 (봉산동)","반월당","건강한약국","053-295-6141","1900","0900","1900","0900","1400","0900","1900","0900","1900","0900","1400","0900","C1300189","419","58","1211","35.86392027112571","128.59554962046235"
"부산광역시 부산진구 가야대로703번가길 33","지하철부암역6번출구온종합병원주차장옆","건강한약국","051-802-2774","1800","0830","1730","0830","1730","0830","1730","0830","1730","0830","1300","0830","C1201189","472","61","1212","35.15811267519389","129.0499244210192"
"부산광역시 북구 금곡대로 287, 6층 608호 (화명동)","점심시간 12:30 - 14:00","화명역 1번 출구","건강한약국","051-361-2666","1900","0900","1900","0900","1900","0900","1900","0900","1900","0900","1500","0900","C1200022","465","26","1213","35.2341832365","129.0133085198"
"부산광역시 남구 수영로 195-2","남구보건소에서 시장쪽으로 50 m지점","건강한약국","051-611-9559","1900","0900","1900","0900","1900","0900","1900","0900","1900","0900","1500","0900","C1200170","484","45","1214","35.135123806134445","129.0880632170589"
"경상남도 창원시 마산회원구 양덕서9길 63 (양덕동)","건강한약국","055-603-7578","1830","0800","1830","0800","1830","0800","1830","0800","1830","0800","1400","0800","1400","0800","C2801940","513","22","1215","35.224673235","128.5794013619"
"전북특별자치도 군산시 서수송2길 34 (나운동)","수송 코아루아파트정문 맞은편","건강한약국","063-467-3783","2030","0930","2030","0930","2030","0930","2030","0930","2030","0930","2000","0930","C2500668","541","37","1216","35.96556294873236","126.7094176392827"
"울산광역시 남구 북부순환도로 23 (무거동)","하이마트 1층","건강한약국","052-223-8415","1830","0900","1830","0900","1830","0900","1830","0900","1830","0900","1330","0900","1200","0900","C1700027","446","29","1217","35.552058826331795","129.2663080014854"
"울산광역시 동구 대학길 33(화정동)","과학대정문경남은행,현대증권맞은편","건강한약국","052-235-4298","1900","0900","1900","0900","1900","0900","1900","0900","1900","0900","1300","0900","1300","0900","C1700139","440","70","1218","35.498755555555555","129.419716666666659"
"광주광역시 남구 효우로 79 (노대동)","공휴일 전화 연락 후 방문 요함","진월지구 내 남양휴튼앞","건강한약국","062-675-1185","1900","0900","1900","0900","1900","0900","1900","0900","1900","0900","1400","0900","1200","0900","C1500295","617","46","1219","35.10652492350496","126.90462458734933"
"대전광역시 중구 보문로 160-1, 1층 (대사동)","건강한약국","042-221-0333","2030","0840","2030","0840","2030","0840","2030","0840","2030","0840","2000","0840","C1600578","349","37","1220","36.31756080326465","127.42623039616608"
"경상북도 칠곡군 북삼읍 금오대로 255, 1층","건강한약국","0549732725","1830","0900","1830","0900","1830","0900","1830","0900","1830","0900","1600","0900","C2701397","398","10","1221","36.06844829974427","128.34607529929102"
"제주특별자치도 제주시 서사로 155 (삼도일동)","한라일보 앞","건강한약국","064-722-2004","1800","0800","1800","0800","1800","0800","1800","0800","1800","0800","1200","0800","1200","0800","C2900004","631","86","1222","33.49845299394925","126.52004110753887"
"광주광역시 동구 양림로119번길 21-1, 1층 (학동)","건강한약국","062-227-0781","1730","0800","1730","0800","1230","0800","1730","0800","1730","0800","1230","0800","C1500525","614","89","1223","35.14141848095297","126.91947607584945"
"전라남도 나주시 다시면 다시로 182","다시농협 맞은 편(하나로마트 앞)","건강한약국","061-335-7559","1800","0900","1800","0900","1800","0900","1800","0900","1800","0900","1230","0900","C2600581","582","03","1224","35.01719949831953","126.63710168306872"
"전북특별자치도 전주시 완산구 소대배기로 5","우미아파트건너편 성가신협건물","건강한약국","063-229-2227","1800","0900","1800","0900","1800","0900","1230","0900","1800","0900","1230","0900","C2500095","551","23","1225","35.78766151541741","127.13100431101057"
"전북특별자치도 김제시 도작로 114, (검산동)","신정은 휴무입니다.","부영1차 아파트 건너편","건강한약국","063-543-7571","1900","0840","1900","0840","1900","0840","1900","0840","1900","0840","1500","0840","1300","0840","C2500162","543","76","1226","35.804586111111114","126.899752777777778"
"전북특별자치도 전주시 덕진구 세병로 21, 상가B119호 (송천동2가, 포레나 전주에코시티)","월용일 정기휴일이지만 법정공휴일경우 운영함","한약국","건강한약국","063-255-8765","2100","1000","2100","1000","2100","1000","2100","1000","2100","1000","2100","1000","2100","1000","C2501392","551","48","1227","35.8670632821788","127.120905781093"
"경기도 성남시 분당구 황새울로311번길 14, 101 (서현동,리더스빌딩)","건강한약국","031-705-1181","1930","0830","1930","0830","2030","0830","1930","0830","1930","0830","1430","0830","C2104007","135","90","1228","37.38549866834609","127.11962923539083"
"대전광역시 유성구 구즉로 46, 1층 (송강동)","건강한약국","042-936-7533","2100","0900","2100","0900","2100","0900","2100","0900","2100","0900","1700","0900","1700","0900","C1600292","340","09","1229","36.43322576346613","127.38479096396294"
"경기도 의정부시 추동로 9","의정부시신곡동동오마을휴먼시티3층","건강한약국","031-848-7085","1800","0900","1800","0900","1800","0900","1800","0900","1800","0900","1300","0900","1300","0900","C2102281","117","40","1230","37.74296359578433","127.05705669835223"
"경기도 고양시 일산서구 일산로 526, 1층 (일산동, 진송빌딩)","공휴일 유동적 운영","건강한약국","031-916-8645","2200","0900","2200","0900","2200","0900","2200","0900","2200","0900","2200","0900","1300","0900","C2102421","103","74","1231","37.67728736363002","126.76958381906706"
"서울특별시 용산구 효창원로93길 2, (청파동2가)","청파초등학교정류장앞","건강한약국","02-3273-0750","2000","0900","2000","0900","2000","0900","2000","0900","2000","0900","1500","0900","C1102917","043","11","1232","37.5485414489808","126.963307490636"
"인천광역시 부평구 동암남로 4 (십정동)","건강한약국","032-427-8238","0930","0900","0930","0900","0930","0900","0930","0900","0930","0900","2000","0900","C1401446","214","39","1233","37.470890478615296","126.70375732066097"
"경기도 안성시 장기로 9, S TOWER (석정동)","건강한약국","031-671-2627","1800","0900","1800","0900","1800","0900","1800","0900","1800","0900","1300","0900","C2108997","175","81","1234","37.007756372424","127.26592154066"
"경기도 안산시 단원구 원곡1로 49, 1층 (원곡동)","건강한약국","031-493-6211","1800","0900","1800","0900","1800","0900","1800","0900","1800","0900","C2108865","153","79","1235","37.3304890011447","126.795365297758"
"서울특별시 영등포구 문래로 84, 상가동 104호 (문래동3가, 문래힐스테이트)","건강한오늘약국","050-71470-1483","1800","0930","1800","0930","1800","0930","1800","0930","1800","0930","1300","1000","C1110513","072","95","1236","37.5194379130898","126.891250285838"
"대구광역시 동구 동화천로 390, GH메디컬타워 105호 (지묘동)","건강한온누리약국","053-217-0660","1900","0830","1900","0830","1900","0830","1900","0830","1900","0830","1400","0830","1300","0900","C1301627","410","03","1237","35.942815068901695","128.63018766727876"
"부산광역시 중구 대청로 70-1 (부평동1가)","버스정류장: 대청사거리","건강한온누리약국","051-242-1089","2000","0900","2000","0900","2000","0900","2000","0900","2000","0900","1500","0900","C1202459","489","78","1238","35.1028430394","129.0275870044"
"부산광역시 해운대구 해운대로61번길 106 (반여동)","중구 공영주차장(용두산) 건너편","건강한온누리약국","051-784-0112","2000","0900","2000","0900","2000","0900","2000","0900","2000","0900","1500","0900","C1200542","480","51","1239","35.10283203679772","129.0276044106636"
"경기도 화성시 봉담읍 삼천병마로 621, 101호","팔탄삼거리 입구","건강한온누리약국","070-8874-4703","2130","0900","2130","0900","2130","0900","2130","0900","2130","0900","1930","0900","2230","1400","C2103916","183","36","1240","37.16430122454981","126.93165929189361"
"경상남도 창원시 마산회원구 양덕로 190 (석전동)","건강한온누리약국","055-295-2268","1800","0900","1800","0900","1800","0900","1800","0900","1800","0900","1600","0900","1300","0900","1300","0900","C2801850","513","15","1241","35.23427443980943","128.58040911481575"
"서울특별시 강서구 가로공원로82길 41-8, 1층 (화곡동)","화곡보건분소앞","건강한온누리약국","02-2606-0012","2030","0930","2030","0930","2030","0930","2030","0930","2030","0930","1930","0930","C1103192","077","65","1242","37.5356340841753","126.840844386208"
"경기도 수원시 영통구 중부대로 266-1, 1층 101호 (매탄동)","건강한온누리약국","031-000-0000","1800","0900","1800","0900","1800","0900","1800","0900","1800","0900","1300","0900","C2110112","165","31","1243","37.2741670782895","127.044860776143"
"경상남도 김해시 두곡로 15, 상가동 지하1층 B108호 (삼계동, 삼계 한라비발디 센텀시티)","건강한우리약국","055-312-8123","2100","0900","2100","0900","2100","0900","2100","0900","2100","0900","2100","0900","2000","1400","2100","0900","C2802250","508","30","1244","35.2722842937178","128.865974236888"
"부산광역시 동구 고관로 155-3, 155-2 (좌천동)","건강한우리약국","051-636-7006","C1203057","487","73","1245","35.1313078083379","129.050117585906"
"경기도 광주시 초월읍 산수로 568, A동","건강한우리약국","031-798-2888","C2109058","127","29","1246","37.4111825987846","127.306289093066"
"충청남도 천안시 서북구 불당23로 70, 정우프라자 117호 (불당동)","건강한이야기가있는다나약국","041-417-5040","1830","0900","1830","0900","1830","0900","1830","0900","1830","0900","1500","0900","C2401610","311","56","1247","36.8176271324623","127.108802446265"
"광주광역시 서구 월드컵4강로 30, 1층 (화정동)","현대아파트 근처 파리바게트 옆","건강한행복약국","062-366-7175","1800","0830","1800","0830","1230","0830","1800","0830","1800","0830","1300","0830","C1500475","620","42","1248","35.13992871926195","126.87641087909742"
"인천광역시 미추홀구 인주대로132번길 12, 1층 (용현동)","건강효약국","032-881-5050","1800","0900","1800","0900","1800","0900","1800","0900","1800","0900","C1401763","221","83","1249","37.455833552304405","126.65170862535598"
"인천광역시 서구 완정로 153, 이레메디칼센타 101호 (왕길동)","건강희망약국","032-568-1589","2010","0830","1900","0830","1700","0830","1900","0830","1900","0830","1430","0830","C1401589","226","36","1250","37.6013690177","126.6588223558"
"서울특별시 성동구 아차산로 92, 광명타워 1층 (성수동2가)","건국약국","02-549-5011","2000","0900","2000","0900","2000","0900","2000","0900","2000","0900","1800","0900","1800","1300","C1107545","047","82","1251","37.5447523880259","127.054242462371"
"경상남도 양산시 물금읍 화합1길 9, 정문약국 1층 (물금읍)","건널목약국","055-386-4288","1830","0900","1830","0900","1830","0900","1830","0900","1830","0900","C2802087","506","10","1252","35.32948456988864","129.0079635402824"
"서울특별시 광진구 능동로13길 11, 1층 일부호 (화양동)","건대365알찬약국","02-2138-1921","2400","0900","2400","0900","2400","0900","2400","0900","2400","0900","2400","0900","2400","0900","2400","0900","C1110677","050","17","1253","37.5426534234189","127.071049741936"
"서울특별시 광진구 능동로 123, 1층 103호 (화양동)","건대365약국","02-466-5111","2300","1000","2300","1000","2300","1000","2300","1000","2300","1000","2300","1100","2300","1100","2300","1100","C1110579","050","17","1254","37.5420273403857","127.071313020717"
"서울특별시 광진구 광나루로 410, 105호 (화양동, KCC파크타운)","어린이대공원역 3번 출구","건대가온약국","02-453-4669","2300","0900","2300","0900","2300","0900","2300","0900","2300","0900","2300","0900","2300","0900","2300","0900","C1107781","050","21","1255","37.5465622772815","127.075047996201"
"서울특별시 광진구 능동로 지하110, 7호선 건대입구역 지하2층 204호 (화양동)","건대바른약국","02-456-2393","2100","0830","2100","0830","2100","0830","2100","0830","2100","0830","2000","0830","2000","0800","C1109954","050","30","1256","37.5408416053893","127.07104643853"
"서울특별시 광진구 아차산로 218 (자양동)","건대역약국","02-497-4337","2130","0900","2130","0900","2130","0900","2130","0900","2130","0900","2130","0900","2130","0900","C1102919","050","72","1257","37.5407827470696","127.067396804898"
"서울특별시 광진구 능동로 110, 스타시티영존 지하2층 B203-1,204호 (화양동)","주말 12:30~13:30 휴게시간","건대온누리약국","02-457-7999","2100","0830","2100","0830","2100","0830","2100","0830","2100","0830","1400","0900","1830","1100","C1108413","050","30","1258","37.54051568187446","127.07139814130043"
"서울특별시 광진구 아차산로 229, 한림타워 202호 (화양동)","건대입구역1번출구약국","02-6951-2509","2130","0900","2130","0900","2130","0900","2130","0900","2130","0900","2130","0900","C1110619","050","18","1259","37.540809126931","127.068990676571"
"서울특별시 광진구 능동로 지하110, 7호선 건대입구역 지하2층 201호 (화양동)","건대지하철약국","02-461-1401","1830","0800","1830","0800","1830","0800","1830","0800","1830","0800","1300","0830","C1102920","050","30","1260","37.5408416053893","127.07104643853"
"대구광역시 달서구 월성로 20 (월성동)","건도약국","053-634-2787","1900","0900","1900","0900","1900","0900","1900","0900","1900","0900","1300","0900","1300","0900","C1300071","427","28","1261","35.83154474987084","128.53313973027858"
"서울특별시 중랑구 면목로 421","면목역3번출구 롯데리아쪽100M","건명약국","02-435-3900","2100","0900","2500","0900","2100","0900","2500","0900","1800","0900","2500","0900","C1103441","021","46","1262","37.5896465780784","127.087051201678"
"서울특별시 노원구 동일로191길 23, 1층 (공릉동)","공릉역3번출구20M","건민약국","02-975-1254","1900","0800","1900","0800","1900","0800","1900","0800","1900","0800","1300","0830","C1103548","018","57","1263","37.6249026684014","127.071769789913"
"충청남도 천안시 동남구 충무로 488","하이마트 앞","건민약국","041-553-6186","2000","0900","2000","0900","2000","0900","2000","0900","2000","0900","1700","0900","C2400744","311","92","1264","36.798469047186906","127.15957766769205"
"경상남도 창원시 마산회원구 북성로 116","한효프라자옆","건민약국","055-248-2245","1930","0900","1930","0900","1930","0900","1930","0900","1930","0900","1900","0900","C2801057","512","96","1265","35.21737587012231","128.57067226861722"
"경기도 부천시 오정구 지양로158번길 5 (고강동)","오정구고강동557-12","건민약국","032-671-2118","2000","0900","2000","0900","2000","0900","2000","0900","2000","0900","1730","1000","C2100169","144","69","1266","37.523396250735395","126.82499582982041"
"충청남도 공주시 유구읍 중앙1길 55-1","일요일 점심시간이후는 상황에따라 미운영하거나 18시나 20시까지 운영합니다. 다만 점심시간이 2~4시간 걸릴수 있습니다.","서울신경외과 맞은편","건생약국","041-841-0588","2000","0840","2000","0840","2000","0840","2000","0840","2000","0840","1600","0840","1300","0910","1500","0900","C2400185","325","06","1267","36.54976524298403","126.95056167182991"
"충청남도 당진시 순성면 순성로 501,","농협 아래","건세약국","041-352-9189","1930","0830","1930","0830","1930","0830","1930","0830","1930","0830","1600","0830","C2400700","317","57","1268","36.843066666666665","126.714094444444441"
"전북특별자치도 남원시 용성로 100 (죽항동)","고려정형외과건물내1층","건승약국","063-626-6777","1800","0830","1800","0830","1800","0830","1800","0830","1800","0830","1300","0830","C2500204","557","72","1269","35.40906355940796","127.38741845246011"
"전라남도 목포시 해안로163번길 36-1, (금화동)","선창 송광아파트 후문","건승약국","061-243-2811","2000","0900","2000","0900","2000","0900","2000","0900","2000","0900","1700","0900","C2600463","587","58","1270","34.78156732642913","126.37899326081708"
"경기도 평택시 평택4로 41, 1층 (합정동)","건약국","031-652-9456","1800","1000","1800","1000","1800","1000","1800","1000","1800","1000","C2108405","179","07","1271","36.9917632402923","127.100378915172"
"대구광역시 달서구 상원로 128 (상인동)","상인동국민은행월배지점1층","건약국","053-637-6388","1900","0900","1900","0900","1900","0900","1900","0900","1900","0900","1400","0900","C1300945","704","808","1272","35.81981401721709","128.5306969961526"
"강원특별자치도 원주시 지정면 신지정로 216, 1층 102호","주말 홀수주에만 운영 일 13:00~21:00","건약국","033-748-9520","2100","0900","2100","0900","2100","0900","2100","0900","2100","0900","2100","1300","C2201119","263","53","1273","37.3750286874841","127.87306822704001"
"경상북도 경산시 압량읍 대학로 388, 1층 104호","건약국","053-638-5534","1900","0900","1900","0900","1900","0900","1900","0900","1900","0900","1330","0900","C2701628","385","36","1274","35.8421605947829","128.762588818874"
"대전광역시 서구 관저동로 164, 1층 (관저동)","건양강남약국","042-541-6348","1900","0830","1800","0830","1800","0830","1800","0830","1800","0830","C1601437","353","65","1275","36.3068875567725","127.341140419627"
"대전광역시 서구 관저동로 162, 건양프라자 108호, 205호 (관저동)","토요일 격주 휴무- 토요일 방문시 전화 문의후 방문해 주세요. 주변약국은 저희휴무일에 번갈아서 영업중이라 약 구입할수 있습니다.","대전 건양대학교병원 앞에 위치한 약국입니다.","건양대병원 응급실 앞에 위치","건양건강약국","042-543-5243","1900","0830","1800","0830","1800","0830","1800","0830","1800","0830","1330","0830","C1600566","353","65","1276","36.3068887321","127.3411390886"
"대전광역시 서구 관저동로 162, 109, 206호 (관저동, 건양프라자)","토요일 격주 근무 (08:30~13:00)","건양행복약국","042-541-6331","1800","0830","1800","0830","1800","0830","1800","0830","1800","0830","C1601180","353","65","1277","36.3065678897","127.3411465985"
"울산광역시 북구 가재길 87, 1층 (천곡동)","달천아이파크1단지후문농협옆","건우약국","052-293-2324","1930","0900","1930","0900","1930","0900","1930","0900","1930","0900","1400","0900","C1700295","442","02","1278","35.63421629354958","129.33240075552706"
"경기도 의정부시 호동로 52, 101호 (호원동, 가든아파트상가)","건우약국","031-829-9120","2100","0900","2100","0900","2100","0900","2100","0900","2100","0900","1600","0900","2400","0900","C2102957","116","31","1279","37.7290082761658","127.04205904446559"
"경기도 안양시 동안구 인덕원로24번길 56 (관양동)","건인약국","031-423-1185","2230","1000","2230","1000","2230","1000","2230","1000","2230","1000","2230","1000","C2101060","139","51","1280","37.399836111111114","126.975111111111104"
"경기도 동두천시 동광로 55 (생연동)","일요일, 공휴일 전화 확인 후 방문","건일약국","031-865-2568","2130","0830","2130","0830","2130","0830","2130","0830","2130","0830","2130","0830","2130","0830","2130","0830","C2102634","113","26","1281","37.90874329570031","127.05440910780362"
"대구광역시 북구 연암로 170, 1층 (산격동)","상인e편한세상아파트상가","건중약국","053-656-4207","1900","0900","1900","0900","1900","0900","1900","0900","1900","0900","1400","0900","C1300575","415","33","1282","35.82133722371309","128.53421381180016"
"충청남도 서천군 한산면 한산모시길 30","한산버스터미널 옆","건지약국","041-951-7779","1800","0800","1800","0800","1800","0800","1800","0800","1800","0800","1300","0800","C2400158","336","24","1283","36.08432334433972","126.80331587545702"
"인천광역시 서구 신진말로 30, 1층 (가좌동, 쌍용체육관)","건지약국","032-571-7572","1400","0900","1400","0900","1400","0900","1400","0900","1400","0900","1300","0900","C1401655","228","17","1284","37.4929926627","126.6790051871"
"경상북도 경주시 건천읍 내서로 1116","건천사거리","건천제일약국","054-751-7080","1930","0830","1930","0830","1930","0830","1930","0830","1930","0830","1500","0830","C2700266","381","78","1285","35.84937594240976","129.1032985044934"
"광주광역시 동구 동계로 61, 1층 103호 (계림동)","건행약국","062-234-8418","1900","0830","1900","0830","1800","0830","1900","0830","1900","0830","1330","0830","C1501364","614","14","1286","35.1571777249577","126.923434426267"
"대구광역시 달서구 두류공원로28길 26, 1층 (성당동)","건행약국","053-284-6543","1830","0930","1730","0930","1730","0930","1730","0930","1730","0930","1330","0930","C1301047","426","70","1287","35.848346059128936","128.56765302089548"
"서울특별시 송파구 강동대로 59-3, (강동대로 59) (풍납동)","걸어서가까운크게열린약국","02-482-7579","1830","0900","1830","0900","1830","0900","1830","0900","1830","0900","C1106988","055","37","1288","37.52732079405472","127.11408396075241"
"경기도 김포시 걸포2로 21, 110호 (걸포동)","걸포솔약국","031-988-7750","1800","0900","1800","0900","1800","0900","1800","0900","1800","0900","C2108577","100","99","1289","37.6324950147702","126.704889026248"
"인천광역시 서구 완정로178번길 1, 검단빌딩 102호 (마전동)","검단365약국","032-561-7890","2100","0900","2100","0900","2100","0900","2100","0900","2100","0900","1900","1000","C1401920","226","17","1290","37.6027394864422","126.656733078849"
"인천광역시 서구 서곶로 754 (당하동)","이마트 휴일과 같이 쉽니다. (공휴일 사전 문의)","검단이마트내","검단마트약국","032-564-7588","2130","1000","2130","1000","2130","1000","2130","1000","2130","1000","2130","1000","C1400796","226","86","1291","37.585801309469616","126.67724618956971"
"인천광역시 서구 검단로 469, 101호 (왕길동)","검단사거리 미래안산부인과건물1층","검단미래안약국","032-566-9037","2100","0900","2100","0900","2100","0900","2100","0900","2100","0900","2100","0900","2100","0900","2100","0900","C1400592","226","16","1292","37.60193186162048","126.656554941832"
"인천광역시 서구 원당대로 1039, 태경타워 105,106호 (원당동)","검단보령약국","032-565-0022","1800","1000","1800","1000","1800","1000","1800","1000","1800","1000","C1402020","228","65","1293","37.5938189178642","126.716345229732"
"인천광역시 서구 이음3로 149, 위너스프라자 104호 (당하동)","13:00~14:00 점심시간","검단센트럴약국","070-4848-4866","2000","0800","2000","0800","2000","0800","2000","0800","2000","0800","1500","0800","1400","0900","C1402042","228","69","1294","37.5888729342755","126.708431103786"
"인천광역시 서구 이음대로 378, 로뎀타워 1층 109~111호 (원당동)","검단아라태평양약국","032-561-7766","2200","0830","2200","0830","2200","0830","2200","0830","2200","0830","1300","0900","2200","0900","1300","0900","C1401940","228","66","1295","37.5939192277609","126.712595876122"
"대구광역시 북구 검단로 255, 상가2동 1층 102호 (검단동, 민들레아파트)","검단약국","053-381-9275","1830","0900","1830","0900","1830","0900","1830","0900","1830","0900","1600","0900","C1300855","415","11","1296","35.913370181070896","128.62679136366242"
"인천광역시 서구 완정로 18, 한윤메디칼 104호 (마전동)","완정삼거리롯데리아옆","검단온누리약국","032-564-8894","1500","0900","1500","0900","1500","0900","1500","0900","1500","0900","1530","0900","C1400528","226","42","1297","37.59511077710201","126.67215145150669"
"인천광역시 서구 완정로 197","검단사거리강화방향200m온누리병원정문옆","검단제일약국","032-564-1588","1830","0830","1830","0830","1830","0830","1830","0830","1830","0830","1330","0830","C1400111","226","16","1298","37.60272240212427","126.65459233477254"
"인천광역시 서구 이음5로 60, JS프라자 117, 118호 (원당동)","검단종로약국","032-565-8855","1800","1000","1800","1000","1800","1000","1800","1000","1800","1000","C1401908","228","65","1299","37.5943058722396","126.714464412559"
"인천광역시 서구 동화시로 112, 104,105호 (불로동)","검단중앙약국","032-564-5250","2000","0900","2000","0900","2000","0900","2000","0900","2000","0900","2000","0900","1800","0900","1800","0900","C1402183","228","87","1300","37.6095766388648","126.698037871291"
"인천광역시 서구 이음대로 388, ABM타워 112,113호 (원당동)","검단참사랑약국","032-563-1407","2100","0900","2100","0900","2100","0900","2100","0900","2100","0900","1500","0900","C1402087","228","66","1301","37.5931091949156","126.712688895957"
"인천광역시 서구 청마로19번길 20","검단탑병원 인근","검단튼튼약국","032-569-7535","1600","0900","1600","0900","1600","0900","1600","0900","1600","0900","1600","0900","C1401427","226","75","1302","37.592084803388204","126.67266501147466"
"부산광역시 동래구 충렬대로 385, 1층 (안락동)","겸애약국","0518668020","1800","0900","1800","0900","1800","0900","1800","0900","1800","0900","1300","0900","C1203018","477","97","1303","35.1973795247618","129.100733058484"
"경기도 광주시 고불로 58 (중대동)","경기약국","031-765-8562","2300","0630","2300","0630","2300","0630","2300","0630","2300","0630","2300","0630","2300","0630","C2100821","127","68","1304","37.39313344846789","127.23152863518325"
"경기도 이천시 영창로 189, 1층 104호 (창전동)","경기약국","031-637-0095","1300","0900","1300","0900","1300","0900","1300","0900","1300","0900","1400","0900","C2106741","173","64","1305","37.28150195935139","127.44367167592811"
"인천광역시 중구 답동로30번길 3 (경동)","기독교병원 앞","경기약국","032-763-3055","1900","0830","1900","0830","1900","0830","1900","0830","1900","0830","1700","0830","C1400226","223","20","1306","37.471536879710385","126.63169445524033"
"경기도 수원시 권선구 정조로526번길 7, 101호 (세류동)","세류사거리매교동방향100m","경기약국","031-232-2077","1800","0900","1800","0900","1800","0900","1800","0900","1800","0900","1300","0900","C2104390","165","78","1307","37.25597922893957","127.01102440957076"
"경기도 화성시 남양읍 남양시장로 81 (남양읍)","한일마트맞은편","경기약국","031-356-6152","2100","0830","2100","0830","2100","0830","2100","0830","2100","0830","1700","0830","C2101048","182","58","1308","37.20991353608223","126.8182104438786"
"경기도 평택시 중앙로 21-1, (통복동)","경기약국","031-655-5466","2000","0900","2000","0900","2000","0900","2000","0900","2000","0900","1400","0900","C2101010","178","94","1309","36.99526753434257","127.0857856904502"
"경기도 오산시 오산로 302","경기약국","031-375-6165","0900","0830","0900","0830","0900","0830","0900","0830","0900","0830","0900","0830","C2103937","181","36","1310","37.15394060489965","127.0688166749345"
"전북특별자치도 전주시 완산구 팔달로 252, (서노송동)","코아백화점옆, 중앙시장 중앙성당 맞은편","경기약국","063-285-3984","1900","0800","1900","0800","1900","0800","1900","0800","1900","0800","1700","0800","C2500801","549","95","1311","35.824652777777779","127.144675000000007"
"경기도 용인시 처인구 금령로 3-1, 1층 (김량장동)","토요일, 일요일, 공휴일 방문 전 전화확인 필요","경기약국","031-335-2724","2000","0800","2000","0800","2000","0800","2000","0800","2000","0800","C2101478","170","48","1312","37.23586378242202","127.19810762476203"
"경기도 평택시 중앙시장로19번길 17 (신장동)","경기약국","031-666-8549","2100","1700","2100","1700","2100","1700","2100","1700","2100","1700","2200","1000","C2100873","177","58","1313","37.08088579322009","127.05203038935723"
"경기도 수원시 영통구 중부대로246번길 51, 3층 (매탄동)","경기유명약국","031-000-0000","1800","0900","1800","0900","1800","0900","1800","0900","1800","0900","1300","0900","C2110007","165","31","1314","37.2727146314901","127.04182347753"
"경기도 부천시 원미구 길주로 86, 101,102호 (상동, 해피플러스)","경기프라자약국","032-327-9075","2100","0900","2100","0900","2100","0900","2100","0900","2100","0900","2100","0900","1400","0900","C2100289","145","44","1315","37.50524538233203","126.75194566535553"
"인천광역시 계양구 아나지로417번길 20 (작전동)","작전서운동 현대2차아파트 정문","경기프라자약국","032-542-8462","2100","0900","2100","0900","2100","0900","2100","0900","2100","0900","1800","0900","C1400694","211","26","1316","37.52753828174143","126.73886504694744"
"서울특별시 양천구 목동서로 38, 상가A동 107호, 113호 (목동, 목동신시가지아파트1단지)","월촌중학교맞은편 목동A 1단지상가107호","경남약국","02-2647-3012","2030","0900","2030","0900","2030","0900","2030","0900","2030","0900","2000","0900","C1103720","079","80","1317","37.53789617995656","126.88123545416785"
"부산광역시 해운대구 해운대해변로 83","버스정류장: 경남마리나아파트 상가","경남약국","051-742-6494","1830","0900","1830","0900","1830","0900","1830","0900","1830","0900","1330","0930","1330","0930","C1200500","480","91","1318","35.1615731667602","129.14245106213934"
"부산광역시 사상구 사상로 194, 괘법동 메디컬센터 1층 (괘법동)","사상터미널 건너편 김해경전철, 2호선 사상역 4번 출구","경남약국","051-325-3355","2300","0800","2300","0800","2300","0800","2300","0800","2300","0800","2300","0800","C1200363","469","68","1319"
"경상남도 창원시 의창구 창이대로309번길 7 (봉곡동, 중앙빌딩)","경남약국","055-237-2474","2200","0900","2200","0900","2200","0900","2200","0900","2200","0900","2200","0900","C2802447","511","47","1320","35.2467319071105","128.670847759062"
"경상남도 거제시 옥포로 227 (옥포동)","옥포 세종의원 아래","경남약국","055-687-5587","1930","0900","1930","0900","1930","0900","1930","0900","1930","0900","1400","0900","C2800645","532","23","1321","34.895139232824526","128.69051148052682"
"경상남도 창원시 마산합포구 합포로 26-1 (남성동)","주말,공휴일 전화 확인 요망","어시장 근처","경남약국","055-248-7171","2000","0630","2000","0630","2000","0630","2000","0630","2000","0630","2000","0630","2000","0700","C2800863","517","21","1322","35.20292645203865","128.5751815228185"
"울산광역시 동구 월봉로 14, (화정동)","대하크리스탈아파트 사거리 CU편의점 맞은편","경남약국","052-233-9930","1900","0900","1900","0900","1900","0900","1900","0900","1900","0900","1300","0900","C1700019","440","79","1323","35.495233333333331","129.420130555555545"
"대전광역시 중구 계백로 1592 (유천동)","경남약국","042-586-7737","1830","0900","1830","0900","1830","0900","1830","0900","1830","0900","1500","0900","C1600104","349","73","1324","36.318061104466146","127.39703094321877"
"경상남도 사천시 중앙로 44-1 (선구동)","토요일은 사전연락 후 방문요망","봉곡시장","경남약국","055-832-3925","2200","0900","2200","0900","2200","0900","2200","0900","2200","0900","2200","0900","C2800121","525","68","1325","35.24675268794295","128.6708536312573"
"경상남도 창녕군 창녕읍 옥만길 10","창녕상설시장 부근","경남약국","055-533-4070","1800","0900","1800","0900","1800","0900","1800","0900","2000","0900","1500","0900","2000","0900","C2800853","503","25","1326","35.540873073688864","128.49757980486848"
"경기도 오산시 수목원로 600, 101호 (세교동)","경담온누리약국","0313777893","1900","0900","1900","0900","1900","0900","1900","0900","1900","0900","1400","0900","C2110200","181","06","1327","37.1850592947946","127.042576373883"
"경상남도 진주시 진주대로816번길 18, 1층 (주약동)","경대약국","055-755-2020","1900","0900","1900","0900","1900","0900","1900","0900","1900","0900","C2802105","527","28","1328","35.1740259583963","128.095496384478"
"대구광역시 중구 동덕로30길 37-1 (동인동2가)","경대약국","053-424-3848","1830","0900","1830","0900","1830","0900","1830","0900","1830","0900","C1301355","419","44","1329","35.86713736993055","128.60587835798404"
"부산광역시 남구 수영로 311, 1층 (대연동)","365일 연중무휴, 설날 추석 공휴일에도 아침 10시부터 밤 10시까지 운영합니다.","경성대 정문, 경성대 부경대역 4번 출구 바로 앞에 있습니다. 365일 연중무휴, 설날 추석 공휴일에도 아침 10시부터 밤 10시까지 운영합니다. 부담없이 방문하시면 항상 친절히 상담해 드리겠습니다.^^ 감사합니다.","경대정문약국","0516288858","2200","1000","2200","1000","2200","1000","2200","1000","2200","1000","2200","1000","2200","1000","2200","1000","C1202940","484","34","1330","35.1375557576659","129.099901790723"
"인천광역시 남동구 호구포로535번길 48-2 (남촌동, 1층일부)","남촌농협맞은편","경도약국","032-467-7976","1300","0900","1300","0900","1300","0900","1300","0900","1300","0900","1300","0900","C1400573","216","26","1331","37.43003745035049","126.71561886862012"
"경기도 안산시 상록구 예술광장1로 126, 208호 (성포동, 경동프라자)","성포동선경아파트정문쪽/경동프라자 208호","경동메디칼약국","031-487-1688","1830","0930","1830","0930","1830","0930","1830","0930","1830","0930","1500","0930","C2101244","152","91","1332","37.32692642364757","126.844017111965"
"경상북도 상주시 상산로 251 (남성동)","풍물시장 입구 알리안츠생명 맞은편 공용주차장 건너편","경동메디칼약국","054-534-6055","2100","0750","2100","0750","2100","0750","2100","0750","2100","0750","2100","0750","2100","0750","2100","0750","C2700647","371","98","1333","36.41332495802701","128.15933884936064"
"경상북도 경주시 봉황로 63-1, (서부동)","경주동산병원옆","경동약국","054-776-3015","1800","0900","1800","0900","1800","0900","1800","0900","1800","0900","1300","0900","C2700044","381","44","1334","35.845216666666666","129.209886111111103"
"인천광역시 남동구 구월로 376","하이웨이주유소 건너편. BYC 건물 옆.","경동약국","032-465-1373","1400","0900","1400","0900","1400","0900","1400","0900","1400","0900","1700","0900","C1400690","215","39","1335","37.45474492784118","126.73247872965383"
"부산광역시 해운대구 세실로 43","경동코아3층403호","경동약국","051-702-0801","1830","0900","1830","0900","1830","0900","1830","0900","1830","0900","1500","0900","C1201295","481","11","1336","35.16877044427913","129.1784946954399"
"경상북도 영천시 금호읍 금호로 80-1 (경동약국)","금호시외버스터미널옆","경동약국","054-337-8760","1800","0900","1800","0900","1800","0900","1800","0900","1800","0900","1300","0900","C2700889","388","81","1337","35.9306625214579","128.87057647517423"
"강원특별자치도 양구군 양구읍 사명길 32","양구시장 입구 오일장 입구","경동약국","033-481-2732","2000","0900","2000","0900","2000","0900","2000","0900","2000","0900","1300","0900","C2200220","245","36","1338","38.10369214746726","127.98844639133947"
"인천광역시 연수구 새말로 150, 2층 201호 (연수동, 주공3차아파트상가동)","경동한약국","032-815-0023","1900","1000","1900","1000","1900","1000","1900","1000","1900","1000","1600","1000","C1401739","219","28","1339","37.41633707150901","126.68521575220655"
"대구광역시 서구 달서천로49길 15 (비산동)","북부정류장건너200m","경명약국","053-355-7255","2100","0900","2100","0900","2100","0900","2100","0900","2100","0900","2100","0900","2100","0900","2100","0900","C1300101","417","24","1340","35.88489117485476","128.55987474439905"
"서울특별시 영등포구 선유서로25길 5-1, (양평동2가)","토요일 운영시간 변동가능하니 방문 전 연락 바랍니다.","경명약국","02-2634-1046","1700","0900","1700","0900","1700","0900","1700","0900","1700","0900","1700","0900","C1102085","072","75","1341","37.524355516427","126.885181613674"
"경기도 수원시 팔달구 효원로 278, 305호 (인계동)","경민약국","031-222-0919","1800","0900","1800","0900","1800","0900","1800","0900","1800","0900","1300","0900","C2109833","164","91","1342","37.2610199796381","127.03244509152"
"서울특별시 양천구 신월로10길 16 (신월동, 삼성아파트)","경민약국","02-2603-2133","2130","0900","2130","0900","2130","0900","2130","0900","2130","0900","2130","0900","2130","1200","C1103661","080","65","1343","37.5158547512444","126.840701686768"
"인천광역시 부평구 원적로416번길 20, 한신산곡상가동 101호 (산곡동, 부평산곡한신아파트)","산곡동 롯데바트 건너편 시장안, 금보약국 건너편, 산곡의원 맞은편","경민약국","032-516-5954","1930","0930","1930","0930","1930","0930","1930","0930","1930","0930","1600","0930","C1400880","213","77","1344","37.505597067950724","126.70097760055019"
"경기도 성남시 분당구 돌마로 52, MD프라자 1층 106호 (구미동)","경민약국","031-717-1090","1800","0900","1800","0900","1800","0900","1800","0900","1800","0900","1300","0900","C2108644","136","30","1345","37.3496809825845","127.107750226269"
"대전광역시 서구 둔산로 67","시청과둔산갤러리아백화점사이","경보약국","042-484-8520","1900","0900","1900","0900","1900","0900","1900","0900","1900","0900","1230","0900","C1600427","352","33","1346","36.351570840658255","127.38128737255931"
"대구광역시 달성군 화원읍 비슬로 2545 (화원이진캐스빌)","경북대한약국","053-213-8555","2000","1000","2000","1000","2000","1000","2000","1000","2000","1000","1800","1000","C1301563","429","47","1347","35.80391537454289","128.49502994544304"
"대구광역시 중구 국채보상로140길 40, 1,2층 (동인동2가)","경북메디컬약국","053-423-4868","1800","0900","1800","0900","1800","0900","1800","0900","1800","0900","C1301931","419","44","1348","35.8670020223782","128.606039809595"
"경상북도 안동시 경북대로 171 (수상동)","경북약국","054-852-2589","1800","0830","1800","0830","1800","0830","1800","0830","1800","0830","1400","0830","C2700293","760","410","1349","36.547290822","128.7014924122"
"대구광역시 군위군 군위읍 중앙길 89,","대구약국 길건너편","경북약국","054-383-1201","2000","0800","2000","0800","2000","0800","2000","0800","2000","0800","1700","0800","C2700121","390","15","1350","36.2362895148","128.5663998308"
"경상북도 포항시 북구 기계면 기계로 48-1 (기계면)","경북약국","054-251-0078","1900","0830","1900","0830","1900","0830","1900","0830","1900","0830","1330","0830","C2700824","375","28","1351","36.0698853918","129.2112932755"
"경상북도 문경시 중앙로 195 (흥덕동)","경북약국","054-552-1533","1800","0930","1800","0930","1800","0930","1800","0930","1800","0930","1430","0900","C2700164","369","66","1352","36.601715665365695","128.20319790891998"
"경상북도 영주시 구성로 354 (영주동)","경북약국","054-632-4822","1830","0830","1830","0830","1830","0830","1830","0830","1830","0830","1430","0830","1500","0900","C2700512","360","96","1353","36.82344790342363","128.62304961099295"
"경상북도 울진군 울진읍 연호로 4, 1층","울진군청옆","경북약국","054-783-8280","1900","0810","1900","0810","1900","0810","1900","0810","1900","0810","1300","0810","C2700160","363","25","1354","36.9925877167161","129.401028344796"
"대구광역시 수성구 달구벌대로 2565, 1층 102호 (만촌동)","경북약국","053-754-1262","1900","0900","1900","0900","1900","0900","1900","0900","1900","0900","1300","0900","1300","0900","C1301914","420","62","1355","35.859308900719","128.643294968186"
"대구광역시 서구 큰장로 131, (내당동)","서문시장큰장네거리입구","경북약국","053-571-0520","1900","0800","1900","0800","1900","0800","1900","0800","1900","0800","1900","0800","1900","0800","C1300049","418","06","1356","35.87005670797123","128.5791266666274"
"경상북도 영덕군 영해면 예주시장길 46 경북약국","영해로터리 부근","경북약국","054-732-2816","1830","0830","1830","0830","1830","0830","1830","0830","1830","0830","1330","0830","C2701039","364","12","1357","36.53975977965253","129.40878528971126"
"경상북도 청송군 진보면 진보로 108-1","일요일 공휴일 특별한일 없으면 운영, 운영 시간은 같음","경북약국","054-874-2074","2100","0800","2100","0800","2100","0800","2100","0800","2100","0800","2100","0800","2100","0800","2100","0800","C2700712","374","09","1358","36.52891029489106","129.04335566481504"
"경상북도 경산시 중앙로 83, 1층 (중방동)","경북연합약국","053-811-9888","1830","0830","1830","0830","1830","0830","1830","0830","1830","0830","1400","0830","C2701602","386","22","1359","35.8236522679725","128.736019320528"
"대구광역시 중구 동덕로30길 45 (동인동4가)","경북온누리약국","053-254-1985","1830","0900","1830","0900","1830","0900","1830","0900","1830","0900","1300","0900","C1301425","419","45","1360","35.8670185542","128.6064073685"
"경상북도 경주시 양정로 269, (동천동)","경북온누리약국","054-777-3315","2000","0900","2000","0900","2000","0900","2000","0900","2000","0900","1700","0900","C2700308","380","98","1361","35.85676629405003","129.22405103919857"
"대구광역시 북구 학정로 551-20","칠곡경북대학교병원근처(대원사옆)","경북정문약국","053-311-2430","1830","0900","1830","0900","1830","0900","1830","0900","1830","0900","C1301128","414","05","1362","35.954477399216415","128.5650975864479"
"대구광역시 중구 동덕로30길 35 (동인동2가)","경북제일약국","053-424-2443","1800","0830","1800","0830","1800","0830","1800","0830","1800","0830","C1301489","419","44","1363","35.8670527777","128.605734942"
"경상북도 경산시 원효로 154, 1층 (계양동)","경산새봄약국","053-555-3034","2100","0900","2100","0900","2100","0900","2100","0900","2100","0900","1600","0900","C2701648","385","80","1364","35.8205950555283","128.75367829551"
"경상남도 창원시 의창구 창이대로 201","진보프라자","경산약국","055-276-3707","1830","0900","1830","0900","1830","0900","1830","0900","1830","0900","1500","0900","C2800509","511","81","1365","35.245006179033375","128.65944558357737"
"경상북도 경산시 진량읍 다문로 58,","진량읍사무소근처","경산약국","053-851-5578","2000","0900","2000","0900","2000","0900","2000","0900","2000","0900","1700","0900","1300","0900","C2700805","384","87","1366","35.87456262559979","128.8175584557703"
"경상북도 경산시 경안로38길 17","경산제일약국","053-816-7323","1800","0900","1800","0900","1800","0900","1800","0900","1800","0900","1300","0900","C2700460","386","19","1367","35.8258416768402","128.737585108263"
"경상북도 경산시 중앙로 81 (중방동)","경산시장입구맞은편성창빌딩1층","경산중앙약국","0538136665","1900","0740","1900","0740","1900","0740","1900","0740","1900","0740","1700","0900","1700","0900","C2700789","386","22","1368","35.823531664180706","128.73583445757026"
"경상남도 창원시 성산구 삼정자로43번길 8, 성주빌딩 105,106호 (성주동)","경상1번약국","055-285-8300","1900","0900","1900","0900","1900","0900","1900","0900","1900","0900","1300","0930","1800","1300","C2802303","514","73","1369","35.1987709387954","128.711023808892"
"경상남도 진주시 동진로20번길 15, 1층 (칠암동)","동부농협 옆","경상약국","0557525775","1930","0900","1930","0900","1930","0900","1930","0900","1930","0900","1330","0900","C2800991","527","26","1370","35.17772384137512","128.09373027106182"
"경상남도 창원시 성산구 삼정자로43번길 2 (성주동, 성산빌딩 1층 107호)","휴업 ~2019.12.31.","경상온누리약국","055-283-7170","1800","0900","1800","0900","1800","0900","1800","0900","1800","0900","C2801836","514","73","1371","35.198284113711","128.71104203308056"
"인천광역시 서구 도요지로 22, 103호 (경서동, 대영프라자)","경서동 태평아파트 1차 정문앞, 롯데마트 옆","경서메디칼약국","032-562-4001","2100","0900","2100","0900","2100","0900","2100","0900","2100","0900","2100","0900","2100","1000","C1400529","226","92","1372","37.55886401811837","126.65267376306183"
"경기도 김포시 김포한강9로76번길 37, 경서프라자 (구래동)","경서프라자약국","070-4227-0669","1830","0830","1830","0830","1830","0830","1830","0830","1830","0830","1500","0830","C2106377","100","71","1373","37.64419657042053","126.62732655833639"
"대구광역시 서구 달구벌대로375길 1 (내당동)","첫째, 셋째 일요일 운영/넷째 일요일은 옆집과 교대로 운영","반고개","경성약국","053-566-1256","2100","0900","2100","0900","2100","0900","2100","0900","2100","0900","2100","0900","1900","1100","C1300289","418","71","1374","35.86155545749196","128.56872118464696"
"서울특별시 관악구 남부순환로161길 70 (신림동)","신림4동동사무소옆","경성약국","02-855-3927","1830","0900","1830","0900","1830","0900","1830","0900","1830","0900","1500","0900","C1102668","087","63","1375","37.485348221135","126.918732718186"
"경기도 성남시 수정구 시민로 230 (태평동)","경성약국","031-756-7373","2200","0830","2200","0830","2200","0830","2200","0830","2200","0830","2200","0830","2200","0830","2200","0900","C2104326","132","76","1376","37.44824409345203","127.14068302288834"
"경상남도 창원시 마산합포구 문화북1길 25","경성온누리약국","055-242-4212","1900","0900","1900","0900","1900","0900","1900","0900","1900","0900","1800","0900","C2801066","517","62","1377","35.1879455830658","128.56143350926737"
"경기도 광주시 광주대로 31, 광주지에이타워 107호 (경안동)","공휴일 근무 시간은 병원 운영시간에 따라 다름","이마트/광주종합터미널 맞은편 지에이타워 1층에 위치한 경안365약국입니다. 처방전 있거나 15000원 이상 구매 시 지하주차장 주차권 1시간 제공합니다. 평일 운영시간 연장운영! 8:00~23:00 감사합니다.","경안365약국","031-765-9875","2300","0800","2300","0800","2300","0800","2300","0800","2300","0800","1800","0800","1800","0900","1800","0900","C2109670","127","58","1378","37.4093522423759","127.260232570362"
"경기도 광주시 중앙로 156, 1층 (경안동)","경안약국","031-761-4144","2100","0930","2100","0930","2100","0930","2100","0930","2100","0930","2100","0930","2000","1000","C2102086","127","56","1379","37.41345801305744","127.25719613591446"
"서울특별시 동대문구 사가정로25길 18, 1층 (장안동)","경애약국","02-2212-8941","2000","0900","2000","0900","2000","0900","2000","0900","2000","0900","1400","0900","C1103019","025","15","1380","37.5795769971888","127.070578539046"
"대구광역시 남구 대봉로17길 6","경애약국","053-472-6054","1900","0900","1900","0900","1900","0900","1900","0900","1900","0900","1900","0900","1900","0900","C1300291","424","39","1381","35.846603122091196","128.60401315250016"
"경기도 고양시 일산동구 동국로 26","경원약국","031-969-2900","1800","0900","1800","0900","1800","0900","1800","0900","1800","0900","1300","0900","C2103379","103","25","1382","37.67652769941623","126.80757397324106"
"서울특별시 동대문구 고산자로36길 3 (제기동)","경동시장신관118호","경원약국","02-967-6217","1830","0900","1830","0900","1830","0900","1830","0900","1830","0900","1830","0900","C1103320","025","71","1383","37.5790377655561","127.039142935818"
"전북특별자치도 전주시 완산구 장승배기로 48 (삼천동1가, 삼천동 두일하나아파트 상가)","삼천동 두일하나아파트 상가","경인당약국","063-225-8255","2000","0900","2000","0900","2000","0900","2000","0900","2000","0900","1300","0900","C2500599","551","32","1384","35.79223476314321","127.11844096963463"
"인천광역시 계양구 경명대로 1077, 로얄프라자 107호 (계산동)","경인약국","032-549-7774","1900","0900","1900","0900","1900","0900","1900","0900","1900","0900","1600","0900","C1402172","210","40","1385","37.5436449865","126.72666531411"
"서울특별시 용산구 새창로14길 50 (용문동)","일요일은 불규칙하게 운영하여 방문전 전화확인 필요","용문시장끝새마을금고바로옆","경인약국","02-715-6083","2000","0830","2000","0830","2000","0830","2000","0830","2000","0830","1800","0830","1800","1500","C1102088","043","56","1386","37.5373744610449","126.95945038375"
"경기도 부천시 자유로 35 (심곡본동)","부천역 부근 자유시장사거리내","경인약국","032-613-0005","2100","0900","2100","0900","2100","0900","2100","0900","2100","0900","2000","0900","C2100193","147","09","1387","37.4838030061","126.7800114358"
"부산광역시 사하구 하신번영로201번길 1, 1층 (신평동)","하남중학교맞은편 / 인근 지하철역 1호선 신평역","경인약국","051-205-8171","2130","0900","2130","0900","2130","0900","2130","0900","2130","0900","2130","0900","C1201091","494","31","1388","35.09887962059295","128.95815820455508"
"서울특별시 송파구 가락로42길 9, 경인약국 (방이동)","경인약국","02-412-7891","2100","0900","2100","0900","2100","0900","2100","0900","2100","0900","2100","0900","1900","1230","1900","1230","C1103317","056","36","1389","37.512335730835","127.120827278973"
"인천광역시 부평구 주부토로 114 (부평동)","공휴일 유동적","인천시부평구부평4동890-4","경인온누리약국","032-511-3589","2130","0930","2130","0930","2130","0930","2130","0930","2130","0930","2100","0900","2100","0900","C1400498","213","55","1390","37.5051622857","126.7257662029"
"경기도 부천시 오정로 242, 1층 (오정동, 낙원빌딩)","덕산중학교입구교차로의 OBS경인 TV 맞은편 건물 1층(본죽건물)","경인종로약국","032-672-7155","2000","0900","2000","0900","2000","0900","2000","0900","2000","0900","1600","0900","C2100249","144","36","1391","37.52913441095472","126.78596497024128"
"서울특별시 금천구 시흥대로72길 32 (시흥동)","경일약국","02-802-9104","2100","0900","2100","0900","2100","0900","2100","0900","2100","0900","2100","0900","C1101887","086","24","1392","37.4581178055693","126.900267105063"
"서울특별시 종로구 평창문화로 35 (평창동)","경일약국","02-391-3469","2000","0900","2000","0900","2000","0900","2000","0900","2000","0900","2000","0900","2000","0900","2100","0900","C1103006","030","08","1393","37.6050700767015","126.965304172212"
"경상북도 경주시 화랑로 130(황오동)","경주건강한약국","054-777-6360","1830","0830","1830","0830","1830","0830","1830","0830","1830","0830","1400","0830","C2701637","381","53","1394","35.84416115576552","129.21502269304918"
"경상북도 경주시 원화로 276 (성동동)","경주역파출소바로옆","경주경북약국","054-742-6200","1930","0830","1930","0830","1930","0830","1930","0830","1930","0830","1700","0830","C2700285","381","47","1395","35.845189368372694","129.21751678391695"
"경상북도 경주시 금성로318번길 18 (서부동)","경주동원약국","054-762-2300","1900","0800","1900","0800","1900","0800","1900","0800","1900","0800","1300","0900","C2700234","381","44","1396","36.00358981862197","129.1969005297486"
"경상북도 경주시 천북면 산업로 4866, 삼일주유소","한약국","경주백화점대형약국","054-745-8277","2200","0900","2200","0900","2200","0900","2200","0900","2200","0900","2200","0900","2200","0900","2200","0900","C2701725","380","39","1397","35.9112334623063","129.241901780328"
"경상북도 경주시 알천북로 275, 1층 (동천동)","경주수약국","054-776-1666","1830","0830","1830","0830","1800","0830","1830","0830","1830","0830","1300","0830","C2701674","381","11","1398","35.8465527912472","129.228263043485"
"경상북도 경주시 금성로 287 (성건동)","경주열린약국","054-777-2040","1800","0900","1800","0900","1800","0900","1800","0900","1800","0900","1300","0900","C2701332","381","56","1399","35.84308128327501","129.20661093079394"
"경상북도 경주시 산업로 3019, 2층 (시래동)","명절당일 휴무","하나로 마트 2층","경주이약국","054-776-7582","1900","0900","1900","0900","1900","0900","1900","0900","1900","0900","1600","0900","1500","0900","C2701647","381","29","1400","35.7753722206612","129.298903810633"
"경상북도 경주시 화랑로 98","토요일, 일요일, 공휴일 방문 전 전화확인 필요","한성의원 옆","경주제일약국","054-772-9558","1830","0900","1830","0900","1830","0900","1830","0900","1830","0900","1830","0900","1830","0900","1830","0900","C2701049","381","54","1401","35.84440527777606","129.21144168587475"
"경상북도 경주시 황성로 25 (황성동)","경주프라자약국","054-772-3695","2000","0900","2000","0900","2000","0900","2000","0900","2000","0900","1900","0900","C2700833","380","84","1402","35.86549553082387","129.21417244905024"
"서울특별시 양천구 월정로 53 (신월동)","평일 13:00~14:00 휴게시간 토요일 13:30~15:00","경창약국","02-2607-2727","2030","0900","2030","0900","2030","0900","2030","0900","2030","0900","2100","0900","C1107990","079","30","1403","37.5244384462917","126.841526115844"
"서울특별시 은평구 서오릉로 157, (구산동)","토요일 시간변동 가능성이 있어 방문전 연락바랍니다.","예일여고사거리서오릉방면2m현대자동차맞은편","경하프라자약국","02-385-7271","1900","0900","1900","0900","1900","0900","1900","0900","1900","0900","1900","0900","C1101889","034","12","1404","37.6119989368989","126.915619220147"
"경상남도 산청군 신안면 원지로4번길 2","■ 일요일, 공휴일 운영시간은 전화 확인 필요(09:00~17:00)","신안농협 근처","경호강약국","055-973-5282","2030","0800","2030","0800","2030","0800","2030","0800","2030","0800","1900","0800","C2800278","522","49","1405","35.30313877112406","127.97256220024369"
"대구광역시 동구 팔공로29길 3, (불로동)","경화약국","053-981-8005","2000","0800","2000","0800","2000","0800","2000","0800","2000","0800","2000","0800","1700","0700","C1300564","410","35","1406","35.91163605655116","128.64056501797543"
"부산광역시 기장군 기장읍 읍내로 108","버스정류장: 김종재소아과1층건물","경화약국","051-721-2056","2000","0900","2000","0900","2000","0900","2000","0900","2000","0900","1900","0900","2000","0900","C1200998","460","66","1407","35.2449025598","129.2160555519"
"경상남도 창원시 진해구 경화시장로 9, 103호 (경화동)","경화약국","055-546-2878","1800","0900","1800","0900","1800","0900","1800","0900","1800","0900","C2802406","516","70","1408","35.1545171739454","128.690680814342"
"부산광역시 수영구 수영로 592, 누구나 1층 (광안동)","2호선 광안역 1번출구","경화약국","051-753-9996","1900","0900","1900","0900","1900","0900","1900","0900","1900","0900","1500","0900","C1200616","482","94","1409","35.158627869153776","129.11367885823867"
"부산광역시 남구 용호로 195-1","버스정류장: 동일아파트 입구 사거리","경화약국","051-623-0515","1930","0900","1930","0900","1930","0900","1930","0900","1930","0900","1700","0900","C1200456","485","87","1410","35.114839622971424","129.11122593303367"
"세종특별자치시 해밀3로 85, S001동 1층 124호 (해밀동, 해밀마을 행복주택)","휴게시간 없음 토요일, 일요일, 공휴일 휴무 * 3월 18일 화요일 휴무","휴게시간 없음 토요일, 일요일, 공휴일 휴무","해밀동","경희 정원한약국","044-903-1175","1700","1000","1700","1000","1700","1000","1700","1000","1700","1000","C1800362","300","92","1411","36.53110229660259","127.26794322532625"
"서울특별시 동대문구 경희대로 17, 1,2층 (회기동)","추석, 설 명절 당일만 휴무","경희대병원입구 인근","경희고황약국","02-6013-1665","1930","0830","1930","0830","1930","0830","1930","0830","1930","0830","1900","0900","C1107730","024","54","1412","37.5931571086503","127.052447885261"
"대구광역시 중구 중앙대로81길 105, 1층 (남성로)","경희국보한약국","053-255-2233","1800","0930","1800","0930","1800","0930","1800","0930","1800","0930","1800","0930","C1301799","419","34","1413","35.8693221755764","128.58774806869"
"서울특별시 종로구 송월길 99, 203동 2218호 (홍파동, 경희궁자이 2단지)","13:00~14:00 휴게시간 첫째주 토요일은 오전 9시 오픈입니다.","경희궁햇살약국","02-733-3342","2000","0900","2000","0900","2000","0900","2000","0900","1900","0900","1500","0800","C1107791","031","65","1414","37.56994003992949","126.96302476113219"
"인천광역시 서구 고산후로 148, 1층 일부호 (원당동)","경희기경한약국","032-561-1887","1830","1100","1830","1100","1830","1100","1830","1100","1830","1100","C1401490","226","24","1415","37.5968768893","126.6993178068"
"경기도 안양시 만안구 창박로 41, 포거스라인프라자 303호 (안양동)","경희다미원한약국","031-444-7582","1800","1000","1800","1000","1800","1000","1800","1000","1800","1000","1400","1000","C2107835","140","25","1416","37.38421810928931","126.90273459544466"
"서울특별시 동대문구 답십리로65길 77, 1층 (장안동)","경희다정한약국","02-3390-5175","2000","1100","2000","1100","2000","1100","2000","1100","2000","1100","2000","1200","C1108052","025","25","1417","37.575998795472","127.069658205831"
"세종특별자치시 도움3로 159, 상가동 103호 (종촌동, 가재마을3단지)","일요일 및 공휴일 휴무","세종시 동물약국","종촌동","경희당약국","044-863-3214","2000","1000","2000","1000","2000","1000","2000","1000","2000","1000","2000","1000","C1800282","300","64","1418","36.503935319544965","127.24374614820164"
"인천광역시 부평구 대정로36번길 1, 1층 (부평동)","경희당한약국","032-506-1130","1930","1000","1930","1000","1930","1000","1930","1000","1930","1000","1930","1000","1930","1000","C1401487","213","93","1419","37.49582567739413","126.72481426324306"
"경기도 부천시 고강로92번길 49 (고강동)","경희당한약국","032-683-8892","1800","0900","1800","0900","1800","0900","1800","0900","1800","0900","C2108089","144","16","1420","37.5280485306881","126.814459271068"
"경기도 광명시 새터로 51, 1층 (광명동)","경희대한약국","02-2685-0855","1800","0900","1800","0900","1800","0900","1800","0900","1800","0900","C2108912","142","73","1421","37.4727893810248","126.854038230964"
"서울특별시 동대문구 경희대로 19 (회기동)","경희동문약국","02-960-0557","1900","0900","1900","0900","2000","0900","1900","0900","1900","0900","1300","0900","C1103746","024","54","1422","37.5934086660746","127.052446703036"
"강원특별자치도 춘천시 약사고개길41번길 6-4 (약사동)","경희마루한약국","033-261-8882","1900","1000","1900","1000","1900","1000","1900","1000","1900","1000","1400","1000","C2201042","243","55","1423","37.8749323469674","127.727273711551"
"서울특별시 동대문구 경희대로 24, 1층 (회기동)","경희의료원정문맞은편","경희메디칼약국","02-966-5830","1800","0900","1800","0900","1800","0900","1800","0900","1800","0900","1300","0900","C1103369","024","53","1424","37.5936811250605","127.052852714947"
"서울특별시 강동구 동남로 889, 103호 (명일동)","강동경희대병원 맞은편","경희메디칼온누리약국","02-427-5757","1830","0830","1830","0830","1830","0830","1830","0830","1830","0830","1300","0830","C1108145","052","69","1425","37.5530545729715","127.155948757869"
"충청북도 청주시 흥덕구 가경로 192, 가경형석2차아파트 상가동 101호 (가경동)","한약국/ 양약은 일반약 보유함","가경형석2차 아파트 상가","경희본한약국","043-233-3570","1830","1030","1830","1030","1830","1030","1830","1030","1830","1030","C2301116","283","91","1426","36.63188512251436","127.43641277426944"
"서울특별시 송파구 송파대로 345, 3B동 지하1층 1026호 (가락동, 헬리오시티)","경희생한약국","02-403-3169","1900","1000","1900","1000","1900","1000","1900","1000","1900","1000","1500","1000","C1108507","056","98","1427","37.498023152550495","127.10348839687275"
"경기도 고양시 일산동구 동국로 20, 2층 일부호 (식사동)","경희서울한약국","031-964-8388","1800","0900","1800","0900","1800","0900","1800","0900","1800","0900","1300","0900","C2109055","103","25","1428","37.6759407039046","126.807546668897"
"경기도 고양시 일산동구 중앙로 1130, B동 37호 (마두동, 강촌마을6단지아파트)","경희선한약국","031-902-2889","2000","1100","2000","1100","2000","1100","2000","1100","2000","1100","C2106921","104","22","1429","37.650116079297184","126.78020621881717"
"경기도 수원시 팔달구 고화로72번길 1 (고등동)","수원 화성이 위치한 팔달산 자락에 위치한 경희성수한약국은 한약사가 운영하는 한방전문약국으로 복약상담 후 체질에 맞춘 한방의약품 조제 및 전통한약 탕전이 바로 가능합니다. 아울러 경옥고, 공진단을 비롯해 국내외 제약사의 다양한 한방의약품과 일반의약품, 건강기능식품을 갖추고 있습니다.","경희성수한약국","031-245-0017","2000","1000","2000","1000","2000","1000","2000","1000","2000","1000","1800","1000","1800","1000","C2108630","164","46","1430","37.2757926772809","127.006500343793"
"부산광역시 남구 용호로 34 (용호동) 107호","점심 13:30~14:30","버스정류장: 일신프리빌리지상가 107호","경희소망한약국","051-626-1714","1900","1000","1900","1000","1900","1000","1900","1000","1900","1000","C1202084","485","17","1431","35.12648436761626","129.1077450413272"
"강원특별자치도 춘천시 경춘로 2354, 101호 (온의동)","경희솔약국","033-255-0635","C2201178","244","36","1432","37.863685769847","127.720146869652"
"충청남도 아산시 용화고길 17, 1동 101호 (용화동)","용화고등학교 정문 앞쪽","경희수신한약국","041-547-9922","1900","1000","1900","1000","1900","1000","1900","1000","1900","1000","1500","1000","C2401415","315","72","1433","36.7730475714","127.0039966162"
"대구광역시 중구 국채보상로 지하580, 대현프리몰 D10호 (동성로2가)","경희수약국","053-249-3972","1930","1100","1930","1100","1930","1100","1930","1100","1930","1100","1930","1100","C1301616","419","09","1434","35.85612132219148","128.5448976192632"
"서울특별시 강동구 동남로 881, 서희스타힐스 103호 (명일동)","강동경희대병원 부근","경희수약국","02-441-7001","1830","0900","1830","0900","1830","0900","1830","0900","1830","0900","1300","0900","C1107725","052","69","1435","37.5522907599423","127.155772547373"
"경기도 안양시 만안구 만안로 287","경희약국","031-449-9368","2200","0830","2200","0830","2200","0830","2200","0830","2200","0830","2100","0830","2200","0830","C2103288","139","91","1436","37.405160281795766","126.91872765041383"
"대구광역시 중구 국채보상로 603 (문화동)","경희약국","053-253-4467","2300","1200","2300","1200","2300","1200","2300","1200","2300","1200","2300","1200","2300","1200","2300","1200","C1301557","419","13","1437","35.87093633710244","128.59643348915952"
"충청북도 증평군 증평읍 중앙로 194-5,","경희약국","043-836-5931","1900","0830","1900","0830","1900","0830","1900","0830","1900","0830","1330","0830","C2300293","279","30","1438","36.781838341428134","127.57916943717094"
"충청북도 보은군 보은읍 삼산로 42","중앙사거리 김종수 내과 옆","경희약국","043-542-3875","1830","0830","1830","0830","1830","0830","1830","0830","1830","0830","1310","0830","C2300049","289","47","1439","36.48346220104744","127.71771090634113"
"경상북도 김천시 중앙시장3길 5 (모암동)","경희약국","054-437-2508","1800","0800","1800","0800","1800","0800","1800","0800","1800","0800","1300","0830","C2701457","395","90","1440","36.1190185488","128.1250586567"
"경상북도 영주시 영주로 236 (하망동)","경희약국","054-635-9594","1900","0830","1900","0830","1900","0830","1900","0830","1900","0830","1400","0830","C2700476","360","75","1441","36.82550524946623","128.62552182863163"
"울산광역시 남구 번영로 109, 106호 (달동)","경희약국","052-260-2672","1930","0900","1930","0900","1930","0900","1930","0900","1930","0900","1400","0900","C1700059","447","26","1442","35.53525748620479","129.32847624224468"
"경기도 안양시 만안구 석천로 172, 성우빌딩 1층 (석수동)","경희양춘당한약국","031-441-6762","2000","1100","2000","1100","2000","1100","2000","1100","2000","1100","1600","1100","C2107443","139","69","1443","37.3943774812","126.9161195685"
"경상남도 창원시 성산구 단정로44번길 2 (상남동)","1,3 주 토요일 휴무","경희예담한약국","055-274-0338","1800","1000","1800","1000","1800","1000","1800","1000","1800","1000","1500","1000","C2802065","515","02","1444","35.21913349407393","128.6846570397573"
"부산광역시 해운대구 대천로 104, 103호(좌동, 정창빌딩1층)","해운대 대림2차 아파트 맞은편/정창빌딩 1층 103호","경희오름한약국","051-703-5675","1900","1000","1900","1000","1900","1000","1900","1000","1900","1000","1500","1000","C1201859","480","79","1445","35.174585389112885","129.17373937097287"
"경기도 안성시 대덕면 서동대로 4723","경희온누리약국","031-672-1649","2000","0900","2000","0900","2000","0900","2000","0900","2000","0900","C2107504","175","44","1446","37.0131922881","127.2255912605"
"서울특별시 동대문구 경희대로1가길 32 (회기동)","경희의료원주차장(정보행정동)앞","경희온누리약국","02-3295-0055","1800","0900","1800","0900","1800","0900","1800","0900","1800","0900","1300","0900","C1103747","024","54","1447","37.5930134382303","127.051749946645"
"서울특별시 동대문구 경희대로 21, 지층, 1층, 2층 (회기동)","경희의료원앞","경희우리약국","02-963-8113","1800","0830","1800","0830","1800","0830","1800","0830","1800","0830","1300","0900","C1102964","024","54","1448","37.593506406489475","127.05248538338614"
"충청남도 홍성군 홍성읍 충서로1322번길 8","일요일, 공휴일은 예약상담 / 점심휴계시간(12:30~14:00)","경희윤한약국","0416326169","1900","0900","1900","0900","1900","0900","1900","0900","1900","0900","C2401733","322","47","1449","36.593888523311","126.654295248671"
"서울특별시 강동구 동남로 889, 101호 (명일동)","경희일번약국","02-441-2011","1830","0830","1830","0830","1830","0830","1830","0830","1830","0830","1300","0830","C1108139","052","69","1450","37.5530545729715","127.155948757869"
"서울특별시 강동구 동남로 877, 한화오벨리스크스위트 103호 (명일동)","경희정문약국","02-442-0805","2000","0830","2000","0830","2000","0830","2000","0830","1900","0830","1900","0830","1900","0900","C1110054","052","69","1451","37.5520151961618","127.155801963382"
"서울특별시 동대문구 경희대로 22-1, 1층 (회기동)","경희정문약국","02-957-6257","1830","0830","1830","0830","1830","0830","1830","0830","1800","0830","1300","0900","C1110470","024","53","1452","37.5935278581535","127.052871063203"
"서울특별시 동대문구 경희대로 19-5 (회기동)","경희제일약국","02-6403-1082","1830","0900","1830","0900","1830","0900","1830","0900","1830","0900","1300","0900","C1107533","024","54","1453","37.5932669499256","127.052221274697"
"서울특별시 동대문구 경희대로 19-9, 지하1층, 1층 (회기동)","경희의료원 응급실앞","경희중앙약국","02-968-6057","1800","0830","1800","0830","1800","0830","1800","0830","1800","0830","1330","0830","C1101984","024","54","1454","37.5932076524559","127.052044933366"
"경기도 군포시 고산로264번길 13, 103호 (당동, 그린프라자)","경희진한약국","031-396-8136","1800","0900","1800","0900","1800","0900","1800","0900","1800","0900","1300","0900","C2109251","158","56","1455","37.3479287539792","126.94390914503"
"경기도 성남시 수정구 위례광장로 300, 중앙타워 2층 228호 (창곡동)","경희착한맘한약국","02-449-1613","1800","0900","1800","0900","1800","0900","1800","0900","1800","0900","1300","0900","C2109882","136","40","1456","37.4734715546921","127.14270025965"
"경기도 고양시 일산동구 일산로463번길 77-1, 1층 (정발산동)","경희참한약국","031-911-7306","1900","1000","1900","1000","1900","1000","1900","1000","1900","1000","C2108493","103","59","1457","37.6711657628818","126.773679990584"
"경기도 안산시 상록구 석호로 197 (사동)","경희참한약국","031-415-0012","2100","1100","2100","1100","2100","1100","2100","1100","2100","1100","C2103395","155","82","1458","37.29548765275538","126.85322008604815"
"충청북도 청주시 상당구 용정로 34, 105호 (용정동)","1,3,5주 화요일 휴무/ 2,4주 일요일 휴무","경희참한약국","043-715-5501","2100","1100","2100","1100","2100","1100","2100","1100","2100","1100","2100","1100","2100","1100","C2301186","287","48","1459","36.6295799362101","127.517246470906"
"서울특별시 강동구 구천면로 245","천호동성당맞은편","경희프라자약국","02-472-8244","1900","0900","1900","0900","1900","0900","1900","0900","1900","0900","1600","0900","C1101985","053","26","1460","37.5422808630307","127.130896791016"
"경기도 하남시 신장로 159 (덕풍동)","경희프라자약국","031-795-9148","2100","0900","2100","0900","2100","0900","2100","0900","2100","0900","2100","0900","2100","0900","C2100496","129","76","1461","37.5399398584","127.2013660088"
"경상남도 진주시 신안로 52","경희한방한약국","055-741-8275","2000","0900","2000","0900","2000","0900","2000","0900","2000","0900","1300","0900","C2801709","526","94","1462","35.183042866887035","128.07136219353646"
"경기도 성남시 수정구 모란로 89 (태평동)","경희한약국","031-756-7725","1800","0900","1800","0900","1800","0900","1800","0900","1800","0900","C2108984","131","11","1463","37.4409771282982","127.12577713832"
"경상남도 거제시 고현로 85","평일 업무시간 이후, 주말 및 공휴일 상담은 미리 약속을 잡아주세요.","거제중앙병원 부근","경희한약국","055-637-3589","1830","1000","1830","1000","1830","1000","1830","1000","1830","1000","C2800910","532","53","1464","34.88630057674233","128.6221326594369"
"인천광역시 남동구 장승로 29, 2층 (만수동)","휴대폰 번호 010-5007-8250로 연락주세요","경희한약국","032-123-4567","1800","1200","1800","1200","1800","1200","1800","1200","1800","1200","C1402134","215","91","1465","37.4455208828207","126.736117172969"
"경기도 안양시 만안구 안양로 324, 1층 (안양동)","경희한약국","031-468-9742","2000","0900","2000","0900","2000","0900","2000","0900","2000","0900","2000","0900","C2106895","139","92","1466","37.40104063243771","126.92016445502592"
"경기도 고양시 일산서구 중앙로 1581, 하이투모로 오피스텔 1층 119B호 (대화동)","13:00~14:00 점심시간","경희한약국 순수","031-916-1113","1800","0900","1800","0900","1800","0900","1800","0900","1800","0900","1300","0900","C2107830","103","81","1467","37.695072316347954","126.76216781762791"
"경기도 구리시 동구릉로6번길 13-1, 대원빌딩 (교문동)","한양대 구리병원 후문에 위치하고 있습니다.","경희함약국","031-565-1452","1900","0900","1900","0900","1900","0900","1900","0900","1900","0900","1300","0900","C2108277","119","23","1468","37.60170941815","127.131833294623"
"경기도 고양시 덕양구 중앙로 559, 그랑프리빌딩 105호 (행신동)","경희행복한약국","031-971-7767","1800","1000","1800","1000","1800","1000","1800","1000","1800","1000","C2108502","105","18","1469","37.6235392292613","126.834768940681"
"경기도 고양시 일산동구 숲속마을1로 29-37, 108호 (풍동, 서광 미르프라자)","경희허준약국","031-907-0706","2030","1000","2030","1000","2030","1000","2030","1000","2030","1000","1800","1000","C2107112","103","07","1470","37.6637147058","126.7968629844"
"대구광역시 달서구 계대동문로 2, 1층 (신당동)","연중무휴 약국, 주말 약국, 공휴일 약국","365일 열려있는 계대동문약국입니다.","계대동문약국","053-581-5565","2200","1000","2200","1000","2200","1000","2200","1000","2200","1000","2200","1000","2200","1200","2200","1200","C1301811","426","14","1471","35.8554026180158","128.492516587471"
"서울특별시 동작구 성대로 32, 1층 101호 (상도동)","","계령약국","02-822-8105","2000","0930","2000","0930","2000","0930","2000","0930","1900","0930","1900","0900","C1103002","070","42","1472","37.4991664724262","126.933023080942"
"충청남도 계룡시 엄사면 엄사중앙로 94","계룡시엄사면엄사4거리계룡프라자상가1층코너","계룡대우당약국","042-841-4210","1900","0900","1900","0900","1900","0900","1900","0900","1900","0900","1300","0900","C2400821","328","04","1473","36.28891794662023","127.24225759912535"
"충청남도 공주시 반포면 동학사1로 272","12:00~13:00 휴게시간","계룡산약국","042-822-8522","1800","0800","1800","0800","1800","0800","1800","0800","1800","0800","1800","0800","C2401834","326","26","1474","36.358712272596","127.238076832103"
"충청남도 공주시 계룡면 영규대사로 486,","동계(12월~1월) : 8:30 오픈합니다","계룡면면사무소앞","계룡약국","041-857-8566","1830","0800","1830","0800","1830","0800","1830","0800","1830","0800","1330","0800","C2400224","326","16","1475","36.360016822054966","127.14255708844101"
"충청남도 계룡시 엄사면 엄사중앙로 107","다사랑 맞은편 1층","계룡온누리약국","042-841-3580","2200","0900","2200","0900","2200","0900","2200","0900","2200","0900","2100","0900","C2400838","328","03","1476","36.29029844052606","127.2423152727898"
"충청남도 당진시 당진중앙1로 46 (읍내동)","빠른 조제 친절 상담 맞춤 영양제 30년 전통 계림약국입니다.","성모병원 옆","계림약국","041-355-2230","1800","0830","1800","0830","1800","0830","1800","0830","1800","0830","1300","0830","C2400408","317","69","1477","36.89308844928724","126.6277821462007"
"경기도 화성시 동탄솔빛로 68, 105호 (반송동, 계림빌딩)","계림빌딩 108호","계림약국","031-613-2461","2130","0900","2130","0900","2130","0900","2130","0900","2130","0900","1900","0900","1600","0900","C2101379","184","42","1478","37.194404795965085","127.07505631038305"
"경기도 안산시 단원구 원곡로 38 (원곡동)","새마을금고군자본점맞은편","계림약국","031-491-1727","2200","1000","2200","1000","2200","1000","2200","1000","2200","1000","2200","1000","2230","1400","2200","1000","C2103795","153","79","1479","37.33048422636523","126.79319608090651"
"광주광역시 동구 경양로 282-1, 1층 (계림동)","계림약국","062-226-2227","1830","0900","1830","0900","1830","0900","1830","0900","1830","0900","1300","0900","C1501103","614","28","1480","35.1546917298","126.9202906581"
"대구광역시 달서구 달구벌대로 지하 1014, 대구지하철2호선 강창역 지하상가 1호 (호산동)","계명지하철약국","053-554-6622","1830","0830","1830","0830","1830","0830","1830","0830","1830","0830","1400","0830","C1301581","426","02","1481","35.853076610686706","128.47834351240488"
"인천광역시 계양구 계양대로 214, 에이스타운 (계산동)","계산역3번출구로나와 도보 200m, 걸어서 3분거리, 에이스타운1층 위치 (계산삼거리)","계산365약국","032-555-3850","2100","0900","2100","0900","2000","0900","2100","0900","2100","0900","2000","0900","2000","0900","2000","0900","C1400787","210","49","1482","37.543056767377465","126.72305514239844"
"인천광역시 계양구 경명대로 1096 (계산동)","계산약국","032-547-3385","2000","0900","2000","0900","2000","0900","2000","0900","2000","0900","1600","0900","C1401513","210","56","1483","37.5429354023055","126.72871474942033"
"인천광역시 계양구 경명대로 1043","계산역4번출구전방700미터계산삼거리앞","계산온누리약국","032-541-4422","2100","0900","2100","0900","2100","0900","2100","0900","2100","0900","1900","0900","C1400481","210","39","1484","37.543762859290894","126.72293483571528"
"서울특별시 성북구 동소문로20길 43, 1층 (동선동1가)","공휴일 운영 여부 미정, 변동 가능","성북경찰서 후문 사거리/성싱여대전철역2번출구100미터","계산온누리약국","02-925-4551","2330","1000","2330","1000","2330","1000","2330","1000","2330","1000","2200","1000","2200","1000","2200","1500","C1104793","028","45","1485","37.5906537656439","127.017025211625"
"인천광역시 계양구 주부토로496번길 2, 1층 일부호 (계산동)","계산제일약국","032-543-9906","2100","0900","2100","0900","2100","0900","2100","0900","2100","0900","2100","0900","2100","0900","2100","0900","C1402006","210","59","1486","37.5384569164484","126.728366867128"
"대전광역시 중구 대종로 221, (석교동)","계수약국","042-283-4141","2200","0830","2200","0830","2200","0830","2200","0830","2200","0830","2200","0830","C1600060","350","61","1487","36.308963888888890","127.442611111111106"
"인천광역시 계양구 다남로 24, 계양역 8호 (귤현동)","계양역365약국","032-545-2001","2200","1000","2200","1000","2200","1000","2200","1000","2200","1000","1800","1000","1800","1000","C1402109","210","15","1488","37.5716093704302","126.736023400683"
"경상북도 영천시 신녕면 장수로 1688-1","공휴일은 약국에 전화문의 후 방문 요망","계영약국","054-333-5787","1900","0830","1900","0830","1900","0830","1900","0830","1900","0830","1530","0830","C2700062","388","03","1489","36.04247052211029","128.7882103968815"
"경기도 부천시 역곡로 480 (고강동)","고강녹십자약국","032-681-9222","2100","1000","2100","1000","2100","1000","2100","1000","2100","1000","2200","0900","2200","1000","C2103073","144","08","1490","37.527297864465765","126.81628017885663"
"경상남도 창원시 성산구 동산로 166, 사파대동상가 (사파동)","대동백화점","고객은왕약국","055-267-2726","2100","0900","2100","0900","2100","0900","2100","0900","2100","0900","1900","0900","1700","0900","1700","0900","C2801055","514","49","1491","35.2222585792519","128.693953192537"
"경기도 성남시 수정구 수정로 130, 창도빌딩 1층 (수진동)","고구려약국","031-722-0584","2100","0800","2100","0800","2100","0800","2100","0800","2100","0800","1800","1400","C2107614","133","27","1492","37.4414932983","127.1347881718"
"전라남도 완도군 고금면 고금동로 13","전남완도군고금면청년회관옆","고금약국","061-553-5959","1800","0700","1800","0700","1800","0700","1800","0700","1800","0700","1300","0700","C2600507","591","30","1493","34.39643448673587","126.80136699887984"
"서울특별시 성북구 개운사1길 5, 1,2,3층 (안암동5가)","고대메디칼약국","02-929-5830","1730","0830","1730","0830","1730","0830","1730","0830","1730","0830","C1110673","028","42","1494"
"충청남도 당진시 고대면 고대로 11-1, 인회당한약주택","고대약국","041-356-1233","1840","0820","1840","0820","1840","0820","1840","0820","1840","0820","1500","0900","C2401853","317","93","1495","36.9242451643713","126.601785633801"
"경기도 평택시 고덕로3길 22, 104호 (고덕동)","고덕365약국","031-000-0000","1800","0900","1800","0900","1800","0900","1800","0900","1800","0900","1300","0900","C2109959","180","20","1496","37.0370982924019","127.026579883951"
"서울특별시 강동구 고덕로 266, 고덕역 대명벨리온 312호 (명일동)","고덕3층약국","02-429-9929","1900","0900","1900","0900","1300","0900","1900","0900","1900","0900","1400","0900","C1109381","052","69","1497","37.5546936843646","127.15511458665"
"서울특별시 강동구 고덕로 256, 명성프라자 101호 (명일동)","고덕경희온누리약국","02-429-5885","1930","0900","1930","0900","1930","0900","1910","0900","1930","0900","1430","0900","C1109382","052","69","1498","37.5546198628524","127.154105278912"
"경기도 평택시 고덕여염9길 38, 105,106호 (고덕동)","고덕드림약국","031-611-6789","1800","0900","1800","0900","1800","0900","1800","0900","1800","0900","1300","0900","C2109059","180","14","1499","37.0401461419123","127.050971475813"
"경기도 평택시 고덕면 동청1길 35","고덕메디칼약국","031-611-0137","1900","0700","1900","0700","1900","0700","1900","0700","1900","0700","C2100708","177","11","1500","37.05492958101268","127.00605900253562"
"경기도 평택시 고덕로 246, 102호 (고덕동)","고덕미소약국","031-000-0000","1800","0900","1800","0900","1800","0900","1800","0900","1800","0900","1300","0900","C2109838","180","22","1501","37.0360075076562","127.027893771668"
"경기도 평택시 고덕국제대로 77, 301동 b1113호 (고덕동, 힐스테이트 고덕 센트럴)","고덕스타약국","031-000-0000","1800","0900","1800","0900","1800","0900","1800","0900","1800","0900","1300","0900","C2110056","180","18","1502","37.0443559204264","127.041883008056"
"서울특별시 강동구 고덕로 399, 122호 (고덕동, 고덕센트럴푸르지오)","고덕스타약국","070-8080-4310","2000","0900","2000","0900","2000","0900","2000","0900","2000","0900","1400","0900","C1110844","052","22","1503"
"서울특별시 강동구 고덕로 353, 고덕그라시움아파트(상가1동) 208호 (고덕동)","고덕약국","02-427-9904","1830","0900","1830","0900","1830","0900","1830","0900","1830","0900","1300","0900","C1107327","052","24","1504","37.557135101795","127.164510295845"
"경기도 평택시 고덕중앙로 200-4, 우성고덕타워 118호 (고덕동)","고덕우리약국","031-611-0662","1800","0900","1800","0900","1800","0900","1800","0900","1800","0900","1300","0900","C2109048","180","14","1505","37.047773305463","127.044209743925"
"경기도 평택시 고덕면 궁2길 67, 103호","고덕중앙약국","031-667-0116","2000","0900","2000","0900","2000","0900","2000","0900","2000","0900","1500","0900","C2101315","178","21","1506","37.01558063005312","127.03494393267243"
"서울특별시 강동구 구천면로 658, 1층 (상일동)","종합병원, 병의원 처방 조제 모두 가능합니다 일반의약품 판매 합니다","고덕튼튼약국","02-428-1333","1900","0930","1900","0930","1900","0930","1900","0930","1900","0930","1500","0900","C1110114","052","82","1507"
"서울특별시 강동구 고덕로 353, 고덕그라시움(제1상가) 254,255호 (고덕동)","고덕퍼스트약국","02-515-7293","2000","0900","2000","0900","2000","0900","2000","0900","2000","0900","1330","0900","1300","0900","C1108578","052","24","1508","37.557135101795","127.164510295845"
"서울특별시 강동구 고덕로 262, 고덕역 효성해링턴 타워 더퍼스트 1층 106호 (명일동)","고덕하나약국","02-427-0108","2100","0830","2100","0830","2100","0830","2100","0830","2100","0830","1800","0830","1800","1300","C1110196","052","69","1509","37.5546676606413","127.154622234195"
"서울특별시 강동구 고덕로 266, 고덕역 대명벨리온 408호 (명일동)","고덕호약국","02-426-3633","1930","0900","2030","0900","1930","0900","1930","0900","2030","0900","1530","0900","C1109273","052","69","1510","37.5546936843646","127.15511458665"
"서울 구로구 디지털로26길 123 지플러스타워 로비층 B105호 (구로동)","고래약국","02-856-0630","2000","0800","1900","0800","1900","0800","2000","0800","1900","0800","C1109748","083","90","1511","37.4830823343746","126.897699487349"
"대구광역시 달서구 상화북로 186, 1층 (상인동)","고래약국","053-242-7575","1900","0900","1900","0900","1900","0900","1900","0900","1900","0900","1300","0900","C1301856","428","14","1512","35.812913783821706","128.54610005364617"
"인천광역시 부평구 마장로324번길 8-19, 103호 (산곡동)","고래약국","032-271-3918","1400","0900","1400","0900","1400","0900","1400","0900","1400","0900","C1401445","213","62","1513","37.505913372427386","126.70397169920937"
"광주광역시 광산구 선운중앙로 65, 109호 (선암동)","고래약국","062-452-1730","2100","0830","2100","0830","2100","0830","2100","0830","2100","0830","2100","0830","1800","1000","C1501371","623","91","1514","35.1483187590981","126.779155952524"
"인천광역시 중구 공항문화로 127, 인스파이어 1층 F-12A호 (운서동)","고래약국","032-213-1017","2200","0900","2200","0900","2200","0900","2200","0900","2200","0900","2200","0900","2200","0900","2200","0900","C1402088","223","82","1515","37.4655300794822","126.389117686755"
"서울특별시 노원구 상계로 32, 노원역 보미 더 클래스 오피스텔 1층 105-1호 (상계동)","토요일 13:20~14:00 휴게시간","고래약국","02-938-2023","1930","1000","1930","1000","1930","1000","1930","1000","1930","1000","1600","0900","C1109891","016","89","1516","37.6550293412945","127.058734183791"
"서울특별시 마포구 신촌로 지하 90, 신촌역 B1 240-107호 (노고산동)","고래약국","02-333-7967","2300","0800","2300","0800","2300","0800","2300","0800","2300","0800","2300","0900","2300","0900","2300","0900","C1109282","040","58","1517","37.5554417865984","126.936119192554"
"경기도 양주시 옥정동로 177, 수현프라자 주1동 1층 일부 (옥정동)","고래약국","031-866-0922","2000","0900","2000","0900","2000","0900","2000","0900","2000","0900","1800","0900","1300","0900","1300","0900","C2109955","114","74","1518","37.8228998246815","127.098904542456"
"경기도 김포시 양도로19번길 21, 재인지엘프라자 1층 103호 (풍무동)","고래약국","031-981-3361","1800","0900","1800","0900","1800","0900","1800","0900","1800","0900","1300","0900","C2110141","101","13","1519","37.6083398970581","126.724882492776"
"인천광역시 연수구 해돋이로152번길 9, 102,103호 (송도동)","13:00~14:00 점심시간","고래온누리약국","032-710-1242","2030","0830","2030","0830","1900","0830","1900","0830","2030","0830","1700","0800","C1402043","220","02","1520","37.3949839903136","126.647089398704"
"경기도 평택시 중앙2로 25 (평택동)","고려사약국","031-618-7143","2100","0900","2100","0900","2100","0900","2100","0900","2100","0900","1800","0900","1400","0900","C2102048","179","09","1521","36.9917503256","127.0898436693"
"경기도 이천시 설봉로 32 (중리동)","고려생약국","031-636-6106","1900","0900","1900","0900","1900","0900","1900","0900","1900","0900","1400","0900","C2100729","173","75","1522","37.279249999999998","127.437713888888894"
"전북특별자치도 전주시 완산구 팔달로 196","외환은행 건너편","고려약국","063-284-5767","1930","0830","1930","0830","1930","0830","1930","0830","1930","0830","1930","0830","1930","0830","C2500031","550","00","1523","35.819829311922774","127.14665481920856"
"경상남도 김해시 진례면 송현로 13","일요일,공휴일은 전화문의 후 방문","진례우체국","고려약국","055-345-5017","1900","0900","1900","0900","1900","0900","1900","0900","1900","0900","1700","0900","1500","1300","C2800326","621","883","1524","35.24894679849484","128.7498088413359"
"경상남도 진주시 진주대로 1072, (대안동)","중앙시장 안","고려약국","055-747-0035","1900","0800","1900","0800","1900","0800","1900","0800","1900","0800","1300","0800","C2800889","527","54","1525","35.195299963212555","128.08377741273136"
"전북특별자치도 부안군 부안읍 번영로 134,","09","부안컨벤션웨딩홀 앞","고려약국","063-581-5372","1730","0900","1730","0900","1730","0900","1730","0900","1730","0900","1200","0900","C2500332","563","13","1526","35.72603120856551","126.73508372433778"
"서울특별시 강동구 천호대로 1125, (길동)","길동4거리에서천호동방면으로70m대로변","고려약국","02-477-5257","2200","0800","2200","0800","2200","0800","2200","0800","2200","0800","1530","0800","C1102966","053","55","1527","37.5348955130334","127.136811289055"
"경상북도 울진군 북면 울진북로 2067","*2021년 휴일지킴이약국 - 2.21, 3.7, 3.14, 3.21, 4.4, 4.11, 4.18, 5.2, 5.9, 5.16, 5.23, 6.6, 6.13, 6.20, 7.4, 7.11, 7.18, 8.1, 8.8, 8.15, 8.22, 9.5, 9.12, 9.19, 10.3, 10.10, 10.17, 10.24, 11.7, 11.14, 11.21, 12.5, 12.12, 12.19 * 명절 지킴이약국 별도 운영","부구삼거리","고려약국","054-783-6977","1900","0800","1900","0800","1900","0800","1900","0800","1900","0800","1800","0800","1800","1400","C2701061","363","05","1528","37.10128367412647","129.37200158688458"
"서울특별시 중랑구 상봉로 49, (면목동)","고려약국","02-433-6447","2100","0900","2100","0900","2100","0900","2100","0900","2100","0900","1630","0830","C1104648","021","62","1529","37.5902590140697","127.09337558784"
"경기도 여주시 점동면 청안로 123,","점동면사무소에서장호원방향으로30미터","고려약국","031-881-1163","2100","0900","2100","0900","2100","0900","2100","0900","2100","0900","C2103318","126","67","1530","37.20560884023507","127.6616278531432"
"충청남도 금산군 금산읍 금산로 1483, 고려약국","금산버스터미널 위쪽","고려약국","041-751-4819","1830","0900","1830","0900","1830","0900","1830","0900","1830","0900","1500","0900","1300","0900","C2400544","327","36","1531","36.10619342674706","127.48922189051313"
"충청남도 부여군 부여읍 성왕로 183,","옹달샘분식 맞은편","고려약국","041-835-6670","2000","0800","2000","0800","2000","0800","2000","0800","2000","0800","2000","0800","1300","0800","C2400470","331","41","1532","36.281429374503304","126.90843954040313"
"부산광역시 해운대구 해운대로89번길 10 (재송동)","재송삼익아파트 큰길 육교앞","고려약국","051-781-5466","1900","0900","1900","0900","1900","0900","1900","0900","1900","0900","1400","0900","C1200713","480","54","1533","35.189286111111109","129.121336111111106"
"대전광역시 중구 계백로 1592 (유천동)","공휴일 불규칙하게 운영합니다.","유천사거리 국민은행 맞은편","고려약국","042-584-0955","1900","0900","1900","0900","1900","0900","1900","0900","1900","0900","1700","0900","C1600518","349","73","1534","36.31806728166649","127.39734277323075"
"서울특별시 강북구 삼양로 337 (수유동)","","화계사입구사거리에서길음역쪽으로10m거리","고려약국","02-980-6875","2000","0900","2000","0900","2000","0900","2000","0900","2000","0900","1400","0900","1400","0830","C1101926","010","98","1535","37.6336215220719","127.01734565592"
"울산광역시 남구 문수로335번길 6 (옥동)","옥동성당옆","고려약국","052-267-1044","1900","0900","1900","0900","1300","0900","1900","0900","1900","0900","1300","0900","C1700029","446","46","1536","35.53561345389195","129.2904945583585"
"경상북도 안동시 경동로 912 (용상동)","휴일 운영","용상지역 휴무없이 운영중","안동시 용상동 1주공아파트 맞은편","고려약국","054-821-0752","2200","0830","2200","0830","2200","0830","2200","0830","2200","0830","2200","0830","2200","0900","2200","0900","C2700358","367","20","1537","36.55675676956953","128.75476291410445"
"경기도 고양시 일산서구 원일로 73 (일산동)","고려약국","031-975-6611","2100","0900","2100","0900","2100","0900","2100","0900","2100","0900","2000","0900","2000","0900","2000","0900","C2102373","103","50","1538","37.68642502287825","126.77048520270843"
"경상북도 영천시 시장로 51-1","고려약국","054-334-2341","1800","0900","1800","0900","1800","0900","1800","0900","1800","0900","1430","0900","C2700909","388","88","1539","35.963597455322564","128.9359315624596"
"인천광역시 계양구 경명대로 1074, 삼환1빌딩 102호 (계산동)","계산역 3번출구 앞","고려원약국","032-541-0248","2500","0900","2500","0900","2500","0900","2500","0900","2500","0900","1700","0900","1300","0900","C1400638","210","50","1540","37.54306862204408","126.72657643146354"
"경기도 부천시 옥산로138번길 30, 1층 107호 (춘의동, 광성아파트)","일요일은 매주 변동있음","고릴라약국","032-684-0733","1900","0900","1900","0900","1900","0900","1900","0900","1900","0900","1400","0900","1300","1000","C2107865","145","27","1541","37.50550996707019","126.78192470443604"
"경기도 용인시 처인구 고림로 140, 1층 일부호 (고림동)","고림하나로약국","070-4667-2088","1800","0900","1800","0900","1800","0900","1800","0900","1800","0900","1300","0900","C2109868","171","49","1542","37.2439547425263","127.219482666383"
"충청북도 청주시 서원구 분평로 86","고마운약국","043-287-7433","1900","0900","1900","0900","1900","0900","1900","0900","1900","0900","1300","0900","C2300189","288","01","1543","36.608130024170855","127.49487238927543"
"경기도 수원시 영통구 중부대로448번길 97, 삼성테크노파크 103호 (원천동)","고마운약국","031-214-7588","1900","0900","1900","0900","1900","0900","1900","0900","1900","0900","1400","0900","C2109215","165","21","1544","37.2665054164727","127.059428825308"
"광주광역시 북구 면앙로 179, (두암동)","에덴병원 근접","고명약국","062-261-1989","2100","0800","2100","0800","2100","0800","2100","0800","2100","0800","2100","0800","2100","0800","2100","0800","C1500025","611","67","1545","35.175747222222220","126.931261111111112"
"서울특별시 서초구 바우뫼로 23, 101호 (우면동,선일상가)","선일상가101호","고명약국","02-2057-3448","1830","0915","1830","0915","1830","0915","1830","0915","1830","0915","1300","0915","C1101928","067","62","1546"
"서울특별시 도봉구 도봉로 726, 1층 102호 (방학동)","고명약국","02-3493-0343","2000","0900","2000","0900","2000","0900","2000","0900","2000","0900","1500","0900","C1110714","013","33","1547"
"경기도 포천시 소흘읍 죽엽산로 211, 1층","고모약국","031-542-9794","2200","0830","2200","0830","2200","0830","2200","0830","2200","0830","2130","0830","2100","0900","C2103877","111","85","1548","37.81309519572639","127.16193376077894"
"서울특별시 송파구 마천로41길 21 (마천동)","일요일 운영 여부 변동 가능.","송파구마천시장입구","고바우약국","02-402-0730","1940","0900","1940","0900","1940","0900","1940","0900","1940","0900","1900","0900","1730","1030","C1102978","057","51","1549","37.4971212183555","127.150033023381"
"경상북도 김천시 자산로 155 (평화동)","공휴일은 유동적으로 운영","고바우약국","054-432-2233","1840","0800","1840","0800","1840","0800","1840","0800","1840","0800","1500","0800","C2700492","395","85","1550","36.124104616999425","128.11780764831076"
"경상북도 포항시 북구 흥해읍 흥해로 26","고바우약국","054-261-6889","1830","0900","1830","0900","1830","0900","1830","0900","1830","0900","1400","0900","C2701395","375","45","1551","36.10777356902086","129.34504526299497"
"경상북도 경주시 화랑로 107-1 (동부동)","경주내과 옆","고바우약국","054-742-4358","1830","0830","1830","0830","1830","0830","1830","0830","1830","0830","1530","0830","C2700995","381","45","1552","35.84475545894898","129.21258463889976"
"경기도 고양시 일산동구 공릉천로 32, (사리현동)","고봉약국","031-964-4290","1900","0900","1900","0900","1900","0900","1900","0900","1900","0900","1400","0900","C2102260","102","61","1553","37.69616859359096","126.84474843709495"
"경기도 의정부시 서광로 135, 104,105호 (산곡동)","고산메디칼센터약국","031-847-0691","1800","0900","1800","0900","1800","0900","1800","0900","1800","0900","C2108508","118","00","1554","37.7289621288665","127.110943422915"
"대구광역시 수성구 달구벌대로619길 8, 1층 (시지동)","고산연합약국","053-791-6622","1830","0900","1830","0900","1830","0900","1830","0900","1830","0900","1330","0830","C1301276","422","62","1555","35.84317655846319","128.69619377167865"
"경기도 광주시 태봉로 226-18, 1층 108호 (고산동)","고산제일약국","031-761-0417","1800","0900","1800","0900","1800","0900","1800","0900","1800","0900","1300","0900","C2110097","127","90","1556","37.3727434806667","127.229712097683"
"경기도 수원시 권선구 산업로 180, 1층 107호 (고색동)","고색약국","070-8834-9393","1830","0830","1830","0830","1830","0830","1830","0830","1830","0830","1330","0830","C2108494","166","48","1557","37.2424448216668","126.984107206023"
"전라남도 담양군 고서면 가사문학로 329","일요일, 공휴일 미운영","고서면사무소 근처","고서약국","061-381-3338","1830","0800","1830","0800","1700","0800","1830","0800","1830","0800","1400","0800","C2600326","573","85","1558","35.2233767456","126.9737520219"
"강원특별자치도 고성군 거진읍 거진길 29-1","토요일 운영안내: 2째주,4째주 운영(1주,3주,5주 휴무)","삼성전자 거진대리점, 세브란스의원맞은편","고성군민약국","033-682-1594","1830","0830","1830","0830","1830","0830","1830","0830","1830","0830","1230","0830","C2200346","247","17","1559","38.4466875610455","128.4543336465648"
"서울특별시 서초구 신반포로 194, 서울고속버스터미널 본관동1층 쇼케이스1호 (반포동)","고속터미널약국","02-595-2260","2100","0900","2100","0900","2100","0900","2100","0900","2100","0900","2100","0900","2100","0900","2100","0900","C1108687","065","45","1560","37.504355112744406","127.00570287539011"
"제주특별자치도 제주시 동광로 131 (일도이동)","일요일은 산부인과 운영에 따라 달라질 수 있으니 전화 후 방문 부탁드립니다.","인제사거리, 일도클리닉 1층","고승아약국","064-726-6988","1830","0830","1830","0830","1830","0830","1830","0830","1830","0830","1630","0830","1230","0830","C2900109","690","012","1561","33.50794675072293","126.54061857135987"
"부산광역시 서구 감천로 255 (암남동)","진료 과목에 따라 운영 시간이 변경될 수 있습니다.","청암빌딩1층","고신정문약국","051-245-1245","1800","0900","1800","0900","1800","0900","1800","0900","1800","0900","C1201030","492","65","1562","35.08157352992964","129.01602355699572"
"광주광역시 광산구 풍영로330번길 15 (장덕동,휴먼시아 8단지 주상가 102-2호)","수완지구고실마을신안실크밸리상가","고실건강약국","062-955-7327","1800","0900","1800","0900","1800","1400","1800","0900","1800","0900","1300","0900","C1500253","622","21","1563","35.20086240250629","126.81626389425253"
"서울특별시 광진구 구의로 7, 1층 2호 (구의동)","첫째, 셋째주 일요일 휴무","고약국","02-457-6159","2100","0900","2100","0900","2100","0900","2100","0900","2100","0900","2100","0900","2100","1400","2100","1400","C1109513","050","44","1564","37.538605539146","127.089069338501"
"경기도 안양시 동안구 경수대로 529, 1층 (호계동)","고약국","031-455-7861","1930","0930","1930","0930","1930","0930","1930","0930","1930","0930","1500","0930","C2101370","141","20","1565","37.370673813212484","126.95748368775075"
"전북특별자치도 전주시 덕진구 기린대로 694 (팔복동1가)","전북은행 옆","고약국","063-211-0706","2100","0800","2100","0800","2100","0800","2100","0800","2100","0800","2100","0800","C2500564","548","45","1566","35.853520759776906","127.10591506487182"
"경기도 고양시 덕양구 혜음로 36 (고양동)","고양시장맞은편버스정류장","고양새물약국","031-962-4817","1800","1100","1800","1100","1800","1100","1800","1100","1800","1100","2100","0830","C2103507","102","75","1567","37.7036578828","126.9022098344"
"경기도 고양시 덕양구 고양대로 1955, 스타필드 고양 B1층 245호 (동산동)","고양스타약국","031)5173-0405","2200","1000","2200","1000","2200","1000","2200","1000","2200","1000","2200","1000","2200","1000","2200","1000","C2107716","105","95","1568","37.6469763082","126.8947784062"
"경기도 고양시 덕양구 혜음로 38, (고양동)","고양이화약국","031-969-1711","1900","0900","1900","0900","1900","0900","1900","0900","1900","0900","1400","0900","C2102410","102","74","1569","37.703937204028186","126.90222990017668"
"경기도 고양시 덕양구 화중로 50, 반석플라자 101호 (화정동)","고양제일큰약국","031-973-1005","1800","0900","1800","0900","1800","0900","1800","0900","1800","0900","1300","0900","C2109929","105","00","1570","37.6317029490777","126.830686746113"
"경기도 고양시 일산서구 대화로 362, 1층 (대화동, 고양농수산물종합유통센터)","공휴일 당일 오전 운영안함","고양하나로약국","070-4228-1128","2130","0900","2130","0900","2130","0900","2130","0900","2130","0900","2130","0900","2130","0900","2130","0900","C2107218","102","26","1571","37.683597033","126.746378357"
"경기도 고양시 덕양구 보광로 2, 1층 일부호 (고양동)","고양힐약국","031-967-7744","2100","0900","2100","0900","2100","0900","2100","0900","2100","0900","1800","0900","1800","1200","1800","1200","C2107952","102","71","1572","37.71712843859234","126.90124848680203"
"서울특별시 서초구 신반포로 지하 188, 지하1층 (반포동, 강남고속터미널역)","고연뿌리약국","02-534-7500","2045","0830","2045","0830","2045","0830","2045","0830","2045","0830","2045","0830","2045","0830","2045","0830","C1107477","065","45","1573","37.505697668757946","127.00433731656352"
"세종특별자치시 마음로 272-4, 고운메디프라자 109,110호 (고운동)","고운동","고운길약국","070-7716-7577","1920","0900","1920","0900","1920","0900","1920","1400","1920","0900","1400","0900","C1800367","300","62","1574","36.5195854223468","127.235339934749"
"서울특별시 강서구 양천로 500, 등촌동노블리움오피스텔 115호 (등촌동)","지하철9호선가양역6번출구바로앞","고운마음약국","02-3663-7779","2100","0940","2100","0940","2100","0940","2100","0940","2100","0940","2000","0940","C1103347","075","48","1575","37.560509841885676","126.85572253955512"
"경기도 고양시 덕양구 호국로789번길 6, 중앙빌딩 1층 102호 (주교동)","고운맘약국","031-968-1206","2000","0800","2000","0800","2000","0800","2000","0800","2000","0800","1600","0800","1600","0800","C2102820","104","62","1576","37.65676042227226","126.83598860248726"
"경기도 부천시 길주로 347, 1층 (중동)","고운미소약국","032-676-0757","2030","0900","2030","0900","2030","0900","2030","0900","2030","0900","1330","0900","C2108105","145","30","1577","37.5032272627233","126.782211591621"
"대구광역시 중구 동덕로 141 (삼덕동2가)","경대병원건너편","고운빛온누리약국","053-424-3253","1800","0900","1800","0900","1800","0900","1800","0900","1800","0900","1300","0900","C1300635","419","40","1578","35.86721538746564","128.60336530591633"
"충청남도 당진시 당진중앙2로 103-8 (읍내동)","진원스타타워","고운손약국","041-357-2207","1900","0840","1900","0840","1840","0840","1900","0840","1900","0840","1300","0840","C2400834","317","70","1579","36.89452072120258","126.63051256379563"
"부산광역시 연제구 월드컵대로20번길 10","물만골지하철2번출구","고운약국","051-851-0169","1900","0900","1900","0900","1900","0900","1900","0900","1900","0900","1400","0900","C1201071","475","91","1580","35.17645523104472","129.08654217440815"
"대구광역시 수성구 명덕로 441 (수성동3가)","고운약국","053-751-3030","1830","0900","1830","0900","1830","0900","1830","0900","1830","0900","1300","0900","C1301540","421","19","1581","35.8544588002","128.6183300753"
"울산광역시 남구 삼산로 14 (신정동)","공업탑우리은행맞은편","고운약국","052-271-7855","1830","0900","1830","0900","1830","0900","1830","0900","1830","0900","1400","0900","C1700030","447","30","1582","35.53250509099185","129.30947647294187"
"경기도 화성시 동탄반석로 120, 제일프라자 208호 (반송동)","고운약국","031-613-0446","1900","0900","1900","0900","1900","0900","1900","0900","1900","0900","C2103485","184","55","1583","37.19960656974928","127.07164350357485"
"대구광역시 중구 태평로 13, 1층 (달성동)","고운약국","053-522-0119","1800","0900","1800","0900","1800","0900","1800","0900","1800","0900","C1301885","419","00","1584","35.8752120502832","128.592254068133"
"경상북도 경주시 용황로 69, 104호 (용강동)","고운약국","070-7622-0013","1900","0900","1900","0900","1900","0900","1900","0900","1900","0900","1600","0900","C2701649","380","69","1585","35.8832629125382","129.225595997797"
"대전광역시 서구 대덕대로 195, 1층(둔산동,현대빌딩)","타임월드근처현대빌딩","고운약국","042-489-1256","1900","1000","1900","1000","1900","1000","1900","1000","2000","1000","1500","1000","C1600411","352","30","1586","36.35074939323179","127.37760354883338"
"서울특별시 송파구 송이로32길 37, 201동 1층 04호 (문정동, 문정푸르지오아파트)","13:00~14:00 휴게시간","문정역 인근","고운약국","02-400-8786","2030","0900","2030","0900","2030","0900","2030","0900","1900","0900","1700","0900","1800","0900","C1108250","057","97","1587","37.4869810920009","127.127244307271"
"전북특별자치도 전주시 완산구 홍산로 245(효자동2가)","고운약국","063-223-5253","2000","0900","2000","0900","2000","0900","2000","0900","2000","0900","1400","0900","C2501421","549","66","1588","35.8155162605585","127.105481895367"
"경상남도 김해시 율하로 478, 102호 (장유동)","고운약국","055-312-0227","1900","0900","1900","0900","2000","0900","1900","0900","1900","0900","1400","0900","C2802100","510","23","1589","35.1671931645491","128.826917661324"
"제주특별자치도 제주시 서광로 273","이미애피부과 동측다리옆","고운약국","064-723-1339","1830","0800","1830","0800","1830","0800","1830","0800","1830","0800","1300","0800","C2900071","631","99","1590","33.50035629645597","126.52559267660507"
"경기도 안양시 동안구 시민대로 317, 대한스마트타워 110호 (관양동)","고운온누리약국","031-422-3153","1800","1000","1800","1000","1800","1000","1800","1000","1800","1000","C2108844","140","55","1591","37.3962567349473","126.965371069042"
"세종특별자치시 마음로 264, 고운프라자 107호 (고운동)","고운동","고운우리약국","044-417-6141","1800","0900","1800","0900","1800","0900","1800","0900","1800","0900","1300","0900","C1800344","300","62","1592","36.5193378025522","127.234599308677"
"인천광역시 남동구 남동대로922번길 52, 1층 일부 (간석동)","고운정약국","032-288-3203","2000","0900","2000","0900","2000","0900","2000","0900","2000","0900","1500","0900","A1403072","215","44","1593","37.4646196848","126.7117396441"
"서울특별시 금천구 시흥대로153길 68, (가산동)","일요일은 유동적이므로 반드시 전화 확인 후 이용바랍니다.","서울반도체앞","고원약국","02-856-7123","2200","0900","2200","0900","2200","0900","2200","0900","2200","0900","2200","0900","1800","1000","2200","0900","C1101981","085","29","1594","37.4768599871722","126.894746841192"
"경기도 평택시 평택로 51, 평택민자역사 (평택동)","고유약국","031-000-0000","1800","0900","1800","0900","1800","0900","1800","0900","1800","0900","1300","0900","C2110077","179","17","1595","36.9918974768998","127.083288658126"
"서울특별시 동작구 사당로23바길 9, 상가동 101호 (사당동, 동작삼성래미안아파트)","서울동작구사당3동175-24","고은약국","02-532-5384","2000","0900","2000","0900","2000","0900","2000","0900","2000","0900","1400","0900","C1101879","070","02","1596","37.48961798221805","126.97100500811351"
"대구광역시 동구 팔공로51길 15-5 104호","고은약국","053-985-5225","1900","0900","1900","0900","1900","0900","1900","0900","1900","0900","1400","0900","C1301332","410","26","1597","35.9224675706093","128.63971410360125"
"대구광역시 달서구 조암남로 38 (월성동)","월성태왕아너스상가","고은약국","053-631-8812","2130","0900","2130","0900","2130","0900","2130","0900","2130","0900","1900","0900","C1300469","427","57","1598","35.82188484730197","128.52857244731663"
"부산광역시 수영구 수영로725번길 4","2,3호선 수영역 3번출구","고은약국","070-7779-6261","1830","0900","1830","0900","1830","0900","1830","0900","1830","0900","1300","0900","C1202214","482","27","1599","35.16870198789038","129.11852092105408"
"부산광역시 부산진구 동평로 373, 1층 (양정동)","버스정류장: 거양교회","고은약국","051-867-5067","1800","0900","1800","0900","1800","0900","1800","0900","1800","0900","1300","0900","C1202289","471","19","1600","35.1750234319","129.0659570062"
"경기도 부천시 소사구 경인로 505, 306-1호 (괴안동, 역곡하이뷰)","역곡역 1번출구 역곡 CGV건물 1층","고은약국","032-351-7567","1900","0900","1900","0900","1900","0900","1900","0900","1900","0900","1300","0900","C2100295","146","76","1601","37.48445129626095","126.810998682475"
"경기도 용인시 처인구 포곡읍 포곡로 121, 1층","고은약국","031-321-8818","1800","0900","1800","0900","1800","0900","1800","0900","1800","0900","1300","0900","C2110241","170","27","1602","37.270144902511","127.218389840599"
"서울특별시 은평구 은평로 8, (신사동)","신사동고개,신사동성당맞은편","고은약국","02-303-7311","1830","0850","1830","0850","1830","0850","1830","0850","1830","0850","1430","0850","C1104427","034","50","1603","37.5967362353048","126.90974287314"
"경상남도 김해시 가락로 23, 106호 (부원동)","고은약국","055-314-1881","1830","0900","1830","0900","1830","0900","1830","0900","1830","0900","1500","0900","C2802128","509","26","1604","35.2287051062312","128.882152984918"
"부산광역시 남구 우암로 168, 우암동우체국 (우암동)","버스정류장:동일아파트입구","고은약국","051-647-7741","1800","0900","1800","0900","1800","0900","1800","0900","1800","0900","1230","0900","C1201049","484","73","1605","35.12461043372985","129.07854635162613"
"충청북도 청주시 청원구 충청대로 121, (율량동)","청주라마다호텔앞","고은약국","043-211-6644","2000","0900","2000","0900","2000","0900","2000","0900","2000","0900","1230","0900","1230","0900","C2300515","283","33","1606","36.66740503854056","127.49338813028726"
"제주특별자치도 서귀포시 남원읍 태위로 691","둘째, 넷째주 목요일 오후 정기휴무","고은약국","064-764-8878","1830","0830","1830","0830","1830","0830","1830","0830","1830","0830","1300","0830","C2900178","699","941","1607","33.27965633233422","126.72031215739429"
"경상남도 진주시 순환로 527 (평거동)","좋은소아청소년과 건물 1층","고은약국","055-744-8899","1900","0900","1900","0900","1900","0900","1900","0900","1900","0900","1400","0900","1300","0800","C2801710","527","03","1608","35.17120592353946","128.0614385244399"
"경상남도 거제시 고현로 88 (고현동)","고은약국","055-633-3375","1830","0840","1830","0840","1830","0840","1830","0840","1830","0840","1330","0840","C2801999","532","54","1609","34.8861299514","128.6225255533"
"부산광역시 남구 석포로 76 (대연동)","버스정류장: 남광시장","고은약국","051-628-9523","1930","0900","1930","0900","1930","0900","1930","0900","1930","0900","1500","0900","1300","0900","C1201398","485","39","1610","35.1244651198","129.0886342108"
"경상북도 영덕군 강구면 동해대로 4467","평강주유소맞은편","고은약국","054-732-0898","1900","0830","1900","0830","1900","0830","1900","0830","1900","0830","1300","0830","C2700202","364","58","1611","36.35607806290228","129.38046751787064"
"인천광역시 남동구 구월말로 117, 1층 (만수동)","만수소방서 옆","고은약국","032-471-8248","2000","0900","2000","0900","2000","0900","2000","0900","2000","0900","1700","0900","1700","0900","C1400657","215","42","1612","37.459757819055326","126.72535341223832"
"서울특별시 강동구 천호대로 1153, 1층 (길동)","공휴일 운영 유동적이므로 공휴일에 방문시 필히 연락바랍니다.","길동사거리","고은온누리약국","02-477-9403","2000","0830","2000","0830","2000","0830","2000","0830","2000","0830","1800","0830","1500","1000","C1101880","053","56","1613","37.5340832746549","127.139648059949"
"서울특별시 동작구 여의대방로36길 1 (대방동)","대방동해군회관사거리성남중고방면","고은온누리약국","02-826-8347","2000","0930","2000","0930","2000","0930","2000","0930","2000","0930","1600","0930","C1104558","069","45","1614","37.5042293772636","126.92238041148"
"경기도 양주시 고읍남로 6-16, 107호 (광사동, 광장프라자)","롯데시네마양주점1층","고읍태양약국","031-856-1122","1300","0900","2000","0800","2000","0800","2000","0800","2000","0800","1600","0800","1300","0900","C2103474","114","92","1615","37.79569687213043","127.07890496039704"
"경상북도 경산시 하양읍 대학로 1524, 1층","고인돌약국","053-851-7272","1830","0900","1830","0900","1830","0900","1830","0900","1830","0900","1430","0900","1430","0900","C2701354","384","35","1616","35.915032834585595","128.82517918361142"
"인천광역시 미추홀구 소성로 150, 101호 (학익동,우성메디토피아)","학익사거리GS마트옆우성빌딩1층","고일약국","032-862-8275","1900","0900","1900","0900","1900","0900","1900","0900","1900","0900","1600","0900","C1400483","222","24","1617","37.442317153860905","126.66499256532587"
"대전광역시 중구 계룡로920번길 23","고일약국","042-254-2500","1830","0900","1830","0900","1830","0900","1830","0900","1830","0900","C1600558","349","64","1618","36.3193039727886","127.41535345854555"
"서울특별시 은평구 증산로3길 8","고일약국","02-303-9715","2000","0900","2000","0900","2000","0900","2000","0900","2000","0900","1500","0900","C1101916","035","00","1619","37.581181525687924","126.90528376946092"
"경기도 안산시 단원구 광덕대로 206, 골든빌 1층 102호 (고잔동)","고잔메디약국","070-4833-4511","1800","0900","1800","0900","1800","0900","1800","0900","1800","0900","1300","0900","C2109691","154","62","1620","37.3147005579691","126.831212824901"
"경기도 안산시 단원구 광덕대로 174, 125층 (고잔동, 월드타운 비동)","월드타운 비동124호","고잔서울약국","031-414-1414","1900","0900","1900","0900","1900","0900","1900","0900","1900","0900","1600","0900","C2101233","154","70","1621","37.31210607374459","126.83081807886327"
"경기도 안산시 단원구 광덕대로 138, 골든에이스프라자 1층 112일부,113호 (고잔동)","고잔아는약국","031-413-6005","2100","0900","2100","0900","2100","0900","2100","0900","2100","0900","2100","0900","1700","1000","1700","1000","C2108155","154","77","1622","37.3087029556747","126.830609767732"
"서울특별시 강북구 도봉로 167","수요일, 일요일, 공휴일 휴무","미아역5번출구에서직진,국민은행건물","고전약국","02-988-7851","1730","0830","1730","0830","1730","0830","1730","0830","1230","0830","C1103267","011","71","1623","37.6236405990841","127.02683920562"
"전북특별자치도 고창군 고창읍 중앙로 206,","전북은행 옆","고창제일약국","063-564-1170","1800","0830","1800","0830","1800","0830","1800","0830","1800","0830","1300","0830","C2500063","564","32","1624","35.434967113187206","126.69808135136054"
"전북특별자치도 고창군 고창읍 중앙로 230, 103호","우성예식장옆","고창종로약국","063-564-8577","1800","0830","1800","0830","1800","0830","1800","0830","1800","0830","1300","0830","C2500263","564","32","1625","35.43487786218563","126.70061065977902"
"서울특별시 구로구 경인로 387, 스카이타워 1층 (고척동)","고척스카이약국","02-3666-9662","1830","0900","2000","0900","2000","0900","2000","0900","1830","0900","1420","0900","C1109494","082","27","1626","37.4970868505034","126.863142594513"
"서울특별시 구로구 경인로47길 126, 1층 (고척동)","고척시장약국","02-2681-3535","1930","0900","1930","0900","1930","0900","1930","0900","1930","0900","1600","0900","1600","1100","C1109299","082","19","1627","37.5042090603849","126.863482453949"
"서울특별시 구로구 중앙로15길 29, 1층 (고척동)","20181106 폐업 강서구보건소 김효연주임님 연락받음","고척햇살약국","02-6091-0823","1800","0830","1800","0830","1800","0830","1800","0830","1800","0830","1300","0830","C1108047","082","41","1628","37.5063474598843","126.858167652089"
"경기도 김포시 고촌읍 태리로 285, 103호","고촌가을약국","031-982-2577","1800","0900","1800","0900","1800","0900","1800","0900","1800","0900","1300","0900","C2109213","101","30","1629","37.5932156257793","126.763900138871"
"경기도 김포시 고촌읍 수기로 115, 센트럴타워 110호","고촌메디컬센타약국","031-981-8600","1800","0900","1800","0900","1800","0900","1800","0900","1800","0900","C2108159","101","30","1630","37.5934718192772","126.763606062054"
"부산광역시 기장군 철마면 고촌로 28, 101호","버스정류장: 고촌LH아파트","고촌약국","051-724-8523","1830","0900","1830","0900","1830","0900","1830","0900","1830","0900","1300","0900","C1202494","460","51","1631","35.23959212541819","129.17078545965833"
"경기도 김포시 고촌읍 장차로 4, 1층","고촌읍사무소앞","고촌약국","031-986-3312","2100","0900","2100","0900","2100","0900","2100","0900","2100","0900","2000","0900","C2100406","101","25","1632","37.602388911537055","126.76998862722348"
"서울특별시 서초구 신반포로 지하188, 강남고속터미널역 7호선 지하2층 202,203,204호 (반포동)","고터메트로약국","070-8885-0707","2100","0700","2100","0700","2100","0700","2100","0700","2100","0700","1900","0800","1900","0800","1800","0800","C1110823","065","45","1633"
"경기도 가평군 설악면 한서로 9","고향약국","031-584-1902","1900","0900","1900","0900","1900","0900","1900","0900","1900","0900","C2103575","124","65","1634","37.676710889059216","127.49497396318739"
"서울특별시 중구 남대문로 22(남대문로3가)","고향약국","02-3789-7749","2200","0730","2200","0730","2200","0730","2200","0730","1930","0730","2200","0730","2200","0800","C1109534","045","29","1635","37.5608455494441","126.978149514715"
"경상남도 거제시 서문로5길 6, 104호 (고현동)","고현서울약국","055-636-8539","2300","0830","2100","0830","2300","0830","2300","0830","2300","0830","1800","0900","1800","0900","1800","0900","C2801732","532","52","1636","34.88921809649657","128.62101119233031"
"경상남도 거제시 거제중앙로 1873-1, 1층 (고현동)","12/25 성탄절, 1/1 새해 휴무","고현시장약국","055-635-8818","1930","0800","1930","0800","1930","0800","1930","0800","1930","0800","1630","0800","1800","0900","C2802455","532","54","1637","34.8855571031792","128.624273053865"
"경기도 오산시 남부대로 411-12, 주광프라자 104호 (고현동)","고현약국","031-663-3210","1930","0930","1930","0930","1930","0930","1930","0930","1930","0930","C2107602","181","50","1638","37.1358482502","127.0820680658"
"경상남도 거제시 거제중앙로 1867","우체국","고현약국","055-635-2125","1900","0900","1900","0900","1900","0900","1900","0900","1900","0900","1600","0900","C2800762","532","56","1639","34.88487174990498","128.62465521207594"
"전라남도 고흥군 고흥읍 터미널길 14, 1층 101호","고흥사랑약국","061-835-3888","1830","0830","1830","0830","1830","0830","1830","0830","1830","0830","1230","0830","C2601271","595","43","1640","34.6064229289299","127.281518049991"
"전라남도 보성군 득량면 예당길 168-2","전남보성군득량면예당리개인택시사무실옆","고흥약국","061-853-5510","1830","0700","1830","0700","1830","0700","1830","0700","1830","0700","1300","0700","C2600086","594","36","1641","34.779724538643734","127.20005438114816"
"전라남도 곡성군 곡성읍 곡성로 761","곡성장례식장 근처","곡성건강약국","061-363-5115","1700","0830","1700","0830","1700","0830","1700","0830","1700","0830","1200","0830","C2600170","575","40","1642","35.27627180563994","127.28843322885258"
"전라남도 곡성군 곡성읍 중앙로 105","보배치과 맞은편","곡성종로약국","061-363-7118","1900","0800","1900","0800","1900","0800","1900","0800","1900","0800","C2600180","575","36","1643","35.280825868051004","127.29423103196308"
"경기도 광주시 곤지암읍 곤지암로 42","곤지암지구대옆","곤지암약국","031-763-0678","2100","0830","2100","0830","2100","0830","2100","0830","2100","0830","2100","0830","1300","0900","C2101946","128","04","1644","37.34981959811076","127.34217795666956"
"서울특별시 강남구 선릉로86길 31","선릉역 1번출구 롯데골드로즈 2 318호 일부","골드로즈약국","02-567-3609","2000","0900","2000","0900","2000","0900","2000","0900","2000","0900","1500","0900","C1102965","061","93","1645","37.5041662879426","127.052043567109"
"경기도 이천시 중리천로 76, 4층 (중리동, 라온팰리스)","골드약국","031-631-3317","2100","0900","2100","0900","2100","0900","2100","0900","2100","0900","2200","0830","C2100067","173","74","1646","37.278441483860526","127.4457419603812"
"경기도 광명시 광명로 850, 1층 (광명동)","광명동 290-19","골드약국","02-6956-2488","2100","0900","2100","0900","2100","0900","2100","0900","2100","0900","1600","0900","1600","0900","1600","0900","C2109675","142","68","1647","37.474994056983","126.852655841639"
"서울특별시 동작구 동작대로 89, 504호 (사당동, 골든시네마타워)","골드시네마타워 504호","골드약국","02-588-8013","1900","0900","1900","0900","1900","0900","1900","0900","1900","0900","1600","0900","C1103495","070","13","1648","37.4846140265703","126.981665713772"
"경상북도 경산시 대학로 39 (정평동) 1층","골드팜행복나눔약국","053-814-2277","1900","0900","1900","0900","1900","0900","1900","0900","1900","0900","1600","0900","C2700499","386","53","1649","35.8346093146","128.7272626088"
"경기도 김포시 김포한강1로 250, 1층 133호 (운양동)","골든약국","031-989-8632","1900","0900","1900","0900","1900","0900","1900","0900","1900","0900","1300","0900","C2107857","100","78","1650","37.653356321679745","126.68495677526836"
"경기도 광명시 범안로 1056, 골든힐쇼핑센타 109호,110(일부)호 (하안동)","골든힐약국","02-892-6920","2000","0900","2000","0900","2000","0900","2000","0900","2000","0900","1600","0900","C2100802","143","06","1651","37.462441809029535","126.88024380761922"
"서울특별시 강서구 곰달래로 226 (화곡동)","남부골목시장 인근","곰달래약국","02-2642-4196","2000","0900","2000","0900","2000","0900","2000","0900","2000","0900","1700","0900","C1101976","077","84","1652","37.5315761590973","126.858091268616"
"서울특별시 서초구 방배로 226, 3층 303호 (방배동)","함지박사거리 기업은행 건물","곰돌이스타약국","02-595-8795","2400","0900","2400","0900","2400","0900","2400","0900","2400","0900","2400","0900","2400","0900","2400","0900","C1108731","065","84","1653","37.4933691648347","126.99044929507"
"서울특별시 강남구 언주로7길 6, 1층 117호 (개포동, 개포자이르네)","화,목 심야 운영 합니다","365 연중무휴 개포동 자이르네 1층 곰돌이 약국 입니다.","곰돌이약국","02-3462-3888","2000","0900","2200","0900","2000","0900","2200","0900","2000","0900","1800","0900","1400","0900","1800","0900","C1109874","063","10","1654","37.4784764877156","127.05562130295301"
"경기도 고양시 덕양구 덕수천2로 150, 상가동 2층 28호 (동산동)","곰돌이약국","02-381-7792","1900","0900","1900","0900","1900","0900","1900","0900","1900","0900","C2108130","105","95","1655","37.6486125857708","126.895795928553"
"경기도 부천시 소사구 범안로219번길 19, 1층 105호 (옥길동, 부천옥길자이)","곰돌이약국","032-345-5763","1800","0900","1800","0900","1800","0900","1800","0900","1800","0900","1300","0900","C2109728","147","89","1656","37.4634037712589","126.813229939035"
"서울특별시 중구 왕십리로 407, B2-05-02호 (신당동, 신당 파인힐 하나유보라)","13:10-14:00 휴게시간","곰돌이약국","02-6953-7635","2145","0900","2145","0900","2145","0900","2145","0900","2145","0900","2145","0900","2145","0900","2145","0900","C1109867","045","80","1657","37.5647799977176","127.024709957671"
"전북특별자치도 부안군 진서면 청자로 943","우체국옆","곰소종합약국","063-581-8075","2200","0800","2200","0800","2200","0800","2200","0800","2200","0800","2200","0800","2100","1200","2200","0800","C2500137","563","45","1658","35.58747665867948","126.60746883412378"
"경기도 안양시 만안구 안양로510번길 18 (석수동)","곰약국","031-472-0606","2130","0900","2130","0900","2130","0900","2130","0900","2130","0900","2130","0900","C2103303","139","64","1659","37.41516430790976","126.90920121828846"
"경상북도 상주시 공성면 공성중앙로 79 (공성면)","곰약국","054-500-7890","1800","0730","1800","0730","1800","0730","1800","0730","1800","0730","1300","0730","C2701577","372","67","1660","36.283889927219775","128.0931391982884"
"울산광역시 중구 종가4길 9 원유곡상가 107호 (유곡동)","점심시간: 13:00~14:00","육곡 동원로얄듀크2차 아파트 앞","곰약국","052-212-9472","1900","0900","1900","0900","1900","0900","1900","0900","1900","0900","1300","0900","1300","0900","C1700576","445","39","1661","35.56033793406994","129.2955791234523"
"부산광역시 남구 석포로 74, 1층 (대연동)","일요일 유선 문의","곰약국","051-625-7890","1900","0900","1900","0900","1900","0900","1900","0900","1900","0900","1500","0900","1500","0900","C1202973","485","39","1662","35.1243330068785","129.088529817192"
"서울특별시 은평구 연서로 73, (역촌동)","역말 사거리","곰약국","02-355-8322","1840","0900","1840","0900","1840","0900","1840","0900","1840","0900","1700","0900","C1104272","034","17","1663","37.6056457550755","126.915065926274"
"충청북도 충주시 봉계1길 58, 1층 (칠금동)","곰약국","050-71374-1885","1830","0830","1830","0830","1830","0830","1830","0830","1830","0830","1430","0830","C2301312","273","61","1664","36.9814096597776","127.915866952121"
"경기도 안산시 상록구 샘골로 190, 국제프라자 105-1호 (본오동)","곰온누리약국","031-406-4071","1800","0900","1800","0900","1800","0900","1800","0900","1800","0900","C2108175","155","38","1665","37.3007067821457","126.863574915021"
"제주특별자치도 제주시 애월읍 하귀9길 2, 1층 106호","점심시간 12:30~14:00","곰온누리약국","064-747-6174","1900","0900","1900","0900","1900","0900","1900","0900","1900","0900","1300","0900","C2900499","630","54","1666","33.4864182898895","126.414565502113"
"경기도 성남시 수정구 희망로 551, 산성역자이푸르지오 C1블럭 301호 일부호 (신흥동)","곰이약국","031-733-7701","1800","0900","1800","0900","1800","0900","1800","0900","1800","0900","1300","0900","C2109637","132","61","1667","37.4517098236653","127.149597913056"
"경기도 수원시 영통구 덕영대로 1470, 망포역 플래티넘베이스 115호 (망포동)","공감약국","050-713-5384","2000","0900","2000","0900","2000","0900","2000","0900","2000","0900","1600","0900","C2109380","166","85","1668","37.245061076317","127.051036910265"
"서울특별시 송파구 잠실로 209, KT송파타워 지하1층 1호 (신천동)","공감약국","02-419-8885","1900","0900","1900","0900","1900","0900","1900","0900","1900","0900","1500","0900","C1109392","055","52","1669","37.5138653661709","127.106099706239"
"부산광역시 해운대구 좌동순환로 6, L TOWER 1층 (중동)","공감약국","051-731-1940","1900","0900","1900","0900","1900","0900","1900","0900","1900","0900","1300","0900","C1202769","480","82","1670","35.1672265004293","129.168055541782"
"경기도 하남시 미사강변동로 95, 힐스테이트 미사역 그랑파사쥬(12-1BL) 3048호 (망월동)","공감인약국","031-792-6431","2100","0900","2100","0900","2100","0900","2100","0900","2100","0900","2000","0900","C2108588","129","13","1671","37.5637312032917","127.191741670397"
"경기도 화성시 마도면 마도공단로1길 8, 마도지구유통업무및지원시설 가동 102호 (마도면)","공단시장약국","031-357-0183","1800","0900","1800","0900","1800","0900","1800","0900","1800","0900","C2108206","185","42","1672","37.1857131010821","126.790177748393"
"인천광역시 미추홀구 길파로 16 (주안동)","일요일 - 온누리동산약국, 화생당약국, 공단시장약국 교대로 운영(방문 전 전화) 공휴일 - 온누리동산약국, 화생당약국, 공단시장약국 교대로 운영(방문 전 전화)","주안뒷역사거리공단시장옆에위치","공단시장온누리약국","032-866-2165","2030","0900","2030","0900","2030","0900","2030","0900","2030","0900","1400","0900","C1400215","221","25","1673","37.46711930608764","126.67964150052843"
"충청남도 천안시 서북구 직산읍 상덕로 59","동부아파트 옆","공단약국","041-583-3291","1900","0930","1900","0930","1900","0930","1900","0930","1900","0930","C2400310","331","815","1674","36.87258235584392","127.1195331680315"
"경기도 성남시 중원구 둔촌대로 431","공단약국","031-748-3533","1900","0900","1900","0900","1900","0900","1900","0900","1900","0900","1900","0900","1500","0900","C2103974","132","28","1675","37.43309409748415","127.16497448306404"
"대구광역시 달성군 논공읍 논공로 756,","공단약국","053-614-2751","2100","0900","2100","0900","2100","0900","2100","0900","2100","0900","1900","0900","C1300311","429","79","1676","35.729182485340964","128.44529986931042"
"경기도 화성시 향남읍 발안공단로 101 (향남읍)","공단약국","031-353-3684","2100","0900","2100","0900","2100","0900","2100","0900","2100","0900","1700","0900","C2101378","186","23","1677","37.0862897236","126.9081823351"
"서울특별시 마포구 새창로 11, 1층 (도화동)","공덕나은약국","02-702-5472","2030","0900","2030","0900","2030","0900","2030","0900","2030","0900","1600","0900","1600","0900","1600","0900","C1110570","041","68","1678"
"서울특별시 마포구 백범로 136, 1층 일부호 (염리동)","공덕오케이약국","02-704-5131","2000","0900","2000","0900","2000","0900","2000","0900","2000","0900","1700","0900","C1110498","041","49","1679","37.5458374890087","126.946014753508"
"서울특별시 마포구 만리재로 15, 제일빌딩 1층 19호 (공덕동)","공덕제일약국","02-707-1012","1910","0900","1910","0900","2000","0900","1910","0900","1910","0900","1510","0900","C1109287","042","14","1680","37.54468585844615","126.9525815233697"
"경기 안성시 공도읍 공도로 80","공도강약국","031-618-1963","1800","0900","1800","0900","1800","0900","1800","0900","1800","0900","1300","0900","C2109964","175","62","1681","36.9992898764711","127.170013918311"
"경기도 안성시 공도읍 공도로 116-16, 101호","공도바른약국","031-653-0755","1800","0900","1800","0900","1800","0900","1800","0900","1800","0900","1300","0900","C2110091","175","62","1682","36.9993147728118","127.173112749163"
"경기도 안성시 공도읍 공도로 83, 1층","휴일 점심시간 13:00~15:00","공도터미널맞은편","공도약국","031-657-1880","1900","0830","1900","0830","1900","0830","1900","0830","1900","0830","1900","0830","1900","0830","1900","0930","C2101968","175","61","1683","36.999593025060804","127.16957814508852"
"경기도 안성시 공도읍 승두길 60","공도현대약국","031-654-4613","1900","0900","1900","0900","1900","0900","1900","0900","1900","0900","1530","0900","C2101969","175","62","1684","37.00000931996164","127.17310535551687"
"경기도 시흥시 서울대학로278번길 19-13, A동 209호 (배곧동, 시흥배곧 C1 호반 써밋플레이스)","공룡약국","031-8042-5076","C2108626","150","10","1685","37.370486405904","126.727738474934"
"경기도 평택시 안중읍 안현로서8길 57, 211호 (붐붐프라자)","공룡약국","031-684-0511","1300","0900","1300","0900","1300","0900","1300","0900","1300","0900","1500","0900","1300","0900","C2107239","179","44","1686","36.9789325265","126.9191025961"
"부산광역시 동래구 석사로 49 (사직동)","버스정류장: 사직파출소 삼거리","공생약국","051-502-6988","2000","0900","2000","0900","2000","0900","2000","0900","2000","0900","1800","0900","1800","1400","C1200492","607","814","1687","35.20057570064597","129.06432737838253"
"경기도 파주시 파주읍 우계로 61-1","공신약국","031-952-5932","1800","0900","1800","0900","1800","0900","1600","0900","1800","0900","1300","0900","C2102329","108","35","1688","37.832296981190844","126.8170359767241"
"전라남도 광양시 중마중앙로 81, 1층 (중동)","공약국","061-794-0911","2100","0900","2100","0900","2100","0900","2100","0900","2100","0900","2100","0900","2100","1000","2100","1000","C2601255","577","88","1689","34.93743001438","127.69773592204"
"경상북도 안동시 경동로 867 (용상동)","용상시장 건너편, 김정석내과의원 동일건물","공약국","054-822-0077","1900","0830","1900","0830","1900","0830","1900","0830","1900","0830","1400","0830","C2701315","367","11","1690","36.559528690822375","128.75138194961954"
"경기도 파주시 황골로 95, 1층 (금촌동)","공약국","031-942-9199","1800","0900","1800","0900","1800","0900","1800","0900","1800","0900","C2107447","109","23","1691","37.7554564938","126.7794592024"
"경기도 의정부시 평화로 540, 1층 103호 (의정부동)","공원메디칼약국","031-841-0100","1910","0830","1910","0830","2100","0830","1910","0830","1910","0830","1600","0830","C2107804","116","95","1692","37.74007721234835","127.0477822246786"
"서울특별시 성북구 동소문로44길 17, 102동 106호 (하월곡동, 성북힐스테이트)","공원아이사랑약국","02-909-0322","2000","0900","2000","0900","2000","0900","2000","0900","2000","0900","1600","0900","1600","0900","C1109511","027","33","1693","37.6065361701432","127.029010983176"
"경기도 의정부시 용현로105번길 45-30, 104호 (민락동)","공원약국","031-852-9343","2100","0900","2100","0900","2100","0900","2100","0900","2100","0900","C2106891","118","03","1694","37.742437437298044","127.08634111773402"
"전라남도 여수시 무선중앙로 23 (화장동)","공원약국","061-691-5800","1730","0900","1730","0900","1730","0900","1730","0900","1730","0900","C2601327","596","39","1695","34.7750616773107","127.648005855398"
"서울특별시 영등포구 신길로 252 (영등포동)","영등포동영등포공원앞","공원온누리약국","02-836-2086","1800","0900","1800","0900","1800","0900","1800","0900","1800","0900","1300","0900","C1101980","073","12","1696","37.5141172981479","126.911767157493"
"충청남도 공주시 신관로 54, 1층 (신관동)","공주바른약국","041-858-5196","2000","0830","2000","0830","2000","0830","2000","0830","2000","0830","1700","0830","1800","0900","C2401578","325","85","1697","36.469303285778864","127.13345610184406"
"충청남도 공주시 웅진로 180","중동 큰사거리","공주사거리약국","041-856-5060","1830","0830","1830","0830","1330","0830","1830","0830","1830","0830","1330","0830","C2400449","325","62","1698","36.456400785414914","127.12489656668507"
"서울특별시 성동구 성덕정길 105(성수동2가)","공중약국","02-3409-2755","1900","0900","1900","0900","1900","0900","1900","0900","1900","0900","1500","0900","C1102026","047","76","1699","37.5374479410179","127.055111903739"
"경기도 오산시 수청로 13, 상가동 101호 (수청동, 호반 써밋 라테라스)","공진한약국","031-378-6552","1800","1000","1800","1000","1500","1000","1800","1000","1800","1000","1500","1000","C2108650","181","10","1700","37.1990621454731","127.113228102981"
"부산광역시 부산진구 중앙대로 940, 3층 (양정동)","1호선 양정역 8번 출구","공한약국","051-864-9977","1730","1200","1730","1200","1730","1200","1730","1200","1730","1200","1730","1200","C1202505","472","16","1701","35.173400070223025","129.07845826069578"
"전라남도 여수시 충무5길 14 (충무동)","한약국","공한약국","061-662-0255","1900","0900","1900","0900","1900","0900","1900","0900","1900","0900","1900","0900","C2600785","597","33","1702","34.74218439363815","127.72972922235506"
"서울특별시 강서구 공항대로 38, 1층 (공항동)","공항메디칼약국","02-3664-5157","1900","0830","1900","0830","1900","0830","1900","0830","1900","0830","1400","0830","C1107244","076","23","1703","37.5609740878002","126.811572673743"
"서울특별시 강서구 방화동로 37, 메디스타워 102호 (방화동)","추석당일 휴무","처방조제, 동물의약품, 코로나치료제 취급","공항시장역 2번 출구 메디스타워1층","공항시장샘온누리약국","02-2064-2204","1830","0800","1830","0800","1730","0800","1830","0800","1830","0800","1400","0800","C1102028","076","20","1704","37.5641822785808","126.810682079138"
"충청북도 청주시 청원구 내수읍 오창대로 980, 청주국제공항 여객터미널 2층","비행스케쥴에 따라 다릅니다","공항약국","070-8844-0980","1900","0800","1900","0800","1900","0800","1900","0800","1900","0800","1900","0800","1900","0800","1900","0800","C2301225","281","42","1705","36.7220989204326","127.495928340385"
"서울특별시 강서구 방화동로 10-2","","공항약국","02-2661-4889","1830","0900","1830","0900","1830","0900","1830","0900","1830","0900","1600","0900","C1103494","076","19","1706","37.5622452907068","126.809041971947"
"경기도 과천시 관문로 92, 힐스테이트 과천중앙 B동 B-B118호 (중앙동)","과천Plus약국","02-504-2341","1800","0900","1800","0900","1800","0900","1800","0900","1800","0900","1300","0900","C2109928","138","07","1707","37.4297945568098","126.990295584667"
"경기도 과천시 과천대로5길 6, 과천 아이플렉스 107호 (갈현동)","과천든든약국","02-507-7893","1800","0900","1800","0900","1800","0900","1800","0900","1800","0900","1300","0900","C2110002","138","40","1708","37.4112237932061","126.979857003371"
"경기도 과천시 중앙로 137 (중앙동, 가보자빌딩 106호)","과천약국","02-503-1570","2000","0830","2000","0830","2000","0830","2000","0830","2000","0830","2000","0830","2000","0830","2000","0830","C2102068","138","07","1709","37.42880426867336","126.99173872418362"
"경기도 과천시 별양로 39, 1동 104호 (원문동)","과천정약국","02-504-3364","1800","0900","1800","0900","1800","0900","1800","0900","1800","0900","C2108846","138","39","1710","37.4228009843508","126.991954033258"
"경기도 과천시 관문로 47 (중앙동, 정부과천청사 안내동 내)","과천청사온누리약국","02-2110-5928","1800","0900","1800","0900","1800","0900","1800","0900","1800","0900","C2101245","138","09","1711","37.427237567375144","126.98429453442404"
"경기도 과천시 과천대로6가길 52, 과천 어반프라자 106호 (갈현동)","과천햇살약국","070-7625-5959","1800","0900","1800","0900","1800","0900","1800","0900","1800","0900","1300","0900","C2109785","138","24","1712","37.4119445671654","126.983035988212"
"경기도 시흥시 관곡지로40번길 22, 102호 (하중동)","시흥시하중동성원아파트앞","관곡지약국","031-435-3445","2200","0900","2200","0900","2200","0900","2200","0900","2200","0900","2200","0900","2200","0900","2200","0900","C2101208","149","75","1713","37.39916919595557","126.80059768902798"
"충청북도 보은군 마로면 관기송현로 87-1","관기약국","043-543-5808","1800","0900","1800","0900","1800","0900","1800","0900","1800","0900","1500","0900","C2300371","289","63","1714","36.4354281515051","127.8187141608133"
"제주특별자치도 제주시 관덕로 20","관덕정약국","064-727-8558","1800","0900","1800","0900","1800","0900","1800","0900","1800","0900","1300","0900","C2900208","631","68","1715","33.51295150768078","126.52139504577042"
"대구광역시 남구 대명서로 165, (대명동)","서부정류장->안지랑네거리방향200미터","관문약국","053-651-5689","2100","0900","2100","0900","2100","0900","2100","0900","2100","0900","2000","0900","2000","1200","2100","0900","C1300013","424","98","1716","35.8346260542","128.5564237752"
"대구광역시 남구 월배로 480, 1층 102호 (대명동)","관문제일약국","053-655-2500","1800","0900","1800","0900","1800","0900","1800","0900","1800","0900","1300","0900","C1301902","424","82","1717","35.8358718222327","128.556680071384"
"전라남도 장흥군 관산읍 관산로 82","관산오약국","061-867-3555","2000","0700","2000","0700","2000","0700","2000","0700","2000","0700","2000","0700","2000","1000","2000","0700","C2601295","593","47","1718","34.5626374085976","126.938890551777"
"서울특별시 관악구 신림로 141, 1층 (신림동)","관악그랜드약국","02-877-1023","2000","0845","2000","0845","2000","0900","2000","0845","2000","0845","1500","0845","C1108709","088","46","1719","37.4715917133189","126.933441547933"
"서울특별시 관악구 남부순환로 1838, 2층 (봉천동)","대체휴일은 해당요일에 맞춰 운영하니 방문 전 연락바랍니다.","서울대입구역 1번출구 낙성대방향 100M Cs타워 2층","관악소망약국","02-878-4568","1800","0900","1800","0900","1800","0900","1800","0900","1800","0900","1600","0900","C1103515","087","88","1720","37.480431385536","126.953962484327"
"경기도 안양시 만안구 경수대로 1259, 해동빌딩 1층 103호 (석수동)","관악역2번출구대로변","관악약국","031-472-3214","1500","0900","1500","0900","1500","0900","1500","0900","1500","0900","C2103155","139","60","1721","37.41974975182074","126.90936688952209"
"서울특별시 관악구 관악로 201, 1층 (봉천동)","관악약국","02-6053-3337","2000","0900","2000","0900","2000","0900","2000","0900","2000","0900","2000","0900","C1110411","087","45","1722","37.4831395606859","126.953764769403"
"서울특별시 관악구 남부순환로 1630 (신림동)","신림사거리양지병원바로옆","관악우리약국","02-886-9878","1820","0800","1820","0800","1820","0800","1820","0800","1820","0800","1330","0800","C1102387","087","77","1723","37.4842455175802","126.931755140676"
"경기도 안양시 동안구 학의로 24, 종합상가1동 1층 119호 (비산동, 관악아파트 상가동)","관악정성약국","031-383-1862","2000","0830","2000","0830","2000","0830","2000","0830","2000","0830","1600","0900","C2100112","140","44","1724","37.3960657581","126.942932559"
"서울특별시 관악구 은천로 118, 1층 105호 (봉천동)","관악제일약국","02-877-2687","2100","0830","2000","0830","2000","0830","2100","0830","2000","0830","1500","0830","C1110468","087","43","1725","37.4865773444128","126.948297103432"
"서울특별시 관악구 관악로 248, 1층 (봉천동)","강남고려병원에서50M","관악희망약국","02-885-4940","1800","0900","1800","0900","1800","0900","1800","0900","1800","0900","1300","0900","C1102189","087","35","1726","37.4862101220192","126.957149966801"
"경기도 안양시 동안구 관악대로 387, 1층 101, 102호 (관양동)","관양온누리약국","031-421-1320","2100","0900","2100","0900","2100","0900","2100","0900","2100","0900","1600","0900","1400","0900","1400","0900","C2106972","139","39","1727","37.40493343084003","126.96582236395203"
"경기도 안양시 동안구 관평로 313, 1층 (관양동)","관양우리약국","031-381-2221","1800","0900","1800","0900","1330","0900","1800","0900","1800","0900","1330","0900","C2104238","139","36","1728","37.40419897161115","126.95716205876161"
"전북특별자치도 전주시 덕진구 송천중앙로 173 (송천동1가)","윤성균내과 1층","관우약국","063-271-2049","1800","0900","1800","0900","1800","0900","1800","0900","1800","0900","1230","0900","C2500582","548","34","1729","35.86237472077903","127.12126756577278"
"대전광역시 서구 계백로 993, 대전 관저 클리닉 센터 101호 (관저동)","관저123약국","042-000-0000","1800","0900","1800","0900","1800","0900","1800","0900","1800","0900","1300","0900","C1601412","353","62","1730","36.3019919157251","127.334397034522"
"대전광역시 서구 구봉로 121, 101호 (관저동)","관저길약국","042-541-4764","1900","0830","1900","0830","1900","0830","1900","0830","1900","0830","1500","0830","C1601166","353","82","1731","36.2966937507","127.3363298845"
"대전광역시 서구 관저중로 72, 1층 (관저동)","관저온누리약국","042-541-7570","2100","0830","2100","0830","2100","0830","2100","0830","2100","0830","1600","0830","1400","0900","C1601107","353","82","1732","36.298610757059066","127.33530051814676"
"대전광역시 서구 계백로 900, 1층 (관저동)","관저올빼미약국","042-721-2468","1900","0830","2000","0830","2030","0830","1900","0830","1900","0830","1400","0830","C1601359","353","71","1733","36.2991674787292","127.32473292737"
"대전광역시 서구 관저동로 170, 건양 타워 131,132호 (관저동)","토요일격주운영으로 전화요망","관저우리약국","042-542-3550","1800","0830","1800","0830","1800","0830","1800","0830","1800","0830","1400","0830","C1601143","353","65","1734","36.3072996155","127.3411586931"
"전북특별자치도 임실군 관촌면 사선로 40,","관촌파출소 앞에 위치.","관촌약국","063-643-9339","1730","0700","1730","0700","1730","0700","1730","0700","1730","0700","1230","0730","C2500301","559","10","1735","35.673994444444446","127.270141666666660"
"전북특별자치도 전주시 완산구 팔달로 181","관통로사거리","관통약국","063-284-3916","1930","0900","1930","0900","1930","0900","1930","0900","1930","0900","1500","0900","C2500600","549","99","1736","35.818639765858315","127.14656412871778"
"대전광역시 유성구 테크노중앙로 50, 1층 B102호 (관평동)","관평드림약국","042-931-0045","1900","0900","1900","0900","1900","0900","1900","0900","1900","0900","1300","0900","C1601252","340","18","1737","36.4262686699967","127.39065449129181"
"대전광역시 유성구 관평2로 56","10/8~10/9 오전9시~17시까지 근무합니다","관평뜰약국","042-935-1119","1900","0830","1900","0830","1900","0830","1900","0830","1900","0830","1300","0830","C1600097","340","19","1738","36.42206310556209","127.3881288730264"
"대전광역시 유성구 테크노4로 98-4 (관평동)","관평무지개약국","042-933-3525","2100","0830","2100","0830","2100","0830","2100","0830","2100","0830","1500","0830","1300","0900","1300","0900","C1601081","340","17","1739","36.42634055308949","127.38961556022086"
"대전광역시 유성구 테크노4로 115, 지상1층 102호 (관평동)","관평우리약국","042-719-7711","1830","0900","1830","0900","1830","0900","1830","0900","1830","0900","1230","0900","C1601457","340","19","1740","36.424418294255","127.389169509061"
"경기도 용인시 수지구 광교중앙로 308, 광교 에스타워 107,108호 (상현동)","광교1번약국","0507-1340-5618","1800","0900","1800","0900","1800","0900","1800","0900","1800","0900","1300","0900","C2109869","169","43","1741","37.2973566375727","127.069679238178"
"경기도 수원시 영통구 센트럴타운로 94, 앤에스코어빌딩 106호 (이의동)","광교대림약국","031-214-2234","2100","0900","2100","0900","2100","0900","2100","0900","2100","0900","1700","0900","C2106776","165","05","1742","37.29193834890932","127.0509122491832"
"경기도 수원시 영통구 광교로 191, 3층 (이의동)","광교마트약국","050-71456-8328","2100","1000","2100","1000","2100","1000","2100","1000","2100","1000","2100","1000","2100","1000","C2109752","162","26","1743","37.2963500230486","127.046954360227"
"경기도 수원시 영통구 대학로 56 (이의동)","병의원 처방 조제, 동물 의약품 판매, 셀메드, 네이쳐스팜, 팜스, JHbio 등 다양한 건강기능 제품을 개개인에 상황에 맞게 권해드립니다","광교백두산온누리약국","0312131442","2000","0830","2000","0830","2000","0830","2000","0830","2000","0830","1400","0830","1400","0900","C2106956","162","26","1744","37.300828501287704","127.04519298469064"
"경기도 용인시 수지구 광교중앙로 320, 제1층 107호 (상현동)","광교봄약국","031-548-1034","2000","0900","2000","0900","2000","0900","2000","0900","2000","0900","1400","0900","C2109162","169","43","1745","37.2983941020762","127.069966561536"
"경기도 수원시 영통구 대학로 56, 106호 (이의동)","경기지역화폐 수원페이 사용 가능. 광교(경기대)역 1번 출구 스타벅스 사거리 대각선 방향 대로변 1층. 리치프라자 1 : 주차 3시간 무료(입점건물), 리치프라자 2 : 유료 주차, 리치프라자 3 : 주차 2시간 무료.","경기지역화폐 수원페이 사용 가능. 광교(경기대)역 1번 출구 스타벅스 사거리 대각선 방향 대로변 1층.","광교사임당약국","031-217-1248","1830","0830","1830","0830","1600","0830","1830","0830","1830","0830","1330","0830","C2110030","162","26","1746","37.300829131314","127.045194789719"
"경기도 용인시 수지구 광교중앙로 320 (상현동)","광교 상현중학교앞 파리바게트건물3층","광교수약국","031-215-7611","1900","0900","1900","0900","1900","0900","1900","0900","1900","0900","1400","0900","C2103540","169","43","1747","37.29836957610581","127.06995571277406"
"서울특별시 종로구 우정국로 2 (관철동)","일요일은 개인 일정에 따라 변동가능성이 있으므로 전화 확인 후 방문 필수","종로구관철동광교사거리영풍문고건너편","광교약국","02-734-4690","2200","0900","2200","0900","2200","0900","2200","0900","2200","0900","2200","1000","2130","1000","C1101974","031","89","1748"
"경기도 수원시 장안구 연무로 42-1 (연무동)","광교약국","031-244-4124","2100","0900","2100","0900","2100","0900","2100","0900","2100","0900","2100","0900","C2101543","162","16","1749","37.2951647148068","127.02699107118171"
"경기도 수원시 영통구 광교호수공원로 277, B2층 28,29호 (원천동, 중흥 S-클래스)","광교약국","031-304-2019","2000","0900","2000","0900","2000","0900","2000","0900","2000","0900","C2108305","165","17","1750","37.2839417579058","127.056777997528"
"경기도 용인시 수지구 광교중앙로 316, 광교시티하임Ⅰ 104호 (상현동)","광교약국","031-212-6615","2000","0930","2000","0930","2000","0930","2000","0930","2000","0930","1800","0930","C2106565","169","43","1751","37.29812101966355","127.06973442745318"
"경기도 용인시 수지구 광교중앙로 314, 104호 (상현동, 세현빌딩 )","세현빌딩카페베네건물1층","광교윤하약국","070-8259-3291","2100","0900","2100","0900","2100","0900","2100","0900","2100","0900","2000","1000","1800","1200","C2106564","169","43","1752","37.297904390799985","127.06981023723136"
"경기도 수원시 영통구 센트럴타운로 98 106호","광교조은약국","031-216-8722","1900","0900","1900","0900","1900","0900","1900","0900","1900","0900","C2106777","165","05","1753","37.292158314321725","127.05065075299488"
"경기도 수원시 영통구 센트럴타운로 85, 지하1층 (이의동, 광교C1 호반베르디움, Summit Place광교)","광교중앙약국","031-215-8797","2100","1000","2100","1000","2100","1000","2100","1000","2100","1000","C2108147","165","07","1754","37.2915676707273","127.050470929016"
"경기도 용인시 수지구 광교중앙로 302, 104호 (상현동)","광교튼튼약국","031-214-0617","2000","0800","2000","0800","2000","0800","2000","0800","2000","0800","1400","0800","C2108374","169","43","1755","37.2976688981892","127.069745054871"
"경기도 용인시 수지구 광교중앙로 304, 105호 (상현동)","광교팜약국","031-217-9986","2100","0900","2100","0900","2100","0900","2100","0900","2100","0900","C2107127","169","43","1756","37.2971007939","127.0695929471"
"경기도 용인시 수지구 광교중앙로 298, 드림타워2 107호 (상현동)","광교퍼스트약국","070-7789-2991","1930","0830","1930","0830","1930","0830","1930","0830","1930","0830","1330","0830","C2108623","169","43","1757","37.2965623207987","127.06946229794"
"경기도 용인시 수지구 광교중앙로 308 (상현동, S병원 305호)","용인시수지구상현동1131-5에스타워305호","광교푸른약국","031-891-1214","1900","0900","1900","0900","1900","0900","1900","0900","1900","0900","C2106433","448","131","1758","37.29733141672933","127.06966534230092"
"경기도 수원시 영통구 센트럴타운로 106, 132호 (이의동, 센트럴프라자)","설, 추석 당일 제외 모두 운영","광교프라자약국","070-7733-0730","2100","0900","2100","0900","2100","0900","2100","0900","2100","0900","1700","0900","1400","0900","1400","0900","C2107340","165","06","1759","37.2927387919","127.0501594273"
"경기도 안산시 상록구 광덕산2로 22, 103, 111호 (월피동, 은성빌딩)","광덕시장부근","광덕약국","031-482-0365","2030","0900","2030","0900","2030","0900","2030","0900","2030","0900","2030","0900","2100","0900","C2100928","152","58","1760","37.335321257175416","126.84529331322997"
"경기도 하남시 대청로21번길 15 (신장동)","광동약국","031-795-0541","2100","0900","2100","0900","2100","0900","2100","0900","2100","0900","2000","0900","2000","1400","2000","1400","C2103094","129","50","1761","37.54106499596056","127.21378402945747"
"경상남도 김해시 진영읍 진영로 152, 1층","광동약국","055-342-3644","1900","0900","1900","0900","1900","0900","1900","0900","1900","0900","1300","0900","C2802318","508","67","1762","35.3031891869422","128.729587990736"
"경기도 안성시 공도읍 진사길 23, B-103호(광동아이비타운)","광동약국","031-618-6355","2100","0900","2100","0900","2100","0900","2100","0900","2100","0900","1900","0900","C2101952","175","64","1763","36.9922436769","127.1389294279"
"경기도 남양주시 진접읍 광릉내로 89 (진접읍)","광릉내열린약국","031-573-3421","2100","0900","2100","0900","2100","0900","2100","0900","2100","0900","2000","0900","2000","1500","2000","1500","C2106390","120","19","1764","37.74638984464539","127.20537287128892"
"광주광역시 동구 중앙로 276","우체국과 가나안신경외과 사이","광명당약국","062-224-0330","1700","0900","1700","0900","1700","0900","1700","0900","1700","0900","C1500643","614","13","1765","35.15626294129508","126.92087040257181"
"부산광역시 사상구 괘감로 115 (감전동)","버스정류장: 사상농협","광명당약국","051-317-9414","1900","0900","1900","0900","1900","0900","1900","0900","1900","0900","1500","0900","C1200216","469","82","1766","35.15682837398002","128.98699974036725"
"경기도 광명시 광명로832번길 5, 센트럴광명상가 102, 103호 (광명동)","광명든든약국","0226887531","1800","0900","1800","0900","1800","0900","1800","0900","1800","0900","C2108968","142","73","1767","37.4734200970558","126.852377664417"
"경기도 성남시 중원구 광명로 327, 1층 (금광동)","처방조제, 건강기능식품, 동물의약품판매","서광빌딩","광명로약국","070-4193-5800","2100","0830","2100","0830","2100","0830","2100","0830","2100","0830","2000","0830","2200","1000","C2103380","131","77","1768","37.445582228990936","127.16222168274204"
"경기도 광명시 철망산로 87, 세이브존 지하 1층 (철산동)","세이브존 지하1층","광명마더스약국","02-3666-5121","2200","1000","2200","1000","2200","1000","2200","1000","2200","1000","2200","1000","2200","1000","2200","1000","C2103065","142","43","1769","37.47064218364061","126.87775602081255"
"경기도 광명시 오리로 976, 1층 (광명동)","7호선광명사거리역9번출구","광명모범약국","02-2612-2705","2130","0900","2130","0900","2130","0900","2130","0900","2130","0900","2130","0900","2130","0900","C2104292","142","20","1770","37.47948570436773","126.85486887085157"
"경기도 광명시 도덕로 52, 청송빌딩 (광명동)","토요일, 공휴일 방문 전 전화확인 필수","광명성재약국","0226141786","2030","0900","2030","0900","2030","0900","2030","0900","2030","0900","1400","0900","1400","0900","1400","0900","C2101669","142","79","1771","37.468886111111111","126.853430555555562"
"경기도 광명시 광복로 66, 1층 102호 (철산동)","광명수약국","02-2687-2008","2130","0900","2130","0900","2130","0900","2130","0900","2130","0900","1900","0900","C2102078","142","09","1772","37.489830555555557","126.865566666666666"
"경기도 광명시 광명로 906, 현대아이타워 1층 106호 (광명동)","광명신세계약국","02-2688-7331","2000","1100","2000","1100","2000","1100","2000","1100","2000","1100","C2100080","142","20","1773","37.47974486260099","126.85479926216544"
"서울특별시 마포구 양화로 191, 1층 (동교동)","운영시간 변동 가능성 있음","동교동로터리","광명약국","02-324-2985","2000","0900","2000","0900","2000","0900","2000","0900","2000","0900","1600","0900","C1101970","039","85","1774","37.5586787803059","126.925765488273"
"부산광역시 동래구 충렬대로100번길 8 (온천동)","광혜병원 정문","광명약국","051-507-6067","1800","0900","1800","0900","1800","0900","1800","0900","1800","0900","1300","0900","C1201076","478","21","1775","35.20690103470948","129.07154945161415"
"부산광역시 해운대구 재반로 85, 광명약국 1층 (재송동)","공휴일 전화 후 방문요망","버스정류장: 재송농협옆,SK장산주유소앞","광명약국","051-784-5496","1900","0850","1900","0850","1900","0850","1900","0850","1900","0850","1400","0850","1300","0900","C1200208","480","55","1776","35.186255555555555","129.125302777777790"
"대구광역시 중구 큰장로 74 (대신동)","일요일은 둘째주, 넷째주 운영","서문시장~새길시장중간광명아파트상가","광명약국","053-257-8313","2000","0900","2000","0900","2000","0900","2000","0900","2000","0900","1900","0900","1700","0900","C1300670","419","30","1777","35.86640326507219","128.57536753409522"
"대구광역시 수성구 들안로 395-1, 범어빌딩 1층 (범어동)","광명약국","053-752-8553","1730","0830","1730","0830","1730","0830","1730","0830","1730","0830","1300","0830","C1300966","420","01","1778","35.865469887985064","128.61792542008757"
"충청남도 서산시 고북면 고북1로 291","고북면사무소앞","광명약국","041-663-2647","2100","0800","2100","0800","2100","0800","2100","0800","2100","0800","2100","0800","1300","0800","2100","0800","C2400736","320","27","1779","36.66688149634157","126.53268610901614"
"경기도 안성시 인지1길 9-8, (인지동)","광명약국","031-675-4460","1800","0830","1800","0830","1800","0830","1800","0830","1800","0830","1300","0830","C2100523","175","83","1780","37.005449006535656","127.26778598965296"
"경기도 광명시 양지로 16, B1층 32호 (일직동, 광명역써밋플레이스)","광명파란문약국","02-899-6209","1800","1000","1800","1000","1800","1000","1800","1000","1800","1000","1800","1000","C2108020","143","46","1781","37.41711775248984","126.88082207464679"
"경기도 광명시 광명로 834, 광명 퍼스트 스위첸 211호 (광명동)","광명퍼스트약국","02-6334-1109","1800","0900","1800","0900","1800","0900","1800","0900","1800","0900","1400","0900","C2109824","142","73","1782","37.4736405254307","126.852050630025"
"경기도 광명시 범안로 1045, 1층 102호 (하안동)","광명하나약국","02-802-5850","1900","0900","1900","0900","1900","0900","1900","0900","1900","0900","1600","0900","C2104328","142","48","1783","37.46237932560901","126.87885474676315"
"경기도 광명시 광명로 834, 광명 퍼스트 스위첸 1층 125-126호 (광명동)","광명훼미리약국","02-2617-7205","2100","0900","2100","0900","2100","0900","2100","0900","2100","0900","1900","0900","1400","0900","C2101795","142","73","1784","37.47366090097937","126.85142080972208"
"광주광역시 남구 봉주길 3 (월산동)","무등시장근처봉주초등학교입구쪽","광민약국","062-364-6288","2000","0900","2000","0900","2000","0900","2000","0900","2000","0900","2000","0900","C1500185","616","06","1785","35.13717260600047","126.8935411153071"
"경기도 광명시 광복로 64, 상원빌딩 (철산동)","광복약국","02-2625-3007","2100","0900","2100","0900","2100","0900","2100","0900","2100","0900","C2101305","142","09","1786","37.48965094191564","126.86558216318238"
"광주광역시 광산구 임방울대로 162, 1층 105호 (운남동)","공휴일 전화 연락 후 방문요함","광산수완미래아동병원옆위치/운남동 삼성아파트 육교근처,운남고 길건너편","광산아이사랑약국","062-946-7171","2100","0900","2100","0900","2100","0900","2100","0900","2100","0900","1800","0900","1600","0900","1800","0900","C1500440","623","19","1787","35.175568633727984","126.81811516330651"
"광주광역시 광산구 상무대로 157","일요일 및 공휴일 전화 연락 후 방문 요함","/송정역지나 송정2차라인아파트 부근","광산약국","062-944-0209","2000","0800","2000","0800","2000","0800","2000","0800","2000","0800","2000","0800","2000","1000","2000","1000","C1500390","624","38","1788","35.13407077043103","126.78898482405222"
"광주광역시 광산구 내상로 5-1, 1층 (송정동)","광산종로약국","062-941-8128","1900","0830","1900","0830","1900","0830","1900","0830","1900","0830","1300","0830","C1501122","624","28","1789","35.1409955249","126.795139695"
"서울특별시 강남구 강남대로 520 (논현동)","논현역2번출구에서교보타워방향도보3분","광성약국","02-548-7304","2100","0800","2100","0800","2100","0800","2100","0800","2100","0800","2000","0800","C1102948","061","14","1790","37.5086773753858","127.023051010941"
"경기도 시흥시 역전로 292, 1층 101호 (정왕동)","광성약국","031-495-7373","1800","0900","1800","0900","1800","0900","1800","0900","1800","0900","C2107916","150","24","1791","37.35212601238793","126.73977311038117"
"강원특별자치도 영월군 영월읍 중앙로 12","광성약국","033-374-2239","1730","0900","1730","0900","1730","0900","1730","0900","1730","0900","C2200309","262","35","1792","37.18349443196523","128.46487173111032"
"경기도 안양시 만안구 안양로405번길 14, 1층 (안양동)","광성약국","031-445-2881","2100","0900","2100","0900","2100","0900","2100","0900","2100","0900","2100","0900","2100","1300","2100","1300","C2107084","139","85","1793","37.406662200055905","126.91388755377805"
"울산광역시 동구 방어진순환도로 1131 (서부동)","남목 경남은행 맞은편","광성약국","052-252-3488","1930","0900","1930","0900","1930","0900","1930","0900","1930","0900","1430","0830","C1700014","440","16","1794","35.539363888888886","129.425105555555547"
"서울특별시 마포구 도화길 32","삼성프라자상가내101호","광실약국","02-711-3627","2030","0830","2030","0830","2030","0830","2030","0830","2030","0830","1930","0830","C1102018","041","70","1795","37.5408411321685","126.949581942072"
"부산광역시 수영구 광일로 49, 109동 상가109호 (광안동, 비치그린아파트)","비치그린아파트 109동상가 102호","광안그린약국","051-752-7980","1900","0900","1900","0900","1900","0900","1900","0900","1900","0900","1400","0900","C1201139","482","50","1796","35.16282335935038","129.10878205378546"
"부산광역시 수영구 수영로 517, 센터럴타워 1층 (광안동)","광안리약국","051-759-7582","1820","0820","1820","0820","1820","0820","1820","0820","1820","0820","1300","0820","C1202719","482","64","1797","35.1520916147911","129.11128787722"
"부산광역시 수영구 수영로 486, 1층 (남천동)","2호선 금련산역 5번출구","광안센터약국","051-622-0407","1830","0830","1830","0830","1830","0830","1830","0830","1830","0830","1400","0830","C1202700","483","14","1798","35.1490777768458","129.111025450804"
"부산광역시 수영구 광일로 40","농협 앞, 도시광안 아파트 진입로","광안약국","051-757-2656","1830","0900","1830","0900","1830","0900","1830","0900","1830","0900","1300","0900","C1200092","482","49","1799","35.16266405762358","129.10985773645803"
"부산광역시 수영구 수영로 476, 1층 (남천동)","금련산역 5번출구에서 나와서 직진.","광안온누리약국","051-992-5578","1930","0900","1930","0900","1930","0900","1930","0900","1930","0900","1500","0900","C1202876","483","14","1800","35.1482747197267","129.110795034702"
"부산광역시 수영구 수영로 632","2호선 수영역 17번출구","광안우리약국","051-752-0527","1900","0900","1900","0900","1900","0900","1900","0900","1900","0900","1330","0900","C1201504","482","70","1801","35.16199420860146","129.1143190452532"
"부산광역시 수영구 수영로 581, 1층 (광안동)","2호선 광안역 4번출구","광안자연약국","051-757-7571","1900","0830","1900","0830","1900","0830","1900","0830","1900","0830","1430","0830","C1202402","482","55","1802","35.1576629402","129.11278922450165"
"광주광역시 광산구 사암로 273, 1층 (월곡동)","일요일, 공휴일은 연락 후 방문 요함","광암약국","062-941-7582","2100","0900","2100","0900","2100","0900","2100","0900","2100","0900","1300","0900","2100","1800","2100","1800","C1501199","623","46","1803","35.16876878920845","126.8087428715384"
"경상북도 영덕군 영덕읍 중앙길 94","광약국","054-512-7000","1800","0900","1800","0900","1800","0900","1800","0900","1800","0900","1300","0900","C2701636","364","32","1804","36.411063805051","129.36981932171"
"전라남도 광양시 광양읍 숲샘길 129, 1층","광양밝은약국","061-761-1889","2100","0830","2100","0830","2100","0830","2100","0830","2100","0830","2100","0830","2100","0830","2100","0830","C2601296","577","52","1805","34.9710095921237","127.588845417809"
"전라남도 광양시 광영로 75, 1층 (광영동)","광영동광영시장입구","광영승주약국","061-793-4445","1230","0900","1230","0900","1230","0900","1230","0900","1230","0900","1800","0900","C2600309","577","21","1806","34.96187662616697","127.72066514480951"
"서울특별시 노원구 석계로 98-1, 1층 (월계동)","광운케어약국","02-919-0059","1815","0900","1815","0900","1815","0900","1815","0900","1815","0900","1315","0900","C1110774","018","86","1807","37.62324163814943","127.06116057179125"
"충청남도 아산시 배방읍 배방로14번길 9, J,S 메디컬 1층 (배방읍)","광은약국","041-534-7098","1930","0900","1930","0900","1930","0900","1930","0900","1930","0900","2200","0900","2200","1000","C2401614","314","80","1808","36.7752699057027","127.053348635123"
"경기도 의정부시 시민로121번길 67 (의정부동)","중앙로태영프라자,제일시장입구","광일약국","031-848-4255","2030","0830","2030","0830","2030","0830","2030","0830","2030","0830","2030","0830","2030","0830","C2103910","116","95","1809","37.741259355958476","127.04979684342117"
"경상북도 경산시 하양읍 서사도리9로 27, 1층 110, 111호","광장센트럴약국","053-853-3867","1900","0900","1900","0900","1900","0900","1900","0900","1900","0900","1300","0900","C2701679","386","99","1810","35.9166528738327","128.812922006691"
"경기도 고양시 일산서구 중앙로 1437, (주엽동)","광장약국","031-918-2515","1900","0900","1900","0900","1900","0900","1900","0900","1900","0900","1600","0900","C2103057","103","87","1811","37.67007677655049","126.76050662037566"
"경기도 성남시 분당구 대왕판교로 670 (삼평동, 유스페이스2)","광장약국","031-628-6161","2100","0840","2100","0840","2100","0840","2100","0840","2100","0840","C2103513","134","94","1812","37.40206066814889","127.10708562819491"
"경기도 포천시 일동면 화동로 1058-1","일동시장앞","광장약국","031-532-3047","1930","0830","1930","0830","1930","0830","1930","0830","1930","0830","1600","0830","C2102796","111","17","1813","37.95745366182962","127.31725586310279"
"서울특별시 서대문구 성산로 494-30, 대우빌딩 1층 (대신동)","광장약국","02-364-5595","1900","0840","1900","0840","1900","0840","1900","0840","1900","0840","1300","0840","C1109384","037","65","1814","37.5606085790517","126.941376686304"
"서울특별시 관악구 관악로40길 47, 현대상가 1동 1층 5호 (봉천동)","공휴일의 경우 변동사항 있으므로 전화확인 후 방문필요","광장약국","070-7744-6763","1900","0900","1900","0900","1900","0900","1900","0900","1900","0900","1400","0900","C1104464","087","30","1815","37.4920550488974","126.95892477375"
"경기도 성남시 중원구 성남대로 1152 1층","광장약국","031-721-5016","2000","0930","2000","0930","2000","0930","2000","0930","2000","0930","C2102225","133","64","1816","37.43258108953175","127.12937590126461"
"대구광역시 남구 대명로 140","남대구등기소 건너편","광장약국","053-625-5989","1900","0900","1900","0900","1900","0900","1900","0900","1900","0900","1600","0900","C1300867","424","74","1817","35.83901885833054","128.57292145955637"
"부산광역시 기장군 정관읍 정관로 563, 110호","광장메디칼빌딩 110호","광장약국","051-727-0366","2100","0900","2100","0900","2100","0900","2100","0900","2100","0900","1430","0900","C1202184","460","15","1818","35.321914539033415","129.17563653093862"
"경상북도 경산시 펜타힐즈2로 57, 116호 (중산동)","광장약국","053-815-8119","1800","0900","1800","0900","1800","0900","1800","0900","1800","0900","C2701551","386","62","1819","35.82872968636045","128.719769976711"
"광주광역시 남구 양림로 20 (양림동)","광장약국","062-651-7851","1800","0800","1800","0800","1800","0800","1800","0800","1800","0800","1300","0800","C1500865","616","64","1820","35.13567800813258","126.91189990054313"
"대구광역시 달서구 달구벌대로 1762, (두류동)","광장약국","053-656-1481","1800","0900","1800","0900","1300","0900","1800","0900","1800","0900","1400","0900","C1300725","426","59","1821","35.8573485862","128.5584398151"
"대구광역시 달성군 다사읍 달구벌대로 871 (다사읍)","광장약국","053-591-1919","1830","0900","1830","0900","1830","0900","2030","0900","1830","0900","1400","0900","C1301593","429","14","1822","35.8585436271778","128.46490858189847"
"대구광역시 동구 이노밸리로 162 (각산동)","광장약국","053-965-5045","1900","0900","1900","0900","1900","0900","1900","0900","1900","0900","1500","0900","C1301249","410","67","1823","35.87855631032715","128.71487640566923"
"부산광역시 사하구 장림번영로 17(장림동)","장림시장 국민은행 바로 옆","광장약국","051-261-9191","2100","0900","2100","0900","2100","0900","2100","0900","2100","0900","2100","0900","2030","0900","C1200522","494","75","1824","35.081424896771516","128.96755084403694"
"대구광역시 서구 서대구로 58 (내당동)","대구호텔건너편","광장약국","053-563-1717","1800","0900","1800","0900","1800","0900","1800","0900","1800","0900","1200","0900","1200","0900","C1300787","418","58","1825","35.863198326252785","128.5565804319996"
"경기도 양주시 덕계로 138-32, 108호 (덕계동)","광장약국","070-8846-8575","1800","0900","1800","0900","1800","0900","1800","0900","1800","0900","1300","0900","C2109874","114","44","1826","37.8192468553631","127.055729281933"
"충청북도 음성군 대소면 대금로196번길 2","토요일 휴무/ 일요일, 공휴일 반드시전화요망","중부고소도로음성톨게이트맞은편","광장약국","043-535-7584","2100","1000","2100","1000","2100","1000","2100","1000","2100","1000","C2300501","276","70","1827","36.98012341687911","127.46385702650063"
"경기도 오산시 대원로 2 (원동)","광장약국","031-375-8747","2100","0900","2100","0900","2100","0900","2100","0900","2100","0900","C2107612","181","41","1828","37.1462910306","127.0687071245"
"경기도 화성시 동탄반석로 196, 104호 (반송동, 아이프라자)","아이프라자104호 / 동탄1동 주민센터 앞","광장약국","031-613-7674","2100","0900","2100","0900","2100","0900","2100","0900","2100","0900","1600","0900","C2101984","184","53","1829","37.20612430063391","127.07239993043197"
"경기도 부천시 원미구 부일로 202-13, 107호 (상동, 대명씨티프라자)","송내역 2번출구(북광장) 롯데리아건물 1층","광장약국","032-327-1994","1900","0845","1900","0845","1900","0845","1900","0845","1900","0845","1900","0845","C2100198","145","99","1830","37.488109600858174","126.75257674044752"
"경기도 수원시 권선구 호매실로90번길 76, 1층 118호 (호매실동)","광장약국","031-296-7288","2200","0900","2200","0900","2200","0900","2200","0900","2200","0900","2200","0900","C2109340","166","30","1831","37.2587664411488","126.964316862356"
"경기도 김포시 김포한강1로 227, 광장프라자 117,118호 (운양동)","광장약국","031-981-7811","2130","0830","2130","0830","2130","0830","2130","0830","2130","0830","1400","0830","C2106344","100","73","1832","37.654041625590274","126.68257982061304"
"경기도 용인시 처인구 명지로60번길 8-10 (역북동)","광장약국","031-333-2773","2000","0900","2000","0900","2000","0900","2000","0900","2000","0900","C2107783","170","56","1833","37.23160341480063","127.18788606844562"
"경기도 성남시 수정구 수정로171번길 15, 삼경빌딩 1층 (태평동)","광장약국","031-759-5901","1800","1000","1800","1000","1800","1000","1800","1000","1800","1000","C2108454","132","91","1834","37.4441454202369","127.138232249056"
"경상남도 진주시 남강로309번길 42-14, 1층 (평거동)","광장약국","055-747-3650","2200","0840","2200","0840","2200","0840","2200","0840","2200","0840","C2802408","527","03","1835","35.1719231804813","128.060842043404"
"전북특별자치도 전주시 덕진구 덕진광장로 1-5","덕진광장근처","광장약국","063-253-7800","1800","0830","1800","0830","1800","0830","1800","0830","1800","0830","1300","0830","C2500881","548","97","1836","35.84427506495658","127.12381723718279"
"제주특별자치도 서귀포시 중앙로 113 (서홍동)","광장약국","064-733-1733","1820","0830","1820","0830","1820","0830","1820","0830","1820","0830","1300","0830","C2900505","635","84","1837","33.254800016005504","126.56048696738914"
"광주광역시 광산구 송도로 230 (송정동)","공휴일 전화 후 방문","송정사랑병원옆건물1층","광장약국","062-941-0822","1700","1000","1700","1300","1700","1000","1800","0900","1800","0900","1310","0900","C1500113","624","41","1838","35.1343493687564","126.79704358791625"
"광주광역시 동구 남문로744번길 21 (학동)","조선대학교병원 후문","광장약국","062-226-0225","1800","0900","1800","0900","1800","0900","1800","0900","1800","0900","C1500394","614","54","1839","35.137727581218186","126.92669101459424"
"대전광역시 서구 관저북로13번길 23-12 (관저동)","공휴일은 반드시 전화확인후 방문","광장약국","042-542-7788","2000","0830","1900","0830","1900","0830","2000","0830","1900","0830","1400","0830","1300","0830","C1601065","353","63","1840","36.30248172143773","127.33548631705301"
"광주광역시 북구 서하로 385, (문흥동)","광장약국","062-261-1103","1830","0900","1830","0900","1830","0900","1830","0900","1830","0900","1600","0900","C1500568","611","29","1841","35.185479925903785","126.92250475991803"
"서울특별시 금천구 금하로 710","광장온누리약국","02-803-7549","1930","0850","1930","0850","1930","0850","1930","0850","1930","0850","1500","0850","C1107644","086","44","1842","37.4508853352479","126.908688572074"
"서울특별시 관악구 신림로 107, 1층 (신림동)","토요일 시간변동 가능성 있습니다.","신림9동사무소(광장문구)와훼미리마트(자하연식당)옆대로변","광장온누리약국","02-886-3509","2000","0900","2000","0900","2000","0900","2000","0900","2000","0900","2000","0900","C1100168","088","13","1843","37.470531403239","126.937396243678"
"서울특별시 도봉구 노해로 389","창동역하나로마트에서도봉경찰서쪽 제일빌딩101","광장온누리약국","02-990-6527","2000","0900","2000","0900","2000","0900","2000","0900","2000","0900","1400","0900","C1101956","014","15","1844","37.6527681735064","127.051335609074"
"충청북도 음성군 음성읍 중앙로 106-1","터미널사거리안경나라맞은편","광재약국","043-872-2216","2000","0800","2000","0800","2000","0800","2000","0800","2000","0800","1600","0800","C2300262","277","03","1845","36.93362526930887","127.68925560484982"
"경기도 양주시 광적면 가래비길 98 (광적면)","광적약국","031-829-0267","1900","0900","1900","0900","1900","0900","1900","0900","1900","0900","1300","0900","C2102924","114","19","1846","37.82457095938437","126.98433918595401"
"전라남도 해남군 현산면 현산북평로 106","광제당약국","061-533-8875","1730","0830","1730","0830","1730","0830","1730","0830","1730","0830","C2601063","590","58","1847","34.45810429317319","126.5533807101151"
"경기도 수원시 권선구 입북로 47, 성지빌딩 103호 (입북동)","롯데마트(천천점)옆베스트타운앞","광제당약국","031-293-3632","2100","0900","2100","0900","2100","0900","2100","0900","2100","0900","2100","0900","2100","0900","C2101788","163","67","1848","37.29711988636908","126.9820919887606"
"충청북도 청주시 청원구 내수읍 내수로 729-1,","내수리택시차부앞","광제당약국","043-214-4172","1900","0900","1900","0900","1900","0900","1900","0900","1900","0900","1300","0900","1700","1000","C2300505","363","932","1849","36.7266513523275","127.53600114078998"
"서울특별시 광진구 면목로 130, 1층 (중곡동)","중곡역2번출구전방5분거리","광제사약국","02-464-1832","2100","0830","2100","0830","2100","0830","2100","0830","2100","0830","1900","0900","1900","0900","C1102938","049","10","1850","37.5649729098397","127.080895856619"
"울산광역시 중구 동천5길 16, (서동)","세븐일레븐 맞은편","광제약국","052-296-4239","1900","0900","1900","0900","1900","0900","1900","0900","1900","0900","1300","0900","1300","0900","C1700216","444","81","1851","35.581358333333334","129.346494444444431"
"충청남도 아산시 배방읍 모산로 133","광제약국","041-548-1642","2400","1100","2400","1100","2400","1100","2400","1100","2400","1100","2400","1100","2400","0900","2400","0900","C2401897","314","82","1852","36.7748846386704","127.057309234253"
"부산광역시 강서구 공항앞길 6, 1층 (대저2동)","버스정류장: 공항파출소 뒤","광제약국","051-973-6653","1830","0900","1830","0900","1830","0900","1830","0900","1830","0900","1300","0900","C1200405","467","20","1853","35.180475000000001","128.954402777777773"
"강원특별자치도 동해시 송정중앙로 59 (송정동)","광제약국","033-522-4109","2000","0900","2000","0900","2000","0900","2000","0900","2000","0900","1800","0900","2000","0900","C2200423","257","86","1854","37.498867549190166","129.12603383629693"
"부산광역시 동래구 여고북로 192, 장안빌딩 (사직동)","휴게시간(19:30-22:00) / 공공심야약국 운영(22:00-25:00)","버스정류장: 동영아파트","광제약국","051-506-0365","2500","0830","2500","0830","2500","0830","2500","0830","2500","0830","2500","0830","2500","0830","2500","0830","C1200495","478","31","1855","35.202505555555554","129.075241666666670"
"경상북도 구미시 인동11안길 21, 1층 상가호 (인의동)","인의동서울아동병원1층","광제약국","054-472-1691","2130","0850","2130","0850","2130","0850","2130","0850","2130","0850","1730","0850","1730","0850","1730","0850","C2701055","394","34","1856","36.104130494474994","128.42549067079918"
"전북특별자치도 익산시 익산대로16길 7 (창인동1가)","익산요양원맞은편","광제약국","063-843-8043","1930","0830","1930","0830","1930","0830","1930","0830","1930","0830","1400","0830","C2500237","545","93","1857","35.93361863756574","126.96101112977813"
"전북특별자치도 익산시 평동로12길 1, (동산동)","공휴일 연락 후 방문","동산동우체국옆에위치.","광종합약국","063-854-0399","1900","0900","1900","0900","1900","0900","1900","0900","1900","0900","1300","0900","1130","0900","C2500274","546","76","1858","35.928611111111110","126.959374999999994"
"광주광역시 동구 제봉로 200 (대인동)","동부소방서사거리(대인파출소옆)","광주백제약국","062-232-1570","1830","0830","1830","0830","1830","0830","1830","0830","1830","0830","1300","0830","C1500259","501","812","1859","35.153890662006695","126.91574090549656"
"광주광역시 서구 상무대로1080번길 1, 1층 (화정동)","추선회관건너편(지하철 농성역3번출구에서 상무지구방향 300m위치)","광주보령약국","062-352-7588","2200","0830","2200","0830","2200","0830","2200","0830","2200","0830","2200","0830","2200","0900","2200","0900","C1500263","619","80","1860","35.15236066091391","126.88039980175645"
"광주광역시 광산구 월곡산정로 12, 1층 104호 (우산동, 하남주공아파트상가동)","광주빛고을약국","062-951-9987","1930","0830","1930","0830","1930","0830","1930","0830","1930","0830","1500","0830","C1500569","623","58","1861","35.16421620259256","126.80424242320429"
"전라남도 고흥군 여산당촌길 13-1 (고흥읍)","광주약국","061-834-3543","1800","0800","1800","0800","1800","0800","1800","0800","1800","0800","1600","0800","C2600059","595","40","1862","34.607405555555559","127.281488888888887"
"전라남도 해남군 황산면 시등로 118, 광주약국 1층 (황산면)","공휴일은 장날하고 겹치는 날만 운영(3일,8일 07:00~13:00)","장터 입구에서 파출소 방향으로 30M","광주약국","061-532-2515","1800","0700","1800","0700","1800","0700","1800","0700","1800","0700","1300","0700","C2600352","590","07","1863","34.57577096027793","126.43142339061124"
"전라남도 화순군 화순읍 자치샘로 19","화순개인택시맞은편","광주약국","061-374-2650","1830","0830","1830","0830","1830","0830","1830","0830","1830","0830","1600","0830","C2600279","581","20","1864","35.06259001902848","126.9834581818516"
"서울특별시 동작구 동작대로 127, 1층 (사당동)","매달 2,4번째 일요일 휴무","총신대입구(이수)역 14번 출구","광주약국","02-591-0075","2200","0900","2200","0900","2200","0900","2200","0900","2200","0900","2200","0900","2200","0900","C1104550","070","08","1865","37.48801411765509","126.98196791458534"
"전라남도 함평군 월야면 밀재로 1511","H.P 01066707255/농협주유소 옆 월야 속셈학원 근처","광주약국","061-323-3377","1800","0800","1800","0800","1800","0800","1800","0800","1800","0800","1400","0800","C2600720","571","24","1866","35.179918191502615","126.62714220755355"
"전라남도 구례군 구례읍 중앙로 36","일요일 전화 후 방문","구례읍봉동리동광사거리","광주약국","061-782-6965","1830","0730","1830","0730","1830","0730","1830","0730","1830","0730","1500","0730","C2600277","576","43","1867","35.2087984313241","127.46781522603581"
"제주특별자치도 제주시 국기로 7 (연동)","토요일 운영시간 : 오전 08:30~13:00 오후 16:30~21:00 공휴일 영업여부 변동될 수 있음(전화주세요.)","대림아파트상가 앞","광주약국","064-712-7116","2000","0930","2000","0930","2000","0930","2000","0930","2000","0930","1530","0930","C2900073","631","39","1868","33.48112264232817","126.49003353557649"
"서울특별시 관악구 관악로 268 (봉천동)","광주약국","02-884-2000","2100","0900","2100","0900","2100","0900","2100","0900","2100","0900","2100","0900","2100","0900","C1103522","087","33","1869","37.488032905104134","126.95827941522553"
"전라남도 곡성군 석곡면 석곡로 56","석곡 5일장 근처","광주약국","061-362-3036","1700","0800","1700","0800","1700","0800","1700","0800","1700","0800","1200","0800","C2600253","575","59","1870","35.13193564414172","127.25374637831715"
"광주광역시 동구 서암대로 318","이민호외과 앞","광주약국","062-512-1415","1800","0900","1800","0900","1800","0900","1800","0900","1800","0900","1400","0900","C1500659","614","00","1871","35.16485042029617","126.91814254915952"
"전라남도 진도군 진도읍 남문길 44","당번제로 운영되어 22시까지 운영하기도함 주말,공휴일 전화 후 방문","진도읍남문로한국병원옆","광주약국","061-544-2145","1830","0800","1830","0800","1830","0800","1830","0800","1830","0800","1300","0800","1300","0800","C2600017","589","23","1872","34.48212162609882","126.26398768854483"
"경기도 광주시 중앙로 110, 102,103호 (경안동)","경기도광주시이마트맞은편중앙로120M전방","광주온누리약국","031-761-2229","2000","0800","2000","0800","2000","0800","2000","0800","2000","0800","1900","0900","1300","0800","1300","0800","C2106385","127","58","1873","37.41002489550211","127.25894055815197"
"경기도 광주시 광주대로 91, 1층 (송정동)","광주제일큰약국","031-8027-0136","2200","0900","2200","0900","2200","0900","2200","0900","2200","0900","2000","1000","2000","1000","2000","1000","C2109796","127","43","1874","37.4148020816744","127.259682890969"
"경기도 광주시 고불로 113, 1층 (태전동)","광주종로약국","031-766-6663","2130","0900","2130","0900","2130","0900","2130","0900","2130","0900","C2108295","127","85","1875","37.3929926527216","127.225566387159"
"광주광역시 남구 용대로 142, 1층 (방림동)","송림주택앞","광주종로온누리약국","062-651-8222","2100","0930","2100","0930","2100","0930","2100","0930","2100","0930","1400","0930","C1500267","616","76","1876","35.13038966843848","126.91830214235452"
"경기도 광주시 광주대로 43, 1층 (경안동)","광주종합약국","031-8027-9365","1800","0900","1800","0900","1800","0900","1800","0900","1800","0900","1300","0900","C2109616","127","56","1877","37.4105415455001","127.260250690721"
"서울특별시 중구 퇴계로 45 (남창동)","서울시 공공야간 지정약국으로 화, 목, 일요일 22시~익일1시까지 운영합니다.","회현역 5번 출구","광주참약국","02-756-3609","2100","0800","2100","0800","2100","0800","2100","0800","2100","0800","1900","0800","C1102943","045","29","1878","37.55829157679171","126.97763326497937"
"경기도 광주시 중앙로 101, 클리닉빌딩 제1층 103,104호 (경안동)","광주태평양약국","031-798-6240","2300","0800","2300","0800","2300","0800","2300","0800","2300","0800","2300","0800","2300","0800","2300","0800","C2101827","127","59","1879","37.40870154648323","127.25845857726117"
"광주광역시 동구 제봉로 64","전대병원로타리와 동구청사이(남동성당 건너편)","광주평화약국","062-222-8707","1800","0800","1800","0800","1800","0800","1800","0800","1800","0800","1300","0730","C1500557","614","68","1880","35.144080609363904","126.92145742060683"
"경기도 광주시 파발로 147-1, 한부빌딩 1층 (경안동)","광주프라자약국","031-762-5230","1900","0900","1900","0900","1900","0900","1900","0900","1900","0900","1400","0900","C2101437","127","55","1881","37.41388962050503","127.25425163617305"
"경기도 광주시 곤지암읍 만삼로 270","광주휴게소약국","031-000-0000","C2109078","127","27","1882"
"경기도 광주시 남한산성면 회안대로 1417-9","광지원약국","031-763-0272","1930","1000","1930","1000","1930","1000","1930","1000","1930","1000","1930","1000","C2104156","127","04","1883","37.4629715355","127.2474037204"
"서울특별시 광진구 천호대로 566, 동우빌딩 1층 (능동)","토요일 휴게시간 14:00~20:00","광진365플러스약국","02-455-3655","2500","0900","2500","0900","2500","0900","2500","0900","2500","0900","2500","0900","2500","0900","2500","0900","C1110271","049","85","1884","37.5563705452593","127.080646060092"
"제주특별자치도 서귀포시 중정로 68","서귀포중정로제주은행맞은편","광진당약국","064-732-8275","1800","0830","1800","0830","1800","0830","1800","0830","1800","0830","1200","0830","1200","0830","C2900111","635","95","1885","33.24780807024498","126.56361652244152"
"서울특별시 광진구 자양로 168, 101호 (구의동, 광진 더프레236)","광진바른약국","02-454-3311","1930","0830","1930","0830","1930","0830","1930","0830","1930","0830","1500","0830","C1109808","050","38","1886","37.5426360202952","127.084604778156"
"서울특별시 광진구 자양로 43 (자양동)","잠실대교 북단 인근","광진백화점약국","02-457-7873","1800","0900","1800","0900","1800","0900","1800","0900","1800","0900","1300","0900","C1103276","051","03","1887","37.5317069369082","127.085537581644"
"경기도 안산시 단원구 광덕대로 154, 215-1,216호 (고잔동, 로데오타운A동)","고잔동신도시로데오불가마사우나근처","광진약국","031-405-3519","1830","0900","1830","0900","1830","0900","1830","0900","1830","0900","1330","0900","C2106488","154","70","1888","37.310429733084305","126.8305195536139"
"서울특별시 중구 다산로 183, 조영호내과의원 1층 (신당동)","광진약국","02-2237-5296","2200","1000","2200","1000","2200","1000","2200","1000","2200","1000","2200","1000","C1102946","046","08","1889","37.559948518930796","127.01338355469261"
"서울특별시 광진구 아차산로69길 8","광진온누리약국","02-457-8377","1850","0830","1850","0830","1850","0830","1850","0830","1850","0830","1350","0830","C1101962","049","83","1890"
"서울특별시 광진구 자양로 164, 하림빌딩 1층 (구의동)","광진제일큰약국","02-6215-2225","2400","0900","2400","0900","2400","0900","2400","0900","2400","0900","2400","0900","2400","0900","2400","0900","C1109799","050","39","1891","37.5422720833277","127.084385528212"
"서울특별시 광진구 면목로 113-1, 1층 (중곡동)","광진프라자약국","02-466-0652","1830","0900","1830","0900","1830","0900","1830","0900","1830","0900","1330","0900","C1101967","049","11","1892","37.563893293148105","127.0800339088688"
"경상남도 김해시 진례면 진례로 252","일요일은 장날만 운영 09:00~13:00","광천당약국","055-346-5528","1830","0900","1830","0900","1830","0900","1830","0900","1830","0900","1400","0900","C2800379","508","74","1893","35.24950836564237","128.7481158732559"
"광주광역시 서구 무진대로 965, 101호 (광천동)","광천수약국","062-351-0801","1800","0900","1800","0900","1800","0900","1800","0900","1800","0900","1500","0900","C1501332","619","17","1894","35.1615431916388","126.886063105583"
"경기도 파주시 광탄면 혜음로 495","매월 일요일 첫째주 셋째주는 쉼니다. 감사합니다","안녕하세요 광탄동화약국 입니다 동물의약품 취급 약국입니다 언제나 바른 약국이 되도록 노력하겠습니다 감사합니다.","광탄동화약국","031-947-3304","2100","0800","2100","0800","2100","0800","2100","0800","2100","0800","2000","0900","2000","0900","2000","0900","C2108132","109","55","1895","37.7364913874176","126.880249920738"
"경기도 파주시 광탄면 혜음로 1135, 1층 103호","광탄수약국","031-941-2555","1900","0900","1900","0900","1900","0900","1900","0900","1900","0900","1500","0900","C2108954","109","48","1896","37.7824673114886","126.846450560025"
"경기도 파주시 광탄면 혜음로 1120","광탄조은약국","031-947-0137","2000","0900","2000","0900","2000","0900","2000","0900","2000","0900","1400","0900","C2102743","109","48","1897","37.781660803677965","126.84765065162213"
"경기도 파주시 광탄면 등원로 527, 1층 (농협하나로마트)","광탄하나로약국","031-947-7984","1900","0900","1900","0900","1900","0900","1900","0900","1900","0900","1400","0900","C2106530","109","48","1898","37.78336093890265","126.84490904110171"
"경상남도 고성군 고성읍 중앙로 29","고성읍사무소 근처","광하약국","055-672-6600","1900","0830","1900","0830","1900","0830","1900","0830","1900","0830","1700","0830","C2800072","529","43","1899","34.974416435705066","128.3233440306776"
"서울특별시 광진구 능동로 298 (능동)","공휴일 운영일은 유동적이므로 방문 전 필히 연락 바랍니다.","광해약국","02-447-8188","1930","0900","1930","0900","1930","0900","1930","0900","1930","0900","1700","0900","1700","1000","C1101968","049","85","1900","37.5562938820402","127.07929863373558"
"충청남도 아산시 번영로230번길 15 (모종동)","토요일은 사정에따라 달라질수 있음 . 확인후 이용바람","터미날 맞은편 미레한국병원 옆에 위치해 있으며 조제 양약 한약제제 건기식을 통해서 질병을 치유하며 영육의 건강한 삶으로 안내하는 약국","한국병원옆","광해약국","041-546-4566","1900","0830","1900","0830","1900","0830","1900","0830","1900","0830","1900","0830","C2400232","315","26","1901","36.7826236536","127.0157868054"
"전북특별자치도 완주군 삼례읍 동학로 53-1, 1층","광혜당약국","063-291-9697","2030","0830","2030","0830","2030","0830","2030","0830","2030","0830","2030","0830","2100","0830","C2501252","553","40","1902","35.9123530109","127.073558087"
"대전광역시 중구 대둔산로 363 (산성동)","광혜당약국","042-581-0708","1800","0900","1800","0900","1800","0900","1800","0900","1800","0900","1230","0900","C1600084","350","80","1903","36.325963888888886","127.379724999999993"
"전북특별자치도 전주시 완산구 효자천변2길 7, 101호 (효자동1가)","서도프라자옆 굿모닝빌딩","광혜당약국","063-227-0073","1900","0830","1900","0830","1900","0830","1900","0830","1900","0830","1400","0830","C2500403","550","80","1904","35.805466666666668","127.113847222222219"
"경기도 평택시 안중읍 안현로 429, 서경빌딩 1층","광혜당약국","031-684-0123","1500","0900","1500","0900","1500","0900","1500","0900","1500","0900","1500","0900","C2101517","179","36","1905","36.98812782248776","126.93159266421429"
"충청남도 천안시 서북구 봉명로 35 (쌍용동)","남인성 이비인후과 밑","광혜당약국","041-571-5583","1900","0900","1900","0900","1900","0900","1900","0900","1900","0900","1230","0900","C2400111","311","49","1906","36.807638888888889","127.132363888888889"
"경기도 수원시 권선구 고색로66번길 49, 1층 (고색동)","광혜당약국","031-291-9697","1800","0900","1800","0900","1800","0900","1800","0900","1800","0900","1300","0900","C2109402","166","49","1907","37.2486403480321","126.985038265937"
"전북특별자치도 임실군 오수면 오수로 165 (광혜당약국)","오수터미널 옆","광혜당약국","0636428812","1800","0830","1800","0830","1800","0830","1800","0830","1800","0830","C2500925","559","54","1908","35.53889471","127.3269222059"
"서울특별시 서대문구 성산로17길 5, (연희동)","광혜약국","02-362-6250","1830","0900","1830","0900","1830","0900","1830","0900","1830","0900","1330","0900","C1101196","037","26","1909","37.56297243886566","126.93135628832592"
"충청북도 진천군 광혜원면 장기길 98","- 광혜원 시외버스 정류장 부근","광혜원종합약국","043-535-3025","2200","0830","2200","0830","2200","0830","2200","0830","2200","0830","2200","0830","2200","0830","2200","0830","C2300094","278","05","1910","36.98980006047999","127.44518826247054"
"경기도 수원시 권선구 일월천로4번길 55","광혜원한약국","031-295-7535","1900","1000","1900","1000","1900","1000","1900","1000","1900","1000","1600","1000","C2101530","164","13","1911","37.28268687709521","126.97519824394749"
"서울특별시 종로구 삼봉로 44, 1층 (청진동)","광화문123약국","02-723-0124","2100","0800","2100","0800","2100","0800","2100","0800","2100","0800","1900","1100","1900","1100","1900","1100","C1108383","031","56","1912","37.572401550958695","126.97970907766098"
"서울특별시 종로구 세종대로 159, 4층 (세종로)","토요일은 격주로 운영","광화문역 7번 출구 바로 앞 고디바, 더바디샵 건물","광화문윤약국","02-720-1717","1900","0900","1900","0900","1900","0900","1900","0900","1900","0900","1300","0900","C1107770","031","83","1913","37.57062821281337","126.97632498868998"
"서울특별시 종로구 새문안로 89, 정우빌딩 201호 (신문로1가)","광화문이층약국","02-6952-7838","1900","0930","1900","0930","1900","0930","1900","0930","1900","0930","1400","1000","C1109921","031","82","1914","37.5704743059958","126.974513333988"
"서울특별시 중구 퇴계로 322, 정미식품 (광희동2가)","동대문문화역사공원역 4번 출구 맞은편","광희약국","02-2273-5555","2200","0900","2200","0900","2200","0900","2200","0900","2200","0900","2200","0900","C1103919","046","14","1915","37.5640170418887","127.00745614893"
"충청북도 괴산군 괴산읍 읍내로5길 12","전화후방문/ 일요일은 장날에만 운영합니다.(3,8일장, 08:30~18:30)","법원 부근","괴산약국","043-833-2871","1830","0830","1830","0830","1830","0830","1830","0830","1830","0830","1500","0830","C2301158","280","30","1916","36.8080635153686","127.792700537431"
"부산광역시 사하구 대티로1번길 39 (괴정동)","괴정극동스타클래스상가앞","괴정약국","051-293-1541","1800","0930","1800","0930","1800","0930","1800","0930","1800","0930","C1201156","493","19","1917","35.104930782908795","128.99889041524764"
"서울특별시 서초구 서초대로 335 (서초동)","교대역 4번 출구 서흥빌딩","교대사랑약국","02-3477-0312","2130","0830","2130","0830","2130","0830","2130","0830","2130","0830","2000","0830","2000","0830","2000","0830","C1104585","066","07","1918","37.4952764993945","127.01808528391"
"인천광역시 계양구 계산로 89, 1층 (계산동)","교대약국","032-555-6698","1900","0900","1900","0900","1900","0900","1900","0900","1900","0900","1300","0900","C1401825","210","54","1919","37.5377619736838","126.722130614909"
"서울특별시 서초구 서초대로 287, 1층 (서초동)","교대역약국","02-3478-9083","1900","0900","1900","0900","1900","0900","1900","0900","1900","0900","1300","0900","C1110412","065","96","1920"
"강원특별자치도 삼척시 청석로 63 (교동)","교동 뚜레쥬르 옆","교동약국","033-576-8276","1900","0900","1900","0900","1900","0900","1900","0900","1900","0900","1230","0900","C2200572","259","24","1921","37.44818091618757","129.17550678912198"
"인천광역시 강화군 교동면 대룡안길 54-62","교동약국","032-933-8358","1800","1000","1800","1000","1800","1000","1800","1000","1800","1000","C1402024","230","02","1922","37.7832357289978","126.279338552596"
"전라남도 여수시 중앙로 30, 1층 (교동)","교동큰약국","061-920-7100","1900","0800","1900","0800","1900","0800","1900","0800","1900","0800","1300","0800","C2601248","597","34","1923","34.7400448705772","127.731019654261"
"서울특별시 관악구 남부순환로 1827, 1층 (봉천동)","휴게시간 13:00~14:00 추석연휴와 설연휴는 운영 안 함","추석연휴와 설연휴는 운영 안함","서울대입구역 8번 출구","교보약국","02-878-7582","2030","0930","2030","0930","2030","0930","2030","0930","2030","0930","1600","0930","1500","1030","1500","1030","C1107873","087","38","1924","37.481352358393636","126.9534045260835"
"경기도 파주시 청석로 272 (동패동)","일요일 운영 시간은 일정하지 않으므로 꼭 전화 확인후 이용하시기 바랍니다","교하중심상가지하차도위기업은행건물","교하제일약국","031-946-4919","2000","0900","2000","0900","2000","0900","2000","0900","2000","0900","1500","0900","1500","0900","1800","0900","C2102742","108","74","1925","37.72613317327341","126.71777037846597"
"경기도 파주시 미래로 537, 해솔마을3단지 운정현대아파트 상가동 103호 (목동동)","교하푸른약국","031-943-7375","1930","0900","1930","0900","1930","0900","1930","0900","1930","0900","1300","0900","1300","0900","C2102979","108","93","1926","37.72534310930565","126.75079488796469"
"충청북도 충주시 국원대로 103 (교현동)","교현미래약국","043-846-1283","2200","0900","2200","0900","2200","0900","2200","0900","2200","0900","2200","0900","2200","0900","2200","0900","C2301255","273","64","1927","36.9806947383621","127.928017769259"
"충청북도 충주시 광명1길 2, (교현동)","충주건대병원후문","교현충일약국","043-844-5226","1830","0830","1830","0830","1830","0830","1830","0830","1830","0830","1300","0830","C2300232","273","76","1928","36.978486111111110","127.929158333333334"
"서울특별시 종로구 대학로5길 35, 101호, 201호 (연건동)","","혜화역 3번 출구 / 서울대학교 어린이병원 옆","교회옆약국","02-763-7639","1830","0830","1830","0830","1830","0830","1830","0830","1830","0830","C1108941","030","82","1929","37.57901208792128","127.00065378207091"
"경기도 용인시 기흥구 구갈로72번길 10, 106호 (구갈동, 낙원상가)","기흥구청 옆 신한은행 1층","구갈온누리약국","031-285-4348","2130","0900","2130","0900","2130","0900","2130","0900","2130","0900","2130","0900","2130","1300","2130","1300","C2100562","169","72","1930","37.28061587673143","127.11247707774291"
"강원특별자치도 원주시 남원로534번길 14","공휴일 운영여부는 공휴일 당일 전화해야 알 수 있음","롯데시네마 옆 GS마트 앞","구곡시장약국","033-761-4827","2200","0830","2200","0830","2200","0830","2200","0830","2200","0830","2200","0830","2200","1200","C2200076","264","84","1931","37.33083130723074","127.9481118303722"
"부산광역시 연제구 법원북로 34","3호선 종합운동장역 2번출구/현대홈타운1차상가","구구팔팔약국","051-507-0106","1900","0930","1900","0930","1900","0930","1900","0930","1900","0930","1330","0930","C1201305","611","071","1932","35.19373831886195","129.07105290647576"
"경기도 남양주시 화도읍 먹갓로27번길 1 (혜성빌딩)","구남매약국","031-511-2224","2000","0900","2000","0900","2000","0900","2000","0900","2000","0900","1700","0900","C2102465","121","69","1933","37.65653915918994","127.27442357064143"
"전라남도 구례군 구례읍 동편제길 4, 구례약국","구례약국","061-783-0783","2000","0900","2000","0900","2000","0900","2000","0900","2000","0900","C2601270","576","45","1934","35.2156857986272","127.463480290268"
"서울특별시 구로구 고척로 140, 제일빌딩 1층 (고척동)","구로365약국","02-2687-1607","2000","0900","2000","0900","2000","0900","2000","0900","2000","0900","1800","0900","1800","0900","1800","0900","C1110413","082","35","1935","37.502466391370106","126.8495095633079"
"서울특별시 구로구 경인로 431 (고척동)","고척스카이돔 바로 맞은편","구로메디칼약국","02-2614-3206","1800","0900","1800","0900","1800","0900","1800","0900","1800","0900","1300","0900","C1109298","082","23","1936","37.499662559609376","126.86685173751812"
"서울특별시 구로구 서해안로 2338 (오류동)","오류동역 2번 출구 맞은편","구로미소약국","02-2615-0766","1930","0900","1930","0900","1930","0900","1930","0900","1930","0900","1330","0900","C1101910","083","41","1937","37.49348761655522","126.84410258216715"
"서울특별시 구로구 경인로 433 (고척동)","구로솔약국","02-2689-5550","1830","0830","1830","0830","1830","0830","1830","0830","1830","0830","1330","0830","C1108048","082","23","1938","37.49969878128386","126.86701282515156"
"서울특별시 구로구 구로동로26길 37, 1층 (구로동)","구로시장내, 구로시설관리공단 근처","구로시장약국","02-854-1385","1900","0840","1900","0840","1900","0840","1900","0840","1900","0840","1600","0840","1600","0840","C1101912","083","11","1939","37.4902679096097","126.886213943676"
"서울특별시 구로구 구로동로 147, MEDI FLOWER 147 1층 (구로동)","고대구로병원 정문 앞","구로약국","02-865-1122","1820","0830","1820","0830","1820","0830","1820","0830","1820","0830","1500","0830","1600","1000","C1103918","083","09","1940","37.49172425357728","126.88348815984732"
"서울특별시 구로구 구로중앙로 152, NC백화점 지하1층 (구로동)","구로엔씨온누리약국","050-71384-2113","2100","1030","2100","1030","2100","1030","2100","1030","2145","1030","2145","1030","2145","1030","C1110089","082","92","1941","37.5011601442131","126.882773011925"
"서울특별시 구로구 가마산로 219, 1층 (구로동)","구로조은약국","02-869-6644","1900","0800","1900","0800","1900","0800","1900","0800","1900","0800","1800","0800","1800","0800","C1109502","082","85","1942","37.493807535751365","126.88548927064703"
"서울특별시 구로구 경인로 193 (오류동)","오류동역버스정류장 근처","구로종로약국","02-2688-0155","2200","0900","2200","0900","2200","0900","2200","0900","2200","0900","2200","0900","2200","0900","2200","0900","C1102132","082","69","1943","37.49570882976475","126.84257982523819"
"서울특별시 구로구 구로동로 78, 시몬빌딩 1층 (구로동)","남구로역 4번 출구 인근","구로참조은약국","02-6956-2627","2000","0900","2000","0900","2000","0900","2000","0900","2000","0900","1400","0900","C1108658","083","20","1944","37.48587448814034","126.88582079792222"
"서울특별시 구로구 개봉로 30 (개봉동, 로얄타워)","구로프라자온누리약국","02-2613-6044","2000","0830","2000","0830","2000","0830","2000","0830","2000","0830","1930","0830","1400","0900","1400","0900","C1102008","083","33","1945","37.4882301404849","126.856538739778"
"서울특별시 관악구 조원로 20, 101호 (신림동)","구로행복약국","02-868-1653","2000","0900","2000","0900","2000","0900","2000","0900","2000","0900","1400","0900","1400","0900","C1109803","087","69","1946","37.48329153596214","126.90435315446517"
"서울특별시 서초구 논현로31길 41, 1층 (양재동)","현대캐피탈뒷골목","구룡수약국","02-576-9772","1930","0900","1930","0900","1930","0900","1930","0900","1930","0900","1930","0900","C1102010","067","45","1947","37.480928612801634","127.04126721757486"
"서울특별시 양천구 목동서로 340, 상가비동 129호 (신정동, 목동신시가지아파트9단지)","주말, 공휴일 운영시간 유동적이므로 방문 전 필히 연락바랍니다.","목동9단지아파트 상가B","구룡약국","02-2648-1460","1830","0900","1830","0900","1830","0900","1830","0900","1830","0900","1300","0900","1300","0930","C1103184","080","89","1948","37.51872962209806","126.8606161823417"
"경상북도 포항시 남구 구룡포읍 호미로 225, 구룡포여의주타워","공휴일 방문 전 확인 연락 필요","구룡포용약국","054-275-6621","1900","0900","1900","0900","1900","0900","1900","0900","1900","0900","1600","0900","1300","0900","C2701634","379","33","1949","35.9967244952085","129.349130673751"
"경기도 광명시 소하로 77, 골든프라자 107호 (소하동)","구름산메디컬약국","02-899-2306","1800","0900","1800","0900","1800","0900","1800","0900","1800","0900","1300","0900","C2110135","143","16","1950","37.4479134480636","126.884045024072"
"충청남도 천안시 동남구 서부대로 221, 1층 (신방동, 오케이빌딩)","구름약국","041-577-3351","1900","0830","1900","0830","1800","0830","1900","0830","1900","0830","1300","0830","C2401382","311","77","1951","36.7881386709","127.1284366052"
"경기도 의정부시 세석로 30, 현대본타워1 3층 307호 (산곡동)","구름약국","031-848-8282","1800","0900","1800","0900","1800","0900","1800","0900","1800","0900","1300","0900","C2109688","118","00","1952","37.729402507407","127.110095453846"
"서울특별시 강남구 논현로171길 11, 1층 (신사동)","압구정역 4번 출구","구름약국","02-516-0954","2000","1000","1930","1000","1930","1000","2000","1000","2000","1000","1700","0930","C1109088","060","30","1953","37.525498631670935","127.02740245405967"
"경기도 화성시 여울로 19, 102호 (능동)","구름약국","031-000-0000","1800","0900","1800","0900","1800","0900","1800","0900","1800","0900","1300","0900","C2109863","184","27","1954","37.201057898619","127.053159634013"
"제주특별자치도 제주시 1100로 3323-1, 1층 (노형동)","구름약국","064-123-4567","1900","0830","1900","0830","2100","0830","1900","0830","2100","0830","1400","0830","1400","0830","C2900588","630","83","1955","33.48322279926","126.480350903377"
"경기도 김포시 김포한강2로 41, 롯데마트김포한강점1층 (장기동, e편한세상 캐널시티)","구름약국","031-981-3169","1800","0900","1800","0900","1800","0900","1800","0900","1800","0900","C2107924","100","90","1956","37.64127052828754","126.67760233760904"
"인천광역시 미추홀구 숙골로87번길 5, 204동 2층 2-18호 (도화동, 더샵 인천스카이타워 2단지)","구름약국","050-71380-4170","2100","0900","2100","0900","2100","0900","2100","0900","2100","0900","2100","0900","2100","0900","2100","0900","C1402152","221","01","1957","37.4694745961039","126.663261879268"
"대전광역시 서구 구봉로 137, 202일부호 (관저동)","구름약국","042-543-0043","2000","0900","2000","0900","2000","0900","2000","0900","2000","0900","1400","0900","C1601280","353","82","1958","36.2966883549791","127.338178896526"
"경기도 구리시 검배로 3, 1층 (수택동)","구리365열린약국","031-555-3365","1800","0900","1800","0900","1800","0900","1800","0900","1800","0900","1300","0900","C2110156","119","29","1959","37.6007585000995","127.141718425186"
"경기도 구리시 동구릉로85번길 12, (인창동)","구리보룡약국","031-557-2267","2000","0900","2000","0900","2000","0900","2000","0900","2000","0900","1600","0900","1300","0900","C2102265","119","14","1960","37.608234681029906","127.13380875573054"
"경기도 구리시 건원대로 59 (인창동)","구리종로약국","031-555-0015","1800","1000","1800","1000","1800","1000","1800","1000","1800","1000","1800","0900","1800","1000","C2102847","119","18","1961","37.6063552801302","127.13920743123077"
"경기도 구리시 경춘로 219, 102-104호 (인창동)","구리탄탄약국","031-568-2191","1800","0900","1800","0900","1800","0900","1800","0900","1800","0900","1300","0900","C2109653","119","26","1962","37.6008764984244","127.139704299417"
"경기도 구리시 검배로 30 (수택동)","구리태평양약국","031-563-7804","2200","0900","2200","0900","2200","0900","2200","0900","2200","0900","2200","0900","2100","1100","C2106995","119","28","1963","37.598474633121114","127.14272123568983"
"전북특별자치도 순창군 구림면 구림로 478, 1층","구림약국","063-652-7576","1730","0830","1730","0830","1730","0830","1730","0830","1730","0830","1300","0830","C2501481","560","12","1964","35.4525380549362","127.102810283942"
"경상남도 창원시 성산구 동산로 162, 무궁화상가 (사파동)","사파성당 근처","구명약국","055-287-5300","1930","0900","1930","0900","1930","0900","1930","0900","1930","0900","1500","0900","1300","0920","C2801120","514","49","1965","35.22195639027538","128.6936770727173"
"부산광역시 영도구 동삼로 56, 한나타워 2층 203-3호 (동삼동)","버스정류장: 동삼동 탑마트","구명약국","051-405-0590","1900","0900","1900","0900","1900","0900","1900","0900","1900","0900","1800","0900","C1202508","491","01","1966","35.0784081370896","129.07079216066697"
"경상북도 구미시 야은로 273 (봉곡동, 1층)","구미365약국","054-451-5590","2100","0900","2100","0900","2100","0900","2100","0900","2100","0900","1700","0900","1700","0900","1700","0900","C2701345","392","11","1967","36.1397090679841","128.313071007384"
"경상북도 구미시 산호대로31길 19, 인동농협4공단지점 3층 (옥계동)","구미나라약국","054-600-0100","1830","0900","1830","0900","1830","0900","1830","0900","1830","0900","1300","0900","C2701729","391","85","1968","36.1380065440906","128.422105300361"
"경상북도 구미시 신시로10길 13-1, 1층 (송정동)","구미대학약국","054-456-8755","1930","0830","1930","0830","1930","0830","1930","0830","1930","0830","1430","0830","C2701773","392","87","1969","36.1151013528718","128.340452936567"
"경상북도 구미시 1공단로 169(공단동)","신규기관이라 운영시간 결정 안났다함. 임의 등록함._150916","구미대형약국","054-463-8275","2300","0800","1800","0800","2300","0800","1800","0800","2300","0800","1300","0800","C2701333","393","72","1970","36.10232443086071","128.3818226760238"
"경상북도 구미시 구미대로 256","마트 휴일엔 쉼","구미이마트약국","054-462-4153","2200","1000","2200","1000","2200","1000","2200","1000","2200","1000","2200","1000","2200","1000","2200","1000","C2700498","393","44","1971","36.10947952590545","128.36485649959545"
"경상북도 구미시 3공단1로 284, 태영빌딩 1층 103호 (임수동)","구미정문약국","054-472-4917","1830","0840","1830","0840","1830","0840","1830","0840","1800","0840","C2700816","393","91","1972","36.10733383115944","128.40243407263821"
"경기도 안산시 단원구 화정천서로3길 7, (선부동)","선부동온누리병원뒤","구민사약국","031-403-2913","2300","0900","2300","0900","2300","0900","2300","0900","2300","0900","2300","0900","2300","1600","2430","1500","C2104680","425","831","1973","37.343145231980074","126.81710894368098"
"서울특별시 영등포구 당산로 142-1 (당산동3가)","영등포구청역 4번 출구","구민약국","02-2633-4671","2030","0830","1930","0830","1930","0830","2030","0830","1930","0830","1400","0830","C1102787","072","57","1974","37.52737404671608","126.8973082378235"
"경기도 수원시 장안구 덕영대로 559, 1층 (천천동)","구민약국","031-251-5533","1900","0900","1900","0900","1900","0900","1900","0900","1900","0900","C2100629","163","29","1975","37.29496822267311","126.98218046875178"
"대전광역시 서구 관저로 84","일요일은 변동될 수 있으므로 전화 확인 후 방문 바랍니다.","관저동구봉8단지상가1층","구봉온누리약국","042-542-7755","2130","0900","2130","0900","2130","0900","2130","0900","2130","0900","2000","0900","2000","1500","2000","0900","C1600085","353","73","1976","36.29861247933064","127.33086108755361"
"경상남도 김해시 가락로 246","공휴일 미운영","구산약국","055-337-9394","1930","0930","1930","0930","1930","0930","1930","0930","1930","0930","1330","0930","C2800133","509","08","1977","35.247258810136444","128.87440606232224"
"서울특별시 은평구 서오릉로 217-5 (구산동)","운영시간 변동 가능성 있음","구산이화약국","02-353-1218","1930","0900","1930","0900","1930","0900","1930","0900","1930","0900","1400","0900","C1104711","034","26","1978","37.614316292552104","126.90920311365205"
"경기도 평택시 탄현로327번길 4-1 (신장동)","구생당약국","031-664-9752","1900","0900","1900","0900","1900","0900","1900","0900","1900","0900","1500","0900","C2101408","177","53","1979","37.081671679085645","127.05576984668238"
"경기도 부천시 고리울로52번길 29, 1층 106,107호 (고강동, DH(주상복합)빌딩)","구생약국","032-671-2392","1900","0900","1900","0900","1900","0900","1900","0900","1900","0900","1400","0900","C2100359","144","09","1980","37.525934424532394","126.8215171826213"
"부산광역시 금정구 구서로 23","김진구내과는 평일 오후 6시30분까지, 영이비인후과는 7시까지 진료합니다.","1호선 구서역 1번출구","구서약국","051-515-7117","1900","0900","1900","0900","1900","0900","1900","0900","1900","0900","1600","0900","1300","0900","C1200816","462","42","1981","35.246609363200015","129.0885204085015"
"부산광역시 금정구 중앙대로 1829 (구서동)","구서역 4번 출구","구서온누리약국","051-953-7007","1930","0900","1930","0900","1930","0900","1930","0900","1930","0900","1300","0900","C1203058","462","73","1982","35.2476664159832","129.091961906591"
"경기도 용인시 기흥구 구성로 111, 105호 (언남동, 채러티디벨로퍼(주))","구성푸른약국","031-286-1380","2100","0900","2100","0900","2100","0900","2100","0900","2100","0900","1700","0900","C2107275","169","18","1983","37.293368272","127.1214726079"
"충청남도 천안시 동남구 중앙로 66-1, 1층 (영성동)","구세광해당약국입니다.","버들육거리 김안과 맞은편(대각선으로)","구세광해당약국","041-551-6338","1900","0900","1900","0900","1900","0900","1900","0900","1900","0900","1400","0900","1400","0900","1400","0900","C2400025","311","32","1984","36.805943448480136","127.15214329834816"
"전북특별자치도 남원시 남문로 425","국민은행 사거리","구세당약국","063-625-2345","1920","0800","1920","0800","1920","0800","1920","0800","1920","0800","1600","0800","C2500798","557","63","1985","35.40656313900438","127.37785080749339"
"전북특별자치도 군산시 백토로 114 (나운동, 광명빌딩)","구세약국","063-463-2004","1800","0900","1800","0900","1800","0900","1800","0900","1800","0900","1300","0900","C2501194","541","35","1986","35.96899784226528","126.70546043924881"
"서울특별시 은평구 응암로 181 (응암동)","배스킨라빈스 옆","구세약국","02-372-2705","2000","0900","2000","0900","2000","0900","2000","0900","2000","0900","1400","0900","C1102779","034","85","1987","37.58812541627065","126.91654346856801"
"전라남도 보성군 벌교읍 채동선로 224-1 (벌교읍)","벌교역건너편벌교리 625-5","구세약국","061-858-0403","1800","0800","1800","0800","1800","0800","1800","0800","1800","0800","1300","0800","C2600591","594","27","1988","34.842638070303806","127.34456905882945"
"전라남도 목포시 영산로 485 (상동)","5주에 1번( 토요일, 일요일 운영시간 09:00-18:00)","한국병원앞","구세약국","061-273-0051","1730","0830","1730","0830","1730","0830","1730","0830","1730","0830","1200","0830","C2600329","586","43","1989","34.80936076565512","126.41666249145712"
"경기도 평택시 중앙로 162 (합정동)","구세약국","031-655-2253","2000","0830","2000","0830","2000","0830","2000","0830","2000","0830","1630","0830","C2100647","179","05","1990","36.991936111111109","127.100944444444451"
"대전광역시 동구 동대전로 80 (대동)","구세약국","042-672-8588","1900","0900","1900","0900","1900","0900","1900","0900","1900","0900","1300","0900","C1600181","346","48","1991","36.32981421079405","127.44344489786113"
"서울특별시 서초구 서초중앙로 113, 영한빌딩 1층 (서초동)","교대역 14번 출구 바로 앞","구슬약국","02-585-6991","2100","0900","2100","0900","2100","0900","2100","0900","2100","0900","1500","0900","C1108559","066","44","1992","37.49190704500538","127.01376434873457"
"경상남도 창원시 마산회원구 구암서2길 24","화이트 맥주 입구","구암약국","055-294-8991","1930","0900","1930","0900","1930","0900","1930","0900","1930","0900","1300","0900","C2800336","512","06","1993","35.24844903610874","128.59202594262072"
"서울특별시 강서구 허준로 121, 109호 (가양동, 대림아파트상가)","대림경동아파트 상가 109호","구암약국","02-2659-8844","1930","1030","1930","1030","1930","1030","1930","1030","1930","1030","1900","1030","C1104922","075","25","1994","37.565289610442775","126.85387967363071"
"전라남도 신안군 암태면 중부로 1820-4","신안농협암태지점앞","구영약국","061-271-4287","2000","0800","2000","0800","2000","0800","2000","0800","2000","0800","1300","0800","C2600172","588","36","1995","34.828035280227795","126.11290058248868"
"서울 용산구 만리재로 134 1층 (서계동)","서울역과 마포 사이 만리동 고개","구온누리약국","02-702-7582","2000","0830","2000","0830","1830","0830","2000","0830","2000","0830","1400","0830","1300","1000","1300","1000","C1102006","043","05","1996","37.55137034092161","126.96253317196287"
"서울특별시 성북구 오패산로 16 (하월곡동)","휴게시간 13:00~13:50","구원약국","02-913-1139","1930","0900","1930","0900","1930","0900","1930","0900","2000","0900","1500","0900","C1103557","027","51","1997","37.60371580704045","127.03760914286558"
"인천광역시 남동구 남동대로 780","구월대형약국","032-466-2736","1800","0830","1800","0830","1800","0830","1800","0830","1800","0830","1300","0830","C1401567","215","65","1998","37.451950590106215","126.70843392868083"
"인천광역시 남동구 인주대로623번길 54","길병원 응급의료센터 앞 건물 2층.","구월메디칼약국","032-424-7425","1800","0830","1800","0830","1800","0830","1800","0830","1800","0830","C1400768","215","56","1999","37.45231949026444","126.70681458255734"
"인천광역시 남동구 구월남로 174, 그랜드프라자 1층 114호 (구월동)","구월솔약국","032-463-3777","2100","0830","2100","0830","2100","0830","2100","0830","2100","0830","1500","0830","C1402058","215","65","2000","37.4527798408661","126.709076156252"
"인천광역시 남동구 인주대로 588, 대암빌딩 1층 일부호 (구월동)","구월솔찬약국","032-433-3378","1900","0900","2100","0900","1900","0900","2100","0900","1900","0900","1530","0900","C1402195","215","70","2001","37.4497479909047","126.702151240212"
"인천광역시 남동구 호구포로 830, 1층 일부 (구월동)","구월약국","032-468-9596","2000","0900","2000","0900","2000","0900","2000","0900","2000","0900","1500","0900","C1401796","215","42","2002","37.456320933977736","126.71979164304189"
"인천광역시 남동구 인하로507번길 18, 103호 (구월동)","구월우리약국","032-279-6897","2100","1000","2100","1000","2100","1000","2100","1000","2100","1000","1700","1000","C1401811","215","74","2003","37.4440045781555","126.703258516718"
"인천광역시 남동구 구월말로3번길 20-1, 1층일부 (구월동)","신월초교 건너편. 인하의원 뒤에 위치","구월조은약국","032-468-1256","1500","0930","1500","0930","1500","0930","1500","0930","1500","0930","1500","0930","C1400520","215","36","2004","37.44939074966506","126.72301804422255"
"인천광역시 남동구 구월로 284, 1층일부 (구월동)","모래내시장효성상아아파트쪽복개천입구","구월프라자약국","032-471-8535","1930","0900","1930","0900","1930","0900","1930","0900","1930","0900","1500","0900","C1400622","215","34","2005","37.455508132064246","126.72204609893057"
"서울특별시 광진구 아차산로 382, 1층 (자양동)","휴게시간 13:30~14:00","구의바른약국","02-447-3429","1900","0830","1900","0830","1900","0830","1900","0830","1900","0830","1400","0830","C1109961","050","51","2006","37.53670654201136","127.08522931466183"
"서울특별시 광진구 광나루로 542, 1층 (구의동)","휴게시간 13:00~14:00","구의사랑약국","02-457-3758","1800","0900","1800","0900","1800","0900","1800","0900","1800","0900","1300","0900","C1109930","050","32","2007","37.54463193104601","127.08982685169944"
"서울특별시 광진구 자양로 285 (구의동)","아차산역에서 영화사 가는 길","구의온누리약국","02-456-8694","2000","0900","2000","0900","2000","0900","2000","0900","2000","0900","1500","0900","C1103732","049","54","2008","37.55127986512162","127.0916935978753"
"대전광역시 서구 동서대로 1016, 1층 (내동)","서우아파트주변연세정형외과1층","구인당약국","042-522-7321","1800","0900","1800","0900","1800","0900","1800","0900","1800","0900","1300","0900","C1600086","353","26","2009","36.33211890416689","127.37460887737842"
"서울특별시 강남구 삼성로 150 (대치동, 한보미도맨션)","구인당온누리약국","02-552-5550","1830","0900","1830","0900","1830","0900","1830","0900","1830","0900","1430","0900","C1108481","062","88","2010","37.49493007998994","127.06641021368054"
"서울특별시 송파구 성내천로 261, 구본빌딩 (마천동)","둘째 넷째 토요일 휴무","마천역 2번 출구","구인약국","02-443-6401","1730","0830","1730","0830","1730","0830","1730","0830","1730","0830","1300","0900","C1101821","057","49","2011","37.4972270164146","127.154353660275"
"경기도 수원시 장안구 조원로 91, 1층 (조원동)","구인약국","031-241-1216","2030","0900","2030","0900","2030","0900","2030","0900","2030","0900","1900","0900","1400","0900","C2101359","162","85","2012","37.301048761873936","127.01538471916241"
"대전광역시 동구 대전로 646, 상가동 1층 101호 (효동, 효동현대아파트)","구일약국","042-282-9108","1800","0900","1800","0900","1800","0900","1800","0900","1800","0900","1800","0900","C1600182","346","36","2013","36.31843962259955","127.43952250482779"
"서울특별시 구로구 구일로 110, 해원리버파크 1층 104호 (구로동)","구일역1번약국","02-6958-9193","2100","0900","2000","0900","2000","0900","2100","0900","2000","0900","1400","0900","C1110447","083","24","2014","37.49517671634288","126.87198232867986"
"서울특별시 구로구 구일로 110, 305호 (구로동, 해원리버파크)","점심시간 13:00~14:00","구일역 1번 출구","구일중앙약국","02-866-9155","1900","0830","1900","0830","1900","0830","1900","0830","1900","0830","1400","0830","C1104713","083","24","2015","37.49518344630344","126.87195687367834"
"강원특별자치도 강릉시 구정면 범일로 444 (구정면)","일요일 공휴일 유동적 운영","내곡동 주민센터에서 구정면방향 1km지점","구정열린약국","033-644-7133","2300","0800","2300","0800","2300","0800","2300","0800","2300","0800","2300","0800","2300","0800","2300","0800","C2200371","256","22","2016","37.72727623594088","128.87909973110612"
"제주특별자치도 제주시 구좌읍 구좌로 40, 1층 (구좌읍)","구좌약국","064-782-8875","1930","0730","1930","0730","1930","0730","1930","0730","1930","0730","1930","0730","1930","0730","C2900510","633","61","2017","33.523273896211926","126.8556735111426"
"대구광역시 북구 구암로15길 22 (읍내동)","칠곡카톨릭병원, 피부과병원 정문 -> 동아백화점 뒷길","구주약국","053-312-8623","1730","0900","1730","0900","1730","0900","1730","0900","1730","0900","1300","0900","C1301196","414","38","2018","35.934513190211994","128.5497692650254"
"대구광역시 달성군 구지면 과학마을로 34 (구지면)","구지봄약국","053-263-1139","1830","0900","1830","0900","1830","0900","1830","0900","1830","0900","1300","0900","C1301397","430","09","2019","35.655548928","128.4169619177"
"서울특별시 은평구 진관2로 12, 메이플카운티2차 1층 108호 (진관동)","메이플카운티2차 스타벅스 옆","구파발성모약국","02-384-8887","2100","0900","1900","0900","1900","0900","1900","0900","2100","0900","1600","0900","C1108128","033","11","2020","37.63437447550544","126.9184035893229"
"경상북도 구미시 인동36길 15","구평경북약국","054-473-7057","2200","0900","2200","0900","2200","0900","2200","0900","2200","0900","2000","0900","1300","0900","C2700064","394","49","2021","36.09316586596339","128.43251122290465"
"부산광역시 북구 낙동대로 1774 (구포동)","1,3호선 덕천역 3번출구","구포시장약국","051-336-0814","2100","0900","2100","0900","2100","0900","2100","0900","2100","0900","2100","0900","2100","1000","2100","1000","C1200352","465","81","2022","35.20925886755737","129.00337989531673"
"부산광역시 북구 금곡대로 지하14, 3호선덕천역 N18, N19, N20호 (덕천동)","주말 유선문의 후 방문요망","구포큰약국","051-338-1225","2100","0830","2100","0830","2100","0830","2100","0830","2100","0830","2100","0830","2100","0830","C1202716","465","48","2023","35.2105436606105","129.005384235795"
"전라남도 고흥군 고흥읍 고흥로 1943","전남고흥군고흥읍남계리송곡180-1 국도약국","국도약국","061-832-3070","1800","0800","1800","0800","1800","0800","1800","0800","1800","0800","1300","0800","C2600453","595","35","2024","34.62190940747392","127.29472699685441"
"대구광역시 서구 평리로29길 10 (중리동)","국도약국","053-524-0123","1900","0900","1900","0900","1900","0900","1900","0900","1900","0900","C1300166","418","45","2025","35.85973386438838","128.53981915533328"
"서울특별시 동대문구 이문로 37, 104호 (회기동, 회기역 한일베라체캠퍼스)","회기역 1번 출구","국민약국","02-962-5008","1900","0900","1900","0900","1900","0900","1900","0900","1900","0900","1300","0900","C1108039","024","52","2026","37.59075667487563","127.05619162974546"
"전북특별자치도 전주시 덕진구 혁신로 697, 드림프라자 106호 (반월동)","국민약국","063-212-7478","1900","0830","1900","0830","1900","0830","1900","0830","1900","0830","1300","0830","C2501390","548","07","2027","35.8739713006836","127.074309906727"
"전북특별자치도 정읍시 남북로 40","삼성 정형외과 옆에 위치.","국민약국","063-533-8003","1830","0830","1830","0830","1830","0830","1830","0830","1830","0830","1300","0830","C2500231","561","63","2028","35.568627440200366","126.8511446716443"
"전북특별자치도 익산시 궁동로 126 (부송동)","주공8.9차 앞","국민약국","063-833-8898","1840","0900","1840","0900","1840","1400","1840","0900","1840","0900","1300","0900","C2500329","545","53","2029","35.962489125742295","126.98520740177602"
"경상남도 거창군 거창읍 시장길 44","기타공휴일(09:00~18:00)운영 ※방문 전 연락 후 방문바랍니다","거창병원 밑","국민약국","055-944-2303","1830","0830","1830","0830","1830","0830","1830","0830","1830","0830","1800","0900","1800","0900","C2800832","501","38","2030","35.68601264084395","127.91310936388362"
"전북특별자치도 부안군 변산면 격포로 134","(연중무휴)","대명콘도입구, 격포마트옆","국민약국","063-583-8010","2200","0830","2200","0830","2200","0830","2200","0830","2200","0830","2200","0830","2200","0830","2200","0830","C2500045","563","37","2031","35.6271549511","126.4732377418"
"제주특별자치도 서귀포시 천제연로 209 (중문동)","중문초 서측 200m지점","국민약국","064-738-8575","2100","0830","2100","0830","2100","0830","2100","0830","2100","0830","1900","0830","C2900151","635","45","2032","33.25176810281609","126.4270005071229"
"충청남도 금산군 금산읍 인삼로 71, 엔이","국민약국","041-751-0703","1700","0830","1700","0830","1300","0830","1700","0830","1700","0830","1300","0830","C2401841","327","38","2033","36.103214768479","127.489686596591"
"전북특별자치도 군산시 공항로 91 (소룡동)","공휴일 전화 후 방문","소룡우체국 옆","국민약국","063-467-6401","1830","0830","1830","0830","1830","0830","1830","0830","1830","0830","1300","0830","1300","0830","C2500149","540","11","2034","35.975213888888888","126.678902777777779"
"충청남도 천안시 동남구 서부대로 226-11 (신방동, 향촌현대아파트)","국민약국","041-576-1312","1800","0900","1800","0900","1800","0900","1800","0900","1800","0900","C2400094","311","84","2035","36.7885080734","127.1301446383"
"광주광역시 동구 제봉로 39 (학동)","전대병원오거리에서남광주시장방향으로10m","국민약국","062-224-3378","1900","0800","1900","0800","1900","0800","1900","0800","1900","0800","1400","0800","C1500311","614","89","2036","35.142013625789275","126.9206484196115"
"경상남도 김해시 내외중앙로 50, 7층 704호 (외동)","국민약국","055-313-7748","1900","0930","1900","0930","1900","0930","1900","0930","1630","0930","C2800459","509","48","2037","35.2353767379","128.8671706782"
"경상북도 포항시 북구 용두산길 43 (장성동)","일요일 랜덤 운영함, 전화 후 방문 요청","장성동수협맞은편","국민약국","054-232-3001","1900","0900","1900","0900","1900","0900","1900","0900","1900","0900","1700","0900","1200","0900","C2700526","791","260","2038","36.067644223095684","129.38104357802516"
"부산광역시 북구 만덕대로 9, 구포빌딩 1층 (덕천동)","2,3호선 덕천역 12번출구","국민약국","051-331-7500","1900","0900","1900","0900","1900","0900","1900","0900","1900","0900","1400","0900","1300","0900","C1202416","465","48","2039","35.2106993105","129.0061226451"
"대구광역시 북구 칠성시장로7길 28 (칠성동1가)","대구칠성시장내","국민약국","053-254-2634","1800","0900","1800","0900","1800","0900","1800","0900","1800","0900","1300","0900","C1300338","415","82","2040","35.87599865755663","128.6026297931373"
"경기도 평택시 탄현로 320","국민약국","031-667-7381","1700","0900","1700","0900","1700","0900","1700","0900","1700","0900","1700","0830","1300","0900","C2101360","177","57","2041","37.08083184537883","127.05586371712552"
"충청북도 청주시 청원구 율량로202번길 60 (율량동)","휴무시 119로 유선통보함.","휴무시 119로 유선통보함.","국민약국","043-237-4987","2500","1800","2500","1800","2500","1800","2500","1800","2500","1800","2500","1800","2500","1800","2500","1800","C2301095","283","20","2042","36.6317738282","127.4283441498"
"경기도 안성시 원곡면 청원로 1892-3","명절 당일은 유선 연락 후 방문 요청","국민약국","031-652-3434","2100","0800","2100","0800","2100","0800","2100","0800","2100","0800","1900","0800","1900","0800","1900","0800","C2103417","175","56","2043","37.03545003489191","127.12807862090418"
"서울특별시 강서구 곰달래로 225, 1,2층 (화곡동)","국민약국","02-2602-4711","2100","0900","2100","0900","2100","0900","2100","0900","2100","0900","1900","0900","C1101814","077","38","2044","37.5318536823565","126.858028856534"
"경기도 구리시 검배로 104, (수택동)","돌다리에서 검배사거리 가는 방향 아파트 공사현장 옆","국민약국","031-551-4457","1930","0900","1930","0900","1930","0900","1930","0900","1930","0900","1400","0900","C2103143","119","42","2045","37.59445687539458","127.14946449344347"
"경기도 의정부시 평화로 635 (의정부동, 미림프라자)","국민약국","031-841-1942","2100","0900","2100","0900","2100","0900","2100","0900","2100","0900","1800","0900","C2102851","116","86","2046","37.74866277029958","127.04489739957333"
"서울특별시 중구 을지로41길 22, 1층 (을지로6가)","","국민약국","02-2273-4466","1730","0900","1730","0900","1730","0900","1730","0900","1730","0900","C1102876","045","64","2047","37.5671052737151","127.00629341927763"
"서울특별시 성북구 정릉로10길 42-2 (정릉동)","고려중고교 맞은편","국민약국","02-914-5782","2000","0900","2000","0900","2000","0900","2000","0900","2000","0900","1400","0900","C1101944","028","12","2048","37.60805556007958","126.99954132526113"
"경기도 의정부시 민락로 388, 1층 102호 (낙양동)","국민약국","031-852-1551","1800","0900","1800","0900","1800","0900","1800","0900","1800","0900","C2108189","118","15","2049","37.7558218237711","127.113571836078"
"대전광역시 유성구 계룡로 44 (봉명동)","유성시외버스터미널맞은편","국민약국","042-822-7018","1830","0840","1830","0840","1830","0840","1830","0840","1830","0840","1300","0840","1700","0830","C1600101","341","77","2050","36.355097222222220","127.335752777777785"
"서울특별시 용산구 이태원로 186, 1층 (이태원동)","국민약국","02-749-7799","1900","0900","1900","0900","1900","0900","1900","0900","1900","0900","1600","0900","1400","0900","C1109679","044","06","2051","37.53434727012418","126.99460598060585"
"경기도 수원시 팔달구 중부대로39번길 6","국민약국","031-247-4310","2200","0900","2200","0900","2200","0900","2200","0900","2200","0900","2200","0900","C2103710","162","45","2052","37.27548704382868","127.02159143973725"
"경상북도 상주시 상산로 271 (남성동)","국민은행옆","국보당약국","054-536-4777","2200","0800","2200","0800","2200","0800","2200","0800","2200","0800","2100","0800","2100","0900","2100","0900","C2700561","371","97","2053","36.41505868939977","128.15916319042842"
"경상남도 김해시 금관대로599번길 10 (내덕동)","국보당약국","055-314-3744","1900","0900","1900","0900","1900","0900","1900","0900","1900","0900","1400","0900","C2800584","509","73","2054","35.202735643463804","128.81481837338876"
"전북특별자치도 전주시 완산구 백제대로 140 (효자동1가)","KT사거리","국보약국","063-228-5325","1800","0900","1800","0900","1800","0900","1800","0900","1800","0900","1230","0900","C2500383","550","93","2055","35.80537691982751","127.12385491546826"
"서울특별시 강남구 광평로51길 49","수서역 2,3번 출구 주공아파트 1단지상가 108호","국송약국","02-459-1445","1930","0900","1930","0900","1930","0900","1930","0900","1930","0900","1630","0900","C1103562","063","47","2056","37.4921394490477","127.099765336108"
"경기도 양평군 양서면 복개길5번길 32, 1층 101호","국수리에 있는 국수약국입니다.","국수약국","031-773-6555","1930","0900","1930","0900","1930","0900","1930","0900","1930","0900","1800","0930","1800","0930","C2109169","125","80","2057","37.513841601932","127.401473451081"
"서울특별시 노원구 한글비석로 383 (중계동) 2층 26호","상계역 3번 출구","국약국","02-934-4404","1900","0800","1900","0800","1900","0800","1900","0800","1900","0800","1430","0800","C1107135","016","99","2058","37.65892996346378","127.07250019400612"
"대구광역시 북구 구암로 150","국약국","053-325-0055","2120","0900","2120","0900","2120","0900","2120","0900","2120","0900","2120","0900","1900","1500","C1300007","414","63","2059","35.93151318675726","128.5570354441501"
"경상북도 김천시 자산로 67","약국","민안과건물1층","국약국","054-434-0651","1800","0900","1800","0900","1800","0900","1800","0900","1800","0900","1300","0900","C2700683","395","90","2060","36.11900088215039","128.1243195803361"
"서울특별시 종로구 종로16길 12 (관철동)","일요일 운영시간 유동적이니 방문 전 필히 연락 바랍니다.","종로3가역 15번 출구에서 종각역 방향","국일약국","02-2275-7225","2100","0900","2100","0900","2100","0900","2100","0900","2100","0900","2100","1100","2000","1500","2000","1200","C1103568","031","91","2061","37.56957811303196","126.98848526546846"
"경기도 포천시 포천로 1588, (신읍동)","의료원방향축협입구","국일약국","031-535-2126","2100","0900","2100","0900","2100","0900","2100","0900","2100","0900","1600","0900","C2102578","111","44","2062","37.8990323015141","127.20318401745572"
"부산광역시 부산진구 동평로291번길 12","버스정류장: 화인아파트 입구","국일약국","051-807-1444","1900","0900","1900","0900","1900","0900","1900","0900","1900","0900","1800","0900","C1200200","471","20","2063","35.17217610493865","129.05853913878568"
"서울특별시 강서구 하늘길 38, 국제선청사 3층 (방화동)","김포공항국제선청사 3층","국제공항약국","02-2664-1350","1900","0630","1900","0630","1900","0630","1900","0630","1900","0630","1900","0630","1900","0800","1900","0800","C1103181","075","05","2064","37.56631198432808","126.80126712265849"
"인천광역시 서구 심곡로100번길 30, 서일빌딩 1층 (심곡동)","국제관우약국","032-567-9461","C1401725","227","11","2065","37.5417216004","126.684078333"
"전라남도 순천시 중앙1길 4, 국제약국 1층 (장천동)","남순천의원과김안과사이","국제약국","061-745-5544","1800","0830","1800","0830","1800","0830","1800","0830","1800","0830","1300","0830","C2600472","579","56","2066","34.94781013949146","127.48771892202478"
"광주광역시 남구 봉선2로 96-14","봉선동무등파크2차상가","국제약국","062-672-3990","2100","0800","2100","0800","2100","0800","2100","0800","2100","0800","2100","0800","1600","1000","1600","1000","C1500309","616","86","2067","35.12566442557534","126.91667888151598"
"서울특별시 용산구 한강대로 290-1, 1층 (남영동)","휴게시간 13:00~14:00","숙대입구역 5번 출구 바로 앞","국제약국","02-794-0705","2130","0900","2130","0900","2130","0900","2130","0900","2130","0900","2100","0900","2030","1530","C1104293","043","52","2068","37.54419437764504","126.9725114949502"
"광주광역시 북구 무등로 51 (운암동)","국제약국","062-654-1413","1800","0900","1800","0900","1800","0900","1800","0900","1800","0900","1430","0900","C1500688","612","33","2069","35.169482715104344","126.88998411665213"
"경상북도 구미시 송동로 93 (도량동)","도량2동한빛아파트상가B동106호","국제약국","054-444-3441","2000","0830","2000","0830","2000","0830","2000","0830","2000","0830","1400","0830","C2700049","392","00","2070","36.14091685156092","128.3228974563717"
"서울특별시 동대문구 답십리로 248, 1층 (장안동)","촬영소 사거리","국제약국","02-2245-6384","1930","0800","1930","0800","1930","0800","1930","0800","1930","0800","1600","0800","1800","1000","C1106929","026","23","2071","37.5724727808758","127.067752723983"
"광주광역시 동구 제봉로 39-1, 1층 (학동)","국제약국","062-262-6521","1900","0800","1900","0800","1900","0800","1900","0800","1900","0800","1700","0930","C1501063","614","89","2072","35.1421088843","126.9205267826"
"경기도 안산시 상록구 석호로 99, 1층 102호 (사동)","국제약국","031-520-8575","1800","0900","1800","0900","1800","0900","1800","0900","1800","0900","1300","0900","C2109475","155","80","2073","37.3025497217311","126.847383506776"
"서울특별시 강서구 방화동로 40, A동 1층 좌측호 (공항동)","국제약국","02-2661-5708","1900","0800","1900","0800","2000","0800","1900","0800","1900","0800","1500","0800","C1109640","076","19","2074","37.56410517134969","126.81125601559452"
"서울특별시 성동구 독서당로 288-1 (금호동4가)","국제약국","02-2294-3833","1840","0820","1840","0820","1840","0820","1840","0820","1840","0820","1420","0820","C1110080","047","37","2075","37.5477683121062","127.021219525086"
"부산광역시 중구 중구로 22, 1층 10,11,12,13호 (창선동2가)","국제약국","051-242-4484","C1202983","489","45","2076","35.0997180267423","129.028039768106"
"경기도 의정부시 평화로 562, (의정부동)","국제약국","031-846-2280","2030","0900","2030","0900","2030","0900","2030","0900","2030","0900","2030","0900","C2102839","116","92","2077","37.742008268129666","127.04710161172669"
"전라남도 강진군 강진읍 영랑로3길 5-1,","터미널앞.","국제약국","061-434-3448","1800","0740","1800","0740","1800","0740","1800","0740","1800","0740","1300","0740","C2600052","592","33","2078","34.63843529234741","126.76912517215646"
"부산광역시 강서구 명지국제2로 29, 성광타워 108호 (명지동)","국제온누리약국","051-205-3574","2000","0830","2000","0830","2000","0830","2000","0830","2000","0830","1400","0830","1300","0830","1400","0830","C1202765","467","26","2079","35.0941469815805","128.906790203903"
"전라남도 광양시 광양읍 백운로 1 1층","신정은 휴무","5일 장터 근처 홍 비뇨기관 근처","국제온누리약국","061-763-0102","1830","0830","1830","0830","1830","0830","1830","0830","1830","0830","1330","0830","1800","1300","C2600488","577","51","2080","34.9712623019","127.5897812864"
"경기도 양주시 남면 개나리17길 9 (남면)","국진약국","031-867-0511","1900","0900","1900","0900","1900","0900","1900","0900","1900","0900","1500","0830","C2102510","114","04","2081","37.897166177319306","126.97669091621596"
"서울특별시 강남구 선릉로 654, 1층 (삼성동, 예인빌딩)","예인빌딩 1층","국풍당약국","02-540-4556","2000","0900","2000","0900","2000","0900","2000","0900","2000","0900","1600","0900","C1102870","060","92","2082","37.515112409340524","127.04235494526075"
"서울특별시 종로구 평창11길 3","평창동 국민은행 옆 파리바게뜨가 있는 건물 1층","국화약국","02-395-9105","1930","0900","1930","0900","1930","0900","1930","0900","1930","0900","1430","0900","C1103725","030","08","2083","37.606010119295384","126.96669319880155"
"부산광역시 동래구 명륜로103번길 19, 1층 일부호 (명륜동, 청춘안과빌딩)","4호선 수안역 1번출구","국화약국","051-552-0974","1830","0900","1830","0900","1830","0900","1830","0900","1830","0900","1330","0900","C1202255","477","38","2084","35.20291863932295","129.08200346195028"
"경기도 안산시 상록구 석호로 164 (사동)","마지막주 일요일 휴무","국희약국","031-407-3543","2100","0900","2100","0900","2100","0900","2100","0900","2100","0900","1800","0900","1800","0900","1800","0900","C2106986","155","89","2085","37.297292869455255","126.84996834062771"
"전라남도 여수시 돌산읍 돌산로 1189","전남여수시돌산읍군내리어판장앞","군내약국","061-644-7575","1230","0800","1230","0800","1230","0800","1230","0800","1230","0800","C2600792","597","77","2086","34.615392399648215","127.72312637434585"
"전북특별자치도 군산시 대학로 335","공휴일 운영 확인 전화 요망","KBS방송국앞쪽","군산광혜당약국","063-467-0142","1830","0830","1830","0830","1830","0830","1830","0830","1830","0830","1700","0830","1700","0830","C2500250","541","30","2087","35.96375070511271","126.69386406322191"
"전북특별자치도 군산시 미룡로 54, 1층 (미룡동)","군산드림약국","063-467-9618","1900","0830","1900","0830","1900","0830","1900","0830","1900","0830","1400","0830","C2501459","541","52","2088","35.9443813749011","126.690942720949"
"전북특별자치도 군산시 의료원로 32, (지곡동)","일/공휴일 전화 후 방문","군산의료원 앞","군산메디칼약국","063-471-7122","1900","0830","1900","0830","1900","0830","1900","0830","1900","0830","1300","0830","C2500144","541","04","2089","35.95570599215027","126.71197773198238"
"전북특별자치도 군산시 월명로 250 (수송동)","롯데마트 옆","군산세계로약국","063-471-1007","1830","0830","1830","0830","1830","0830","1830","0830","1830","0830","1230","0830","C2500554","540","91","2090","35.966264246807334","126.71612407016843"
"전북특별자치도 군산시 월명로 300, 항장앤유외과의원 1층 (수송동)","수송동 현대아파트 앞","군산약국","063-462-0069","1800","0900","1800","0900","1800","0900","1800","0900","1800","0900","1200","0900","C2500475","540","82","2091","35.97014151966896","126.71544492104317"
"전북특별자치도 군산시 칠성로 120, 1층 104호 (산북동)","군산진약국","063-471-5481","1900","0900","1900","0900","1900","0900","1900","0900","1900","0900","1300","0900","C2501097","541","62","2092","35.9654727959","126.6789822849"
"전북특별자치도 군산시 공단대로 250 (수송동)","정확한 조제, 꼼꼼한 검수, 친절하고 자세한 복약지도로 고객만족을 최우선으로 생각하는 약국입니다","군산프라자약국","063-463-8182","1830","0810","1830","0810","1830","0810","1830","0810","1830","0810","1300","0830","C2501511","541","01","2093","35.9596859736849","126.713903517455"
"전북특별자치도 군산시 신풍1길 2, 해동약국 (신풍동)","신풍동 월명아파트 사거리","군산해동약국","063-462-1735","1830","0830","1830","0830","1830","0830","1830","0830","1830","0830","1400","0830","C2500192","541","13","2094","35.978491666666663","126.704758333333331"
"전북특별자치도 군산시 나포면 서해안고속도로 148, 군산휴게소","군산휴게소약국","063-453-2818","2000","0800","2000","0800","2000","0800","2000","0800","2000","0800","2000","0800","2000","0800","C2501457","540","49","2095","36.018256758567","126.797846220477"
"서울특별시 광진구 천호대로 574, (능동)","군자역 5번 출구","군자백화점약국","02-3436-2088","1800","0900","1800","0900","1800","0900","1800","0900","1800","0900","1500","0900","C1101858","049","85","2096","37.55599279394153","127.08151086941159"
"서울특별시 광진구 천호대로 548 (군자동)","군자역 7번 출구 중앙빌딩 1층","군자세계로약국","02-499-4719","1830","0800","1830","0800","1830","0800","1830","0800","1830","0800","1830","0800","C1104354","049","97","2097","37.5568272074713","127.07899226716"
"서울특별시 광진구 천호대로 517, 1층 103호 (중곡동, 리마크빌 군자)","군자여기약국","050-71351-6453","1830","0830","1830","0830","1830","0830","1830","0830","1400","0830","1400","0830","C1109911","049","20","2098","37.55886591785027","127.07635305944267"
"서울특별시 광진구 천호대로 556, 1층 (능동)","군자역 5번출구 바로앞","군자역우리약국","02-457-2100","2100","0930","2100","0930","2100","0930","2100","0930","2100","0930","1900","0900","C1108190","049","85","2099","37.5567339275651","127.079702343554"
"서울특별시 광진구 천호대로 549, 지타워 1층 (중곡동)","군자역 1번출구 바로앞","군자조은약국","02-498-0130","2100","0900","2100","0900","2100","0900","2100","0900","2000","0900","1600","0900","C1109191","049","19","2100","37.5576984952347","127.079226104632"
"서울특별시 광진구 천호대로 561 (중곡동)","군자종로약국","02-3437-2202","1940","0830","1940","0830","1940","0830","1940","0830","1940","0830","1540","0830","C1102872","049","29","2101","37.5571138531893","127.080667685512"
"서울특별시 광진구 천호대로 557, 풍국빌딩 1층 (중곡동)","군자역 4번출구 바로앞","군자한마음약국","02-457-7077","2000","0900","2000","0900","1930","0900","2000","0900","2000","0900","1500","0900","C1108297","049","29","2102","37.557244661696","127.080295024621"
"경상남도 창녕군 창녕읍 군청길 18","군청약국","055-532-3544","1830","0830","2000","0830","1830","0830","1830","0830","1830","0830","1300","0830","C2801903","503","23","2103","35.5425330944","128.4920633378"
"경기도 군포시 당동로 6, 1층 (당동)","당동우체국","군포온누리약국","031-459-7503","1200","0900","1200","0900","1200","0900","1200","0900","1200","0900","2000","0900","1300","1000","C2100961","158","59","2104","37.350924999999997","126.943780555555549"
"경기도 군포시 군포역1길 10, 103호 (당동, 창진빌딩)","군포유약국","031-429-6923","2100","0900","2100","0900","2100","0900","2100","0900","2100","0900","1400","0900","1400","0900","1400","0900","C2100024","158","55","2105","37.3531859029","126.946649079"
"경기도 군포시 송부로96번길 12, 군포 송정 풍산 리치안 A동 113호 (도마교동)","군포자연약국","031-408-8018","2000","0900","2000","0900","2000","0900","2000","0900","2000","0900","1600","0900","C2108991","158","85","2106","37.3156796751267","126.923651840989"
"경기도 군포시 군포로 522, 군포새마을금고 1층 (당동)","군포종합약국","031-429-3973","1800","0900","1800","0900","1800","0900","1800","0900","1800","0900","1300","0900","C2109996","158","55","2107","37.3525822159055","126.945663942032"
"서울특별시 서대문구 신촌로35길 10, 1층 114호 (북아현동, e편한세상신촌4단지)","13:00~14:00 휴게시간","아현역 1번출구/e편한세상신촌 4단지","굴레방약국","02-6406-3500","1830","0900","1830","0900","1830","0900","1830","0900","1830","0900","1330","0900","C1107809","037","72","2108","37.55826977646761","126.95612669377888"
"서울특별시 송파구 송파대로 570, 2층 (신천동)","잠실역 7번출구","굿데이약국","02-425-0730","1900","0830","1900","0830","1900","0830","1900","0830","1900","0830","1400","0830","C1108650","055","10","2109","37.5157873297768","127.099112358834"
"경기도 안성시 중앙로 368, 모아빌딩 (석정동)","모아빌딩 1층","구터미널","굿모닝 약국","0316779733","2000","0900","2000","0900","2000","0900","2000","0900","2000","0900","1400","0900","C2103085","175","81","2110","37.00777505736233","127.26762336791603"
"경기도 군포시 금산로 18-1, 1층 (금정동)","굿모닝건강약국","031-454-2738","2000","0900","2000","0900","2000","0900","2000","0900","2000","0900","1900","1000","C2102432","158","13","2111","37.364217087639894","126.94083030102223"
"충청북도 청주시 상당구 산성로92번길 6, 1층 (금천동, 굿모닝타워)","설,추석 휴무","금천현대아파트~ 탑동현대아파트 사거리, 신한은행 금천동지점부근","굿모닝사랑약국","043-283-8175","2100","0830","2100","0830","2100","0830","2100","0830","2100","0830","2100","0830","2100","1500","2100","1500","C2300512","287","44","2112","36.6308128409112","127.50355265419735"
"경기도 의왕시 부곡중앙남3길 2 (삼동)","굿모닝약국","031-462-9201","2000","0830","2000","0830","2000","0830","2000","0830","2000","0830","1400","0830","A2113668","160","88","2113","37.320768644846865","126.9508869761201"
"경기도 가평군 청평면 청평중앙로 45-1","굿모닝약국","031-585-4638","1800","0900","1800","0900","1800","0900","1800","0900","1800","0900","1300","0900","C2103755","124","52","2114","37.73789289652666","127.41954157993422"
"경기도 광주시 벌원길 63-3 (탄벌동)","탄벌동현대아파트앞상가","굿모닝약국","031-764-7178","2200","0900","2200","0900","2200","0900","2200","0900","2200","0900","2130","0900","2130","0930","C2101098","127","50","2115","37.416043672855274","127.24797366284315"
"서울특별시 금천구 독산로 366, (독산동)","- 일요일은 첫째주 셋째주 다섯번째주만 운영 공휴일휴무","굿모닝약국","02-852-4910","1920","0850","1920","0850","1920","0850","1920","0850","1920","0850","1330","0850","1100","0900","C1104283","085","47","2116","37.4795947808736","126.904122478033"
"경기도 화성시 효행로 287, 203호 (기안동, 보보스프라자)","보보스프라자 203호","굿모닝약국","031-221-7275","2000","0900","2000","0900","2000","0900","2000","0900","2000","0900","1700","0900","C2101242","183","37","2117","37.222692046744584","126.97433123028162"
"경기도 고양시 덕양구 화중로 76, 406호(화정동,대감빌딩)","화정역사거리 세이브존 옆","굿모닝약국","031-938-9386","2100","0900","2100","0900","2100","0900","2100","0900","2100","0900","1800","0900","1300","0900","C2102270","105","00","2118","37.633919444444444","126.831005555555549"
"울산광역시 남구 북부순환도로 14, (무거동)","남문프라자 맞은편","굿모닝약국","052-249-9095","1900","0900","1900","0900","1900","0900","1900","0900","1900","0900","1400","0900","1300","0900","C1700031","446","33","2119","35.55122215394853","129.26570785671973"
"경기도 남양주시 퇴계원읍 퇴계원로 30, 1층 (보성빌딩)","굿모닝약국","031-572-7749","1300","0900","1300","0900","1300","0900","1300","0900","1300","0900","1600","0900","C2100017","121","22","2120","37.64933013810083","127.1412477210796"
"경기도 의정부시 평화로 613, 용호빌딩 1층 (의정부동)","굿모닝약국","031-842-1043","1900","0900","1900","0900","1900","0900","1900","0900","1900","0900","1300","0900","C2102651","116","90","2121","37.74685889113749","127.04529379717306"
"인천광역시 부평구 굴포로 42 (갈산동)","부평공고사거리우리은행방향","굿모닝약국","032-526-7962","2200","0900","2200","0900","2200","0900","2200","0900","2200","0900","2100","0900","C1400440","213","35","2122","37.51160399715602","126.7257236957008"
"경기도 포천시 관인면 탄동길 2","굿모닝약국","031-532-6097","2000","0900","2000","0900","2000","0900","2000","0900","2000","0900","2000","0900","C2102479","111","01","2123","38.15815746523357","127.25010814010753"
"충청남도 논산시 계백로 1026 (취암동)","굿모닝약국","041-735-5700","1800","0900","1800","0900","1800","0900","1800","0900","1800","0900","C2401277","329","73","2124","36.20458334750189","127.09050125434825"
"전북특별자치도 남원시 동림로 43","중앙초등학교 맞은편","굿모닝약국","063-632-8275","1830","0830","1830","0830","1830","0830","1830","0830","1830","0830","1300","0830","C2500648","557","50","2125","35.412479373400636","127.38811294109317"
"경상남도 김해시 경원로 67, 1층 (내동)","내동삼성아파트앞아웃백옆","굿모닝약국","055-332-7042","2100","0900","2100","0900","2100","0900","2100","0900","2100","0900","1800","0900","C2800580","509","48","2126","35.23782664145414","128.8675503068454"
"경상남도 창원시 성산구 가음로13번길 33 (남양동)","가음정동사무소옆","굿모닝약국","055-282-6329","1900","0830","1900","0830","1900","0830","1900","0830","1900","0830","1500","0830","1400","0830","1400","0830","C2801105","514","84","2127","35.213044444444442","128.700958333333347"
"충청남도 예산군 예산읍 예산로 189 (예산읍)","굿모닝약국","041-331-1830","1900","0800","1900","0800","1900","0800","1900","0800","1900","0800","1500","0800","C2401622","324","35","2128","36.6794833129429","126.845730195859"
"서울특별시 구로구 개봉로 57 (개봉동)","개봉역 1번출구/개봉중앙시장 근처","굿모닝약국","02-2684-9758","1900","0830","1900","0830","1900","0830","1900","0830","1900","0830","1400","0830","C1103163","083","47","2129","37.4907685069168","126.855765423363"
"전북특별자치도 익산시 무왕로9길 5 (영등동)","롯데마트주차장입구(고기백화점옆)","굿모닝약국","063-834-8812","2000","0900","1900","0900","1900","0900","1900","0900","2000","0900","1400","0900","C2500370","545","45","2130","35.95905496237017","126.97303662365943"
"전라남도 여수시 신월로 807","5월 29(화) 23:00까지근무","로터리 (구)상업은행/ 중앙연합의원 옆","굿모닝약국","061-642-8522","1800","0900","1800","0900","1800","0900","1800","0900","1800","0900","1300","0900","C2600249","597","55","2131","34.74021325395611","127.72682775568622"
"대전광역시 동구 은어송로 73, 1층 1호 (가오동)","가오동홈플러스건너편","굿모닝약국","042-273-9633","1930","0900","1930","0900","1930","0900","1930","0900","1930","0900","1300","0900","C1600018","346","80","2132","36.30724869419937","127.45686070033413"
"광주광역시 광산구 신창로 124, 1층 (신창동)","신창동광주은행건너편1층","굿모닝약국","062-952-2623","1900","0830","1900","0830","1900","0830","1900","0830","1900","0830","1300","0830","C1500593","622","51","2133","35.19618582225887","126.83857373076218"
"경상북도 포항시 북구 흥해읍 중성로 62, 나동 1호 (대성빌라2차)","굿모닝약국","054-262-6658","1930","0900","1930","0900","1930","0900","1930","0900","1930","0900","1600","0900","C2701526","375","48","2134","36.108684050082616","129.34976647255505"
"경상남도 창원시 마산합포구 문화동4길 13-8 (월남동2가)","굿모닝약국","055-222-9677","1830","0830","1830","0830","1830","0830","1830","0830","1830","0830","C2802026","517","40","2135","35.18608591779895","128.56188885449373"
"제주특별자치도 제주시 연북로 40 (노형동)","토요일 13:00이후 전화 후 방문 부탁드리겠습니다.","신시가지메르헨하우스건너편","굿모닝약국","064-711-8995","1900","0900","1900","0900","1900","0900","1900","0900","1900","0900","1400","0900","C2900414","630","85","2136","33.48163185986134","126.48562692709046"
"광주광역시 북구 서방로 89, 1층 103호 (우산동)","굿모닝약국","062-251-9443","2030","0830","2030","0830","2030","0830","2030","0830","2030","0830","2030","0830","2030","0830","2030","0830","C1501382","611","94","2137","35.1712541713337","126.922328558366"
"경상북도 경산시 대학로8길 25","(구)데레사소비센타1호점옆","굿모닝약국","053-813-8988","2000","0900","2000","0900","2000","0900","2000","0900","2000","0900","1500","0900","1300","0900","C2700879","386","57","2138","35.83235545575206","128.72729409852806"
"대전광역시 서구 계백로 1280 (정림동)","토요일:서울 중앙 의원12시까지 정림 이비인 후과 4시까지","굿모닝약국","042-586-5126","1730","0900","1730","0900","1730","0900","1730","0900","1730","0900","1600","0900","C1601069","353","94","2139","36.30750645428615","127.36510271155194"
"광주광역시 남구 대남대로 299, (월산동)","베스트이비인후과 1층","굿모닝약국","062-351-2030","1900","0830","1900","0830","1900","0830","1900","0830","1900","0830","1700","0830","1700","0900","C1500389","616","14","2140","35.138702777777780","126.895247222222224"
"인천광역시 서구 가정로 364-1, 1층(가정동,창대빌딩)","서경백화점 대각선방향","굿모닝약국","032-579-7571","1900","0900","1900","0900","1900","0900","1900","0900","1900","0900","1900","0900","1900","0900","1900","0900","C1400769","227","83","2141","37.517386616154056","126.67317708719709"
"인천광역시 미추홀구 소성로 333 (문학동)","굿모닝약국","032-433-1242","1700","0900","1700","0900","1700","0900","1700","0900","1700","0900","1400","0900","C1401899","222","35","2142","37.4376025801152","126.684256189143"
"강원특별자치도 원주시 남원로 528-11","대림아파트 입구 감초한의원 건물","굿모닝약국","033-764-9375","1800","0900","1800","0900","1800","0900","1300","0900","1800","0900","1200","0900","C2200527","264","84","2143","37.330670047463045","127.94799697675256"
"전라남도 나주시 빛가람로 677, 104~105호 (빛가람동)","굿모닝약국","061-333-7990","2200","0900","2200","0900","2200","0900","2200","0900","2200","0900","2200","0900","2200","1000","2200","1000","C2601105","582","17","2144","35.0215119699","126.7858396948"
"경상북도 영천시 옛군청1길 34, (문내동)","굿모닝약국","054-336-3949","1800","0900","1800","0900","1800","0900","1800","0900","1800","0900","C2700662","388","49","2145","35.96805055631466","128.93277135171758"
"전라남도 목포시 영산로 250-1","셀로맥스, 셀메드, 동물약 취급합니다.","상동현대아파트건너편남해화원옆","굿모닝약국","061-278-4828","1900","0800","1900","0800","1900","0800","1900","0800","1900","0800","1530","0800","C2600250","586","42","2146","34.802921204092115","126.3939202138394"
"부산광역시 해운대구 재송2로 31","버스정류장: 재송삼익아파트 큰길 육교 앞","굿모닝약국","051-783-5775","2000","0900","2000","0900","2000","0900","2000","0900","2000","0900","2000","0900","2000","0900","C1201036","480","52","2147","35.19231658168625","129.1303832705343"
"부산광역시 중구 흑교로52번길 6-1, 1층 (보수동1가)","점심 13:00-14:00","버스정류장: 보수동 사거리","굿모닝약국","051-253-1963","1900","0830","1900","0830","1900","0830","1900","0830","1900","0830","1500","0830","1300","0900","C1200127","489","62","2148","35.10420523992385","129.0254538881982"
"강원특별자치도 홍천군 홍천읍 갈마로 15","주공아파트 앞","굿모닝약국","033-432-7598","1900","0830","1900","0830","1900","0830","1900","0830","1900","0830","1500","0830","C2200318","251","31","2149","37.69273393285533","127.8982910550538"
"강원특별자치도 춘천시 백령로 153 (효자동)","굿모닝약국","033-257-1279","1900","0830","1900","0830","1900","0830","1900","0830","1900","0830","C2200025","242","95","2150","37.87542101309127","127.74335668801512"
"세종특별자치시 조치원읍 조치원로 22, 1층","일요일 및 공휴일 휴무","일요일 및 공휴일 휴무","조치원읍","굿모닝약국","044-866-1383","1900","0840","1900","0840","1900","0840","1900","0840","1900","0840","1400","0840","C1800320","300","27","2151","36.6011869935816","127.299150678888"
"인천광역시 계양구 장제로 912, (병방동)","병방사거리 근처","굿모닝약국","032-556-6688","2000","0830","2000","0830","2000","0830","2000","0830","2000","0830","1700","0830","1400","0830","C1400627","210","28","2152","37.5477568011554","126.74123558264045"
"서울특별시 서초구 신반포로 176 (반포동)","고속터미널역 센트럴시티113호","굿모닝약국","02-6282-1213","2100","0900","2100","0900","2100","0900","2100","0900","2130","0900","2130","0900","2130","0900","2100","0900","C1101837","065","46","2153","37.505235921138606","127.00382835101519"
"부산광역시 금정구 서동로 168, 1층 102호 (서동)","공휴일 전화 후 방문요망","버스정류장: 세웅병원 후문","굿모닝약국","051-757-5252","1830","0900","1830","0900","1830","0900","1830","0900","1830","0900","1400","0900","C1202465","463","27","2154","37.1546873054","127.0410126937"
"대구광역시 수성구 명덕로 368 (수성동1가, 우방한가람타운)","굿모닝약국","053-765-2552","1830","0930","1830","0930","1830","0930","1830","0930","1830","0930","1300","0930","C1300143","421","30","2155","35.85442863312429","128.61024672089496"
"경기도 용인시 기흥구 용구대로 2398","기흥구마북동벽산상가301-1호","굿모닝약국","031-286-6756","2100","0830","2100","0830","2100","0830","2100","0830","2100","0830","1900","0830","C2100762","169","21","2156","37.30030632230003","127.10731319179797"
"충청북도 청주시 상당구 수영로 285 (금천동)","굿모닝약국","043-296-2288","2000","0900","2000","0900","2000","0900","2000","0900","2000","0900","2000","0900","C2300404","287","44","2157","36.63004758124977","127.50551542962853"
"부산광역시 동래구 충렬대로 353 (안락동, 1층 일부)","4호선 충렬사역 2번출구","굿모닝약국","070-8829-7775","1830","0900","1830","0900","1830","0900","1830","0900","1830","0900","1300","0900","C1202159","477","86","2158","35.19861232858083","129.09759270614745"
"경기도 시흥시 정왕대로 220 (정왕동, 우리메디칼센타 305호)","시화 이마트옆 롯데리아 건물 3층","굿모닝약국","031-319-8286","1300","0900","1300","0900","1300","0900","1300","0900","1300","0900","1600","0830","1300","0900","C2101725","150","66","2159","37.34539500653159","126.73747385847543"
"경기도 김포시 김포한강4로 525, 감두리빌딩 114,115호 (구래동)","굿모닝약국","031-989-7571","2100","0900","2100","0900","2100","0900","2100","0900","2100","0900","1900","0900","1900","0900","1900","0900","C2107918","100","71","2160","37.64571138468957","126.62541992192999"
"경기도 안산시 단원구 화랑로 358, 209호 (고잔동, 자유센터빌딩)","굿모닝약국","031-413-0273","1900","0900","1900","0900","1900","0900","1900","0900","1900","0900","1500","0900","C2101726","153","54","2161","37.321011111111112","126.827405555555558"
"경기도 부천시 경인로110번길 17 (송내동)","부천메디홀스입구쪽 건물 1층","굿모닝약국","032-611-5431","1800","0900","1800","0900","1800","0900","1800","0900","1800","0900","1300","0900","C2100296","147","27","2162","37.483358291494376","126.76796915061152"
"서울특별시 관악구 신림로 272, 101-2호 (신림동, 대원빌딩)","서원역 1번출구 신협 옆","굿모닝약국","02-887-4646","2100","0900","2100","0900","2100","0900","2100","0900","2100","0900","1900","0900","C1101395","087","78","2163","37.4791220829489","126.93201825115"
"서울특별시 마포구 월드컵북로 361","KBS미디어센터 옆건물","굿모닝약국","02-305-0350","2000","0930","2000","0930","2000","0930","2000","0930","2000","0930","1400","0930","C1101873","039","08","2164","37.577109695587","126.891403860718"
"경기도 수원시 영통구 반달로 21, 101,103~106호(영통동,매직프라자)","연중무휴약국)홈플러스,피자헛사이-도로로100m오세요(동수원세무서정문근처)","굿모닝약국","031-205-4156","2200","0930","2200","0930","2200","0930","2200","0930","2200","0930","2200","0930","2200","1000","C2100814","167","05","2165","37.25161291477628","127.07506974616754"
"서울특별시 강동구 풍성로 178, 1층 (성내동)","농협입구 교차로","굿모닝약국","02-472-8775","1800","0900","1800","0900","1800","0900","1800","0900","1800","0900","1300","0900","C1104368","053","95","2166","37.5300450859692","127.131398994025"
"서울특별시 성북구 동소문로 16-1 (동소문동2가)","굿모닝약국","02-916-3623","1930","0800","1930","0800","1930","0800","1930","0800","1930","0800","1700","0800","C1102866","028","60","2167","37.5890786091259","127.008106970359"
"서울특별시 송파구 오금로 420, 한라산업개발빌딩 1층 (가락동)","일요일 격주 근무","굿모닝약국","02-401-0388","2030","0830","2030","0830","2030","0830","2030","0830","2030","0830","1800","0830","C1108022","057","69","2168","37.496874790896634","127.13635774899952"
"서울특별시 광진구 자양로 113, 4층 401-1호 (자양동, 구의 현대 하이엘)","구의역 1번출구에서 광진구청 방향/자양사거리 GS주유소뒷편 2층","굿모닝약국","02-454-2486","1810","0840","1810","0840","1810","0840","1810","0840","1810","0840","1310","0840","C1101844","050","26","2169","37.5379004444255","127.082970113531"
"서울특별시 강서구 화곡로 153, 1층 (화곡동, 광유빌딩)","화곡역 7번출구","굿모닝약국","02-2695-0777","1800","0900","1800","0900","1800","0900","1800","0900","1800","0900","1300","0900","C1107036","077","14","2170","37.5414945865523","126.838750382592"
"서울특별시 중랑구 사가정로 401, 창대빌딩 (면목동)","굿모닝약국","02-434-4177","2000","0900","2000","0900","2000","0900","2000","0900","2000","0900","1500","0900","C1109801","022","14","2171","37.5808527086579","127.089460523819"
"경기도 안양시 동안구 시민대로 175, 314호 (비산동, 동안프라자)","굿모닝약국","031-476-1723","1830","0900","1830","0900","1830","0900","1830","0900","1830","0900","1430","0900","C2101003","140","48","2172","37.39131171559357","126.95039382496435"
"경기도 군포시 고산로 248, 106호 (당동, 은하프라자)","당동에서한세대(당정동)로가는당정지하차도들어가기바로전에위치한사거리.당동주공3단지횡단보도건너편","굿모닝온누리약국","031-391-8828","1930","0900","1930","0900","1930","0900","1930","0900","1930","0900","1630","0900","C2100475","158","56","2173","37.34628406139767","126.94479858629381"
"경기도 시흥시 승지로60번길 25, 102~103호 (능곡동, 센타프라자)","공휴일 전화확인 031-317-7571","노인복지회관근처, 능곡중앙공원맞은편","굿모닝온누리약국","031-317-7571","2100","0900","2120","0900","2120","0900","2120","0900","2120","0900","2000","0900","2000","0900","2000","0900","C2101981","149","95","2174","37.36798806553793","126.81225435380227"
"경상북도 포항시 북구 삼흥로 18 (두호동)","북부해수욕장 대로변 존메디칼빌딩 1층","굿모닝온누리약국","054-232-7572","2000","0900","2000","0900","2000","0900","1830","0900","2000","0900","1600","0900","1700","1200","1600","0900","C2701037","376","11","2175","36.063921247970306","129.38034443678242"
"대구광역시 달서구 와룡로 201 (죽전동)","공휴일은 대체공휴일만 운영","죽전네거리죽전역1번출구맞은편","굿모닝옵티마약국","053-525-0855","2100","0900","1900","0900","2100","0900","1900","0900","1900","0900","1400","0900","C1300946","704","932","2176","35.85067099420802","128.536828959444"
"서울특별시 강서구 공항대로 383 (등촌동) 1층 4호","가양역 8번출구 인근","굿모닝이화약국","02-3661-8896","1800","0900","1800","0900","1800","0900","1800","0900","1800","0900","1400","0900","C1107189","075","90","2177","37.5569537622834","126.850273316457"
"경기도 고양시 일산동구 강송로 49, 105, 106호 (백석동, 윈스턴파크아이)","굿모닝조은약국","031-905-2270","1900","0900","1900","0900","1900","0900","1900","0900","1900","0900","1400","0900","C2102450","104","50","2178","37.64514248483321","126.79203790212476"
"경기도 평택시 조개터로48번길 35","굿모닝팜약국","031-656-9528","1600","0900","1600","0900","1600","0900","1600","0900","1600","0900","1500","0900","C2103434","179","04","2179","36.991049169773795","127.10481192039933"
"경기도 수원시 영통구 월드컵로150번길 30, 사랑의 의원 102호 (원천동)","굿밸런스온누리약국","0318955540","1800","0900","1800","0900","1800","0900","1800","0900","1800","0900","1300","0900","C2109264","165","00","2180","37.2783437665386","127.050229142074"
"서울특별시 서초구 서초대로77길 24, 강남 지웰타워2 (서초동)","강남역 10번출구에서 신논현역 방향","굿약국","02-535-8233","2130","1000","2130","1010","2130","1000","2130","1010","2130","1000","2200","1000","C1107267","066","14","2181","37.5000209859136","127.025991620906"
"서울특별시 중구 명동길 45, 1,2층 (명동1가)","일요일은 시간변동 가능성 있습니다.","명동","굿약국","02-3789-3883","2200","0930","2200","0930","2200","0930","2200","0930","2200","0930","2100","0930","2100","1500","2200","1200","C1107425","045","34","2182","37.5639230592656","126.984905377973"
"인천광역시 서구 원적로 103, (가좌동)","굿윌드림약국","032-574-4793","2100","0900","2100","0900","2100","0900","2100","0900","2100","0900","2100","0900","C1400868","228","09","2183","37.4956949454238","126.68274120161973"
"서울특별시 강남구 압구정로30길 12 (신사동)","압구정역 2번출구","굿윌압구정약국","02-547-7411","2000","0900","2000","0900","2000","0900","2000","0900","2000","0900","1800","0900","C1102634","060","22","2184","37.5267021492241","127.029081289706"
"서울특별시 용산구 후암로 47, 1층 (후암동)","굿윌정약국","02-757-6776","2030","0900","2030","0900","2030","0900","2030","0900","2030","0900","1800","0900","C1102635","043","32","2185","37.5500535683298","126.977135876203"
"서울특별시 강남구 선릉로 719, 103호 (논현동)","2,4주 토요일 정기휴무","굿케어약국","02-543-8204","1830","0900","1830","0900","1830","0900","1830","0900","1830","0900","1400","0900","C1110343","060","59","2186","37.5189157777001","127.040404675575"
"경기도 김포시 김포한강11로 218, 굿프라임스포츠몰 124호 (운양동)","굿프라임1층약국","031-984-5127","1800","0900","1800","0900","1800","0900","1800","0900","1800","0900","1300","0900","C2109811","100","73","2187","37.6519508902354","126.676240533975"
"경상북도 경주시 원화로 278","경주역근처","궁전약국","054-741-4222","1830","0830","1830","0830","1830","0830","1830","0830","1830","0830","1500","0830","C2700950","381","47","2188","35.845457400993595","129.21751778742112"
"경기도 수원시 권선구 덕영대로1201번길 36, 206호 (권선동)","권선그린약국","031-226-2530","1930","0930","1930","0930","1930","0930","1930","0930","1930","0930","1600","0830","1400","1000","C2101531","165","84","2189","37.25076945615821","127.02309779455204"
"경기도 수원시 권선구 동수원로 232, 3층 203호 (권선동, 센터블스파)","권선우리약국","031-223-2004","1800","1000","1800","1000","1800","1000","1800","1000","1800","1000","C2108547","165","53","2190","37.2502595331007","127.034690950669"
"경기도 수원시 권선구 동수원로242번길 27 (권선동)","약국 운영시간이 정확하지 않으므로 전화후 방문 OPEN: 12시~14시경(변동가능성 있음)","약국","권선중앙약국","031-226-2326","2400","1200","2400","1200","2400","1200","2400","1200","2400","1200","2400","1200","2400","1400","2400","1600","C2101346","165","53","2191","37.250921188118156","127.03609177371993"
"경기도 파주시 숲속노을로 271 103호 (문발동, 고산프라자) (문발동)","교하신도시3단지앞","권약국","031-957-1929","2000","0900","2000","0900","2000","0900","2000","0900","2000","0900","1500","0900","C2102998","108","84","2192","37.72466141625572","126.71107509248534"
"경기도 여주시 세종로 391","여주대지나서 권약국 코카콜라 지나서 권약국","권약국","031-881-2060","1900","0900","1900","0900","1900","0900","1900","0900","1900","0900","1300","0900","C2103470","126","53","2193","37.263783797255726","127.64065092279415"
"대구광역시 동구 파계로6길 40, (지묘동)","지묘교앞","권약국","053-981-2575","2000","0900","2000","0900","2000","0900","2000","0900","2000","0900","1500","0900","C1300264","410","02","2194","35.9409236016816","128.63944711801264"
"경기도 수원시 팔달구 덕영대로895번길 8, 1호 (매산로1가)","수원역세진브론즈주상복합상가주변","권약국","031-256-8490","2130","0930","2130","0930","2130","0930","2130","0930","2130","0930","2130","0930","2130","1000","C2100892","164","55","2195","37.26881748500288","127.00018671331654"
"충청북도 충주시 예성로 186 (성내동)","권약국","043-847-2548","1830","0900","1830","0900","1830","0900","1830","0900","1830","0900","1330","0900","C2300438","273","89","2196","36.97287850572783","127.93440225021119"
"부산광역시 부산진구 새싹로 218, 1층 (초읍동)","점심 13:00-14:00","버스정류장: 선경성지곡아파트","귀빈약국","051-939-8275","1830","0900","1830","0900","1830","0900","1830","0900","1830","0900","C1202474","471","27","2197","35.175609695700004","129.04885017710131"
"울산광역시 중구 학성로 116, 1층 (옥교동)","중앙시장입구","규당약국","052-243-1253","1900","0900","1900","0900","1900","0900","1900","0900","1900","0900","1800","0900","1800","0900","C1700279","445","31","2198","35.555557488018145","129.3235631062974"
"경기도 하남시 덕풍동로 111-21","규민약국","031-792-2617","2000","0900","2000","0900","2000","0900","2000","0900","2000","0900","1600","0900","C2101101","129","67","2199","37.55177894373093","127.20767989921728"
"경상남도 밀양시 삼문중앙로 34","규태약국","055-355-8012","1800","0900","1800","0900","1800","0900","1800","0900","1800","0900","1300","0900","C2800036","504","40","2200","35.484804328722795","128.75579339484426"
"경기도 하남시 미사강변대로34번길 82, 골드프라자 108호 (풍산동)","귤약국","031-792-8775","2000","0900","2000","0900","2000","0900","2000","0900","2000","0900","1300","0900","1300","0900","1300","0900","C2109702","129","19","2201","37.5561522994851","127.188043407053"
"서울특별시 강동구 고덕로 353, 고덕그라시움(제1상가) 320호 (고덕동)","그라시움이화약국","02-428-7132","1900","0900","1900","0900","1900","0900","1900","0900","1900","0900","1400","0900","C1108547","052","24","2202","37.557135101795","127.164510295845"
"서울특별시 서초구 효령로 403, 136호 (서초동)","그랑데약국","02-516-3777","2200","0900","2200","0900","2200","0900","2200","0900","2200","0900","2000","0900","C1110545","066","30","2203","37.4889155854441","127.027749222342"
"경기도 부천시 원미구 석천로 106, 인성프라자 1층 일부호 (중동)","그랑약국","032-611-2954","1800","0900","1800","0900","1800","0900","1800","0900","1800","0900","1300","0900","C2109798","145","85","2204","37.4967773293645","126.761718600136"
"경기도 과천시 과천대로7길 46, 과천 Creation Tower 105호 (갈현동)","그랑약국","02-504-2403","1930","0830","1930","0830","1930","0830","1930","0830","1930","0830","1400","0900","C2109810","138","40","2205","37.4151870059678","126.977308988364"
"경기도 안산시 상록구 해양4로 26, 109호 (사동)","월피동세반상가(한양아파트상가)","그랑온누리약국","031-8042-3202","2100","0900","2100","0900","2100","0900","2100","0900","2100","0900","1900","0900","C2106362","155","96","2206","37.3317732162635","126.84897177767246"
"광주광역시 남구 봉선2로 68, 뮤엠영어 1층 (봉선동)","그랜드 온누리 약국","062-671-5550","2200","0830","2200","0830","2200","0830","2200","0830","2200","0830","2200","0830","2100","1300","2100","1300","C1500226","616","85","2207","35.12585497406154","126.91196315621674"
"경기도 화성시 동탄문화센터로 61, 아시아 프라자 105.106.107호 (반송동)","365일 연중무휴로 영업하는 화성시 그랜드약국입니다. 전화번호 : 031-613-1452 *주차권 무료로 드립니다.","그랜드약국","031-613-1452","2200","0900","2200","0900","2200","0900","2200","0900","2200","0900","2200","1000","2200","1000","2200","1000","C2107894","184","55","2208","37.19967836954982","127.07211215393222"
"경기도 성남시 분당구 돌마로356번길 3, 303호 (수내동, 그랜드프라자)","그랜드약국","031-711-7574","1900","0900","1900","0900","1900","0900","1900","0900","1900","0900","1300","1000","C2103811","136","00","2209","37.369677777777781","127.123302777777781"
"경기도 안산시 단원구 고잔1길 33, 봉산빌딩 1층 106호 (고잔동)","중앙역 1번출구 지하도 지나 200m 하나은행 건너편","그랜드약국","031-411-0756","2200","0900","2200","0900","2200","0900","2200","0900","2200","0900","2200","0900","2200","0900","2200","0900","C2101432","153","61","2210","37.31846113183984","126.83721859423922"
"경기도 용인시 처인구 금령로71번길 16","대흥상가1층","그랜드약국","031-335-4996","2100","0900","2100","0900","2100","0900","2100","0900","2100","0900","2100","0900","2100","0900","2100","0900","C2102124","170","52","2211","37.236682282571564","127.20430792146726"
"서울특별시 광진구 아차산로29길 55, (화양동)","건대입구역 1번출구 인근","그랜드약국","02-462-8447","2230","0830","2230","0830","2230","0830","2230","0830","2230","0830","2230","0830","2230","1100","2230","1100","C1103699","050","16","2212","37.5433274515823","127.069091781451"
"서울특별시 송파구 마천로 35, 태웅빌딩 1층 (방이동)","방이역 4번출구","그랜드약국","02-418-5662","2030","0900","2030","0900","2030","0900","2030","0900","2030","0900","2100","0900","2000","0900","2000","0900","C1101769","056","39","2213","37.5093225310059","127.124872436196"
"서울특별시 중랑구 사가정로 399, 동부빌딩 1층 (면목동)","365일 매일여는 약국입니다. 여러병원에서의 처방전, 각종 일반의약품, 동물의약품 매우 다양하게 구비중입니다.","사가정역 4번출구 맞은편","그랜드약국","02-433-8447","2100","0900","2100","0900","2100","0900","2100","0900","2100","0900","1900","0900","1900","0900","1900","0900","C1103120","022","14","2214","37.5807727094014","127.089210569993"
"경상남도 통영시 중앙로 289","삼성생명","그랜드약국","055-645-2211","1900","0900","1900","0900","1900","0900","1900","0900","1900","0900","1400","0900","C2800499","530","42","2215","34.856175121105444","128.42833666181517"
"전북특별자치도 익산시 무왕로26길 19 (부송동)","GS마트 옆","그랜드약국","063-836-7739","2000","0900","2000","0900","2000","0900","2000","0900","2000","0900","1500","0900","C2500471","545","58","2216","35.959119574391906","126.99843045628259"
"경상남도 창원시 진해구 냉천로 51, 진해메디칼 102-2호 (석동)","그랜드약국","055-546-7891","2000","0900","2000","0900","2000","0900","2000","0900","2000","0900","2000","0900","2000","0900","2000","0900","C2802373","516","60","2217","35.1539581860681","128.69167176726037"
"광주광역시 북구 우치로 237, (오치동)","오치광주농협맞은편/광주은행옆","그랜드약국","062-251-0977","1830","0800","1830","0800","1830","0800","1830","0800","1830","0800","1400","0800","C1500552","611","20","2218","35.1859470291817","126.90506054292399"
"경상북도 문경시 당교로 261 (모전동)","그랜드약국","054-554-3070","2100","0830","2100","0830","2100","0830","2100","0830","2100","0830","2100","0830","2100","1230","2100","0830","C2701304","369","81","2219","36.58673331011504","128.19141881658092"
"전라남도 장흥군 장흥읍 부동로 3","우리병원 옆","그랜드약국","061-864-3100","1800","0830","1800","0830","1800","0830","1800","0830","1800","0830","1300","0800","C2600317","593","24","2220","34.678086380113534","126.9108784277582"
"전라남도 화순군 화순읍 서양로 340 (화순읍)","전대병원 교차로 근처","그랜드약국","061-371-8275","1900","0830","1900","0830","1900","0830","1900","0830","1900","0830","C2600033","581","29","2221","35.0620577372842","127.00062125389223"
"대구광역시 동구 동촌로 242, 다산빌딩 (방촌동)","그랜드약국","053-983-7553","1900","0900","1900","0900","1900","0900","1900","0900","1900","0900","1500","0900","C1301564","411","62","2222","35.880802919027495","128.66615590877916"
"대구광역시 수성구 달구벌대로 2398, (범어동)","그랜드약국","053-742-2115","1800","0900","1800","0900","1800","0900","1800","0900","1800","0900","1400","0900","C1300512","421","17","2223","35.85885102671332","128.62473251458888"
"강원특별자치도 동해시 청운1길 48 (쇄운동)","그랜드약국","033-535-7770","1830","0830","1830","0830","1830","0830","1830","0830","1830","0830","1400","0830","C2200929","258","09","2224","37.48580696006202","129.10850676746696"
"인천광역시 서구 가정로 308 (석남동)","신현사거리 부근 수협 맞은편","그랜드약국","032-581-8449","2130","0900","2130","0900","2130","0900","2130","0900","2130","0900","2130","0900","1900","0930","C1400530","227","84","2225","37.51237366485097","126.67293090218928"
"경기도 김포시 풍무로 167","매월 2째 4째 수요일 휴무","홈플러스 풍무점 1층","삼성홈플러스풍무점 1층","그랜드약국","031-988-5520","2130","1000","2130","1000","2130","1000","2130","1000","2130","1000","2130","1000","2130","1000","2130","1000","C2100310","101","17","2226","37.609962773974644","126.72412418099026"
"대구광역시 달서구 용산로 141","성서농협하나로마트 앞, 향군회관 뒤","그랜드엠약국","053-559-1008","2100","0830","2100","0830","2100","0830","2100","0830","2100","0830","1430","0830","1300","0830","1300","0830","C1300466","426","37","2227","35.85022641786891","128.53010308671006"
"서울특별시 동대문구 장한로 14 (장안동)","장한평역 3번출구","그랜드온누리약국","070-4229-1954","1900","0900","1900","0900","1900","0900","1900","0900","1900","0900","1430","0900","C1103748","026","44","2228","37.5626109816786","127.065754693542"
"경기도 파주시 청석로 260, 트리플메디칼타워 104호 (동패동)","그레이스약국","031-942-2968","2100","0900","2100","0900","2100","0900","2100","0900","2100","0900","1700","0900","C2107149","108","74","2229","37.72510281600001","126.717738563"
"경기도 고양시 덕양구 중앙로 548, 102호 (행신동, 현대프라자)","행신초등학교건너편대로변","그레이스온누리약국","031-978-8980","2000","0900","2000","0900","2000","0900","2000","0900","2000","0900","2000","0900","2000","0900","2000","0900","C2103819","104","95","2230","37.623283333333333","126.836422222222225"
"강원특별자치도 삼척시 진주로 5, 그린라이프약국 1층 (남양동)","남양동 삼척의료원앞","그린라이프약국","033-575-5755","2100","0830","1800","0830","2100","0830","1800","0830","1800","0830","1400","0830","C2200349","259","20","2231","37.4413321475729","129.163918872946"
"경기도 부천시 오정구 소사로 709 (원종동)","미성주유소 옆","그린메디약국","032-671-3448","2100","0900","2100","0900","2100","0900","2100","0900","2100","0900","1600","0900","C2100214","144","65","2232","37.519291574650616","126.80449928123349"
"서울 구로구 도림천로 351 대림역 지상2층 환승구간, 그린봄약국(1~8번출구) (구로동)","그린봄약국","050-71482-2508","2300","0700","2300","0700","2300","0700","2300","0700","2300","0700","2300","0900","2300","0900","C1110701","083","04","2233","37.4933105886136","126.8949461878"
"경기도 부천시 부흥로 404 (심곡동)","그린비타민약국","032-611-3330","1700","0900","1700","0900","1700","0900","1700","0900","1700","0900","1200","0930","C2106861","146","38","2234","37.48969789459515","126.7851819787781"
"경기도 용인시 기흥구 금화로 101, 104호 (상갈동, 그린빌프라자)","경기도박물관맞은편","그린빌약국","031-287-2533","2100","0900","2100","0900","2100","0900","2100","0900","2100","0900","1400","0900","1500","1100","1300","0900","C2100571","170","73","2235","37.266275000000000","127.107016666666667"
"대구광역시 달성군 화원읍 성암로1길 9","대곡역에서대구정신병원방향1km","그린빌하나약국","053-635-4343","2030","0900","2030","0900","1930","0900","2030","0900","2030","0900","1500","0900","1300","0900","C1300849","429","65","2236","35.801895788251905","128.50955682467915"
"경상남도 김해시 김해대로 2349, 107동 206호 (부원동, 부원역그린코아더센텀)","그린수약국","055-328-0773","1900","0900","1900","0900","1400","0900","1900","0900","1900","0900","1400","0900","C2802300","509","25","2237","35.22694370239","128.883418031963"
"서울특별시 송파구 오금로32길 35, 101호 (송파동, 한영해시안 아파트)","그린스타약국","02-2202-7747","1930","0900","2000","0900","1930","0900","1930","0900","2000","0900","1400","0900","C1108411","056","73","2238","37.5032486675314","127.119035919533"
"서울특별시 성동구 연무장5가길 7, 성수역 현대테라스타워 1층 117호 (성수동2가)","그린애플약국","02-6956-3509","2000","1000","2000","1000","2000","1000","2000","1000","2000","1000","2030","1000","2030","1000","C1110727","047","82","2239","37.5440862698625","127.053671559498"
"대구광역시 중구 국채보상로 538 (상서동)","곽병원건너편","그린약국","053-254-0053","1800","0900","1800","0900","1800","0900","1800","0900","1800","0900","1300","0900","C1300266","419","34","2240","35.87022478037514","128.58968002323127"
"대구광역시 수성구 지범로 103 (지산동)","그린약국","053-782-0506","1830","0900","1830","0900","1830","0900","1830","0900","1830","0900","1300","0900","C1300354","421","89","2241","35.82518714385109","128.6324377754925"
"대구광역시 달서구 구마로 224 (송현동)","그린약국","053-628-8667","1800","0900","1800","0900","1800","0900","1800","0900","1800","0900","1300","0900","C1301089","427","36","2242","35.83681720418598","128.55233360393788"
"인천광역시 남동구 석산로 131, 1층 1호 (간석동)","수협간석중앙지점옆","그린약국","032-425-8827","1900","0830","1900","0830","1900","0830","1900","0830","1900","0830","1600","0830","C1401474","215","50","2243","37.46049437456685","126.70641595690104"
"강원특별자치도 원주시 영랑길 2, 행구빌딩 102호 (행구동)","그린약국","033-747-8389","1820","0900","1820","0900","1230","0900","1820","0900","1820","0900","1300","0900","C2201000","264","56","2244","37.3414186402","127.971272468"
"부산광역시 연제구 거제천로87번길 23","거제시장내","그린약국","051-851-3020","1830","0900","1830","0900","1830","0900","1830","0900","1830","0900","1300","0900","C1201240","475","44","2245","35.18243970811897","129.07200007148094"
"부산광역시 사상구 대동로 95, 기산쇼핑스포렉스 2층 (학장동)","버스정류장: 반도보라아파트 앞","그린약국","051-323-8890","1900","0900","1900","0900","1300","0900","1900","0900","1900","0900","1300","0900","C1202568","470","50","2246","35.138499232724","128.977923997582"
"서울특별시 노원구 동일로 1279, 211호 (중계동, 중계그린아파트 비이상가)","13:00~14:00 휴게시간","그린약국","02-975-7700","1900","0900","1900","0900","1900","0900","1900","0900","1900","0900","1500","0900","C1107440","017","78","2247","37.6430702786721","127.064011517969"
"충청북도 청주시 흥덕구 대농로 43, 1차 상업시설동 216-2호 (복대동, 신영지웰시티)","그린약국","043-236-8207","1900","0900","1900","0900","1900","0900","1900","0900","1900","0900","1400","0900","C2301183","284","24","2248","36.643269102284","127.42668481137"
"부산광역시 동구 초량로 35","버스정류장: 초량6거리정류장","그린약국","051-468-3843","2000","0900","2000","0900","2000","0900","2000","0900","2000","0900","2000","0900","2000","1100","2000","1200","C1200690","488","13","2249","35.12023991487453","129.03851650331393"
"부산광역시 북구 양달로 74 (화명동)","버스정류장: 산성코오롱아파트 앞 그린상가","그린약국","051-362-3567","1900","0900","1900","0900","1900","0900","1900","0900","1900","0900","1900","0900","C1200213","465","16","2250","35.243982433826154","129.02115844687822"
"경기도 오산시 오산로 235, 이효리빌딩 101-1호 (오산동)","그린약국","031-831-5678","1800","0900","1800","0900","1800","0900","1800","0900","1800","0900","1300","0900","C2109484","181","37","2251","37.1479755420802","127.068273591186"
"경기도 안산시 단원구 선부광장1로 70","그린약국","031-487-7576","1900","0900","1900","0900","1900","0900","1900","0900","1900","0900","1530","0900","C2102113","152","39","2252","37.33604097712532","126.81193281281682"
"경기도 광명시 하안로 298, 1층 101호 (하안동)","그린약국","02-804-7582","1300","0900","1300","0900","1300","0900","1300","0900","1300","0900","1800","0900","C2100856","143","06","2253","37.46221487817045","126.88036624477772"
"경기도 부천시 상동로 90, 407호 (상동,메가플러스)","상동홈플러스옆건물/상동세이브존건너편","그린약국","032-212-2233","1900","0900","1900","0900","1900","0900","1900","0900","1900","0900","C2100325","145","45","2254","37.50515183237783","126.75374195709928"
"경기도 용인시 기흥구 한보라1로 5, 109호 (보라동, 보라메가타운)","그린약국","031-274-7547","2000","0900","2000","0900","2000","0900","2000","0900","2000","0900","1500","0900","C2102019","170","79","2255","37.254315270826424","127.10990453839511"
"서울특별시 강서구 수명로 78, 새롬프라자 104호 (내발산동)","그린약국","02-2667-6643","2130","0900","2130","0900","2130","0900","2130","0900","2130","0900","2130","0900","2130","0900","2130","0900","C1103686","076","35","2256","37.553024265332","126.826339474914"
"서울특별시 강남구 논현로 835, JK빌딩 1층 (신사동)","압구정역 4번출구","그린약국","02-543-1275","1930","0920","1930","0920","1930","0920","1930","0920","1930","0920","1700","1030","C1108678","060","31","2257","37.523095980234","127.027951133964"
"경기도 수원시 장안구 수성로258번길 3, 105호 (영화동, 메가플러스)","그린약국","031-241-7574","1900","0900","1900","0900","1900","0900","1900","0900","1900","0900","1230","0900","C2107624","162","74","2258","37.2895741575","127.0010375201"
"서울특별시 금천구 독산로93길 11 (독산동)","독산3동 주민센터 인근","그린약국","02-858-7977","2030","0900","2030","0900","2030","0900","2030","0900","2030","0900","2030","0900","C1107007","085","43","2259","37.4738667153239","126.902594008657"
"경기도 평택시 중앙2로 15, 1층 (평택동)","그린약국","031-647-0183","1900","0900","1900","0900","1900","0900","1900","0900","1900","0900","1400","0900","C2109026","179","09","2260","36.9910552129982","127.089268837104"
"경기도 화성시 효행로 1385 (반월동)","롯데마트화성점건너편","그린약국","031-206-6048","2000","0900","2000","0900","2000","0900","2000","0900","2000","0900","1500","0900","C2101071","183","84","2261","37.2311369405105","127.06532886218201"
"서울특별시 동대문구 장한로 129, 102호 (장안동)","그린약국","02-2246-9885","1830","0900","1830","0900","1830","0900","1830","0900","1830","0900","1500","0900","C1108800","026","24","2262","37.5719953693996","127.070930222624"
"경기도 성남시 분당구 운중로 249, 1층 105호 (판교동)","그린약국","070-7719-9595","1800","1000","1800","1000","1800","1000","1800","1000","1800","1000","C2108486","134","77","2263","37.3896477580735","127.090697667591"
"경기도 시흥시 대은로 83, 2층 203-1호 (대야동, 루비프라자)","그린약국","031-435-2250","1900","0900","1900","0900","1900","0900","1900","0900","1900","0900","1400","0900","1300","0900","C2100106","149","14","2264","37.44495032360563","126.79752372519255"
"서울특별시 관악구 남부순환로 1740, 명당빌딩 1층 (봉천동)","봉천역 1번출구","그린약국","02-888-4959","2200","0800","2200","0800","2200","0800","2200","0800","2200","0800","2200","0800","2200","0800","2200","0800","C1109010","087","84","2265","37.4819000975612","126.943337342715"
"서울특별시 은평구 진흥로 103, 기린빌딩 3층 303호 (역촌동)","그린약국","02-356-5917","1800","0900","1800","0900","1800","0900","1800","0900","1800","0900","1300","0900","C1109673","034","04","2266","37.6060733736923","126.922406417484"
"울산광역시 남구 수암로 130 (야음동)","설, 추석 명절 휴진","야음동 홈플러스 옆 경남은행 지하1층","그린약국","052-260-5224","1930","0900","1930","0900","2100","0900","1930","0900","1930","0900","1700","0900","1700","0900","1700","0900","C1700079","447","50","2267","35.5274214689088","129.32129785953813"
"경기도 과천시 별양상가3로 14, e편한세상 시티 과천 (별양동)","그린약국","02-504-0575","1800","0900","1800","0900","1800","0900","1800","0900","1800","0900","1300","0900","C2109351","138","37","2268","37.4258421392212","126.991248273288"
"경기도 고양시 덕양구 푸른마을로 6, 308호 (고양동, 고양 e PLAZA)","그린약국","031-962-6819","1900","0900","1900","0900","1900","0900","1900","0900","1900","0900","1500","0900","C2103628","102","70","2269","37.70890125421375","126.90293557042706"
"경기도 파주시 후곡로 3 (금촌동, 현인메트로빌딩 1층)","교육문화회관 옆 현인메트로빌딩 106호","그린약국","070-8886-7582","1230","0900","1230","0900","1230","0900","1230","0900","1230","0900","1330","0900","C2106672","109","24","2270","37.75715806897656","126.77404343821182"
"서울특별시 양천구 남부순환로 654 (신정동)","서부터미널근처 진덕빌딩2층","그린약국","02-2625-1325","1930","0900","1930","0900","1930","0900","1930","0900","1930","0900","1600","0900","C1103460","080","54","2271","37.5106928402737","126.841861245279"
"대전광역시 서구 도안중로 306, 1층 (도안동)","추석과 설 당일만 휴무","그린약국","042-545-2588","2100","0800","2100","0800","2100","0800","2100","0800","2100","0800","1800","0800","1800","0800","1800","0800","C1601013","353","53","2272","36.31261776622757","127.35071786911621"
"대전광역시 중구 계백로 1709, 누리보듬아파트 112호 (오류동)","그린약국","042-522-5614","1900","0930","1900","0930","1900","0930","1930","0930","1900","0930","1400","0930","C1601219","349","09","2273","36.3218912184","127.4090378885"
"울산광역시 중구 유곡로 10 (우정동, 선경2차아파트)","SK선경아파트 앞","그린약국","052-244-3064","1840","0900","1840","0900","1840","0900","1840","0900","1840","0900","1300","0900","C1700072","444","65","2274","35.55656755877078","129.3090681123491"
"경상북도 구미시 인동가산로 11, 1층 101호 (황상동)","그린약국","054-471-1608","0900","1930","0900","1930","0900","1930","0900","1930","0900","1930","1400","1930","C2701783","394","31","2275","36.1076956304447","128.418682764238"
"서울특별시 서초구 효령로 394, (서초동)","서초그랑자이 맞은편","그린약국","02-581-4925","1900","0900","1900","0900","1900","0900","1900","0900","1900","0900","1400","0900","C1102630","067","27","2276"
"전북특별자치도 순창군 순창읍 옥천로 56,","순창읍 버스터미널에서 전주방향 50m","그린약국","063-653-1256","1730","0830","1730","0830","1730","0830","1730","0830","1730","0830","C2500654","560","35","2277","35.377630555555555","127.141247222222219"
"충청남도 아산시 온천대로 1480, 1층 (온천동)","코오롱스포츠 건물","그린약국","041-545-2071","1950","0830","1950","0830","1950","0830","1950","0830","1950","0830","1950","0830","C2400269","315","13","2278","36.781543160258735","127.0021667077167"
"경상남도 양산시 삼호1길 34, 1층 (삼호동,롯데마트)","마트 휴무시 약국 휴무 (2,4주 일요일)","서창롯데마트1층","그린약국","055-365-9725","2200","1000","2200","1000","2200","1000","2200","1000","2200","1000","2200","1000","2200","1000","C2800661","505","29","2279","35.4126355281","129.166986833"
"경상남도 창원시 성산구 동산로 124 (상남동, 성원그랜드쇼핑)","대동백화점 앞","그린약국","055-266-7657","1900","0900","1900","0900","1900","0900","1900","0900","1900","0900","1300","0900","C2800431","514","99","2280","35.21854429579417","128.6906274746212"
"서울특별시 구로구 디지털로33길 11, 에이스테크노타워8차 106호 (구로동)","토요일 2,4주 휴무","에이스테크노타워8차","그린약국","02-2025-7111","1930","0900","1930","0900","1930","0900","1930","0900","1930","0900","1400","0900","C1107401","083","80","2281","37.4857057781612","126.895512679788"
"충청남도 천안시 서북구 충무로 133 (쌍용동)","https://www.e-gen.or.kr/emog/changHrmOpenTime.do#","쌍용역 바로앞","그린약국","041-576-7576","2000","0900","2000","0900","2000","0900","2000","0900","2000","0900","1600","0900","1300","0900","1300","0900","C2400084","311","74","2282","36.79321667400746","127.12221556163507"
"충청남도 서산시 안견로 190","터미널 안","그린약국","041-665-5034","2000","0800","2000","0800","2000","0800","2000","0800","2000","0800","2000","0800","C2400579","319","81","2283","36.78183968609678","126.458548801024"
"경상북도 칠곡군 왜관읍 중앙로 164-1","일요일, 공휴일 방문 전 전화 확인","그린약국","054-975-1188","1900","0900","1900","0900","1900","0900","1900","0900","1900","0900","1400","0900","1400","0900","C2701465","398","90","2284","35.9895103089","128.3996740056"
"경상북도 김천시 신음새동네길 1","약국","대신동 롯데리아 맞은편","그린약국","054-439-7227","1900","0840","1900","0840","1900","0840","1900","0840","1900","0840","1300","0840","C2700772","395","44","2285","36.13469405789161","128.11790874190402"
"광주광역시 서구 운천로56번길 10, (금호동)","대덕무지개아파트상가내","그린약국","062-372-3373","1800","0900","1800","0900","1800","0900","1800","0900","1800","0900","1700","0900","C1500393","620","34","2286","35.137477802091674","126.85918842572843"
"인천광역시 서구 탁옥로 45 (심곡동)","인천서구보건소근방","그린약국","032-569-4037","1400","0900","1400","0900","1400","0900","1400","0900","1400","0900","1400","0900","1500","0900","C1400413","227","26","2287","37.54408683920847","126.67450558282132"
"경상북도 경산시 백자로 65, 1층 103호 (사동)","그린약국","053-818-8828","1900","0900","1900","0900","1900","0900","1900","0900","1900","0900","1400","0900","C2700809","386","00","2288","35.8119798990993","128.754568661637"
"전라남도 광양시 광양읍 인덕로 996","광양병원 근처","그린약국","061-762-3577","1930","0900","1930","0900","1930","0900","1930","0900","1930","0900","1400","0900","1800","0900","C2600426","577","53","2289","34.97137895184872","127.58194664114853"
"경상북도 포항시 남구 지곡로328번길 17","주3일(화,목,금) 공공심야약국 운영","지곡동949주민공동시설내","그린약국","054-221-4951","2000","0900","2300","0900","2000","0900","2300","0900","2300","0900","2130","0900","2200","0900","C2700406","376","68","2290","36.03252743003423","129.31683431345888"
"대구광역시 동구 아양로 198, 1층 (효목동)","그린약국","053-955-2727","1830","0900","1830","0900","1830","0900","1830","0900","1830","0900","1300","0900","C1301054","411","67","2291","35.88560630673094","128.6346571742826"
"강원특별자치도 강릉시 선수촌로 77, 1층 103호 (홍제동)","그린온누리약국","033-648-7003","2000","0830","2000","0830","2000","0830","2000","0830","2000","0830","1600","0830","C2201077","255","22","2292","37.7578295706113","128.869987512512"
"광주광역시 서구 치평로 105","공휴일 전화 연락 후 방문 요함","상무금호대우아파트앞","그린온누리약국","062-383-9911","2000","0900","2000","0900","2000","0900","2000","0900","2000","0900","1900","0900","2000","1400","C1500078","619","51","2293","35.156746796892676","126.8471998597515"
"인천광역시 서구 완정로 187","공휴일은 병원진료에따라운영","검단소방서옆","그린온누리약국","032-561-1775","1300","0800","1300","0800","1300","0800","1300","0800","1300","0800","1400","0800","1300","0900","C1400104","226","16","2294","37.60254531962797","126.65565311344301"
"경기도 남양주시 다산중앙로 109, 104호 (다산동)","그린온누리약국","031-552-1002","1800","0900","1800","0900","1800","0900","1800","0900","1800","0900","C2108273","122","48","2295","37.6229363386582","127.153451340457"
"경기도 용인시 기흥구 새천년로 20, 그린프라자 102호 (신갈동)","그린온누리약국","031-8005-5999","1900","0900","1900","0900","1900","0900","1900","0900","1900","0900","1400","0900","C2107763","169","59","2296","37.28909283163425","127.11141539237691"
"충청북도 청주시 상당구 중고개로 115, 108호 (용암동)","2020.7월부터 근무시간변동있을예정","신원빌딩1층","그린온누리약국","043-237-9866","2100","0840","2100","0840","2100","0840","2100","0840","2100","0840","1800","0840","C2300377","287","60","2297","36.6156086573797","127.519110124259"
"강원특별자치도 동해시 한섬로 111-7","롯데시네마 3층(구, 그린약국)","그린옵티마약국","033-533-8441","1900","0830","1900","0830","1900","0830","1900","0830","1900","0830","1600","0830","1600","0830","1600","0830","C2200011","257","69","2298","37.522249542700976","129.11525904521528"
"서울특별시 마포구 양화로 133, B104-5호 (서교동, 서교타워빌딩)","홍대입구역 1번출구/서교타워빌딩 B105호","그린이화약국","02-322-8905","2000","0830","2000","0830","2000","0830","2000","0830","2000","0830","1400","0800","C1101636","040","32","2299","37.55523107395","126.920982708821"
"경기도 성남시 분당구 성남대로 934, 궁전프라자2 102,101일부호 (야탑동)","야탑역1번출구전방30M궁전프라자1층","그린탑약국","031-8016-5515","2100","0900","2100","0900","2100","0900","2100","0900","2100","0900","1800","0900","C2101653","135","06","2300","37.41316066725466","127.12928825179857"
"경기도 화성시 봉담읍 와우로73번길 6, 태천센타 106호 (봉담읍)","공휴일, 일요일 미운영","공휴일 09:30~22:30 (신정, 구정, 추석 제외)","그린트리약국","031-225-2829","2100","0900","2100","0900","2100","0900","2100","0900","2100","0900","2100","0900","C2100034","183","21","2301","37.26608914672333","127.00326225382547"
"인천광역시 부평구 원적로300번길 4 (산곡동)","그린팜약국","032-502-1281","2130","0900","2130","0900","2130","0900","2130","0900","2130","0900","1600","0900","C1400525","213","71","2302","37.50438107724606","126.69945846066045"
"인천광역시 남동구 석산로 171, 동양스포츠센타 1층 (간석동)","간석지구대 맞은편 위치.","그린팜약국","032-434-7588","1930","0900","1930","0900","1930","0900","1930","0900","1930","0900","1400","0900","C1401498","215","45","2303","37.46077126142291","126.71202116901064"
"서울특별시 강북구 도봉로 329, 5층 (수유동)","수유역 6번출구 바로앞","그린팜약국","02-990-0458","2100","0900","2100","0900","2100","0900","2100","0900","2100","0900","1530","0900","C1103458","010","73","2304","37.6375531926438","127.024701635067"
"경기도 안산시 단원구 당곡2로 23, 122호 (고잔동, 바상가)","고잔2동 671-2 중앙동 주공8단지 바상가 뒤쪽, 동물약중 구충제, 심징사상충약 취급. 비대면진료처방 조제. 추석연휴 14.15.16 영업, 일반공휴일은 휴무.","중앙동주공8단지상가내","그린팜약국","031-414-7119","2100","0930","2100","0930","2100","0930","2100","0930","2100","0930","1900","0930","1900","1000","C2100653","153","38","2305","37.324938675423276","126.83789060857054"
"서울특별시 강동구 올림픽로 665, 1층 (천호동)","천호역 2번출구","그린팜약국","02-477-9710","2000","0800","2000","0800","2000","0800","2000","0800","2000","0800","1500","0800","C1101637","052","48","2306","37.5409246865992","127.123873832581"
"인천광역시 남동구 논고개로 325, 1층 (도림동)","(15B 11L)도림동 주공 2단지 맞은편","그린팜우리약국","032-442-8007","2100","0900","2100","0900","2100","0900","2100","0900","2100","0900","1630","0900","C1400684","216","45","2307","37.419190737600566","126.72911303059541"
"경기도 수원시 장안구 경수대로 1077 (파장동)","파장동삼익아파트버스정류장","그린팜중앙약국","031-251-3411","1900","0830","1900","0830","1900","0830","1900","0830","1900","0830","1500","0830","C2103828","163","48","2308","37.30906163516444","126.99428316312239"
"경기도 수원시 팔달구 동말로25번길 108, 104호 (화서동)","화서역숙지고등학교사거리","그린프라자약국","031-251-4404","2100","0900","2100","0900","2100","0900","2100","0900","2100","0900","2100","0900","C2101228","164","36","2309","37.282249896877616","126.99462054078909"
"경기도 안양시 동안구 경수대로 558, 1층 (호계동)","전화문의로 근무가 어렵습니다. 확실히 열려있으니 꼭 필요한경우만 전화주세요.","호계시장입구","그린프라자약국","031-455-7900","2200","0900","2200","0900","2200","0900","2200","0900","2200","0900","2200","0900","2100","0900","2100","0930","C2101458","141","12","2310","37.372530180134575","126.9581961553055"
"충청북도 충주시 앙성면 용당1길 30,","주변의료기관:늘푸른병원","그린프라자약국","043-854-1910","2030","0830","2030","0830","2030","0830","2030","0830","2030","0830","1600","0830","2030","0830","C2300588","273","03","2311","37.107230555555553","127.757013888888892"
"서울특별시 구로구 구로동로 135","고대구로병원 맞은편","그린프라자약국","02-861-6553","1900","0900","1900","0900","1900","0900","1900","0900","1900","0900","1400","0900","C1101639","083","09","2312","37.4906411011165","126.88370977403"
"경기도 용인시 수지구 대지로 43, 107호 (죽전동,금강프라자)","그린프라자약국","031-265-8209","2000","0900","2000","0900","2000","0900","2000","0900","2000","0900","1800","0900","C2100663","168","72","2313","37.3286383472","127.1142539449"
"인천광역시 계양구 안남로 512 (효성동)","대신증권빌딩 1층","그린프라자약국","032-555-9288","1400","0900","1400","0900","1400","0900","1400","0900","1400","0900","1400","0900","C1400159","211","09","2314","37.5287497746013","126.71138336060096"
"대구광역시 북구 대천로 87 (동천동)","화성3차에서롯데마트쪽대로변","그린피스약국","053-325-0448","2130","0900","2130","0900","2130","0900","2130","0900","2130","0900","2130","0900","2130","0900","2130","0900","C1300164","414","27","2315","35.93716030378106","128.55879492586217"
"서울특별시 성북구 보국문로 46 (정릉동)","정릉3동시장 국민은행옆","그약국","02-911-0488","2030","0830","2030","0830","2030","0830","2030","0830","2030","0830","1500","0830","C1102632","027","17","2316","37.6085031899952","127.010110384353"
"경상남도 창원시 의창구 팔용로 438 (팔용동, 팔용종합상가)","팔용종합상가 4층","극동약국","055-251-8717","1830","0900","1830","0900","1830","0900","1830","0900","1830","0900","1300","0900","C2801030","513","73","2317","35.255278387456045","128.61341712165742"
"서울특별시 송파구 동남로 208 (가락동)","극동아파트상가 104호","극동약국","02-403-1379","1900","0900","1900","0900","1900","0900","1900","0900","1900","0900","1500","0900","C1101651","057","83","2318","37.4958025027522","127.131429668544"
"대구광역시 서구 북비산로 160 (평리동)","평리네거리이현시장입구(대구은행옆)","극동약국","053-565-3435","1900","0900","1900","0900","1900","0900","1900","0900","1900","0900","1600","0900","C1301209","417","61","2319","35.8785673881599","128.55054317109523"
"강원특별자치도 삼척시 근덕면 삼척로 3651,","세란의원 1층(근덕면 근덕지구대 옆)","근덕약국","033-573-3006","1900","0900","1900","0900","1900","0900","1900","0900","1900","0900","1400","0900","C2200355","259","33","2320","37.38033802478004","129.2258989640727"
"경기도 양주시 고읍남로 6 (광사동)","양주2동사무소 근처","근약국","031-841-7700","1930","0900","1930","0900","1930","0900","1930","0900","1930","0900","1500","0900","C2103139","114","92","2321","37.79560954443629","127.08023961725058"
"경상북도 구미시 검성로 89","황상동2주공상가102호","근화당약국","054-472-5232","2000","0900","2000","0900","2000","0900","2000","0900","2000","0900","1700","0900","1700","0900","C2700451","394","27","2322","36.1179618026867","128.4267192986038"
"대전광역시 중구 계백로1716번길 26, 미성프라자 204호 (문화동)","매일 점심시간(12:30 ~ 14:00) 폐문, 14:00이후 운영 재시작","연합소아청소년과 동일건물 3층.","글꽃약국","042-223-0216","2200","0900","2200","0900","2200","0900","2200","0900","2200","0900","2200","0900","2200","0900","2200","0900","C1600310","349","56","2323","36.320460323790485","127.41033500610035"
"광주광역시 광산구 용아로 234 (우산동)","노레보, 사후피임약, 내과, 정형외과 약 보유, fax 050-4194-9211 대한약사회 처방전달시스템 PPDS 적용 약국입니다.","광주여대 앞","글래스팜대학약국","062-962-0166","1800","0900","1800","0900","1230","0900","1800","0900","1800","0900","1230","0900","C1500314","623","59","2324","35.163855683139396","126.80205245175131"
"서울특별시 종로구 평창문화로 75, A109호 (평창동, 글로리아타운)","서울예고, 평창동 주민센터 인근/글로리아타운A동 109호","글로리아약국","02-3216-6700","1900","0900","1900","0900","1900","0900","1900","0900","1900","0900","1700","0900","C1100015","030","09","2325","37.606862635259","126.96900620111"
"서울특별시 관악구 과천대로 939, 1층 1-H-3호 (남현동)","글로리약국","02-6954-0088","2100","1000","2100","1000","2100","1000","2100","1000","2100","1000","2100","1000","2100","1000","C1110333","088","07","2326","37.4743771732195","126.981430242321"
"대전광역시 중구 계룡로 804","오룡역1번출구전방100M코스모내과1층","글로리약국","042-536-2343","1800","0830","1800","0830","1800","0830","1800","0830","1800","0830","1300","0830","C1600298","349","03","2327","36.32766066763012","127.40557032939051"
"강원특별자치도 속초시 번영로 207 (영랑동)","금강산약국","033-636-5668","2000","0830","2000","0830","2000","0830","2000","0830","2000","0830","1700","1000","C2200351","248","21","2328","38.21707695872223","128.59009152748658"
"강원특별자치도 동해시 중앙로 231, (천곡동)","천곡동 신한은행옆","금강산약국","033-535-2353","1800","0830","1800","0830","1800","0830","1800","0830","1800","0830","1200","0900","C2200167","257","68","2329","37.52136156833446","129.1140964451861"
"경기도 하남시 신평로 45, SN 타워 102호 (신장동)","병원 진료 사정에 따라 운영시간이 변경될 수 있습니다","금강약국","031-794-5061","2000","0830","2000","0830","2000","0830","2000","0830","2000","0830","1500","0830","1500","0830","C2108691","129","78","2330","37.5379014288316","127.204309355187"
"서울특별시 동작구 매봉로 178, B02호 (본동, 마본빌딩)","노들역 5번 출구","금강약국","02-817-1918","1900","0900","1900","0900","1900","0900","1900","0900","1900","0900","1400","0900","C1102617","069","06","2331","37.5122159363448","126.952175655603"
"부산광역시 사상구 낙동대로 780, 101호 (엄궁동)","13:00~14:00 점심","금강약국","051-715-2192","1830","0900","1830","0900","1830","0900","1830","0900","1830","0900","1330","0900","C1202816","470","39","2332","35.1302013996867","128.971734010258"
"대구광역시 북구 동변로 24, 225동 107호 (동변동, 유니버시아드선수촌)","대구시북구동변동선수촌2단지상가1층","금강약국","053-951-5759","1900","0900","1900","0900","1900","0900","1900","0900","1900","0900","1400","0900","C1300637","414","14","2333","35.91648457532975","128.60264340036787"
"서울특별시 노원구 한글비석로 365, 1층 (중계동, 데미안빌딩)","상계역 3번출구/데미안빌딩1층","금강약국","02-937-3656","1830","0800","1830","0800","1830","0800","1830","0800","1830","0800","1400","0800","C1103228","016","99","2334","37.6581887726597","127.074164051186"
"부산광역시 부산진구 백양대로136번길 41","당평초등학교 맞은편","금강약국","051-894-6007","1900","0900","1900","0900","1900","0900","1900","0900","1900","0900","1800","0900","1600","0900","C1200959","471","76","2335","35.16182965266013","129.0338426240499"
"경기도 안양시 만안구 안양로 336, 108호 (안양동, 금강빌딩)","금강약국","031-464-0048","1900","0930","1900","0930","1900","0930","1900","0930","1900","0930","1600","0930","C2103285","139","91","2336","37.40189063985849","126.91935942658534"
"충청북도 제천시 독순로 81 (중앙로2가)","중앙파출소옆명동칼국수맞은편","금강약국","043-647-3039","1930","0800","1930","0800","1930","0800","1930","0800","1930","0800","1900","0800","C2300196","271","73","2337","37.13868336162791","128.2119944353231"
"경기도 남양주시 진접읍 해밀예당3로 61 (진접읍)","금강약국","070-4413-2767","2100","0830","2100","0830","2100","0830","2100","0830","2100","0830","1700","0830","C2102863","120","65","2338","37.71509229392016","127.19790153710612"
"경기도 군포시 고산로 529, CD동 1층 121호 (산본동, 금강2단지주상복합아파트)","금강약국","031-394-9401","2200","1000","2200","1000","2200","1000","2200","1000","2200","1000","C2107548","158","22","2339","37.3602438286","126.9225239793"
"서울특별시 강남구 압구정로 151 현대9차상가 (압구정동, 현대아파트)","현대아파트 9차 상가 1-7 호","금강약국","02-544-5527","2000","0900","2000","0900","2000","0900","2000","0900","2000","0900","2000","0900","1800","1000","1800","1000","C1101615","060","01","2340","37.5267858196588","127.024454982256"
"서울특별시 강서구 금낭화로 135, 411호 (방화동, 금강프라자)","금강약국","02-2665-6319","1800","0830","1800","0830","1300","0830","1800","0830","1800","0830","1400","0830","C1101614","075","10","2341","37.5774450106613","126.812438073591"
"서울특별시 송파구 가락로 82, 102호 (석촌동)","금강약국","02-415-7014","2000","0900","2000","0900","2000","0900","2000","0900","2000","0900","1900","0900","1800","0900","C1102618","056","96","2342","37.5002861024206","127.10534189857"
"전북특별자치도 전주시 덕진구 쪽구름로 109 (반월동)","반월동 원불교 교당 맞은편에 위치 함","금강약국","063-211-9619","1930","0830","1930","0830","1300","0830","2000","0830","2000","0830","1300","0830","C2500575","561","370","2343","35.87379313132718","127.0733840275226"
"전북특별자치도 군산시 수송로 10-1, 금강약국 (나운동)","나운동 차병원옆","금강약국","063-462-3425","1900","0830","1900","0830","1900","0830","1900","0830","1900","0830","1500","0830","C2500176","541","31","2344","35.968377777777775","126.697900000000004"
"경상남도 김해시 금관대로1298번길 15","2018성탄절 운영, 2019신정 유선확인필요","내동건영아파트상가맞은편","금강약국","055-333-3555","2200","0900","2200","0900","2200","0900","2200","0900","2200","0900","2200","0900","2100","1400","2200","0900","C2800766","509","50","2345","35.2390908943147","128.8629350874728"
"경상남도 양산시 상북면 양산대로 1400","금강약국","055-375-8070","2000","0800","2000","0800","2000","0800","2000","0800","2000","0800","2000","0800","2000","0800","2000","0800","C2801662","505","63","2346","35.39379918680168","129.05139831827606"
"충청남도 천안시 동남구 신촌4로 34, 금강빌딩 1층 (신방동)","금강약국","041-575-1777","1900","0830","1900","0830","1900","0830","1900","0830","1900","0830","1400","0830","C2401823","311","76","2347","36.789176120916","127.125141784232"
"충청남도 공주시 공주대학로 96, (신관동)","베스킨라빈스 옆","금강약국","041-855-2993","2100","0830","2100","0830","2100","0830","2100","0830","2100","0830","2000","0830","C2400223","325","82","2348","36.473544540136665","127.13785518721272"
"대전광역시 동구 대전로 786-1 (원동)","금강약국","042-273-2121","1930","0630","1930","0630","1930","0630","1930","0630","1930","0630","1930","0630","1930","0630","1930","0630","C1601277","346","29","2349","36.3298663611955","127.433683014325"
"경상북도 경산시 진량읍 봉황길 24 (진량읍)","금강약국","053-856-3651","1900","0900","1900","0900","1900","0900","1900","0900","1900","0900","1300","0900","C2700050","384","50","2350","35.88432378992317","128.82065076365825"
"강원특별자치도 동해시 발한로 180","발한동 동해프라자 옆","금강약국","033-533-2309","1830","0830","1830","0830","1830","0830","1830","0830","1830","0830","1300","0830","C2200340","257","25","2351","37.546883079411835","129.10632423733068"
"전라남도 해남군 해남읍 해남로 45-1","해남병원 앞","금강약국","061-535-1144","1700","0830","1700","0830","2400","0830","1700","0830","2400","0830","1300","0900","C2600473","590","24","2352","34.57140419178185","126.61215293563623"
"인천광역시 중구 인항로 34 (신흥동3가)","인하대병원 맞은편","금강약국","032-884-9890","1700","0830","1700","0830","1700","0830","1700","0830","1700","0830","1200","0900","C1400506","223","33","2353","37.45717504804189","126.63408416130848"
"서울특별시 영등포구 영중로 8, 1층 (영등포동3가)","영등포역 5번출구","금강온누리약국","02-2678-5869","2120","0835","2120","0835","2120","0835","2120","0835","2120","0835","2120","0835","2000","0900","C1101554","073","04","2354","37.5171546595226","126.906482559655"
"경상북도 포항시 북구 새천년대로 1317(장성동)","금강온누리약국","054-251-0800","1900","0900","1900","0900","1830","0900","1900","0900","1900","0900","1300","0900","C2701338","375","86","2355","36.0760264709127","129.3910400003828"
"제주특별자치도 서귀포시 신서로 69 (강정동, 강정지예타운)","금강한약국","064-738-2880","1800","1000","1800","1000","1800","1000","1800","1000","1800","1000","1800","1000","C2900534","635","59","2356","33.25646682264","126.505294180795"
"광주광역시 서구 상무대로 882, 102호 (쌍촌동)","금경약국","062-382-5588","2100","0900","2100","0900","2100","0900","2100","0900","2100","0900","2100","0900","2100","1500","2100","1500","C1501308","619","89","2357","35.1501359568042","126.85853558032"
"경기도 성남시 분당구 내정로 29, 2층 206호 (정자동, 금곡프라자)","금곡약국","031-717-2433","1900","0900","1900","0900","1900","0900","1900","0900","1900","0900","1300","0900","C2101223","136","12","2358","37.36287002218774","127.11447742648698"
"경기도 수원시 권선구 금곡로73번길 71, 101호 (금곡동, 엘지빌리지 종합상가)","엘지빌리지 종합상가 1층","금곡엘지약국","031-296-1005","2000","0900","2000","0900","2000","0900","2000","0900","2000","0900","1600","0900","C2101185","163","82","2359","37.273662164753496","126.93749351375553"
"경기도 수원시 권선구 금곡로102번길 38, 105호 (금곡동)","일요일 공휴일 운영","금곡온누리약국","031-227-3233","1900","0900","1900","0900","1900","0900","1900","0900","1900","0900","1600","0900","1300","0900","1300","0900","C2107735","163","85","2360","37.27286146740305","126.94114503224574"
"경기도 남양주시 경춘로995번길 1 (금곡동)","165번구종점육교밑","금곡온누리약국","031-511-7783","1900","0900","1900","0900","1900","0900","1900","0900","1900","0900","1800","0900","C2103699","122","37","2361","37.63483757630255","127.21171288693378"
"경기도 남양주시 사릉로 14, 106호 (금곡동, 금곡프라자)","금곡중앙약국","031-559-4455","2130","0900","2130","0900","2130","0900","2130","0900","2130","0900","1800","0900","C2102961","122","37","2362","37.63429813567501","127.20770825448466"
"경기도 성남시 분당구 내정로 29, 금곡프라자 (정자동)","금곡프라자약국","031-717-1333","1830","0900","1830","0900","1830","0900","1830","0900","1830","0900","1400","0900","C2101220","136","12","2363","37.3627835041","127.1145088822"
"경기도 성남시 수정구 시민로 227 (태평동)","성남시 수정구 금빛초등학교 후문앞","금광약국","031-755-1924","2300","0830","2300","0830","2300","0830","2300","0830","2300","0830","2200","0830","2200","1000","C2101364","132","77","2364","37.44806767748862","127.14052900194724"
"경기도 성남시 중원구 광명로 331, 1층 (금광동)","금광프라자약국","031-741-6220","2100","0845","2100","0845","2100","0845","2100","0845","2100","0845","C2100472","131","77","2365","37.4457254842655","127.16261377869556"
"광주광역시 북구 금남로 136, 교보빌딩 (누문동)","금남로5가약국","062-513-0503","1800","0900","1800","0900","1900","0900","1200","0900","1800","0900","1300","0900","C1500651","612","41","2366","35.154062149816966","126.90870803347843"
"전라남도 순천시 해룡면 장선배기길 284","청솔아파트 1차 상가 1층","금당약국","061-726-2262","2000","0900","2000","0900","2000","0900","2000","0900","2000","0900","1500","0900","C2600555","579","85","2367","34.945828682739744","127.53048334117231"
"전북특별자치도 익산시 금마면 미륵사지로1길 35","터미널에 위치","금마종합약국","063-836-6051","1900","0830","1900","0830","1900","0830","1900","0830","1900","0830","1400","0830","C2500115","545","72","2368","35.989757422203624","127.05348165745477"
"경기도 부천시 소향로 239, 105호 (중동, 대야하이빌2)","금보약국","032-322-0988","2000","0900","2000","0900","2000","0900","2000","0900","2000","0900","1500","1000","C2100424","145","48","2369","37.50083934980855","126.77435218742772"
"서울특별시 용산구 원효로 51, 302호 (산천동, 삼성테마트)","휴게시간 13:00-14:00","금보약국","02-718-3673","1900","0900","1900","0900","1830","0900","1900","0900","1900","0900","1400","0900","C1100896","043","59","2370","37.533863362459","126.950070316419"
"서울특별시 강서구 양천로69길 11, 1층 101호 (염창동)","염창동 주민센터 인근","금비약국","02-2658-7767","2100","0900","2100","0900","2100","0900","2100","0900","2100","0900","1600","0900","C1100868","075","44","2371","37.5531229180149","126.870394641517"
"대구광역시 남구 이천로19길 15-2","금비약국","053-471-1773","1730","0900","1730","0900","1730","0900","1730","0900","1730","0900","1500","0900","1500","0900","C1300996","424","28","2372","35.84985794249476","128.59752163527304"
"강원특별자치도 원주시 지정면 신지정로 190, 센트럴타워 104,105호","금빛누리약국","033-742-5458","2100","0900","2100","0900","2100","0900","2100","0900","2100","0900","1700","0900","1700","1000","1700","1000","C2201053","263","53","2373","37.3743097380311","127.875864484823"
"인천광역시 서구 중봉대로586번길 9-4, 쓰리엠타워 113호 (청라동)","금빛약국","032-565-0531","2000","1000","2000","1000","2000","1000","2000","1000","2000","1000","1730","1000","C1401749","227","36","2374","37.5320957353864","126.65093342800769"
"경상북도 안동시 경동로 847 (용상동)","방문 전 확인요망","방문 전 운영시간 확인 요망.","용상동 황금연합의원 옆","금빛약국","054-822-8989","2000","0830","2000","0830","2000","0830","2000","0830","2000","0830","1300","0900","C2701561","367","11","2375","36.56103119866994","128.74993708808236"
"서울특별시 도봉구 덕릉로 238, 1층 (창동)","창3동신창시장입구맞은편","금빛약국","02-903-6479","2000","0900","2000","0900","2000","0900","2000","0900","2000","0900","1600","0900","C1102047","014","73","2376","37.6389795770546","127.038662699537"
"대구광역시 북구 내곡로 38, 103호 (사수동)","금빛약국","053-321-1214","1900","0900","1900","0900","1900","0900","1900","0900","1900","0900","1400","0900","1300","0900","C1301378","414","93","2377","35.89898902678124","128.5098986331961"
"경기도 성남시 중원구 금빛로 43, 3층 302호 (금광동)","금빛하루약국","070-8648-2171","1800","0900","1800","0900","1800","0900","1800","0900","1800","0900","1300","0900","C2109389","131","88","2378","37.4457474752159","127.167327699726"
"경상북도 구미시 산동면 신당1로3길 19, 108호","금빛희망약국","054-471-3219","2000","0900","2000","0900","2000","0900","2000","0900","2000","0900","1500","0900","C2701512","391","64","2379","36.1558194951","128.4312083699"
"부산광역시 금정구 금사로 57 (서동)","버스정류장 : 금사중학입구","금사약국","051-523-4619","2000","0900","2000","0900","2000","0900","2000","0900","2000","0900","1800","0900","C1200993","463","14","2380","35.22025555555557","129.08836388889193"
"경기도 여주시 금사면 이포로 28","금사참약국","031-883-9469","2000","0900","2000","0900","2000","0900","2000","0900","2000","0900","1800","0900","C2107402","126","04","2381","37.392029206","127.5342114604"
"충청남도 금산군 금산읍 비단로 294, 새마을금고 102호","금산건강약국","041-751-8871","1800","0900","1800","0900","1300","0900","1800","0900","1800","0900","1300","0900","1300","0900","C2401287","327","26","2382","36.10999332226976","127.4866932191747"
"충청남도 금산군 금산읍 비단로 181,","1년 365일 연중무휴로 08:30~22:00시까지 근무합니다...","새금산병원 옆","금산약국","041-751-2065","2200","0830","2200","0830","2200","0830","2200","0830","2200","0830","2200","0830","2200","0830","2200","0830","C2400359","327","38","2383","36.10365633770741","127.49628027674319"
"경상북도 김천시 김천로 130-1(평화동)","약국","열린이비인후과 맞은편","금산약국","054-435-2771","2000","0830","2000","0830","2000","0830","2000","0830","2000","0830","1800","0830","C2700848","396","11","2384","36.1220953977985","128.115528285633"
"경상남도 남해군 상주면 남해대로 699-3, 성림공인중개사","금산약국","055-863-2675","1800","0830","1800","0830","1800","0830","1800","0830","1800","0830","C2802333","524","40","2385","34.723200799349","127.986196065246"
"부산광역시 동래구 사직북로 25-1 (사직동)","버스정류장:사직사거리 동래서점옆","금새약국","051-503-8988","1900","0900","1900","0900","1900","0900","1900","0900","1900","0900","1500","0900","C1201103","478","64","2386","35.1981343149906","129.0601553185109"
"부산광역시 부산진구 가야대로 785 (부전동, 성영빌딩)","서면역 9번출구 건너편에 있는 금새약국입니다","1,2호선 서면역 9번출구","금새약국","051-805-7004","1900","0900","1900","0900","1900","0900","1900","0900","1900","0900","1500","0900","C1202153","472","57","2387","35.158137430214076","129.05761055190692"
"부산광역시 금정구 금강로 711, 1층 (남산동)","남산동새벽시장농협옆","금샘약국","051-583-3111","1850","0830","1850","0830","1850","0830","1850","0830","1850","0830","1300","0830","C1200656","462","21","2388","35.27102742117542","129.08890201927272"
"부산광역시 중구 대청로 132 (동광동3가)","버스정류장: 동광동 산업은행","금생약국","070-7783-4677","1830","0900","1830","0900","1830","0900","1830","0900","1830","0900","1400","0900","C1200538","489","55","2389","35.10264918635273","129.03421873859338"
"부산광역시 영도구 절영로 116, 금성당약국 (영선동3가)","영선동윗로타리아래","금성당약국","051-413-3411","1800","0630","1800","0630","1800","0630","1800","0630","1800","0630","1400","0630","C1200846","490","79","2390","35.0856686496","129.042067569"
"부산광역시 기장군 철마면 여락송정로 334, 금성당약국","금성당약국","051-508-3377","1800","0900","1800","0900","1800","0900","1800","0900","1800","0900","1400","0900","C1202824","460","02","2391","35.3047664145388","129.112480023531"
"서울특별시 광진구 긴고랑로 115, (중곡동)","토요일 시간변동 가능성 있습니다.","금성당약국","02-444-0159","2130","0900","2130","0900","2130","0900","2130","0900","2130","0900","1500","0930","C1103802","049","44","2392","37.5593024137751","127.087932298738"
"부산광역시 부산진구 냉정로 217, 2층 (개금동)","개금우체국앞 2호선 개금역 1번 출구","금성당한약국","051-893-4541","1700","1000","1700","1000","1700","1000","1700","1000","1700","1000","1700","1000","C1200107","473","28","2393","35.15115000000001","129.02347222222343"
"서울특별시 광진구 자양로 112, 111호,112호,113호 (구의동)","구의역 1번출구","금성약국","02-447-1500","2200","0900","2200","0900","2200","0900","2200","0900","2200","0900","2200","0900","2200","1300","C1103506","050","43","2394","37.5376694764699","127.083667631804"
"전북특별자치도 부안군 부안읍 시장길 37","부안터미널 안","금성약국","063-583-5135","1830","0800","1830","0800","1830","0800","1830","0800","1830","0800","1500","0800","C2500675","563","08","2395","35.7272070965","126.7353605598"
"부산광역시 금정구 금사로 95 (금사동)","산림조합.금사교회맞은편","금성약국","051-523-7891","2000","0830","2000","0830","2000","0830","2000","0830","2000","0830","1300","0830","C1200429","462","64","2396","35.22103846663706","129.11222786628306"
"경상북도 안동시 대안로 177, 1층 (운흥동)","안동제일정형외과 건물 1층","금성약국","054-841-4356","1900","0830","1900","0830","1900","0830","1900","0830","1900","0830","1500","0830","C2701564","367","01","2397","36.56427414286112","128.73222385789626"
"서울특별시 중구 동호로33길 5 (오장동)","동대문역사문화공원역 6번출구에서 을지로4가역 방향","금성약국","02-2266-1038","1930","0730","1930","0730","1930","0730","1930","0730","1930","0730","1930","0730","1930","0730","1930","0730","C1107334","045","47","2398","37.5653939844993","127.001885945202"
"울산광역시 중구 화합로 360, 1층 (반구동)","반구사거리","금성약국","052-297-3100","1800","0900","1800","0900","1800","0900","1800","0900","1800","0900","1200","0930","C1700061","445","00","2399","35.558111111111110","129.341858333333334"
"부산광역시 동구 중앙대로 459-9","일신기독병원 옆","금성약국","051-646-2133","2200","0900","1730","0900","2200","0900","1730","0900","1730","0900","1230","0900","1700","0900","C1200219","487","25","2400","35.135100710011265","129.0541788241425"
"전북특별자치도 임실군 오수면 삼일로 11, 1층(상원 상아프라자)","오수터미널앞","금성약국","063-642-0705","1800","0800","1800","0800","1800","0800","1800","0800","1800","0800","1200","0900","1200","0800","C2500156","559","51","2401","35.53955433194083","127.32696239071083"
"전라남도 장성군 장성읍 영천로 123","장성터미널 근처","금성약국","061-393-3904","1900","0800","1900","0800","1900","0800","1900","0800","1900","0800","1300","0830","C2600006","572","18","2402","35.29673826079502","126.78101428008421"
"광주광역시 남구 양림로 39, 금성약국 (양림동)","금성약국","062-652-7582","1800","0830","1800","0830","1800","0830","1800","0830","1800","0830","1300","0830","C1501286","616","61","2403","35.1369857935641","126.913398012064"
"서울특별시 동작구 사당로16길 68, 지하1층 (사당동)","사당4동 주민센터 맞은편","금성온누리약국","02-584-4780","1830","0800","1830","0800","1830","0800","1830","0800","1830","0800","1400","0800","C1102619","070","20","2404","37.4807578225041","126.971732585264"
"서울특별시 구로구 디지털로 242, 한화비즈메트로1차 108호 (구로동)","건강 상담 전문 약국","한화비즈메트로1차 주차장 입구 옆","금손약국","02-855-9369","1900","0800","1900","0800","1900","0800","1900","0800","1900","0800","C1108986","083","94","2405","37.4808125646967","126.892678392752"
"광주광역시 광산구 풍영로230번길 4 1층(장덕동)","광산구 풍영로 230번길4 금강신경외과 1층위치","금수강산약국","062-955-9523","2100","0900","2100","0900","2100","0900","2100","0900","2100","0900","2100","0900","2100","1600","C1501037","622","24","2406","35.19191370074448","126.81448608687677"
"서울특별시 동대문구 천호대로 427-4, 1층 (장안동)","장한평역 3,4번출구","금신당약국","02-2244-7491","1830","0900","1830","0900","1830","0900","1830","0900","1830","0900","1500","0900","C1102100","026","45","2407","37.5618398833013","127.066763608282"
"대구광역시 북구 연암로 190, 1층 (산격동)","금약국","053-957-5694","1800","0900","1800","0900","1800","0900","1800","0900","1800","0900","C1301725","415","33","2408","35.9013831117403","128.59650578576"
"경기도 김포시 고촌읍 장차로 3, 102-1호","금약국","031-989-6777","1900","0900","1900","0900","1900","0900","1900","0900","1900","0900","C2107295","101","26","2409","37.6027152382","126.7698004045"
"경상북도 경주시 유림로 107, 3동 323호 (용강동, 두산위브트레지움)","금약국","054-620-1515","1730","0830","1730","0830","1730","0830","1730","0830","1730","0830","1230","0830","C2701728","380","76","2410","35.8683475157359","129.222646843985"
"서울특별시 구로구 고척로 132, 서정빌딩 1층 2호 (개봉동)","금약국","02-2060-7789","1900","0900","1900","0900","1900","0900","1900","0900","1900","0900","1500","0900","C1108791","082","35","2411","37.5022170744446","126.848656325688"
"울산광역시 남구 신정로 35, (달동)","달동삼성아파트앞","금약국","052-258-7003","1400","1000","1400","1000","1400","1000","1400","1000","1400","1000","1400","1000","C1700266","447","22","2412","35.53497685498932","129.3220006488051"
"서울특별시 동작구 장승배기로 76, 1층 (상도동, 대경빌딩)","장승배기역 1번 출구","금영약국","02-821-4584","1900","0900","1900","0900","1900","0900","1900","0900","1900","0900","1400","0910","C1103394","069","63","2413","37.5044155767872","126.939411158287"
"전북특별자치도 전주시 완산구 충경로 97-1 (경원동3가)","문산부인과 옆","금오당약국","063-231-2728","1930","0900","1930","0900","1930","0900","1930","0900","1930","0900","1700","0900","C2500583","550","00","2414","35.819530555555552","127.149563888888892"
"경기도 의정부시 청사로 41","금오보령약국","031-852-7569","2100","0900","2100","0900","2100","0900","2100","0900","2100","0900","1800","0900","C2102792","117","57","2415","37.75195213743772","127.06972678211838"
"경상북도 구미시 1공단로 182, 105호 (공단동, 금오빌딩)","금오약국","054-462-9525","2030","0800","2030","0800","2030","0800","2030","0800","2030","0800","1600","0800","C2700265","393","75","2416","36.1017064396976","128.383032317107"
"서울특별시 중구 퇴계로 61","금오빌딩 3층","금오약국","02-318-9031","1830","0900","1830","0900","1830","0900","1830","0900","1830","0900","1330","0900","C1103282","045","29","2417","37.5593685043943","126.978916169827"
"경상남도 김해시 번화1로84번길 28, 101호 (대청동)","대동3단지아파트앞","금오온누리약국","055-313-9005","1900","0900","1900","0900","1900","0900","1900","0900","1900","0900","1300","0900","C2800388","509","89","2418","35.195463292465945","128.80236068679525"
"서울특별시 광진구 뚝섬로 585 (자양동)","건대입구역 5번출구/신자초입구 사거리","금와약국","02-444-0003","1900","0900","1900","0900","1900","0900","1900","0900","1900","0900","1400","0900","C1102041","050","68","2419","37.5335871571865","127.075051511089"
"충청북도 음성군 금왕읍 무극로 284,","권안과, 신동운소아과 옆","금왕온누리약국","043-877-0143","2000","0800","2000","0800","2000","0800","2000","0800","2000","0800","1700","0800","1800","0900","C2300484","276","34","2420","36.992805555555556","127.593202777777776"
"부산광역시 강서구 낙동북로 68","자세한 사항은 유선으로 부탁드립니다.","LG정유소 옆","금은동약국","051-972-1160","2000","0800","2000","0800","2000","0800","2000","0800","2000","0800","2000","0800","2000","0800","2000","0800","C1201011","467","06","2421","35.21790221195048","128.93693586275953"
"전라남도 완도군 금일읍 금일로 400","읍사무소 옆.","금일건강약국","061-552-1940","2000","0730","2000","0730","2000","0730","2000","0730","2000","0730","2000","0730","2000","1600","2000","0730","C2600648","591","40","2422","34.34910152484453","127.02996974447996"
"전라남도 완도군 금일읍 금일로 391","금일조하약국","061-555-0983","2000","0800","2000","0800","2000","0800","2000","0800","2000","0800","2000","0800","C2601288","591","40","2423"
"경상북도 경주시 현곡면 안현로 38 (서원빌딩 104호)","금장세정아파트 정문 건너편 .","금장온누리약국","054-777-4119","1900","0830","1900","0830","1900","0830","1900","0830","1900","0830","1400","0830","1300","0830","C2700633","780","922","2424","35.87084860740312","129.20353448018238"
"부산광역시 금정구 중앙대로1841번길 24, (구서동)","1호선 구서역 3번출구/구서동 이마트점내2층","금정21세기약국","051-515-7183","2200","1000","2200","1000","2200","1000","2200","1000","2200","1000","2200","1000","2200","1000","2200","1000","C1200697","462","33","2425","35.24994017980001","129.09059641610153"
"경기도 군포시 금산로22번길 6, 태을빌딩 1층 (금정동)","군포농협 금정동지점 옆 태을빌딩1층","금정당약국","031-456-2304","1900","0830","1900","0830","1900","0830","1900","0830","1900","0830","1400","0830","C2100697","158","13","2426","37.364536111111114","126.940844444444451"
"부산광역시 동래구 여고북로 167 (온천동)","금정시장 입구","금정약국","051-502-1165","1900","0900","1900","0900","1900","0900","1900","0900","1900","0900","1700","0900","2100","0900","C1200100","478","25","2427","35.202199999999998","129.073913888888882"
"전라남도 영암군 금정면 용두로 11-1","주말, 공휴일 전화 후 방문","365일 운영, 가정사로 못하는 경우 있음. 전화요함","금정우체국, 새마을금고 옆","금정약국","061-471-5687","1830","0800","1830","0800","1830","0800","1830","0800","1830","0800","1230","0800","C2600164","584","05","2428","34.86249957607498","126.7488943107118"
"경기도 군포시 산본천로 222, 세환타워 101호 (산본동)","금정약국","031-394-8275","2100","0830","2100","0830","2100","0830","2100","0830","2100","0830","2100","0830","2100","1200","2100","1200","C2107906","158","11","2429","37.3714456879932","126.94191256760493"
"경기도 안양시 동안구 달안로 61, 101호 (비산동, 샛별한양아파트에이상가)","달안동사무소옆","금정약국","031-383-1446","2030","0930","2030","0930","2030","0930","2030","0930","2030","0930","1930","0930","C2100882","140","43","2430","37.3959624111766","126.94986639934234"
"부산광역시 금정구 서동로 75-2, 1층 (서동)","금정온누리약국","051-514-2220","1930","0900","1930","0900","1930","0900","1930","0900","1930","0900","1400","0900","C1200976","463","19","2431","35.2175968263139","129.095735566776"
"경기도 성남시 수정구 제일로 157, 1층 (수진동)","금주약국","070-4230-0121","1800","0900","1800","0900","1800","0900","1800","0900","1800","0830","1800","0830","C2108143","133","16","2432","37.4407300685423","127.132218080316"
"서울특별시 동대문구 약령시로 3, 1층 (제기동)","안암오거리 교차로","금창약국","02-928-6985","2100","0900","2100","0900","2100","0900","2100","0900","2100","0900","1300","0830","1800","1200","1900","0830","C1107125","024","77","2433","37.5828020608309","127.030122143894"
"서울특별시 중구 남대문로1길 2, (북창동)","숭례문 인근","금천약국","02-778-7134","2200","0900","2200","0900","2200","0900","2200","0900","2200","0900","2000","1200","C1103457","045","26","2434","37.5612675798499","126.977686589613"
"전라남도 나주시 금천면 금영로 942","금천초등학교 앞","금천약국","061-331-7116","1730","0830","1730","0830","1730","0830","1730","0830","1730","0830","1700","0800","1700","0800","C2600174","582","15","2435","35.031482046","126.7539595511"
"충청북도 청주시 상당구 쇠내로 82 (금천동)","금천동구종점4거리우체국옆","금천약국","043-259-8057","1840","0900","1840","0900","1840","0900","1840","0900","1840","0900","1300","0900","C2300423","287","34","2436","36.62479269459101","127.50284716465351"
"서울특별시 금천구 두산로 75, 홍은빌딩 1층 (독산동)","금천제일큰약국","02-6949-1238","2300","0800","2300","0800","2300","0800","2300","0800","2300","0800","2300","0800","2300","0800","2300","0800","C1110688","085","23","2437","37.4703186625805","126.896590844479"
"서울특별시 금천구 금하로 634, 1층 (시흥동)","금천종로약국","070-8888-8801","2130","0900","2130","0900","2130","0900","2130","0900","2130","0900","2130","0900","2130","0900","2130","0900","C1110350","086","28","2438","37.4546379761298","126.901629676102"
"서울특별시 금천구 시흥대로73길 67, 엠메디컬타워 116호 (시흥동)","금천중앙약국","070-4035-9167","2000","0900","2000","0900","2000","0900","2000","0900","2000","0900","1500","0900","1300","0900","C1109520","086","13","2439","37.4559425553098","126.895747370219"
"경기도 파주시 중앙로 325 (금촌동)","금촌역베스킨라빈스옆","금촌녹십자약국","031-944-5076","2000","0900","2000","0900","2000","0900","2000","0900","2000","0900","2030","0830","2100","0900","C2102443","109","29","2440","37.76452779661138","126.77397379969722"
"경기도 파주시 시청로 2 (금촌동)","설날 당일, 추석 당일 휴무","금촌코끼리약국","031-948-8275","2130","0830","2130","0830","2130","0830","2130","0830","2130","0830","2130","0830","2130","0830","2130","0830","C2102682","109","24","2441","37.7578216214825","126.77425761445053"
"경기도 파주시 중앙로 308 (금촌동)","금촌타워약국","031-946-3975","1830","0900","1830","0900","1830","0900","1830","0900","1830","0900","1600","0930","1300","1000","C2102813","109","30","2442","37.76340579129272","126.77568253192342"
"경기도 파주시 문화로 100 (금촌동)","금촌구사거리일방통행길시장입구농협중앙회파주시지부주차장옆이며금촌현대타워건너편","금촌프라자약국","031-946-1550","2100","0900","2100","0900","2100","0900","2100","0900","2100","0900","2000","0900","C2102980","109","29","2443","37.763252029627516","126.77489651735429"
"경기도 김포시 감암로 7 (걸포동)","김포우리병원 정문 쪽 건물 1층","금파약국","031-989-8808","2000","0830","2000","0830","2000","0830","2000","0830","2000","0830","1500","0830","1800","0900","C2100248","100","99","2444","37.6319152365","126.7111898387"
"경기도 성남시 수정구 수정남로16번길 14-1 (수진동)","태평역4번출구나와서수진2동동사무소에서좌회전직진50m","금호당약국","031-751-3005","2000","0900","2000","0900","2000","0900","2000","0900","2000","0900","2000","0900","2200","0900","C2102171","133","19","2445","37.43827630032213","127.13029419747474"
"경상북도 영천시 금호읍 교대길 14","금호읍덕성1리101-1","금호동산약국","054-337-5088","1830","0800","1830","0800","1830","0800","1830","0800","1830","0800","1700","0800","1200","0800","1200","0800","C2700654","388","77","2446","35.93235782449238","128.87188389277665"
"광주광역시 서구 금부로 100","금호라인약국","062-384-3095","1800","0900","1800","0900","1800","0900","1800","0900","1800","0900","1230","0900","C1500308","620","33","2447","35.1392750715048","126.85910107494097"
"광주광역시 서구 금화로 88, 국승빌딩 1층 110호 (금호동)","금호수약국","062-682-5555","2100","0800","2100","0800","2100","0800","2100","0800","2100","0800","2100","0800","2000","1200","2000","1200","C1501327","620","14","2448","35.1319020761869","126.858254642293"
"광주광역시 서구 금화로 71, 미미빌딩 1층 103호 (금호동)","심야약국지정 새벽1시까지 운영","금호스타약국","062-383-8255","2500","0900","2500","0900","2500","0900","2500","0900","2500","0900","2500","0900","2500","0900","2500","0900","C1501209","620","07","2449","35.13245231162966","126.85652976495044"
"경기도 화성시 동탄대로1길 3, 1층 107호 (장지동)","금호약국","031-8077-4774","2000","0920","2000","0920","2000","0920","2000","0920","2000","0920","1600","0920","1600","1100","C2108882","184","99","2450","37.1598229463238","127.103761510443"
"경기도 수원시 권선구 매실로 70 (호매실동)","금호약국","031-292-9107","2100","0900","2100","0900","2100","0900","2100","0900","2100","0900","1800","0900","C2103731","163","95","2451","37.26830871842364","126.95853557222497"
"인천광역시 부평구 장제로 205 (부평동)","금호약국","032-505-2101","1500","0900","1500","0900","1500","0900","1500","0900","1500","0900","C1400179","213","56","2452","37.50398064346902","126.73067435746671"
"부산광역시 남구 동명로 139, 1층 (용호동)","버스정류장:용호3동 주민센터","금호약국","051-625-1950","2200","0900","2200","0900","2200","0900","2200","0900","2200","0900","2200","0900","C1201393","485","79","2453"
"전라남도 여수시 신월로 553 1층 (신월동)","금호약국","061-642-6660","1830","0830","1830","0830","1830","0830","1830","0830","1830","0830","1300","0830","C2601170","597","60","2454","34.72393033544807","127.70786318754116"
"부산광역시 북구 화명대로 44","공휴일 운영 가변적으로 전화 확인 후 방문 요망","2호선 화명역 1번출구/롯데마트 맞은편","금호약국","051-331-8655","2000","0900","2000","0900","2000","0900","2000","0900","2000","0900","1500","0900","1800","0900","2100","0900","C1200211","465","26","2455","35.234374707661395","129.0130209391444"
"부산광역시 부산진구 가야공원로 46","반도보라아파트 정문앞","금호약국","051-893-2379","2000","0900","2000","0900","2000","0900","2000","0900","2000","0900","1900","0900","1900","0900","C1200105","473","82","2456","35.149326948007975","129.02986260049585"
"광주광역시 서구 금화로 96","회재회관4거리","금호약국","062-681-4146","1800","0830","1800","0830","1800","0830","1800","0830","1800","0830","1300","0830","C1500585","620","14","2457","35.13204265954164","126.85916632562041"
"부산광역시 영도구 청학로 91","부산은행 맞은편","금호약국","051-412-3482","1900","0900","1900","0900","1900","0900","1900","0900","1900","0900","1900","0900","C1200417","490","23","2458","35.09635643912217","129.06106208227928"
"경상남도 김해시 함박로 101","2018년 크리스마스 휴무, 2019 신정 휴무","김해시외동대동아파트주상가","금호약국","055-336-3680","2000","0900","2000","0900","2000","0900","2000","0900","2000","0900","2000","0900","C2800581","509","54","2459","35.232545297497","128.86500417110258"
"광주광역시 광산구 첨단중앙로181번길 48 (월계동)","금호약국","062-971-9226","2100","0900","2100","0900","2100","0900","2100","0900","2100","0900","2000","0900","C1500847","622","55","2460","35.22002402725568","126.83627988046841"
"경상남도 진주시 진주대로829번길 7, 102호 (주약동)","진주세란병원옆","금호약국","055-795-0540","1300","0900","1300","0900","1300","0900","1300","0900","1300","0900","C2800761","527","17","2461","35.1745251856429","128.092553232283"
"전라남도 목포시 영산로 89 (명륜동)","국민은행 목포지점 근처","금호약국(역전)","061-242-1015","1900","0830","1900","0830","1950","0830","1900","0830","1900","0830","1630","0830","C2600534","587","28","2462","34.79062349901546","126.38548353690902"
"전라남도 목포시 영산로 519 (상동)","버스터미널옆","금호온누리약국","061-279-2914","1830","0900","1830","0900","1830","0900","1830","0900","1830","0900","1230","0900","C2600158","586","42","2463","34.8120320527","126.4178824756"
"인천광역시 부평구 안남로 272 (청천동)","일요일, 공휴일 유동적","금호옵티마약국","032-528-0880","2100","0900","2100","0900","2100","0900","2100","0900","2100","0900","2100","0900","2100","0900","C1400254","213","63","2464","37.5072308682199","126.71450224198969"
"광주광역시 서구 풍금로 167 (금호동)","공휴일 전화 연락 후 방문 요함","우리아동소아과 인근","금호제일약국","062-681-0075","2100","0830","2100","0830","2100","0830","2100","0830","2100","0830","1700","0900","1700","0900","1700","0900","C1500079","620","14","2465","35.13086031238362","126.85936587326188"
"광주광역시 서구 금화로 90, 동해빌딩 1층 (금호동)","서구문화센터건너광주은행마재지점앞","금호프라자약국","062-681-5213","2200","0900","2200","0900","2200","0900","2200","0900","2200","0900","2200","0900","2100","1400","2200","0900","C1500392","620","14","2466","35.13176027867512","126.8581837378288"
"경상북도 경산시 자인면 일연로 67","금화약국","053-856-6687","1900","0900","1900","0900","1900","0900","1900","0900","1900","0900","1700","0900","C2700477","385","56","2467","35.81934514307153","128.82266293339876"
"경상남도 창원시 의창구 창원대로363번길 22-47 1층 102호 (팔용동)","금화약국","055-713-3669","1830","0830","1830","0830","1400","0830","1830","0830","1830","0830","1400","0830","C2802451","513","93","2468","35.2366886687569","128.641962826097"
"경기도 광명시 광이로 95, 1동 110호 (광명동, 트리우스 광명)","광명동초등학교후문","금화온누리약국","02-2612-2090","2130","0900","2130","0900","2130","0900","2130","0900","2130","0900","2130","0900","2000","0900","2130","0900","C2101265","142","06","2469","37.475565023339115","126.86756999003487"
"경상북도 포항시 북구 기계면 기계로 54","특정공휴일만 수정할 수 있는 메뉴를 잘 찾을수가 없군요","포항시 북구 기계면 기계로54 기계약국, 기계버스정류장 옆","기계정류장GS편의점옆","기계약국","054-243-1014","1830","0830","1830","0830","1830","0830","1830","0830","1830","0830","1700","0830","C2700582","375","28","2470","36.06990947494661","129.21062110610345"
"강원특별자치도 원주시 무실로 14","2018년 추석연휴(휴무)","로데오거리 입구","기독약국","033-742-0346","1800","0900","1800","0900","1800","0900","1800","0900","C2200179","264","27","2471","37.34860213842688","127.94860123766722"
"광주광역시 남구 양림로 24-5, 기독온사랑약국 (양림동)","기독온사랑약국","062-653-7585","1800","0810","1800","0810","1800","0810","1800","0810","1800","0810","1300","0810","C1501256","616","64","2472","35.1357636481355","126.91216281843"
"강원특별자치도 원주시 무실로86번길 47 (일산동)","기독병원 후문","기독후문약국","033-746-4822","1800","0830","1800","0830","1800","0830","1800","0830","1800","0830","C2200537","264","27","2473","37.347684782308754","127.94388136989804"
"전북특별자치도 전주시 완산구 견훤로 123(중노송동)","기린봉약국","063-282-7587","2000","1700","2000","1700","2000","1700","2000","1700","2000","1700","C2501148","550","34","2474","35.82100945107006","127.16167843451804"
"충청북도 충주시 예성로 129-0, (용산동)","주변의료기관:연세산부인과","제2로타리위","기린수한약국","043-847-2667","1700","0900","1700","0900","1700","0900","1700","0900","1700","0900","1700","0900","1700","1000","1700","1000","C2300296","273","93","2475","36.9684110993","127.9333092787"
"경기도 용인시 수지구 성복2로 108-2 (성복동,웰스톤갤러리B109~B110호)","LG빌리지1차와3차사이,GS수퍼마켓건물","기린약국","031-265-0033","2000","0900","2000","0900","2000","0900","2000","0900","2000","0900","1900","0900","2000","0900","C2103069","448","140","2476","37.31580000021003","127.07442984986054"
"경기도 성남시 분당구 미금로 48, 111,112호 (구미동, 오성프라자)","구미동무지개마을사거리하나은행건물1층오성프라자","기린약국","031-711-4771","1900","0900","1900","0900","1900","0900","1900","0900","1900","0900","1400","0900","C2103328","136","26","2477","37.337837428501984","127.11654738643487"
"경기도 고양시 덕양구 지축로 86, 103호 (지축동)","기린약국","02-371-2933","1800","0900","1800","0900","1800","0900","1800","0900","1800","0900","1300","0900","C2109253","105","85","2478","37.6487646721028","126.917420706879"
"서울 강서구 하늘길 74 (과해동)","기린약국","02-2662-0028","1830","0900","1830","0900","1830","0900","1830","0900","1830","0900","1300","0930","C1104215","075","05","2479","37.5619975959387","126.796364852789"
"서울 성동구 독서당로 173 극동그린아파트 (옥수동)","극동그린아파트","기린약국","02-2299-8850","1930","0830","1930","0830","1930","0830","1930","0830","1930","0830","1600","0830","C1104445","047","32","2480","37.5415625512366","127.010900872837"
"서울특별시 영등포구 선유로 49, 2층 204호 (문래동6가, 미주프라자아파트)","휴게시간 : 13:00~14:00","미주프라자아파트 상가 (기업은행 문래중앙지점) 2층","기린약국","02-2633-7589","1730","0800","1730","0800","1730","0800","1730","0800","1730","0800","1300","0800","C1109551","072","81","2481","37.5182931994677","126.888746175591"
"경기도 안성시 중앙로 370, 307호 (석정동)","기린약국","031-675-2825","1800","0900","1800","0900","1800","0900","1800","0900","1800","0900","1430","0900","C2107418","175","81","2482","37.0076293834","127.2678969857"
"경기도 부천시 원미구 길주로 307, 로얄프라자 2층 203호 (중동)","기린약국","070-7780-7766","1800","0900","1800","0900","1800","0900","1800","0900","1800","0900","1300","0900","C2109908","145","34","2483","37.503449006713","126.776808870628"
"서울특별시 서초구 잠원로 24 반포자이프라자상가 1층","휴무시간 월~금: 19:00~22:00 토: 16:00~22:00","반포역 3번 출구 반포자이프라자상가","기린약국","050-71316-7241","1900","0900","1900","0900","1900","0900","1900","0900","1900","0900","1600","0900","2500","2200","C1107615","065","44","2484","37.5071156980651","127.009873208557"
"대구광역시 수성구 달구벌대로 2331, 한영빌딩 1층 (수성동4가)","기린약국","053-754-7077","1900","0900","1900","0900","1900","0900","1900","0900","1900","0900","1330","0900","C1301890","420","06","2485","35.8600492836992","128.617321120809"
"경상남도 진주시 진양호로 91, 평거정상빌딩 1층 (평거동)","기린약국","055-748-6561","1830","0840","1830","0840","1830","0840","1830","0840","1830","0840","1330","0840","C2802270","526","49","2486","35.1673727415845","128.049722443579"
"충청남도 계룡시 두마면 사계로 46, 성원프라자 102호","e편한 세상 아파트 정문","기린약국","042-841-9866","1900","0900","1900","0900","1900","0900","1900","0900","1900","0900","1300","0900","C2400613","328","36","2487","36.26818304323877","127.26493052068633"
"경기도 수원시 영통구 영통로153번길 98, 국제프라자 1층 103호 (망포동)","기린약국","031-204-3336","1900","0900","1900","0900","1900","0900","1900","0900","1900","0900","C2107593","166","89","2488","37.2414119482","127.0499450711"
"경기도 이천시 경충대로2675번길 52, 1층 (중리동)","기린약국","031-631-7221","1800","0900","1800","0900","1800","0900","1800","0900","1800","0900","C2101841","173","79","2489","37.28844004189816","127.45196728955902"
"대전광역시 유성구 학하서로20번길 7, 1층 (계산동)","기린약국","042-826-8765","2030","0830","2030","0830","2030","0830","2030","0830","2030","0830","1300","0830","C1601088","342","09","2490","36.341715223056646","127.30322178800304"
"서울특별시 은평구 서오릉로 79, 아름빌딩 1층 (역촌동)","새해 첫날 영업(09:00-13:00)","기린약국","02-357-5070","2000","0830","2000","0830","2000","0900","2000","0830","1730","0830","1600","0900","C1108099","034","04","2491","37.6072776087","126.921682506703"
"경기도 화성시 남양읍 남양성지로 135, 3층 302호","기린약국","031-355-7365","1900","0900","1900","0900","1900","0900","1900","0900","1900","0900","1300","0900","1300","0900","1300","0900","C2107357","182","61","2492","37.2088739162","126.8180958763"
"대구광역시 남구 신촌길 57, 402동 105호 (봉덕동)","기린약국","053-653-1500","1800","0900","1800","0900","1800","0900","1800","0900","1800","0900","C1301706","425","10","2493","35.8393813250139","128.602287983721"
"경기도 안산시 상록구 샘골로 143, 106호 (본오동, 청원빌딩)","기린약국","031-406-2740","1430","0900","1430","0900","1430","0900","1430","0900","1430","0900","1530","0900","C2101493","155","40","2494","37.29662365475038","126.86281357120532"
"울산광역시 남구 북부순환도로 25, 1층 (무거동)","추석 , 설 명절 당일 휴무","기린약국","052-277-8272","1900","0830","1800","0830","1900","0830","1900","0830","1900","0830","1600","0900","1300","0900","C1700585","446","29","2495","35.552471195460484","129.2661796370331"
"세종특별자치시 나성로 96, 더센트럴 426호 (나성동)","점심시간 13:00~14:00 일요일 및 공휴일 휴무","점심시간 13:00~14:00 일요일 및 공휴일 휴무","나성동","기린약국","044-868-7756","1830","0900","1830","0900","1830","0900","1830","0900","1830","0900","1300","0900","C1800335","301","28","2496","36.4878789621189","127.261002509068"
"인천광역시 남동구 인하로 607, 모아프라자(근생9-1-2) (구월동)","일요일 공휴일 전화문의후 방문","기린약국","032-466-2825","2000","0830","2000","0830","2000","0830","2000","0830","2000","0830","1400","0900","1300","0900","C1401317","215","84","2497","37.443135233959715","126.71439404734708"
"경상북도 경산시 진량읍 다문로 60, 1층","기린약국","053-965-8144","1900","0900","1900","0900","1900","0900","1900","0900","1900","0900","1400","0900","1300","0900","C2701605","384","87","2498","35.87460248273939","128.81776496744058"
"경상북도 칠곡군 석적읍 유학로 1","기린약국","054-977-7100","1830","0900","1830","0900","1830","0900","1830","0900","1830","0900","1400","0900","1400","0900","C2701589","398","32","2499","36.08047518266224","128.41107155546916"
"전북특별자치도 전주시 완산구 효천중앙로 22, A동 105호 (효자동2가)","점심시간 11:40~15:00","기린약국","063-224-3834","2100","0800","2100","0800","2100","0800","2100","0800","2100","0800","1300","0900","C2501342","550","79","2500","35.7985052200093","127.104431775712"
"서울특별시 성북구 보국문로 33, 106호 (정릉동)","13:00~14:00 휴게시간 먹는치료제 조제기관","기린온누리약국","02-941-8322","1900","0900","1900","0900","1900","0900","1900","0900","1900","0900","1400","0900","C1109600","027","10","2501","37.6073770418433","127.010124841427"
"서울특별시 영등포구 대림로34길 29, (대림동)","일요일은 1,3주만 운영함","기림약국","02-832-7780","2100","0830","2100","0830","2100","0830","2100","0830","2100","0830","2100","0830","2100","0830","C1101753","074","02","2502","37.4999110451503","126.901050782749"
"서울특별시 은평구 응암로22길 8, (응암동)","13:00~14:00 휴게시간","응암시장건너편","기림약국","02-373-9725","1830","0900","1830","0900","1830","0900","1700","0900","1830","0900","1300","0900","C1102035","034","67","2503","37.5935831586379","126.918845475902"
"경기도 성남시 중원구 금상로 60, 우림빌딩 1층 (상대원동)","상대원3동학년쇼핑옆","기범약국","031-745-7792","2000","0900","2000","0900","2000","0900","2000","0900","2000","0900","2000","0900","2000","0900","2200","0900","C2101593","132","32","2504","37.44041639636741","127.16284184910248"
"서울특별시 용산구 한강대로 66, 호반써밋 에이디션 상가동 3층 306호 (한강로2가)","기분좋은약국","02-3785-1031","2000","0840","1930","0840","1930","0840","2000","0840","1930","0840","1600","1000","1400","1000","C1110753","043","87","2505","37.5264050864578","126.965860241558"
"경기도 의정부시 범골로 39 (호원동)","기분좋은약국","031-829-3110","2100","0900","2100","0900","2100","0900","2100","0900","2100","0900","2100","0900","2100","0900","2100","0900","C2102707","116","30","2506","37.7283750133","127.0390809704"
"서울특별시 관악구 은천로 110, 1층 (봉천동, 더블유에스타워)","현대시장 사거리","기분좋은약국","02-872-2378","2000","0800","2100","0800","2000","0800","2100","0800","2000","0800","1500","0800","C1100108","087","47","2507","37.4866842659546","126.947416783425"
"충청남도 서산시 충의로 27, 2층 (예천동)","기분좋은약국","041-669-8307","2000","1000","2000","1000","2000","1000","2000","1000","2000","1000","2000","1000","C2401686","319","88","2508","36.7737230623394","126.438296536035"
"서울특별시 금천구 시흥대로139길 15","독산사거리 인근","기분좋은약국","02-858-3915","1830","0900","1830","0900","1830","0900","1830","0900","1830","0900","1400","0900","C1107609","085","35","2509","37.4727851759855","126.897312087745"
"경기도 평택시 고덕중앙2로 39, 고은메디타워 1층 108,109호 (고덕동)","기분좋은온누리약국","031-647-6803","2000","0900","1900","0900","1900","0900","2000","0900","1900","0900","1400","0900","1300","0900","1300","0900","C2109324","180","13","2510","37.0451995245356","127.040271717112"
"서울특별시 강동구 천호대로 1163, (길동)","길동역3번출구에서도보5분","기쁜샘약국","02-476-2133","1800","0800","1800","0800","1800","0800","1800","0800","1800","0800","1200","0800","C1101524","053","56","2511","37.5341021752679","127.140500838968"
"서울특별시 송파구 동남로29길 8-10, 퍼스트 스퀘어 1층 108호 (오금동)","송파레미니스2단지아파트 정문 앞","기쁜약국","02-402-3938","1840","0900","1840","0900","1300","0900","1840","0900","1840","0900","1300","0900","1300","0900","C1108875","057","21","2512","37.5058022450145","127.138582568208"
"서울특별시 동대문구 이문로 88 1층 103호 (이문동, 민족통일 대통령 빌딩)","한국외대 캠퍼스 인근","기쁜약국","02-911-4642","2100","0930","2100","0930","2100","0930","2100","0930","2100","0930","1300","0900","C1101291","024","40","2513","37.5946710804233","127.059408344046"
"경기도 고양시 일산서구 중앙로 1426, 4층 408호 (주엽동)","기쁜온누리약국","031-915-1003","1300","0930","1300","0930","1300","0930","1300","0930","1300","0930","1300","0930","C2107666","103","86","2514","37.6702589516","126.7619296553"
"울산광역시 중구 남외2길 50 트레져프라자 101호 (남외동)","동천동강병원 후문 근처","기쁜우리약국","052-294-7588","1800","0900","1800","0900","1800","0900","1800","0900","1800","0900","1300","0900","C1700622","444","95","2515","35.568231875500004","129.3503232340033"
"대전광역시 동구 동구청로 205, 1층 (판암동)","기쁜우리약국","042-273-5688","1830","0900","1830","0900","1830","0900","1830","0900","1830","0900","1300","0900","C1600009","346","73","2516","36.3161441795","127.4561643009"
"서울특별시 강서구 등촌로5길 2, 1층 104, 105호 (화곡동)","목동사거리 인근","기쁨약국","02-6964-6988","2000","0800","2000","0800","2000","0800","2000","0800","2000","0800","1430","0800","C1109028","077","41","2517","37.5334847631785","126.863297865971"
"경기도 의왕시 안양판교로 103, 포레스타타워 (포일동)","기쁨약국","031-422-7865","1800","0900","1800","0900","1800","0900","1800","0900","1800","0900","1300","0900","C2109656","160","01","2518","37.3952950210477","126.985501435603"
"경기도 고양시 일산서구 강선로 49, 일산VISTA오피스텔 1층 일부(내부호수 102,103호) (주엽동)","주엽역1번출구 정발산방면 비와이씨건물1층","기쁨약국","031-924-4500","1930","0900","1930","0900","1930","0900","1930","0900","1930","0900","1530","0900","1300","0900","C2103010","103","86","2519","37.66877700519292","126.76335348925337"
"경기도 이천시 모가면 진상미로 1273","모가 하나로마트 건너편","기쁨약국","031-633-1603","2000","0900","2000","0900","2000","0900","2000","0900","2000","0900","C2101266","174","08","2520","37.16991046759158","127.47944973691071"
"경기도 구리시 건원대로 45, 유일빌딩 1층 (인창동)","윤서병원옆","기쁨약국","031-564-0225","2200","0900","2200","0900","2200","0900","2200","0900","2200","0900","2230","0900","2230","0900","C2103829","119","18","2521","37.60504471339111","127.13965458494604"
"서울특별시 서대문구 연희로 122, 경교빌딩 102호 (연희동)","기쁨약국","02-3144-1225","1830","0900","1830","0900","1830","0900","1830","0900","1830","0900","1330","0900","C1109777","037","24","2522","37.5684574168521","126.932423872164"
"대구광역시 북구 중앙대로 528, 1층 (칠성동2가)","기쁨약국","053-219-0515","1800","0900","1800","0900","1800","0900","1800","0900","1800","0900","C1301916","415","79","2523","35.8800231708815","128.596190323007"
"경기도 광주시 초월읍 경안천로 305, 1층 102호","기쁨약국","031-763-9554","1800","0900","1800","0900","1800","0900","1800","0900","1800","0900","1300","0900","C2110108","127","40","2524","37.4271192563717","127.288138658627"
"경상남도 거창군 거창읍 거창대로 65 (거창읍)","기쁨약국","055-941-2334","1800","0900","1800","0900","1800","0900","1800","0900","1800","0900","1230","0900","C2801773","501","38","2525","35.68733356788259","127.91567902529395"
"대구광역시 수성구 달구벌대로 3250, 103호 (신매동)","설날 당일, 추석 당일을 제외한 모든 공휴일에 정상 운영합니다.","기쁨약국","053-794-1014","2000","0830","2000","0830","2000","0830","2000","0830","2000","0830","1600","0830","2000","0830","C1301945","422","77","2526"
"광주광역시 광산구 사암로 172, 1층 (우산동)","이마트 내 1층","기쁨약국","062-946-2520","2100","1000","2100","1000","2100","1000","2100","1000","2100","1000","2100","1000","2100","1000","2100","1000","C1500355","623","64","2527","35.1601275047903","126.80862060321265"
"부산광역시 해운대구 신반송로 163, 102호 (반송동, 남흥아파트)","13:00 - 14:00 휴게시간","윗반송역 4번 출구에서 904m","기쁨약국","051-545-5454","1900","0900","1900","0900","1900","0900","1900","0900","1900","0900","1400","0900","C1200554","480","13","2528","35.2277979454794","129.162356161553"
"부산광역시 부산진구 동평로 201 (부암동)","버스정류장: 부암교차로","기쁨약국","051-816-4384","2200","0830","2200","0830","2200","0830","2200","0830","2200","0830","2200","0830","C1202513","471","09","2529","35.16846523808226","129.04991758177044"
"서울특별시 서초구 효령로 396 (서초동)","1,3주 토요일 휴무","서초그랑자이 아파트 정문 바로앞","기쁨약국","02-522-4527","1800","0900","1800","0900","1800","0900","1800","0900","1800","0900","1400","0900","C1107101","067","27","2530","37.4878981090423","127.027225325525"
"부산광역시 사상구 운산로 31","버스정류장: 동양한신아파트","기쁨약국","051-323-9500","2000","0900","2000","0900","2000","0900","2000","0900","2000","0900","2000","0900","C1200654","469","15","2531","35.16880919450101","128.98029451318877"
"경기도 오산시 오산로 349, 죽산빌딩 1층 (궐동)","추석, 설날 휴무, 주차가능","기쁨약국","031-378-3893","2000","0900","2000","0900","2000","0900","2000","0900","2000","0900","1600","0900","1300","0900","C2106737","181","15","2532","37.157858069665025","127.0668803185656"
"경기도 김포시 김포한강2로 80, 베스트프라자 1층 104호 (장기동)","기쁨약국","031-989-4322","1900","0900","1900","0900","1900","0900","1900","0900","1900","0900","C2107426","100","88","2533","37.6389693982","126.674313001"
"서울특별시 노원구 노원로26길 181, 1층(상계동,청자빌딩)","상계역 3번출구 인근","기쁨약국","02-936-0222","2100","0900","2100","0900","2100","0900","2100","0900","2100","0900","1330","0900","C1102913","016","98","2534","37.6580792292666","127.071362904117"
"경기도 성남시 수정구 수정로 69, 대명빌딩 1층 일부호 (태평동)","기쁨약국","031-758-7582","2000","0900","2000","0900","2000","0900","2000","0900","2000","0900","C2108329","133","11","2535","37.4400775239286","127.128154946123"
"경기도 안성시 일죽면 주래본죽로 20,","기쁨약국","031-674-1366","1800","0900","1800","0900","1800","0900","1200","0900","1800","0900","1200","0900","C2101622","175","29","2536","37.0939451067","127.4767524357"
"경기도 광명시 오리로 1019 (광명동)","기쁨약국","02-2615-5566","1900","0800","1900","0800","1900","0800","1900","0800","1900","0800","1400","0800","C2108138","142","85","2537","37.4804805396783","126.849982843111"
"서울특별시 마포구 월드컵로 82, 1층 (서교동, 소단빌딩)","망원역 1번출구 바로앞","기쁨약국","02-333-5756","2000","0900","2000","0900","1900","0900","2000","0900","2000","0900","1400","0900","C1102921","039","96","2538","37.5562482025164","126.910256083852"
"서울특별시 강남구 개포로 228","21:30 마감할 수 있으니 전화확인 후 방문바랍니다.","포이사거리 인근/국민은행 맞은편건물","기쁨약국","02-574-1087","2200","0830","2200","0830","2200","0830","2200","0830","2200","0830","2200","0830","2200","1100","2200","1100","C1102095","063","08","2539","37.4786645607887","127.047717596057"
"서울특별시 송파구 위례광장로 200, 에스비트램스퀘어 101(일부),102호 (장지동)","위례동 주민센터 옆","기쁨약국","02-401-7560","2000","0900","2000","0900","2000","0900","2000","0900","2000","0900","1900","0900","C1107752","058","49","2540","37.4812117770773","127.142910913246"
"서울특별시 중구 충무로 48, 2층 (초동)","기쁨약국","02-2272-4590","1830","0830","1830","0830","1830","0830","1830","0830","1830","0830","1300","0830","C1108536","045","49","2541","37.5653760401311","126.992961493923"
"서울특별시 양천구 중앙로 265, 1층 (신정동)","신정네거리역 1번출구와 2번출구 사이","기쁨온누리약국","02-2696-6950","2030","0900","2030","0900","2030","0900","2030","0900","2030","0900","1400","0900","C1109134","080","73","2542","37.5199249230472","126.852698076028"
"경기도 용인시 기흥구 한보라1로 56, 108호 (보라동, 메디프라자)","나산초교,보라중맞은편","기쁨온누리약국","031-8005-6565","2100","0830","2100","0830","2100","0830","2100","0830","2100","0830","2100","0830","2200","1000","C2100465","170","80","2543","37.25060846952945","127.10784781746881"
"서울특별시 중구 다산로39길 17, 1층 (무학동)","","신당역 8번출구 중구보건소 맞은편","기쁨이 넘치는 약국","02-2236-7582","1830","0900","1830","0900","1830","0900","1830","0900","1830","0900","C1102490","046","11","2544","37.5643109505149","127.01499781242"
"서울특별시 강남구 광평로 281, 2층(수서동,수서빌딩)","기쁨주는약국","02-6181-3933","1900","0900","1900","0900","1900","0900","1900","0900","1900","0900","1430","0900","C1100048","063","49","2545","37.4881247193412","127.103147850146"
"경기도 화성시 우정읍 조암서로 1","일요일, 공휴일 방문 전 전화확인 필요","기산약국","031-358-8011","2000","0800","2000","0800","2000","0800","2000","0800","2000","0800","1930","0800","1900","1200","1900","1200","C2100787","185","68","2546","37.081616666666669","126.815650000000005"
"경기도 화성시 동탄지성로 320, 109호 (반월동, 신풍프라자)","기산온누리약국","031-225-2755","2000","0900","2000","0900","2000","0900","2000","0900","2000","0900","1600","0900","C2101568","183","85","2547","37.222111729036946","127.05107945236743"
"대전광역시 서구 벌곡로 653-1, (흑석동)","서구흑석4거리위치","기성약국","042-584-4618","1830","0830","1830","0830","1830","0830","1830","0830","1830","0830","1300","0830","C1600036","354","26","2548","36.25485842275786","127.34092166862214"
"인천광역시 미추홀구 낙섬중로 51, (용현동)","넷째주 공휴일만 운영","토지금고 농협(용남지점) 부근","기성약국","032-884-2691","2100","0900","2100","0900","2100","0900","2100","0900","2100","0900","2100","0900","1900","0900","C1400533","221","86","2549","37.45266426290566","126.63807079814317"
"경기도 성남시 중원구 광명로 17, 대동빌딩 1층 (성남동)","동 건물 3층에 내과, 이비인후과 진료합니다. 월~금 오전 9시~ 오후 6시 / 토요일 오전 9시~오후1시 / 공휴일은 쉽니다. 약국운영시간은 공지사항과 같습니다.","기승전휴베이스약국","031-752-1531","2100","0900","2100","0900","2100","0900","2100","0900","2100","0900","2100","0900","2100","1300","C2106696","133","55","2550","37.43339557008796","127.13105404337941"
"경기도 화성시 우정읍 기아자동차로 535, 101호","기아종합약국","031-358-7533","1800","0900","1800","0900","1800","0900","1800","0900","1800","0900","C2108671","185","69","2551","37.0633053692544","126.793452007531"
"부산광역시 동구 중앙대로 409, 디알라이프시티 1층 101호 (좌천동)","좌천 봉생병원 앞 디알라이프시티 오피스빌딩 1층","기약국","051-714-4961","1730","0830","1730","0830","1730","0830","1730","0830","1730","0830","C1202907","487","75","2552","35.1314105145312","129.050944409426"
"인천광역시 계양구 봉오대로477번길 19, 태산아파트 307호 (효성동)","효성동태산아파트상가2층","기약국","032-554-0090","1300","0900","1300","0900","1300","0900","1300","0900","1300","0900","1600","0900","C1400616","211","00","2553","37.529686135416156","126.70102579155662"
"강원특별자치도 원주시 지정면 신지정로 322-1, 센텀뷰 111호","기업도시여니약국","033-747-0206","2000","0830","1900","0830","1900","0830","2000","0830","1900","0830","1400","0830","C2201021","263","53","2554","37.38242567259591","127.87316843598845"
"서울특별시 용산구 대사관로31길 7-5","순천향대학교 서울병원 인근","기영약국","02-797-7770","1830","0830","1830","0830","1830","0830","1830","0830","1800","0830","1300","0900","C1102033","044","01","2555","37.5337616137802","127.00551843185325"
"경기도 성남시 수정구 시민로205번길 28-1, 1층 (태평동)","기운찬약국","031-757-7280","1800","1000","1800","1000","1800","1000","1800","1000","1800","1000","C2108424","132","89","2556","37.4454229636612","127.138466716512"
"경기도 광명시 광명로 907, 광명빌딩 (광명동)","기운찬판도라약국","02-2060-6672","2100","0830","2100","0830","2100","0830","2100","0830","2100","0830","1800","0830","1800","1000","C2107494","142","02","2557","37.4799211313","126.8543253238"
"경기도 안양시 동안구 시민대로327번길 6, 111호 (관양동, W에이스타워)","기원약국","031-454-9902","2030","0900","2030","0900","2030","0900","2030","0900","2030","0900","1700","0900","C2102227","140","55","2558","37.3966479641","126.9669645028"
"부산광역시 기장군 기장읍 읍내로 116, 1층","버스정류장: 기장시장 맞은편서점안경옆","기장메디칼약국","051-723-2080","1900","0900","1900","0900","1900","0900","1900","0900","1900","0900","1400","0900","C1200815","460","65","2559","35.24487692690797","129.21706102400475"
"경기도 부천시 송내대로 38, 1층 (송내동)","공휴일 유동적","부천 송내역 남부역광장","기준약국","032-613-1459","1400","1000","1400","1000","1400","1000","1400","1000","1400","1000","1500","1000","C2100374","147","20","2560","37.48702377256247","126.7538150436456"
"서울특별시 중구 다산로40길 56, 1층 (신당동)","신당역 4번 출구 인근","기풍약국","02-2252-0450","1900","0900","1900","0900","1900","0900","1900","0900","1900","0900","1300","0900","C1102056","045","85","2561","37.56321609623501","127.01911130570531"
"서울특별시 광진구 군자로 25, (화양동)","운영시간 변동 가능성 있으니 전화 확인 필수","기호약국","02-463-8050","2200","1000","2200","1000","2200","1000","2200","1000","2200","1000","2200","1000","C1102058","050","12","2562","37.54548513807027","127.070658864866"
"경기도 용인시 기흥구 구성로 111, 채러티디벨로퍼(주) 105호 (언남동)","기흥서울약국","031-548-1421","2000","0830","2000","0830","2000","0830","2000","0830","2000","0830","C2108227","169","18","2563","37.2933666520894","127.121470688063"
"전북특별자치도 남원시 동문로 14-1","서복주내과 옆","길남약국","063-633-3868","1700","0900","1700","0900","1700","0900","1700","0900","1700","0900","C2500307","557","72","2564","35.40682589497071","127.3859986458343"
"서울특별시 강동구 양재대로 1478 (길동)","길동역 3번 출구","길동보룡약국","02-477-4114","2300","0800","2300","0800","2300","0800","2300","0800","2300","0800","2300","0800","2200","0900","2200","0900","C1103018","053","51","2565","37.537620390630934","127.14020533908376"
"서울특별시 강동구 천호대로 1123","강동역 2번 출구","길동수약국","02-477-9011","1830","0900","1830","0900","1830","0900","1830","0900","1830","0900","1500","0900","C1104314","053","55","2566","37.53497351584958","127.136520429483"
"서울특별시 강동구 양재대로 1498, 호석빌딩 1층 (길동)","길동스타약국","02-6272-7229","2000","0900","1900","0900","1900","0900","1900","0900","2000","0900","1400","0900","C1107804","053","43","2567","37.53928423969381","127.14083360177233"
"서울특별시 강동구 천호대로 1131, 거산 유팰리스 1층 105호 (길동)","길동온누리약국","02-477-7306","1930","0900","1930","0900","1930","0900","1930","0900","1930","0900","1400","0900","C1109601","053","55","2568","37.53481946081855","127.1372838577973"
"서울특별시 강동구 양재대로 1477, 삼환빌딩 1층 2호 (길동)","길동일번약국","02-486-8448","1900","0830","2000","0830","1900","0830","2000","0830","1900","0830","1430","0830","C1109758","053","53","2569","37.537792243813016","127.13964558526068"
"인천광역시 중구 큰우물로 22-1, (용동)","동인천길병원","길메디칼약국","032-772-6222","1900","0800","1900","0800","1900","0800","1900","0800","1900","0800","1700","0800","C1400240","223","18","2570","37.47387945803508","126.6316829603518"
"인천광역시 부평구 길주남로101번길 4-20 (부개동)","부개3동 동사무소 옆","길목약국","032-512-0008","1800","0900","1800","0900","1800","0900","1800","0900","1800","0900","1300","0900","C1400275","213","51","2571","37.5045002791457","126.73414680258665"
"경기도 화성시 정남면 발안로 1147, 근형 심포니 아파트","길약국","031-372-4655","2100","1100","2100","1100","2100","1100","2100","1100","2100","1100","2100","0900","C2103530","185","15","2572","37.13369994363192","127.02819856681234"
"전라남도 고흥군 고흥읍 터미널길 3","길약국","061-834-1994","2000","0800","2000","0800","2000","0800","2000","0800","2000","0800","1400","0800","C2601191","595","43","2573","34.6054118308842","127.28114668847294"
"부산광역시 기장군 기장읍 대청로35번길 66 (기장읍)","버스정류장: 기장 1주공아파트 옆 기장탕 근처","길약국","051-722-0665","1900","0840","1900","0840","1900","0840","1900","0840","1900","0840","1900","0840","2100","1300","2100","0830","C1200446","460","70","2574","35.240797234108705","129.21437621462155"
"전라남도 광양시 중마중앙로 71-1, 1층 북동쪽 일부호 (중동)","길약국","061-794-7292","1840","0840","1840","0840","1840","0840","1840","0840","1840","0840","1230","0840","C2601157","577","88","2575","34.9366544758","127.6977202691"
"대전광역시 동구 대전로 619, 1층 (효동)","길약국","042-284-7416","1830","0830","1830","0830","1830","0830","1830","0830","1830","0830","1400","0830","C1601286","346","34","2576","36.3158659525654","127.439992947934"
"경상북도 구미시 구미중앙로 144, 1층 (원평동)","희망약국(X) ->'길약국'으로 명칭 변경 됨","길약국","054-457-1549","1900","0830","1900","0830","1900","0830","1900","0830","1900","0830","1400","0830","1400","0830","C2700033","392","28","2577","36.126119324063595","128.33745379903908"
"광주광역시 서구 하남대로 706, 제일메디프라자 101호 (동천동)","길약국","062-515-8897","2000","0900","2000","0900","2000","0900","2000","0900","2000","0900","1600","0900","C1501352","619","03","2578","35.171341101001","126.869921451201"
"경상남도 창원시 의창구 용동로 45, 현대썬앤빌 A동 107호 (사림동)","길약국","055-286-9779","1800","0900","1800","0900","1800","0900","1800","0900","1800","0900","1300","0900","C2802181","511","39","2579","35.236930070332185","128.69785929629043"
"서울특별시 강서구 곰달래로 260 (화곡동, 피앤와이빌딩)","길약국","02-2653-6008","1830","0900","1830","0900","1830","0900","1830","0900","1830","0900","1300","0900","C1104672","077","85","2580","37.53205002801902","126.86176520317673"
"경기도 수원시 팔달구 세지로 411, 101호 (우만동)","우만동못골4거리","길약국","031-245-5599","2000","0800","2000","0800","2000","0800","2000","0800","2000","0800","1600","0800","C2103812","162","35","2581","37.28509434738219","127.0282111214902"
"서울 노원구 상계로 306 (상계동)","매달 1번째 토요일 정기 휴무","당고개역 1번 출구 바로 앞","길약국","02-3392-3707","1830","0900","1830","0900","1830","0900","1830","0900","1830","0900","1300","0900","1300","0900","C1104834","016","37","2582","37.670354310382535","127.07962386862548"
"서울특별시 강동구 천호대로177길 10 (길동)","길동사거리","길약국","02-470-7533","2030","0800","2030","0800","2030","0800","2030","0800","2030","0800","1530","0800","C1104569","053","55","2583","37.5349541500277","127.137602373982"
"경기도 의정부시 가능로159번길 79, 101호 (의정부동,한신그랑빌)","길약국","031-846-2781","1900","0900","1900","0900","1900","0900","1900","0900","1900","0900","1400","0900","C2102669","116","86","2584","37.749386973507285","127.04538270842832"
"경기도 안양시 동안구 비산로 21, 자이파크몰 1층 102호 (비산동)","길약국","031-443-4874","1800","0900","1800","0900","1800","0900","1800","0900","1800","0900","1300","0900","C2109243","139","25","2585","37.4000315000873","126.932631077137"
"서울특별시 성북구 길음로 11, 1층 139호 (길음동, 길음역롯데캐슬트윈골드아파트)","길음드림약국","02-942-8333","1900","0900","1900","0900","1900","0900","1900","0900","1900","0900","1400","0900","C1110210","027","22","2586","37.60386139523096","127.02335146179023"
"서울특별시 성북구 길음로 2, 1층 (길음동)","길음역 7번 출구 바로 앞","길음메디칼약국","02-915-5777","1930","0900","1930","0900","1930","0900","1930","0900","1930","0900","1400","0900","C1103339","027","25","2587","37.60431385002825","127.02478701333979"
"서울특별시 성북구 길음로 11, 217호 (길음동, 길음역롯데캐슬트윈골드아파트)","길음사랑약국","02-941-5893","2000","0830","2000","0830","2000","0830","2000","0830","2000","0830","1600","0830","C1110616","027","22","2588","37.60364065319727","127.02334856163183"
"서울특별시 성북구 길음로9길 50, 101호 (길음동, 길음뉴타운)","길음뉴타운 9단지 상가 101호","길음시장약국","070-4402-4565","1900","0830","1900","0830","1900","0830","1900","0830","1900","0830","1300","0830","C1103848","027","21","2589","37.60282368844476","127.0195885693744"
"서울특별시 성북구 길음로 11, 1층 159호 (길음동, 길음역롯데캐슬트윈골드아파트)","길음역온누리약국","02-909-1181","2100","0930","2100","0930","2100","0930","2100","0930","2100","0930","1600","0930","1700","1000","C1110211","027","22","2590","37.6040887864364","127.02389511849586"
"서울특별시 성북구 길음로 11, 208호 (길음동, 길음역롯데캐슬트윈골드아파트)","길음튼튼약국","02-942-2589","2000","0900","2000","0900","2000","0900","2000","0900","2000","0900","1500","0900","C1110666","027","22","2591","37.603785604914","127.023437392228"
"서울특별시 성북구 길음로 11, 근린생활시설동 2층 232,233호 (길음동, 길음역롯데캐슬트윈골드아파트)","길음힘찬약국","02-910-7582","2000","0900","2000","0900","2000","0900","2000","0900","2000","0900","1400","0900","C1110212","027","22","2592","37.603785604914","127.023437392228"
"인천광역시 미추홀구 인주대로 261","용남시장(용일초등학교) 건너편.","길정약국","032-862-1069","1700","0830","1700","0830","1700","0830","1700","0830","1700","0830","1700","0900","C1400513","221","57","2593","37.45298187947339","126.66598104672784"
"대전광역시 중구 계룡로 852","길조약국","042-522-2440","1900","0800","1900","0800","1900","0800","1900","0800","1900","0800","1500","0800","C1600381","349","07","2594","36.32417843607786","127.40666600542606"
"대전광역시 서구 도안남로 148, 101호 (관저동, 봉우타워)","길조온누리약국","042-544-2440","1900","0900","1900","0900","1900","0900","1900","0900","1900","0900","1330","0900","C1600563","353","63","2595","36.30427395433035","127.33659872429976"
"경기도 성남시 수정구 수정로 115-1 (태평동)","성남중앙시장근처","김구약국","031-753-9828","2100","0900","2100","0900","2100","0900","2100","0900","2100","0900","1700","0900","2000","0900","C2103778","133","05","2596","37.44157432570901","127.13327138758655"
"제주특별자치도 제주시 구좌읍 김녕로 114","김녕초등학교 앞","김녕약국","064-783-8623","1830","0800","1830","0800","1830","0800","1830","0800","1830","0800","1200","0800","C2900154","633","57","2597","33.55455535850815","126.75021492801767"
"대전광역시 대덕구 신탄진로 814","김명관약국","042-933-2422","2100","0830","2100","0830","2100","0830","2100","0830","2100","0830","1500","0830","C1600195","343","11","2598","36.45009616637615","127.42936114601503"
"광주광역시 광산구 내상로 16, (송정동)","광산구송정2동호산내과옆(롯데리아송정점앞)","김명민약국","062-944-0887","1900","0830","1900","0830","1900","0830","1900","0830","1900","0830","1400","0830","C1500126","624","30","2599","35.1401630272","126.7953524632"
"강원특별자치도 강릉시 사천면 방동길 31","일요일 공휴일 유동적 운영 전화후방문필요","교1동 택지 대륙사우나 건물 1층","김박사약국","033-642-9097","1830","0900","1830","0900","1830","0900","1830","0900","1830","0900","1830","0900","C2200409","254","40","2600","37.7625654435","128.8756574194"
"서울특별시 강서구 공항대로 206, 나인스퀘어 111호 (마곡동)","마곡역 4번 출구","김비타약국","02-6952-0724","2100","1000","1900","1000","1900","1000","1900","1000","2100","1000","1440","0930","C1108535","078","06","2601","37.55886076346811","126.83013325116114"
"강원특별자치도 홍천군 영귀미면 공작산로 480","목요일은 운영 안함, 공휴일과 목요일이 겹치는 날도 운영하지 않음","김순한약국","033-436-1914","2000","0900","2000","0900","2000","0900","2000","0900","2000","0900","2000","0900","C2201137","251","54","2602","37.677897270856","127.932998478362"
"서울특별시 양천구 지양로 75","일요일은 셋째, 넷째 주만 영업","신월7동 주민센터 인근","김약국","02-2603-4285","2100","0900","2100","0900","2100","0900","2100","0900","2100","0900","2000","0900","1900","1000","C1104528","080","37","2603","37.5222398365195","126.83341769332685"
"울산광역시 울주군 언양읍 헌양길 78","언양 기와집불고기 옆, 파리바게트 사거리 위치. 평일 주차 15분 가능, 주말 및 공휴일 주차 가능. 다솜의원(가정의학과), 탑치과, 구호성내과, 백인정형외과, 속건간내과(가정의학과) 등 모든 병의원 처방조제 가능합니다.","파리바게트 맞은편","김약국","052-262-1156","1930","0830","1930","0830","1930","0830","1930","0830","1930","0830","1900","0830","C1700327","449","42","2604","35.565047222222219","129.122622222222219"
"서울 영등포구 대림로22길 37 (대림동)","김약국","02-835-7729","1700","0900","1700","0900","1700","0900","1700","0900","1700","0900","1300","0900","C1110863","074","23","2605","37.4955642864471","126.904289331615"
"충청남도 서천군 비인면 비인로 207-2,","점심시간은 12시 40분 - 1시 20분까지입니다.","농협하나로마트 옆","김약국","041-952-3959","1740","0830","1740","0830","1740","0830","1740","0830","1740","0830","1240","0830","C2400530","336","08","2606","36.14232408454244","126.5997228035009"
"경상남도 창녕군 남지읍 동포로 13 (남지읍)","2째주 일요일만 운영(전화확인)","SK흥국주유소 맞은편","김약국","055-526-5362","1800","0900","1800","0900","1800","0900","1800","0900","1800","0900","1400","0900","1400","1000","C2800218","503","58","2607","35.3903891488947","128.4815091870913"
"경상남도 창원시 진해구 제황로80번길 2, 1층 (충무동)","진해메디컬 건너편","김약국","055-546-1016","1830","0830","1830","0830","1830","0830","1830","0830","1830","0830","1330","0830","C2800790","516","85","2608","35.15189004868987","128.6666836434076"
"전북특별자치도 진안군 진안읍 진무로 1111,","우체국건너편","김약국","063-433-2609","1800","0800","1800","0800","1800","0800","1800","0800","1800","0800","1500","0800","C2500612","554","30","2609","35.79220736624923","127.42999941079981"
"충청남도 보령시 중앙시장3길 4, (대천동)","송민영외과 맞은편","김약국","041-935-3965","1800","0900","1800","0900","1800","0900","1800","0900","1800","0900","1400","0900","C2400468","334","55","2610","36.35064769","126.5925273538"
"충청북도 옥천군 옥천읍 삼금로 33-1","구)늘푸른약국","김약국","043-733-4566","1830","0800","1830","0800","1830","0800","1830","0800","1830","0800","1430","0800","C2300950","290","38","2611","36.30144243045739","127.5676925268752"
"광주광역시 서구 화정로244번길 1 (화정동)","김약국","062-955-2705","1900","0830","1900","0830","1900","0830","1900","0830","1900","0830","1330","0830","C1500996","620","47","2612","35.147026045269605","126.88394791584731"
"충청남도 아산시 배방읍 배방로 267, 1층","김약국","0415457379","1930","0830","1930","0830","1930","0830","1930","0830","1930","0830","1800","0900","1800","1100","C2401829","314","94","2613","36.7715796295084","127.075944670872"
"경상남도 거제시 거제중앙로 1878-1, 104호 (고현동, 제원빌딩)","공휴일은 전화문의 후 방문","고현 재래시장 부근","김약국","055-632-1194","2000","0900","2000","0900","2000","0900","2000","0900","2000","0900","1800","0900","1800","0900","C2800871","532","55","2614","34.88597194479411","128.62460684990833"
"경상남도 진주시 진주대로 1184 (봉곡동)","일요일은 약간 변동이 생길 수 있으니 필히 전화통화 요함","봉안사거리","김약국","055-746-0127","1800","0900","1800","0900","1800","0900","1800","0900","1800","0900","1300","0900","C2801711","526","63","2615","35.19506176992678","128.07369039969657"
"경상남도 통영시 무전대로 41, 1층 (무전동)","김약국","055-646-6100","1800","0900","1800","0900","1800","0900","1800","0900","1800","0900","1300","0900","C2802061","530","36","2616","34.86040400949353","128.42519597962217"
"경상남도 창원시 마산합포구 진동면 삼진의거대로 634, 김약국","면사무소 부근","김약국","055-271-4427","2000","0800","2000","0800","2000","0800","2000","0800","2000","0800","1600","0800","C2800843","517","92","2617","35.115465297","128.4872924529"
"경상북도 영주시 중앙로 135, 1층 (영주동)","김약국","054-631-7222","1800","0830","1800","0830","1800","0830","1800","0830","1800","0830","1230","0830","C2701482","360","74","2618","36.8260060349","128.6256096789"
"대구광역시 동구 장등로 20, 2층 (신천동)","김약국","053-256-2229","1800","0900","1800","0900","1800","0900","1800","0900","1800","0900","1300","0900","C1300468","412","61","2619","35.871996038137674","128.6040992728759"
"강원특별자치도 동해시 충혼길 41, 1층 (천곡동)","김약국","033-535-7010","1800","0830","1800","0830","1800","0830","1800","0830","1800","0830","1300","0830","C2200348","257","75","2620","37.51761796874725","129.1158896647196"
"강원특별자치도 원주시 남원로 671, (명륜동)","2층 비뇨기과 요로결석 응급환자 있을 시 토，일，공휴일 관계없이 24시간 출근 ／ 마감시간 유동(＋－30분)","롯데리아 남부점 옆","김약국","033-763-2315","1840","0830","1840","0830","1840","0830","1840","0830","1840","0830","1430","0830","C2200306","264","41","2621","37.342472222222220","127.954391666666666"
"전라남도 담양군 담양읍 천변7길 26","매주 마지막주 토요일 휴무","김약국","061-383-8222","1900","0830","1900","0830","1900","0830","1900","0830","1900","0830","1400","0830","C2601276","573","43","2622","35.314983840793","126.983191544138"
"강원특별자치도 영월군 영월읍 중앙1로 32","김약국","033-374-3227","1800","0830","1800","0830","1800","0830","1800","0830","1800","0830","1300","0830","C2200588","262","33","2623","37.183971253672304","128.46594843536582"
"전라남도 함평군 함평읍 서부길 94-6","매월 마지막 주 토요일 휴무","김약국","061-322-8277","1730","0800","1730","0800","1730","0800","1730","0800","1730","0800","1200","0800","C2601283","571","53","2624","35.0623615914832","126.5206652796"
"인천광역시 남동구 인하로507번길 4, 101호 김약국 (구월동)","인천터미널역2번출구","김약국","032-427-9932","1900","0900","1900","0900","1900","0900","1900","0900","1900","0900","1630","0900","C1400682","215","74","2625","37.44347524887011","126.7031963281801"
"세종특별자치시 조치원읍 조치원로 26","조치원읍 원리 / 조치원역에서청주방향신한은행옆","김약국","044-865-5331","1900","0900","1900","0900","1900","0900","1900","0900","1900","0900","1400","0900","C1800038","300","27","2626","36.60131587997279","127.29957185458235"
"부산광역시 사하구 다대로 247(장림동)","버스정류장: 장림삼거리","김약국","051-263-1121","1930","0900","1930","0900","1930","0900","1930","0900","1930","0900","1300","0900","C1200527","495","09","2627","35.08032504060914","128.97755319042594"
"경기도 여주시 세종로45번길 5, 1층 (홍문동)","김약국","031-886-7653","1830","0900","1830","0900","1830","0900","1830","0900","1830","0900","1300","0900","C2101800","126","28","2628","37.2934405136","127.6360919884"
"경기도 부천시 호현로 444 (소사본동)","소사본1동사무소앞","김약국","032-349-2177","2100","0900","2100","0900","2100","0900","2100","0900","2100","0900","2000","0900","C2100274","147","07","2629","37.477320813509614","126.79278308919637"
"서울특별시 노원구 섬밭로 258, 건영옴니백화점 5층 (중계동)","김약국","02-977-7408","1830","0900","1830","0900","1830","0900","1830","0900","1830","0900","1400","0900","C1109458","017","79","2630","37.63890555938719","127.06485282139303"
"경기도 광명시 광명로 963 (광명동)","김약국","02-2618-8288","1700","0900","1700","0900","1700","0900","1700","0900","1700","0900","C2100077","142","00","2631","37.48466651835901","126.85635130600907"
"경기도 남양주시 화도읍 마석중앙로 60","화도읍창현리마석시내구파출소오거리코너","김약국","031-594-2961","1900","0830","1900","0900","1900","0900","1900","0900","1900","0900","1500","0830","1300","0900","C2102564","121","79","2632","37.65244496981277","127.30632395617789"
"대전광역시 유성구 봉산로 27, 송강프라자 2층 209(일부)호 (송강동)","김약국","042-933-7983","1800","0900","1800","0900","1800","0900","1800","0900","1800","0900","1300","0900","C1601333","340","08","2633","36.4359149936794","127.386470431803"
"경기도 의정부시 평화로 152, 1층(호원동)","김약국","031-871-9557","1800","0900","1800","0900","1800","0900","1800","0900","1800","0900","1600","0900","C2103577","117","15","2634","37.70538956083401","127.0483496323173"
"경기도 군포시 광정로 58, 101호 (산본동, 신산본빌딩)","산본역6단지방향sk주유소옆건물","김온누리약국","031-395-4805","0930","0900","0930","0900","0930","0900","0930","0900","0930","0900","2000","1000","C2101941","158","65","2635","37.35852071136192","126.93086115650098"
"경상북도 구미시 송동로 81 (도량동)","구미시 도량2동에 있는 김온누리약국입니다. 권소아청소년과 1층,구미 연합속내과 옆 건물에 위치하고 있습니다 처방조제 뿐 아니라 건강에 도움을 주는 많은 제품을 구비하고 있으니 애용해 주세요^^ (글루콤,셀티아이(쎌티아이),리퀴드씨엠,경옥고,듀오락,헤모마임,인태반,잘크톤,비타민하우스,글루타치온..)","김온누리약국","054-442-6567","1800","0750","1800","0750","1800","0750","1800","0750","1800","0750","1330","0750","1210","0830","C2700981","392","00","2636","36.139975619297964","128.3232638258883"
"인천광역시 미추홀구 미추홀대로 584","주안신기시장4거리에서 주안역쪽 방향으로 우측 50m에 위치.","김재준약국","032-432-4320","1900","0900","1900","0900","1900","0900","1900","0900","1900","0900","1400","0900","C1400204","222","27","2637","37.44939164949268","126.68001508920989"
"대구광역시 동구 율하동로 137","김정희약국","053-961-2456","1830","0830","1830","0830","1830","0830","1830","0830","1830","0830","1300","0830","C1300765","411","10","2638","35.8718583458269","128.70243826905303"
"전북특별자치도 김제시 동서로 135","0603 전화번호 수정(063-547-5808 -> 070-8875-5808)","부안가는길에 서기석이비인후과 맞은편.","김제백제약국","070-8875-5808","1800","0900","1800","0900","1800","0900","1800","0900","1800","0900","1300","0900","C2500167","543","89","2639","35.798009462197925","126.88389757893317"
"전북특별자치도 김제시 동서로 259, (요촌동)","김제터미널부근 참좋은내과 옆에 위치.","김제세계로약국","063-547-4490","1900","0900","1900","0900","1900","0900","1900","0900","1900","0900","1700","0900","C2500183","543","79","2640","35.80415681221838","126.895327953934"
"대전광역시 대덕구 신탄진로218번길 32","김종삼약국","042-637-1907","2000","0830","2000","0830","2000","0830","2000","0830","2000","0830","1300","0830","1300","0830","C1600568","343","46","2641","36.400702214632744","127.42424331581006"
"경상북도 김천시 신음1길 6-3","약국","제일병원옆","김천하나약국","054-437-3372","1900","0830","1900","0830","1900","0830","1900","0830","1900","0830","1800","0830","1800","1300","C2700419","395","44","2642","36.13509266824031","128.11806991731746"
"경기도 김포시 김포한강4로 119, 102호 (장기동, 승문프라자)","김포광장약국","031-986-8558","2100","0900","2100","0900","2100","0900","2100","0900","2100","0900","C2107232","100","83","2643","37.6443281874","126.6677630882"
"경기도 김포시 김포한강7로 71, 2층 (구래동, 이마트김포한강점)","이마트 김포한강점 휴점일 휴무 설, 추석 명절 당일 14:00-21:00 운영","이마트김포한강점 2층","김포도담약국","031-987-5936","2200","1000","2200","1000","2200","1000","2200","1000","2200","1000","2200","1000","2200","1000","2200","1000","C2106607","100","71","2644","37.64434015222817","126.62828668838168"
"경기도 김포시 김포대로 859, 하나메디칼센타 101호 (사우동)","사우동사거리 하나은행 건물에서 강화방향 (하나메디칼센터빌딩 1층)","김포세계로약국","031-989-9216","2000","0900","2000","0900","2000","0900","2000","0900","2000","0900","1630","0900","1700","1000","1300","0900","C2100212","101","08","2645","37.620385657029665","126.7184022780369"
"경기도 김포시 북변중로 70","김포경찰서 맞은편 건물 1층","김포약국","031-984-2029","2000","0900","2000","0900","2000","0900","2000","0900","2000","0900","1600","0900","C2100275","100","98","2646","37.62708934248557","126.70951078753535"
"경기도 김포시 봉화로182번길 28 (북변동)","북변동 서초등학교 옆 . 농협 중앙회 옆.","김포종로약국","031-983-8800","2100","0900","2100","0900","2100","0900","2100","0900","2100","0900","2100","0900","2100","0900","C2100407","101","01","2647","37.62879245432524","126.70321314903552"
"경기도 김포시 김포한강4로 543, 지오프라자 106호 (구래동)","김포현대약국","031-985-6985","1800","1000","1800","1000","1800","1000","1800","1000","1800","1000","C2108320","100","71","2648","37.6453256320087","126.623566311565"
"경기도 김포시 중봉로 14, 홈플러스 김포점 지하 1층 (감정동)","2,4번째 수요일 휴무(홈플러스 휴무일)","삼성홈플러스김포감정점지하1층","김포홈플러스약국","031-996-1363","2200","1000","2200","1000","2200","1000","2200","1000","2200","1000","2200","1000","2200","1000","2200","1000","C2100408","101","02","2649","37.62386147615602","126.69863372441081"
"대구광역시 달성군 다사읍 왕선로 12, 1층","김하나약국","053-218-8911","1900","0900","1900","0900","1900","0900","1900","0900","1900","0900","C1301742","429","14","2650","35.8603608604887","128.4639516745351"
"경상남도 김해시 김해대로 2333 (부원동)","공휴일 운영은 전화 확인 필요함","김해삼성병원앞","김해123약국","055-334-3401","1830","0830","1830","0830","1830","0830","1830","0830","1830","0830","1330","0830","1330","0830","C2800375","509","26","2651","35.226581070400286","128.88206811414264"
"경상남도 김해시 인제로 166 (어방동)","부산은행","김해김약국","055-314-7088","1800","0900","1800","0900","1800","0900","1800","0900","1800","0900","1300","0900","C2800352","621","170","2652","35.24340025704349","128.9042157615161"
"경상남도 김해시 가락로 26 (부원동)","김해녹십자약국","055-327-7521","2100","0900","2100","0900","2100","0900","2100","0900","2100","0900","2000","0900","C2801686","509","25","2653","35.22870360315061","128.8825740374428"
"경상남도 김해시 가락로 6-1","일요일, 공휴일은 전화확인 후 방문","일요일, 공휴일 전화 확인 요망","부원동새벽시장입구","김해세명약국","055-333-7676","2000","0830","2000","0830","2000","0830","2000","0830","2000","0830","2000","0830","2000","0830","2000","0830","C2800306","509","25","2654","35.22714415863223","128.8827912634053"
"경상남도 김해시 가락로 42, 1층 (부원동)","김해수 온누리약국","055-311-1560","1800","0900","1800","0900","1800","0900","1800","0900","1800","0900","1400","0900","C2802011","509","21","2655","35.2302954554","128.8824350913"
"서울특별시 종로구 종로 206, (종로5가)","종로5가역 8번 출구","김해약국","02-2267-1551","1900","0900","1900","0900","1900","0900","1900","0900","1900","0900","1900","0900","C1103715","031","95","2656","37.57071617956373","127.00063390016852"
"경상남도 김해시 인제로 180","김해약국","055-327-6688","1830","0900","1830","0900","1830","0900","1830","0900","1830","0900","1300","0930","C2801814","508","19","2657","35.244572482296974","128.9041728564223"
"경상남도 김해시 김해대로 2377, 1층 (부원동)","김해제일큰약국","055-339-0215","2200","0900","2200","0900","2200","0900","2200","0900","2200","0900","2200","0900","2200","0900","C2802425","509","24","2658","35.2270283695574","128.886677909928"
"경상남도 김해시 분성로529번길 21-1","김해중앙약국","055-313-4468","1830","0900","1830","0900","1830","0900","1830","0900","1830","0900","1400","0900","C2801865","508","44","2659","35.2375777921","128.9035831199"
"경상남도 김해시 분성로627번길 16-13, 102호 (안동)","김해푸른약국","055-902-2277","1930","0900","1930","0900","1930","0900","1930","0900","1930","0900","1330","0900","C2802443","508","25","2660","35.2371660740748","128.915122466071"
"경기도 여주시 도예로 56 (현암동)","김형근토야약국","031-886-8558","1900","0900","1900","0900","1900","0900","1900","0900","1900","0900","1230","0900","C2100839","126","39","2661","37.307980764188564","127.64250869210883"
"서울특별시 강서구 강서로18길 26, 1층 103호 (화곡동)","토요일은 시간변동 가능성 있습니다.","까치산메가약국","02-2694-7732","1900","0830","1900","0830","1900","0830","1900","0830","1900","0830","1700","0830","C1109916","077","56","2662","37.5338767243643","126.847150054804"
"경기도 부천시 삼작로 485 (작동)","성곡중학교근처소신운수차고지옆","까치울약국","032-677-6712","1900","0900","1900","0900","1900","0900","1900","0900","1900","0900","1300","0900","C2100460","421","824","2663","37.518815444315614","126.81545033119255"
"서울특별시 강서구 강서로 52, 104,105호(화곡동,화곡판타지아빌딩)","-매달 1,2,4번째 일요일 휴무 -5주 일요일 운영 문의는 전화로 연락바람","까치산역 1번 출구 바로 앞","까치프라자약국","02-2604-3005","2100","0900","2100","0900","2100","0900","2100","0900","2100","0900","1700","0900","1630","0900","C1102002","077","57","2664","37.53247728138732","126.84658687871388"
"서울특별시 강서구 강서로16길 1, 1층 (화곡동)","까치햇살약국","02-2602-8987","2030","0900","2000","0900","2000","0900","2000","0900","2000","0900","2000","0900","2000","1000","2000","1000","C1110390","077","56","2665","37.53267540904766","126.84651576111456"
"경기도 광주시 광주대로 52, 1층 101호 (경안동)","꼼꼼약국","031-763-1077","1800","0900","1800","0900","1800","0900","1800","0900","1800","0900","1300","0900","C2109503","127","57","2666","37.4113040640469","127.260828725705"
"인천광역시 남동구 소래역남로 20 (논현동)","꽃길 약국 입니다.","꽃길약국","032-428-0858","2100","0900","2100","0900","2100","0900","2100","0900","2100","0900","2100","0900","C1401723","216","74","2667","37.3980958311","126.7347444504"
"경기도 양평군 양평읍 시민로20번길 2, MH","꽃길약국","031-771-2243","1900","0900","1900","0900","1900","0900","1900","0900","1900","0900","1500","0900","C2108742","125","62","2668","37.4895634790988","127.493840679674"
"서울특별시 중랑구 겸재로 181, 1층 (면목동)","면목역 2번 출구 맞은편","꽃길약국","02-2208-7746","2100","0900","2100","0900","2100","0900","2100","0900","2100","0900","1800","0900","C1109017","021","61","2669","37.58871472725699","127.08772006089254"
"서울특별시 은평구 통일로77길 17, 201호 (대조동)","꽃내음약국","02-3158-3603","1700","0900","1700","0900","1700","0900","1700","0900","1700","0900","C1110385","033","86","2670","37.61593556114876","126.92139694719609"
"인천광역시 부평구 동수로 57-1 (부평동)","대체공휴일 휴무","꽃님이약국","인천성모병원 맞은편 건물 1층.","꽃님이약국","032-522-4300","1800","0830","1800","0830","1800","0830","1800","0830","1800","0830","1300","0830","C1400884","214","25","2671","37.485514995552634","126.72499683331875"
"경기도 하남시 덕풍북로 70, 1층 106호 (덕풍동, 휴먼시아 꽃뫼마을)","꽃뫼약국","0317960994","1900","0900","1900","0900","1900","0900","1900","0900","1900","0900","1400","0900","C2103903","129","31","2672","37.55257156718449","127.19939819070403"
"울산광역시 동구 문현로 40-1 (방어동)","파리바게트 맞은편","꽃바위약국","052-201-4455","1830","0900","1830","0900","1830","0900","1830","0900","1830","0900","1300","0900","C1700018","440","93","2673","35.48487081646192","129.4132158493522"
"경기 고양시 덕양구 화신로 263 107호 (화정동)","꽃우물약국","031-978-6727","1800","0900","1800","0900","1800","0900","1800","0900","1800","0900","1300","0900","C2109847","105","03","2674","37.6304520761468","126.832048913118"
"경기도 고양시 덕양구 화신로 263, 브릿지타워(BRIDGE TOWER) 107호 (화정동)","공휴일 방문 시 유선 연락 요망","롯데마트 화정점 바로 옆 베스킨라빈스 건물","꽃우물약국","031-978-6727","2000","0830","2000","0830","2000","0830","2000","0830","2000","0830","1500","0830","1300","0900","C2103822","105","03","2675","37.63239695433007","126.83079700944326"
"경기도 성남시 분당구 성남대로926번길 6, 116호 (야탑동, 대덕프라자)","야탑역 1번출구 분당베스트병원 건물 1층","꽃피는약국","031-709-1905","2030","0900","2030","0900","2030","0900","2030","0900","2030","0900","1600","0900","1230","0900","C2100154","135","06","2676","37.41221260326653","127.12965051977284"
"경기도 평택시 송탄로40번길 79-16, 103호 (이충동)","꽃피는약국","031-665-3213","2200","0830","2200","0830","2200","0830","2200","0830","2200","0830","2200","0830","2200","0830","2200","0830","C2103196","177","85","2677","37.05208358364289","127.0573181661128"
"서울특별시 중구 을지로5길 26, 미래에셋 센터원(Mirae Asset CENTER1) 지하1층 (수하동)","꽃피는온누리약국","02-6324-7575","1900","0900","1900","0900","1900","0900","1900","0900","1900","0900","C1109453","045","39","2678","37.56728244232137","126.98505592363242"
"경상북도 경산시 성동로 8, 1층 (정평동)","꿀단지약국","053-812-7162","1930","0900","1930","0900","1930","0900","1930","0900","1930","0900","1330","0900","1330","0900","1330","0900","C2701726","386","53","2679","35.8354105757556","128.725884619445"
"광주광역시 광산구 내상로 23, 102호 (송정동)","꿀단지약국","062-943-5999","1800","0730","1800","0730","1300","0730","1800","0730","1800","0730","1300","0730","C1501372","624","28","2680","35.1397175399482","126.796241182668"
"경상남도 김해시 내외로 79","■ 토요일, 공휴일 전화 확인 요망","내동소방서옆","꿀벌약국","055-326-4832","1900","0900","1900","0900","1900","0900","1900","0900","1900","0900","1500","0900","1300","0900","C2800831","509","48","2681","35.234816294028334","128.8659392195462"
"대구광역시 동구 효목로 39-1, 1층 (효목동)","꿀약국","053-741-1270","1900","0900","1900","0900","1900","0900","1900","0900","1900","0900","1400","0900","C1301657","412","37","2682","35.8770066083367","128.639469505011"
"서울특별시 동작구 양녕로 186, 1층 (상도동)","휴게시간 13:15~13:45","신상도초등학교 인근","꿀약국","02-823-4521","2000","0830","1800","0830","1330","0830","2000","0830","1800","0830","1300","0830","C1108248","070","37","2683","37.497913916036","126.943590432874"
"경기도 수원시 장안구 정자천로 163, 하나로빌딩 101호 (정자동)","꿈공원약국","031-269-1863","1800","0900","1800","0900","1800","0900","1800","0900","1800","0900","1300","0900","C2110008","163","34","2684","37.2949805132777","126.994116276421"
"충청북도 청주시 청원구 오창읍 2산단로 140, 103호","2산단로 140 103호","꿈꾸는기린약국","043-214-8901","2030","0830","2030","0830","2030","0830","2030","0830","2030","0830","1900","0830","C2300973","281","17","2685","36.7337676110098","127.45146672411613"
"서울특별시 동작구 장승배기로 168, 드림타워 지하1층 B101호 (노량진동)","공휴일, 대체공휴일, 일요일에는 꼭 연락 후 방문해주세요","꿈꾸는약국","02-821-6500","2000","0900","2000","0900","1930","0900","2000","0900","2000","0900","1600","0900","1400","0900","C1109504","069","22","2686","37.51259794766617","126.94044831077501"
"경기도 성남시 분당구 서판교로 36, 1층 (판교동)","꿈꾸는약국","031-8017-2700","1900","0900","1900","0900","1900","0900","1900","0900","1900","0900","1500","0900","C2100088","134","79","2687","37.38996971237445","127.09790520973327"
"광주광역시 북구 하서로 421 (용두동)","희망병원옆 주유소에서 양산타운올라가는골목","꿈꾸는약국","062-572-9110","2000","0830","2000","0830","2000","0830","2000","0830","2000","0830","1800","0830","C1500544","610","19","2688","35.21272310573135","126.87416873348677"
"광주광역시 서구 쌍촌로57번길 6, 1층 (쌍촌동)","꿈꾸라약국","062-655-3534","1700","1000","1700","1000","1700","1000","1700","1000","1700","1000","C1501275","619","90","2689","35.150137524116","126.863917859466"
"경기도 의왕시 포일로 43, 402-1호 (내손동, 대림프라자)","꿈나무약국","031-425-4253","1300","0900","1300","0900","1300","0900","1300","0900","1300","0900","1600","0900","1300","0900","C2106393","160","22","2690","37.390044128230755","126.9774287023574"
"경기도 수원시 팔달구 권광로 208, 1층 101호 (인계동)","꿈나무약국","031-231-6935","2000","0900","2000","0900","2000","0900","2000","0900","2000","0900","1600","0900","1500","0900","C2106960","164","88","2691","37.26630793851551","127.03431781628133"
"경기도 용인시 기흥구 흥덕중앙로 59, 3층 306호 (영덕동, 용인흥덕노블레스흥덕노블레스)","꿈나무약국","031-215-3338","1930","0900","1930","0900","1930","0900","1930","0900","1930","0900","C2107466","169","53","2692","37.2764933337","127.0737413736"
"경기도 용인시 처인구 명지로40번길 13, 104호 (역북동)","꿈빛온누리약국","031-321-8961","2100","0900","2100","0900","2100","0900","2100","0900","2100","0900","1800","0900","C2107634","170","56","2693","37.2323510468","127.1868962651"
"서울특별시 강북구 도봉로 77, 서울유병원BK빌딩 (미아동)","꿈의숲 스타약국","02-980-7775","1930","0900","1930","0900","1930","0900","1930","0900","1930","0900","1530","0900","C1109791","012","05","2694","37.61615624329698","127.02960471928951"
"서울특별시 성북구 돌곶이로 183, 1층 (장위동)","꿈의숲약국","02-941-2835","2030","0900","2030","0900","2030","0900","2030","0900","2030","0900","1700","0900","C1109674","027","54","2695","37.61688416575566","127.04881499005361"
"충청남도 아산시 온주길16번길 10, 1층 (읍내동)","꿈의약국","041-541-5339","1830","0800","1830","0800","1830","0800","1830","0800","1830","0800","1300","0800","1300","0800","C2401657","315","62","2696","36.760607314034","127.017546544551"
"대전광역시 중구 서문로 96, 108호 (문화동, 센트럴파크2단지상가)","나나약국","042-255-1500","1930","0830","1930","0830","1930","0830","1930","0830","1930","0830","1230","0900","C1601067","349","62","2697","36.317620204332535","127.41127783602099"
"충청남도 논산시 시민로132번길 48, 115호 (내동)","일요일/공휴일 운영시간 유동적.확인하시고 요세요.","나나약국","041-736-5035","2500","1000","2500","1000","2500","1000","2500","1000","2500","1000","2500","1000","2500","1100","2500","1100","C2401680","329","91","2698","36.1806956397991","127.106113918493"
"충청남도 천안시 서북구 미라15길 23, 상가동 205호 (쌍용동, 대우타워아파트)","IBK기업은행 옆","나나약국","041-573-0027","1830","0930","1830","0930","1830","0930","1830","0930","1830","0930","1300","0930","C2400517","311","55","2699","36.806964212276405","127.13218401901797"
"충청북도 보은군 보은읍 남부로 4523","보은단위농협앞","나나약국","043-544-2157","1830","0830","1830","0830","1830","0830","1830","0830","1830","0830","1600","0830","C2300414","289","41","2700","36.48650921410501","127.72110913776271"
"경기도 시흥시 장현장곡로 2, 110호 (장곡동)","나나약국","031-311-8840","1800","0900","1800","0900","1800","0900","1800","0900","1800","0900","1800","0900","C2109013","149","96","2701","37.3788623156367","126.789298291233"
"경기도 하남시 미사강변대로 228, 1층 106호 (망월동, 미사메디프라자)","나나약국","031-792-7951","2130","0900","2130","0900","2130","0900","2130","0900","2130","0900","1600","0900","C2109008","129","09","2702","37.5698861591186","127.183990230086"
"서울특별시 양천구 목동서로 383, 101호 (신정동)","나나약국","02-2655-0701","2030","0830","2030","0830","2030","0830","2030","0830","2030","0830","1400","0830","C1109731","080","93","2703","37.515894839440584","126.86157160837695"
"충청북도 청주시 상당구 남사로 137, 연합비뇨기과의원 (남문로2가)","나나약국","043-222-4145","1830","0900","1830","0900","1830","0900","1830","0900","1830","0900","1430","0900","C2301246","285","30","2704","36.6323141061374","127.490557957406"
"강원특별자치도 원주시 오성마을길 57-22, 103호 (단구동)","나나약국","033-762-2783","2100","0900","2100","0900","2100","0900","2100","0900","2100","0900","1800","0900","1800","0900","C2201187","264","00","2705","37.3182350620468","127.948404550599"
"서울특별시 동대문구 장한로18길 59 (장안동)","장안현대홈타운1단지 인근","나나약국","02-2245-2594","2000","0900","2000","0900","2000","0900","2000","0900","2000","0900","1900","0900","C1101927","026","39","2706","37.56786491249091","127.07230713644933"
"서울특별시 강서구 강서로 242, 상가동 418호 (화곡동, 강서힐스테이트)","강서힐스테이트상가 4층 418호 피부과 맞은편","나나약국","02-6497-5479","1900","0930","2030","0930","1900","0930","1900","0930","2030","0930","1600","0930","C1109543","076","94","2707","37.54751075881963","126.83673650694489"
"서울특별시 관악구 보라매로3길 29, 3층 11호 (봉천동, 해태보라매타워)","나나약국","02-849-7770","1400","0800","2100","0800","1300","0800","1300","0800","1300","0800","1400","0800","1300","0800","1300","0800","C1109362","087","08","2708","37.49119931956153","126.92506996119346"
"경기도 광명시 오리로 966 (광명동)","나나약국","02-2612-1004","2200","0900","2200","0900","2200","0900","2200","0900","2200","0900","2200","0900","C2100596","142","20","2709","37.479221366529906","126.85606214615322"
"경기도 고양시 덕양구 도래울로 104, KB골든타워 108호 (도내동)","나누는기쁨약국","031-962-1270","2000","1000","2000","1000","2000","1000","2000","1000","2000","1000","C2106988","105","51","2710","37.63442289903404","126.87199250147741"
"울산광역시 울주군 삼남면 서향교1길 67-6 (삼남면)","울주군보건소앞","나누리약국","052-264-0006","1800","0900","1800","0900","1800","0900","1800","0900","1800","0900","C1700021","449","50","2711","35.55809126799422","129.11420799006325"
"강원특별자치도 춘천시 보안길 70-2 (후평동,1-2호)","포스코아파트 인근","나누리약국","033-243-6633","1800","0900","1800","0900","1800","0900","1800","0900","1800","0900","1300","0900","C2200566","243","00","2712","37.88054503831271","127.75040232246585"
"충청북도 진천군 진천읍 중앙북1길 15,","나누리약국","043-534-7177","1900","0830","1900","0830","1900","0830","1900","0830","1900","0830","1300","0830","C2300523","278","31","2713","36.86008760554233","127.44007528740553"
"서울특별시 강서구 공항대로41길 56, 진아빌딩 5층 503호 (등촌동)","나누리약국","02-6956-1270","2000","0830","2000","0830","2000","0830","2000","0830","2000","0830","1500","0900","C1109443","075","87","2714","37.56018718642167","126.84636031077027"
"대전광역시 동구 은어송로 33, 1층 (가오동)","나눔약국","042-272-3637","2200","0900","2200","0900","2200","0900","2200","0900","2200","0900","2200","0900","2100","1100","2100","1100","C1601027","346","92","2715","36.304979761014806","127.45348503945037"
"세종특별자치시 도움3로 105-7, 메디케어빌딩 109호 (종촌동)","점심시간 13:00 ~ 14:00 (토요일 점심시간 없음)","일요일 및 공휴일 휴무","종촌동","나눔약국","044-867-2367","1830","0900","1830","0900","1830","0900","1830","0900","1830","0900","1400","0900","C1800318","300","64","2716","36.5045217521115","127.249648341477"
"인천광역시 계양구 주부토로 463, 1층 (작전동)","작전초교앞 도미노피자좌측","나눔약국","032-555-1953","1900","0900","1900","0900","1900","0900","1900","0900","1900","0900","1500","0900","C1400709","210","87","2717","37.535567953139896","126.72777159539396"
"충청남도 천안시 서북구 불당21로 67-26, 107호 (불당동)","추석,설연휴 3일 휴무","나눔약국","041-523-7760","1900","0900","1900","0900","1900","0900","1900","0900","1900","0900","1500","0900","1300","0900","1300","0900","C2401402","311","56","2718","36.8146338974","127.1077338499"
"서울특별시 노원구 동일로216길 70, 1층 (상계동)","상수초등학교 바로 옆","나눔약국","02-3391-2525","1800","0900","1800","0900","1800","0900","1800","0900","1800","0900","1400","0900","C1107904","017","55","2719","37.65214287884976","127.06554708396855"
"부산광역시 동래구 온천장로 114, 허브메디컬타워 1층 102호 (온천동)","1호선 온천장역 5번출구","나눔약국","051-558-3677","1900","0900","1900","0900","1900","0900","1900","0900","1900","0900","1400","0900","C1202679","477","10","2720","35.2205996791384","129.084797993615"
"경기도 화성시 남양읍 남양로 839, 106호 (남양읍)","나눔약국","031-357-3838","2000","0830","2000","0830","2000","0830","2000","0830","2000","0830","1600","0930","C2107874","182","66","2721","37.210790524238824","126.83218684702126"
"경기도 부천시 소사로 713, 1층 108호 (원종동)","나눔약국","032-672-1177","2000","0900","2000","0900","2000","0900","2000","0900","2000","0900","1700","0900","C2106905","144","65","2722","37.51965922552499","126.80452092530832"
"경기도 성남시 분당구 판교로 432, 제일프라자 1층 103호 (이매동)","태영아파트 305동 앞","나눔약국","031-704-6902","1830","0900","1830","0900","1830","0900","1830","0900","1830","0900","1400","0900","1300","0900","C2101782","135","23","2723","37.405119444444445","127.121680555555557"
"광주광역시 남구 효우2로 38, 대경타워 1층 101호 (행암동)","나눔약국","062-672-5552","1830","0830","1830","0830","1830","0830","1830","0830","1830","0830","1400","0830","C1501151","617","65","2724","35.1017163434","126.8878640948"
"전라남도 여수시 무선로 32 (학동)","나눔약국","061-684-4988","1830","0900","1830","0900","1830","0900","1830","0900","1830","0900","1330","0900","C2601085","596","72","2725","34.7637470836","127.6563329798"
"경상북도 구미시 박정희로 599, 상가동 206호 (송정동, 푸르지오캐슬 A단지)","푸르지오캐슬상가","나눔약국","054-443-1369","1900","0900","1900","0900","1230","0900","1900","0900","1900","0900","1400","0900","C2700535","393","04","2726","36.1220122068965","128.34027335323356"
"경기도 용인시 수지구 신봉2로 19","나눔약국","031-263-6786","1900","0900","1900","0900","1900","0900","1900","0900","1900","0900","1400","0900","C2100564","168","14","2727","37.324538282191746","127.0770964544904"
"대구광역시 동구 안심로22길 60-1, 모인프라자 1층 114호 (율하동)","나눔약국","053-962-5252","1800","0900","1800","0900","1800","0900","1800","0900","1800","0900","C1301896","411","05","2728","35.8626987622673","128.698297176129"
"제주특별자치도 제주시 애월읍 하광로 12, 노트르담 1층 101호","나눔약국","064-745-2245","1800","0830","1800","0830","1800","0830","1800","0830","1800","0830","1300","0830","C2900564","630","52","2729","33.4841802424623","126.411417274651"
"경기도 수원시 팔달구 중부대로 43, 1층 (지동)","나눔약국","031-245-4786","2000","0900","2000","0900","1930","0900","2000","0900","2000","0900","1700","0900","1700","1200","1700","1200","C2107449","162","45","2730","37.275559194","127.0217838812"
"서울특별시 영등포구 여의대방로53길 23, (신길동)","성애병원 신관 맞은편","나눔약국","02-832-3225","1900","0830","1900","0830","1900","0830","1900","0830","1900","0830","1600","0830","C1103127","073","55","2731","37.511830318469826","126.92193323159525"
"경기도 고양시 덕양구 화정로 65-1, 우리프라자 101(일부)호 (화정동)","나눔약국","031-963-6111","1800","0900","1800","0900","1800","0900","1800","0900","1800","0900","C2109041","104","97","2732","37.6353878222933","126.833171767779"
"인천광역시 계양구 동양로 101, 104호 (동양동, 명일프라자)","나눔온누리약국","032-543-7515","1930","0900","1930","0900","1930","0900","1930","0900","1930","0900","1500","0900","C1401583","210","12","2733","37.5590221173","126.7561271143"
"경기도 수원시 권선구 권선로 639 (권선동)","나눔온누리약국","031-238-0127","2000","0900","2000","0900","2000","0900","2000","0900","2000","0900","1300","0900","C2101188","165","69","2734","37.26085242268352","127.02155645741131"
"충청북도 청주시 상당구 사직대로362번길 1 (북문로1가)","대현지하상가 위 중간사거리코너","나도약국","043-256-5710","1930","0900","1930","0900","1930","0900","1930","0900","1930","0900","1700","0900","1900","0900","C2300159","285","25","2735","36.636660448680296","127.48769970690293"
"경상남도 창원시 의창구 도계로 57, 도계중앙빌딩 (도계동)","나드리약국","055-273-2577","1900","0900","1900","0900","1900","0900","1900","0900","1900","0900","1300","0900","C2802103","511","64","2736","35.259494485388","128.637765050679"
"전북특별자치도 군산시 백릉안4길 12(조촌동)","나라약국","063-731-0303","1730","0800","1730","0800","1730","0800","1730","0800","1730","0800","1300","0800","C2501447","540","77","2737","35.9747151658012","126.730612938487"
"경기도 파주시 광탄면 등원로 524","파주시광탄면신산리575-32","나라약국","031-957-7573","0000","0000","0000","0000","0000","0000","0000","0000","0000","0000","1400","0900","C2102528","109","48","2738","37.78215498908841","126.84536285381489"
"제주특별자치도 제주시 조천읍 신북로 523","함덕리해오름해수사우나건물킹마트2호점옆","나라약국","064-782-3700","1830","0830","1830","0830","1830","0830","1830","0830","1830","0830","1300","0830","C2900172","633","33","2739","33.542072676541075","126.66600329198229"
"부산광역시 남구 수영로 252","2호선 대연역 1번출구/부산은행에서 제일은행 방면 50m","나라약국","051-622-8566","1830","0900","1830","0900","1830","0900","1830","0900","1830","0900","1400","0900","C1201000","484","97","2740","35.13510424350227","129.0940039862629"
"충청남도 금산군 추부면 대학로 32-7","깻잎마트 뒤 공영주차장쪽으로 오세요.","나라약국","041-751-4689","1800","0830","1800","0830","1800","0830","1800","0830","1800","0830","1300","0830","C2401713","327","14","2741","36.1890568282355","127.46792492171"
"경상북도 구미시 선산읍 남문로4길 7-1","나라약국","054-481-5859","1800","0830","1800","0830","1800","0830","1800","0830","1800","0830","1300","0830","C2700727","391","18","2742","36.24116119823408","128.30250548531416"
"광주광역시 광산구 첨단중앙로 170, (쌍암동)","일요일 연락 후 방문 10~13","나라약국","062-971-0027","1830","0900","1830","0900","1830","0900","1830","0900","1830","0900","1400","0900","1430","0900","C1500209","622","74","2743","35.220448158509434","126.84209718759709"
"울산광역시 남구 삼산로 254 (달동)","현대백화점 사거리 BYC옆","나라약국","052-275-3829","1900","0900","1900","0900","1300","0900","1900","0900","1900","0900","1500","0900","C1700002","447","18","2744","35.53853015071349","129.33500000872596"
"대전광역시 서구 관저로 172, (관저동)","나라약국","042-541-5276","1830","0830","1830","0830","1830","0830","1830","0830","1830","0830","1400","0830","C1600038","353","81","2745","36.29876418906289","127.34094786277867"
"대구광역시 중구 국채보상로 630, 1층 104,105호 (공평동)","나라약국","053-431-1117","2000","0900","2000","0900","2000","0900","2000","0900","2000","0900","1700","0900","C1301626","419","38","2746","35.86999118690457","128.59947024113544"
"대구광역시 북구 침산로 173, 1층 110호 (침산동)","나라약국","053-358-1199","1900","0830","1900","0830","1900","0830","1900","0830","1900","0830","1600","0830","C1301623","415","59","2747","35.891489009685685","128.58968313072347"
"대구광역시 달서구 상인서로 39","나라약국","053-635-2344","1900","0900","1900","0900","1900","0900","1900","0900","1900","0900","1400","0900","1400","0900","C1300802","428","32","2748","35.81336740993421","128.54519943050298"
"대구광역시 수성구 지범로 200, 리엔 메티컬 타워 1층 105호 (범물동)","나라약국","0532160001","1800","0900","1800","0900","1800","0900","1800","0900","1800","0900","C1301842","422","09","2749","35.8201830027991","128.640604503435"
"세종특별자치시 부강면 부강로 35-1","목요일 둘째주 넷째주 13시까지 단축 진료","목요일 둘째주 넷째주 13시까지 단축 진료","부강면 부강리 / 부강우체국정면","나라약국","0442750262","1900","0830","1900","0830","1900","0830","1900","0830","1900","0830","1600","0830","C1800017","300","76","2750","36.529782816941974","127.36674314182697"
"인천광역시 미추홀구 인주대로458번길 6, (주안동)","바로병원 옆","나라약국","032-427-9200","1600","1030","1600","1030","1600","1030","1600","1030","1600","1030","C1400790","2751","37.450588142537974","126.68724216498485"
"인천광역시 계양구 계양산로 191 (임학동)","병방시장후문근처","나라약국","032-553-3755","2030","0900","2030","0900","2030","0900","2030","0900","2030","0900","1930","0900","1900","0900","C1400438","210","25","2752","37.547682902004006","126.73714845142032"
"경기도 용인시 기흥구 흥덕2로87번길 18","나라약국","흥덕이마트바로옆 이씨티상가 A동 503호","나라약국","031-211-5666","1900","0900","1900","0900","1900","0900","1900","0900","1900","0900","1300","0900","C2103584","169","54","2753","37.27588950901153","127.0718927407507"
"부산광역시 부산진구 가야대로 777","롯데백화점 맞은편 1,2호선 서면역 9번 출구","나라약국","051-805-5586","2200","0900","2200","0900","2200","0900","2200","0900","2200","0900","2100","0900","2000","1000","C1200721","472","57","2754","35.157958797700005","129.05665468120273"
"충청북도 청주시 상당구 단재로 19 (석교동)","육거리와금석교중간,석교초등학교초입부분","나라약국","043-225-7799","1800","0900","1800","0900","1800","0900","1800","0900","1800","0900","1400","0900","1300","0900","C2300465","287","25","2755","36.626669900794475","127.49266774628206"
"경기도 화성시 향남읍 상신하길로298번길 7-29, 114호","나라약국","031-366-1509","2000","0900","2000","0900","2000","0900","2000","0900","2000","0900","1400","0900","C2109454","186","11","2756","37.1143550759673","126.912599943187"
"경기도 수원시 팔달구 권광로 181, 씨네파크 125호 (인계동)","나라약국","031-237-8899","2030","0800","2030","0800","2030","0800","2030","0800","2030","0800","1700","0800","1500","0830","C2109060","164","90","2757","37.2637484872618","127.032221016662"
"서울특별시 서대문구 가재울미래로 2, 별동상가 102호 (남가좌동, DMC파크뷰자이)","공휴일 추가 운영 시 별도 공지","일반의약품 / 건강기능식품 / 동물용의약품 / 처방조제 / 당뇨소모성재료 취급 중입니다.","나라약국","02-309-8480","2000","0900","2000","0900","2000","0900","2000","0900","2000","0900","1600","0900","C1107446","037","11","2758","37.575036052638296","126.91628639125905"
"전북특별자치도 정읍시 중앙1길 58 (수성동)","나라약국","063-531-6311","1830","0800","1830","0800","1830","0800","1830","0800","1830","0800","1330","0800","1230","0900","1230","0900","C2500007","561","63","2759","35.56874372714744","126.851885745176"
"경상남도 김해시 진영읍 여래로 21, 103호","나라약국","055-343-7270","1900","0900","1900","0900","1900","0900","1900","0900","1900","0900","1400","0900","C2802452","508","64","2760","35.3043536515407","128.735014439134"
"경기도 부천시 길주로 205, 솔라리움A동 1층 109호 (중동)","나라약국","032-327-3257","1800","1000","1800","1000","1800","1000","1800","1000","1800","1000","C2108555","145","38","2761","37.5049421853282","126.765388769805"
"경기도 고양시 일산서구 산현로 15, 206호 (탄현동,무광프라자)","나라약국","031-918-6311","1900","0930","1900","0930","1900","0930","1900","0930","1900","0930","1400","0930","C2103638","103","43","2762","37.6895929021","126.7632193126"
"경기도 평택시 평택로32번길 21","시외버스터미널전방50m","나라약국","031-618-6647","1900","0830","1900","0830","1900","0830","1900","0830","1900","0830","1700","0830","1300","0900","C2101685","179","12","2763","36.991278310114225","127.08876236315413"
"서울 광진구 능동로 110 스타시티영존빌딩 A동 지하2층 B201호 (화양동)","건대입구역 3번 출구 바로 앞","나라약국","02-453-7398","1830","0830","1830","0830","1830","0830","1830","0830","1830","0830","1300","0830","C1108585","050","30","2764","37.54072512997118","127.07145491656105"
"인천광역시 부평구 주부토로 82, 1층 일부호 (부평동)","나라약국","032-245-0051","1630","0930","1630","0930","1630","0930","1630","0930","1630","0930","C1401619","213","56","2765","37.5023148993","126.7256725721"
"서울특별시 용산구 청파로47길 7, 102호 (청파동3가)","숙대입구역 9번 출구","나라약국","02-6949-3332","1930","0830","1930","0830","1930","0830","1930","0830","1930","0830","1330","0830","C1109165","043","13","2766","37.54476819471078","126.9701632721619"
"서울특별시 강서구 강서로 27, 화곡 심포니 타워 105호 (화곡동)","까치산역 3번 출구","나라온누리약국","02-2694-9228","2100","0900","2100","0900","2100","0900","2100","0900","2100","0900","1800","0900","C1107062","077","78","2767","37.53039910447152","126.84726711922836"
"경기도 안양시 동안구 평촌대로243번길 30, 1층 A138호 (비산동, 샤크존빌딩)","나라온누리약국","031-476-0224","2000","0900","2000","0900","2000","0900","2000","0900","2000","0900","1630","0900","C2100996","140","47","2768","37.39283371490368","126.95302179558689"
"경상남도 양산시 물금읍 새실로 159","나래약국","055-388-6644","2000","0900","2000","0900","2000","0900","2000","0900","2000","0900","1400","0900","C2801857","506","53","2769","35.31462015227036","129.0045708121766"
"경기도 남양주시 화도읍 비룡로 62, 104호 (중앙프라자)","화도읍신청사맞은편","나래약국","031-595-6474","1600","0900","1600","0900","1600","0900","1600","0900","1600","0900","2000","0900","1800","0900","1800","0900","C2102736","121","75","2770","37.65752794986013","127.30210126901231"
"전라남도 화순군 화순읍 중앙로 95,","2/11일 근무 오전 10시 30분 - 13시 2/12일 근무 오전 10시 30분 - 14시","국민은행4거리","나래약국","061-375-0622","1850","0900","1850","0900","1850","0900","1850","0900","1850","0900","1300","0900","C2600687","581","17","2771","35.060623010954274","126.99189440644062"
"인천광역시 부평구 부평문화로 43, 1층 (부평동)","일요일 운영 격주 운영되며 방문 전 확인 필수","부평동아아파트정문,부평롯데백화점정문","나래약국","032-523-2553","1900","0830","1900","0830","1900","0830","1900","0830","1900","0830","2000","0830","C1400568","213","88","2772","37.49412827815287","126.72101535553827"
"경기도 고양시 덕양구 화중로 50, 301(일부)호 (화정동)","나래약국","070-5222-6627","1800","1000","1800","1000","1800","1000","1800","1000","1800","1000","C2108456","105","00","2773","37.6317029490777","126.830686746113"
"경기도 평택시 중앙로 66 (평택동)","평택경찰서앞","나래약국","031-656-9277","1400","0900","1400","0900","1400","0900","1400","0900","1400","0900","1400","0900","C2102115","179","09","2774","36.993850000000002","127.090430555555557"
"경기도 성남시 중원구 산성대로 492, 1층(은행동)","상원초등학교근처","나래약국","031-747-0905","2000","0900","2000","0900","2000","0900","2000","0900","2000","0900","1500","0900","C2103059","131","57","2775","37.45511545417021","127.16223852983484"
"전라남도 무안군 무안읍 면성1길 111","무안읍 파출소 건너편","나래약국","061-453-7009","1730","0830","1730","0830","1730","0830","1600","0830","1730","0830","1230","0830","C2600645","585","25","2776","34.98823384630416","126.47428640653766"
"대전광역시 대덕구 중리북로31번길 11, SJ11빌딩 1층 (중리동)","중리중학교 옆","나래약국","042-625-1256","1900","0900","1900","0900","1900","0900","1900","0900","1900","0900","1900","0900","1900","0900","1900","0900","C1601382","343","89","2777","36.3660742472858","127.426802534493"
"광주광역시 남구 대남대로 131, 미래아동병원 1층 (주월동)","남구미래아동병원옆","나래약국","062-675-0203","2500","0900","2500","0900","2500","0900","2500","0900","2500","0900","2500","0900","2500","0900","2500","0900","C1500445","616","65","2778","35.133473061384315","126.91068441350052"
"강원특별자치도 강릉시 율곡로 2832, 1층 (옥천동)","옥천동 강릉역오거리에서 옥천오거리 방향","나래약국","033-642-3675","1700","0900","1700","0900","1700","0900","1700","0900","1700","0900","1300","0900","C2200419","255","51","2779","37.761027777777777","128.900252777777780"
"전라남도 광양시 광양읍 용강1길 12, 103~104호 (창덕에버빌상가 )","창덕에버빌2차상103호","나래약국","061-763-5015","1920","0830","1920","0830","1920","0830","1230","0830","1920","0830","1230","0830","C2600730","577","46","2780","34.97219537626907","127.60911003323761"
"경기도 화성시 여울로1길 24, 1층 (능동)","일요일 공휴일 휴무","나래약국","031-8050-6500","1900","0830","1900","0830","1900","0830","1900","0830","1900","0830","1400","0830","C2108271","184","27","2781","37.2012955624839","127.053234369976"
"경기도 수원시 권선구 상탑로 52, 1층 101호 (탑동)","나래약국","031-278-1355","1800","0830","1800","0830","1800","0830","1800","0830","1800","0830","1300","0830","C2101960","166","07","2782","37.27139611010391","126.97683280756571"
"경기도 용인시 기흥구 금화로11번길 42","나래약국","031-286-6255","1900","0900","1900","0900","1900","0900","1900","0900","1900","0900","1400","0900","C2100750","170","73","2783","37.2633041617","127.1085139307"
"경기도 부천시 소사로 759 (원종동)","원종 사거리 원종농협지점 건너편 건물 1층","나래약국","032-673-0122","1400","0900","1400","0900","1400","0900","1400","0900","1400","0900","C2100383","144","31","2784","37.523826454728216","126.80458360502717"
"대전광역시 중구 대종로 468 (대흥동)","나래온누리약국","042-223-7573","1810","0900","1810","0900","1810","0900","1810","0900","1810","0900","1330","0900","1700","0900","C1600066","349","25","2785","36.32644560305323","127.42745465929261"
"광주광역시 북구 첨단연신로 97 (신용동)","070-4221-9797","신한은행,화덕쟁이,꽃담샤브동일건물1층","나래종로약국","070-4221-9797","2230","0900","2230","0900","2230","0900","2230","0900","2230","0900","2200","0900","2200","0900","2200","0900","C1500860","610","87","2786","35.206680318232934","126.86411871213338"
"경기도 화성시 동탄솔빛로 48, 거택프라자 107호 (반송동)","거택프라자 107-108호","나루약국","031-613-1007","2100","0900","2100","0900","2100","0900","2100","0900","2100","0900","2100","0900","2100","0900","C2100543","184","42","2787","37.193125000000002","127.073244444444441"
"대구광역시 중구 국채보상로 457-1, 1층 (대신동)","나루약국","053-554-4692","1800","0900","1800","0900","1800","0900","1800","0900","1800","0900","C1301818","419","25","2788","35.8706898783901","128.580893394128"
"서울특별시 송파구 올림픽로37길 130 파크리오A상가 163호 (신천동)","잠실나루역 1번 출구","나루역사거리현대약국","02-487-1218","1900","0900","1900","0900","1900","0900","1900","0900","1900","0900","C1100091","055","07","2789","37.52121655770499","127.10428116496462"
"경기도 수원시 팔달구 팔달로 105, 305호 (화서동)","나리약국","031-303-9889","1900","0900","1830","0900","1900","0900","1830","0900","1900","0900","1330","0900","1300","0900","C2109073","164","41","2790","37.2781050631607","127.003151101708"
"경기도 파주시 청석로 268, 404호 (동패동, 미소시티)","나리약국","031-948-4064","1800","0900","1800","0900","1800","0900","1800","0900","1800","0900","1300","0900","C2102978","108","74","2791","37.72584788151326","126.71772214462058"
"경기도 부천시 소향로 227","미리내마을 916동 맞은편","나무아래한약국","032-329-7051","1900","1000","1900","1000","1900","1000","1900","1000","1900","1000","1600","1100","C2104554","145","48","2792","37.500988454809864","126.7731665257926"
"경기도 수원시 팔달구 매산로 11, 1층 (매산로1가, 케이빌딩)","나무약국","031-242-7125","2100","0900","2100","0900","2100","0900","2100","0900","2100","0900","C2107420","164","55","2793","37.2674445894","127.0027238204"
"인천광역시 연수구 아트센터대로 87, 커낼워크D4 WINTER 402동 222호 (송도동)","나무약국","032-833-9878","2000","0900","2000","0900","2000","0900","2000","0900","1830","0900","1500","0900","C1402175","220","02","2794","37.40237844811419","126.640151020131"
"충청남도 당진시 수청2로 48, 103, 104호 (수청동)","나무약국","041-356-2460","1800","0900","1800","0900","1800","0900","1800","0900","1800","0900","1300","0900","C2401828","318","17","2795","36.8880434919705","126.652779446387"
"충청남도 서산시 호수공원1로 34, 명성빌딩 102호 (예천동)","나무약국","041-920-0331","1900","0850","1900","0850","1900","0850","1900","0850","1900","0850","1330","0830","C2401775","319","90","2796","36.7728717742295","126.452285195381"
"대구광역시 중구 공평로 6, 401동 107호 (삼덕동2가, 빌리브 프리미어)","나무약국","053-5","1830","0900","1830","0900","1830","0900","1830","0900","1830","0900","1300","0900","C1300770","419","40","2797","35.850451949567315","128.65514338550895"
"경기도 화성시 동탄대로시범길 148-14, 106호 (청계동)","나무약국","050-71471-9026","1800","0900","1800","0900","1800","0900","1800","0900","1800","0900","1300","0900","C2109549","184","76","2798","37.2000448736082","127.113749294224"
"강원특별자치도 춘천시 후석로 294, 1층 1호 (후평동)","나무약국","033-251-5119","1930","0840","1930","0840","1930","0840","1930","0840","1930","0840","1430","0840","C2201124","243","04","2799","37.87759521426751","127.75201173961301"
"서울특별시 강서구 강서로45길 174, 수명산씨티 3층 (내발산동)","마곡수명산파크1단지아파트 정문 바로 앞","나무약국","02-2665-7565","1800","0900","1800","0900","1800","0900","1800","0900","1800","0900","1400","0900","C1107877","076","38","2800","37.55287433153172","126.83061366279915"
"충청북도 청주시 청원구 내덕로 56","뿌리병원","나무약국","043-222-3442","2000","0900","2000","0900","2000","0900","2000","0900","2000","0900","1400","0900","C2301010","284","79","2801","36.6568677419","127.4867131761"
"부산광역시 연제구 중앙대로 1113, 진보빌딩 1층 좌측호 (연산동)","나무약국","051-936-0611","1830","0900","1830","0900","1830","0900","1830","0900","1830","0900","1300","0900","C1202958","475","24","2802","35.1869689149023","129.081088370638"
"서울특별시 영등포구 도림로 158, 대림빌딩 (대림동)","대림역 11번 출구 / 대림성모병원 옆","나무약국","02-6959-1900","1830","0800","1830","0800","1830","0800","1830","0800","1830","0800","1330","0830","1700","1000","C1108653","074","17","2803","37.4941598571402","126.899373467262"
"경기도 김포시 김포한강2로 110, 1동 102호 (장기동, 센타프라자)","나무약국","031-982-0262","2000","0900","2000","0900","2000","0900","2000","0900","2000","0900","1500","0900","C2107919","100","88","2804","37.6394773794918","126.67165049416336"
"경기도 평택시 평택5로20번길 38 (합정동)","나무약국","031-652-0671","2030","0900","2030","0900","2030","0900","2030","0900","2030","0900","1500","0830","C2108619","179","02","2805","36.9899558279621","127.113879952708"
"경기도 성남시 수정구 위례동로 135-6 (창곡동)","나무약국","031-752-0502","2000","0900","2000","0900","2000","0900","2000","0900","2000","0900","C2107056","136","42","2806","37.4730356627305","127.14994916674155"
"경기도 용인시 처인구 명지로40번길 4, 104호 (역북동)","나무약국","0507-1355-2353","1800","0900","1800","0900","1800","0900","1800","0900","1800","0900","1300","0900","C2109949","170","55","2807","37.232710179345","127.188106755306"
"충청남도 예산군 예산읍 역전로 74","예산역 앞에 있는 나무약국입니다(예전에는 역전약국이였던 자리입니다)","기차역을 등지고 우측으로 70m 전방 맞은편","나무약국","041-335-4068","2000","0800","2000","0800","2000","0800","2000","0800","2000","0800","1800","0800","C2400720","324","31","2808","36.68582673769112","126.82962430534421"
"경기도 고양시 일산동구 일산로 46 남정씨티프라자 113호 (백석동)","나무약국","031-932-6102","2000","0840","2000","0840","2000","0840","2000","0840","2000","0840","1700","0840","C2103713","104","49","2809","37.64235646","126.7878839599"
"경기도 양주시 옥정로 208, 선양프라자 109호 (옥정동)","나무약국","031-822-7414","1900","0900","2000","0900","1900","0900","1900","0900","2000","0900","1330","0900","1500","0900","C2109477","114","73","2810","37.8202250460014","127.092151128831"
"경기도 하남시 미사강변중앙로204번길 45, 성산타워플러스 106호 (망월동)","나무약국","031-795-0201","1800","0900","1800","0900","1800","0900","1800","0900","1800","0900","1300","0900","C2109690","129","13","2811","37.56596947000621","127.19039615566399"
"서울특별시 성동구 금호로 94, 금호힐오피스텔 2층 201호 (금호동1가)","나무약국","070-8820-2990","1900","0830","1900","0830","1900","0830","1900","0830","1900","0830","1500","0830","C1100028","047","18","2812","37.55169556238063","127.02585032837052"
"서울특별시 송파구 중대로 24, 상가 1동 1층 111-1호 (문정동, 올림픽훼밀리타운)","훼밀리상가","나무약국","02-400-4909","1900","0900","1900","0900","1700","0900","1900","0900","1900","0900","1400","0900","C1108603","058","34","2813","37.49121849105751","127.11772097116327"
"서울특별시 서대문구 명물길 33, 1층 우측호 (창천동)","나무약국","02-363-7288","2130","1200","2130","1200","2130","1200","2130","1200","2130","1200","1800","0900","C1110273","037","76","2814","37.55835639402931","126.93826719467339"
"서울특별시 서초구 명달로 106, 원영빌딩 1층 (서초동)","서울고 뒷편","나무약국","02-585-5410","1900","0900","1900","0900","1900","0900","1900","0900","1900","0900","1400","0900","C1108112","066","68","2815","37.48658506186993","127.00438991931766"
"서울특별시 마포구 백범로 202, 101호 (신공덕동, 마포케이씨씨웰츠타워)","나무약국","02-701-7595","2000","0900","2000","0900","2000","0900","2000","0900","2000","0900","1800","0900","C1109580","041","96","2816","37.5427554950529","126.95265063847893"
"경기도 용인시 수지구 수지로342번길 11, 304호 (풍덕천동)","나무약국","031-262-7456","1900","0900","1900","0900","1900","0900","1900","0900","1900","0900","1500","0900","C2107126","168","32","2817","37.32738299433226","127.0956936023274"
"경기도 고양시 일산동구 중산로 105, 107호 (중산동, 현해프라자)","나무온누리약국","031-977-9760","1900","0830","1900","0830","1900","0830","1900","0830","1900","0830","1400","0830","C2103806","103","55","2818","37.68139365962005","126.78130183174699"
"전라남도 화순군 화순읍 칠충로 45","공휴일 유동적","국민은행4거리","나비약국","061-375-3328","1930","0900","1930","0900","1930","0900","1930","0900","1930","0900","1930","0900","C2600608","581","21","2819","35.054739735848706","126.9768566560019"
"충청남도 천안시 서북구 동서대로 135, 1층 (성정동)","나비약국","041-556-0406","2030","0900","2030","0900","2100","0900","2030","0900","2030","0900","1600","0900","1800","1400","1400","0900","C2401626","311","09","2820","36.8261328693505","127.138376667018"
"대구광역시 중구 국채보상로 476 (동산동)","나사렛약국","053-255-7839","1830","0830","1830","0830","1830","0830","1830","0830","1830","0830","1300","0900","C1301190","700","310","2821","35.870419588361244","128.58277639888564"
"경기도 부천시 신흥로 223, 신중동역 랜드마크 푸르지오 시티 4층 414호 (중동)","나실약국","032-239-3653","1800","0900","1800","0900","1800","0900","1800","0900","1800","0900","1300","0900","C2109478","145","39","2822","37.5042856344773","126.775264770421"
"서울특별시 강동구 천호대로162길 50","나아약국","02-488-6241","1900","0930","1900","0930","1900","0930","1900","0930","1900","0930","1400","0930","C1102027","053","87","2823","37.53470383982136","127.12791549439002"
"전라남도 장성군 장성읍 영천로 200-2","장성군청 옆.(장성기독의원 옆)","나약국","061-392-7178","1900","0800","1900","0800","1900","0800","1900","0800","1900","0800","1400","0800","1300","0800","C2600397","572","19","2824","35.302359029635376","126.78504513481862"
"경기도 수원시 장안구 정조로934번길 35-2, (영화동)","나약국","031-244-4582","0930","0930","0930","0930","0930","0930","0930","0930","0930","0930","2000","0930","C2101749","162","69","2825","37.291905151247775","127.01447161571644"
"서울특별시 성북구 장위로15길 1, 1층 (장위동)","일요일 공휴일 불규칙 운영으로 전화 확인 필요","일요일 공휴일 불규칙 운영으로 전화확인 필요","나약국","02-918-1002","2100","0800","2100","0800","2100","0800","2100","0800","2100","0800","1900","0800","C1107011","027","54","2826","37.614357511845036","127.04129553529157"
"광주광역시 북구 임방울대로 1059, 102호 (용두동)","나약국","062-573-0059","1830","0830","1830","0830","1830","0830","1830","0830","1830","0830","1400","0830","C1501235","610","19","2827","35.212049868015235","126.87315828650615"
"광주광역시 남구 오방로 112-1, (방림동)","남광주고가도로부근방림1동사무소앞","나약국","062-652-0361","2200","0900","2200","0900","2200","0900","2200","0900","2200","0900","2100","0900","C1500321","616","67","2828","35.135179541296104","126.91834344189206"
"경기도 안양시 만안구 안양로 300, 1층 일부호 (안양동)","나우(now)백화점약국","031-441-8846","1800","0900","1800","0900","1800","0900","1800","0900","1800","0900","1300","0900","C2109974","139","92","2829","37.3991248089925","126.921537213894"
"충청남도 아산시 배방읍 고속철대로 133, 이마트 트레이더스 천안아산점 2층","나우약국","041-533-0515","2100","1000","2100","1000","2100","1000","2100","1000","2100","1000","2100","1000","2100","1000","2100","1000","C2401826","314","70","2830","36.7964996788723","127.105703258161"
"경기도 김포시 돌문로 98-4 (사우동)","나리병원 앞에 위치 1층","나우약국","031-983-3855","2000","0900","2000","0900","2000","0900","2000","0900","2000","0900","1630","0900","1300","0900","C2100412","101","08","2831","37.622121475288864","126.71337995798467"
"경기도 화성시 삼성전자로 1, 1층 (반월동)","나우약국","031-208-5589","1700","0800","1700","0800","1700","0800","1700","0800","1700","0800","C2100900","184","48","2832","37.221334448953506","127.06376573816416"
"전북특별자치도 군산시 대학로 271 (나운동)","나운온누리약국","063-466-0881","1830","0830","1830","0830","1830","0830","1830","0830","1830","0830","1600","0830","C2501364","541","31","2833","35.9687556244174","126.697182257803"
"경기도 남양주시 와부읍 덕소로 214, 101호 (재령빌딩)","나은누리약국","031-521-4990","1900","0830","1900","0830","1900","0830","1900","0830","1900","0830","1430","0830","C2107198","122","74","2834","37.57931260707259","127.21998681859151"
"경기도 용인시 수지구 풍덕천로 108, 1층 101호 (풍덕천동)","나은약국","0507-1481-0475","1800","0900","1800","0900","1800","0900","1800","0900","1800","0900","1300","0900","C2109672","168","41","2835","37.3219427264693","127.094266603466"
"대전광역시 유성구 원내로 57, 1층 (원내동)","나은약국","042-541-1856","2000","0900","2000","0900","2000","0900","2000","0900","2000","0900","1300","0900","C1600243","342","27","2836","36.29970079901193","127.31897506194006"
"경기도 고양시 덕양구 호국로790번길 17, 404호 (성사동, 영프라자)","나은약국","031-965-1221","1830","0900","1830","0900","1830","0900","1830","0900","1830","0900","1530","0900","C2102295","104","63","2837","37.656286553116566","126.83730875963047"
"서울특별시 구로구 구로동로28길 99 (구로동)","구로4동주민센터 맞은편","나은약국","02-830-4019","2030","0900","2030","0900","2030","0900","2030","0900","2030","0900","2030","0900","2000","1300","2000","1100","C1101972","083","06","2838","37.491921253298074","126.88924349257212"
"충청남도 공주시 산성시장5길 34-28, 1층 (산성동)","나은약국","041-400-7110","1800","0800","1800","0800","1800","0800","1800","0800","1800","0800","1200","0830","C2401666","325","39","2839","36.4599757687172","127.124130483124"
"경기도 양주시 장흥면 권율로 10, 1층 일부","휴업: ~20181130","나은약국","031-877-1226","2000","0900","2000","0900","2000","0900","2000","0900","2000","0900","C2107416","115","20","2840","37.717533831","126.9417840572"
"울산광역시 울주군 언양읍 헌양길 16, 1층","언양시외버스터미널 맞은편","나은약국","052-263-0047","1900","0900","1900","0900","1900","0900","1900","0900","1900","0900","1500","0900","C1700553","449","41","2841","35.56437750626377","129.12669379483893"
"서울특별시 강남구 봉은사로 610, 수도빌딩 103호 (삼성동)","나은약국","02-566-7782","1900","0900","2000","0900","1900","0900","2000","0900","1900","0900","1400","0900","C1110830","061","70","2842","37.5142207671959","127.061618047272"
"서울특별시 영등포구 영중로8길 6, 성남빌딩 B동 1층 104호 (영등포동3가)","점심시간 13:00~14:00","영등포역 5번 출구","나은약국","02-2678-2380","1900","1000","1900","1000","1900","1000","1900","1000","1600","1000","C1103199","073","02","2843","37.518175658944195","126.9064606982142"
"경기도 파주시 새꽃로 27, 금촌크리닉센터 109,110호 (금촌동)","나은약국","031-957-7582","1800","0900","1800","0900","1800","0900","1800","0900","1800","0900","1300","0900","C2110236","109","15","2844","37.7524504195767","126.768327279353"
"서울특별시 서초구 남부순환로287길 9-1 (방배동)","사당역 14번 출구 / 서울교통공사 인근","나은약국","02-583-8616","2000","0900","2000","0900","2000","0900","2000","0900","2000","0900","1330","0900","C1103337","066","98","2845","37.47627694435859","126.98754429048321"
"서울특별시 강동구 양재대로 1620, 명일빌딩 101호 (명일동)","명일역 4번 출구","나은약국","070-8877-4482","1930","0900","1930","0900","1930","0900","1930","0900","1930","0900","1700","0900","C1102810","052","92","2846","37.550024773831126","127.14404506299842"
"경기도 성남시 분당구 판교로 374, 스타식스코아2 109호 (삼평동)","봇들마을 사거리 우리은행 건물 3층 스타식스코아2 302호일부","나은약국","031-8016-3535","1830","0900","1830","0900","1830","0900","1830","0900","1830","0900","C2102364","134","92","2847","37.40383287033699","127.11590226283668"
"충청북도 제천시 용두천로 51 (명동)","동명초등정문우측옆","나은약국","043-920-1114","1930","0800","1930","0800","1930","0800","1930","0800","1930","0800","1600","0830","1600","0800","C2300173","271","85","2848","37.1350720372569","128.20741282198355"
"경기도 광명시 오리로 946, 1층 (광명동)","나은약국","02-521-2414","2000","0900","2000","0900","2000","0900","2000","0900","2000","0900","1800","0900","C2108949","142","21","2849","37.4785381518981","126.858158611787"
"광주광역시 남구 용대로 119","다사랑의원 옆","나은약국","062-671-7114","1930","0830","1930","0830","1930","0830","1930","0830","1930","0830","1800","0830","C1500424","616","74","2850","35.1269345361079","126.91811699031516"
"대구광역시 달성군 다사읍 매곡로12길 31","나은약국","053-243-0018","1800","0900","1800","0900","1800","0900","1800","0900","1800","0900","C1301774","429","08","2851","35.8650517105795","128.45615697540416"
"대구광역시 서구 달서로 127-2 (비산동)","나은약국","053-263-0474","1830","0900","1830","0900","1830","0900","1830","0900","1830","0900","1300","0900","C1301401","417","90","2852","35.8737052486","128.5709659352"
"대구광역시 수성구 명덕로 438, 104호 (수성동3가)","나은약국","053-767-7228","1900","0900","1900","0900","1900","0900","1900","0900","1900","0900","1300","0900","C1301716","421","38","2853","35.8539491407109","128.617946795216"
"대구광역시 달서구 명덕로 6, 1층 (두류동)","나은약국","053-261-0600","1800","0900","1800","0900","1800","0900","1800","0900","1300","0900","C1301849","426","62","2854","35.8614197273812","128.57238539866"
"충청북도 청주시 흥덕구 옥산면 오송가락로 1061, 파워프라자 107호","리버파크자이아파트 부근","나은약국","0507-1364-5488","1900","0830","1900","0830","1900","0830","1900","0830","1900","0830","1400","0830","1300","0830","C2301125","281","13","2855","36.67618618378107","127.38914437863667"
"부산광역시 부산진구 가야대로 414, 성문학원 2층 (개금동)","2호선 개금역 7번출구","나은약국","051-893-9935","1830","0900","1830","0900","1830","0900","1830","0900","1830","0900","1400","0900","1300","0900","C1202543","473","19","2856","35.15194731966898","129.01780187300542"
"경기도 하남시 신장로 151, 2층 222호 (덕풍동, 대동피렌체)","대동피렌체 221호","나은약국","031-796-7512","1930","0900","1930","0900","1930","0900","1930","0900","1930","0900","1330","0900","1300","0900","C2103375","129","76","2857","37.53951770514705","127.20164776687417"
"충청남도 서산시 시장6로 21 (동문동)","나은약국","041-668-3260","1800","0800","1800","0800","1800","0800","1800","0800","1800","0800","1300","0800","C2401858","319","81","2858","36.7815890767343","126.457796575601"
"경기도 안산시 단원구 고잔2길 9 (고잔동)","중앙역시청방향도보10분","나은약국","031-410-7599","1900","0900","1900","0900","1900","0900","1900","0900","1900","0900","1700","0900","C2103403","153","59","2859","37.31798945238892","126.83184718996174"
"경기도 안양시 만안구 안양로223번길 5 (안양동)","나은온누리약국","031-443-5111","1930","0900","1930","0900","1930","0900","1930","0900","1930","0900","1400","0900","C2106589","140","30","2860","37.39291342214802","126.92570205547274"
"전북특별자치도 김제시 남북로 231 (요촌동)","요촌동 밝은안과 옆","나은온누리약국","063-548-1105","2400","2100","2400","2100","2400","2100","1800","0900","2400","2100","1300","0830","2400","2100","C2500729","543","85","2861","35.80457030598885","126.88358255668402"
"충청남도 부여군 홍산면 홍산로 55, 1층","나을약국","041-834-4955","1830","0815","1830","0815","1830","0815","1830","0815","1830","0815","1430","0815","C2401786","331","99","2862","36.2145048699943","126.75940636814"
"전북특별자치도 전주시 완산구 서학로 37, 1층 (동서학동)","나을약국","063-278-6878","2000","0800","2000","0800","2000","0800","2000","0800","2000","0800","2000","0800","2000","1500","C2501414","551","01","2863","35.8096637292416","127.153586610357"
"전북특별자치도 완주군 봉동읍 봉동로 119,","봉동보건지소앞","나을약국","063-262-7572","1900","0900","1900","0900","1900","0900","1900","0900","1900","0900","1600","0900","C2500054","553","26","2864","35.93570089896284","127.16818405386371"
"광주광역시 남구 봉선로 11(봉선동)","국제호텔 아래 미니스톱 옆","나을약국","062-655-0061","1830","0830","1830","0830","1830","0830","1830","0830","1830","0830","1830","0830","C1500521","616","87","2865","35.1321258078917","126.90257287818312"
"대구광역시 수성구 달구벌대로 2580","만촌역장애인엘리베이터앞","나을약국","053-742-2241","1830","0900","1830","0900","1830","0900","1830","0900","1830","0900","1300","0900","C1300178","420","90","2866","35.858557651779","128.64496380882017"
"경기도 파주시 광탄면 큰여울길 20-21, 103호 (동신라메르아파트상가동)","나을약국","031-943-5777","1900","0900","1900","0900","1900","0900","1900","0900","1900","0900","1500","0900","C2103186","109","48","2867","37.779449751435735","126.84968481826014"
"인천광역시 동구 화도진로44번길 12, 1층(송현동)","송현동 중앙시장앞, 미림극장 맞은편","나을약국","032-763-2890","2030","0830","2030","0830","2030","0830","2030","0830","2030","0830","1800","0900","C1400643","225","51","2868","37.47601373439565","126.63422748105594"
"경상북도 포항시 북구 흥해읍 흥해로 23","흥해 BHC 치킨 맞은편","나을온누리약국","054-262-8799","2100","0830","2100","0830","2100","0830","2100","0830","2100","0830","2000","0830","C2700088","375","43","2869","36.10776402575894","129.34479626905562"
"경기도 평택시 중앙로 270, 1층 101호 (합정동)","나음약국","031-657-5002","1800","0900","1800","0900","1800","0900","1800","0900","1800","0900","1300","0900","C2109485","179","02","2870","36.9898927241082","127.11268174803"
"서울특별시 용산구 한강대로 95, 제지하1층 제1비157호 (한강로2가, 래미안용산 더 센트럴)","신용산역과 연결","나음약국","02-6402-1155","2000","0930","1900","0930","2000","0930","1900","0930","2000","0930","1430","1000","C1108504","043","78","2871","37.52910341975759","126.96685470008394"
"충청북도 진천군 진천읍 중앙동8길 6, 라온빌딩 1층 102호","나음약국","043-533-4969","1900","0900","1900","0900","1900","0900","1900","0900","1900","0900","1400","0830","C2301238","278","34","2872","36.8582570059893","127.444758675822"
"인천광역시 계양구 오조산공원로 26, 104호 (용종동)","나음약국","032-555-8582","2000","0900","2000","0900","2000","0900","2000","0900","2000","0900","1800","0900","C1401835","210","65","2873","37.5397131076891","126.737701875828"
"대전광역시 서구 문정로 144, 1층 (탄방동)","나음약국","042-483-7588","1900","0900","1900","0900","1900","0900","1900","0900","1900","0900","1400","0900","C1601283","352","55","2874","36.3469857435372","127.395435436497"
"경기도 광명시 광이로 95, 101동 208호 (광명동, 트리우스 광명)","나음약국","02-2625-0625","1800","0900","1800","0900","1800","0900","1800","0900","1800","0900","1300","0900","C2110074","142","06","2875","37.4848370853814","126.857173991727"
"서울특별시 강북구 도봉로 256, 덕산빌딩 1층 1호 (미아동)","추석 연휴 10:00~22:00 추석 14:00~22:00","나음온누리약국","02-982-9995","2040","0900","1840","0900","1840","0900","2040","0900","1840","0900","1440","0900","C1110286","011","32","2876","37.6314336664448","127.02442499813912"
"경기도 화성시 동탄순환대로20길 45, 상가동 203호 (목동, 동탄 금강펜테리움 센트럴파크Ⅳ)","나음온누리약국","031-377-2045","1800","0900","1800","0900","1800","0900","1800","0900","1800","0900","1400","0900","1400","0900","1400","0900","C2108024","184","84","2877","37.1895290950084","127.12751396465576"
"서울특별시 강동구 올림픽로 620, 예투빌딩 1층 (성내동)","천호역 8번 출구","나음온누리약국","02-488-0803","1930","0900","1930","0900","1930","0900","1930","0900","1930","0900","1430","0900","1930","0900","C1108131","053","78","2878","37.53680154604324","127.12308495293136"
"대전광역시 서구 관저중로 98, 리틀파워존 205호 (관저동)","나의라임약국","042-545-1622","1800","0900","1800","0900","1800","0900","1800","0900","1800","0900","1300","0900","C1601244","353","78","2879","36.30090664632328","127.3354172248263"
"경기도 의정부시 오목로225번길 140, 1층 110호 (민락동)","나이스약국","031-822-6600","1800","0900","1800","0900","1800","0900","1800","0900","1800","0900","1300","0900","C2110232","118","13","2880","37.7450286296568","127.09488765612"
"서울특별시 서초구 강남대로 421, 삼영빌딩 1층 (서초동)","나이스약국","02-594-0503","2000","1000","2000","1000","2000","1000","2000","1000","2000","1000","1800","1000","C1109524","066","14","2881"
"경기도 화성시 우정읍 기아자동차로 555","오후 8~10시까지는 휴게시간/토,일요일은 오후 6시~10시까지 휴게시간","나이스오서약국","031-358-7541","0100","0830","0100","0830","0100","0830","0100","0830","0100","0830","0100","0830","0100","0830","0100","0830","C2106447","185","69","2882","37.06431579893791","126.79507965571374"
"경기도 성남시 분당구 야탑로81번길 10","킴스맞은편건물/아미고타워 4층 403-1호","나인약국","031-622-0577","1900","0900","1900","0900","1900","0900","1900","0900","1900","0900","C2103052","134","97","2883","37.41084463052555","127.12819785417207"
"서울특별시 서초구 서초대로77길 3, 아라타워 124호 (서초동)","공휴일 운영시간 변동 가능","나인약국","02-537-0999","2130","0930","2130","0930","2130","0930","2130","0930","2130","0930","1900","0930","1900","0930","C1109525","066","15","2884","37.49795063365941","127.02648769243396"
"전북특별자치도 익산시 무왕로 964 (신동)","21시(저녁 9시)이후에는 전화연락 후 방문 주말, 공휴일 전화 연락 후 방문","나인투나인대학로약국","063-843-8575","2100","0900","2100","0900","2100","0900","2100","0900","2100","0900","2100","0900","2100","1000","2100","1000","C2501206","546","35","2885","35.9610772168","126.9649521009"
"광주광역시 북구 동문대로 95, 1층 (우산동)","일요일, 공휴일 전화 연락 후 방문 요함","은병원 맞은편 위치","나일약국","062-264-1558","2100","0830","2100","0830","2100","0830","2100","0830","2100","0830","2100","0830","1900","1000","1900","1000","C1500387","611","94","2886","35.172161111111109","126.923900000000003"
"대전광역시 대덕구 대전로 1428, (읍내동)","나자로약국","042-636-1440","1800","0840","1800","0840","1800","0840","1800","0840","1800","0840","1520","0840","C1600089","343","54","2887","36.38011366776984","127.42394197165863"
"울산광역시 남구 문수로 377, 대공원센트럴하임더시티 1층 106호 (옥동)","나정약국","052-269-3999","2000","0900","2000","0900","1400","0900","2000","0900","2000","0900","2000","0900","C1700716","446","48","2888","35.5346898927885","129.294804297205"
"전라남도 나주시 영산로 5422 (성북동)","남원골 추어탕","나주온누리약국","061-334-2398","1800","0900","1800","0900","1800","0900","1800","0900","1800","0900","C2600739","582","55","2889","35.03554010691292","126.72146484448755"
"전라남도 나주시 나주로 210 (성북동)","나주한국병원바로옆","나주제일약국","061-333-2411","1830","0830","1830","0830","1830","0830","1830","0830","1830","0830","1300","0830","C2600801","582","55","2890","35.03524161132009","126.72190313526772"
"전라남도 나주시 나주로 195 (중앙동)","터미널미니스톱맞은편","나주종로약국","061-333-8275","1900","0800","1900","0800","1900","0800","1900","0800","1900","0800","1500","0800","C2600184","582","55","2891","35.03408172276644","126.72149062930333"
"전라남도 나주시 영산로 5426, 1층 102호 (성북동)","나주친절약국","061-334-3323","1800","0830","1800","0830","1800","0830","1800","0830","1800","0830","1230","0830","C2601234","582","55","2892","35.0355448980865","126.722021217612"
"전라남도 나주시 나주로 197, 1층 (중앙동)","나주태평양약국","061-332-7577","1800","0830","1800","0830","1800","0830","1800","0830","1800","0830","1300","0830","C2601107","582","55","2893","35.0342637503","126.7214604081"
"전라남도 나주시 정보화길 50, 103호 (빛가람동)","나주하나약국","061-820-7702","1800","0830","1800","0830","1800","0830","1800","0830","1800","0830","1300","0830","C2601202","583","23","2894","35.023789764566","126.799458272634"
"서울특별시 도봉구 방학로 223, 101호 (방학동, 사천목씨종친회관)","신동아아파트 사거리","나진약국","02-3491-9158","1830","0900","1830","0900","1830","0900","1830","0900","1830","0900","1430","0900","1350","0900","C1101971","013","62","2895","37.66156191569877","127.02736455644941"
"서울특별시 노원구 상계로12길 41, (상계동)","상계2동성당 인근","나현약국","02-936-7718","2300","0930","2300","0930","2300","0930","2300","0930","2300","0930","2300","0930","2300","0930","2300","0930","C1102798","016","97","2896","37.65643145763186","127.06964760462812"
"경상북도 칠곡군 왜관읍 중앙로 241","일요일은 약국 당번일때만 운영","왜관중앙시장 입구","낙동강약국","054-972-5286","1900","0900","1900","0900","1900","0900","1900","0900","1900","0900","1600","0900","1300","0900","C2700964","398","86","2897","35.9965134987331","128.39890998762183"
"경상북도 상주시 낙동면 영남제일로 110","낙동약국","054-533-1793","2100","0900","2100","0900","2100","0900","2100","0900","2100","0900","2000","0900","2000","0900","C2700780","372","51","2898","36.3649790840964","128.297614700003"
"경상북도 칠곡군 왜관읍 중앙로 242","일요일 4주","왜관시장앞","낙동온누리약국","054-975-8827","2030","0900","1900","0900","2030","0900","1900","0900","2030","0900","1900","0900","1900","0900","C2701018","398","87","2899","35.996442466073525","128.399321873248"
"강원특별자치도 양양군 강현면 일출로 5-1","낙산약국","033-672-9406","1900","0900","1900","0900","1900","0900","1900","0900","1900","0900","1900","0900","1900","0900","C2201176","250","09","2900","38.1193785051476","128.629983559731"
"제주특별자치도 제주시 도령로 87, 현대오피스텔 1층 106,107호 (연동)","낙산약국","064-743-0124","1800","0900","1800","0900","1800","0900","1800","0900","1800","0900","C2900577","631","27","2901","33.4908688308155","126.487275468846"
"서울특별시 관악구 남부순환로 1938, 1층 (봉천동, 성은빌딩)","낙성대역 1번 출구 앞","낙성대약국","02-883-9100","2000","0830","2000","0830","2000","0830","2000","0830","2000","0830","1530","0830","C1102016","087","93","2902","37.4765584009567","126.964110012242"
"충청남도 청양군 청양읍 중앙로 126","당직인경우 22시까지 운영합니다.","청양읍 십자로에서 부여방향에 있습니다.","읍내사거리","낙원약국","041-942-2635","1730","0830","1730","0830","1730","0830","1730","0830","1730","0830","1330","0830","C2400153","333","33","2903","36.450507193978815","126.80315606792443"
"강원특별자치도 춘천시 영서로 2779 (우두동)","두미르 아파트옆","낙원약국","033-253-3051","1900","0900","1900","0900","1900","0900","1900","0900","1900","0900","1500","0900","C2200243","242","37","2904","37.9013571217188","127.7284239112274"
"전북특별자치도 정읍시 신태인읍 신태인중앙로 23, 1층","신태인파출소 앞, 조용근정형외과","낙원종합약국","063-571-8275","1830","0800","1830","0800","1830","0800","1830","0800","1830","0800","1300","0800","C2500495","561","04","2905","35.688981190166025","126.88729691965011"
"전북특별자치도 정읍시 신태인읍 신태인중앙로 25 (신태인읍)","낙원한약국","063-571-8228","1700","0900","1700","0900","1700","0900","1700","0900","1700","0900","1300","0900","C2501085","561","04","2906","35.68918347680229","126.88772086210986"
"서울특별시 관악구 난곡로 231, 1층 (신림동)","세이브마트 인근","난곡비타민약국","02-855-8885","2000","0900","2000","0900","2000","0900","2000","0900","2000","0900","2000","0900","2000","0900","2000","0900","C1100203","088","64","2907","37.47492821178849","126.91663275971402"
"서울특별시 관악구 난곡로 219 (신림동)","난곡프라자약국","02-851-1230","1900","0900","1900","0900","1900","0900","1900","0900","1900","0900","1500","0900","C1110008","088","64","2908","37.4738902000391","126.917333241443"
"경상남도 진주시 촉석로201번길 5, (평안동)","서봉관내과의원","남강약국","055-743-0343","1830","0830","1830","0830","1830","0830","1830","0830","1830","0830","1300","0830","C2800555","527","53","2909","35.19607241579161","128.08367238424256"
"대구광역시 남구 이천로 40 (봉덕동)","남구청사거리","남경북약국","053-475-9991","2100","0900","2100","0900","2100","0900","2100","0900","2100","0900","2100","0900","1800","0900","C1300028","424","41","2910","35.844566666666665","128.598472222222227"
"경기도 안산시 상록구 도매시장로 105-1, (일동)","안산식물원사거리근처","남경약국","031-437-7722","2030","0900","2030","0900","2030","0900","2030","0900","2030","0900","1500","0900","C2103331","153","22","2911","37.31499908103842","126.86412941461901"
"부산광역시 부산진구 범일로 156-1, 1층 (범천동)","1호선 범일역 12번출구","남경약국","051-635-0419","1900","0900","1900","0900","1900","0900","1900","0900","1900","0900","1500","0900","C1202658","473","61","2912","35.1439816584746","129.059555817406"
"충청남도 천안시 동남구 풍세면 풍세로 465, 1층","남관약국","041-571-1579","1900","0900","1900","0900","1900","0900","1900","0900","1900","0900","1900","0900","1700","0900","1700","0900","C2401635","312","13","2913","36.7547097731799","127.127261445182"
"대구광역시 서구 팔달로 152, 101호 (비산동)","남광약국","053-352-8377","2000","0900","2000","0900","2000","0900","2000","0900","2000","0900","2000","0900","1700","1000","1700","1000","C1301753","417","15","2914","35.8887603607903","128.566637455169"
"울산광역시 남구 산업로339번길 38-12, (선암동)","한양아파트 입구 맞은편","남광약국","052-267-0231","2000","0900","2000","0900","2000","0900","2000","0900","2000","0900","2000","0900","2000","1100","2000","0900","C1700292","447","71","2915","35.517341400975965","129.33617260796518"
"제주특별자치도 제주시 남광로2길 43 (이도이동)","21세기병원 동측 뒤편위치/","남광약국","064-757-6015","1900","0900","1900","0900","1900","0900","1900","0900","1900","0900","1300","0900","C2900010","632","30","2916","33.489251450430125","126.54004124579235"
"대구광역시 수성구 달구벌대로 3169","대구자연과학고맞은편","남광약국","053-794-1383","1830","0900","1830","0900","1300","0900","1830","0900","1830","0900","1230","0900","C1300540","422","68","2917","35.841495662841794","128.70385258565278"
"광주광역시 동구 제봉로 12, (학동)","전대병원 응급실 전철입구","남광주종로약국","062-232-8575","1830","0800","1830","0800","1830","0800","1830","0800","1830","0800","1400","0800","C1500340","614","69","2918","35.140169444444446","126.922497222222219"
"서울특별시 구로구 구로동로 33 (가리봉동)","","남구로약국","02-838-3104","2500","0830","2500","0830","2500","0830","2500","0830","2500","0830","2500","0830","2500","0830","2500","0830","C1108913","083","22","2919","37.4845769677862","126.8860293447"
"서울특별시 중구 퇴계로 53, 1층 (남창동)","남대문대형약국","02-773-7736","1930","0800","1930","0800","1930","0800","1930","0800","1930","0800","1900","0800","1900","0800","1900","0800","C1110551","045","29","2920","37.5586959348369","126.978062995181"
"서울특별시 은평구 통일로87길 19, 1층(갈현동)","공휴일 운영 시간 변동 가능","연신내역 / 갈현1동 주민센터 인근","남대문약국","02-351-3668","2000","0830","2000","0830","2000","0830","2000","0830","2000","0830","1900","0830","2000","1000","C1101957","033","29","2921","37.62325793685766","126.91750953311296"
"전북특별자치도 전주시 완산구 풍남문4길 3","일요일 전화 후 방문","남부시장매곡교앞","남대문약국","063-284-2106","1800","0900","1800","0900","1800","0900","1800","0900","1800","0900","1300","0900","C2500255","550","43","2922","35.81272895212925","127.14538493672748"
"서울특별시 금천구 독산로40길 25, 1층 (시흥동)","남대문약국","02-808-7330","2000","0900","1900","0900","2000","0900","2000","0900","2000","0900","1600","0900","C1109243","085","68","2923","37.460350828096665","126.9059252390277"
"서울특별시 중구 남대문로 20(남대문로3가)","남대문약국","02-6958-7022","1930","0830","1930","0830","1930","0830","1930","0830","1930","0830","1930","0830","1900","0900","C1109535","045","29","2924","37.560800363056","126.977899962807"
"강원특별자치도 강릉시 율곡로 2796, 2층 (성남동)","남대천약국","033-644-4082","1730","0830","1730","0830","1730","0830","1230","0830","1730","0830","1230","0830","C2200225","255","55","2925","37.754511901236256","128.90148596910115"
"광주광역시 동구 제봉로 19, (학동)","공휴일, 일요일 전화 연락 후 방문 요함","전남대학교병원 응급실 맞은편","남도약국","062-232-5206","1900","0900","1900","0900","1900","0900","1900","0900","1900","0900","1900","0900","1900","0900","1900","0900","C1500070","614","89","2926","35.140568088939965","126.92172271897286"
"전라남도 해남군 해남읍 남부순환로 1","터미널안에 위치.","남도약국","061-533-2525","1730","0800","1730","0800","1730","0800","1730","0800","1730","0800","1230","0800","C2600547","590","38","2927","34.57061544246284","126.6079370795465"
"경기도 수원시 권선구 동수원로242번길 20 (권선동)","남도약국","031-222-4669","2200","0930","2200","0930","2200","0930","2200","0930","2200","0930","C2103660","165","53","2928","37.25041675628963","127.03558656755365"
"전라남도 목포시 정의로 4-10 (옥암동)","신안꿈동산 후문","남도온누리약국","061-284-1293","1300","0900","1300","0900","1300","0900","1300","0900","1300","0900","1300","0900","C2600535","586","71","2929","34.79824842353101","126.42735269593891"
"인천광역시 남동구 은청로 4-7, 남동공단산업용품상가 A동 1층 150호 (고잔동)","산업유통상가 A동 150호. 2단지 남동공구상가 국민은행 아래층(1층)","남동약국","032-815-0777","2000","0830","2000","0830","2000","0830","2000","0830","2000","0830","1700","0830","C1400265","216","33","2930","37.40694141254477","126.69415696033616"
"인천광역시 남동구 장승남로33번길 9, 대동아파트상가 110동 1층 107,108호 (만수동)","남동온누리약국","032-466-8802","2100","0900","2100","0900","2100","0900","2100","0900","2100","0900","2100","0900","2100","0900","2100","0900","C1401708","215","94","2931","37.4437435563","126.7357586362"
"서울특별시 송파구 오금로64길 4 (거여동)","거여역 5번 출구","남매약국","02-407-8774","2000","0900","2000","0900","2000","0900","2000","0900","2000","0900","2000","0900","C1101961","057","73","2932","37.4925528440657","127.147314755158"
"세종특별자치시 연기면 당산로 132-1","연기면 연기리","남면약국","044-863-7720","1800","1000","1800","1000","1800","1000","1800","1000","1800","1000","C1800048","300","58","2933","36.545191075023034","127.27789419431676"
"대구광역시 수성구 상화로 39","남명마음약국","053-762-1880","1900","0900","1900","0900","1900","0900","1900","0900","1900","0900","1400","0900","C1300695","421","59","2934","35.83481404644542","128.61118610428517"
"울산광역시 동구 남목17길 4, 103호 (동부동)","남목공룡약국","052-252-6119","1900","0900","1900","0900","1900","0900","1900","0900","1900","0900","1700","0900","C1700558","440","06","2935","35.5424282274454","129.4274773661503"
"경기도 수원시 팔달구 정조로 788 (팔달로2가)","남문로약국","031-245-3344","2200","0900","2200","0900","2200","0900","2200","0900","2200","0900","1500","0900","C2107736","162","57","2936","37.27833157607088","127.01700828755641"
"경기도 수원시 팔달구 정조로 774, 1층 (팔달로3가)","남문시장약국","031-252-5571","1800","0900","1800","0900","1800","0900","1800","0900","1800","0900","1300","0900","C2108639","162","62","2937","37.2770967897044","127.01701556434"
"경상남도 거제시 아주로1길 2","남문약국","055-632-3588","2100","0900","2100","0900","2100","0900","2100","0900","2100","0900","1900","0900","C2801114","533","04","2938","34.866596951079494","128.69241193996794"
"충청남도 태안군 태안읍 환동로 77-1","토요일은 개인사정으로 일찍 닫을때도 있음.","저희약국은 구터미날 서부대기소 바로 옆에 위치하고 있습니다.","구 수협건물","남문약국","041-674-1771","1900","0800","1900","0800","1900","0800","1900","0800","1900","0800","1800","0800","1400","0900","C2400833","321","42","2939","36.7541692189","126.2943496839"
"전북특별자치도 고창군 무장면 무장읍성길 6 (무장면)","신용협동조합건물 건너편 아래.","남문약국","063-562-9400","1730","0830","1730","0830","1730","0830","1730","0830","1730","0830","1300","0830","C2500209","564","55","2940","35.41505842941779","126.5607635177085"
"제주특별자치도 제주시 중앙로 132","제주시 삼도2동 칼호텔맞은편 중앙여중입구","남문약국","064-751-9967","2000","0830","2000","0830","2000","0830","2000","0830","2000","0830","1800","0830","C2900105","631","70","2941","33.50686944327212","126.52467453275216"
"대구광역시 남구 명덕시장길 45 (대명동)","영대병원~명덕시장 사이","남문약국","053-621-2512","1830","0900","1830","0900","1830","0900","1830","0900","1830","0900","C1300543","424","17","2942","35.84534418445021","128.58560175446107"
"전북특별자치도 완주군 고산면 고산로 91","18:00~21:00 휴게시간","고산 터미널 건물1층","남문약국","0632618275","0000","0900","0000","0900","0000","0900","0000","0900","0000","0900","0000","0900","0000","0900","0000","0900","C2500627","553","11","2943","35.975063650448796","127.20695683100898"
"서울특별시 금천구 시흥대로 436","남문프라자약국","02-837-5550","2300","0830","2300","0830","2300","0830","2300","0830","2300","0830","2300","0830","2200","0900","C1104294","085","45","2944","37.4726001987827","126.898669033211"
"경상남도 창원시 진해구 충장로329번길 23-1 (경화동)","경화파출소 근처","남방약국","055-542-7447","2100","0700","2100","0700","2100","0700","2100","0700","2100","0700","2100","0700","2100","0700","2200","0700","C2800819","516","69","2945","35.15569933083423","128.6878698971739"
"광주광역시 서구 화정로 109, (쌍촌동)","시영아파트입구옆","남방약국","062-375-6969","1930","0830","1930","0830","1930","0830","1930","0830","1930","0830","1600","0830","C1500158","619","97","2946","35.1452381627944","126.86932576728013"
"경상북도 포항시 남구 상공로 43","남부시장입구","남부시장약국","054-273-9618","2000","0900","2000","0900","2000","0900","2000","0900","2000","0900","2000","0900","2000","0900","2100","0900","C2700604","377","68","2947","36.0126103919573","129.35613468447474"
"서울 강서구 등촌로5길 80 (화곡동)","남부시장","남부시장약국","02-2645-0101","1900","0900","1900","0900","1900","0900","1900","0900","1900","0900","1800","0900","C1104339","077","38","2948","37.5330706883775","126.858951804044"
"강원특별자치도 원주시 남원로 667 (명륜동)","2018년 추석연휴 휴무","롯데리아 남부점 근처 버스정거장 앞","남부약국","033-765-2767","1900","0830","1900","0830","1900","0830","1900","0830","1900","0830","1700","0830","C2200079","264","41","2949","37.342203444710485","127.9541948501182"
"경기도 부천시 경인로 238-7 (심곡본동)","부천남부역광장건너편","남부약국","032-657-6401","2130","0900","2130","0900","2130","0900","2130","0900","2130","0900","2130","0900","1300","0900","C2100434","147","11","2950","37.48290561792915","126.78196782699896"
"경상남도 양산시 중앙로 124, 버드나무한의원 (남부동)","남부약국","055-384-7717","1830","0900","1830","0900","1830","0900","1830","0900","1830","0900","1600","0900","C2802143","506","22","2951","35.3418055526461","129.037644263662"
"인천광역시 부평구 동암남로 10 (십정동)","전철1호선동암남부역에서지하철공사쪽으로100m","남부온누리약국","032-431-6650","1930","0900","1930","0900","1930","0900","1930","0900","1930","0900","1800","0900","C1400152","214","39","2952","37.47073810135254","126.7047888882316"
"서울특별시 서초구 동산로 60, 1층 (양재동)","언남중학교 정문 맞은편","남부장수약국","02-572-4935","2100","0900","2100","0900","2100","0900","2100","0900","2100","0900","1900","0900","C1104541","067","84","2953","37.4716967865343","127.045418313074"
"경상북도 포항시 남구 상공로 43","남부시장(내)","남부제일약국","054-282-2366","1930","0800","1930","0800","1930","0800","1930","0800","1930","0800","1930","0800","C2700599","377","68","2954","36.012634734162106","129.35617976770558"
"전북특별자치도 익산시 평동로 758, (동산동)","우성아파트입구","남부종로약국","063-858-8801","2100","0900","2100","0900","2100","0900","2100","0900","2100","0900","1900","0900","C2500046","546","76","2955","35.927714932347776","126.96172570204524"
"전라남도 순천시 중앙초등아랫길 80","중앙초등학교 인근","남부종합약국","061-741-0061","1800","0830","1800","0830","1800","0830","1800","0830","1800","0830","1300","0830","C2600379","579","63","2956","34.94215757970841","127.50346153659488"
"서울특별시 서초구 서초중앙로 26, 104호 (서초동, 래미안 서초유니빌)","남부터미널4번출구약국","02-522-5251","2000","0830","2000","0830","2000","0830","2000","0830","2000","0830","1400","0900","1400","0900","1400","0900","C1110243","067","20","2957","37.4846872089607","127.016991752076"
"서울특별시 노원구 상계로27길 15, 1층 (상계동)","노원아이파크 인근","남북약국","02-936-6675","2030","0900","2030","0900","2030","0900","2030","0900","2030","0900","2030","0900","C1103185","016","84","2958","37.659234699618","127.070226283223"
"경기도 안산시 단원구 다문화길 15, 1층 (원곡동)","남사랑약국","031-494-7789","2130","0900","2130","0900","2130","0900","2130","0900","2130","0900","2130","0900","2130","0900","C2100793","153","94","2959","37.32961787820779","126.79029410702555"
"경기도 용인시 처인구 남사면 내기로 10","남사약국","031-333-0363","2100","0900","2100","0900","2100","0900","2100","0900","2100","0900","1730","0900","C2101461","449","883","2960","37.11409397691163","127.1501502365855"
"부산광역시 금정구 금강로 713, 1층 (남산동)","버스정류장: 새벽시장 맞은편","남산비타민약국","051-517-0047","1830","0900","1830","0900","1830","0900","1830","0900","1830","0900","1300","0900","C1201241","462","21","2961","35.271182499814714","129.08889720845713"
"부산광역시 수영구 수영로384번길 43","2호선 남천역 3번 출구/남천해변시장앞","남산약국","051-622-0811","2100","0900","2100","0900","2100","0900","2100","0900","2100","0900","1800","0900","1800","0900","C1201456","483","11","2962","35.13937518057539","129.10832753892137"
"충청북도 괴산군 괴산읍 읍내로2길 85","충북괴산축협본점100미터","남산약국","043-832-2544","1800","0900","1800","0900","1800","0900","1800","0900","1800","0900","1300","0900","C2300167","280","29","2963","36.81167246635743","127.79423548383105"
"대구광역시 중구 달구벌대로 2021, 401동 101호 (동산동, 청라언덕역 서한포레스트)","남산약국","053-423-9922","1800","0900","1800","0900","1800","0900","1800","0900","1800","0900","1330","0900","C1301537","419","31","2964","35.8576613394","128.5830385215002"
"인천광역시 강화군 강화읍 충렬사로 24, 1층","남산약국","032-934-5670","1800","0900","1800","0900","1800","0900","1800","0900","1800","0900","C1400767","230","37","2965","37.73719168122054","126.48563670109206"
"경상북도 경주시 산업로 3012","일요일, 공휴일은 유동적임","불국사 농협 맞은편","남산약국","054-745-1220","2100","0900","2100","0900","2100","0900","2100","0900","2100","0900","2100","0900","1900","0900","2100","0900","C2700061","381","29","2966","35.7753568544345","129.30013952171342"
"전라남도 여수시 신월로 712-1, (봉산동)","남산약국","061-642-0532","1200","0900","1200","0900","1200","0900","1200","0900","1200","0900","1730","0900","C2600691","597","62","2967","34.73399692163681","127.71990073896816"
"경상남도 고성군 고성읍 중앙로43번길 3-1 (고성읍)","아주드물게 일요일은09시부터 시작하는경우있음","강병원 옆","남산약국","055-674-2266","2200","0830","2200","0830","2200","0830","2200","0830","2200","0830","2200","0830","2130","0830","2200","0830","C2800997","529","42","2968","34.9741729139","128.3249458171"
"울산광역시 동구 진성4길 57(전하동)","동울산시장 내","남산약국","052-251-4421","1930","0900","1930","0900","1930","0900","1930","1100","1930","0900","1700","0900","C1700351","440","47","2969","35.508977777777780","129.425822222222223"
"서울 중구 소공로 35 (회현동1가, 남산 롯데캐슬)","남산우리약국","02-3789-7582","2000","0900","2000","0900","2000","0900","2000","0900","2000","0900","1500","0900","C1110696","046","32","2970","37.5582247092319","126.981744459746"
"충청남도 천안시 동남구 중앙시장길 2","중앙시장 옆","남산제일약국","041-523-2569","1830","0800","1830","0800","1830","0800","1830","0800","1830","0800","1330","0800","C2400594","311","29","2971","36.80067055202196","127.14897310273889"
"충청남도 천안시 동남구 대흥로 118, (사직동)","남산 중앙시장 정문근처","남산중앙약국","041-555-6275","1930","0830","1930","0830","1930","0830","1930","0830","1930","0830","1500","0830","C2400002","311","29","2972","36.8002173250353","127.1498856421414"
"충청북도 충주시 남산4길 52, (교현동)","* 공공심야약국(22시~익일 새벽 1시까지)","남산아파트밑건일상가아파트아래쪽삼성의원옆","남산태평양약국","043-847-8051","2500","2200","2500","2200","2500","2200","2500","2200","2500","2200","2500","2200","2500","2200","2500","2200","C2300557","273","96","2973","36.966461111111109","127.944769444444447"
"충청북도 영동군 영동읍 중앙로 33, 정준내과,약국","영동군영동읍계산리695-1 - 정준내과1층","남서울약국","043-745-3223","2100","0830","2100","0830","2100","0830","2100","0830","2100","0830","2000","0830","C2300221","291","45","2974","36.17516072620833","127.77694434651647"
"경상북도 김천시 김천로 190-2, (남산동)","약국","남산종합의원 옆","남선약국","054-431-5111","1730","0900","1730","0900","1730","0900","1730","0900","1730","0900","1300","0900","C2700441","395","96","2975","36.119331531607905","128.12118233959393"
"경기도 화성시 봉담읍 와우안길 65 (봉담읍)","남수원약국","031-223-4746","2300","0800","2300","0800","2300","0800","2300","0800","2300","0800","2300","0800","2300","0800","2300","0800","C2101633","183","21","2976","37.21696158734189","126.97506786074865"
"경기도 수원시 권선구 덕영대로1201번길 8 (권선동)","남수원큰사랑약국","031-226-6758","2100","0900","2100","0900","2100","0900","2100","0900","2100","0900","2000","0900","C2101065","165","84","2977","37.2496451879207","127.02253137328859"
"서울특별시 중구 남대문로 18 (남대문로3가)","일요일, 공휴일 짝수 일요일 휴업","회현역 6번출구/신한은행 남대문지점 맞은편","남시약국","02-753-7466","1900","0800","1900","0800","1900","0800","1900","0800","1900","0800","1900","0800","1800","0900","1800","0900","C1102013","045","29","2978","37.5607683480329","126.977742197385"
"전라남도 무안군 삼향읍 후광대로 242","무안군삼향읍후광대로242","남악다나약국","061-284-1221","1800","0800","1800","0800","1800","0800","1800","0800","1800","0800","1300","0800","1200","0800","C2600701","585","66","2979","34.81397287651562","126.45810828441455"
"전라남도 무안군 삼향읍 남악3로 50, 신우메디칼센터 101호","남악더조은약국","061-284-1166","1700","0900","1700","0900","1700","0900","1700","0900","1700","0900","C2601343","585","67","2980","34.8099706843837","126.460671389064"
"전라남도 무안군 삼향읍 남악4로 86, 한양에드가 오피스텔 1차 1층 106,113호","남악복합주민센터 근처","남악약국","061-285-3993","1900","0800","1900","0800","1900","0800","1900","0800","1900","0800","1300","0800","1300","0900","C2600004","585","67","2981","34.8131586335883","126.46638492628841"
"경상북도 안동시 경북대로 177","안동병원 출문 왼쪽편","남안동약국","054-859-4689","1900","0830","1900","0830","1900","0830","1900","0830","1900","0830","1700","0830","C2700740","367","43","2982","36.54789605930498","128.70113465214033"
"경기도 화성시 남양읍 남양로 829, 114호","남양나무약국","031-357-9871","1900","0900","1900","0900","1900","0900","1900","0900","1900","0900","1400","0900","C2109143","182","66","2983","37.2097486783534","126.832276912347"
"경기도 화성시 남양읍 시청로 115, 임광프라자 108호 (남양읍)","남양새봄약국","031-356-7929","1930","0830","1930","0830","1930","0830","1930","0830","1930","0830","1400","0830","C2107389","182","71","2984","37.2007370046","126.8262120729"
"경기도 화성시 남양읍 시청로 109","남양약국","031-357-0516","1900","0900","1900","0900","1900","0900","1900","0900","1900","0900","1300","0900","C2100035","182","71","2985","37.20117051856492","126.82581008786201"
"경기도 화성시 남양읍 남양로 671, 106호","남양엘약국","031-357-2219","1900","0900","1900","0900","1900","0900","1900","0900","1900","0900","1400","0900","C2107672","182","70","2986","37.1984805163","126.8260370248"
"경기도 화성시 남양읍 시청로160번길 46-13, 103,104호","남양우리약국","031-355-4911","2100","0900","2100","0900","2100","0900","2100","0900","2100","0900","2100","0900","2100","0900","2100","0900","C2108280","182","70","2987","37.199231241321","126.825709661993"
"경기도 남양주시 고산로 174, 1,2층 일부호 (삼패동)","남양주메가몰약국","031-576-8148","1800","0900","1800","0900","1800","0900","1800","0900","1800","0900","1300","0900","C2110136","122","45","2988","37.5942570968205","127.185317961129"
"경기도 남양주시 고산로 249-18, 1층 (삼패동)","남양주백화점대형약국","07088627777","1800","0900","1800","0900","1800","0900","1800","0900","1800","0900","1300","0900","C2110257","122","45","2989","37.5947192919354","127.193192739487"
"경기도 화성시 남양읍 남양성지로 143","남양하나약국","031-356-2800","2000","0900","2000","0900","2000","0900","2000","0900","2000","0900","2000","0900","C2106684","182","61","2990","37.209318280634136","126.81877974729352"
"부산광역시 사하구 제석로 54 (당리동)","버스정류장: 사하구청","남영사약국","051-293-1230","1930","0900","1930","0900","1930","0900","1930","0900","1930","0900","1430","0900","C1200399","493","23","2991","35.10537346305663","128.97472755691086"
"서울특별시 서초구 동광로 75, 1층 (방배동)","함지박사거리","남영약국","02-533-7197","1900","0900","1900","0900","1900","0900","1900","0900","1900","0900","1300","0900","C1101903","065","84","2992","37.4930693253348","126.990645299452"
"서울특별시 종로구 삼일대로 461","","안국역6번출구인사동해정병원입구지하1층/운현궁SK허브","남영약국","02-733-4774","1700","0800","1930","0800","1700","0800","1700","0800","1700","0800","1230","0800","C1102020","031","47","2993","37.57591401690377","126.98538249140849"
"부산광역시 동래구 충렬대로 252-1 (수안동)","주말, 공휴일 유선문의 후 방문 요망","버스정류장: 동래시장 육교 부근 (시장반대쪽)","남영약국","051-555-9655","2100","0900","2100","0900","2100","0900","2100","0900","2100","0900","2100","0900","2100","0900","C1201070","478","77","2994","35.200975000000000","129.086700000000008"
"전북특별자치도 남원시 용성로 102, 백제약국 (죽항동)","남원 시외버스 터미널 앞","남원백제약국","063-633-1233","2100","0730","2100","0730","2100","0730","2100","0730","2100","0730","2100","0730","2100","0730","2100","0730","C2500038","557","72","2995","35.409147222222224","127.387613888888893"
"전북특별자치도 남원시 춘향로 20, 남원사랑약국 (도통동)","남원사랑약국","063-635-6263","2100","0900","2100","0900","2100","0900","2100","0900","2100","0900","2100","0900","2100","0900","2100","0900","C2501426","557","55","2996","35.4176909372162","127.398097507935"
"전북특별자치도 남원시 동부시장길 2 (동충동)","남원시외버스터미널근처 정영미피부과 밑에 위치","남원서현약국","063-635-8700","1800","0830","1800","0830","1700","0830","1800","0830","1800","0830","1230","0830","C2500487","557","60","2997","35.410204965743304","127.38899496537897"
"제주특별자치도 서귀포시 남원읍 태위로 667","남제주마트동측","남원약국","064-764-0405","1930","0830","1930","0830","1930","0830","1930","0830","1930","0830","1300","0830","C2900033","636","21","2998","33.278914425206366","126.71790663734978"
"전북특별자치도 남원시 용성로 222","일요일(2.4주만운영)/","도통동 농협 옆","남원종로약국","063-636-8287","2000","0830","2000","0830","2000","0830","2000","0830","2000","0830","2000","0830","C2500074","557","57","2999","35.41718572536387","127.39655613661564"
"부산광역시 북구 덕천로 76, 남은약국 (덕천동)","덕천주공@입구","남은약국","051-337-7682","1900","0900","1900","0900","1900","0900","1900","0900","1900","0900","1300","0900","C1200587","465","89","3000","35.20880379962555","129.013198749102"
"전북특별자치도 정읍시 우암로 14, (시기동)","우리마트 옆건물","남이약국","063-533-5980","1900","0830","1200","0900","1900","0830","1900","0830","1900","0830","1400","0830","C2500151","561","62","3001","35.564686111111108","126.853927777777784"
"서울특별시 송파구 올림픽로35길 10, 309호 (신천동, 파크리오)","몽촌토성역 5번출구","남일누리약국","02-419-8875","2100","0830","2100","0830","2100","0830","2100","0830","1830","0830","1400","0900","C1109290","055","07","3002","37.5203136784994","127.113265160573"
"경상남도 남해군 창선면 창선로 67","남일약국","055-867-7224","1830","0730","1830","0730","1830","0730","1830","0730","1830","0730","1130","0730","C2801672","524","53","3003","34.85496619122434","128.01270070462724"
"전라남도 완도군 완도읍 개포로130번길 17 (완도읍)","버스터미널앞","남일약국","061-554-2279","1800","0800","1800","0800","1800","0800","1800","0800","1800","0800","1200","0800","C2600303","591","14","3004","34.31891393426762","126.74465336147156"
"대전광역시 중구 목중로 14 (중촌동)","공휴일 변동 많으니 확인후 방문해주세요","남일약국","042-256-4265","1830","0900","1830","0900","1230","0900","1830","0900","1830","0900","1230","0900","C1600514","348","14","3005","36.335630555555554","127.412161111111118"
"울산광역시 울주군 온양읍 남창2길 15 (온양읍)","남창시장,우체국앞","남일약국","052-238-3527","2000","0800","2000","0800","2000","0800","2000","0800","2000","0800","1900","0800","C1700004","449","74","3006","35.41698041096345","129.28125036108167"
"대전광역시 동구 동대전로 59 (대동)","남정약국","042-623-1688","1900","0930","1900","0930","1900","0930","1900","0930","1900","0930","1400","0930","1900","0900","C1600184","346","04","3007","36.328933047785185","127.44095851994518"
"서울특별시 동대문구 한천로11길 43 (답십리동)","남지약국","02-966-3054","2000","1000","2000","1000","2000","1000","2000","1000","2000","1000","1800","1000","2000","1000","C1103183","026","17","3008","37.566919760126","127.059933914037"
"충청북도 괴산군 괴산읍 읍내로9길 4","괴산읍시외버스터미널맞은편","남지약국","043-833-0002","1800","0830","1800","0830","1800","0830","1800","0830","1800","0830","1230","0830","C2300168","280","30","3009","36.808870045999306","127.79413429851885"
"서울특별시 중구 남대문로 26, 1층 (남대문로3가)","남진약국","02-6325-0793","1900","0800","1900","0800","1900","0800","1900","0800","1900","0800","1900","0800","1700","1000","1900","0800","C1110260","045","29","3010","37.5609004020774","126.978542238864"
"서울특별시 동대문구 약령시로 86-1 (제기동)","제기사거리","남진약국","02-967-8145","1900","0900","1900","0900","1900","0900","1900","0900","1900","0900","1900","0900","C1101951","025","71","3011","37.5828269571216","127.039495998699"
"울산광역시 울주군 온양읍 남창강변로 36 (온양읍)","온양의원, 현대해상 건물 1층","남창중앙약국","052-238-7779","1800","0900","1800","0900","1800","0900","1500","0900","1800","0900","1230","0900","C1700005","449","73","3012","35.41587299540404","129.28034296597613"
"충청북도 제천시 풍양로 120 (남천동)","남천약국","043-647-2286","1930","0900","1930","0900","1930","0900","1930","0900","1930","0900","1600","0900","1300","0900","C2300532","271","74","3013","37.13631836884404","128.2124203662304"
"부산광역시 수영구 수영로388번길 6, 1층 (남천동)","2호선 남천역 3번출구","남천온누리약국","051-621-8383","2100","0900","2100","0900","2100","0900","2100","0900","2100","0900","2000","0900","1900","1000","C1200117","483","11","3014","35.1411012098026","129.10717306033095"
"경상남도 창원시 성산구 삼정자로43번길 2, 성산빌딩 1층 109,110호 (성주동)","남천정문약국","055-261-3004","1830","0900","1830","0900","1830","0900","1830","0900","1830","0900","C2802090","514","73","3015","35.19828350472","128.711040483206"
"부산광역시 남구 수영로 260, 1층 (대연동)","13:30~14:00 점심","남천제일약국","051-628-1009","1930","0900","1930","0900","2100","0900","1930","0900","1930","0900","1400","0900","C1202784","484","97","3016","35.1351377822791","129.095232981287"
"경기도 광명시 도덕공원로 21, 1층 (철산동)","남촌약국","02-2612-2978","2200","0900","2200","0900","2200","0900","2200","0900","2200","0900","2130","0900","C2101479","142","53","3017","37.470936205735676","126.86568692184826"
"인천광역시 남동구 남촌동로35번길 4","남촌약국","032-361-6776","1830","0900","1830","0900","1830","0900","1830","0900","1830","0900","1400","0900","C1400683","216","26","3018","37.43187504979671","126.71460941412184"
"경기도 오산시 성호대로 35 (오산동)","남촌약국","031-374-5230","2100","0900","2100","0900","2100","0900","2100","0900","2100","0900","2100","0900","C2103290","181","29","3019","37.149450000000002","127.065086111111114"
"인천광역시 남동구 남촌동로25번길 4, 101호 (남촌동)","남촌도림동주민센터 근처 건물 1층","남촌중앙약국","032-467-3772","1800","0900","1800","0900","1800","0900","1800","0900","1800","0900","1400","0900","C1400170","216","26","3020","37.431913888888886","126.715633333333329"
"전라남도 나주시 남평읍 남평1로 22, 1층 (남평읍)","주말,공휴일 연락 후 방문","남평약국","061-334-2261","1900","0800","1900","0800","1900","0800","1900","0800","1900","0800","C2601148","582","27","3021","35.0466394572","126.8401032607"
"부산광역시 중구 구덕로 72, 1층 (남포동6가)","남포다정약국","051-242-5358","1900","0915","2000","0915","1900","0915","2000","0915","1900","0915","2000","0915","C1202945","489","81","3022","35.0978966199032","129.027929073459"
"부산광역시 중구 구덕로34번길 3, 1층 (남포동4가)","1호선 남포역 1번출구/솔레미빌딩 옆","남포대동약국","051-245-0669","2100","0900","2100","0900","2100","0900","2100","0900","2100","0900","2100","0900","2100","0900","2100","0900","C1201045","489","53","3023","35.0982242053","129.0319638996"
"부산광역시 중구 구덕로 90, 1층 (남포동6가)","1호선 자갈치역 3번출구","남포메디칼약국","051-248-0616","1900","0900","1900","0900","1900","0900","1900","0900","1900","0900","1500","0900","C1200941","489","81","3024","35.097570441","129.0260134102"
"부산광역시 중구 구덕로 지하 12, 도시철도 남포역 39호 (남포동1가)","★약국 운영시간 수시로 변경, 유선확인 요망","남포약국","051-256-2225","1900","1000","1900","1000","1900","1000","1900","1000","1900","1000","C1202695","489","54","3025","35.097872305432","129.034595436377"
"부산광역시 중구 구덕로 4-1, 101호 (광복동1가)","남포역 5번 출구 스타벅스(남포역점) 옆","남포온누리약국","0507-1374-5840","2100","0900","2100","0900","2100","0900","2100","0900","2100","0900","2100","0900","2100","0900","C1202995","489","54","3026","35.0982520060594","129.034985142559"
"서울특별시 강동구 고덕비즈밸리로 26, 강동U1센터 109호 (고덕동)","남푸른약국","02-6072-0510","1930","0800","2000","0800","1930","0800","1900","0800","1930","0800","1430","0830","1330","0830","C1110183","052","03","3027","37.5652287539055","127.16004799706344"
"전라남도 여수시 쌍봉로 27-1, (학동)","여천역입구","남해약국","061-681-4055","2100","0830","2100","0830","2100","0830","2100","0830","2100","0830","2100","0830","C2600257","596","71","3028","34.76670824890053","127.65907246235488"
"대전광역시 서구 청사로 5 (월평동, 하나로아파트)","하나로아파트상가1층","남화약국","042-477-0252","1930","0900","1930","0900","1930","0900","1930","0900","1930","0900","1530","0900","C1600039","352","10","3029","36.36029718240848","127.3640645975011"
"경상남도 창원시 성산구 신촌로 21 (신촌동)","소방서 부근","남흥약국","055-286-1815","1800","0900","1800","0900","1800","0900","1800","0900","1800","0900","1200","0900","1300","0900","C2800106","515","64","3030","35.20766070563106","128.62667541445822"
"대전광역시 동구 곤룡로 6 (낭월동)","산내초등학교옆산내클리닉1층","낭월우리약국","042-272-5988","1900","0900","1900","0900","1900","0900","1730","0900","1900","0900","1330","0900","C1600185","347","03","3031","36.27989727149317","127.46865075668313"
"전북특별자치도 익산시 무왕로 1089","삼인당 한의원 옆건물","내가본약국","063-836-8376","1830","0900","1830","0900","1830","0900","1830","0900","1830","0900","1300","0900","C2500039","545","46","3032","35.95878922794586","126.97778557616915"
"서울특별시 서초구 헌릉로 176, 서울영동농협종합시설 지하1층 (내곡동)","내곡하나로마트 지하1층","내곡숲약국","02-575-0119","2000","0930","2000","0930","2000","0930","2000","0930","2000","0930","1700","0930","C1109125","068","00","3033","37.45647195784017","127.05940543563021"
"경상북도 경주시 내남면 이조중앙길 44","내남약국","054-774-3345","1800","0900","1800","0900","1800","0900","1800","0900","1800","0900","1300","0900","C2700231","780","851","3034","35.7514014802013","129.20162440553744"
"서울특별시 중랑구 신내로14길 9, 영춘빌딩 1층 (신내동)","내내약국","02-3421-3040","2000","0900","2000","0900","2000","0900","2000","0900","2000","0900","1600","0900","C1110277","020","67","3035","37.605724808768","127.095938273087"
"충청북도 청주시 청원구 새터로 3 (내덕동)","내덕사랑약국","043-256-8522","1830","0900","1830","0900","1830","0900","1830","0900","1830","0900","1330","0900","C2300382","284","89","3036","36.653983333333336","127.488174999999998"
"경상남도 김해시 평전로 205, (내동)","내동약국","055-328-6330","1950","0900","1950","0900","1950","0900","1950","0900","1950","0900","1800","0900","C2801022","508","85","3037","35.2455814095","128.8646231922"
"충청남도 논산시 대학로65번길 18-1, 리더스타운 101호 (내동)","내동온누리약국","041-734-3450","1830","0800","1830","0800","1830","0800","1830","0800","1830","0800","1300","0800","C2401647","329","91","3038","36.1799054650588","127.104986333452"
"경상남도 김해시 경원로73번길 7 (내동)","내동하나은행건너편","내동우리들약국","055-326-0963","1800","0900","1800","0900","1800","0900","1800","0900","1800","0900","C2801038","509","48","3039","35.2374692343","128.8679919355"
"대전광역시 서구 동서대로 981, 1층 (내동)","내동우리약국","042-534-3176","1800","0900","1800","0900","1800","0900","1800","0900","1800","0900","1300","0900","C1600040","352","85","3040","36.33434917641318","127.37147861868247"
"부산광역시 해운대구 재반로 176, 102호 (재송동)","점심시간) 12:30~13:30","내몸에좋은약국","0517847833","1800","0900","1800","0900","1800","0900","1800","0900","1800","0900","1300","0900","C1200003","480","52","3041","35.19309482836053","129.1295824593817"
"경기도 수원시 영통구 광교호수공원로 277, B2층 B2-167호 (원천동, 광교중흥에스클래스)","내몸에좋은호수약국","031-214-6439","1800","0900","1800","0900","1800","0900","1800","0900","1800","0900","C2108889","165","17","3042","37.2839417579058","127.056777997528"
"서울특별시 서초구 방배로 125, 2층 2호 (방배동,영신빌딩)","내방역 3번출구에서 방배역 방향","내방약국","02-598-7582","1830","0900","1830","0900","1830","0900","1830","0900","1830","0900","1300","0900","C1103489","066","82","3043","37.4850881896","126.994930860888"
"경상남도 양산시 동면 내송내안2길 29, 1층 104호","~새벽 1시까지 운영중입니다 (익일 표기가 불가하여 23:59으로 기재함)","양산의 공공심야약국입니다^^ (병의원 처방조제, 일반의약품/ 건강기능식품/ 동물의약품 등 취급중)","내송드림약국","055-365-4100","2359","0900","2359","0900","2359","0900","2359","0900","2359","0900","2359","0900","2359","0900","2359","0900","C2802285","506","44","3044","35.3191017446161","129.066656675627"
"충청북도 청주시 청원구 내수읍 은곡묵방길 28, 상가동 101호 (덕일한마음아파트)","은곡덕일 한마음 아파트 상가에 위치","내수다나약국","043-214-2876","1900","0900","1900","0900","1900","0900","1900","0900","1900","0900","1400","0900","C2300080","281","51","3045","36.70834550414127","127.52517467433138"
"서울특별시 양천구 신월로 165, 1층 (신월동)","내외약국","02-2697-5065","2030","0900","2030","0900","2030","0900","2030","0900","2030","0900","1630","0900","C1109026","080","31","3046","37.5182964731309","126.841777782827"
"경기도 고양시 덕양구 유산길 3, 지하1층 (내유동)","내유녹십자약국","031-963-3188","2200","0900","2200","0900","2200","0900","2200","0900","2200","0900","2200","0900","2200","0900","2200","0900","C2102672","102","63","3047","37.72544969105832","126.84366758803338"
"경기도 고양시 덕양구 유산길 22 101호","내유동우리약국","031-962-2830","1900","0900","1900","0900","1900","0900","1900","0900","1900","0900","1400","0900","C2106830","102","63","3048","37.726161137632424","126.8454775888869"
"경기도 고양시 덕양구 유산길 33, 1층 (내유동)","내유원약국","031-963-2263","2100","0900","2100","0900","2100","0900","2100","0900","2100","0900","1330","0900","C2102633","102","63","3049","37.726716666666668","126.846838888888882"
"서울특별시 강서구 강서로 301, 1층 (내발산동)","우장산역 4번출구에서 발산역 방향","내인당약국","02-2662-0780","1900","0900","1900","0900","1900","0900","1900","0900","1900","0900","1500","0900","C1102775","076","32","3050","37.5527784367946","126.836083347206"
"서울특별시 종로구 사직로 107, 1층 (내자동, 한빛빌딩)","경복궁역 1번출구","내자약국","02-6326-2007","1830","0800","1830","0800","1900","0800","1830","0800","1830","0800","1330","0800","C1108682","030","41","3051","37.5763321550439","126.970759498959"
"전북특별자치도 정읍시 중앙로 152, (시기동)","(연중무휴)","김준식내과옆,하나마트사거리","내장산약국","063-535-3831","2200","0800","2200","0800","2200","0800","2200","0800","2200","0800","2200","0800","2200","0800","2200","0800","C2500500","561","62","3052","35.56544757361011","126.85479248805393"
"경기도 포천시 내촌면 내촌로 58-1","내촌삼거리","내촌약국","031-532-2535","2200","0830","2200","0830","2200","0830","2200","0830","2200","0830","2200","0830","2200","0800","C2103876","111","89","3053","37.785332890088284","127.22707618247699"
"충청남도 홍성군 홍북읍 청사로48번길 4","공휴일 인근 병원 운영에 따른 운영","내포우리약국","041-635-1117","1900","0830","1900","0830","1900","0830","2000","1400","1900","0830","1400","0830","C2401275","322","65","3054","36.64859924393482","126.67514844763818"
"충청남도 홍성군 홍북읍 청사로150번길 10, 센트럴 뉴 스퀘어 109호","내포중앙약국","041-631-0802","1900","0830","1900","0830","1900","0830","1900","0830","1900","0830","1300","0800","C2401663","322","56","3055","36.657047169193","126.68003693068"
"전북특별자치도 군산시 정자로 64, 1층 106호 (내흥동)","내흥우리약국","063-445-3336","2000","1300","2000","1300","2000","1300","2000","1300","2000","1300","C2501498","540","42","3056","35.9981068573952","126.754384164056"
"서울특별시 동대문구 망우로18길 26, 1층 (휘경동)","넘버원삼육약국","02-909-3636","1800","0845","1800","0845","1800","0845","2100","0845","1300","0845","1800","0845","C1110626","024","99","3057","37.588771678146706","127.06267446337999"
"인천광역시 미추홀구 소성로 133, (학익동)","동아풍림아파트 103동 맞은편 건물 1층.","넘버원약국","032-889-1414","1930","0900","1930","0900","1930","0900","1930","0900","1930","0900","1800","0900","C1400024","402","040","3058","37.443322936306956","126.66381284208434"
"세종특별자치시 국세청로 45, A동 120호 (나성동, 나릿재마을 3단지)","나성동","넘버원약국","0448650330","2200","1700","2200","1000","2200","1000","2200","1000","2200","1000","2200","1000","2200","1000","2200","1000","C1800325","301","28","3059","36.4897421180727","127.262516295255"
"부산광역시 동래구 온천장로119번길 56, 1층 122호 (온천동, 더샵 온천헤리티지)","네모약국","051-553-3393","2000","0830","2000","0830","2000","0830","2000","0830","2000","0830","2000","0830","1600","1000","1900","1000","C1202915","477","08","3060","35.2225699394053","129.082427927275"
"경기도 수원시 영통구 봉영로 1569, 304-1호 (영통동, 뉴월드프라자)","그랜드백화점옆뉴월드프라자건물3층","네오메디칼약국","031-204-9182","1900","0900","1900","0900","1900","0900","1900","0900","1900","0900","1500","0900","C2102045","167","03","3061","37.251994475363915","127.0711942067069"
"부산광역시 부산진구 양정로 61, 1,2층 (양정동)","네온우리약국","051-911-4954","1800","0900","1800","0900","1800","0900","1800","0900","1800","0900","1300","0900","C1202616","472","24","3062","35.1705426604049","129.076810423696"
"서울특별시 서초구 서초대로 12-1, 101호 (방배동)","네이처약국","02-597-4888","1800","1000","1800","1000","1800","1000","1800","1000","1800","1000","1400","0900","C1110801","066","75","3063","37.4853037057145","126.98384152858"
"경기도 수원시 영통구 동탄지성로 550-24, 플래티넘베이스 B동 105호 (망포동)","네이처약국","031-273-0117","1800","0900","1800","0900","1800","0900","1800","0900","1800","0900","C2108519","166","85","3064","37.2409406771349","127.049358149295"
"전북특별자치도 익산시 서동로 123-1, (마동)","고래등오거리","네이팜혜민약국","063-853-5754","1900","0900","1900","0900","1900","0900","1900","0900","1900","0900","1300","0900","C2500355","545","98","3065","35.935386111111114","126.964961111111108"
"대전광역시 동구 동서대로 1689 서관 1층 (용전동)","대전복합터미널 내 상가","노닐약국","042-622-5511","2400","0730","2400","0730","2400","0730","2400","0730","2400","0730","2400","0730","2400","0730","2400","0730","C1600641","345","51","3066","36.3503437930069","127.43668415998454"
"경기도 안양시 만안구 냉천로 125, 3-3상가동 201호 (안양동, 안양어반포레자연앤이편한세상 3단지)","노들약국","031-443-3001","2100","0900","2100","0900","2100","0900","2100","0900","2100","0900","1800","0900","1800","0900","1800","0900","C2110045","140","29","3067","37.3923704846543","126.922915761383"
"제주특별자치도 서귀포시 대정읍 에듀시티로239번길 12","노란문약국","064-792-1103","1900","0830","1900","0830","1900","0830","1900","0830","1900","0830","1300","0830","1830","1400","C2900580","636","44","3068","33.2792710003083","126.275094001081"
"서울특별시 동작구 노량진로 132, 한빛요리학원 (노량진동)","노량진4번출구약국","02-3280-3430","2000","0830","2000","0830","2000","0830","2000","0830","2000","0830","1430","0830","C1110799","069","22","3069","37.5133596595965","126.940633544895"
"서울특별시 동작구 매봉로 182, 1층 2호 (본동)","노들역 5번출구 바로앞","노량진종로약국","02-812-0645","1900","0830","1900","0830","1900","0830","1900","0830","1900","0830","1400","0830","1400","0900","C1103883","069","06","3070","37.5123982094376","126.952398588899"
"서울특별시 광진구 아차산로 552, 상가동 1층 102호 (광장동, 광장극동아파트)","노르웨이약국","02-452-3395","1930","0900","1930","0900","1930","0900","1930","0900","1930","0900","1430","0900","C1110095","049","71","3071"
"부산광역시 동구 초량로 76 (초량동)","버스정류장: 초량동 동사무소","노마약국","051-463-0568","1830","0900","1830","0900","1830","0900","1830","0900","1830","0900","1300","0900","C1200909","488","03","3072","35.12027840716116","129.03450756751585"
"서울특별시 중구 명동2길 53, 24-19,24-20,24-34 1층 103호 (충무로1가)","노바약국","02-318-0609","2300","1100","2300","1100","2300","1100","2300","1100","2300","1100","2300","1100","2300","1100","2300","1100","C1110855","045","36","3073","37.5610962428331","126.983343358952"
"서울특별시 강남구 강남대로118길 51","신논현역 3번출구/논현초등학교 인근","노바약국","02-542-3696","2500","1400","2500","1400","2500","1400","2500","1400","2500","1400","2500","1400","2500","1800","2500","1400","C1107848","061","18","3074","37.507505812621","127.027220116866"
"광주광역시 동구 남문로 693, 1층 (학동)","금호장례식장옆 메디팜노벨약국","노벨약국","062-232-7870","2000","0830","2000","0830","2000","0830","2000","0830","2000","0830","2000","0830","C1500396","614","58","3075","35.13252656207921","126.92824643498798"
"인천광역시 부평구 경원대로 1400-1 (부평동)","부평역 11번 출구 나오면 바로 있음.","노벨약국","032-330-7571","2200","1000","2200","1000","2200","1000","2200","1000","2200","1000","2100","0900","C1401502","214","04","3076","37.49111475021222","126.72460991829362"
"서울특별시 강남구 선릉로131길 8, 13호 (논현동)","강남구청역 3번출구","노벨약국","02-544-5070","1930","0900","1930","0900","1930","0900","1930","0900","1930","0900","1600","0900","C1104518","060","59","3077","37.5179752643562","127.040276007202"
"경기도 광명시 하안로 295, 1층 (하안동)","* 공공심야약국(22시~익일 새벽1시까지)","꿈사랑소아과의원 아래층","노벨약국","02-898-0607","2500","2200","2500","2200","2500","2200","2500","2200","2500","2200","2100","0800","2100","1000","2500","2200","C2103068","143","05","3078","37.461937125659915","126.87991344199256"
"서울특별시 은평구 연서로 1, 105호(역촌동, 리더스파크)","응암역 2번출구 바로앞","노벨온누리약국","02-357-7070","2100","0900","2100","0900","2100","0900","2100","0900","2100","0900","1800","0900","C1100054","034","21","3079","37.5992561452512","126.915361951282"
"경상남도 진주시 도동로 222, 1층 (하대동)","노벨평화약국","055-758-5355","1800","0900","1800","0900","1800","0900","1800","0900","1800","0900","C2801905","527","67","3080","35.1900785207","128.1222929426"
"경기도 안산시 단원구 예술대학로 17, 416호 (고잔동, 중앙노블레스빌딩)","노블레스약국","031-402-0033","1930","0900","1930","0900","1930","0900","1930","0900","1930","0900","1600","0900","C2101889","153","60","3081","37.3186655837575","126.83650514832257"
"경기도 용인시 기흥구 덕영대로 1751, 삼성노블카운티 리빙프라자 지하3층 (하갈동)","토.일.공휴일휴무","리빙프라자 지하3층/ 경희대도보10분","노블카운티약국","031-208-8820","1800","0900","1800","0900","1800","0900","1800","0900","1800","0900","C2103963","170","99","3082","37.26534907532987","127.09990029812272"
"전북특별자치도 전주시 완산구 메너머4길 25","부킹나이트 건너편","노송한약국","063-255-7588","1900","1000","1900","1000","1900","1000","1900","1000","1900","1000","1600","1030","C2500890","549","71","3083","35.82483636483301","127.1200008733105"
"서울특별시 영등포구 의사당대로 26, 더하우스소호 1층 102호 (여의도동)","13:30~14:00 휴게시간 토요일은 1,2,3주만 영업","국회의사당역 4번출구","노아약국","02-785-9501","1900","0900","1900","0900","1900","0900","1900","0900","1900","0900","1300","0900","C1107964","072","36","3084","37.526537141271","126.918106683928"
"경기도 의정부시 태평로73번길 55, 1층 (의정부동)","노아약국","031-846-3578","1800","0900","1800","0900","1800","0900","1800","0900","1800","0900","C2108158","116","95","3085","37.7388712800926","127.048407250817"
"전북특별자치도 남원시 노송로 1252","토요일 연락 후 방문","공휴일전화후방문","노암주공아파트건너편","노암약국","063-635-9999","1830","0800","1830","0800","1830","0800","1830","0800","1830","0800","1500","0800","C2500253","558","01","3086","35.39537141986496","127.37818185133594"
"충청남도 공주시 용당길 13 (산성동)","시장 안 공영주차장","노약국","041-855-3078","1900","0800","1900","0800","1900","0800","1900","0800","1900","0800","1500","0800","1300","0800","C2400522","325","40","3087","36.4585577095131","127.1235791380456"
"대구광역시 동구 아양로9길 7, (신암동)","노약국","053-955-8252","1800","0900","1800","0900","1800","0900","1800","0900","1800","0900","C1300321","411","98","3088","35.882851201147766","128.61871607463482"
"서울특별시 노원구 노해로 494, 1층 109호 (상계동)","노원365약국","02-3392-5406","2200","0900","2200","0900","2200","0900","2200","0900","2200","0900","2200","0900","2200","0900","2200","0900","C1108863","017","51","3089","37.654537708996","127.063033065964"
"서울특별시 노원구 덕릉로 744, 금강빌딩 4층 (상계동)","노원4층약국","02-933-7636","1735","0830","1735","0830","1735","0830","1735","0830","1735","0830","1330","0830","C1109688","016","48","3090","37.6638757666572","127.076561248854"
"대구광역시 북구 팔달로 31","노원건강한약국","053-341-0330","1700","0800","1700","0800","1700","0800","1700","0800","1700","0800","1300","0800","C1300004","414","99","3091","35.89175713994583","128.5540866797126"
"서울특별시 노원구 동일로 1401, 201호 (상계동, 상아빌딩)","노원역 6번출구 바로앞","노원메디칼약국","02-934-4508","1800","0900","1800","0900","1800","0900","1800","0900","1800","0900","1300","0900","C1101813","017","62","3092","37.6535750451494","127.060380855012"
"서울특별시 노원구 노해로 501, 노원빌딩 1층 103호 (상계동)","토요일은 일찍 문닫는 경우도 있으니 방문전 전화 확인 후 이용바랍니다","노원약국","02-933-7832","2100","0900","2100","0900","2100","0900","2100","0900","2130","0900","2130","0900","1630","0900","C1107907","016","95","3093","37.6552190449765","127.063512438351"
"서울특별시 노원구 동일로 1345 (상계동)","상계백병원앞","노원프라자약국","02-937-9055","1830","0900","1830","0900","1830","0900","1830","0900","1830","0900","1300","0900","C1103173","017","67","3094","37.6487051824451","127.061869040263"
"서울특별시 노원구 동일로215길 2, 102호 (상계동)","노원하나약국","02-933-4031","1900","0800","1900","0800","1900","0800","1900","0800","1900","0800","1500","0800","C1109759","017","62","3095","37.6515445577731","127.06097028296"
"서울특별시 노원구 상계로 63-7, 1층 (상계동, 청우빌딩)","노원역 9번출구(공사중) 인근","노원행복한약국","02-952-1609","1800","0900","1800","0900","1800","0900","1800","0900","1800","0900","1300","0900","C1104055","016","93","3096","37.6565099339141","127.06188934164"
"대전광역시 유성구 노은동로 153 (지족동)","노은열린약국","042-822-1707","2000","0830","2000","0830","2000","0830","2000","0830","2000","0830","1700","0830","C1601020","340","85","3097","36.3741974983643","127.32238583017722"
"대전광역시 유성구 지족동로 152, 1층 (지족동, 코오롱타워)","노은온누리약국","042-823-5901","2100","0830","2100","0830","2100","0830","2100","0830","2100","0830","1500","0830","C1601047","340","70","3098","36.38744464905885","127.30877147145155"
"대전광역시 유성구 지족로148번길 27, 103호 (지족동, 스타빌딩)","네이처뷰3단지아파트 정문 앞","노은우리약국","042-824-7581","2000","0900","2000","0900","2000","0900","2000","0900","2000","0900","1300","0900","C1601144","340","74","3099","36.377998354","127.3039331565"
"대전광역시 유성구 은구비남로 39 (지족동)","노은열매마을8단지옆","노은참사랑약국","042-477-1080","2200","0900","2200","0900","2200","0900","2200","0900","2200","0900","2000","0900","C1600494","340","86","3100","36.37240122882395","127.32011853149254"
"서울특별시 강서구 까치산로 36, 1층 (화곡동)","화곡본동구도로길화곡본동시장입구바로앞","노을약국","02-2605-4280","2000","0915","2000","0915","2000","0915","2000","0915","2000","0915","1400","0915","C1103239","077","22","3101","37.5427111692637","126.844295928951"
"제주특별자치도 제주시 월랑로 3, (노형동)","월~토 : 19:00이후 전화 후 방문 바랍니다.","<노형오거리 북측>","노형온누리약국","064-744-4880","2000","0830","2000","0830","2000","0830","2000","0830","2000","0830","1900","0900","C2900194","630","99","3102","33.48646339297591","126.47848398547947"
"제주특별자치도 제주시 노형로 407","-","노형타워(CGV, 아웃백 건물) 지하 1층","노형타워약국","064-747-0828","1700","1000","1700","1000","1700","1000","1700","1000","1700","1000","1300","0930","C2900143","630","99","3103","33.485826760533996","126.47827784718031"
"제주특별자치도 제주시 도령로 7","공휴일 영업여부 변동가능하므로 전화 후 방문 필요","남녕마트 서측","노형한마음약국","064-747-7288","1830","0830","1830","0830","1830","0830","1830","0830","1830","0830","1300","0830","C2900144","630","98","3104","33.48663471256928","126.48002037788811"
"전라남도 완도군 노화읍 노화로 843, 이목복지회관","노화약국","061-554-9980","1900","0700","1900","0700","1900","0700","1900","0700","1900","0700","1200","0700","C2600477","591","58","3105","34.17742401304226","126.57190748490727"
"서울특별시 은평구 통일로 630-1, 지하1층 B101-1호 (녹번동)","13:00~14:00 휴게시간","녹번건강약국","02-357-6780","1900","0800","1900","0800","1900","0800","1900","0800","1900","0800","1300","0900","C1108356","033","72","3106","37.6031576200927","126.937484017426"
"서울특별시 은평구 통일로 626, 유림빌딩 101호 (녹번동)","녹번온누리약국","02-352-8755","2000","0900","2000","0900","2000","0900","2000","0900","1900","0900","1400","0900","2000","0900","C1108173","033","72","3107","37.602472019451","126.935407233318"
"서울특별시 금천구 독산로 213","독산초등학교 인근","녹수프라자약국","02-802-1510","2100","0800","2100","0800","2100","0800","2100","0800","2100","0800","2100","0800","2100","0900","2100","0900","C1104207","086","17","3108","37.465764252171","126.901787256927"
"전북특별자치도 무주군 무주읍 한풍루로 351","공휴일 연락 후 방문","터미널 안에 위치","녹십자약국","063-324-5055","1730","0800","1730","0800","1730","0800","1730","0800","1730","0800","1230","0800","C2500819","555","15","3109","36.0047082097682","127.66433332199516"
"전북특별자치도 김제시 남북로 225 (요촌동)","1년 361일 근무합니다. (명절 당일+다음날 휴무)","김제시장 시내버스터미널 옆 / 현대의원 아래","녹십자약국","063-545-7275","1930","0800","1930","0800","1930","0800","1930","0800","1930","0800","1600","0800","1600","0900","1600","0830","C2500096","543","85","3110","35.80420399641067","126.88389582304756"
"전북특별자치도 군산시 중앙로 181","구시청앞교차로에서SK주유소쪽으로,서진생선가 건너편.","녹십자약국","063-445-4359","1800","0830","1800","0830","1800","0830","1800","0830","1800","0830","1300","0830","C2500458","540","22","3111","35.98740158765099","126.71084499941361"
"경상북도 김천시 자산로 42-1","약국","중앙 파출소 맞은편","녹십자약국","054-435-6868","1800","0830","1800","0830","1800","0830","1700","0830","1800","0830","1230","0900","C2700207","395","89","3112","36.11973244784105","128.1270267826346"
"경기도 이천시 이섭대천로 1199 (중리동)","이천버스터미널 건너편 농협 남촌지점 옆","녹십자약국","031-694-2307","1800","1000","1800","1000","1800","1000","1800","1000","1800","1000","1800","0900","C2103950","173","74","3113","37.27744903071899","127.44655514906253"
"충청남도 아산시 충무로 22, 103호 (온천동, UL CITY)","유에씨티 건물","녹십자약국","041-549-5600","2000","0800","2000","0800","2000","0800","2000","0800","2000","0800","1400","0800","C2400175","315","14","3114","36.7829922459","127.0051218862"
"충청남도 당진시 당진중앙1로 117 (읍내동)","롯데리아 맞은편","녹십자약국","041-355-4079","1830","0840","1830","0840","1830","0840","1830","0840","1810","0840","1400","0900","C2400409","317","70","3115","36.895163588462104","126.63026864291385"
"서울특별시 구로구 구로동로28길 2, 1층 (구로동)","주말 운영시간 가변적으로 운영하니 전화확인 필수","고대구로병원 정문 옆","녹십자약국","02-830-0222","1830","0900","1830","0900","1830","0900","1830","0900","1830","0900","C1102713","083","11","3116","37.4907037714483","126.884311691067"
"전북특별자치도 익산시 무왕로 1030","홈플러스앞","녹십자약국","063-833-0660","1800","0900","1800","0900","1800","0900","1800","0900","1800","0900","1400","0900","C2500634","546","36","3117","35.95812443906168","126.97119684573877"
"충청남도 서산시 대산읍 매남길 13-14","토요일 오후 및 일요일에는 대산, 대산프라자, 우성, 녹십자약국이 돌아가면서 오픈합니다.","녹십자약국","041-663-9844","1900","0830","1900","0830","1900","0830","1900","0830","1900","0830","1430","0830","1900","0930","C2401659","319","09","3118","36.9422621364231","126.430098054553"
"전라남도 광양시 광양읍 대림오성로 100, 1층","녹십자약국","061-763-6800","2030","0900","2030","0900","2030","0900","2030","0900","2030","0900","C2601269","577","61","3119","34.965069968028","127.572680252338"
"전라남도 신안군 흑산면 예리1길 60","관광장여관 근처","녹십자약국","061-275-8600","1800","0800","1800","0800","1800","0800","1800","0800","1800","0800","1700","0800","1800","0900","1700","0800","C2600429","588","63","3120","34.68502791393483","125.44445889975407"
"경상북도 영주시 대학로 325 (가흥동)","녹십자약국","0546347956","1900","0830","1900","0830","1900","0830","1900","0830","1900","0830","C2701489","360","58","3121","36.824428895","128.60481554"
"경상북도 상주시 삼백로 87, 1층 (무양동)","김홍태 내과 옆","녹십자약국","054-536-3070","1900","0830","1900","0830","1900","0830","1900","0830","1900","0830","1200","0830","C2700063","371","82","3122","36.422711654802995","128.15871483030926"
"경기도 포천시 중앙로 145(신읍동)","녹십자약국","031-532-7582","1800","0900","1800","0900","1800","0900","1800","0900","1800","0900","C2108833","111","44","3123","37.899028006542","127.204665231748"
"대전광역시 동구 동대전로284번길 3","가양사거리우체국옆","녹십자약국","042-623-1223","2000","0800","2000","0800","2000","0800","2000","0800","2000","0800","1600","0800","1800","0800","C1600223","345","34","3124","36.34635359432169","127.4454578461572"
"경상북도 포항시 북구 포스코대로 254 (죽도동)","녹십자약국","054-284-3848","1830","0900","1830","0900","1830","0900","1830","0900","1830","0900","1330","0900","C2700240","377","55","3125","36.021743386326705","129.35224959542063"
