"경기도 수원시 팔달구 덕영대로 923-1 (매산로1가, 새수원 빌딩)","매산약국","031-207-6122","2230","0900","2230","0900","2230","0900","2230","0900","2230","0900","2100","1100","C2107441","164","61","6251","37.2661831502","127.0016910854"
"경기도 수원시 팔달구 매산로 102, 101,108호 (교동)","매산온누리약국","031-267-1020","1800","0900","1800","0900","1800","0900","1800","0900","1800","0900","1300","0900","C2109585","164","64","6252","37.2705028462143","127.012212138153"
"경상북도 구미시 인동26길 22, 초석빌딩 (진평동)","매일25시약국","050-71428-1451","2500","1600","2500","1600","2500","1600","2500","1600","2500","1600","2500","1600","2500","1600","2500","1600","C2701780","394","08","6253","36.0951667898053","128.427469995961"
"광주광역시 광산구 내상로 59, (송정동)","열린병원 옆","매일건강약국","062-941-6060","1900","0830","1900","0830","1900","0830","1900","0830","1900","0830","1330","0830","C1500112","624","31","6254","35.13734284584865","126.79869851761899"
"경기도 남양주시 늘을2로 26, 메인시네마타워 607호 (호평동)","매일봄약국","031-594-7770","1800","0900","1800","0900","1800","0900","1800","0900","1800","0900","1300","0900","C2109268","121","50","6255","37.65508880945","127.244107182497"
"경기도 용인시 수지구 수풍로 107, 104호 (동천동)","매일봄온누리약국","031-624-7418","1830","0830","1830","0830","1830","0830","1830","0830","1830","0830","1330","0830","C2107994","168","21","6256","37.333252093381645","127.09316452838596"
"울산광역시 남구 수암로288번길 5, (야음동)","야음체육관시장내","매일약국","052-272-4418","1800","0900","1800","0900","1800","0900","1800","0900","1800","0900","1700","0900","C1700273","447","65","6257","35.52094392844936","129.33588908970537"
"부산광역시 연제구 연수로 89, 신세계연제점E마트 2층 (연산동)","매달 2, 4번째 월요일 정기휴무","매일약국","051-851-9436","2150","1000","2150","1000","2150","1000","2150","1000","2150","1000","2150","1000","2150","1000","2150","1000","C1203014","476","04","6258","35.1761555005315","129.08131410094"
"서울특별시 관악구 인헌길 39, 법향빌 1층 (봉천동)","매일약국","02-6407-0397","1900","0900","1900","0900","1900","0900","1900","0900","1900","0900","1500","0900","C1110019","087","95","6259","37.47370057476893","126.96687635517875"
"전라남도 해남군 해남읍 중앙2로 150 (해남읍)","매일약국","061-537-1642","1730","0900","1730","0900","1730","0900","1730","0900","1730","0900","C2601096","590","41","6260","34.566486023145","126.5944791096413"
"제주특별자치도 제주시 노연로 29 (노형동)","노형오거리에서 그랜드 호텔방면","매일약국","064-749-8876","1800","0900","1800","0900","1800","0900","1800","0900","1800","0900","2100","0800","2100","0800","C2900420","630","81","6261","33.4862525129398","126.48324107057677"
"경상북도 포항시 북구 새천년대로 1105, 창포빌딩 1층 101호 (창포동)","매일약국","054-727-3737","2200","0830","2200","0830","2200","0830","2200","0830","2200","0830","1900","0800","1900","0800","1900","0800","C2701713","376","29","6262","36.0674717538821","129.371694903568"
"대전광역시 서구 도산로 91 (도마동)","매일약국","042-533-3482","1830","0900","1830","0900","1830","0900","1830","0900","1830","0900","1230","0900","C1600212","353","34","6263","36.316658333333336","127.378255555555555"
"서울특별시 강북구 도봉로 387, 1층 (수유동)","강북구청사거리에서 의정부방향","매일약국","02-993-4341","1900","0830","1900","0830","1900","0830","1300","1000","1900","0830","1300","0830","C1101868","010","54","6264","37.64144932130943","127.02905106760724"
"서울특별시 강동구 양재대로 1335, (성내동)","매일약국","02-485-1096","1830","0900","1830","0900","1830","0900","1830","0900","1830","0900","1300","0900","C1101869","054","05","6265","37.5255282746467","127.1349957841173"
"서울특별시 송파구 위례북로1길 22, 106호 (거여동)","휴게시간 13:30~14:00","매일여는달빛온누리약국","02-6472-3651","2300","0900","2300","0900","2300","0900","2300","0900","2300","0900","2100","0900","2100","0900","2100","0900","C1110623","057","75","6266","37.48836035677924","127.14933424151019"
"서울특별시 강북구 도봉로 386, 번동빌딩 1층 (번동)","마감 시간은 1시간 정도 변동이 가능하니, 방문 전에 미리 연락주시면 감사하겠습니다.","안녕하세요. 365일 1년내내 매일여는번동약국입니다. 언제든 필요하실 때 들러주세요. 항상 환자들의 마음과 몸의 건강을 생각합니다. 전국의 모든 병/의원 처방조제 가능합니다. 영양 상담도 무료로 해드리고 있으니 언제든 편하게 방문주세요.","매일여는번동약국","02-905-3650","2130","0830","2130","0830","2130","0830","2130","0830","2130","0830","2000","0900","2000","0900","2000","0900","C1110663","010","56","6267","37.64105283567241","127.02926335650919"
"서울특별시 양천구 목동동로 233-1 (목동)","평일 18:00~19:00 휴게시간 주말 점심 13:00~14:00 / 저녁 18:00~19:00","매일여는약국","02-2061-3650","2400","0900","2400","0900","2400","0900","2400","0900","2400","0900","2400","0900","2400","0900","2400","0900","C1107079","079","95","6268","37.5274862615567","126.871566699077"
"서울특별시 중랑구 망우로 346, 101동 103호 (상봉동, 한일써너스빌)","매일여는약국","02-434-2422","2200","1000","2200","1000","2200","1000","2200","1000","2200","1000","2230","0930","2200","0930","2200","1000","C1109658","021","50","6269","37.5975462019511","127.09134268973175"
"서울특별시 영등포구 영중로 지하20, 영등포로터리지하도상가 47호 (영등포동3가)","매일여는약국","02-2677-3580","2200","0730","2200","0730","2200","0730","2200","0730","2200","0730","2200","1000","2200","1000","2200","1000","C1110698","073","02","6270","37.51727226076069","126.90628084082454"
"서울특별시 마포구 월드컵북로 396, 누리꿈스퀘어 B1094호 (상암동)","일, 공휴일 점심시간 13:00~14:00 토, 일, 공휴일 저녁시간 18:00~19:00","매일여는약국","02-2132-8365","2400","0900","2400","0900","2400","0900","2400","0900","2400","0900","2400","0900","2400","0900","2400","0900","C1108141","039","25","6271","37.57964778545891","126.88993444557939"
"인천광역시 남동구 예술로 198, CGV 홈플러스 (구월동)","홈플러스 휴무일에 함께 쉼","홈플러스 휴무일에 함께 쉼","매일여는온누리약국","032-435-1777","2230","1000","2230","1000","2230","1000","2230","1000","2230","1000","2200","1000","2200","1000","C1401733","215","58","6272","37.4517361878","126.7019476123"
"강원특별자치도 춘천시 안마산로 97, 101호 (퇴계동)","매일여는온누리약국","033-244-1005","2100","0900","2100","0900","2100","0900","2100","0900","1800","0900","1800","0900","1800","0900","1800","0900","C2201095","244","55","6273","37.8550582129375","127.726503680936"
"서울특별시 송파구 백제고분로 187, 1층 103,104호 (잠실동, 파크인수)","휴게시간 13:00~14:00 / 18:00~19:00","매일여는온누리약국","02-3432-0365","2400","0900","2400","0900","2400","0900","2400","0900","2400","0900","2400","0900","2400","0900","2400","0900","C1107361","055","67","6274","37.504701150635356","127.08765559787466"
"서울특별시 양천구 신월로 280, 1층 101호 (신정동)","매일열린약국","02-2693-3650","2500","0900","2500","0900","2500","0900","2500","0900","2500","0900","2500","0900","2500","0900","2500","0900","C1110129","080","58","6275","37.5211528463086","126.851863540761"
"대구광역시 남구 효성중앙길 14 (봉덕동)","매일인터넷약국","053-471-3377","1830","0830","1830","0830","1830","0830","1830","0830","1830","0830","1400","0830","C1300665","425","14","6276","35.83546600559613","128.60099679366542"
"서울특별시 성북구 동소문로 43, 흥화브라운 동소문빌딩 1층 (동소문동4가)","매일행복약국","02-921-0365","2030","0900","2030","0900","2030","0900","2030","0900","1900","0900","1400","0900","C1109887","028","32","6277","37.590627692730074","127.01032060534442"
"전라남도 진도군 임회면 십일시길 47-1","임회면임회농협맞은편","매정약국","061-542-4931","1700","0730","1700","0730","1700","0730","1700","0730","1700","0730","1700","0730","1300","0800","C2600031","589","42","6278","34.409091666666669","126.192922222222222"
"대구광역시 북구 매전로 78, 1층 (태전동)","매천약국","053-326-7580","2000","0900","2000","0900","2000","0900","2000","0900","2000","0900","1900","0900","C1301436","414","71","6279","35.9125873893","128.5468456657"
"경기도 수원시 영통구 효원로 387, 풍성프라자 103호 (매탄동)","매탄우리들약국","031-215-7845","2100","0900","2100","0900","2100","0900","2100","0900","2100","0900","1500","0900","C2101005","165","45","6280","37.25923337619696","127.04391009017803"
"충청북도 단양군 매포읍 평동18길 4,","2.4주 일요일 근무","매포재래시장안","매포시장약국","043-422-9980","2000","0840","2000","0840","2000","0840","2000","0840","2000","0840","1900","0900","1900","1400","C2300485","270","05","6281","37.0340006256322","128.29934221959903"
"경기도 시흥시 매화2로 3 (매화동)","경기시흥매화동매화교회앞","매화메디칼약국","031-315-7602","2200","0900","2200","0900","2200","0900","2200","0900","2200","0900","2200","0900","C2100935","149","40","6282","37.415572333219785","126.81446170186669"
"경기도 수원시 영통구 중부대로 238, 1층 (매탄동)","매화약국","031-215-3274","1800","0900","1800","0900","1800","0900","1800","0900","1800","0900","C2108779","165","30","6283","37.2750229027839","127.041864555993"
"경기도 군포시 번영로 504, 산본역 2층 2-가호 (산본동)","맥스매트로약국","031-00-0000","1800","0900","1800","0900","1800","0900","1800","0900","1800","0900","1300","0900","C2110187","158","62","6284","37.3581051591978","126.933175158373"
"경기도 군포시 번영로 504, 산본역 2층 2-가호 (산본동)","맥스메트로약국","070-8648-3659","1800","0900","1800","0900","1800","0900","1800","0900","1800","0900","1300","0900","C2110210","158","62","6285","37.3581051591978","126.933175158373"
"서울특별시 송파구 올림픽로 336, 대우유토피아오피스텔 지하B09호 (방이동)","맥스약국","02-416-5920","1930","1030","1930","1030","1930","1030","1930","1030","1930","1030","1600","0900","C1110058","055","42","6286","37.5153960266549","127.107455494042"
"서울특별시 영등포구 국제금융로6길 33, 1층 127호 (여의도동)","맨하탄길약국","02-785-3132","2000","0900","2000","0900","2000","0900","2000","0900","2000","0900","1600","0900","C1107970","073","31","6287","37.5207908297398","126.926911965929"
"경기도 구리시 도매시장로 42-14, 구리 농수산물 도매시장 수산물동 2층 201, 202, 203호 (인창동)","메가돔약국","031-000-0000","1800","0900","1800","0900","1800","0900","1800","0900","1800","0900","1300","0900","C2110231","119","16","6288","37.609981562306","127.145790483373"
"충청남도 천안시 동남구 봉명로 58 (봉명동)","1월 23일 오픈","메가센트럴약국","050-71303-8399","1900","1000","1900","1000","1900","1000","1900","1000","1900","1000","1900","1000","1900","1000","C2401926","311","51","6289"
"강원특별자치도 원주시 양지로 80, 110, 111호 (반곡동)","일요일과 공휴일이 겹치면 운영안함","메가센트럴약국","033-747-8744","2000","0830","2000","0830","2000","0830","2000","0830","2000","0830","1500","0830","1500","1000","C2201098","264","62","6290","37.32798566677729","127.98619518914099"
"광주광역시 광산구 장신로147번길 6-11, 1층 (수완동)","메가스토어약국","062-456-1012","2000","1000","2000","1000","2000","1000","2000","1000","2000","1000","2000","1000","2000","1000","2000","1000","C1501453","622","47","6291"
"충청북도 청주시 흥덕구 풍산로 15, 대우 메가폴리스 1A-001일부호 (가경동)","연중무휴","메가폴리스 건물 1층 ABC마트 옆","메가약국","043-234-0365","2100","0900","2100","0900","2100","0900","2100","0900","2100","0900","2100","1000","2100","1000","2100","1000","C2301200","283","96","6292","36.6267841532375","127.431993857632"
"대구광역시 달성군 유가읍 테크노순환로12길 4, 111,112호 (유가읍)","메가약국","053-615-3811","1830","0900","1830","0900","1830","0900","1830","0900","1830","0900","1330","0900","C1301446","429","94","6293","35.68955817429999","128.45369033590015"
"경기도 안산시 단원구 고잔2길 41, 신양복합빌딩 1층 112-7,8호 (고잔동)","메가약국","031-414-4055","1800","1000","1800","1000","1800","1000","1800","1000","1800","1000","C2108545","153","60","6294","37.317942945143","126.835643311386"
"경기도 수원시 장안구 송원로 81 (조원동)","메가플러스 2차 204-2호","메가약국","031-257-7727","2000","0900","2000","0900","2000","0900","2000","0900","2000","0900","1500","0900","1300","1000","C2101179","162","95","6295","37.302295963015915","127.00945763168406"
"충청남도 논산시 중앙로 255, 116호 (내동)","메가약국","041-732-0280","1900","0820","1900","0820","1900","0820","1900","0820","1900","0820","1400","0820","C2401753","329","83","6296","36.1898964516464","127.099013369074"
"울산광역시 북구 진장17길 10 (진장동)","병원 처방전은 불가하며 약 구입만 가능함","메가마트 내","메가약국","052-287-9185","2100","1000","2100","1000","2100","1000","2100","1000","2100","1000","2100","1000","2100","1000","2100","1000","C1700383","442","50","6297","35.562391666666670","129.356336111111119"
"세종특별자치시 도움1로 106, 4층 415호 (종촌동, 메가시티)","종촌동","메가약국","044-864-5648","1930","0900","1930","0900","1930","0900","1930","0900","1930","0900","1330","0900","C1800230","300","64","6298","36.5028160743","127.2481226858"
"부산광역시 사상구 낙동대로 733, 롯데마트 사상점 3층 (엄궁동)","메가자이언트","051-000-0000","2030","1000","2030","1000","2030","1000","2030","1000","2030","1000","2030","1000","C1203089","470","32","6299","35.1275983422866","128.968358334702"
"대구광역시 서구 와룡로 469 (이현동)","메가타운약국","070-4257-2869","2000","1000","2000","1000","2000","1000","2000","1000","2000","1000","C1301940","417","52","6300"
"경기도 부천시 원미구 상동로 90, 308호 (상동, 메가플러스)","상동홈플러스 옆건물 3층","메가팜약국","032-322-3020","1830","0900","1830","0900","1830","0900","1830","0900","1830","0900","1400","0900","C2100220","145","45","6301","37.50514289056063","126.75374554745349"
"울산광역시 북구 진장유통로 64, 롯데마트 진장점 1층 (진장동)","매월 둘째주 수요일, 매월 넷째주 일요일 휴무","메가플러스약국","052-000-0001","2000","1000","2000","1000","2000","1000","2000","1000","2000","1000","2000","1000","2000","1000","2000","1000","C1700744","442","48","6302"
"경기도 성남시 수정구 수정로 208, 1층 (신흥동)","메드백세약국","031-731-9655","2000","0900","2000","0900","2000","0900","2000","0900","2000","0900","1600","0900","1600","0900","C2103781","133","46","6303","37.44397425454931","127.14282504905759"
"인천광역시 남동구 백범로 322, 1층 (간석동,진메디칼센타)","메드칼약국","032-427-6190","2200","0900","2200","0900","2200","0900","2200","0900","2200","0900","2200","0900","2200","1100","C1400030","215","11","6304","37.464162307796606","126.71447913417511"
"대구광역시 중구 달구벌대로 1999, 1층 (동산동)","메디김약국","053-255-6917","1900","0900","1900","0900","1900","0900","1900","0900","1900","0900","1430","0900","C1301499","419","31","6305","35.8654552783","128.5827019987"
"대전광역시 유성구 동서대로 681, 웰라이프 빌딩 지상1층 일부호 (원신흥동)","메디본약국","042-822-7001","1800","0900","1800","0900","1800","0900","1800","0900","1800","0900","1700","0900","C1601452","341","95","6306","36.3325741750379","127.338798376611"
"경기도 고양시 일산서구 중앙로 1426, 일송노브레스 603-1호 (주엽동)","토요일 진료시간 오전 9시 부터 오후 1시까지입니다.","전화번호 수정합니다. 031-913-7575","메디빌사랑약국","031-913-7575","1800","0900","1800","0900","1800","0900","1800","0900","1800","0900","1300","0900","C2102525","103","86","6307","37.67028060290092","126.76194320867128"
"대구광역시 수성구 달구벌대로 3204","신매동기업은행건너편버스정류장","메디빌약국","053-792-7087","1930","0900","1930","0900","1930","0900","1930","0900","1930","0900","1700","0900","C1300550","422","74","6308","35.83994183830627","128.70692256451804"
"경기도 김포시 풍무로 128, 웰라움퍼펙트시티 135,136호 (풍무동)","메디사랑약국","031-996-4621","1800","0900","1800","0900","1800","0900","1800","0900","1800","0900","C2108694","101","13","6309","37.6070007669944","126.723459102455"
"경기도 동두천시 중앙로33번길 100 (송내동)","메디섬약국","031-894-4514","1800","0900","1800","0900","1800","0900","1800","0900","1800","0900","1300","0900","C2110019","113","54","6310","37.8816096358104","127.052528785308"
"경기도 고양시 덕양구 중앙로 452, 104,105호 (행신동, 메디스타워)","가라뫼사거리","메디스약국","031-979-2277","2100","0830","2100","0830","2100","0830","2100","0830","2100","0830","1630","0830","1300","0900","C2102748","104","86","6311","37.61858604454722","126.84524344064411"
"서울특별시 송파구 송이로 111 (가락동, 청석빌딩 1층)","청석빌딩1층 메디슨약국","메디슨약국","02-443-7789","2000","0900","2000","0900","2000","0900","2000","0900","2000","0900","1500","0900","C1103237","057","16","6312","37.4967487065701","127.122141310018"
"경기도 오산시 경기대로 174, 106호 (원동, 다모아프라자)","공휴일 방문 전 전화 확인","메디슨약국","031-378-3004","1900","0900","1900","0900","1900","0900","1900","0900","1900","0900","1330","0900","C2101407","181","44","6313","37.1402813176628","127.07379283345429"
"경기도 양주시 옥정로 214, 109호 (옥정동)","메디슨약국","070-4647-0018","2100","0900","2100","0900","2100","0900","2100","0900","2100","0900","2100","0900","2100","0900","C2108430","114","73","6314","37.8206905059303","127.092118315849"
"경기도 부천시 경인로536번길 27, 메디슨167빌딩 1층 104호 (괴안동)","메디슨약국","032-347-0771","C2108716","146","79","6315","37.4847386409798","126.815563448618"
"대구광역시 서구 통학로17길 25, 1층 (평리동)","메디슨약국","053-565-1171","1830","0900","1830","0900","1830","0900","1830","0900","1830","0900","1300","0900","C1300473","418","31","6316","35.86763493736517","128.5607988597489"
"대구광역시 동구 아양로 199, 1층 (신암동)","동구청옆(대구은행아양로지점옆)","메디슨약국","053-941-1447","1800","0900","1800","0900","1800","0900","1800","0900","1800","0900","1500","0900","C1300409","701","810","6317","35.886091502604195","128.6347612738799"
"서울특별시 도봉구 해등로 255, 101동 2층 222호 (쌍문동, 에벤에셀아파트)","선덕고등학교사거리청구아파트맞은편신한은행상가 신원상가내 102호","메디슨약국","070-4256-9231","1900","0900","1900","0900","1900","0900","1900","0900","1900","0900","1500","0900","C1102864","014","29","6318","37.6573748589473","127.028191786525"
"경기도 수원시 팔달구 세지로 148, 서진빌딩 101호 (인계동)","메디신성모약국","031-226-6354","2100","0900","2100","0900","2100","0900","2100","0900","2100","0900","2000","0900","C2101724","164","79","6319","37.26484412976534","127.02105929745045"
"경기도 수원시 팔달구 정조로715번길 18, (매교동)","명절 당일 휴무","이춘택병원 주차장쪽, 낮에는 235-3040 안내.","메디신월드약국","031-235-3040","1930","0900","1930","0900","1930","0900","1930","0900","1930","0900","1530","0900","1400","0900","1400","0900","C2100891","164","65","6320","37.27116301761169","127.0160551148309"
"부산광역시 해운대구 좌동순환로 395, 한라프라자 104호 (중동)","*공휴일 운영 시간 변동 가능","메디썬약국","051-741-2238","2000","0900","2000","0900","2000","0900","2000","0900","2000","0900","1600","0900","2000","0900","C1202910","481","14","6321","35.1621854272246","129.177337267349"
"서울특별시 서초구 강남대로 455, 3층 305호 (서초동, 강남태영데시앙루브)","태영데시앙루브","메디안약국","02-533-1595","1900","1000","1900","1000","1900","1000","1900","1000","1900","1000","1400","1000","1300","0900","C1104087","066","11","6322","37.5028594641113","127.024543871587"
"인천광역시 서구 검단로623번길 4, 105호 (마전동, 세창프라자)","검단초등학교 옆에 위치한 건물 1층","메디안약국","032-567-2463","1900","0900","1900","0900","1300","0900","1900","0900","1900","0900","1700","1140","C1400195","226","01","6323","37.60991075620055","126.67039644336421"
"경기도 부천시 중동로 168, 107호 (중동)","복사골건영아파트 상가 내 건물 1층","메디안약국","032-668-7711","2000","0930","2000","0930","2000","0930","2000","0930","2000","0930","C2100162","146","09","6324","37.494726750476325","126.76758482676502"
"경기도 하남시 미사강변한강로 135, 나동 2층 243호 (망월동)","메디약국","031-8028-7088","1830","0830","1830","0830","1830","0830","1830","0830","1830","0830","1400","0830","C2109190","129","02","6325","37.5766518457401","127.191780569483"
"경기도 용인시 처인구 금령로 21","메디약국","031-333-0362","1930","0900","1930","0900","1930","0900","1930","0900","1930","0900","1430","0900","C2107203","170","50","6326","37.2350494827","127.1986409747"
"경기도 용인시 기흥구 흥덕2로87번길 18, 이씨티 A동 503호 (영덕동)","메디약국","031-212-7108","1800","0900","1800","0900","1800","0900","1800","0900","1800","0900","C2107993","169","54","6327","37.2759107805739","127.07158946838948"
"경기도 화성시 동탄대로 557-9, 우성르보아시티 B동 123호 (오산동)","메디약국","031-372-7731","2000","0900","2000","0900","2000","0900","2000","0900","2000","0900","1600","0900","C2108027","184","78","6328","37.20318832874035","127.09796532053136"
"전북특별자치도 전주시 덕진구 들사평3길 3, 103호 (덕진동1가)","건강증진의원 제2주차장 가는길에 있습니다.","메디약국","063-714-2908","C2501460","548","93","6329","35.8413536138434","127.121902240487"
"경기도 남양주시 경춘로 1511, 메디피아 (호평동)","경기도남양주시호평동14메디피아빌딩1층약국","메디약국","031-593-1902","2000","0900","2000","0900","2000","0900","2000","0900","2000","0900","1600","0900","C2103768","121","41","6330","37.655549497648174","127.25946445387869"
"서울특별시 동대문구 회기로 173, 1층 (회기동)","메디약국","02-957-3393","1800","0900","1800","0900","1800","0900","1800","0900","1800","0900","1300","0900","C1101842","024","52","6331","37.5905120215502","127.055501670462"
"서울특별시 도봉구 방학로 183","방학동신동아아파트입구제일은행옆","메디약국","02-956-2339","1830","0900","1830","0900","1830","0900","1830","0900","1830","0900","1500","0900","C1102867","013","84","6332","37.66201349926991","127.03197462094542"
"대구광역시 중구 중앙대로 359","메디약국","053-428-3808","1900","0900","1900","0900","1900","0900","1900","0900","1900","0900","1600","0900","C1301001","419","67","6333","35.8650634387466","128.5927915599903"
"대구광역시 동구 팔공로 259, 103호 (봉무동, 프라임빌딩)","메디약국","053-982-3118","2030","0900","2030","0900","2030","0900","2030","0900","2030","0900","2030","0900","2000","1500","2000","1000","C1301407","410","26","6334","35.9220418788","128.64079545"
"경기도 파주시 금릉역로 186, 1층 (금촌동)","메디온누리약국","031-944-8941","1900","0900","1900","0900","1900","0900","1900","0900","1900","0900","1400","0900","C2109063","109","13","6335","37.7607612667305","126.766130502883"
"인천광역시 중구 답동로30번길 9 (경동)","기독병원 앞","메디온정문약국","032-772-3741","1300","0900","1300","0900","1300","0900","1300","0900","1300","0900","1300","0830","C1400105","223","20","6336","37.47153139595408","126.63205692993776"
"경기도 부천시 길주로 191 (중동, 금영프라자)","석천사거리 하나은행과 신한은행 사이에 있는 건물 1층","메디온중동약국","032-325-0035","2000","0900","2000","0900","2000","0900","2000","0900","2000","0900","1700","0900","1300","0900","C2103747","145","38","6337","37.5051617561431","126.76389804814192"
"경기도 이천시 이섭대천로 1178-22, 1층 (중리동)","양정분산부인과 후문앞","메디원약국","031-631-8658","1700","0900","1700","0900","1700","0900","1700","0900","1700","0900","C2103557","173","73","6338","37.27619060353291","127.44767075244849"
"경기도 부천시 원미구 신흥로 199, 트리플 타워C 1층 104호 (중동)","메디웰약국","032-322-1463","1800","0900","1800","0900","1800","0900","1800","0900","1800","0900","1300","0900","C2110036","145","48","6339","37.5012552695415","126.776156643877"
"광주광역시 남구 제석로 104, 202동 상가 지하 1층 (봉선동)","메디웰자연약국","062-674-8583","2000","0800","2000","0800","2000","0800","2000","0800","2000","0800","1500","0800","1500","0900","C1501126","617","02","6340","35.1237118017","126.9074630086"
"인천광역시 남동구 남동대로 899, 1층 일부호 (간석동)","메디유약국","032-426-8275","1930","0930","1930","0930","1930","0930","1930","0930","1930","0930","1600","0930","C1401872","215","50","6341","37.4626578194496","126.70795627595"
"경기도 파주시 금릉역로 196, 1층 (금촌동)","메디정문약국","031-941-6240","1900","0900","1900","0900","1900","0900","1900","0900","1900","0900","1800","0900","C2109230","109","13","6342","37.7615885228212","126.76667127146"
"서울특별시 서초구 강남대로 429, 406호 (서초동)","메디주약국","02-591-2270","1930","1000","1930","1000","1930","1000","1930","1000","1930","1000","1700","0930","C1109353","066","12","6343","37.5007943673082","127.025772945159"
"대전광역시 유성구 대덕대로 582, 옥토빌딩 104호 (도룡동)","메디치약국","042-862-0070","1830","0900","1830","0900","1830","0900","1830","0900","1830","0900","1330","0900","C1601225","341","21","6344","36.384928364577156","127.37896795651814"
"광주광역시 북구 설죽로315번길 1","북부경찰서 건너편","메디치약국","062-574-8577","1900","0900","1900","0900","1900","0900","1900","0900","1900","0900","1400","0900","C1500940","610","62","6345","35.187578365737345","126.89823381606076"
"강원특별자치도 동해시 삼화로 16","삼화우체국 맞은편","메디칼25시약국","033-534-1722","1900","0800","1900","0800","1900","0800","1900","0800","1900","0800","1700","0800","1700","0800","C2200622","257","45","6346","37.487186021840245","129.06765229574904"
"서울특별시 도봉구 도봉로 484","쌍문역1번출구롯데리아2층 청우빌딩 202호","메디칼2층약국","02-992-2313","1800","0930","1800","0930","1800","0930","1800","0930","1800","0930","1600","0900","C1101846","014","54","6347","37.648618526592","127.035069277803"
"경기도 남양주시 평내로29번길 49, 305,306호 (평내동, M2플라자)","메디칼3층약국","031-559-6005","2000","0900","2000","0900","2000","0900","2000","0900","2000","0900","1600","0900","1300","0900","C2103657","122","23","6348","37.64585417716376","127.23564599516516"
"서울특별시 동대문구 망우로 123, 1층 (휘경동)","메디칼갑산약국","02-2217-5060","1900","0900","1900","0900","1900","0900","1900","0900","1900","0900","1400","0900","1600","0900","C1107073","024","36","6349","37.591711720367","127.06659655052"
"서울특별시 강서구 양천로 104 (방화동)","메디칼건강약국","02-2661-3337","2100","0930","2100","0930","2100","0930","2100","0930","2100","0930","2100","0930","C1102633","076","04","6350","37.573238170744","126.815402921393"
"경기도 성남시 분당구 내정로 29, 209호 (정자동, 금곡동프라자)","메디칼김약국","031-718-7330","1900","0900","1900","0900","1900","0900","1900","0900","1900","0900","1600","0900","C2101781","136","12","6351","37.36287002218774","127.11447742648698"
"강원특별자치도 삼척시 오십천로 510, (정상동)","정상동 삼척병원 옆","메디칼김약국","033-573-1360","1800","0900","1800","0900","1800","0900","1800","0900","1800","0900","1230","0900","C2200257","259","28","6352","37.43670149680924","129.1728924785034"
"서울특별시 강남구 삼성로 38","개포동역 6번 출구 개포빌딩","메디칼미래약국","02-445-1342","1830","0900","1830","0900","1830","0900","1830","0900","1830","0900","1400","0900","C1101802","063","29","6353","37.4886879268822","127.066845330996"
"서울특별시 서초구 효령로2길 26, 1층 (방배동)","메디칼미소약국","02-515-7533","2000","0900","2000","0900","2000","0900","2000","0900","2000","0900","1300","0800","C1110848","066","99","6354","37.4760105268394","126.987649813579"
"서울특별시 구로구 공원로7길 40, 1층 (구로동, 대영빌딩)","구로거리공원외환은행버스정류장골목에서약200m/대영빌딩 1층","메디칼바른약국","02-866-1914","2000","0900","2000","0900","2000","0900","2000","0900","2000","0900","2000","0900","C1103916","082","94","6355","37.501492314577","126.886900909221"
"부산광역시 사상구 사상로 284 (덕포동)","2호선 덕포역 2번 출구","메디칼박상일약국","051-305-7755","1900","0900","1900","0900","1900","0900","2000","0900","1900","0900","1530","0900","C1200387","469","54","6356","35.17003227722666","128.98282110994708"
"경기도 안성시 중앙4길 20","메디칼보룡약국","031-672-1306","1830","0830","1830","0830","1830","0830","1830","0830","1830","0830","1300","0830","C2103082","175","81","6357","37.00795465600487","127.2681682337601"
"부산광역시 부산진구 중앙대로 611, (범천동)","범내골 로타리 춘해병원 앞","메디칼보민약국","051-646-0666","2030","0840","2030","0840","2030","0840","2030","0840","2030","0840","1930","0840","C1200285","473","51","6358","35.14740882918045","129.0585132302057"
"경기도 수원시 팔달구 중부대로 128 1층(인계동)","토요일은 1,3째주만 운영: 9:00~13:00까지","메디칼빈센트약국","031-231-9221","1800","0900","1800","0900","1800","0900","1230","0900","1800","0900","C2107309","164","71","6359","37.2780514091","127.0302639049"
"부산광역시 연제구 과정로 102, 1층 (연산동)","연중무휴 09:00~21:00","망미주공아파트 입구 대로변","망미주공 입구","메디칼사랑약국","051-755-5655","2100","0900","2100","0900","2100","0900","2100","0900","2100","0900","2100","0900","2100","0900","2100","0900","C1201506","475","72","6360","35.1806975371","129.1075505674"
"서울특별시 종로구 대학로9길 6, 1층,2층 (명륜4가)","메디칼서울약국","02-766-9000","1830","0900","1830","0900","1830","0900","1830","0900","1830","0900","1300","0900","C1103835","030","79","6361","37.5818198468914","127.001528152692"
"경기도 성남시 중원구 산성대로476번길 8, 1층 (금광동)","메디칼성심약국","031-732-6335","2000","0830","2000","0830","2200","0830","2000","0830","2000","0830","1700","0830","C2101628","131","61","6362","37.453601492373664","127.16177187930009"
"경기도 평택시 중앙로 11 (통복동)","기업은행옆","메디칼세계로약국","031-657-8078","2300","0830","2300","0830","2300","0830","2300","0830","2300","0830","2300","0830","2200","0900","2300","0830","C2101898","178","93","6363","36.99562884418097","127.0845638550143"
"경기도 수원시 영통구 반달로 105, 101호 (영통동)","메디칼수약국","031-206-7566","2200","0900","2200","0900","2200","0900","2200","0900","2200","0900","2030","0900","2100","0930","C2107344","167","05","6364","37.2525632464","127.0769147471"
"경기도 의정부시 오목로 229, 1층 (민락동, 성진메디칼프라자)","메디칼수약국","031-852-7566","1800","0900","1800","0900","1800","0900","1800","0900","1800","0900","C2106887","118","13","6365","37.74662530129927","127.09982548384793"
"서울특별시 동작구 보라매로 113, 105호 (대방동, 코스모빌딩)","메디칼수정약국","02-817-6087","1900","0830","1900","0830","1900","0830","1900","0830","1900","0830","1500","0900","C1102637","070","55","6366","37.4994633095093","126.927896614044"
"서울특별시 동작구 상도로 77(대방동)","메디칼신대방약국","02-822-1344","2030","0830","2030","0830","2030","0830","2030","0830","2030","0830","1600","0830","1800","0900","1730","0830","C1109622","069","53","6367","37.4998934449643","126.929229638007"
"인천광역시 부평구 부평대로 171-9, (청천동)","부평구청역 맞은편 건물 1층 (세림병원 후문 쪽)","메디칼안약국","032-525-0591","1830","0830","1830","0830","1830","0830","1830","0830","1830","0830","1300","0830","C1400140","213","64","6368","37.5065331789829","126.72020577946153"
"서울특별시 관악구 은천로25길 69, 1층 (봉천동, 삼성프라자)","관악구성현동관악드림타운남문앞삼성프라자1층","메디칼약국","02-883-4227","2200","0900","2200","0900","2200","0900","2200","0900","2200","0900","2200","0900","C1102388","087","29","6369","37.4890682965874","126.948355993845"
"서울특별시 성동구 고산자로 234","시간변동 가능성 있습니다.","나래빌딩 402호","메디칼약국","02-2299-0204","1800","0900","1800","0900","1800","0900","1800","0900","1800","0900","1730","0900","C1100027","047","44","6370","37.5605265052689","127.03526540093"
"서울특별시 성북구 아리랑로 3 (동소문동6가)","메디칼약국","02-922-4265","2000","0900","2000","0900","1900","0900","2000","0900","2000","0900","1500","0900","C1102631","028","30","6371","37.5930241251186","127.016174486678"
"경기도 성남시 중원구 자혜로 60 (금광동)","신구대후문중부초등학교대각선","메디칼약국","031-733-2775","2000","0900","2000","0900","2000","0900","2000","0900","2000","0900","1600","0900","1400","0900","C2100655","131","66","6372","37.45073740587008","127.16615070469548"
"경기도 용인시 수지구 풍덕천로 114, 강동빌딩 101,102호 (풍덕천동)","공휴일 방문 전 전화확인 필수","메디칼약국","031-265-4770","2000","0900","2000","0900","2000","0900","2000","0900","2000","0900","1900","0900","1800","1000","C2101923","168","41","6373","37.32224065021973","127.09479814942128"
"경기도 동두천시 큰시장로 37 (생연동)","임내과옆건물1층유림사거리방면","메디칼약국","031-861-5586","2130","0900","2130","0900","2130","0900","2130","0900","2130","0900","2130","0900","2130","0900","C2102917","113","34","6374","37.90024579995308","127.05336348394846"
"경기도 의정부시 행복로 40, (의정부동)","중앙로 국민은행,농협 맞은편 동물약, 한방약. 꼼꼼한 상담","메디칼약국","031-821-1415","2200","0900","2200","0900","2200","0900","2200","0900","2200","0900","2200","0900","1900","1100","1900","1100","C2102985","116","92","6375","37.741988894375666","127.0503770962144"
"경기도 파주시 와석순환로 125, 현대프라자 104,105호 (동패동)","메디칼약국","031-948-0837","2000","0900","2000","0900","2000","0900","2000","0900","2000","0900","1800","0900","1400","0930","C2103187","109","05","6376","37.747289900559004","126.76804932001511"
"부산광역시 금정구 수림로 15, 1층 (부곡동)","SK아파트 정문 앞","메디칼약국","051-518-9880","1800","0900","1800","0900","1800","0900","1800","0900","1800","0900","1300","0900","C1200158","462","76","6377","35.23933779993401","129.09067129327025"
"경기도 안산시 단원구 예술대학로 9, 보배프라자 301호 (고잔동)","메디칼약국","031-482-0353","1930","0900","1930","0900","1930","0900","1930","0900","1930","0900","1530","0900","C2101598","153","60","6378","37.317829458869674","126.83652952256669"
"경기도 군포시 군포로 470, 101호 (당동, 경림빌딩)","군포초등학교건너편버스정류장앞1층","메디칼약국","031-391-9523","1900","0900","1900","0900","1900","0900","1900","0900","1900","0900","1600","0900","1400","0930","C2100997","158","56","6379","37.34822546537624","126.94412902451364"
"서울특별시 광진구 광나루로 355 (군자동)","메디칼약국","02-468-0259","1840","0840","1840","0840","1840","0840","1840","0840","1840","0840","1600","0840","C1101809","050","03","6380","37.5483783057086","127.069340761342"
"경기도 남양주시 경춘로 450, 1층 (지금동,용진빌딩)","일요일,공휴일 전화 후 방문.","메디칼약국","031-553-0560","2000","0900","2000","0900","2000","0900","2000","0900","2000","0900","1700","0900","1700","0900","C2102274","122","58","6381","37.6087911694","127.1634030122"
"울산광역시 동구 방어진순환도로 482 (방어동)","해룡타워시티 옆 김광국내과, 현대정형외과 건물","메디칼약국","052-201-7820","1830","0900","1830","0900","1830","0900","1830","1400","1830","0900","1300","0900","C1700165","440","96","6382","35.48717083211901","129.42020753027688"
"울산광역시 남구 삼산로 201 (달동)","울산성모안과1층","메디칼약국","052-265-5672","1800","0900","1800","0900","1800","0900","1800","0900","1800","0900","1600","0900","1300","0900","C1700096","447","03","6383","35.538063892191914","129.3292893226178"
"서울특별시 도봉구 도봉로 677, 105호 (방학동)","메디칼약국","02-3491-5119","1900","0800","1900","0800","1900","0800","1900","0800","2030","0800","1600","0800","C1102808","013","40","6384","37.6649297808959","127.042318316334"
"강원특별자치도 춘천시 금강로 41 (낙원동)","2018년 추석연휴 24일 ~ 25일(휴무), 26일(운영)","인성병원 앞","메디칼약국","033-255-2735","1900","0830","1900","0830","1900","0830","1900","0830","1900","0830","1500","0900","1500","0900","C2200304","242","72","6385","37.88097570067489","127.72709143476365"
"대구광역시 달서구 두류공원로28길 32","메디칼약국","053-623-4756","1800","0900","1800","0900","1800","0900","1800","0900","1800","0900","1300","0900","C1300524","426","70","6386","35.84837663543735","128.56793050416817"
"인천광역시 미추홀구 인하로 251","신기촌씨티은행옆","메디칼약국","032-873-8783","2000","0900","2000","0900","2000","0900","2000","0900","2000","0900","1700","0900","1400","0900","C1400671","222","14","6387","37.44843275663489","126.6759824552673"
"인천광역시 계양구 경명대로 1115, 3층(계산동,인평프라자)","천년부페 건너편건물 3층(교보생명보험 근처)","메디칼약국","032-549-8089","1600","0900","1600","0900","1600","0900","1600","0900","1600","0900","1600","0930","C1400710","210","30","6388","37.54353473223872","126.73075844111361"
"전북특별자치도 전주시 덕진구 솔내로 190","현대 3차 사거리 농협 옆","메디칼약국","063-255-9200","1900","0830","1900","0830","1900","0830","1900","0830","1900","0830","1300","0830","C2500585","548","29","6389","35.86699721103103","127.12744400646264"
"충청남도 아산시 어의정로 8 (용화동)","용화동 농협 앞","메디칼약국","041-549-1275","2000","0900","2000","0900","2000","0900","2000","0900","2000","0900","1700","0900","1700","0900","C2400708","315","69","6390","36.7763815155867","126.99680329765677"
"경상남도 창원시 진해구 안청남로 28 (안골동, 메디칼약국)","파리바게트 맞은편","메디칼약국","055-551-7668","2000","0900","2000","0900","2000","0900","2000","0900","2000","0900","1900","0900","1900","1100","1900","1100","C2800277","516","09","6391","35.10103790173079","128.80604474542892"
"대전광역시 유성구 진잠로42번길 111 (원내동)","샘물타운앞, 진잠농협옆","메디칼약국","042-543-2080","2100","0900","2100","0900","2100","0900","2100","0900","2100","0900","1800","0900","1800","0900","C1600383","342","30","6392","36.298627664420096","127.31993306333347"
"제주특별자치도 제주시 고마로 149 (일도이동, 회광빌딩)","제주시 약국, 동물약국","일도지구 제주은행 연삼로지점 옆","메디칼약국","064-726-2200","1900","0900","1900","0900","1900","0900","1900","0900","1900","0900","1300","0900","C2900222","632","59","6393","33.50149510999042","126.54357131384421"
"대전광역시 대덕구 동춘당로94번길 11-7, 광혜빌딩 101호 (송촌동)","대전시 대덕구 송촌동 선비마을 3단지 앞 롯데리아 건물내","메디칼약국","042-628-7503","1830","0900","1830","0900","1830","0900","1830","0900","1830","0900","1600","0900","1600","0900","C1600288","344","01","6394","36.36586071056111","127.43966476052017"
"서울특별시 강서구 공항대로41길 75, 경원프라자 110호 (등촌동)","강서구등촌동등현초등학교앞경원프라자B/D1층","메디칼약국","02-2668-6068","1830","0900","1830","0900","1830","0900","1830","0900","1830","0900","1330","0900","C1104397","075","86","6395","37.5611486390411","126.846360147398"
"부산광역시 북구 만덕대로 12-1, (덕천동)","덕천 지하철역 9번출구","메디칼약국","051-331-5599","2000","0900","2000","0900","2000","0900","2000","0900","2000","0900","1600","0900","1300","0900","C1201007","465","76","6396","35.21022340081374","129.0065622352701"
"부산광역시 연제구 중앙대로 1077, 1층 (연산동)","1,3호선 연산역 1번출구/뉴그랜드오피스텔 건너편","메디칼약국","051-852-3131","1830","0900","1830","0900","1830","0900","1830","0900","1830","0900","1300","0900","C1200562","475","40","6397","35.18428333333332","129.0797722222237"
"대구광역시 수성구 동대구로 330, 2층 (범어동)","범어네거리대구일보빌딩2층","메디칼약국","053-759-0071","1830","0900","1830","0900","1300","0900","1830","0900","1830","0900","1300","0900","C1301046","420","28","6398","35.85970543048847","128.62736870115106"
"부산광역시 연제구 과정로 218","토곡한양아파트앞 큰대로변","메디칼약국","051-751-7011","1900","0900","1900","0900","1900","0900","1900","0900","1900","0900","1800","0900","1800","0900","C1200964","475","65","6399","35.18793470140324","129.10349409554874"
"부산광역시 영도구 절영로 51","버스정류장:남항사거리","메디칼약국","051-413-1585","1800","0900","1800","0900","1800","0900","1800","0900","1800","0900","1400","0900","C1200275","490","54","6400","35.08985039317379","129.03862391303215"
"서울특별시 노원구 동일로 1550, 고려프라자빌딩 2층 206호 (상계동)","메디칼약국","02-933-3588","1930","0840","1930","0840","1930","0840","1930","0840","1930","0840","1330","0840","1330","0840","C1109261","016","74","6401","37.666911617005","127.057549710711"
"부산광역시 수영구 수영로 621","수영한서병원 옆","메디칼약국","051-755-3070","1750","0830","1750","0830","1750","0830","1750","0830","1750","0830","1250","0840","C1200090","482","53","6402","35.16119967044512","129.11363425352633"
"서울특별시 종로구 경교장길 35, 3136호 (평동, 경희궁자이 3단지)","서울적십자병원 앞","메디칼약국","02-739-0399","1900","0830","1900","0830","1900","0830","1900","0830","1900","0830","1300","0830","C1103726","031","80","6403","37.56772671403026","126.96591790900698"
"경기도 부천시 도약로 29, 103호 (상동, 에이스프라자)","라일락마을신성미소지움,뜨란채정문앞","메디칼약국","032-324-6877","2100","0900","2100","0900","2100","0900","2100","0900","2100","0900","1900","0900","C2100235","145","04","6404","37.51269616747623","126.7525634650051"
"경상북도 포항시 북구 용흥로 30 (용흥동)","토요일 랜덤운영(전화요망)","포항의료원입구","메디칼약국","054-254-4141","1800","0830","1800","0830","1800","0830","1800","0830","1800","0830","C2701307","376","88","6405","36.033690286594684","129.35614368859913"
"경상남도 거제시 서문로 64 (고현동) 101호(청암빌딩)","거제아동병원 부근","메디칼약국","055-632-8544","1900","0900","1900","0900","1900","0900","1900","0900","1900","0900","1700","0900","C2800646","532","51","6406","34.88939899949995","128.62285236027395"
"경기도 가평군 가평읍 장터3길 10, 1층","메디칼약국","031-582-4999","1800","0900","1800","0900","1800","0900","1800","0900","1800","0900","1300","0900","C2108996","124","19","6407","37.8304016035369","127.514691205595"
"경기도 남양주시 오남읍 진건오남로 511, 108호 (오남읍)","메디칼약손약국","031-528-9100","2130","0900","2130","0900","2130","0900","2130","0900","2130","0900","1500","0900","C2102628","120","48","6408","37.6797740095","127.2091708325"
"부산광역시 부산진구 서면문화로 10 (부전동)","1,2호선 서면역 9번 출구","메디칼영광약국","051-947-0890","2040","0900","2040","0900","2040","0900","2040","0900","2040","0900","1800","0900","1800","0900","1800","0900","C1202478","472","56","6409","35.1588256109","129.05761581090135"
"경기도 성남시 분당구 동판교로 61, 자유퍼스트프라자2 111호 (백현동)","자유퍼스트프라자II 111호","메디칼온누리약국","031-8016-2432","2000","0830","2000","0830","2000","0830","2000","0830","2000","0830","1400","0900","1300","0900","1300","0900","C2103054","135","33","6410","37.38845125054104","127.1153865556677"
"경기도 고양시 일산동구 동국로 26 (식사동)","일산동구식사동동국대병원맞은편","메디칼온누리약국","031-966-5670","1830","0900","1830","0900","1830","0900","1830","0900","1830","0900","1300","0900","C2103088","103","25","6411","37.676459255783286","126.80759228832255"
"경기도 안양시 동안구 평촌대로 352, 1층 (비산동, 성준빌딩)","비산동운동장사거리성준빌딩1층","메디칼온누리약국","031-476-3838","1900","0900","1900","0900","1900","0900","1900","0900","1900","0900","1600","0900","1200","0900","C2101747","139","41","6412","37.40214915970269","126.95028277488163"
"경기도 성남시 수정구 수정북로 18, 현대시장 1층 일부호 (태평동)","메디칼왕약국","031-756-5765","2100","0900","2100","0900","1900","0900","2100","0900","2100","0900","2100","0900","C2100795","133","05","6413","37.44173518012158","127.13121324918328"
"서울특별시 노원구 동일로 1044, 1층 (공릉동)","공릉역 2번 출구","메디칼우리약국","02-971-6040","1800","0900","1800","0900","1800","0900","1800","0900","1800","0900","1300","0900","C1100729","018","45","6414","37.6233663373204","127.074051281843"
"서울특별시 동작구 보라매로 106, 101-1호 (신대방동)","13:00~14:00 휴게시간","메디칼우리약국","02-815-3011","2000","0900","2000","0900","2000","0900","2000","0900","2000","0900","2000","0900","C1101800","070","53","6415","37.4987076494436","126.928363487917"
"서울특별시 양천구 신정이펜2로 12, 이펜하우스타워 104호 (신정동)","서남병원 옆","메디칼으뜸약국","02-2691-1777","2000","0900","2000","0900","2000","0900","2000","0900","2000","0900","1600","0900","C1104042","080","49","6416","37.5126074619051","126.83282424606"
"인천광역시 부평구 동수로 57 (부평동)","인천성모병원 앞","메디칼정문약국","032-506-0609","1830","0900","1830","0900","1830","0900","1830","0900","1830","0900","1300","0900","C1400177","214","25","6417","37.485455922554216","126.72477882985811"
"서울특별시 강남구 밤고개로21길 8, 1층 107호 (율현동, 세곡프라자)","메디칼정성약국","02-459-6772","1900","0850","1900","0850","1900","0850","1900","0850","1900","0850","1330","0850","C1107366","063","78","6418","37.4735487656314","127.107863694133"
"인천광역시 미추홀구 독배로 309, 노블레스타워 108호,109호 (용현동)","운영시간 현재 미정","메디칼정성약국","032-891-4888","1700","1000","1700","1000","1700","1000","1700","1000","1700","1000","C1401922","221","88","6419","37.4477929074767","126.649257867689"
"인천광역시 부평구 충선로 174 (부개동)","삼산동체육관건너편부개주공후문옆","메디칼제일약국","032-361-2819","2200","0830","2200","0830","2200","0830","2200","0830","2200","0830","0900","0830","C1400255","213","45","6420","37.50479432253606","126.73670174166152"
"전북특별자치도 전주시 덕진구 기린대로 272 (진북동)","진북동 기린로사거리 현대병원1층","메디칼종합약국","063-277-3180","1800","0830","1800","0830","1800","0830","1800","0830","1800","0830","1300","0830","C2500286","561","160","6421","35.83002206303741","127.14259829509757"
"서울특별시 양천구 오목로 312 (목동)","메디칼중앙약국","02-2646-2892","1810","0830","1810","0830","1810","0830","1810","0830","1810","0830","1430","0830","C1104323","080","05","6422","37.5246909382695","126.872013025181"
"대구광역시 달서구 달구벌대로 1015, 1층 (호산동)","메디칼중앙약국","053-586-7900","2000","0900","2000","0900","2000","0900","2000","0900","2000","0900","2000","0900","2000","1000","2000","1000","C1301579","426","02","6423","35.853365297611724","128.47831787849552"
"경기도 고양시 일산동구 탄중로 323 (중산동)","토요일 방문 전 전화확인 필수","메디칼참사랑온누리약국","031-976-8341","2100","0900","2100","0900","2100","0900","2100","0900","2100","0900","2000","0900","C2102257","103","31","6424","37.69345187307486","126.78111651315302"
"경기도 성남시 분당구 야탑로69번길 3","분당차병원과바른세상병원사이","메디칼참약국","031-781-0111","2200","0900","2200","0900","2200","0900","2200","0900","2200","0900","2200","0900","1700","1000","C2102414","134","97","6425","37.410024740782994","127.12647506590415"
"부산광역시 남구 용호로232번길 25-3, (용호동)","성모병원후문","메디칼천사약국","051-627-1004","1800","0900","1800","0900","1800","0900","1800","0900","1800","0900","1400","0900","C1200859","485","74","6426","35.11128405214","129.10973975410638"
"서울특별시 강남구 남부순환로 2917 (대치동)","대치역1번출구전방100M 청실상가1층","메디칼청실약국","02-568-3597","2100","0900","2100","0900","2100","0900","2100","0900","2100","0900","1700","0900","C1101552","062","80","6427","37.4931666957307","127.059164905458"
"부산광역시 사상구 학감대로 143, 1층 (학장동)","메디칼큰손약국","051-711-8825","1830","0900","1830","0900","1830","0900","1830","0900","1830","0900","1330","0900","C1202511","470","23","6428","35.143956041716564","128.98769679189937"
"경상남도 창원시 성산구 원이대로 664, 창원메디컬 (상남동)","365일 근무합니다. 창원시 상남동 2-1 (신월동 은아아파트 정문 맞은편)","은아그랜드@정문건너편","메디칼큰온누리약국","055-283-0990","2300","0730","2300","0730","2300","0730","2300","0730","2300","0730","2300","0730","2300","0900","2300","0900","C2800494","514","95","6429","35.2238130277","128.6859223335"
"서울특별시 성북구 오패산로 49, 3층 (하월곡동)","두산위브아파트농협옆제일은행3층","메디칼팜약국","02-909-0508","1830","0900","1830","0900","1830","0900","1830","0900","1830","0900","1500","0900","C1103775","027","38","6430","37.6063976114138","127.036435972117"
"서울특별시 영등포구 양평로 16, 1층105호(당산동6가,대정프라자)","당산역 8번 출구","메디칼푸른약국","02-2069-2044","1850","0900","1850","0900","1850","0900","1850","0900","1850","0900","1420","0830","C1103482","072","23","6431","37.5328855588883","126.90450018213"
"경기도 김포시 김포대로 851 (사우동)","공휴일 운영 유동적임.","제일 메디칼빌딩 건물 1층","메디칼하나약국","031-988-5345","2000","0900","2000","0900","2000","0900","2000","0900","2000","0900","1700","0900","1300","0900","C2100184","101","08","6432","37.62001646471652","126.71904858924748"
"대구광역시 남구 성당로 166 (대명동)","일요일은 병원에 따라 운영","성당시장대로변(성당에덴타운맞은편)","메디칼하나약국","053-656-2092","1800","0900","1800","0900","1800","0900","1800","0900","1800","0900","1300","0900","1300","0900","C1300868","424","59","6433","35.84873425819156","128.5701521876662"
"서울특별시 중구 다산로 134 (신당동)","메디칼하나약국","02-2252-2501","2000","0900","2000","0900","2000","0900","2000","0900","2000","0900","1530","0900","C1101525","045","90","6434","37.5556836743682","127.011419907001"
"서울특별시 강남구 남부순환로 2609, 하늘빌딩 1층 105호, 106호 (도곡동)","양재역 4번 출구 하늘빌딩 1층","메디칼하늘약국","02-562-9972","1800","0930","1930","0930","1930","0930","1930","0930","1930","0930","1630","0930","C1104107","062","67","6435","37.4849629812617","127.035096207425"
"서울특별시 서초구 강남대로 615, 1층 (잠원동, 금정빌딩)","메디칼허브약국","02-540-5001","2200","1030","2200","1030","2200","1030","2200","1030","2200","1030","1900","1030","C1107367","065","24","6436","37.5166413661632","127.018909049863"
"대구광역시 서구 팔달로 162 (비산동)","메디칼현대약국","053-354-6675","1900","0900","1900","0900","1900","0900","1900","0900","1900","0900","1600","0900","1300","0900","1700","0900","C1301315","417","15","6437","35.888637739906514","128.5674779983756"
"대구광역시 서구 평리로33길 12 (중리동)","대구의료원우측","메디칼후문약국","053-565-4387","1800","0830","1800","0830","1800","0830","1800","0830","1800","0830","C1300317","418","45","6438","35.859791534853855","128.54150734437226"
"서울특별시 강남구 영동대로86길 10 (대치동)","삼성역2번출구100미터좌측","메디칼희민약국","02-558-6731","1820","0900","1820","0900","1820","0900","1820","0900","1820","0900","1300","0900","C1101526","061","74","6439","37.5078024150772","127.064904134309"
"전라남도 여수시 여서1로 7 (여서동)","메디컬 여문 약국","061-655-0634","1900","0830","1900","0830","1900","0830","1900","0830","1900","0830","1300","0830","1300","0900","1300","0830","C2601134","597","06","6440","34.7408938488","127.7329921317"
"경기도 구리시 경춘로 239, 리맥스빌딩 5층 514호 (인창동)","메디컬5층약국","031-513-3355","1830","0900","1830","0900","1830","0900","1830","0900","1830","0900","1530","0900","C2103830","119","22","6441","37.6015778022852","127.14162945733798"
"경기도 과천시 별양상가3로 11, 이마트 과천점 8층 12호 (별양동)","메디컬8층약국","02-507-8982","1900","0900","1900","0900","1900","0900","1900","0900","1900","0900","1600","0900","1300","0900","C2106747","138","37","6442","37.42629584527778","126.99186101677004"
"경기도 안양시 동안구 엘에스로 91, 105호 (호계동)","메디컬건강약국","031-360-4578","2100","1000","2100","1000","2100","1000","2100","1000","2100","1000","2100","1000","2100","1000","C2101606","141","19","6443","37.37166810314905","126.95150424133547"
"인천광역시 미추홀구 남주길 150, 근린생활시설-2동 119호 (주안동, 힐스테이트 푸르지오 주안)","010-2432-8250로 연락주세요.","메디컬그린약국","032-123-4567","2000","0900","2000","0900","2000","0900","2100","0900","2000","0900","1800","0900","1600","0900","C1402113","221","59","6444","37.4534301396872","126.676805684128"
"경상남도 진주시 향교로 13 (수정동)","롯데임베스아파트 옆","메디컬나라약국","055-745-7048","1835","0800","1835","0800","1835","0800","1835","0800","1835","0800","1330","0800","C2800868","527","51","6445","35.19782287927691","128.08407767598413"
"충청북도 청주시 서원구 사직대로 95 (사창동)","메디컬다정약국","043-262-0915","1900","0900","1900","0900","1900","0900","1900","0900","1900","0900","1600","0900","1300","0900","C2301075","285","75","6446","36.6350695061","127.4580730146"
"대전광역시 동구 계족로 171, 1층 102호 (대동)","메디컬대동약국","042-271-8837","2200","0830","2200","0830","2200","0830","2200","0830","2200","0830","2200","0830","2200","0830","2200","0930","C1601163","346","40","6447","36.3290125128","127.4428701081"
"부산광역시 부산진구 새싹로 19, 1층 (부전동)","1호선 서면역 11번 출구","메디컬동의약국","051-818-1500","1900","0900","1900","0900","1900","0900","1900","0900","1900","0900","1300","0900","C1202349","472","56","6448","35.1594940241","129.0573122308"
"세종특별자치시 해밀3로 43, 스카이드림 101,102호 (해밀동)","일요일 및 공휴일 휴무","일요일 및 공휴일 휴무 충남대병원 동네병의원 처방조제일반의약품 및 건강기능식품 상담판매다양한 의약품 및 건기식 보유","해밀동","메디컬드림약국","0447157680","2100","0830","2100","0830","2100","0830","2100","0830","2100","0830","1800","0830","C1800331","300","92","6449","36.5285836241553","127.264491646624"
"경상남도 김해시 구지로 58, 101호 (내동)","메디컬드림약국","055-326-3650","1900","0900","1900","0900","1900","0900","1900","0900","1900","0900","1400","0900","C2801683","509","48","6450","35.239269321205306","128.86954028727058"
"부산광역시 서구 구덕로 312, 1층 (동대신동2가)","1호선 동대신역 1번 출구","메디컬미래약국","051-241-2800","1900","0900","1900","0900","1900","0900","1900","0900","1900","0900","1400","0900","C1202306","492","17","6451","35.1117076269","129.0171818994"
"서울특별시 강동구 양재대로121길 7, 거송빌딩 103,104호 (천호동)","메디컬바른약국","02-470-7994","1900","0900","1900","0900","1900","0900","1900","0900","1900","0900","1400","0900","C1108915","053","16","6452","37.5422974255949","127.141081530834"
"부산광역시 사하구 승학로2번길 1, 1,2,3,4,호 (당리동)","지하철하단역11번출구에서2분","메디컬본약국","051-291-4554","1900","0900","1900","0900","1900","0900","1900","0900","1900","0900","1500","0900","C1200848","493","26","6453","35.10628043157887","128.96949439620838"
"서울특별시 마포구 월드컵로 73, 1층 (망원동)","메디컬성모약국","02-322-7707","2000","0900","2000","0900","2000","0900","2000","0900","2000","0900","1500","0900","1500","0900","C1108362","040","13","6454","37.5554229661709","126.910357684549"
"서울특별시 동작구 서달로 150, 207호, 208호 (흑석동, 해가든상가)","207호,208호","메디컬수약국","02-825-2911","1830","0900","1830","0900","1830","0900","1830","0900","1830","0900","1300","0900","C1103974","069","80","6455","37.5066265781961","126.962183786625"
"서울특별시 중랑구 면목로 430, 1층 (면목동)","토요일은 시간변동 가능성 있습니다.","메디컬수약국","02-3661-7575","2100","0830","2100","0830","2100","0830","2100","0830","2100","0830","1900","0830","C1108432","021","60","6456","37.5902691772246","127.087276793714"
"서울특별시 영등포구 영등포로 89, 1층 102호 (당산동2가)","메디컬수약국","02-875-3450","2100","0900","2100","0900","2100","0900","2100","0900","2100","0900","1700","0900","1700","0900","C1107084","072","63","6457","37.522273890777","126.891622983033"
"서울특별시 강남구 논현로 98, 문화빌딩 1층 (개포동)","메디컬약국","02-575-4888","1900","0845","1900","0845","1900","0845","1900","0845","1900","0845","1400","0845","C1108961","063","03","6458","37.4786083095645","127.044797853783"
"충청남도 천안시 동남구 서부대로 278, 1층 (신방동, 학산TWIN빌딩)","일요일,공휴일 전화문의","농협왼쪽","메디컬약국","041-578-0183","2100","0900","2000","0900","2100","0900","2000","0900","2100","0900","1700","0900","C2400313","311","84","6459","36.79305180200035","127.12942751388825"
"서울특별시 관악구 신림로 271, 1층 (신림동)","메디컬우리약국","02-866-7288","1830","0900","1830","0900","1830","0900","1830","0900","1830","0900","1300","0900","C1102149","087","75","6460","37.4788494755263","126.931460106031"
"경기도 부천시 부천로 198, A동 1층 (춘의동)","메디컬우리약국","032-679-1237","2200","0830","2200","0830","2200","0830","2200","0830","2200","0830","1600","0830","C2106765","145","55","6461","37.50232289884552","126.78724029388267"
"부산광역시 연제구 고분로 8, 나동 (연산동)","연제일신병원 운영시 운영합니다","메디컬일심약국","070-4633-2959","1900","0900","1900","0900","1900","0900","1900","0900","1900","0900","1400","0900","1230","1000","C1203080","475","76","6462","35.185702465359","129.083171833594"
"서울특별시 서초구 방배로 225, 1층 (방배동, 성은빌딩)","함지박사거리","메디컬제일약국","02-593-5550","1930","0830","1930","0830","1930","0830","1930","0830","1930","0830","1600","0830","C1101901","065","61","6463","37.493164129969","126.989783057865"
"대구광역시 북구 공항로 3, 1층 (복현동)","메디컬진약국","053-383-0870","1800","0900","1800","0900","1800","0900","1800","0900","1800","0900","C1301841","415","24","6464","35.8980919075991","128.615703118061"
"경기도 평택시 안중읍 안현로 300, 안중 매디컬타워 104호","메디컬참약국","031-683-8878","1800","0900","1800","0900","1800","0900","1800","0900","1800","0900","C2108595","179","41","6465","36.9777792813799","126.925376223818"
"부산광역시 사하구 낙동대로 446, 1층 101호 (당리동)","메디컬큰약국","051-202-8878","2000","0900","2000","0900","2000","0900","2000","0900","2000","0900","1700","0900","C1203011","493","26","6466","35.1051957459426","128.970096955938"
"부산광역시 사하구 사하로 200, 104호 (괴정동)","메디컬탑약국","051-292-2202","0001","0000","C1202740","493","55","6467","35.0995766787608","128.993705061139"
"경기도 고양시 일산서구 경의로 953, 3동 1층 (덕이동)","메디타운약국","031-000-0000","2100","0900","2100","0900","2100","0900","2100","0900","2100","0900","2100","0900","2100","0900","2100","0900","C2110142","102","31","6468","37.702185725858","126.759125701305"
"전라남도 순천시 신월큰길 13, 1층 (조례동)","조례동 홈플러스 맞은편","메디타운정겨운약국","061-804-5188","2000","0830","2000","0830","2000","0830","2000","0830","2000","0830","1800","0830","1300","0900","1300","0900","C2600159","579","46","6469","34.960444444444441","127.519750000000002"
"인천광역시 서구 청마로19번길 9","검단탑병원옆","메디탑약국","032-564-6924","1830","0830","1830","0830","1830","0830","1830","0830","1830","0830","1330","0830","C1400754","226","77","6470","37.59236961581097","126.67137093702088"
"서울특별시 광진구 뚝섬로 552 (자양동, 삼희빌딩)","매월 셋째주 토요일 휴무입니다.","현대2차아파트옆비취사우나건물","메디파워약국","02-456-1255","1800","0900","1800","0900","1800","0900","1800","0900","1800","0900","1300","0900","C1103550","050","90","6471","37.5343039923272","127.071271836617"
"경기도 성남시 분당구 백현로101번길 23, 1층 104,105호 (수내동, 미도프라자)","메디파크약국","031-713-9122","1800","0900","1800","0900","1800","0900","1800","0900","1800","0900","1300","0900","C2109860","135","95","6472","37.3779427903014","127.113121728787"
"경기도 성남시 분당구 중앙공원로40번길 42, (서현동)","일요일 방문 전 전화확인 필요","메디파트약국","031-701-0146","1800","0900","1800","0900","1800","0900","1800","0900","1800","0900","1400","0900","C2101474","135","89","6473","37.378205109281644","127.13211413227253"
"전라남도 목포시 산정로 14 (동명동)","점심시간 : 12:30 ~ 13:30 접수마감시간 : 따로 정해지지 않았음.","메디팜 금약국","061-242-8828","2000","0800","2000","0800","2000","0800","2000","0800","2000","0800","1300","0800","C2601154","587","42","6474","34.789645733403376","126.39294446927691"
"경상남도 산청군 신안면 원지로 17","메디팜 보광약국","055-973-9738","1800","0740","1800","0740","1800","0740","1800","0740","1800","0740","1300","0740","C2801700","522","49","6475","35.2333081094164","128.88094338814147"
"대구광역시 서구 국채보상로 429 1층 (비산동)","공휴일은 인근 병원이 진료보면 09:00~13:00 운영함","메디팜 보령약국","053-651-6267","1900","0900","1900","0900","1900","0900","1900","0900","1900","0900","1500","0900","1300","0900","C1301193","418","02","6476","35.84325064813827","128.5527573229675"
"대구광역시 수성구 지범로 190 (범물동)","메디팜 샘결약국","053-784-0005","1830","0840","1830","0840","1830","0840","1830","0840","1830","0840","1330","0840","C1300438","422","09","6477","35.839765238277884","128.70412547980462"
"서울특별시 중구 장충단로 195, 1, 지하1층 (쌍림동)","메디팜 수정약국","02-2279-3525","2000","0900","2000","0900","2000","0900","2000","0900","2000","0900","1730","0900","C1101085","046","15","6478","37.5623040441204","127.006310106131"
"서울특별시 양천구 중앙로 276 (신정동)","설날, 추석은 영업안함","신정네거리역3번출구","메디팜 수정약국","02-2644-3395","2130","0830","2130","0830","2130","0830","2130","0830","2130","0830","2000","0900","1330","0900","C1102220","080","82","6479","37.5208361584987","126.85288429171"
"서울특별시 성동구 행당로 1","로타리빌딩","메디팜 신금호약국","02-2282-5230","1900","0900","1900","0900","1900","0900","1900","0900","1900","0900","1400","0900","C1101199","047","21","6480","37.5548124720494","127.020335835064"
"서울특별시 양천구 중앙로 262, 1층 102호 (신정동)","신정네거리역3,4번출구사이 메디바이오플렉스 1층102호","메디팜 연성약국","02-2647-0998","1930","0900","1930","0900","1930","0900","1930","0900","1930","0900","1400","0900","1300","0900","1300","0900","C1100947","080","82","6481","37.5198467815801","126.853402511465"
"부산광역시 수영구 광남로 224 (민락동)","버스정류장: 골목시장 입구","메디팜 정은주 약국","051-758-9110","1830","0900","1830","0900","1830","0900","1830","0900","1830","0900","1300","0900","C1200072","482","86","6482","35.158681367194774","129.12325166247038"
"서울특별시 강서구 화곡로 162, 1층 (화곡동)","메디팜21세기약국","02-2603-4569","1930","0900","1930","0900","1930","0900","1930","0900","1930","0900","1500","0900","C1109030","077","15","6483","37.5411514783623","126.839671044277"
"세종특별자치시 한누리대로 2264, 105-106호 (대평동, 씨티오브드림)","대평동","메디팜365약국","044-866-6992","2200","0830","2200","0830","2200","0830","2200","0830","2200","0830","2200","0830","2200","0830","2200","0830","C1800243","301","52","6484","36.4730111645","127.2768150778"
"경기도 구리시 검배로6번길 3 , 1층 (수택동)","돌다리사거리 시티은행 건물 1층","메디팜365약국","031-552-7071","2500","1000","2500","1000","2500","1000","2500","1000","2500","1000","2500","0900","2500","1000","C2104185","119","28","6485","37.6002132543","127.1414653164"
"제주특별자치도 제주시 구좌읍 구좌로 42","구좌읍세화리 서귀포방향 버스정류소앞","메디팜감초당약국","064-783-2360","1830","0805","1800","0805","1830","0805","1800","0805","1830","0805","1830","0805","1830","0805","C2900092","633","61","6486","33.52328063373709","126.85588749830427"
"강원특별자치도 강릉시 경강로 2084 (임당동)","일요일 공휴일 유동적 운영","임당동 기업은행사거리","메디팜강릉약국","033-641-1320","1900","0830","1900","0830","1900","0830","1900","0830","1900","0830","1900","0830","1900","0900","C2200342","255","39","6487","37.75396669607159","128.89531497729996"
"서울특별시 강동구 아리수로93길 27, 강일타워 106호 (강일동)","일요일 격주로 운영함.","메디팜강일약국","02-426-8800","2100","0900","2100","0900","2100","0900","2100","0900","2100","0900","2100","0900","2000","1700","2000","1700","C1107596","052","11","6488","37.5656225735773","127.17381574584"
"경기도 안산시 상록구 용신로 393 (본오동)","메디팜건강약국","031-501-3007","1900","0900","1900","0900","1900","0900","1900","0900","1900","0900","1600","0900","C2103890","155","32","6489","37.30185441439022","126.86580202578209"
"서울특별시 도봉구 도봉로 487, 1층 (쌍문동)","쌍문역4번출구","메디팜건강약국","02-906-1800","2000","0830","2000","0830","2000","0830","2000","0830","2000","0830","1700","0830","C1103114","014","43","6490","37.6491395986223","127.034651389087"
"경기도 의정부시 시민로 202 (신곡동)","송산로타리에서다리건너서바로","메디팜건강약국","031-844-1277","1300","0900","1300","0900","1300","0900","1300","0900","1300","0900","1300","0900","C2102252","117","28","6491","37.73767329205188","127.0543415243332"
"광주광역시 북구 삼정로 7, 110호 (두암동,주공2단지상가)","두암주공2단지내 상가110호","메디팜건강약국","062-263-9970","2000","0900","2000","0900","2000","0900","2000","0900","2000","0900","1800","0900","C1500218","611","61","6492","35.1652894611","126.934584812"
"경상남도 창원시 성산구 가양로124번길 17-16 (대방동, 동진메디칼)","보람소아과 부근","메디팜경남약국","055-283-7900","1830","0900","1830","0900","1830","0900","1830","0900","1830","0900","1300","0900","C2800398","514","65","6493","35.20785798106417","128.7082120231723"
"서울특별시 은평구 응암로22길 15-1 (응암동)","메디팜경약국","02-386-9507","2000","0900","2000","0900","2000","0900","2000","0900","2000","0900","2000","0900","2000","0900","C1101529","034","66","6494","37.5937283516847","126.919964496174"
"대구광역시 달서구 선원남로 99","한빛마을상가","메디팜고려약국","053-587-7959","1830","0900","1830","0900","1830","0900","1830","0900","1830","0900","1300","0900","C1300093","426","15","6495","35.85740728693906","128.51124970167533"
"경상남도 함안군 가야읍 함안대로 550","함안축협 부근","메디팜고려약국","055-583-2990","1930","0830","1930","0830","1930","0830","1930","0830","1930","0830","1300","0830","C2801013","520","46","6496","35.27575709730572","128.4058704231109"
"경상남도 고성군 고성읍 중앙로25번길 70-5","고성시장수협 맞은편","메디팜고성왕약국","055-672-2801","1900","0900","1900","0900","1900","0900","1900","0900","1900","0900","1500","0900","C2800093","529","42","6497","34.977302174542146","128.32419196069117"
"경기도 평택시 중앙로 335, 상가동 111,112,208호 (비전동, 벽산아파트)","굿모닝 병원 맞은편 벽산아파트 상가동","메디팜고운손약국","031-657-7585","1900","0830","1900","0830","1900","0830","1900","0830","1900","0830","1400","0830","C2110199","178","73","6498","36.9920396789805","127.119287289843"
"대전광역시 서구 둔산로 201","한밭초등학교정문앞","메디팜국화당약국","042-482-7932","2100","0800","2100","0800","2100","0800","2100","0800","2100","0800","2100","0800","2100","1400","2100","1400","C1600213","352","45","6499","36.35376692954168","127.39550027723385"
"대구광역시 서구 북비산로61길 2 (평리동)","전화확인 후 방문 필요","메디팜군위약국","053-567-0364","1830","0900","1830","0900","1830","0900","1830","0900","1830","0900","1600","0900","C1301138","417","45","6500","35.879647954735596","128.5672483515923"
"경기도 고양시 덕양구 토당로12번길 42, (토당동)","메디팜글라라약국","031-972-1247","1930","0900","1930","0900","1500","0900","1930","0900","1930","0900","1500","0900","C2102408","105","10","6501","37.6195015958409","126.8243245255711"
"서울특별시 양천구 목동동로 379, 광장상가 1층 (목동)","광장빌딩 112호","메디팜금빛약국","02-2645-0340","1930","0900","1930","0900","1930","0900","1930","0900","1930","0900","1530","0900","C1103080","079","83","6502","37.5356098520363","126.878713495139"
"충청남도 금산군 금산읍 후곤천길 58,","공휴일중 명절당일, 어린이날, 크리스마스는 휴무","금산 송외과 옆","메디팜금산약국","041-752-2486","2200","0800","2200","0800","2200","0800","2200","0800","2200","0800","2100","0800","2100","0900","C2400188","327","37","6503","36.105948002743815","127.4886317672227"
"서울특별시 양천구 남부순환로40가길 15-1 (신월동)","신월3동사거리에서부천방향으로100m","메디팜금성약국","02-2605-7281","1800","0900","1800","0900","1800","0900","1800","0900","1800","0900","1800","0900","C1102748","079","13","6504","37.5335743084356","126.825169911396"
"부산광역시 연제구 아시아드대로 94","3호선 종합운동장역 4번출구","메디팜꿀벌약국","051-503-2500","2000","0900","2000","0900","2000","0900","2000","0900","2000","0900","1700","0900","1300","0900","C1200561","475","08","6505","35.19298633797674","129.06759561805296"
"서울특별시 용산구 한강대로 211","6호선삼각지역10번출구에서도보3분","메디팜나은약국","02-373-8068","2030","0900","2030","0900","2030","0900","2030","0900","2030","0900","1900","0900","C1101721","043","22","6506","37.53714643959119","126.97309112531235"
"대구광역시 북구 칠곡중앙대로 349","토,일 오후 운영시간은 불규칙하여 꼭 전화 요망 09001900","팔공산맥사거리대학로버스정류장(파리바게트옆)","메디팜녹색약국","053-321-0147","2200","0900","2200","0900","2200","0900","2200","0900","2200","0900","1900","0900","C1300329","414","52","6507","35.926967549275375","128.54729402935666"
"서울특별시 중구 다산로 223, 신당빌딩 (신당동)","신당빌딩","메디팜늘봄약국","02-2233-9700","2200","0900","2200","0900","2200","0900","2200","0900","2200","0900","1800","0900","C1104613","046","11","6508","37.5631834136071","127.015232558567"
"경기도 수원시 영통구 봉영로 1767, 107,108호 (영통동,한솔프라자)","메디팜다솜약국","031-206-2020","2000","0900","2000","0900","2000","0900","2000","0900","2000","0900","1600","0900","C2100602","167","12","6509","37.26668482453558","127.08162361048352"
"충청북도 청주시 서원구 서부로 1346 (성화동)","메디팜다정약국","043-263-6060","2100","0900","2100","0900","2100","0900","2100","0900","2100","0900","1400","0900","2100","0900","C2300075","286","14","6510","36.634729597093695","127.45253162402751"
"경기도 광주시 오포읍 신현로 84","메디팜단비약국","031-714-9337","2000","0900","2000","0900","2000","0900","2000","0900","2000","0900","1400","1000","C2107475","127","71","6511","37.36008555015","127.15576497317538"
"경상남도 창원시 의창구 읍성로 67 (소답동, 장수한의원)","파크랜드근처","메디팜대림약국","055-251-3826","2000","0900","2000","0900","2000","0900","2000","0900","2000","0900","1500","0900","C2801068","511","98","6512","35.26513258663387","128.62539181824542"
"서울특별시 성동구 행당로 87","행당역2번출구대림리빙프라자3층331호","메디팜대림약국","02-2281-6377","1900","0900","1900","0900","1900","0900","1900","0900","1900","0900","1530","0900","C1101682","047","13","6513","37.5572921201611","127.028544269386"
"부산광역시 금정구 금강로 206-1, (장전동)","버스정류장: 금정초등학교","메디팜대성약국","051-582-1772","1900","0900","1900","0900","1900","0900","1900","0900","1900","0900","1530","0900","C1200432","462","97","6514","35.226679014777794","129.0830124522128"
"서울특별시 송파구 송이로 87, 1층 (가락동)","메디팜대신M약국","02-448-1121","2000","0900","2000","0900","2000","0900","2000","0900","2000","0900","1500","0900","C1102734","057","06","6515","37.4983419879792","127.120795228829"
"서울특별시 금천구 시흥대로 352","시흥대로말뫼고개독산초교입구삼미뉴타워1층","메디팜대안약국","02-803-8452","2100","0830","2100","0830","2100","0830","2100","0830","2100","0830","2030","0830","2030","0900","C1101683","086","16","6516","37.4648266342352","126.897929188646"
"경상남도 양산시 서창로 167","■ 일요일, 공휴일은 웅상박내과 진료 일정에 따라 운영 가능","웅상박내과앞","메디팜대영당약국","055-367-1533","1900","0900","1900","0900","1900","0900","1900","0900","1900","0900","1600","0900","1300","0900","C2800542","505","27","6517","35.414605235469196","129.17112767251902"
"서울특별시 은평구 진흥로1길 2 (역촌동)","메디팜대원약국","02-359-2720","2030","0930","2030","0930","2030","0930","2030","0930","2030","0930","2030","0930","2030","1400","2030","1400","C1103502","034","08","6518","37.6005931243574","126.918954954084"
"부산광역시 기장군 기장읍 차성남로51번길 30, 101층","4호선 안평역/기장중학교 버스정류장","메디팜대학약국","051-723-5577","1830","0900","1830","0900","1830","0900","1830","0900","1830","0900","1330","0900","C1200016","460","66","6519","35.24262973202984","129.21646465313927"
"부산광역시 서구 보수대로280번길 39-3 (서대신동3가)","버스정류장: 동아대병원 정문","메디팜대학약국","051-248-9998","1800","0830","1800","0830","1800","0830","1800","0830","1800","0830","C1200033","492","02","6520","35.119816666666665","129.016030555555545"
"인천광역시 남동구 예술로 198","홈플러스 지하 2층 일부","메디팜대한약국","032-421-7842","2200","1000","2200","1000","2200","1000","2200","1000","2200","1000","2100","1000","2200","1000","C1400266","215","58","6521","37.45177389635081","126.7019615700028"
"충청남도 보령시 대흥로 50-6","메가박스 맞은편","메디팜대형약국","041-931-8898","1800","0830","1800","0830","1800","0830","1800","0830","1800","0830","1300","0830","C2401192","334","55","6522","36.349987988634055","126.59357352239381"
"경상북도 포항시 남구 오천읍 정몽주로 560 (오천읍)","오천파출소앞우리연합병원옆","메디팜대흥약국","054-292-1107","1900","0900","1900","0900","1900","0900","1900","0900","1900","0900","1300","0900","1300","0900","C2700963","379","07","6523","35.96781127694295","129.41622271676775"
"서울특별시 송파구 충민로2길 24, 리더스프라자 104호 (장지동)","메디팜더미소약국","070-5097-4461","2100","0900","2100","0900","2100","0900","2100","0900","2100","0900","2100","0900","2100","0900","2100","0900","C1107744","058","16","6524","37.4776438114231","127.127283305984"
"경상남도 창원시 성산구 대정로 131 (대방동, 대방덕산타운)","메디팜덕산약국","055-275-6416","1900","0900","1900","0900","1900","0900","1900","0900","1900","0900","1700","0900","C2800953","514","63","6525","35.21222987415614","128.70724496489711"
"서울특별시 서대문구 신촌로 239-1, 1층 (북아현동)","메디팜덕인약국","02-363-0888","1800","0900","1800","0900","1800","0900","1800","0900","1800","0900","1600","0900","C1109387","037","74","6526","37.557424664225","126.952686741716"
"부산광역시 영도구 동삼로 68","버스정류장: 동삼동주택시장입구","메디팜동광약국","051-403-9333","1830","0900","1830","0900","1830","0900","1830","0900","1830","0900","1300","0900","C1200277","490","97","6527","35.07950041324807","129.0704123407789"
"경상북도 경주시 금성로 419","동대사거리(경주여고사거리)주변","메디팜동국약국","054-774-4049","2100","0900","2100","0900","2100","0900","2100","0900","2100","0900","2100","0900","C2701027","381","33","6528","35.85519134044711","129.20661014641476"
"경기도 광주시 오포읍 오포로 548 (오포읍)","메디팜동명약국","031-768-4388","1800","0900","1800","0900","1800","0900","1800","0900","1800","0900","1400","0900","C2102087","127","74","6529","37.34699093358597","127.2119716142001"
"경기도 수원시 팔달구 효원로 257 4층(인계동, 동수원홈플러스) (인계동)","메디팜동수원약국","031-232-8075","2300","1000","2300","1000","2300","1000","2300","1000","2300","1000","2400","1000","2300","1000","C2103979","164","90","6530","37.2627570803461","127.030130394758"
"서울특별시 동대문구 한천로 55 (답십리동)","답십리2동새마을금고옆(구장안시장앞)","메디팜동아약국","02-2243-6837","1900","0900","1900","0900","1900","0900","1900","0900","1900","0900","1500","0900","1800","1300","C1103795","026","17","6531","37.5669101962131","127.061880899304"
"전라남도 고흥군 도양읍 비봉로 148-1 (도양읍)","메디팜동아약국","061-842-2114","1830","0800","1830","0800","1830","0800","1830","0800","1830","0800","1430","0800","C2600202","595","57","6532","34.5278584952","127.1354413939"
"서울특별시 서초구 사임당로 157, 4층 (서초동)","서이초등학교 맞은편","메디팜동양약국","02-582-8943","1830","0900","1830","0900","1830","0900","1830","0900","1830","0900","1500","0900","C1101717","066","25","6533","37.4924645110926","127.026807575667"
"부산광역시 영도구 하나길 705","버스정류장: 영도 산복도로 9번 종점 맞은편","메디팜동원약국","051-417-1939","1730","0900","1730","0900","1730","0900","1730","0900","1730","0900","1530","0900","C1200659","490","27","6534","35.093236111111111","129.051366666666667"
"전북특별자치도 전주시 완산구 용리로 178, 306동 105호 (삼천동1가, 삼천쌍용아파트)","삼천동 세창짜임아파트 입구 맞은편에 위치 함","메디팜동일약국","063-224-3663","1900","0830","1900","0830","1900","0830","1900","0830","1900","0830","1300","0830","C2500248","550","92","6535","35.79852652060654","127.1280571140372"
"서울특별시 구로구 도림로 75, 1층 (구로동, 한진빌딩)","메디팜동진약국","02-869-6183","1900","0900","1900","0900","1900","0900","1900","0900","1900","0900","1400","0900","C1107118","083","12","6536","37.4899957438661","126.891708645586"
"경기도 화성시 동탄순환대로20길 118, 우성스타파크 B동 107호 (목동)","메디팜동탄약국","031-374-3244","2030","0830","2030","0830","2030","0830","2030","0830","2030","0830","1530","0900","1600","1000","C2108028","184","84","6537","37.18294344865917","127.12483166243595"
"경기도 안성시 중앙로371번길 13(석정동)","메디팜두리약국","0316763373","1800","0900","1800","0900","1800","0900","1800","0900","1800","0900","C2108859","175","80","6538","37.00838752726","127.26834615233"
"서울특별시 서초구 효령로2길 4, (방배동)","서울메트로본사정문앞송암빌딩1층101호","메디팜메트로약국","02-597-7586","2000","0900","2000","0900","2000","0900","2000","0900","2000","0900","1700","0900","C1101718","066","99","6539","37.4763311627474","126.986519334414"
"전라남도 목포시 이로로 14 (용해동)","목포시의료원옆","메디팜명문약국","061-274-1985","1900","0830","1900","0830","1900","0830","1900","0830","1900","0830","1600","1000","1600","1000","1900","0930","C2600408","587","01","6540","34.80440492743291","126.40563235661591"
"경상남도 김해시 계동로23번길 19-14 (관동동)","주말,공휴일 전화확인요망","장유팔판마을","메디팜명성약국","055-313-8007","1930","0900","1930","0900","1930","0900","1930","0900","1930","0900","1300","0900","C2800134","509","98","6541","35.1775843444","128.7947527465"
"경상남도 창원시 진해구 충장로 128","공휴일은 전화 후 방문 부탁드립니다.","육대사거리 경남은행 옆","메디팜명성약국","055-544-3020","2000","0900","2000","0900","1830","0900","2000","0900","2000","0900","1300","0900","C2801095","516","80","6542","35.151911413645514","128.6659159681429"
"전라남도 광양시 광양읍 순광로 697,","광양읍 터미널로타리 국민은행옆","메디팜명재약국","061-762-7349","1800","0830","1800","0830","1800","0830","1800","0830","1800","0830","1230","0800","1300","0900","C2600166","577","56","6543","34.970458333333333","127.589002777777779"
"서울특별시 강동구 구천면로 200, (천호동)","메디팜문화약국","02-475-0043","1900","0900","1900","0900","1900","0900","1900","0900","1900","0900","1400","0900","C1102735","053","29","6544","37.540281958736","127.126802458449"
"서울특별시 용산구 청파로47길 40, (청파동2가)","4호선숙명여대역10번출구숙명여대쪽200m","메디팜미래로약국","02-713-8716","2200","0830","2200","0830","2200","0830","2200","0830","2200","0830","2200","0830","2130","1000","2200","1000","C1104025","043","09","6545","37.5448184271047","126.968268886036"
"서울특별시 강동구 천호대로 1467, (상일동)","상일초등학교옆대로변","메디팜미래로약국","02-426-4793","2100","0900","2100","0900","2100","0900","2100","0900","2100","0900","2100","0900","2100","0900","C1101719","052","83","6546","37.5463604699387","127.171205007181"
"서울특별시 강북구 도봉로 34","4호선 미아삼거리역 3번출구 트레지오쇼핑몰 1층","메디팜미소약국","02-989-9917","2000","0900","1830","0900","2000","0900","1830","0900","2000","0900","1700","0900","C1103956","012","20","6547","37.6120685327599","127.03072164571"
"충청남도 당진시 당진중앙2로 415, 101호 (수청동)","미즈맘의원(산부인과, 소아과) 근처","메디팜미즈아이약국","041-358-9911","1800","0900","1800","0900","1800","0900","1800","0900","1800","0900","1200","0900","1300","0900","C2401516","317","71","6548","36.9005833988","126.6452501198"
"부산광역시 영도구 태종로 106-1 (영선동1가)","버스정류장: 영도소방서 맞은편 도로변 동산의원 1층","메디팜민제약국","051-413-8664","1900","0900","1900","0900","1900","0900","1900","0900","1900","0900","1800","0900","C1201362","490","52","6549","35.090988888888887","129.042333333333346"
"광주광역시 서구 풍암신흥로 1, 22(풍암동)","일요일, 공휴일 전화 연락 후 방문 요함","동부센트레빌부근광주은행옆","메디팜믿음약국","062-655-0075","2100","0900","2100","0900","2100","0900","2100","0900","2100","0900","2100","0900","2100","1400","C1500096","620","50","6550","35.119900000000001","126.865908333333337"
"서울특별시 광진구 용마산로 4, 1층 (중곡동)","아차산역 1번 출구 아차산역 삼거리 근처","메디팜백악관약국","02-457-6363","1930","0900","1930","0900","1930","0900","1930","0900","1930","0900","1400","0900","C1107675","049","53","6551","37.5540473624408","127.088755555726"
"부산광역시 해운대구 좌동순환로249번길 21","일요일 &amp; 공휴일 당번약국 운영으로 운영일 및 시간 일정하지 않음 ㅡ&amp; gt; 전화 후 방문 요망","버스정류장: 인제대학교해운대백병원 후문","메디팜백약국","051-701-0106","1845","0830","1845","0830","1845","0830","1845","0830","1845","0830","1230","0900","2000","0900","C1200841","481","08","6552","35.174288126996146","129.1819474768654"
"서울특별시 성북구 오패산로 57, 1층 (하월곡동)","메디팜백약국","02-912-6200","1800","0800","1800","0800","1800","0800","1800","0800","1800","0800","1300","0800","C1101704","027","37","6553","37.6073494767651","127.036241756335"
"전북특별자치도 임실군 오수면 오수로 142-2 (메리팜 백제 약국)","오수농협맞은편","메디팜백제약국","063-642-1258","1900","0800","1900","0800","1900","0800","1900","0800","1900","0800","1300","0800","C2500609","559","53","6554","35.53784285385878","127.32908418864902"
"충청남도 천안시 동남구 만남로 64, 1층 104호 (신부동)","메디팜백화점약국","041-552-4800","1900","0830","1900","0830","1900","0830","1900","0830","1900","0830","1400","0830","C2401699","311","24","6555","36.8191502671463","127.159326385319"
"울산광역시 남구 삼산로267번길 8, (삼산동)","삼산동 현대백화점 동문 맞은 편","현대백화점동문앞","메디팜백화점약국","052-274-2929","2100","0900","2100","0900","2100","0900","2100","0900","2100","0900","1900","0900","C1700184","447","05","6556","35.539937523274226","129.3362988538973"
"충청남도 당진시 합덕읍 합덕시장로 214-4, 합덕프라자 102호 (합덕읍)","일요일은 때에 따라 운영하기도 합니다. 공휴일은 오전 근무 합니다.","합덕터미널 앞에 위치","강남의원 앞","메디팜버그내약국","041-363-1940","1900","0800","1900","0800","1900","0800","1900","0800","1900","0800","1700","0800","1300","0900","C2400835","318","12","6557","36.80765560549454","126.77592759933451"
"경기도 광명시 디지털로 29, 1층 104,105호 (철산동)","메디팜보강약국","02-2686-4033","1800","0900","1800","0900","1800","0900","1800","0900","1800","0900","1300","0900","C2102018","142","39","6558","37.47407306451204","126.87093121466842"
"경상북도 문경시 점촌1길 12 (점촌동)","메디팜보건약국","054-556-3307","1830","0830","1830","0830","1830","0830","1830","0830","1830","0830","1400","0830","C2701620","369","71","6559","36.5959674713309","128.198079231075"
"대구광역시 북구 관음중앙로28길 7","관음시장내관음동사무서뒤편","메디팜보령약국","053-321-8686","1900","0920","1900","0920","1900","0920","1940","0900","1900","0920","1400","0930","C1300721","414","41","6560","35.94445449356821","128.54719131783054"
"전라남도 목포시 상리로1번길 23","버스터미널뒤 상동주공 2단지 앞","메디팜보령약국","061-276-0208","2100","0830","2100","0830","2100","0830","2100","0830","2100","0830","1400","0900","1300","0900","C2600213","586","42","6561","34.81309160071876","126.4143095212836"
"경상북도 문경시 중앙로 128 (점촌동)","일요일 오전 운영이 가끔 있다고 하여 방문전 전화 확인 필수","메디팜보명당약국","054-555-2555","2300","0800","2300","0800","2300","0800","2300","0800","2300","0800","1930","0800","1930","0800","1930","0800","C2700400","369","70","6562","36.59622365518878","128.2002385545799"
"서울특별시 강남구 삼성로 38","개포빌딩 113호","메디팜보문약국","02-459-2763","1930","0900","1930","0900","1930","0900","1930","0900","1930","0900","1500","0900","1900","0900","C1101723","063","29","6563","37.4886879268822","127.066845330996"
"경상남도 함양군 서상면 서상로 278","일요일장날만운영","메디팜보민당약국","055-963-0018","1830","0830","1830","0830","1830","0830","1830","0830","1830","0830","1700","0830","C2801131","500","01","6564","35.680877298706136","127.68734636052999"
"서울특별시 성동구 아차산로7길 19(성수동2가)","성수역1번출구우회전300M","메디팜보배약국","02-461-5666","2100","0900","2100","0900","2100","0900","2100","0900","2100","0900","1600","0900","C1103621","047","93","6565","37.5468642995223","127.054698557819"
"경기도 부천시 성주로 267, 명한의원 1층 (심곡본동)","메디팜비타민약국","032-663-6563","2000","0900","2000","0900","2000","0900","2000","0900","2000","0900","1600","0900","1300","0900","1300","0900","C2108084","147","13","6566","37.482267927873","126.78198684508"
"경상북도 청송군 청송읍 의료원길 9","일요일(첫째주, 셋째주) 운영 09:00~18:00","청송군 보건의료원 옆","메디팜사랑약국","054-872-8022","1900","0830","1900","0830","1900","0830","1900","0830","1900","0830","1800","0830","1800","0900","1800","0900","C2700783","374","33","6567","36.4302244885","129.053165734"
"대구광역시 남구 대명로 72 (대명동)","대명 초등학교정문에서 중앙시장 방향 50m","메디팜사랑약국","053-626-5103","1800","0900","1800","0900","1800","0900","1800","0900","1800","0900","1400","0900","C1300950","424","84","6568","35.8380515367508","128.56818858508865"
"서울특별시 동대문구 망우로18길 6, 1층 (휘경동)","메디팜사랑약국","02-2213-5005","1800","0900","1800","0900","1800","0900","1800","0900","1400","0900","1800","0900","C1104177","024","99","6569","37.5896213944109","127.062352371225"
"서울특별시 강서구 화곡로 138, 1층 (화곡동)","토요일은 운영시간이 불규칙적으로 전화확인 후 방문해주세요","화곡역6번출구300m","메디팜사랑약국","02-2601-8498","1930","0900","1930","0900","1930","0900","1930","0900","1930","0900","1500","0900","C1104502","077","15","6570","37.5404428620206","126.837117508846"
"서울특별시 은평구 연서로 332 (불광동)","메디팜삼보약국","02-387-2830","2000","0800","2000","0800","2000","0800","2000","0800","2000","0800","2000","0800","C1101724","033","46","6571","37.6248335676927","126.928983011821"
"대구광역시 수성구 명덕로 377","","메디팜삼성약국","053-756-6732","1900","0900","1900","0900","1900","0900","1900","0900","1900","0900","1700","0900","1500","0900","C1301167","421","26","6572","35.854834896250615","128.61136940300744"
"경상남도 창원시 마산회원구 팔용로 161, 1층 (구암동, 메디팜마산약국)","삼성창원병원 앞","메디팜삼성약국","055-293-3573","1800","0900","1800","0900","1800","0900","1800","0900","1800","0900","C2800426","513","54","6573","35.24339304707315","128.59107471816418"
"서울특별시 종로구 새문안로3길 15, 동원빌딩 1층 (당주동)","메디팜삼현약국","02-722-9859","1930","0900","1930","0900","1930","0900","1830","0900","1930","0900","1500","1000","C1109042","031","75","6574","37.5717056482532","126.972300686793"
"서울특별시 은평구 서오릉로 191, 1층 (구산동)","메디팜상록약국","02-355-0050","1800","0900","1800","0900","1800","0900","1800","0900","1800","0900","2000","0900","C1108244","034","10","6575","37.6133298909186","126.912180132079"
"경상남도 김해시 삼계중앙로 29, 101(일부)호 (삼계동, 일송프라자)","삼계경남은행과단위농협사이","메디팜새가야약국","055-333-2707","1930","0900","1930","0900","1930","0900","2000","0900","1930","0900","1500","0900","1230","0900","C2800586","509","01","6576","35.2609574510454","128.8682959128041"
"광주광역시 서구 염화로45번길 13, 1층 15,20,25호 (화정동)","상가정문입구","메디팜새롬약국","062-374-6602","2000","0900","2000","0900","2000","0900","2000","0900","2000","0900","1400","0900","C1500241","620","29","6577","35.13850622705147","126.87113295679212"
"경기도 부천시 은성로67번길 12, 지하1층 105일부호 (소사본동, 소새울KCC스위첸)","메디팜새봄약국","032-000-0000","1800","0900","1800","0900","1800","0900","1800","0900","1800","0900","C2108097","147","00","6578","37.4754596237148","126.798786996387"
"경기도 수원시 팔달구 팔달문로93번길 4","경기수원시팔달구지동141-15","메디팜새푸른약국","031-254-5497","1900","0900","1900","0900","1900","0900","1900","0900","1900","0900","1400","0900","C2104196","162","44","6579","37.280971608191564","127.02645060602578"
"부산광역시 동래구 여고로113번길 25, (사직동)","버스정류장: 송월타올 건너편","메디팜새한약국","051-502-9879","2030","0840","2030","0840","2030","0840","2030","0840","2030","0840","1800","0830","1800","0840","C1200496","478","30","6580","35.199594444444443","129.074630555555558"
"서울특별시 양천구 목동동로 59, 104호(신정동,로얄프라자)","양천성당옆건물또는배스킨라빈스건물 로얄프라자104호","메디팜서울약국","02-2646-2680","2100","0900","2100","0900","2100","0900","2100","0900","2100","0900","1900","0900","1900","0930","C1104306","080","93","6581","37.5150507442326","126.861618186165"
"광주광역시 서구 시청로 17, 아난다 빌딩 지하1층 (치평동)","메디팜서정약국","062-371-8701","1900","0900","1900","0900","1900","0900","1900","0900","1900","0900","1300","0900","C1501015","619","63","6582","35.150051255008925","126.85118289129156"
"대구광역시 서구 문화로 197 (평리동)","평리동광명아파트입구","메디팜서진약국","053-566-3322","1900","1000","1900","1000","1900","1000","1900","1000","1900","1000","1700","1000","C1300774","417","62","6583","35.87554480509445","128.5540093874169"
"인천광역시 남동구 서창남순환로215번길 35, 109호 (서창동)","메디팜서창약국","032-461-8842","2000","0900","2000","0900","2000","0900","2000","0900","2000","0900","1800","0900","C1401659","216","14","6584","37.4254885081","126.7470572529"
"서울특별시 송파구 삼학사로 81, 1층 (삼전동, 서울빌딩)","메디팜석촌약국","02-417-8911","2150","0900","2150","0900","2150","0900","2150","0900","2150","0900","2150","0900","C1103456","056","02","6585"
"대전광역시 서구 계룡로 356, 1층 (갈마동)","메디팜선심약국","042-522-0656","1930","0900","1930","0900","1930","0900","1930","0900","1930","0900","1800","0900","C1600194","352","75","6586","36.353197706702616","127.36813679764568"
"인천광역시 서구 원적로 29 (가좌동)","나은병원옆.가좌고등학교앞.","메디팜성모약국","032-576-2028","1500","0830","1500","0830","1500","0830","1500","0830","1500","0830","1430","0830","C1400668","228","18","6587","37.489744325632635","126.67992369789573"
"경기도 부천시 부일로571번길 55","메디팜성모약국","032-349-0050","1830","0830","1830","0830","1830","0830","1830","0830","1830","0830","C2104644","146","47","6588","37.48609457051106","126.79161460547277"
"경상남도 김해시 삼안로 227","동원아파트","메디팜성심약국","055-333-6641","1900","0900","1900","0900","1900","0900","1900","0900","1900","0900","1300","0900","C2801080","508","14","6589","35.248283696438996","128.91076980341617"
"울산광역시 남구 중앙로 167, (신정동)","남구시청에서롯데마트쪽50m신호등바로옆","메디팜성원약국","052-275-6445","2030","0900","2030","0900","2030","0900","2030","0900","2030","0900","2000","0900","2000","0930","2000","0930","C1700055","446","76","6590","35.53605096385778","129.3133757575406"
"인천광역시 남동구 백범로 272, 1층일부 (간석동)","간석사거리에 위치","메디팜성지약국","032-427-9824","1900","0900","1900","0900","1900","0900","1900","0900","1900","0900","1900","0900","2100","0900","C1400604","215","12","6591","37.461733392178345","126.71945497875188"
"서울특별시 양천구 남부순환로40길 63, 1층 (신월동)","메디팜성화약국","02-2604-6148","1830","0900","1830","0900","1830","0900","1830","0900","1830","0900","1300","0900","C1101727","079","12","6592","37.5329394337508","126.82649353812"
"충청북도 청주시 상당구 용담로 81 (탑동)","메디팜세안약국","043-221-7170","1900","0900","1900","0900","1900","0900","1900","0900","1900","0900","1300","0900","C2300434","285","21","6593","36.632504707897276","127.4998085979428"
"세종특별자치시 한누리대로 165, 104호 (나성동, 세종메디피아)","일요일 휴무","나성동","메디팜세종약국","044-862-6229","1920","0900","1920","0900","1920","0900","1920","0900","1920","0900","1400","0900","1400","0900","C1800207","301","30","6594","36.479873716608346","127.26187503295134"
"광주광역시 북구 삼정로 110, 1층 (두암동)","북구 두암동 현대 1차a입구","메디팜세종약국","062-263-6800","2000","0830","2000","0830","2000","0830","2000","0830","2000","0830","2000","0830","C1500435","611","54","6595","35.17165328672434","126.93699614096028"
"대구광역시 중구 중앙대로66길 20, 지하1층 B104호 (남산동, 반월당효성해링턴플레이스)","일요일, 공휴일 휴무","메디팜센터약국","053-255-0677","1800","0830","1800","0830","1800","0830","1800","0830","1800","0830","1330","0800","C1301801","419","61","6596","35.8617317263409","128.593343449093"
"부산광역시 해운대구 센텀중앙로 145","인천 복지회관 앞","메디팜센텀약국","051-915-8500","1900","0900","1900","0900","1900","0900","1900","0900","1900","0900","1700","0900","C1201371","480","55","6597","35.178376380599374","129.1224508417365"
"강원특별자치도 삼척시 진주로 24, 103호 (남양동,남양상가)","남양동 신한은행앞","메디팜송약국","033-574-2775","1800","0900","1800","0900","1800","0900","1800","0900","1800","0900","1300","0900","C2200413","259","20","6598","37.44289904931827","129.16426931607532"
"전북특별자치도 전주시 덕진구 벚꽃로 52, (진북동)","덕진구청앞","메디팜송정약국","063-254-0077","1930","0800","1930","0800","1930","0800","1930","0800","1930","0800","1600","0800","C2500574","549","39","6599","35.82901601312738","127.13520700025498"
"대전광역시 대덕구 동춘당로94번길 11-27 108,109호","송촌동선비마을3단지앞농협건물1층","메디팜송촌약국","042-635-9291","1830","0900","1830","0900","1830","0900","1830","0900","1830","0900","1300","0900","1200","0900","C1600096","344","01","6600","36.36641843878359","127.43895033178904"
"광주광역시 광산구 수완로12번길 7, 1층 (수완동)","메디팜수완이화약국","062-954-8877","2000","0830","2000","0830","2000","0830","2000","0830","2000","0830","1600","0830","1300","0830","1600","0830","C1500971","623","05","6601","35.186321865415174","126.82930760797026"
"서울특별시 강북구 삼양로 433 (수유동)","13:00~13:40 휴게시간","메디팜수유대학약국","02-991-0361","2000","0900","2000","0900","2000","0900","1800","0900","2000","0900","1400","0900","C1103306","010","34","6602","37.6421890477822","127.016298558465"
"서울특별시 서초구 바우뫼로35길 28, 1층 (양재동)","메디팜숲약국","02-6409-7061","2000","0830","2000","0830","2000","0830","2000","0830","2000","0830","1600","0830","C1109181","067","44","6603","37.4797401993471","127.03882290518"
"충청남도 계룡시 엄사면 번영로 44,","영삼빌딩1층","메디팜시티약국","042-841-5009","1900","0900","1900","0900","1900","0900","1900","0900","1900","0900","1300","0900","C2400548","328","05","6604","36.2890411102509","127.24059595898868"
"경기도 평택시 탄현로 321-1 (신장동)","메디팜신광약국","031-666-2238","1900","0900","1900","0900","1900","0900","1900","0900","1900","0900","1600","0900","C2100874","177","53","6605","37.081192379509694","127.05562555161777"
"서울특별시 마포구 창전로 45, 103동 108호 (창전동, 서강한화오벨리스크 단지내 상가)","메디팜신마포약국","02-706-7656","1930","0900","1930","0900","1930","0900","1930","0900","1930","0900","1500","0900","C1104194","040","86","6606","37.5468832250067","126.931961062749"
"광주광역시 북구 반룡로27번길 5","전남대학교상대호반아파트4거리","메디팜신세계약국","062-514-6834","2000","0900","2000","0900","2000","0900","2000","0900","2000","0900","1900","0900","C1500654","611","81","6607","35.17927593059811","126.90108685284258"
"경상남도 창원시 의창구 사화로 396 (팔용동, 디오 오토 갤러리 112,113호)","메디팜신약국","055-270-5111","1730","0900","1730","0900","1730","0900","1730","0900","1730","0900","C2801848","513","93","6608","35.23693961694567","128.64284906643766"
"서울특별시 양천구 신목로 36, 102호 (신정동, 대보빌딩)","야간 운영 시간( 22시~익일1시 운영 약국) 토요일 근무시간 : 09:00~14:00(오후 2:00), 22:00~25:00 공휴일 근무시간 : 22:00~25:00","야간 운영 시간( 22시~익일1시 운영 약국) 토요일 근무시간 : 09:00~14:00(오후 2:00), 22:00~25:00 공휴일 근무시간 : 22:00~25:00","대보빌딩102호","메디팜신정교약국","02-2649-8275","0100","0900","0100","0900","0100","0900","2200","0900","0100","0900","1300","0900","1600","0900","2500","2200","C1102729","080","15","6609","37.5188446169805","126.87378222211"
"경기도 안양시 만안구 관악대로 14, 1층 (안양동)","메디팜안심약국","031-466-4322","1930","0900","1930","0900","1930","0900","1930","0900","1930","0900","1430","0900","C2100639","140","32","6610","37.39431570142571","126.9261795175112"
"서울특별시 강남구 논현로160길 13, 1층 101호 (신사동)","메디팜압구정약국","02-547-7585","2000","0930","2000","0930","2000","0930","2000","0930","2030","0930","2000","0930","C1106939","060","25","6611","37.5227614294012","127.029105665463"
"충청남도 아산시 시장길 32, 1층 104호 (온천동)","온양온천 주차장 옆","메디팜약손약국","041-545-4007","1900","0830","1900","0830","1900","0830","1900","0830","1900","0830","1300","0900","B2400672","315","13","6612","36.78278321980828","127.00429735391056"
"서울특별시 송파구 올림픽로 212, 2층 220호 (잠실동, 갤러리아팰리스)","잠실롯데월드전방100M갤러리아팰리스1층 23호","메디팜양의약국","02-423-0683","1900","0840","1900","0840","1900","0840","1900","0840","2100","0840","1500","0840","C1102730","055","53","6613","37.5107067799275","127.094231575378"
"경상남도 창원시 성산구 원이대로580번길 16 (중앙동)","심야공공약국 지정","메디팜엄마손약국","055-263-7743","0100","1000","0100","1000","0100","1000","0100","1000","0100","1000","0100","1000","0100","1000","0100","1000","C2800489","515","13","6614","35.2271070664","128.6771600244"
"서울특별시 동작구 노량진로 152, . 1층 (노량진동)","공휴일은 요일에 맞춰 운영하므로 전화확인 후 방문필요","메디팜엔비약국","02-811-7723","2200","0840","2200","0840","2200","0840","2200","0840","2200","0840","2200","0840","1800","1300","2200","0840","C1108073","069","22","6615","37.5134455696712","126.94273087355"
"경상남도 창원시 마산회원구 내서읍 상곡로 26-1","신성아파트 건너편","메디팜열린약국","055-231-6314","1900","0900","1830","0900","1900","0900","1830","0900","1900","0900","1500","0900","C2800250","512","18","6616","35.242975732305126","128.5023653233406"
"경기도 수원시 팔달구 권광로 146, 108호 (인계동, 벽산그랜드코아)","메디팜열린약국","031-233-4457","2130","0900","2130","0900","2130","0900","2130","0900","2130","0900","2130","0900","2130","0900","C2104318","164","91","6617","37.26049888048633","127.03174665804045"
"경상남도 김해시 장유로 232, 101호 (부곡동, 코아상가)","코아상가1층","메디팜영제약국","055-314-7174","2000","0900","2000","0900","2000","0900","2000","0900","2000","0900","1600","0900","C2800812","509","81","6618","35.20365369274226","128.80935333484655"
"전라남도 진도군 진도읍 남문길 12-13","22시까지 운영하기도함 (전화 후 방문) 주말, 공휴일 전화 후 방문","메디팜영진약국","061-544-7501","2000","0900","2000","0900","2000","0900","2000","0900","2000","0900","1500","0900","C2600380","589","26","6619","34.4789454296055","126.26525656783406"
"전라남도 순천시 삼산로 102, 1층 (용당동)","용당동 효산고등학교 입구","메디팜영진약국","061-752-2330","1940","0840","1940","0840","1940","0840","1940","0840","1940","0840","1800","0840","C2600243","579","35","6620","34.973233573533676","127.49459714826475"
"경기도 안산시 상록구 감골1로 37","메디팜요진약국","031-418-5351","2030","0900","2030","0900","2030","0900","2030","0900","2030","0900","1930","0900","1930","0900","C2103943","156","22","6621","37.28948216548991","126.85144346089791"
"경기도 용인시 처인구 포곡읍 포곡로 109","메디팜용인약국","031-339-9346","1920","0900","1920","0900","1920","0900","1920","0900","1920","0900","1720","0900","1300","0900","C2101539","449","812","6622","37.2695693671191","127.21757339849824"
"세종특별자치시 달빛로 59, 1층 (종촌동, 호만빌딩)","종촌동","메디팜우리들약국","044-865-7776","2100","0830","2100","0830","2100","0830","2100","0830","2100","0830","1600","0900","1600","0900","1600","0900","C1800183","300","64","6623","36.504215138371926","127.2498400200021"
"인천광역시 서구 완정로 187, 마전메디칼센타 101호 (왕길동)","검단사거리에서 강화방향 검단119안전센터 맞은편 메디컬센터1층","메디팜우리들약국","032-561-0978","2000","0800","2000","0800","2000","0800","2000","0800","2000","0800","1500","0800","C1400753","226","16","6624","37.60253650489632","126.65565526867446"
"인천광역시 부평구 부평북로 442, 105호 (삼산동, 삼산프라자)","평일 약국 마감시간 20:00~21:00 유동적, 토요일 마감시간 17:00~20:00 유동적, 방문전 확인 필수","삼산동후청초등학교앞삼산프라자1층(미래타운1단지앞)","메디팜우리들약국","032-504-0010","2100","0830","2100","0830","2100","0830","2100","0830","2100","0830","2000","0830","1800","0900","C1400346","213","19","6625","37.521693423397636","126.74248278786595"
"전라남도 완도군 노화읍 노화로 847","메디팜우리약국","061-554-5275","1800","0800","1800","0800","1800","0800","1800","0800","1800","0800","1800","0800","C2600508","591","58","6626","34.17699612496265","126.57225674624698"
"서울특별시 관악구 남부순환로 1907, 1층 (봉천동)","메디팜우리약국","02-6012-9918","2100","0900","2100","0900","2100","0900","2100","0900","2100","0900","2100","0900","2000","1400","C1110840","087","42","6627","37.4782296325366","126.961376517086"
"경기도 김포시 고촌읍 김포대로 343, 지산빌딩 1층 104호","메디팜우리약국","031-981-7740","1800","0900","1800","0900","1800","0900","1800","0900","1800","0900","C2107922","101","29","6628","37.60126651903932","126.769836576228"
"대전광역시 서구 계룡로553번길 60, 다빈치병원 (탄방동)","메디팜우리약국","042-331-9023","1930","0900","1930","0900","1930","0900","1930","0900","1930","0900","1800","0900","C1601162","352","62","6629","36.3455188657","127.385545361"
"인천광역시 계양구 장제로 929, 101호 (병방동, 돌샘프라자)","청소년수련회관옆","메디팜우리약국","032-546-9885","1600","0900","1600","0900","1600","0900","1600","0900","1600","0900","1800","0900","C1400395","210","26","6630","37.5494624003","126.7416506359"
"전라남도 목포시 백년대로297번길 7","하당비뇨기관 피부과 의원 근처","메디팜우성약국","061-284-7001","1800","0800","1800","0800","1800","0800","1800","0800","1800","0800","1300","0800","1300","0830","C2600143","586","66","6631","34.8044326296","126.419631965"
"경기도 고양시 덕양구 마상로154번길 68, 1층 (성사동, 금강빌딩)","메디팜우일약국","031-964-8464","2000","0830","2000","0830","2000","0830","2000","0830","2000","0830","1700","0830","C2107272","104","63","6632","37.6564969875","126.8369367366"
"경기도 성남시 분당구 서현로210번길 2, 105호 (서현동, 성지하이츠텔)","메디팜우정약국","031-8016-3793","2200","0930","2200","0930","2200","0930","2200","0930","2200","0930","2100","0930","C2101790","135","91","6633","37.386844129292115","127.12548963026123"
"서울특별시 송파구 올림픽로35길 10, B동 212-1호 (신천동, 파크리오)","메디팜우주약국","02-425-2777","1900","0830","1900","0830","1900","0830","1900","0830","1900","0830","1400","0830","C1107743","055","07","6634","37.5203136784994","127.113265160573"
"경상북도 포항시 북구 두호로 26 (두호동)","2/16 확인","학잠동양학시장입구","메디팜우호약국","054-272-4523","2000","0900","2300","0900","2300","0900","2000","0900","2300","0900","1800","0900","C2700481","376","24","6635","36.02697638934827","129.35004036143567"
"울산광역시 울주군 범서읍 천상중앙길 86 (범서읍)","공휴일은 휴진일수도 있으니 방문전 전화 요망","삼호교에서언양국도방면","메디팜울산약국","052-242-0220","2100","0930","2100","0930","2100","0930","2100","0930","2100","0930","2100","0930","2100","0930","C1700258","449","28","6636","35.56286961881513","129.22694833031372"
"대구광역시 북구 팔달로 217-1, 1층 (노원동2가)","메디팜원대약국","053-352-1112","1900","0900","1900","0900","1900","0900","1900","0900","1900","0900","1400","0900","C1301497","415","58","6637","35.8882484876","128.5740881605"
"경기도 연천군 청산면 궁평로 42","메디팜원무약국","031-833-3578","1900","0930","1900","0930","1900","0930","1900","0930","1900","0930","1800","0930","C2100009","110","20","6638","38.026803434655044","127.10834011431206"
"경상남도 진주시 진양호로 276","새로운정형외과 1층","메디팜위생약국","055-741-0780","2000","0900","2000","0900","2000","0900","2000","0900","2000","0900","2000","0900","C2801167","526","97","6639","35.17808875156608","128.06405654329"
"경기도 부천시 범안로 117, 현대리치모아 406호 (범박동)","메디팜유경약국","032-342-8252","2000","0830","2000","0830","2000","0830","2000","0830","2000","0830","1600","0830","1300","0830","C2107820","147","82","6640","37.471218636665505","126.80958951712806"
"부산광역시 강서구 낙동북로 74 (강동동)","* 휴게시간: 월요일~토요일 20:00~22:00 * 공공심야약국 운영(22시~25시)","경전철 대사역 1번출구","메디팜유리행약국","051-971-6264","2500","0900","2500","0900","2500","0900","2500","0900","2500","0900","2500","1100","2500","2200","2500","2200","C1201466","467","06","6641","35.21778589330931","128.93732567563762"
"대전광역시 서구 계백로 1135, 109호 (가수원동)","메디팜유명약국","042-542-4499","2130","0900","2130","0900","2130","0900","2130","0900","2130","0900","2130","0900","1900","1300","2130","0900","C1601128","353","68","6642","36.3047666348","127.3494980667"
"경기도 수원시 영통구 중부대로246번길 48-2 (매탄동)","메디팜유신약국","031-215-2752","2100","0900","2100","0900","2100","0900","2100","0900","2100","0900","2000","0900","2000","0900","C2100968","165","30","6643","37.2730669818698","127.04166313744994"
"서울특별시 서초구 효령로46길 14, (서초동)","서울고정문맞은편마인츠돔제과골목안","메디팜유일약국","02-585-2260","2100","0900","2100","0900","2100","0900","1930","0900","2100","0900","1900","0900","C1101441","067","09","6644","37.4828128339599","127.008798731103"
"전라남도 광양시 중마로 172","조철현 내과의원 근처","메디팜유진약국","061-792-1581","1800","0900","1800","0900","1800","1400","1800","0900","1800","0900","1230","0900","C2600167","577","84","6645","34.94006462465983","127.68935262480515"
"전북특별자치도 전주시 완산구 서원로 325","메디팜으뜸약국","063-282-1999","2000","0900","2000","0900","2000","0900","2000","0900","2000","0900","1400","0900","C2501079","549","86","6646","35.8124427757997","127.12988299798307"
"서울특별시 서초구 잠원로14길 29 (잠원동)","진료시간이 유동적이므로 전화 확인 후 이용부탁드립니다.","롯데복지센타/","메디팜은강약국","02-593-3245","2300","0930","2300","0930","2300","0930","2300","0930","2300","0930","2300","0930","C1103283","065","15","6647","37.5178537190552","127.015449233382"
"서울특별시 노원구 덕릉로126길 11 (상계동)","토요일 운영시간은 변동가능성 있습니다.","28블록 6,7롯드신천지","메디팜은아약국","02-951-5541","2000","0900","2000","0900","2000","0900","2000","0900","2000","0900","1200","0900","C1103677","016","43","6648","37.6705914649018","127.081837354279"
"대구광역시 서구 달구벌대로 1885 (내당동)","반고개 네거리1004병원 옆","메디팜은화약국","053-565-2542","1700","0900","1700","0900","1700","0900","1700","0900","1700","0900","1200","0900","C1301165","418","70","6649","35.86198692062669","128.57046107497328"
"경상북도 포항시 북구 대곡로 57-18, 광명빌딩 (두호동)","토요일 마치는 시간은 유동적","메디팜이약국","054-278-9153","1930","0900","1930","0900","1930","0900","1930","0900","1930","0900","1800","0900","1300","0900","C2700698","376","18","6650","36.00851886681785","129.33017072197356"
"강원특별자치도 원주시 능라동길 59, 정한프라자 104호 (무실동)","메디팜이화약국","033-901-2677","1930","0800","1930","0800","1930","0800","1930","0800","1930","0800","1800","0800","1700","1300","C2201105","263","92","6651","37.3344195591085","127.93081825443902"
"경기도 안산시 단원구 화정로 95, (와동)","메디팜인성약국","031-484-3162","2100","0900","2100","0900","2100","0900","2100","0900","2100","0900","1500","0900","1900","1400","1900","1400","C2101716","153","30","6652","37.3330074149768","126.82221126325964"
"서울특별시 강서구 양천로 72, 해성빌딩 106,107호 (방화동)","방화사거리신한은행빌딩2층","메디팜인정약국","02-2664-1121","1930","0830","1930","0830","1930","0830","1930","0830","1930","0830","1600","0830","C1101442","076","04","6653","37.5732116324409","126.811777075121"
"광주광역시 서구 화운로193번길 28","일요일, 공휴일 유동운영으로 유선연락후 방문","내방주공아파트정문앞","메디팜인제약국","062-383-4256","2200","0930","2200","0930","2200","0930","2200","0930","2200","0930","2200","0930","2200","1100","2200","1100","C1500260","619","72","6654","35.156316159764046","126.87372104598586"
"경상북도 예천군 예천읍 시장로 123","메디팜인제약국","054-653-5757","2000","0900","2000","0900","2000","0900","2000","0900","2000","0900","2000","0900","C2700038","368","20","6655","36.65722761327828","128.45735226782034"
"인천광역시 중구 인항로 34, 현대상가 (신흥동3가)","인하대병원건너","메디팜인하약국","032-889-1580","2000","0900","2000","0900","2000","0900","2000","0900","2000","0900","2000","0900","C1400451","223","33","6656","37.45717948302036","126.63406153479917"
"광주광역시 북구 설죽로 515, 1층 (일곡동, 선주빌딩)","일곡동 롯데마트 건너편","메디팜일곡큰사랑약국","062-572-9555","2000","0900","2000","0900","2000","0900","2000","0900","2000","0900","2000","0900","C1500375","610","40","6657","35.205002672529225","126.89746973001605"
"경기도 고양시 일산서구 주화로 180, 1층 105호 (대화동, 월드메르디앙)","메디팜일산백약국","031-921-4555","1830","0900","1830","0900","1830","0900","1830","0900","1830","0900","1300","0900","C2102871","103","80","6658","37.67444301778104","126.74951561639199"
"경기도 고양시 일산동구 백석로108번길 68-11 (백석동)","메디팜일산약국","031-908-4555","1830","0900","1830","0900","1830","0900","1830","0900","1830","0900","1400","0900","C2102990","104","45","6659","37.646382391759175","126.79145810307915"
"대구광역시 북구 동북로 288","월~금에 있는 공휴일만 운영","복현네거리(축협네거리)대구은행건너편,쌍용자동차바로옆","메디팜일선약국","053-956-8481","2100","0900","2100","0900","2100","0900","2100","0900","2100","0900","1800","0900","1800","0900","C1300051","415","64","6660","35.89248957152101","128.62116383908864"
"서울특별시 성동구 용답중앙길 80-1","용답시장삼호목욕탕앞사거리","메디팜일진약국","02-2245-3665","2100","0900","2100","0900","2100","0900","2100","0900","2100","0900","1300","0900","1500","0900","1500","0900","C1104874","048","05","6661","37.5626659889999","127.054127662256"
"부산광역시 동래구 사직북로 21, (사직동)","사직사거리","메디팜자연약국","051-505-5554","1900","0900","1900","0900","1900","0900","1900","0900","1900","0900","1500","0900","C1200922","478","64","6662","35.197713888888892","129.060288888888891"
"경상북도 구미시 형곡중앙로 34 (형곡동)","메디팜작은별약국","054-454-4300","1930","0900","1930","0900","1930","0900","1930","0900","1930","0900","1930","0900","C2700708","393","12","6663"
"경기도 고양시 덕양구 화중로 220","주말 및 공휴일은 방문 전 연락바랍니다.","메디팜장계약국","031-968-1297","2130","0930","2130","0930","2130","0930","2130","0930","2130","0930","1800","0930","1800","0930","1800","0930","C2102702","104","73","6664","37.64684436794606","126.83475965857167"
"서울특별시 양천구 목동남로4길 32 (신정동)","메디팜장약국","02-2645-7395","1800","0930","1800","0930","1800","0930","1800","0930","1800","0930","1300","0930","C1101450","081","04","6665","37.5088235409887","126.866067725231"
"서울특별시 강서구 마곡중앙5로 87, 107호 (마곡동, 우성르보아투)","메디팜정다운약국","02-2664-1088","2000","0840","2000","0840","2000","0840","2000","0840","2000","0840","1500","0840","C1107236","075","99","6666","37.5671827578116","126.817773482836"
"충청남도 홍성군 홍성읍 홍성천길 214, 두리프라자 106호","메디팜정약국","041-634-6001","1900","0800","1900","0800","1900","0800","1900","0800","1900","0800","1300","0800","C2401526","322","31","6667","36.6010154682","126.6673474353"
"서울특별시 강남구 강남대로 256","토요일은 시간변동 가능성 있습니다.","대우양재디오빌 103호","메디팜정연약국","02-522-5925","1800","0900","1800","0900","1800","0900","1800","0900","1800","0900","1700","0900","C1104178","062","66","6668","37.4864868587499","127.033537582361"
"전라남도 목포시 산정로 275-1 (연산동)","근화1차아파트 근처","메디팜정원약국","061-277-0720","1930","0840","1930","0840","1930","0840","1930","0840","1930","0840","1300","0830","C2600214","586","34","6669","34.811617342966045","126.38593502552443"
"서울특별시 강동구 천호대로 1200","길동사거리에서하남시방면우측대로변약500m지점","메디팜정원약국","02-477-6126","2100","0900","2100","0900","2100","0900","2100","0900","2100","0900","2000","0900","C1104666","053","61","6670","37.5345568374059","127.144665419318"
"서울특별시 구로구 오리로 1270 (궁동)","수궁동사무소근처우신빌라맞은편","메디팜제일약국","02-2684-3804","1900","0900","1900","0900","1900","0900","1900","0900","1900","0900","1400","0900","C1102732","082","56","6671","37.4950042304562","126.830774302837"
"충청북도 청주시 흥덕구 2순환로 1240, 102호 (강서동, MK타워)","씨엔씨루픈병원옆/하이마트 사거리","메디팜제일약국","043-236-8686","2000","0900","2000","0900","2000","0900","2000","0900","2000","0900","1630","0900","C2300957","283","77","6672","36.62546329117698","127.43007116400032"
"경상북도 포항시 북구 용두산길 35 (장성동)","장성동ABC볼링장주변","메디팜조아약국","054-232-0080","2000","0900","2000","0900","2000","0900","2000","0900","2000","0900","2000","0900","C2700716","791","260","6673","36.06693045879012","129.3810531437283"
"경상북도 포항시 남구 해동로 57 (해도동)","메디팜조약국","054-281-1283","2000","0900","2000","0900","2000","0900","2000","0900","2000","0900","2000","0900","1900","1000","C2700517","377","95","6674","36.024599995497795","129.3728091981707"
"경상남도 창원시 성산구 대정로 102 110호","12:30~14:00 점심시간","메디팜조윤숙약국","055-281-1177","1930","0930","1930","0930","1930","0930","1930","0930","1930","0930","1930","0930","C2801780","514","80","6675","35.21114961045678","128.70390643629201"
"대전광역시 유성구 은구비남로 37 (지족동)","2024년 2월 9일 09:00~18:00","대전 유성구 지족동 노은동 새미래아파트8단지 정문 앞, 농협 옆","노은 열매마을8단지 정문앞, 농협옆, 청년다방옆","메디팜조은약국","042-477-5588","2030","0830","2030","0830","2030","0830","2030","0830","2030","0830","1830","0830","C1600207","340","86","6676","36.372397958567866","127.31982337790632"
"인천광역시 강화군 강화읍 중앙로 45, 정우빌딩 (강화읍)","강화신경외과옆","메디팜조은약국","032-933-9422","1800","0800","1800","0800","1800","0800","1800","0800","1800","0800","1500","0800","C1400887","230","37","6677","37.7393640197","126.4896321653"
"경기도 포천시 구절초로 27(신읍동)","메디팜종합약국","031-532-3700","1800","0800","1800","0800","1800","0800","1800","0800","1800","0800","1600","0800","C2102988","111","47","6678","37.896438114369445","127.20235261033099"
"경상남도 창원시 마산회원구 내서읍 삼계4길 17","롯데마트 후문","메디팜중앙약국","055-232-4782","2130","0900","2130","0900","2130","0900","2130","0900","2130","0900","2130","0900","2000","1100","C2800258","630","852","6679","35.23300297367445","128.50364468139645"
"경상남도 김해시 진영읍 여래로 31-1","메디팜진영약국","055-345-8409","1900","0830","1900","0830","1900","0830","1900","0830","1900","0830","1600","0830","1600","0830","1600","0830","C2802376","508","68","6680","35.3032414646395","128.734758069871"
"서울특별시 용산구 청파로 324, 1층 (청파동1가)","메디팜최약국","02-715-6009","1800","0900","1800","0900","1800","0900","1800","0900","1800","0900","1300","0900","C1103466","043","01","6681","37.5485757472826","126.970246853094"
"부산광역시 북구 금곡대로616번길 55","2호선 금곡역 1번출구","메디팜최약국","051-363-4460","1830","0900","1830","0900","1830","0900","1830","0900","1830","0900","1300","0900","C1200655","465","05","6682","35.263027602101495","129.0162824735656"
"인천광역시 부평구 경원대로 1236 (산곡동, 선현빌딩)","백운오거리 대로변에 위치한 건물 1층","메디팜큰사랑약국","032-512-7211","2000","0900","2000","0900","2000","0900","2000","0900","2000","0900","1600","0900","C1400189","214","05","6683","37.48711493099991","126.70836065751072"
"부산광역시 서구 대영로 84","버스정류장: 동대시장","메디팜큰사랑약국","051-244-5040","2000","0900","2000","0900","2000","0900","2000","0900","2000","0900","1900","0900","1900","0900","C1200739","492","18","6684","35.110730576585254","129.02021975952988"
"서울특별시 도봉구 도봉로 488","휴일: 신정, 구정 당일, 추석 당일, 추석 다음날","쌍문역1번출구앞","메디팜큰사랑약국","02-907-7582","2100","0900","2100","0900","2100","0900","2100","0900","2100","0900","2100","0900","1700","1000","2100","0900","C1104400","014","54","6685","37.6489950789907","127.035265943337"
"인천광역시 미추홀구 아암대로29번길 86","남구 유원아파트 건너편 BBQ치킨 옆건물 1층","메디팜큰사랑약국","032-566-6677","1400","0800","1400","0800","1400","0800","1400","0800","1400","0800","1400","0800","C1400176","221","75","6686","37.4563246870757","126.64092487979795"
"세종특별자치시 남세종로 454 (보람동)","보람동","메디팜큰사랑약국","044-864-7748","1900","0900","1900","0900","1900","0900","1900","0900","1900","0900","1400","0900","C1800223","301","50","6687","36.47725205674418","127.2897070914563"
"광주광역시 서구 풍암중앙로 55","씨티은행사거리우미광장상가건너편","메디팜큰사랑약국","062-682-8875","2200","0830","2200","0830","2200","0830","2200","0830","2200","0830","2200","0830","2200","0900","2200","0900","C1500660","620","58","6688","35.12562258571773","126.88017167449198"
"대전광역시 서구 월평로 58, (월평동)","계룡건설1층농협중앙회맞은편","메디팜큰사랑약국","042-472-9111","2130","0900","2130","0900","2130","0900","2130","0900","2130","0900","2100","0900","C1600214","352","25","6689","36.35596627359689","127.36336806812542"
"대구광역시 북구 칠곡중앙대로 404","칠곡동아백화점사거리지하도위","메디팜큰사랑약국","053-326-3650","1900","0900","1900","0900","1900","0900","1900","0900","1900","0900","1530","0900","C1300488","414","60","6690","35.931734050632954","128.54859233940485"
"대전광역시 대덕구 신탄진로 821","메디팜큰사랑약국","042-935-4949","2100","0900","2100","0900","2100","0900","2100","0900","2100","0900","2100","0900","2100","0900","2100","0900","C1600583","343","11","6691","36.45066473114163","127.42862360426207"
"전북특별자치도 남원시 남문로 453, (하정동)","제일은행사거리,기업은행중간","메디팜큰사랑약국","063-631-1311","1800","0830","1800","0830","1800","0830","1800","0830","1800","0830","1200","0830","C2500606","557","70","6692","35.406472222222220","127.380908333333338"
"경기도 부천시 소사로 758, 101호 (원종동, 한성빌딩)","원종사거리롯데리아옆건물횡단보도앞","메디팜큰약국","032-679-2533","2200","0900","2200","0900","2200","0900","2200","0900","2200","0900","2000","0900","1800","1000","C2100234","144","24","6693","37.52368243131048","126.80521182547434"
"전라남도 목포시 영산로 320","점심시간 : X 접수마감시간 : X","3호광장MBC방송국쪽육교아래(정내과건물)1층","메디팜태평양약국","061-272-3850","1930","0830","1930","0830","1930","0830","1930","0830","1930","0830","1400","0830","C2600518","587","00","6694","34.80550648555523","126.40047568141435"
"대전광역시 유성구 엑스포로 469 (전민동)","전민동근린공원앞","메디팜태평양약국","042-863-4118","1930","0900","1930","0900","1930","0900","1930","0900","1930","0900","1500","0900","C1600346","340","52","6695","36.398236111111110","127.404494444444438"
"충청북도 청주시 서원구 산미로 156","산남동대원칸타빌앞","메디팜평화약국","043-252-7771","1900","1000","1900","1000","1900","1000","1900","1000","1900","1000","1200","1000","C2300362","286","35","6696","36.609612382440176","127.47691303913629"
"서울특별시 송파구 동남로 189, 가락쌍용아파트 101호 (가락동)","쌍용프라자1층","메디팜푸른약국","02-400-4201","2000","0900","2000","0900","2000","0900","2000","0900","2000","0900","1700","0900","C1101490","058","23","6697","37.4946614092198","127.129853687565"
"서울특별시 강서구 강서로 293-1 (내발산동)","미즈메디병원정문옆","메디팜푸른약국","02-2661-2001","1900","0900","1900","0900","1900","0900","1900","0900","1900","0900","1300","0900","C1103620","076","39","6698","37.5520645594958","126.836006032497"
"서울특별시 성동구 무학로 33","메디팜푸른약국","02-6015-2500","2000","0900","2000","0900","2000","0900","2000","0900","2000","0900","1800","0900","C1107283","047","02","6699","37.5691641596929","127.02634785313"
"대구광역시 중구 남산로17길 79 (남산동)","남산4동새마을금고옆","메디팜프라자약국","053-252-1384","1930","0900","1930","0900","1930","0900","1930","0900","1930","0900","1600","0900","C1300314","419","76","6700","35.8619005209","128.5789161044"
"대구광역시 수성구 달구벌대로 2598, 1층 114호 (만촌동)","메디팜프라자약국","053-256-2577","1930","0930","1930","0930","1930","0930","1930","0930","1930","0930","1600","0930","C1301245","420","67","6701","35.86191599733942","128.57890408839845"
"전라남도 순천시 연향중앙상가길 27","동부상설시장입구","메디팜프라자약국","061-721-1818","2200","0900","2200","0900","2200","0900","2200","0900","2200","0900","2200","0800","C2600122","579","67","6702","34.95125688667149","127.51999974348927"
"경상남도 창원시 성산구 마디미로21번길 17, 상남동피아노빌딩 (상남동)","한마음병원 앞","메디팜피아노약국","055-221-5577","2100","0900","2100","0900","2100","0900","2100","0900","2100","0900","2100","0900","2000","0900","C2800394","514","95","6703","35.2216854739","128.6862297579"
"경상남도 거창군 거창읍 거창대로 97","성탄절 안함","메디팜하나로약국","055-943-2331","1830","0900","1830","0900","1830","0900","1830","0900","1830","0900","1230","0900","C2800906","501","33","6704","35.69019695777474","127.9146726737022"
"경기도 부천시 원미구 상일로 96, 101호 (상동)","송내역 로데오거리 국민은행건물 1층","메디팜하나로약국","032-327-1171","2200","0830","2200","0830","2200","0830","2200","0830","2200","0830","2200","0900","2100","1100","2100","1100","C2100167","145","98","6705","37.49131064146065","126.75289636461144"
"경상남도 창원시 의창구 소계로84번길 1-1 (소계동, 아쿠아pc존)","경남은행","메디팜하나약국","055-297-0263","1900","0900","1900","0900","1900","0900","1900","0900","1900","0900","1400","0900","C2800886","511","85","6706","35.25693676242091","128.59954886716906"
"서울특별시 송파구 송파대로 365 (석촌동)","휴무: 07/30","일신여상건너송파농협옆","메디팜하나약국","02-2202-7109","2030","0800","2030","0800","2030","0800","2030","0800","2030","0800","1800","0830","1400","0830","1400","0830","C1101492","056","97","6707","37.5004127403363","127.111093956687"
"부산광역시 사상구 사상로 252 (괘법동)","공휴일 전화 후 방문요망","버스정류장: 사상초등학교","메디팜하나약국","051-326-6100","1800","0900","1800","0900","1800","0900","1800","0900","1800","0900","1300","0900","C1200365","469","64","6708","35.16727944565442","128.98236012308044"
"경기도 수원시 권선구 호매실로104번길 24-61 (호매실동)","메디팜하늘약국","031-296-6975","2030","0830","2030","0830","2030","0830","2030","0830","2030","0830","1400","0900","C2106970","166","30","6709","37.2588319681","126.9626328996"
"경기도 안산시 상록구 광덕1로 376, (이동)","메디팜한대약국","031-438-4181","2230","0800","2230","0800","2230","0800","2230","0800","2230","0800","2230","0800","2230","0800","2230","0800","C2100887","154","95","6710","37.30792697798438","126.85147681886076"
"서울특별시 강북구 오현로32길 3 (번동)","메디팜한마음약국","02-988-0247","1900","0930","1900","0930","1900","0930","1900","0930","1900","0930","1600","0900","C1101493","012","24","6711","37.6287055656715","127.039695514596"
"광주광역시 남구 서문대로 777 (주월동)","월계동텃밭바로옆건물","메디팜한마음약국","062-974-0075","1830","0830","1830","0830","1830","0830","1830","0830","1830","0830","1330","0830","C1500647","617","22","6712","35.1288521212","126.8971966068"
"경상남도 양산시 덕계로 85","덕계사거리새마을금고옆","메디팜한사랑약국","055-365-4304","1900","0900","1900","0900","1900","0900","1900","0900","1900","0900","1400","0900","C2800653","505","53","6713","35.375228105780266","129.15191480359545"
"서울특별시 성동구 행당로 84 132호 (행당동, 행당한진타운종합상가)","한진타운종합상가","메디팜한솔약국","02-2282-7948","2100","0900","2100","0900","2100","0900","2100","0900","2100","0900","2100","0900","C1101495","047","17","6714","37.556567759443","127.028745897371"
"부산광역시 남구 유엔평화로 152-2 (용당동, 한신상가)","버스정류장: 한신아파트상가","메디팜한신약국","625-8120","1830","0900","1830","0900","1630","0900","1830","0900","1830","0900","1300","0900","C1200327","485","35","6715","35.12354551812671","129.0968495319359"
"경기도 의정부시 오목로18번길 4, (용현동)","메디팜한진약국","031-847-4801","2100","0900","2100","0900","2100","0900","2100","0900","2100","0900","2200","0900","2200","0900","1800","0900","C2102461","117","92","6716","37.73228331506205","127.08537870352391"
"경기도 부천시 조마루로386번길 61, (원미동)","메디팜해성약국","032-613-5028","2330","0930","2330","0930","2330","0930","2330","0930","2330","0930","2330","0900","2330","1000","2330","0900","C2100391","145","66","6717","37.49515959470797","126.78607101329788"
"울산광역시 남구 대학로 128 하늘빌딩1층 (무거동)","메디팜행복약국","울산대후문 정류장 맞은면 농협 옆","메디팜행복약국","052-249-6966","1930","0830","1900","0830","1930","0830","1930","0830","1930","0830","1330","0830","C1700373","446","11","6718","35.54597268770275","129.2615733572126"
"경상남도 하동군 하동읍 중앙로 15","하동시외버스터미널 부근","메디팜행복약국","055-882-1253","1800","0900","1800","0900","1800","0900","1800","0900","1800","0900","1500","0900","1600","0900","C2800742","523","30","6719","35.07014798931745","127.75085030243167"
"부산광역시 사하구 낙동남로 1399 (하단동)","1호선 하단역 1번 출구","메디팜행복한약국","051-207-5202","2130","0900","2130","0900","2130","0900","2130","0900","2130","0900","1900","0900","1700","0900","C1201179","493","12","6720","35.10657530143649","128.9646934994517"
"경기도 고양시 덕양구 무원로 63, 112호 (행신동,서광상가)","행신동무원마을10단지상가","메디팜행신약국","031-970-4073","1830","0900","1830","0900","1830","0900","1830","0900","1830","0900","1400","0900","C2102876","105","21","6721","37.618839943771164","126.832146191193"
"경상남도 남해군 남해읍 망운로 4,","롯데리아","메디팜현대약국","055-864-2769","1740","0900","1740","0900","1740","0900","1740","0900","1740","0900","1230","0900","C2800636","524","20","6722","34.838203861702674","127.89372010171583"
"전라남도 목포시 부흥로 86, 102호 (옥암동, 부영2차아파트 상가)","부영아파트 2차 상가","메디팜현대약국","061-283-0008","2130","0830","2130","0830","2130","0830","2130","0830","2130","0830","1800","0900","1800","1430","2130","1300","C2600215","586","87","6723","34.80346990759611","126.430456964205"
"서울특별시 성동구 독서당로 384, 중앙노인정 102호 (응봉동)","응봉현대아파트 정문 맞은편","메디팜현대약국","02-2292-0217","1800","0900","1800","0900","1800","0900","1800","0900","1800","0900","1200","0900","C1102699","047","41","6724","37.549909958908","127.031101472181"
"제주특별자치도 서귀포시 대정읍 하모상가로 27","대정농협사거리 서측","메디팜현대약국","064-794-0719","1900","0830","1900","0830","1900","0830","1900","0830","1900","0830","1300","0830","C2900094","635","07","6725","33.221665730092546","126.25171497471615"
"경상북도 구미시 인동중앙로10길 4 (인의동)","메디팜현도약국","054-474-8275","1930","0900","1930","0900","1930","0900","1930","0900","1930","0900","1300","0900","C2700867","394","32","6726","36.10828958078422","128.42288875069676"
"인천광역시 미추홀구 미추홀대로 628, 1층 (주안동)","메디팜현상약국입니다.","메디팜현상약국","032-873-9870","2000","0900","2000","0900","2000","0900","2000","0900","2000","0900","1500","0900","C1401747","221","51","6727","37.45331892455963","126.6801060865492"
"서울특별시 성동구 성수일로 39","경동초등학교앞 경동빌딩 1층","메디팜호정약국","02-461-0245","2000","0930","2000","0930","2000","0930","2000","0930","2000","0930","1700","0900","C1102702","047","79","6728","37.5442368591975","127.049255852172"
"경기도 수원시 장안구 경수대로 930, 3층(조원동,삼성홈플러스)","메디팜효자약국","031-251-3324","2200","1000","2200","1000","2200","1000","2200","1000","2200","1000","2200","1000","2200","1000","2200","1000","C2101940","162","95","6729","37.3027686237","127.0088114374"
"전북특별자치도 익산시 고현로 105, (모현동1가)","한일신경외과 건너편","메디팜희망찬약국","063-858-1400","2000","0830","2000","0830","2000","0830","2000","0830","2000","0830","1300","0830","C2500065","546","59","6730","35.9465554503","126.9434876269"
"충청북도 청주시 흥덕구 복대로 179, 1층 (복대동)","복대사거리","메디포스약국","043-231-9734","1900","0900","1900","0900","1900","0900","1900","0900","1900","0900","1300","0900","1300","0800","C2300427","285","98","6731","36.632458333333332","127.440511111111107"
"경기도 김포시 풍무로 25, 센트럴메디프라자 (풍무동)","메디프라자약국","031-981-9494","2000","0900","2000","0900","2000","0900","2000","0900","2000","0900","1600","0900","C2103716","101","19","6732","37.598096578649184","126.72019589568691"
"경기도 안산시 단원구 광덕1로 63, 112호 (초지동, 메디프라자)","메디프라자약국","031-403-4420","2200","0900","2200","0900","2200","0900","2200","0900","2200","0900","2110","0900","C2101620","154","45","6733","37.30877929305201","126.81672295775368"
"경기도 광주시 태전동로 23, 메디프라자 1층 101호 (태전동)","공휴일 진료는 꼭 전화하고 방문하세요.공휴일에 운영안하는날도 있습니다.","메디프라자약국","031-765-3326","2000","0830","2000","0830","2000","0830","2000","0830","2000","0830","1800","0830","1600","0830","1600","0830","C2107935","127","87","6734","37.386657638378395","127.23397285290788"
"인천광역시 연수구 송도국제대로 165, 지하1층 (송도동, 홈플러스 송도점)","대표번호(유선) 에서 무선으로 변경 ***010-9577-2582***으로 연락주세요.","메디플러스약국","032-812-2582","2200","1000","2200","1000","2200","1000","2200","1000","2200","1000","2200","1000","2200","1000","C1401527","219","99","6735","37.38022686887729","126.65637170840239"
"경기도 수원시 팔달구 권광로 181, 씨네파크 1층 135호 (인계동)","메디플러스약국","031-237-8277","1800","0900","1800","0900","1800","0900","1800","0900","1800","0900","1300","0900","C2109973","164","90","6736","37.2637484872618","127.032221016662"
"경기도 용인시 수지구 풍덕천로129번길 9, 101호 (풍덕천동, 오성빌딩 )","메디플러스약국","031-261-6673","1800","0900","1800","0900","1800","0900","1800","0900","1800","0900","C2103946","168","37","6737","37.323908488419356","127.09530569649342"
"서울특별시 강남구 강남대로 242, 1층(도곡동, 크리스탈빌딩)","양재역3번출구","메디피아약국","02-3463-1547","2200","0830","2200","0830","2200","0830","2200","0830","2200","0830","2100","0900","2100","0900","1800","1000","C1101499","062","67","6738","37.4853735070328","127.034082861809"
"인천광역시 서구 완정로 172, 109호 (마전동)","공공심야약국(익일 새벽 1시까지 운영)","메디피아약국","032-562-0258","2500","0900","2500","0900","2500","0900","2500","0900","2500","0900","2500","0900","2500","1000","2500","1000","C1401754","226","17","6739","37.602601126407585","126.65742608981088"
"경기도 용인시 기흥구 동백중앙로 273, 115호 (중동, 동백 훼미리프라자Ⅱ)","메디필약국","031-286-8431","1900","0900","1900","0900","1900","0900","1900","0900","1900","0900","1530","0900","C2101903","170","06","6740","37.27700228046257","127.15346018080122"
"서울특별시 중구 소공로 지하 58, 화-2호 (충무로1가)","회현지하상가","메디홈약국","02-753-2129","1900","0800","1900","0800","1900","0800","1900","0800","1900","0800","1600","0800","C1103111","045","35","6741","37.5606668775872","126.981847764291"
"경기도 수원시 팔달구 팔달로 103 (화서동)","메디홈한마음약국","031-241-9535","2000","0830","2000","0830","2000","0830","2000","0830","2000","0830","1600","0830","C2108751","164","41","6742","37.2778990832846","127.003229909914"
"서울특별시 서초구 고무래로 32, 반포트라이엄프메딕스빌딩 107호 (반포동)","메딕스약국","02-537-0671","1900","0830","1900","0830","1900","0830","1900","0830","1900","0830","1400","0830","C1104614","065","99","6743","37.5024216076756","127.012154473385"
"서울특별시 관악구 남부순환로 1810, 2층 (봉천동)","13:00~14:00 휴게시간","메딕약국","02-882-1898","1800","0900","1800","0900","1800","0900","1800","0900","1800","0900","1400","0900","C1109690","087","87","6744","37.4810685270606","126.951140541282"
"강원특별자치도 춘천시 안마산로 111, 1층 (퇴계동)","메리트약국","033-242-3773","1830","0830","1830","0830","1830","0830","1830","0830","1830","0830","1300","0830","C2201066","244","48","6745","37.8564978195715","127.729330146956"
"대구광역시 북구 침산남로 154 (침산동, 103호)","침산네거리신한은행1층","메이저온누리약국","053-341-2002","1930","0830","2000","0830","1930","0830","1930","0830","2000","0830","1630","0830","C1300720","415","84","6746","35.88781774578107","128.5922674911519"
"부산광역시 해운대구 해운대로 814, 세종월드프라자 B동 428호 (좌동)","2호선 장산역 3번출구","메이플약국","051-703-2684","1900","0930","1900","0930","1900","0930","1900","0930","1900","0930","1330","0930","C1202555","481","11","6747","35.1695768343535","129.177677812121"
"대구광역시 수성구 달구벌대로 2421, 참타워 105호 (범어동)","메타약국","053-752-4710","1930","0900","2100","0900","2000","0900","1930","0900","2100","0900","1430","0900","C1301336","420","28","6748","35.85943705426005","128.62764145631448"
"부산광역시 부산진구 범일로 177, 2층 (범천동)","메타약국","051-715-6545","1900","1000","2100","1000","1900","1000","2000","1000","2100","1000","1700","1000","C1202927","473","58","6749","35.145789886346414","129.05889603829638"
"서울특별시 강남구 남부순환로 2941, 101호 (대치동)","대치역 1번 출구 대치탑프라자 101호","메타팜약국","02-566-2268","1930","0830","1930","0830","1930","0830","1930","0830","1930","0830","1500","0830","1300","1000","1300","1000","C1103393","062","80","6750","37.4942633335042","127.061934331534"
"부산광역시 남구 분포로 111, 1003동 306호 (용호동, 엘지메트로시티아파트)","메트로3층약국","051-612-9097","1830","0830","1830","0830","1830","0830","1830","0830","1830","0830","1300","0830","C1202671","485","16","6751","35.1268954263812","129.109627235385"
"경기도 성남시 분당구 성남대로 926, 1층 (야탑동, 메트로빌딩)","메트로약국","031-708-1238","1800","0900","1800","0900","1800","0900","2100","0900","1800","0900","1600","0900","C2101262","135","06","6752","37.412487033287434","127.12916753142947"
"대전광역시 동구 대전로 792, 1층 (중동)","메트로약국","042-721-9009","2000","0800","2000","0800","2000","0800","2000","0800","2000","0800","2000","0800","C1601285","346","29","6753","36.3303406837752","127.433475033373"
"대구광역시 동구 효신로 8-4, 지하1층 (효목동)","동부정류장건너편허병원주차장안","메트로약국","053-756-0630","1800","0900","1800","0900","1800","0900","1800","0900","1800","0900","1300","0900","C1300010","412","36","6754","35.8727300002","128.635384583"
"대구광역시 중구 달구벌대로 2143, (삼덕동1가)","메트로약국","053-255-5336","1900","0900","1900","0900","1900","0900","1900","0900","1900","0900","1400","0900","C1300207","419","42","6755","35.86492227275369","128.59818159407152"
"경기도 김포시 통진읍 율마로 480, 1층 (통진읍)","메트로오서약국","031-982-7589","2030","0900","2030","0900","2030","0900","2030","0900","2030","0900","2000","1000","C2107621","100","16","6756","37.693060913","126.6038162454"
"대구광역시 중구 달구벌대로 지하2100, 반월당역 지하 C601, 602호 (덕산동)","메트로정약국","053-256-5425","2100","0830","2100","0830","2100","0830","2100","0830","2100","0830","2100","0830","2100","0830","2100","0830","C1301823","419","57","6757","35.8644213158621","128.593340834492"
"경상남도 창원시 마산회원구 율림교로 13, 메트로엠 (양덕동)","메트로한독약국","055-248-2788","2000","0900","2000","0900","2000","0900","2000","0900","2000","0900","1500","0900","C2802275","513","66","6758","35.2299238237576","128.584468879806"
"서울특별시 성북구 보국문로 53 (정릉동)","정릉시장위 엘지 원천제1주유소,보람안경 건너편","멜론약국","02-942-2712","1900","0900","1900","0900","1900","0900","1900","0900","1900","0900","1500","0900","C1104631","027","09","6759","37.6092686301695","127.009513521594"
"서울특별시 중랑구 사가정로 404-6, 1층,지층 (면목동)","면목그랜드약국","02-435-8447","1900","0900","1900","0900","1900","0900","1900","0900","1900","0900","1500","0900","C1108213","022","50","6760","37.5803137686741","127.089296175933"
"서울특별시 중랑구 사가정로49길 48 (면목동)","면목녹색약국","02-6958-6918","1800","0830","1800","0830","1800","0830","1800","0830","1800","0830","1300","0830","C1110164","022","21","6761","37.5830532989892","127.086922270521"
"서울특별시 중랑구 면목로 415 (면목동)","면목다원약국","02-432-1550","1830","0850","1830","0850","1830","0850","1800","0850","1830","0850","1500","0850","C1102406","021","46","6762","37.5890238707536","127.087094067732"
"서울특별시 중랑구 용마산로 328 (면목동)","면목백화점약국","02-2207-4636","2230","0900","2230","0900","2230","0900","2230","0900","2230","0900","2100","0900","2100","1000","2100","1000","C1101466","021","96","6763","37.5810577406108","127.093572178923"
"서울특별시 중랑구 겸재로 194 (면목동)","면목약국","02-2209-5955","1930","0900","1930","0900","1930","0900","1930","0900","1930","0900","1500","0900","1300","0900","C1108892","021","97","6764","37.5885133298055","127.08907771242"
"서울특별시 중랑구 겸재로 201, 1층 (면목동, 봄작시티 201)","면목이화온누리약국","02-434-3155","1900","0830","1900","0830","1900","0830","1900","0830","1900","0830","1400","0830","C1109804","021","61","6765","37.5891503082831","127.090057975264"
"서울특별시 중랑구 겸재로 121 (면목동)","면목2동사거리에서면목역쪽50미터함내과옆","면목종로약국","02-439-3161","1900","0900","1900","0900","1900","0900","1900","0900","1900","0900","1400","0900","1300","0900","C1101468","021","47","6766","37.5871860923432","127.081318316199"
"대구광역시 달서구 호산로 125","강창역삼성명가타운상가2층","명가약국","053-587-5425","1900","0900","1900","0900","1900","0900","1900","0900","1900","0900","1400","0900","C1300498","427","06","6767","35.851751255923105","128.47763438124932"
"경기도 하남시 미사강변대로226번길 9, 105호 (망월동, 송하빌딩)","명가한약국","031-796-0084","2000","1000","2000","1000","2000","1000","2000","1000","2000","1000","1700","1000","C2107404","129","09","6768","37.5699924913","127.1843272474"
"경상북도 포항시 북구 중흥로 306 (죽도동)","포항시 북구 용흥동 우방아파트입구","명강약국","054-244-2367","1830","0930","1830","0930","1830","0930","1830","0930","1830","0930","1400","0930","C2700170","377","74","6769","36.04134216583757","129.35130578616304"
"대구광역시 달성군 화원읍 명곡로 10, 106호, 204호 (명곡미래빌2단지 상가)","명곡미래빌1~2단지사이","명곡서약국","053-633-3563","1930","0900","1930","0900","1930","0900","1930","0900","1930","0900","1500","0900","C1300615","429","60","6770","35.79875771404775","128.495865161307"
"대구광역시 달성군 화원읍 화암로 69,","명곡지구농협옆","명곡하나약국","053-639-6543","1900","0900","1900","0900","1900","0900","1900","0900","1900","0900","1600","0900","C1300337","429","60","6771","35.79783542586217","128.49609739892648"
"대구광역시 달성군 가창면 가창로 1106 (가창면)","대구달성군가창면용계1리","명광온누리약국","053-768-3852","2000","0900","2000","0900","2000","0900","2000","0900","2000","0900","C1300122","429","34","6772","35.803228400627724","128.62236274868445"
"대전광역시 유성구 어은로58번길 2, (어은동)","토요일 마감 30분 전 전화 확인 후 방문바랍니다.","유성구청뒤한빛아파트정문앞","명근당약국","042-863-7737","2100","0930","2100","0930","2100","0930","2100","0930","2100","0930","2100","0930","C1600209","341","39","6773","36.363294444444442","127.356669444444449"
"충청북도 충주시 동수1길 31","남재만내과의원1층","명기약국","043-848-5940","1830","0900","1830","0900","1830","0900","1830","0900","1830","0900","1830","0900","C2300285","273","51","6774","36.9869363697537","127.93786712935486"
"대구광역시 남구 봉덕로 123, (봉덕동)","봉덕시장r","명당약국","053-472-7866","1900","0900","1900","0900","1900","0900","1900","0900","1900","0900","1600","0900","C1300916","424","39","6775","35.84472126164424","128.60379817175143"
"강원특별자치도 정선군 사북읍 사북중앙로 33-1","[11:00-13:00 문닫음]/의약분업 예외 지역","명도온누리약국","033-592-4544","2000","0900","2000","0900","2000","0900","2000","0900","2000","0900","1800","0900","C2200487","261","53","6776","37.227207702116885","128.8185504702928"
"서울특별시 중구 퇴계로 125, 1층 (충무로2가)","명동 친한 약국","02-757-7179","2300","1000","2300","1000","2300","1000","2300","1000","2300","1000","2300","1000","2300","1000","2300","1000","C1110878","045","36","6777","37.5611441257602","126.985711115194"
"서울특별시 중구 명동8나길 7, 1층 (충무로1가)","명동레디영약국","02-318-5973","2430","1000","2430","1000","2430","1000","2430","1000","2430","1000","2430","1000","2430","1000","2430","1000","C1110858","045","36","6778","37.5613346315283","126.984558317468"
"서울특별시 중구 남대문로7길 11 1층 (소공동)","- 매달 2,4주 토요일 휴무","명동명약국","02-779-5395","2200","0930","2200","0930","2200","0930","2200","0930","2200","0930","1530","1030","C1108274","045","32","6779","37.5636892672995","126.981249523015"
"서울특별시 중구 남대문로 68, 5층 (명동2가)","1,3주 토요일 휴무","명동모모약국","02-318-6803","1900","1100","1900","1100","1900","1100","1900","1100","1900","1100","1500","1100","C1108610","045","35","6780","37.5631099932315","126.98226380533"
"서울특별시 중구 을지로 지하42, 을지로입구역 2호선 202-114,119호 (을지로1가)","명동백화점약국","02-318-1225","2200","0800","2200","0800","2200","0800","2200","0800","2200","0800","2200","0800","2200","0800","2200","0800","C1110856","045","33","6781","37.5660509513873","126.982372901787"
"서울특별시 중구 명동8길 18, 1층 외 1개소 (명동2가)","명동베리뉴약국","0507-1413-3481","2330","1000","2330","1000","2330","1000","2330","1000","2330","1000","2330","1000","2330","1000","2330","1000","C1110857","045","36","6782"
"서울특별시 중구 퇴계로 109 (충무로1가)","13:30~14:00 휴게시간","명동사랑약국","02-778-9975","2030","0930","2030","0930","2030","0930","2030","0930","2030","0930","1700","0930","C1103887","045","36","6783","37.5609512544879","126.98386278197"
"서울특별시 중구 남대문로 84, 7층 (남대문로2가)","명동스타약국","02-6260-2070","2030","0815","2030","0815","2030","0815","2030","0815","2030","0815","1700","0845","C1109889","045","34","6784","37.5646814161054","126.98284068814"
"서울특별시 중구 남대문로 84, 7층 (남대문로2가)","명동스타약국","050-71477-2070","2015","0815","2015","0815","2015","0815","2015","0815","2015","0815","1700","0845","C1109878","045","34","6785","37.5646814161054","126.98284068814"
"서울특별시 중구 남대문로 52-13, 지하1층 (명동2가)","명동썬약국","02-318-3650","2000","1000","2000","1000","2000","1000","2000","1000","2000","1000","2000","1000","2000","1000","2000","1000","C1110261","045","35","6786","37.5621320478482","126.982238910434"
"대구광역시 중구 큰장로 98-1 (대신동)","첫째 셋째 일요일 운영","명동약국","053-257-3931","2030","0800","2030","0800","2030","0800","2030","0800","2030","0800","2030","0800","2030","0800","C1300593","419","28","6787","35.86761376509141","128.5771329881517"
"광주광역시 동구 충장로 102-11","일요일 (오전) 08:00~09:00 / (오후) 14:00~19:00 운영","명동약국","062-227-4417","2100","0800","2100","0800","2100","0800","2100","0800","2000","0800","1900","1400","2000","0800","C1500504","614","83","6788","35.14674595028248","126.91750421599843"
"울산광역시 남구 삼산로 216, 1층 (달동)","명동약국","052-261-9537","1800","0800","1800","0800","1800","0800","1300","0800","1800","0800","1300","0800","C1700634","447","18","6789","35.537774396","129.3309313481"
"서울특별시 중구 퇴계로 123","13:00~14:00 휴게시간","명동약국","02-2079-0825","1900","0930","1900","0930","1900","0930","1900","0930","1900","0930","1700","0930","C1103640","045","36","6790","37.5612658980395","126.985364301804"
"강원특별자치도 원주시 우산초교길 22","구)시외버스터미널 옆 농협 맞은편","명동약국","033-742-9428","1830","0930","1830","0930","1830","0930","1830","0930","1830","0930","1300","0930","C2200128","263","42","6791","37.36759838220158","127.9386712270166"
"경상남도 양산시 대운로 181, 1층 (명동)","웅상지구대","명동약국","055-365-2584","2000","1000","2000","1000","2000","1000","2000","1000","2000","1000","2000","1000","2000","1000","C2800751","505","32","6792","35.4160672505452","129.172329662889"
"전북특별자치도 정읍시 중앙로 148, (시기동)","(연중무휴)","명동의류 사거리에서 구시장 입구쪽에","명동약국","063-538-7755","2200","0830","2200","0830","2200","0830","2200","0830","2200","0830","2200","0830","2200","1000","2200","1000","C2500078","561","62","6793","35.56558869938075","126.85447896017331"
"서울특별시 성동구 고산자로 164","한신플러스상가 107","명동온누리약국","02-2281-7292","1830","0900","1830","0900","1830","0900","1830","0900","1830","0900","1400","0900","C1102692","047","46","6794","37.5550687570722","127.035424100115"
"서울특별시 중구 남대문로 68, 3층 (명동2가)","토요일 2,4주 휴무","롯데영플라자 맞은편","명동천사약국","02-755-1005","1800","0930","1800","0930","1300","0930","1800","0930","1800","0930","1300","0930","C1101470","045","35","6795","37.5631099932315","126.98226380533"
"서울특별시 중구 명동8가길 31, 1,2,3층 (충무로2가)","명동타운레디영약국","070-7773-9325","2430","1000","2430","1000","2430","1000","2430","1000","2430","1000","2430","1000","2430","1000","2430","1000","C1110879","045","37","6796","37.5619010879859","126.98678417297"
"서울특별시 중구 명동길 14, Noon Square 1층 (명동2가)","명동퍼스트약국","02-3789-7277","2200","1100","2200","1100","2200","1100","2200","1100","2200","1100","2200","1100","2200","1100","2200","1100","C1110893","045","36","6797","37.5634116488196","126.98288772495"
"서울특별시 중구 명동8길 32, 1층 (명동2가)","명동하나약국","0507-1300-7079","2400","0900","2400","0900","2400","0900","2400","0900","2400","0900","2400","0900","2400","0900","2400","0900","C1110896","045","36","6798","37.5623362860876","126.984685555669"
"서울특별시 중구 명동7길 14 (명동1가)","호텔스카이파크명동2호점 맞은편","명동하이약국","070-4140-8275","2300","0900","2300","0900","2300","0900","2300","0900","2300","0900","2300","1100","2300","1100","C1107601","045","34","6799","37.5643900804844","126.984479135121"
"전북특별자치도 전주시 덕진구 안덕원로 204","생명과학고(구 농고) 정문 맞은편에 위치함","명랑약국","063-274-3669","1900","0900","1900","0900","1900","0900","1900","0900","1900","0900","1330","0900","C2500450","550","08","6800","35.83556151667217","127.14966296112257"
"부산광역시 남구 지게골로 46, 1층 (문현동)","진료시간은 아니고 약국 이전으로 인한 주소변경도 부탁드립니다 부산시 남구 지게골로 46입니다","명륜당약국","051-644-8423","1900","0900","1900","0900","1900","0900","1900","0900","1900","0900","1300","0900","C1201055","484","66","6801","35.1363802254876","129.071327321679"
"부산광역시 동래구 동래로 25, 1층 102호 (온천동)","1호선 명륜역 1번출구","명륜메디칼약국","051-556-6110","2000","0900","2000","0900","2030","0900","2000","0900","2000","0900","1400","0900","C1202390","477","15","6802","35.2124826165","129.0783826338"
"서울특별시 종로구 성균관로 56-1 (명륜1가)","명륜시장약국","02-747-3443","2000","0830","2000","0830","2000","0830","2000","0830","2000","0830","1900","0830","C1102693","030","69","6803"
"경기도 수원시 장안구 수성로261번길 55 (정자동)","명리본한약국","031-242-5560","1800","0900","1800","0900","1800","0900","1800","0900","1800","0900","1300","0900","C2109443","163","17","6804","37.2920788654762","126.999272020221"
"경기도 안산시 상록구 본오로 133, 우성아파트 상가동 2층 201-2호 (본오동)","명리온누리약국","031-501-4937","1800","1000","1800","1000","1800","1000","1800","1000","1800","1000","C2108538","155","38","6805","37.2971844943894","126.866376770396"
"경기도 수원시 장안구 송원로 80, 1층 좌측호 (조원동)","토요일 1주,3주만 운영함","명리한약국","031-254-8600","1900","0930","1900","0930","1900","0930","1900","0930","1900","0930","1400","0930","C2103834","162","84","6806","37.30295921622468","127.00787408752302"
"대구광역시 달서구 와룡로 108","명림약국","053-527-4415","2030","1500","2030","1500","2030","1500","2030","1500","2030","1500","2030","1500","C1300104","426","74","6807","35.842276056983316","128.5373436716548"
"대구광역시 중구 동덕로 194 (동인동1가, 동화빌딩)","명문당약국","053-257-1811","1900","0830","1900","0830","1900","0830","1900","0830","1900","0830","1400","0830","C1301461","419","05","6808","35.8718761218","128.6048934026"
"인천광역시 미추홀구 인주대로 191-1, (용현동)","독정이고개에서 굴다리 내려가기 전 s-oil옆건물 1층","명문당약국","032-864-6569","1900","0900","1900","0900","1900","0900","1900","0900","1900","0900","1300","0900","C1400048","221","80","6809","37.455619444444444","126.657433333333330"
"대전광역시 대덕구 송촌북로16번길 57 (송촌동)","명문약국","042-631-8191","2000","0830","2000","0830","2000","0830","2000","0830","2000","0830","1400","0830","C1600105","344","08","6810","36.36522059501292","127.43924667830274"
"광주광역시 서구 대남대로 439-1, 1층 (농성동)","건강관리협회맞은편.","명문약국","062-352-2250","1830","0830","1830","0830","1830","0830","1830","0830","1830","0830","1230","0830","C1500329","619","83","6811","35.14954826489928","126.88705447186643"
"서울특별시 서대문구 홍연길 82, 1층 (연희동)","명문약국","02-332-5677","2000","0830","2000","0830","2000","0830","2000","0830","2000","0830","1800","0830","1800","1000","C1101864","036","95","6812","37.5765560769531","126.931137787376"
"서울특별시 도봉구 우이천로 300(쌍문동)","명문약국","02-995-5941","1800","0830","1800","0830","1800","0830","1800","0830","1800","0830","1300","0900","C1109234","014","52","6813","37.644544272023","127.029132835173"
"충청북도 충주시 봉계1길 66 (칠금동)","터미날하차장삼거리황금빌딩1층","명문약국","043-843-3369","2130","0830","2030","0830","2030","0830","2030","0830","2130","0830","1600","0830","1330","0830","C2300299","273","61","6814","36.982152777777777","127.916433333333330"
"경기도 구리시 동구릉로6번길 9, 명문약국 (교문동)","명문약국","031-563-5461","1300","0900","1300","0900","1300","0900","1300","0900","1300","0900","1300","0900","C2102810","119","23","6815","37.601511111111108","127.131511111111109"
"경기도 부천시 원미구 부일로 302 (상동, 부림빌딩)","명문약국","032-663-0588","1900","0830","1900","0830","1900","0830","1900","0830","1900","0830","1630","0830","C2100219","146","25","6816","37.488240750989156","126.76382919632965"
"서울특별시 강서구 허준로 175 (가양동, 가양6단지아파트)","6단지아파트 상가 101호","명문약국","02-2659-7374","1830","0900","1830","0900","1830","0900","1830","0900","1830","0900","1300","0900","C1103728","075","31","6817","37.5637580924465","126.85928943925"
"경상남도 김해시 가락로 84","국민은행(김해지점)맞은편","명문약국","055-336-2307","2100","0900","2100","0900","2100","0900","2100","0900","2100","0900","2100","0900","2000","1000","2100","0900","C2800288","509","15","6818","35.234075943250986","128.88163769629261"
"경상북도 영주시 중앙로 138-1 (하망동, 예천참기름방)","명문약국","054-635-7794","1830","0830","1830","0830","1830","0830","1830","0830","1830","0830","1300","0830","C2700807","360","80","6819","36.82744287464915","128.62641009948595"
"인천광역시 미추홀구 낙섬중로 15-1, (용현동)","토지금고대림아파트 앞.","명문약국","032-884-2243","1500","0900","1500","0900","1500","0900","1500","0900","1500","0900","1600","0900","C1400342","221","90","6820","37.45006284255187","126.63594963138732"
"대구광역시 달서구 구마로 124","공휴일은 병원시간에 맞춰 운영","본리사거리에서서부정류장쪽으로300m에위치","명문약국","053-526-5550","1800","0900","1800","0900","1800","0900","1800","0900","1800","0900","1330","0900","C1300195","427","33","6821","35.83690955305529","128.54122871030643"
"전라남도 진도군 진도읍 남문길 13,","농협하나로마트옆,진도공용터미널옆","명문약국","061-544-2093","1300","0800","1300","0800","1300","0800","1300","0800","1300","0800","1300","0800","C2600030","589","22","6822","34.4794007061","126.263428744"
"인천광역시 계양구 아나지로 191","뉴서울아파트건너편","명문약국","032-546-5254","1500","0900","1500","0900","1500","0900","1500","0900","1500","0900","1500","0900","C1400185","211","12","6823","37.525474937621055","126.71333277326474"
"경상남도 사천시 사천읍 진삼로 1470","사천시외버스터미널 부근","명문약국","055-852-7588","2200","0900","2200","0900","2200","0900","2200","0900","2200","0900","2200","0900","2200","1500","2230","0900","C2800774","525","18","6824","35.08238656705251","128.08621246410166"
"서울특별시 송파구 마천로41길 20, 1층 (마천동)","명문약국","02-400-8216","1900","0900","1900","0900","1900","0900","1900","0900","1900","0900","1600","0900","C1104292","057","56","6825","37.4969665742871","127.149631601697"
"경기도 오산시 궐리사로 37","명문약국","031-378-1646","2100","0900","2100","0900","2100","0900","2100","0900","2100","0900","1300","0900","C2102104","181","21","6826","37.16035154410054","127.05669065293162"
"대구광역시 서구 달구벌대로361길 1, 109, 110호 (내당동)","명문약국","053-555-5567","1900","0830","1900","0830","1900","0830","1900","0830","1900","0830","1400","0830","C1300815","418","66","6827","35.82987761918951","128.55127343807658"
"인천광역시 서구 봉오재3로 44","명문약국","032-721-7220","2000","0830","2000","0830","2000","0830","2000","0830","2000","0830","1600","0830","C1401605","228","58","6828","37.5293056689","126.6656809148"
"부산광역시 영도구 꿈나무길 183 (영선동2가)","버스정류장: 강남의원","명문약국","051-413-3980","2000","0900","2000","0900","2000","0900","2000","0900","2000","0900","1500","0900","1500","0900","C1201471","490","68","6829","35.08771944444447","129.04405833333465"
"부산광역시 사하구 낙동대로 250 (괴정동)","1호선 괴정역 1번출구/버스정류장: 괴정1동 주민센터","명문약국","051-207-7846","1930","0900","1930","0900","1930","0900","1930","0900","1930","0900","1500","0900","C1200225","493","41","6830","35.099466195260085","128.9896734316428"
"서울특별시 종로구 통일로 254, 1층, 지하1층 (무악동)","독립문역 2번 출구","명문약국","02-737-1543","1900","0900","1900","0900","1900","0900","1900","0900","1900","0900","1300","0900","C1103552","030","30","6831","37.5749312944693","126.957695647379"
"전북특별자치도 전주시 완산구 거마평로 181 (효자동1가)","신기독병원 옆","명문약국","063-224-9500","2100","0900","2100","0900","2100","0900","2100","0900","2100","0900","2100","0900","2100","0900","C2500266","550","56","6832","35.808663910814474","127.11561834120356"
"경상남도 양산시 중앙로 132 (중부동)","양산남부시장앞","명문약국","055-385-4469","2000","0830","2000","0830","2000","0830","2000","0830","2000","0830","2000","0830","2000","0830","C2800128","506","22","6833","35.342379626284085","129.03774845136658"
"경상남도 창원시 마산회원구 구암남10길 26","한국전력 근처","명문약국","055-256-7575","1830","0900","1830","0900","1830","0900","1830","0900","1830","0900","1300","0900","C2800424","513","50","6834","35.24951551253645","128.59918346858865"
"광주광역시 북구 하서로 414 (양산동)","양산동광주은행옆","명문약국","062-574-0320","2200","0900","2200","0900","2200","0900","2200","0900","2200","0900","2200","0900","2100","1000","2100","1000","C1500377","610","24","6835","35.21191082437179","126.87468181875233"
"서울 동대문구 사가정로 225 1층 (장안동)","명문온누리약국","02-2212-8881","2000","0900","2000","0900","2000","0900","2000","0900","1800","0900","1400","0900","C1100069","025","18","6836","37.5789379141327","127.070138685336"
"경기도 고양시 덕양구 중앙로472번길 73, 1층 (행신동)","명보약국","031-938-9600","1930","0800","1930","0800","1930","0800","1930","0800","1930","0800","1500","0800","C2102785","104","92","6837","37.622398791638524","126.84392555096023"
"서울특별시 금천구 시흥대로 92, (시흥동)","토요일은 시간변동 가능성이 있으니 방문전 연락 바랍니다.","명보약국","02-803-2384","2000","0900","2000","0900","2000","0900","2000","0900","2000","0900","1600","0900","C1102681","086","52","6838","37.4422755469622","126.904064118769"
"충청북도 충주시 대소원면 대학로 2,","명보약국","043-843-9705","1900","0900","1900","0900","1900","0900","1900","0900","1900","0900","1500","0900","C2300584","274","70","6839","36.963016666666668","127.870969444444441"
"충청남도 천안시 동남구 중앙로 50 (영성동, 명보약국)","이슬람내과 옆","명보약국","041-522-8119","1930","0900","1930","0900","1930","0900","1930","0900","1930","0900","1730","0900","C2400023","311","32","6840","36.802906729731504","127.15302623297035"
"대구광역시 달서구 계대동문로 98, (이곡동)","혜성병원옆","명보약국","053-587-3436","1900","0900","1900","0900","1900","0900","1900","0900","1900","0900","1930","0900","1900","0900","C1300707","426","12","6841","35.855290665098416","128.50304098488604"
"대구광역시 동구 효목로 21, (효목동)","효목동동구시장(대구은행효목동지점옆)","명보약국","053-753-4222","2100","0900","2100","0900","2100","0900","2100","0900","2100","0900","2100","0900","1500","1100","2100","0900","C1301100","412","38","6842","35.87518065060158","128.6392493113952"
"대구광역시 남구 중앙대로22길 179, 1층 (봉덕동)","첫째, 넷째 일요일 운영, 전화필수","명보약국","053-472-4678","2030","0900","2030","0900","2030","0900","2030","0900","2030","0900","2030","0900","2100","1500","C1300847","424","41","6843","35.84214749393518","128.60076474756724"
"경상북도 경산시 성암로 37","옥산1지구대구은행옆","명보온누리약국","053-814-5235","1830","0830","1830","0830","1830","0830","1830","0830","1830","0830","1600","0830","C2700924","386","71","6844","35.82297035784812","128.72173470821852"
"전북특별자치도 전주시 완산구 풍남문4길 16 (전동3가)","중부경찰서에서 남부시장 근처","명산약국","063-284-5420","1800","0900","1800","0900","1800","0900","1800","0900","1800","0900","1800","0900","1800","0900","C2500581","550","43","6845","35.81374804805652","127.14557996976231"
"서울 도봉구 노해로 384 동아상가 2층 203-1호 (창동)","창동역근처마사회건물맞은편동아상가2층203-1호","명산약국","02-908-8122","1830","0900","1830","0900","1630","0900","1830","0900","1830","0900","1300","0900","C1104204","014","16","6846","37.6519427474015","127.051002787716"
"전북특별자치도 군산시 임피면 동군산로 708,","임피사거리 임피파출소 옆","명산약국","063-453-2404","1800","0900","1800","0900","1800","0900","1800","0900","1800","0900","1300","0900","C2500347","540","56","6847","35.98433563810929","126.85187104270756"
"경상북도 경산시 삼풍로 4","명산온누리약국","053-817-8277","1900","0900","1900","0900","1900","0900","1900","0900","1900","0900","1300","0900","C2701028","385","44","6848","35.82093957444513","128.7544686480402"
"충청북도 충주시 예성로 177","2012.12.3약국개설민원등록","명생약국","043-851-7702","2000","0800","2000","0800","2000","0800","2000","0800","2000","0800","1700","0800","1300","0800","1700","0800","C2300972","273","86","6849","36.972802307231205","127.93360546790919"
"서울특별시 송파구 백제고분로41길 31 (송파동)","명생약국","02-422-1394","2100","1000","2100","1000","2100","1000","2100","1000","2100","1000","2100","1000","2100","1000","2100","1000","C1101460","056","25","6850","37.508429618615","127.106489453655"
"경기도 의정부시 비우로 77 (녹양동)","명선약국","031-873-8075","2000","0900","2000","0900","2000","0900","2000","0900","2000","0900","1600","0900","C2102459","116","12","6851","37.7583819427","127.0357286111"
"서울특별시 강동구 구천면로 424, 115호 (명일동, 명일메카타운)","명성그린약국","02-428-6267","1930","0830","1930","0830","1930","0830","1930","0830","1930","0830","1500","0830","1400","0840","C1102811","052","92","6852","37.5503498644145","127.145579195087"
"경상남도 창원시 의창구 원이대로189번길 42 (명서동, 부영상가)","명서시장입구 부영상가","명성당약국","055-288-5115","2000","0900","2000","0900","2000","0900","2000","0900","2000","0900","1400","0900","2100","0900","C2800892","511","74","6853","35.24938517658241","128.6465710741376"
"서울특별시 영등포구 도림로 152-4, (대림동)","명성약국","02-836-0206","1800","0830","1800","0830","1800","0830","1800","0830","1800","0830","1300","0830","C1101462","074","17","6854","37.4935796085317","126.898845597238"
"경상남도 창원시 성산구 원이대로 676","은아그랜드 맞은편","명성약국","055-275-7440","2100","0900","2100","0900","2100","0900","2100","0900","2100","0900","1900","0900","C2800131","514","95","6855","35.22318710585603","128.68702477031343"
"충청남도 공주시 산성시장5길 34-20 (산성동)","명성약국","041-854-5888","1830","0800","1830","0800","1830","0800","1830","0800","1830","0800","1300","0800","C2401620","325","39","6856","36.4598513740977","127.124163195233"
"경상남도 창원시 마산합포구 산호북6길 26","명성약국","055-221-3393","2000","0900","2000","0900","2000","0900","2000","0900","2000","0900","1900","0900","C2800284","513","30","6857","35.21909341864513","128.58687114985162"
"충청남도 예산군 예산읍 신례원로 22,","일요일, 공휴일 운영 안함","예산명지병원 앞","명성약국","041-335-1482","1800","0830","1800","0830","1800","0830","1800","0830","1800","0830","1300","0830","C2400397","324","23","6858","36.71393685044698","126.8337035486634"
"경상남도 의령군 의령읍 의병로 209","명성약국","055-572-9983","1900","0900","1900","0900","1900","0900","1900","0900","1900","0900","1600","0900","C2801854","521","39","6859","35.31965561558869","128.2598034134083"
"경상남도 하동군 금남면 섬진강대로 971, 102호 (전도상가타운)","전도상가 부근","명성약국","055-882-0124","1800","0900","1800","0900","1800","0900","1800","0900","1800","0900","1300","0900","C2800567","523","50","6860","34.996699618161216","127.8092237284226"
"충청남도 태안군 안면읍 응지마을길 10","안면도안 : 안면읍 승언리에 있는 약국입니다.","한독의원 옆","명성약국","041-673-1722","1730","0730","1730","0730","1730","0730","1730","0730","1730","0730","1200","0730","1200","0730","C2400690","357","961","6861","36.5169267687667","126.34495280021004"
"경상남도 양산시 양주로 129, (중부동)","명성약국","055-388-5255","1930","0900","1930","0900","1930","0900","1930","0900","1930","0900","C2800654","506","28","6862","35.336695955036575","129.03176856969753"
"전북특별자치도 전주시 덕진구 안덕원로 159 (인후동2가)","모래내시장 사거리 전북은행 사이","명성약국","063-271-1223","1800","0900","1800","0900","1800","0900","1800","0900","1800","0900","1500","0900","C2500006","549","26","6863","35.8335975376","127.145283895"
"경상남도 창녕군 창녕읍 옥만길 19","명성약국","055-533-3784","2030","0900","2030","0900","2030","0900","2030","0900","2030","0900","2030","0900","2030","0900","C2800600","503","25","6864","35.54121393472839","128.4981518222526"
"부산광역시 금정구 중앙대로1793번길 70, 1층 101호 (부곡동, 위클라우드4차)","명성약국","051-747-2019","1900","0900","1900","0900","1900","0900","1900","0900","1900","0900","1400","0900","C1203031","462","74","6865","35.2419021151812","129.092026673896"
"부산광역시 수영구 과정로 63, 1층 (망미동)","명성약국","051-758-6945","1830","0900","2000","0900","1830","0900","2000","0900","1830","0900","1400","0900","C1202857","482","04","6866","35.1770501200082","129.107064555706"
"대구광역시 서구 달구벌대로 1867 (내당동)","명성약국","053-554-8989","1930","0900","1930","0900","1930","0900","1930","0900","1930","0900","1600","0900","1400","1100","C1300371","418","71","6867","35.86149953183414","128.5685872406991"
"경기도 광주시 중앙로 132 (경안동)","명성약국","031-765-8590","1900","0830","1900","0830","1900","0830","1900","0830","1900","0830","1500","0830","C2101709","127","56","6868","37.411447662419924","127.25767133139237"
"경기도 양주시 백석읍 양주산성로 564 (백석읍)","명성약국","031-855-7078","2030","0900","2030","0900","2030","0900","2030","0900","2030","0900","1630","0900","C2102618","115","10","6869","37.7874403409488","126.99160403686611"
"대구광역시 달성군 화원읍 비슬로 2606 (화원읍)","명성약국","053-637-8521","1750","0900","1750","0900","1750","0900","1250","0900","1750","0900","1250","0900","C1301123","429","62","6870","35.804567777","128.5016841"
"부산광역시 서구 충무대로 283","1호선 자갈치역 2번출구","명성약국","051-255-9788","2000","0800","2000","0800","2000","0800","2000","0800","2000","0800","2000","0800","C1201031","492","53","6871","35.09597226021029","129.0241493162668"
"부산광역시 동구 고관로 133, (수정동)","버스정류장: 부산진세무서 맞은편 사거리","명성약국","051-466-0150","1740","0800","1740","0800","1740","0800","1740","0800","1740","0800","1400","0800","C1200991","487","74","6872","35.130288888888892","129.047841666666670"
"부산광역시 수영구 수영로 621","버스정류장: 한서병원 옆","명성약국","051-752-5087","1820","0830","1820","0830","1820","0830","1820","0830","1820","0830","1800","0830","C1200091","482","53","6873","35.16129679737586","129.11364554400532"
"부산광역시 금정구 중앙대로1841번길 15, 1층 (구서동)","1호선 구서역 3번출구","명성약국","051-583-9393","1900","0900","1900","0900","1900","0900","1900","0900","1900","0900","1530","0900","C1200687","462","43","6874","35.24843263371683","129.09095647586585"
"경기도 광명시 오리로 941, 1층 (광명동)","광명사거리에서 시청방향 200 미터","명성약국","02-2612-2415","2130","0900","2130","0900","2130","0900","2130","0900","2130","0900","2130","0900","2100","0900","C2101253","142","63","6875","37.478077097649376","126.85830851211152"
"경기도 평택시 관광특구로 19","명성약국","031-611-2732","1900","0900","1900","0900","1900","0900","1900","0900","1900","0900","1600","0900","1300","0900","C2102157","177","74","6876","37.06715479114916","127.0610803021466"
"경기도 수원시 장안구 창훈로52번길 3, 명성약국 1층 (연무동)","명성약국","031-268-5875","2000","0900","2000","0900","2000","0900","2000","0900","2000","0900","1600","0900","C2107729","162","13","6877","37.297128200834706","127.0302489890293"
"서울특별시 마포구 월드컵로 87","로얄프라자1층","명성약국","02-332-4603","1900","0830","1900","0830","1900","0830","1900","0830","1900","0830","1300","0830","C1101464","040","12","6878","37.55648625160375","126.90943743071219"
"경기도 성남시 수정구 수정로 205, 1층 (태평동, 산운빌딩)","명성약국","031-758-9753","1900","0800","1900","0800","1900","0800","1900","0800","1900","0800","1500","0800","C2103495","132","82","6879","37.444374759700054","127.14245513108517"
"경상북도 영양군 영양읍 동서대로 76-1 (영양읍)","일요일 랜덤운영 전화확인후 방문","2019년 8월1일 대표약사 변경","명성약국","054-683-0009","2200","0800","2200","0800","2200","0800","2200","0800","2200","0800","2200","0800","2200","0800","C2701325","365","40","6880","36.662176539249984","129.11737410973734"
"경상남도 진주시 진주대로 1059, (대안동)","주말 공휴일 전화 확인 요망","몰에이지 근처","명성약국","055-741-2320","2030","0800","2030","0800","2030","0800","2030","0800","2030","0800","1830","0800","C2801035","526","84","6881","35.19407101143157","128.08373034616653"
"경상북도 안동시 금곡길 11 (금곡동)","명성약국","054-854-0998","1800","0830","1800","0830","1800","0830","1800","0830","1800","0830","1300","0830","C2701505","366","90","6882","36.5673353495","128.7219353904"
"경상북도 의성군 안계면 안계길 172-1","안계 오거리에 위치","명성약국","054-861-0120","2100","0730","2100","0730","2100","0730","2100","0730","2100","0730","2100","0730","2100","0730","C2700336","373","12","6883","36.3864992446054","128.43477922315293"
"경상북도 경산시 중앙로 10 (사정동)","경산역사거리","명성약국","053-815-8352","1830","0900","1830","0900","1830","0900","1830","0900","1830","0900","1400","0900","1400","0900","C2700880","386","85","6884","35.81981414257478","128.72913801462423"
"인천광역시 서구 신진말로 37-1, (가좌동)","SK주유소 맞은편","명성약국","032-577-6558","2100","0800","2100","0800","2100","0800","2100","0800","2100","0800","2100","0800","2100","1000","C1400081","228","16","6885","37.4933483848264","126.67993998039657"
"인천광역시 미추홀구 소성로 136, 1층 102호 (학익동)","학익사거리 감초한의원 건물 1층 위치.","명성약국","032-873-3203","2030","0900","2030","0900","2030","0900","2030","0900","2030","0900","2000","0900","1300","0900","C1401494","222","02","6886","37.44290090478933","126.66368362635715"
"강원특별자치도 인제군 기린면 내린천로 4030-7","일요일 3,8일 장날만 근무","면사무소입구","명성약국","033-461-0852","1900","0900","1900","0900","1900","0900","1900","0900","1900","0900","1300","0900","1300","0900","C2200096","246","60","6887","37.95600620816753","128.31776741721117"
"서울특별시 광진구 광나루로 538 (구의동)","구의시장 맞은편 대로변","명성온누리약국","02-444-7848","2100","0850","2100","0850","2100","0850","2100","0850","2100","0850","2000","0850","C1102130","050","32","6888","37.54466383083797","127.08934597264175"
"인천광역시 부평구 체육관로 14, 309호 (삼산동)","부평구삼산동롯데마트옆건물","명성온누리약국","032-504-6605","1900","0900","1900","0900","1900","0900","1900","0900","1900","0900","1600","0900","C1400256","213","44","6889","37.508388190199604","126.73308709305824"
"전라남도 순천시 봉화3길 14 (조례동)","2020년 12월말까지 운영시간 월,화,목,금,토 08:30~20:00 / 수 09:00~20:00 / 일요일 휴무","명성사우나앞.미래로소아과건물","명성온누리약국","061-723-6669","2000","0830","2000","0830","2000","0830","2000","0830","2000","0830","1800","0830","2000","1500","2000","0830","C2600383","579","34","6890","34.96091269084408","127.5182587308634"
"대구광역시 동구 동호로 75","지하철각산역에서동호지구네거리방향200m","명성온누리약국","053-965-8275","2030","0900","2030","0900","2030","0900","2030","0900","2030","0900","1900","0900","1900","0900","C1300193","410","87","6891","35.86630728997022","128.72495245196947"
"서울 관악구 관악로 231-1 (봉천동)","서울대입구역 6번 출구 도보 7분 거리","명성프라자약국","02-888-8978","2050","0900","2050","0900","2050","0900","2050","0900","2050","0900","1800","0900","C1102982","087","44","6892","37.4853694511552","126.9556040219819"
"서울특별시 성북구 돌곶이로 28, 1층 (석관동)","명소약국","02-965-0237","2100","0900","2100","0900","2100","0900","2100","0900","2100","0900","2000","0900","C1102648","027","85","6893","37.6070572911618","127.06112749865"
"충청남도 보령시 한내로 168 (명천동)","명소약국","041-935-1803","1700","0900","1700","0900","1700","0900","1700","0900","1700","0900","1600","0800","C2401650","334","81","6894","36.3387681594049","126.618810173254"
"경기도 부천시 소사구 경인로 256, 1층 102호 일부 (심곡본동)","명소약국","032-651-8468","2200","0830","2200","0830","2200","0830","2200","0830","2200","0830","2200","0830","2200","0830","C2100352","147","50","6895","37.48279452343535","126.78427464464839"
"경기도 안산시 단원구 원초로 23, 안산8차푸르지오상가 상가동 1층 B06호 (원곡동)","명수당약국","031-411-7556","2200","0900","2200","0900","2200","0900","2200","0900","2200","0900","1700","0900","C2101059","153","73","6896","37.32916951452534","126.80191254304825"
"서울특별시 동작구 서달로 151 (흑석동)","일요일 운영시간은 유동적이므로 전화 확인 후 이용 부탁드립니다.","중앙대학교병원 앞(해가든주상복합아파트 앞)","명수대약국","02-813-2558","2000","0900","2000","0900","2000","0900","2000","0900","2000","0900","2000","0900","2000","1000","C1104549","069","73","6897","37.506941630272664","126.96153465941036"
"강원특별자치도 횡성군 횡성읍 문정로19번길 3","명수약국","033-343-7409","1900","0830","1900","0830","1900","0830","1900","0830","1900","0830","1500","0900","1500","0900","C2200132","252","33","6898","37.490061196213915","127.98586109369708"
"경기도 성남시 분당구 미금로 184","명수약국","031-717-2064","2100","0900","2100","0900","2100","0900","2100","0900","2100","0900","1800","0900","C2100877","136","29","6899","37.3497208875839","127.11640249170159"
"서울특별시 금천구 시흥대로138길 13","명수약국","02-854-6846","2200","1100","2200","1100","2200","1100","2200","1100","2200","1100","C1102649","085","44","6900","37.4728514224326","126.89932731554535"
"경기도 군포시 고산로 702 (산본동)","명숙포약국","031-395-3574","1900","0900","1900","0900","1900","0900","1900","0900","1900","0900","1500","0900","C2100707","158","06","6901","37.37208586821097","126.9361003781406"
"대구광역시 달서구 달구벌대로 1714","일요일은 정해진 시간없이 임의대로 약국영업합니다...","광장코아건너편노스페이스옆","명승약국","053-653-7442","1830","0900","1830","0900","1830","0900","1830","0900","1830","0900","1600","0900","C1300214","426","46","6902","35.85590127136823","128.55306391187014"
"대전광역시 중구 사득로 6 (부사동)","명신 한약국","042-226-6663","1800","0900","1800","0900","1800","0900","1800","0900","1800","0900","1700","0900","C1600648","350","47","6903","36.312686111111113","127.434272222222219"
"서울특별시 서대문구 증가로 84, 1층 103호 (연희동)","명신당약국","02-335-2313","1800","0900","1800","0900","1800","0900","1800","0900","1800","0900","1600","1000","C1104627","036","95","6904","37.574941869102105","126.9271086869751"
"서울특별시 금천구 탑골로 18","명신약국","02-807-8767","2100","0900","2100","0900","2100","0900","2100","0900","2100","0900","2100","0900","2100","0900","2100","0900","C1107607","086","57","6905","37.451761474316605","126.91116302970059"
"부산광역시 영도구 절영로 561, (동삼동)","버스정류장: 동삼동 국민은행","명신약국","051-404-0062","1830","0900","1830","0900","1830","0900","1830","0900","1830","0900","1400","0900","C1201311","491","08","6906","35.0757812842","129.0720017392"
"경기도 광명시 도덕로 40, 3층 301호 (광명동)","명신약국","02-2625-1220","1830","0900","1830","0900","1830","0900","1830","0900","1830","0900","C2101991","142","79","6907","37.46841987794398","126.85225978052764"
"인천광역시 미추홀구 학익소로61번길 135, (학익동)","학익동 신동아 5차 아파트 상가내 1층","명신약국","032-874-3872","2000","0900","2000","0900","2000","0900","2000","0900","2000","0900","2000","0900","C1400343","222","22","6908","37.44298407138471","126.67802112852132"
"전라남도 영광군 영광읍 중앙로 165","마트맷 앞.","명신약국","061-351-3019","2200","0700","2200","0700","2200","0700","2200","0700","2200","0700","2200","0700","2200","0700","2200","0700","C2600803","570","45","6909","35.27369556394074","126.51178856065274"
"경상북도 영덕군 강구면 영덕대게로 34","강구면사무소에서 강구대교건너서 50미터지점","명신온누리약국","054-733-2777","1800","0900","1800","0900","1800","0900","1800","0900","1800","0900","1300","0900","C2700287","364","54","6910","36.360180566717084","129.38256624118694"
"서울특별시 강남구 개포로 207 (개포동)","명심약국","02-575-5867","2100","0900","2100","0900","2100","0900","2100","0900","2030","0900","2000","0900","C1103558","063","03","6911","37.478564242509705","127.0452907573109"
"경기도 평택시 비전5로 11, 4층 403호 (비전동)","명약국","031-691-3171","2100","0830","2100","0830","2100","0830","2100","0830","2100","0830","1600","0830","C2106984","178","54","6912","37.00012178823368","127.11261460431124"
"경기도 구리시 장자대로37번길 55, 112호 (교문동, 덕현아파트상가)","명약국","031-563-0733","1900","0900","1900","0900","1900","0900","1900","0900","1900","0900","1700","0900","1200","0900","C2102390","119","38","6913","37.59061876559339","127.13438410532728"
"경기도 성남시 중원구 산성대로372번길 3 (금광동)","명약국","031-747-5333","2100","0900","2100","0900","2100","0900","2100","0900","2100","0900","C2104333","131","79","6914","37.445253015523534","127.1575409996804"
"대구광역시 달서구 월곡로 320","송일초등학교맞은편보성은하타운의후문쪽상가","명약국","053-637-9909","2000","0900","2000","0900","2000","0900","2000","0900","2000","0900","2000","0900","2000","0900","C1300487","427","49","6915","35.82360919966637","128.53441240789124"
"경기도 화성시 경기대로 1038, (진안동)","명약국","031-234-9644","2000","0900","2000","0900","2000","0900","2000","0900","2000","0900","2000","0900","2000","0900","C2103278","184","01","6916","37.208141666666670","127.035141666666661"
"경기도 안양시 만안구 안양로 298, 지층 (안양동)","명약국","031-441-5799","2000","0900","2000","0900","2000","0900","2000","0900","2000","0900","1630","0900","1300","0900","C2100807","139","92","6917","37.39895481693536","126.92159873649224"
"전북특별자치도 익산시 군익로 463 (송학동)","원대사거리에서 농협안쪽 골목","명약국","063-855-2331","2000","0900","2000","0900","2000","0900","2000","0900","2000","0900","1500","0900","C2500222","546","58","6918","35.943257144722295","126.93674264281206"
"경기도 여주시 세종로 34, 1층 (홍문동)","명약국","0318851370","1800","1000","1800","1000","1800","1000","1800","1000","1800","1000","C2108434","126","27","6919","37.294891588975","127.636012178173"
"경기도 시흥시 신천천동로 7, 두성빌딩 102호 (신천동)","명약국","031-313-0227","1800","0900","1800","0900","1800","0900","1800","0900","1800","0900","1300","0900","C2109476","149","49","6920","37.4392305186616","126.786270080857"
"경기도 성남시 수정구 수정로 167, (태평동)","명약국","031-756-0870","1800","0900","1800","0900","1800","0900","1800","0900","1800","0900","1500","0900","C2100974","132","92","6921","37.44320445808542","127.13856107508975"
"경기도 오산시 대원로 3, (오산동)","명약국","031-378-6669","2000","0830","2000","0830","2000","0830","2000","0830","2000","0830","1930","0830","C2100495","181","38","6922","37.146563888888892","127.068725000000001"
"서울특별시 광진구 아차산로 532, 101호 (광장동, 진넥스빌딩)","광장동463-3 1층","명약국","02-456-6155","1900","0900","1900","0900","1900","0900","1900","0900","1900","0900","1600","1000","C1101853","049","74","6923","37.54235953789411","127.10053693596313"
"서울특별시 송파구 거마로 62, 효명빌딩 1층 (마천동)","명약국","02-407-8374","1900","0900","1900","0900","1900","0900","1900","0900","1900","0900","1500","0900","C1108573","057","55","6924","37.49847031677342","127.14700498512352"
"서울특별시 중구 남대문로9길 51, 효덕빌딩 5층 (을지로1가)","서울시청 인근","명약국","02-3789-0624","1815","0900","1815","0900","1815","0900","1815","0900","1815","0900","C1107705","045","23","6925","37.5668136314671","126.979502322878"
"서울특별시 동대문구 망우로18나길 3, 1층 (휘경동)","토요일은 시간변동 가능성이 있습니다.","명약국","02-2246-7471","1800","0930","1800","0930","1800","0930","1800","0930","1800","0930","1700","0930","C1101859","024","98","6926","37.5873560555996","127.060571090303"
"경상북도 구미시 선산읍 남문로 38","11월 3일 수정","선산읍파리바게트맞은편","명약국","054-481-0229","2000","0815","2000","0815","2000","0815","2000","0815","2000","0815","1900","0815","C2700729","391","18","6927","36.24124510157286","128.30175044538365"
"대구광역시 동구 신암로18길 12-1 (신천동)","명약국","053-939-7220","1800","0900","1800","0900","1800","0900","1800","0900","1800","0900","1300","0900","C1301387","412","03","6928","35.87761398318033","128.61193610136976"
"경상남도 진주시 대신로 477 (초전동)","명약국","055-753-0765","1700","0900","1700","0900","1700","0900","1700","0900","1700","0900","C2801932","527","39","6929","35.203236911599994","128.11571855130003"
"대전광역시 중구 보문로 301, 대한결핵협회 102호 (선화동)","명약국","042-222-3747","1800","0800","1800","0800","1800","0800","1800","0800","1800","0800","C1601466","348","62","6930","36.3291404102344","127.42004681199"
"전북특별자치도 전주시 완산구 견훤왕궁로 72, 1층 (중노송동)","노송동 우체국근처에서 SK주유소 옆,온정슈퍼옆","명약국","063-284-7263","1900","0900","1900","0900","1900","0900","1900","0900","1900","0900","1400","0900","C2500549","550","11","6931","35.827442822559966","127.1543242850889"
"서울특별시 마포구 마포대로 68, 112호 (도화동, 마포아크로타워)","명약국","02-6952-5312","2030","0900","2030","0900","2030","0900","2030","0900","2030","0900","1800","0900","C1110364","041","68","6932","37.5413421541668","126.948897374412"
"서울특별시 금천구 시흥대로 473 (독산동)","명약국","02-851-5672","2000","0900","2000","0900","2000","0900","2000","0900","2000","0900","1600","0900","C1110351","085","31","6933","37.47590920505151","126.8979920118486"
"경상남도 창원시 의창구 창이대로15번길 24, 102호 (팔용동, 서주빌딩)","명약국","055-277-2283","1830","0900","1830","0900","1830","0900","1300","0900","1830","0900","1300","0900","C2801696","513","93","6934","35.23668845582205","128.6419652384098"
"경상남도 김해시 능동로 159, 102호 (부곡동, 메디피아빌딩)","경남은행장유지점뒤메드피아빌딩102호","명약국","055-314-7199","1900","0900","1900","0900","1900","0900","1900","0900","1900","0900","1600","0900","C2800594","509","81","6935","35.20288305352852","128.8085764641674"
"대전광역시 동구 옥천로 148 (판암동)","명약국","042-272-8900","1830","0830","1830","0830","1830","0830","1830","0830","1830","0830","1830","0830","C1600479","346","76","6936","36.3166506127","127.4566438518"
"서울특별시 강남구 압구정로 212 (신사동)","일요일 운영시간: 전화 문의 바랍니다","명옥약국","02-543-3751","1900","0900","1900","0900","1900","0900","1900","0900","1900","0900","1600","0900","C1102679","060","22","6937","37.527833730233944","127.03046069035682"
"제주특별자치도 제주시 동광로 100","명원약국","064-753-0660","1800","0800","1800","0800","1800","0800","1800","0800","1800","0800","1400","0830","C2900098","632","75","6938","33.50551165309928","126.53846613000083"
"경기도 남양주시 다산중앙로123번길 22-26, 130호 (다산동)","명원한약국","031-557-7570","1800","0900","1800","0900","1800","0900","1800","0900","1800","0900","1300","0900","C2109523","122","48","6939","37.6248726304674","127.152422448068"
"서울특별시 서대문구 신촌로35길 10, 117호 (북아현동, e편한세상신촌 4단지)","설 휴무","명음약국","02-313-2208","1900","0900","1900","0900","1900","0900","1900","0900","1900","0900","1300","0900","C1108777","037","72","6940","37.558522080821874","126.95619445264641"
"경상북도 구미시 인동가산로 33 (인의동)","인동우리은행옆건물","명인당약국","054-471-2044","1930","0900","1930","0900","1930","0900","1930","0900","1930","0900","1230","0900","C2700092","394","31","6941","36.10630983215698","128.41992142688443"
"경기도 안양시 만안구 양화로 152-10 (박달동)","명인당약국","031-443-4500","2200","0800","2200","0800","2200","0800","2200","0800","2200","0800","C2101400","139","86","6942","37.4061539648938","126.90900878565588"
"울산광역시 남구 봉월로 170, 1층 (신정동)","태화로터리에 밌는 명인약국입니다.","백신경외과옆","명인약국","052-272-3776","1830","0830","1830","0830","1830","0830","1830","0830","1830","0830","1330","0830","C1700236","446","69","6943","35.5474655917","129.3079264473"
"경기도 파주시 조리읍 통일로 317, 봉일천타워 106호","명인약국","031-935-6474","1900","0900","1900","0900","1900","0900","1900","0900","1900","0900","1330","0900","C2109704","109","37","6944","37.7437241838188","126.808911956814"
"경기도 수원시 팔달구 동말로77번길 28, (화서동)","명인약국","031-242-9118","2130","0930","2130","0930","2130","0930","2130","0930","2130","0930","2130","0930","2130","0930","C2100764","164","39","6945","37.280091580279425","127.00285509736611"
"울산광역시 동구 대학길 75(화정동)","일요일은 2주.4주만 근무합니다.","한솔정형외과 옆 동산이비인후과 1층","명인약국","052-903-7913","1930","0900","1930","0900","1930","0900","1930","0900","1930","0900","1500","0900","1500","1000","1500","1000","C1700168","440","70","6946","35.49872849801395","129.42201717944604"
"부산광역시 동래구 사직북로57번길 58","버스정류장: 사직사거리","명인약국","051-501-6476","1930","0900","1930","0900","1930","0900","1930","0900","1930","0900","1300","0900","C1200881","478","64","6947","35.197366666666667","129.058763888888876"
"충청남도 보령시 정화로길 26 (대천동)","명문당 사거리 오행약국 맞은편","명인약국","041-931-3562","1830","0830","1830","0830","1830","0830","1830","0830","1830","0830","1230","0830","1300","0830","C2400469","334","64","6948","36.35005867139566","126.59635379122022"
"경기도 용인시 처인구 금령로 101, 용인중앙동우체국 2층 (김량장동)","명인약국","031-323-1277","1900","0900","1900","0900","1900","0900","1900","0900","1900","0900","1600","0900","1300","1000","C2103933","170","52","6949","37.235478653698436","127.20740851677755"
"경상남도 김해시 번화1로79번길 2, 207-1호 (대청동, 센터빌딩)","2025년 공공야간심야약국(매일 밤 22시~24시 운영 중)","공공야간심야약국(매일 밤 22시~24시 운영 중)","명인약국","055-327-1150","1800","0900","1800","0900","1800","0900","1800","0900","1800","0900","1300","0900","2400","2200","2400","2200","C2801843","509","88","6950","35.19443572580186","128.79920303153767"
"제주특별자치도 제주시 연북로 511, 에이플렉스 1층 (아라일동)","명인약국","064-727-1610","2200","0900","2200","0900","2200","0900","2200","0900","2200","0900","2200","0900","2200","0900","2200","0900","C2900550","632","34","6951","33.4844445262988","126.534540530554"
"부산광역시 연제구 연수로 224 (연산동)","지하철역","명인약국","051-864-6408","1900","0900","1900","0900","1900","0900","1900","0900","1900","0900","1400","0900","C1200239","476","14","6952","35.17333237194945","129.09518094128885"
"대전광역시 유성구 테크노4로 105, 104호 (관평동)","명인약국","042-585-5699","2100","0830","2100","0830","2100","0830","2100","0830","2100","0830","1800","0830","C1600545","340","18","6953","36.425287693188885","127.38971937617794"
"대구광역시 동구 동촌로 45 (입석동)","입석사거리에서홈플러스쪽으로300m거리위치","명인약국","053-982-1029","1900","0900","1900","0900","1900","0900","1900","0900","1900","0900","1500","0900","C1300523","411","42","6954","35.88991558533227","128.64777337708344"
"제주특별자치도 제주시 연북로 511 1층 (아라일동)","모던하우스 입점건물1층 우측코너 건물 주차장 안쪽으로 들어오세요","명인약국","050-713-1016","2200","0900","2200","0900","2200","0900","2200","0900","2200","0900","2200","0900","2200","0900","C2900183","632","34","6955","33.4844445262988","126.534540530554"
"충청남도 청양군 청양읍 중앙로3길 2,","청양시내버스터미널옆","명인약국","041-943-8824","1900","0900","1900","0900","1900","0900","1900","0900","1900","0900","1430","0800","C2400390","333","31","6956","36.44919788433673","126.80252907096201"
"강원특별자치도 삼척시 도계읍 도계로 297-6 (도계읍)","도계읍 도계하나로 마트앞","명인약국","033-541-0027","1900","0900","1900","0900","1900","0900","1900","0900","1900","0900","1400","0900","1900","0900","C2200284","259","47","6957","37.23578773634443","129.04427444868185"
"강원특별자치도 춘천시 영서로 2777","구구치과건물 1층","명인약국","033-243-8279","1900","0830","1900","0830","1900","0830","1900","0830","1900","0830","1430","0830","C2200147","242","37","6958","37.90132603838272","127.72820530584166"
"강원특별자치도 인제군 남면 신남로58번길 5","남면우체국 근처","명인약국","033-461-0355","1930","0930","1930","0930","1930","0930","1930","0930","1900","1000","1900","1000","1900","1000","1900","1000","C2200259","246","49","6959","37.967836494394724","128.08023975661905"
"광주광역시 남구 군분로66번길 5-1 (월산동)","명인원한약국","062-369-7588","1800","1000","1800","1000","1800","1000","1800","1000","1800","1000","C1500951","616","13","6960","35.15270118296268","126.88796100356381"
"경기도 수원시 권선구 수인로 196, 1층 103호 (서둔동)","명인한약국","031-226-0040","1900","1000","1900","1000","1900","1000","1900","1000","1900","1000","1400","1000","C2104372","164","28","6961","37.253127777777777","127.039463888888889"
"서울특별시 강동구 명일로 270, 1층 (길동)","13:00~14:00 휴게시간","명일로약국","02-488-2288","1900","0900","1900","0900","1900","0900","1900","0900","1900","0900","1400","0900","1400","0900","C1109274","053","00","6962","37.54261176518","127.14772810199878"
"서울특별시 강동구 고덕로 276, 지하1층 (명일동, 이마트명일점)","매달 2, 4주 일요일 휴무","이마트고덕점 지하 1층","고덕역 이마트 지하1층","명일마트종로약국","02-428-7845","2130","1000","2130","1000","2130","1000","2130","1000","2130","1000","2130","1000","2130","1000","2130","1000","C1101861","052","69","6963","37.55462526535241","127.15575590377864"
"서울특별시 강동구 양재대로 1626, 202호 (명일동)","명일역 4번 출구","명일약국","02-3427-2283","1900","0900","1900","0900","1900","0900","1900","0900","1900","0900","1400","0900","C1102812","052","92","6964","37.5506474264789","127.144288436536"
"경상북도 구미시 인동중앙로 39 (황상동)","인동시장새마을금고맞은편","명일약국","054-473-7234","1900","0900","1900","0900","1900","0900","1900","0900","1900","0900","1300","0900","C2700832","394","30","6965","36.10860220466813","128.4224320782493"
"대구광역시 서구 달서로 270, (원대동3가)","명일약국","053-354-9533","1900","0900","1900","0900","1900","0900","1900","0900","1900","0900","1600","0830","C1300957","417","30","6966","35.88575311731877","128.57457585475845"
"서울특별시 강동구 양재대로 1625, 숨결TOWER 1층 104,105,106호 (천호동)","명일열린메디컬약국","02-484-8882","2030","0830","2000","0830","2000","0830","2030","0830","2000","0830","1500","0800","C1109670","053","06","6967","37.55061781920061","127.14351998256954"
"서울특별시 강동구 구천면로 428, 305호 (명일동, 센트로빌)","명일역 부근","명일정원약국","02-442-0082","1930","0900","1930","0900","1930","0900","1930","0900","1930","0900","1400","0900","1300","0900","C1101547","052","92","6968","37.550242924216846","127.14615601743765"
"부산광역시 동래구 명장로 50 (명장동)","버스정류장: 이편한세상동래명장 출입구","명장온누리약국","051-523-8882","1830","0900","1830","0900","1830","0900","1830","0900","1830","0900","1300","0900","C1202515","477","75","6969","35.20463375271546","129.1064168029488"
"울산광역시 중구 태화로 124 (태화동)","SK주유소 맞은편, 하나가정의원 옆","명정약국","052-223-3579","2100","0900","2100","0900","2100","0900","2100","0900","2100","0900","2000","0900","C1700151","444","37","6970","35.553083596020066","129.2895270207046"
"부산광역시 강서구 명지국제8로 257, 109호 (명지동)","버스정류장: 금강펜테리움","명지돌고래약국","051-205-6405","1900","0830","1900","0830","1900","0830","1900","0830","1900","0830","1400","0830","1400","0900","1400","0900","C1202480","467","26","6971","35.098272703800006","128.9208961861026"
"대전광역시 중구 당디로6번길 70, (문화동)","문화주공1단지바깥상가파리바게뜨건물","명지약국","042-583-6864","2020","0900","2020","0900","2020","0900","2020","0900","2020","0900","1900","0900","2000","1600","1900","0900","C1600421","350","14","6972","36.307102777777779","127.397972222222222"
"세종특별자치시 다정중앙로 58, 다정메디프라자 108호 (다정동)","토요일 및 일요일 휴무","다정동","명지약국","044-862-7567","1900","0830","1900","0830","1900","0830","1900","0830","1900","0830","1400","0830","C1800276","301","23","6973","36.4956261483186","127.2492292573455"
"광주광역시 북구 무등로 102, (신안동)","태봉새마을금고옆","명지약국","062-529-2559","1900","0900","1900","0900","1900","0900","1900","0900","1900","0900","1800","0900","C1500041","612","48","6974","35.167688888888890","126.895155555555561"
"대전광역시 서구 대덕대로 197, 1층 일부호 (둔산동)","명지약국","042-486-8253","1900","0800","1900","0800","1900","0800","1900","0800","1900","0800","1800","0800","C1601463","352","30","6975","36.3508930303962","127.377698584027"
"서울특별시 서대문구 증가로 150, 제상가동 제지3층 제비302호 (남가좌동, DMC센트럴아이파크)","휴게시간 13:00~14:00","명지약국","02-6958-8856","1900","0900","1900","0900","1900","0900","1900","0900","1900","0900","1400","0900","C1110382","036","70","6976"
"인천광역시 남동구 담방로 105, 7701동 103호 (만수동, 만수주공7단지임대상가)","남동구 동부교육청 옆 임대주공아파트 상가 1층","명지약국","032-463-3123","1700","0900","1700","0900","1700","0900","1700","0900","1700","0900","1700","0900","C1400138","215","41","6977","37.4504274246","126.7398940657"
"경상남도 창원시 마산합포구 3.15대로 238-1","2째주 일요일만 영업, 공휴일은 확인요망","마산의료원 부근","명지약국","055-244-1148","1930","0900","1930","0900","1930","0900","1930","0900","1930","0900","1600","0900","1500","1000","C2800875","517","32","6978","35.19947834995244","128.5675346948428"
"전라남도 해남군 해남읍 남부순환로 159, 청치과의원 (해남읍)","일요일 장날(1,6)일 경우 운영","명지약국","061-537-5370","1800","0800","1800","0800","1800","0800","1800","0800","1800","0800","1300","0800","C2601163","590","44","6979","34.56536198067384","126.5943009615198"
"대전광역시 동구 태전로 169, (삼성동)","동구보건소사거리","명지약국","042-672-6683","1900","0830","1900","0830","1900","0830","1900","0830","1900","0830","1500","0830","C1600226","345","66","6980","36.342223280591526","127.41900015182213"
"경기도 용인시 처인구 중부대로1299번길 10","명지약국","031-335-0078","2000","0900","2000","0900","2000","0900","2000","0900","2000","0900","1400","0900","C2100512","170","47","6981","37.23619060510872","127.18994947813025"
"부산광역시 강서구 명지오션시티4로 67, 105호 (명지동)","버스정류장:명지롯데캐슬아파트/강서타워빌딩 105호","명지약국","051-208-0130","2000","0900","2000","0900","2000","0900","2000","0900","2000","0900","1400","0900","C1201325","467","64","6982","35.08302757614054","128.90392811914484"
"부산광역시 강서구 명지국제8로 245, 105호 (명지동, 명지뉴타워복합상가105호)","버스정류장: 명지국제 에일린의 뜰 아파트","명지온누리약국","0512085002","1900","0900","1900","0900","1900","0900","1900","0900","1900","0900","1400","0900","C1202300","467","26","6983","35.0984157055","128.919833708"
"경기도 광명시 오리로 865, 1층 2호 (철산동)","명지옵티마약국","02-2684-1251","2030","0830","2030","0830","2030","0830","2030","0830","2030","0830","1600","0830","C2104024","142","50","6984","37.47536847097578","126.8659230402757"
"경기도 수원시 팔달구 덕영대로697번길 48","명진당약국","031-244-0939","2100","0900","2100","0900","2100","0900","2100","0900","2100","0900","1900","0900","C2100925","164","35","6985","37.284570704896446","126.99117421351352"
"부산광역시 남구 용소로7번길 75 (대연동)","2호선 경성대 부경대역 1번출구","명진약국","051-623-6595","2130","0900","2130","0900","2130","0900","2130","0900","2130","0900","1800","0900","C1200793","485","09","6986","35.13842420542016","129.1039368255305"
"부산광역시 동구 성남이로 21 (좌천동)","공휴일 전화 후 방문요망","1호선 좌천역 2,4번출구","명진약국","051-643-5220","1930","0830","1930","0830","1930","0830","1930","0830","1930","0830","1600","0830","1300","0830","C1200703","487","54","6987","35.13233435477458","129.05680407813063"
"강원특별자치도 정선군 정선읍 녹송2길 1 (정선읍)","공휴일, 일요일 당직 전화확인(당직날만 근무)","명진약국","033-563-1568","1800","0800","1800","0800","1800","0800","1800","0800","1800","0800","1200","0900","C2200462","261","26","6988","37.38228764894522","128.6710893126133"
"충청남도 천안시 동남구 망향로 187 (안서동, 영남빌딩)","법정공휴일, 일요일은 휴무입니다.","천안 단국대병원 옆에 위치한 약국으로 주차장이 넓어서 진입이 쉬운 약국입니다.","단국대병원 입구 들어가기 전 유턴해서 70~80m","명진약국","041-561-2747","1810","0830","1810","0830","1810","0830","1810","0830","1810","0830","1230","0830","C2400637","311","16","6989","36.83992699770931","127.1739905371866"
"경상남도 창원시 진해구 웅동로 72, 104호 (마천동, 남명프라자)","병의원 처방전 조제, 일반의약품, 동물의약품판매 명진약국입니다. 일요일 휴무, 법정공휴일(빨간날) 경우에 따라 영업하니 확인후 방문해주세요","진해시마천동남명아파트상가내","명진약국","055-551-2733","1900","0900","1900","0900","1900","0900","1900","0900","1900","0900","1300","0900","C2800848","515","98","6990","35.12461230913167","128.78420969772847"
"부산광역시 부산진구 중앙대로 803, 1층 일부 (부전동)","명진약국","051-819-9909","1820","0900","1820","0900","1820","0900","1820","0900","1820","0900","1300","0900","C1200300","472","50","6991","35.16346121334209","129.06334996026942"
"부산광역시 부산진구 봉수로20번길 6 (전포동)","버스정류장: 부산동성고등학교","명진약국","051-808-4875","1800","0900","1800","0900","1800","0900","1800","0900","1800","0900","C1201300","473","18","6992","35.15028414461492","129.0704519741036"
"서울특별시 용산구 신흥로36길 3 (후암동)","후암동 202번 버스 종점","명진약국","02-778-4365","2130","0900","2130","0900","2130","0900","2130","0900","2130","0900","2130","0900","2000","0900","C1101931","043","37","6993","37.54656355223697","126.98181519981271"
"강원특별자치도 동해시 발한로 69, (부곡동)","부곡삼거리, 선샤인아파트 앞","명진약국","033-533-6171","1830","0900","1830","0900","1830","0900","1830","0900","1830","0900","1400","0900","C2200599","257","32","6994","37.53856430585246","129.10157138643058"
"경상남도 밀양시 중앙로 339 (내일동)","명진약국","055-352-3524","1830","0900","1830","0900","1830","0900","1830","0900","1830","0900","1300","0900","1300","0900","C2802130","504","30","6995","35.4930527904271","128.753867172207"
"경기도 안양시 만안구 안양로 147 (안양동)","명진약국","031-441-4656","2130","0800","2130","0800","2130","0800","2130","0800","2130","0800","2100","0800","C2103664","140","92","6996","37.387409317684614","126.93056759577322"
"서울특별시 강서구 마곡중앙로 161-17, 보타닉파크타워Ⅰ 110호 (마곡동)","명진팜약국","02-6326-7353","2200","0900","2200","0900","2200","0900","2200","0900","2200","0900","2000","0900","1800","1100","C1107986","077","88","6997","37.56818435566485","126.82586736170363"
"서울특별시 관악구 남부순환로 2064, 102호 (남현동)","명진팜약국","02-597-5222","2000","0900","2000","0900","2000","0900","2000","0900","2000","0900","1600","0900","C1109750","088","06","6998","37.476417462273695","126.97800250323293"
"서울특별시 마포구 임정로15길 13, (신공덕동)","명치약국","02-712-1678","1800","0900","1800","0900","1800","0900","1800","0900","1800","0900","1800","0900","C1101823","041","90","6999","37.54336056124","126.957256346362"
"충청북도 청주시 서원구 예체로 55","*3공구상가 112호","명품캐슬약국","043-906-4010","1900","0900","1900","0900","1900","0900","1900","0900","1900","0900","1400","0900","C2300136","286","50","7000","36.631164899539506","127.46840061344824"
"경상북도 김천시 자산로 62 (모암동)","약국","로타리서점 옆","명플러스 약국","0544390026","1740","0800","1740","0800","1740","0800","1300","0800","1740","0800","1300","0800","C2700711","395","89","7001","36.11882661462792","128.12483690180292"
"전북특별자치도 전주시 완산구 당산로 17","서신동 신일@상가","명현약국","063-251-3762","1830","0900","1830","0900","1830","0900","1830","0900","1830","0900","1300","0900","C2500208","549","47","7002","35.83236169177233","127.11141221721837"
"서울특별시 강남구 테헤란로 120, 상경빌딩 1층 (역삼동)","모건약국","02-554-5679","2100","0900","2100","0900","2100","0900","2100","0900","2000","0900","1700","0900","C1108486","062","33","7003","37.498580291943","127.0308022020723"
"경기도 수원시 팔달구 중부대로 141, 메타타워Ⅱ B101호 (우만동)","모나약국","031-000-0000","1800","0900","1800","0900","1800","0900","1800","0900","1800","0900","1300","0900","C2110234","162","40","7004","37.2786729742004","127.031538202471"
"경기도 화성시 동탄솔빛로 53, 2층 205호 (반송동, 모닝타운)","일요일,공휴일 미운영","모닝약국","031-8015-5858","1900","0900","1900","0900","1900","0900","1900","0900","1900","0900","1300","0900","C2106685","184","43","7005","37.19387484437815","127.07333206379252"
"경기도 평택시 소사2길 4, 1층 (소사동)","모닝약국","031-652-3339","1900","0830","1900","0830","1900","0830","1900","0830","1900","0830","C2108161","178","77","7006","36.9899128701729","127.121490914349"
"경상남도 창원시 의창구 사화로 6 (팔용동)","모닝약국","055-255-7557","1800","0830","1800","0830","1800","0830","1800","0830","1800","0830","1300","0830","1300","0830","C2801811","513","76","7007","35.257258656973505","128.60864019159075"
"부산광역시 부산진구 중앙대로 726 (부전동)","공휴일 전화 후 방문요망","1, 2호선 서면역 6번 출구","모닝약국","051-819-0102","1800","0930","1800","0930","1800","0930","1800","0930","1800","0930","1400","0930","C1201265","472","91","7008","35.15747313297251","129.05999140753954"
"부산광역시 북구 만덕대로 13, (덕천동)","덕천역 12번 출구","모닝약국","051-335-0008","1900","0900","1900","0900","1900","0900","1900","0900","1900","0900","1400","0900","C1200911","465","48","7009","35.210641666666668","129.006566666666657"
"대전광역시 서구 월평북로 79, 1층 (월평동)","모닝약국","042-488-3963","1900","0900","1900","0900","1900","0900","1900","0900","1900","0900","1300","0900","C1601303","352","13","7010","36.3624491599388","127.37709514345"
"부산광역시 남구 용호로 56, 1층 (용호동)","메트로상가 401호","모닝약국","051-611-2284","2100","0900","2100","0900","2100","0900","2100","0900","2100","0900","1800","0900","C1200589","485","23","7011","35.12645625655111","129.10873809539902"
"서울특별시 서대문구 증가로 84, 102호 (연희동)","모닝약국","02-332-1251","2000","0900","2000","0900","2000","0900","2000","0900","2000","0900","1400","0900","C1110269","036","95","7012","37.57507020128359","126.92701233931678"
"경기도 안산시 상록구 본삼로 49, 102호 (본오동, 대명빌딩)","모닝약국","031-409-1010","2200","0900","2200","0900","2200","0900","2200","0900","2200","0900","1700","0900","1700","0900","C2103944","155","37","7013","37.30107205910343","126.86557333958696"
"서울특별시 서초구 강남대로 341","공휴일 휴무","모닝온누리약국","070-7767-6407","1940","0900","1940","0900","1940","0900","1940","0900","1940","0900","1430","0900","C1106977","066","26","7014","37.4932241486167","127.02946283841568"
"경기도 시흥시 장현능곡로 155, 시흥 플랑드르 5층 503호 (능곡동)","모다365약국","031-8042-3658","1800","0900","1800","0900","1800","0900","1800","0900","1800","0900","1300","0900","C2110070","151","21","7015","37.3710521503438","126.807314112056"
"광주광역시 서구 상무자유로 179, 프레지아빌딩 1층 105호 (치평동)","모더나약국","062-382-0508","1800","0900","1800","0900","1800","0900","1800","0900","1800","0900","1200","0900","C1501422","619","48","7016","35.1520073281462","126.853875251059"
"인천광역시 강화군 강화읍 중앙로 18","월 수 금 토 오후 12시~5시","강화 풍물시장 근처","모던 한방약국","032-934-7510","1700","1200","1700","1200","1700","1200","1700","1200","C1401492","230","37","7017","37.7415467973","126.4910330963"
"대전광역시 서구 대덕대로 227, B2-01호 (둔산동)","모두라온약국","070-8027-2363","1930","0915","1930","0915","1930","0915","1930","0915","1930","0915","1630","0900","C1601461","352","29","7018","36.35313462187","127.378919631655"
"경기도 용인시 기흥구 중부대로 375, 1층 롯데캐슬스카이몰 8호 (신갈동, 기흥역롯데캐슬스카이)","모두사랑약국","031-693-6696","1800","0900","1800","0900","1800","0900","1800","0900","1800","0900","C2108939","170","64","7019","37.2719908869697","127.10785938159"
"서울특별시 강남구 테헤란로 지하 156, B2층 219호 (역삼동)","역삼역 지하철 내부 지하 2층(3, 4번 출구 쪽)","모두약국","02-508-0429","2300","0700","2300","0700","2300","0700","2300","0730","2300","0730","2300","0900","2300","0900","C1109422","062","36","7020","37.500450734049736","127.03576480713922"
"서울특별시 관악구 남부순환로 1869, 1층 (봉천동)","모두온누리약국","02-875-5955","1930","0830","1930","0830","1930","0830","1930","0830","1930","0830","1430","0830","C1108082","087","39","7021","37.47968704637005","126.95752938691861"
"경기도 고양시 일산서구 일산로 576, 106호 (일산동, 대성프라자)","모두의약국","070-7579-5085","1900","0900","1900","0900","1300","0900","1900","0900","1900","0900","1500","0900","C2107247","103","74","7022","37.6794972978","126.7644847738"
"부산광역시 기장군 기장읍 읍내로 108-1, 파크빌딩 101호","버스정류장 : 기장시장","모두의약국","051-724-8272","1830","0900","1830","0900","1830","0900","1830","0900","1830","0900","1330","0830","C1202499","460","66","7023","35.24487492740082","129.21618661240598"
"서울특별시 중구 서소문로 116, 유원빌딩 지하1층 B102호 (서소문동)","모드니온누리약국","02-752-9202","1900","0800","1900","0800","1900","0800","1900","0800","1900","0800","C1110694","045","13","7024","37.5627316675026","126.974007434429"
"부산광역시 사상구 사상로 481, 1층 (모라동)","공휴일 운영시간 가변적ㅡ&amp; gt; 전화 후 방문 요망","사상농협모라지점 맞은편","모라명성약국","051-302-4985","2000","0900","2000","0900","2000","0900","2000","0900","2000","0900","2000","0900","2000","0900","C1200389","469","21","7025","35.18750131035041","128.98739455879695"
"부산광역시 사상구 백양대로 886, (모라동)","신모라 사거리","모라열린약국","051-311-3322","2000","0900","2000","0900","2000","0900","2000","0900","2000","0900","1300","0900","1300","0900","C1201167","469","31","7026","35.185554122903056","128.9916061946502"
"경기도 성남시 중원구 성남대로 1129, 4층 403,404호(성남동,하나빌딩)","모란시장 공영주차장 입구쪽 롯데슈퍼 4층","모란수약국","031-721-8404","1900","0830","1900","0830","1900","0830","1300","0830","1900","0830","1430","0830","C2103569","133","76","7027","37.43051556485812","127.12891362759026"
"경기도 성남시 중원구 둔촌대로 84, 1층 111호 (성남동)","모란시민약국","031-757-5897","2010","0830","2010","0830","2010","0830","2010","0830","2010","0830","1600","0830","C2108328","133","83","7028","37.4297248673021","127.128476586004"
"경기도 성남시 중원구 성남대로 1132, 모란역 센트럴스퀘어 1층 101,109호 (성남동)","모란온누리약국","031-755-3331","2100","0900","2100","0900","2100","0900","2100","0900","2100","0900","2100","0900","C2108520","133","65","7029","37.4309456357784","127.129812919052"
"경기도 성남시 중원구 성남대로 1149, 1층(성남동)","모란중앙약국","031-757-3188","2200","0900","2200","0900","2200","0900","2200","0900","2200","0900","2000","0900","C2101667","133","76","7030","37.43237822004408","127.12867954766511"
"경기도 성남시 중원구 광명로 5, 성남동메디칼센타 1층 104호 (성남동)","모란팜약국","031-721-2018","1930","0900","1930","0900","1930","0900","1930","0900","1930","0900","1500","0900","C2106429","133","55","7031","37.4331663960519","127.12970681593231"
"전북특별자치도 전주시 덕진구 안덕원로 159 (인후동2가)","모래내시장 입구 옆","모래내녹십자약국","063-255-4004","1900","0900","1900","0900","1900","0900","1900","0900","1900","0900","1500","0900","C2500716","549","26","7032","35.833565071017254","127.14530154418753"
"서울특별시 서대문구 수색로 38, 1층 (남가좌동)","가좌역 4번 출구 모래내시장 입구","모래내백화점약국","02-305-0264","2000","0900","2000","0900","2000","0900","2000","0900","2000","0900","1800","0900","C1101825","037","12","7033","37.56980670565034","126.91443867543812"
"인천광역시 남동구 구월로 268, 대성빌딩 104호 (구월동)","일요일 사전 문의해주세요.","모래내시장역미래약국","032-467-7730","2000","0840","2000","0840","2000","0840","2000","0840","2000","0840","1500","0840","1400","1100","C1401833","215","34","7034","37.4556110532236","126.720296676055"
"인천광역시 남동구 호구포로 794-1, 1층 (구월동)","일요일, 공휴일 운영 유동적","모래내시장 롯데캐슬 맞은편 버스정류장 뒤","모래내시장온누리약국","032-471-0047","2100","0830","2100","0830","2100","0830","2100","0830","2100","0830","2100","0830","1900","0900","1900","0900","C1400571","215","34","7035","37.453231109597986","126.71930590764694"
"인천광역시 남동구 구월남로 280 (구월동, 알파프라자 105호)","모래내약국","032-467-2405","2130","0900","2130","0900","2130","0900","2130","0900","2130","0900","2130","0900","2130","1200","2030","0900","C1400026","215","36","7036","37.452004112322335","126.72087049397413"
"서울특별시 서대문구 수색로 34, 1층 (남가좌동)","모래내약국","02-307-1688","2000","0900","2000","0900","2000","0900","2000","0900","2000","0900","1900","0900","1900","1000","C1107920","037","12","7037","37.5695908292518","126.914940261811"
"인천광역시 남동구 구월남로 283, 106호 (구월동)","모래내참사랑약국","032-461-4482","2100","0900","2100","0900","2100","0900","2100","0900","2100","0900","2100","0900","2000","1000","2000","1000","C1401525","215","34","7038","37.45228035779888","126.72112675966195"
"전북특별자치도 전주시 덕진구 안덕원로 156, (인후동2가)","모래내시장앞쪽버스정류장근처 ,이남심내과 맞은편","모래내태평양약국","063-274-1188","1900","0830","1900","0830","1900","0830","1900","0830","1900","0830","1500","0830","C2500667","550","01","7039","35.83304107436421","127.14558725751053"
"서울특별시 서초구 반포대로 287, 138호 (반포동)","일요일 운영시간 10:30~15:30 격주로 운영","모림약국","02-595-3583","2000","0900","1900","0900","2000","0900","2000","0900","2000","0900","1500","0900","1530","1030","C1107186","065","47","7040","37.50456247997287","127.00063051300447"
"경기도 부천시 원미구 길주로 276, 무광오피스빌딩 102호 (중동)","모모약국","032-323-1225","2100","1000","2100","1000","2100","1000","2100","1000","2100","1000","1700","0900","1700","1000","C2109920","145","48","7041","37.5029580733055","126.772850689993"
"서울특별시 서초구 강남대로 373, 1층 (서초동)","모모온누리약국","02-523-8235","2030","0900","2030","0900","2030","0900","2030","0900","2030","0900","1600","0900","C1110404","066","21","7042","37.49596127338113","127.02816628019512"
"충청북도 청주시 청원구 직지대로 848","흥덕대교쪽북부시장입구.충북피부과의원옆.","모범약국","043-259-5944","1800","0830","1800","0830","1800","0830","1800","0830","1800","0830","1230","0830","C2300606","285","39","7043","36.64891926769171","127.48507961731296"
"충청남도 아산시 둔포면 둔포면로 1-1 (둔포면)","세븐일레븐 앞","모범약국","041-531-2200","2100","0800","2100","0800","2100","0800","2100","0800","2100","0800","2100","0800","2100","0800","2100","0800","C2400202","314","03","7044","36.927250000000001","127.036208333333335"
"경기도 하남시 신평로 55 (신장동)","모범약국","031-794-8484","2200","0900","2200","0900","2200","0900","2200","0900","2200","0900","C2101771","129","68","7045","37.53874366133993","127.20483871680616"
"경기도 오산시 성호대로 121, 305호 (오산동, 월드타워)","모범약국","031-373-7963","2100","0900","2100","0900","2100","0900","2100","0900","2100","0900","1800","0900","C2101720","181","33","7046","37.149008333333335","127.074863888888885"
"경기도 용인시 수지구 수지로 203, E 마트 지하1층 (신봉동)","모범약국","031-263-7128","2400","1000","2400","1000","2400","1000","2400","1000","2400","1000","2400","1000","C2104055","168","45","7047","37.319740340040326","127.0833280873696"
"경기도 양주시 평화로 1420 (덕계동)","모범약국","031-866-8942","1930","0900","1930","0900","1930","0900","1930","0900","1930","0900","1500","0900","C2102548","114","44","7048","37.81767779170929","127.04628990742044"
"경기도 가평군 상면 청군로 696","모범약국","031-585-9630","2100","0900","2100","0900","2100","0900","2100","0900","2100","0900","2100","0900","1900","0900","2100","0900","C2102576","124","47","7049","37.77395642984992","127.37210009135177"
"경기도 과천시 별양상가1로 30 (별양동, 골든타워 401호 일부)","모범약국","02-502-4608","2100","0900","2100","0900","2100","0900","2100","0900","2100","0900","1800","0900","1800","0900","1800","0900","C2102007","138","37","7050","37.42828177900378","126.99332504399112"
"경기도 파주시 황골로 93, 1층 (금촌동)","모범약국","031-944-7582","2030","0900","2030","0900","2030","0900","2030","0900","2030","0900","C2108898","109","23","7051","37.7555931846868","126.779274395995"
"경기도 수원시 팔달구 덕영대로895번길 37 (매산로1가)","모범약국","031-256-2892","2200","1000","2200","1000","2200","1000","2200","1000","2200","1000","C2101024","164","55","7052","37.27001077010221","127.00090197785552"
"울산광역시 남구 수암로115번길 5 (신정동)","수암시장 맞편 미소지움 아파트 쪽으로 20미터","모범약국","052-272-8359","1900","0900","1900","0900","1900","0900","1900","0900","1900","0900","1300","0900","C1700085","447","39","7053","35.5289383251419","129.32029561196842"
"서울특별시 서대문구 증가로 129, (남가좌동)","일요일 방문 전 전화확인 필요","명지대 사거리 우리은행 옆 백련시장 입구","모범약국","02-372-9139","2100","0830","2100","0830","2100","0830","2100","0830","2100","0830","2100","0830","2100","1010","2130","1500","C1101827","036","92","7054","37.57727527065992","126.92328003741756"
"충청남도 천안시 동남구 봉정로 4","순천향병원 앞, 고가아래","모범약국","041-572-4829","2100","0900","2100","0900","2100","0900","2100","0900","2100","0900","2000","0900","C2400489","311","53","7055","36.80266072477294","127.1395194787203"
"경기도 수원시 권선구 서수원로 519, 106호 (금곡동)","모범약국","031-278-0523","2100","0900","2100","0900","2100","0900","2100","0900","2100","0900","1400","0900","C2106967","163","93","7056","37.27244387556732","126.95949176905724"
"경상남도 거제시 옥포대첩로 33","국민은행옥포지점 옆","모범약국","055-687-2431","1900","0900","1900","0900","1900","0900","1900","0900","1900","0900","1230","0900","C2800635","532","22","7057","34.89387830571467","128.69122948404186"
"강원특별자치도 영월군 영월읍 중앙1로 23","모범약국","033-374-2370","1800","0850","1800","0850","1800","0850","1800","0850","1800","0850","1200","0850","C2200196","262","35","7058","37.18337649345811","128.46566669892417"
"전라남도 순천시 삼산로 103-11, 1층 (용당동)","용당동빅스토아앞","모범약국","061-752-2267","1900","0830","1900","0830","1900","0830","1900","0830","1900","0830","1300","0830","C2600008","579","36","7059","34.97389300799959","127.49379951351666"
"인천광역시 계양구 효서로 142 (효성동)","효성동 신사거리 우체국옆","모범약국","032-544-3618","2200","0900","2200","0900","2200","0900","2200","0900","2200","0900","2200","0900","2200","0900","C1400127","211","12","7060","37.52773391041257","126.71156830321691"
"인천광역시 남동구 인주대로 660","길병원사거리팬더아파트입구오른쪽","모범약국","032-463-4569","2200","0900","2200","0900","2200","0900","2200","0900","2200","0900","2200","0900","C1400429","215","78","7061","37.44926136617605","126.71040227521524"
"강원특별자치도 원주시 남산로 224","공휴일 유동 영업 전화 후 방문","역전에서 법원 올라가는 삼거리","모범약국","033-742-2067","1930","0900","1930","0900","1930","0900","1930","0900","1930","0900","1800","0900","C2200026","264","16","7062","37.35554363902494","127.94314890580378"
"부산광역시 북구 백양대로 1199-4","일정없으면 매주 일요일 운영함. 10월3일09개문","1,3호선 지하철 덕천역 1번출구 출입구 부근","모범약국","051-332-0440","2120","0900","2130","0900","2120","0900","2120","0900","2120","0900","2110","0900","2100","0900","2100","0900","C1200350","465","81","7063","35.209513007683924","129.00523078594478"
"부산광역시 금정구 부곡로 98(부곡동)","버스정류장: 부곡시장 입구","모범약국","051-583-7501","1930","0900","1930","0900","1930","0900","1930","0900","1930","0900","1800","0900","C1200794","463","05","7064","35.22474710053536","129.09169555006065"
"부산광역시 연제구 연수로 223 (연산동)","배산역 4번 출구","모범약국","051-852-9026","2000","0900","2000","0900","2000","0900","2000","0900","2000","0900","1500","0900","C1201073","611","836","7065","35.173713455024476","129.09523900501154"
"충청북도 제천시 독순로 74, (중앙로2가)","시민회관앞","모범약국","043-643-3602","1900","0830","1900","0830","1900","0830","1900","0830","1900","0830","1300","0830","C2300019","271","73","7066","37.13870208609374","128.21122044030417"
"경기도 여주시 세종로 221, 1층 (교동)","모범약국","031-886-3308","1800","0900","1800","0900","1800","0900","1900","0900","1800","0900","1800","0900","C2100905","126","51","7067","37.282637733828054","127.61317037142058"
"경기도 안양시 동안구 시민대로 190, 힐스테이트 범계역 모비우스 134호 (호계동)","모비우스햇살약국","031-360-3302","2100","0800","2100","0800","2100","0900","2100","0800","2100","0800","1500","0800","C2108959","140","72","7068","37.3909123418951","126.951575607742"
"경기도 평택시 지제동삭2로 181-24, 1층 107호 (동삭동)","모산골약국","031-651-5029","1800","0900","1800","0900","1800","0900","1800","0900","1800","0900","1300","0900","C2109382","180","29","7069","37.0168928217201","127.093826986464"
"충청남도 아산시 배방읍 모산로 185","배방농협 하나로마트 맞은편","모산종로약국","041-549-4132","2200","0800","2200","0800","2200","0800","2200","0800","2200","0800","2200","0800","2200","0800","C2400204","314","82","7070","36.775602777777777","127.063044444444444"
"충청남도 아산시 배방읍 모산로149번길 6 (배방읍)","개인사정으로 변경될 수 있습니다.","배방파출소 옆","배방 지구대 옆","모산종합약국","041-533-3534","2120","0800","2120","0800","2120","0800","2120","0800","2120","0800","2120","0800","C2400402","314","82","7071","36.775411111111111","127.058986111111111"
"서울특별시 구로구 새말로 97, 신도림테크노마트 지하1층 BS026호 (구로동)","공휴일 운영 여부 확인 후 방문 부탁드립니다.","모스팜약국","02-2111-1222","2100","1000","2100","1000","2100","1000","2100","1000","2100","1000","2100","1000","2100","1200","2000","1200","C1102854","082","88","7072","37.50704831479503","126.89077627534427"
"제주특별자치도 서귀포시 대정읍 신영로 75, 103호","모슬포약국","064-792-8975","1800","0830","1800","0830","1230","0830","1800","0830","1800","0830","1230","0830","C2900553","635","07","7073"
"경기도 수원시 영통구 삼성로 34, 102호 (신동)","모아그랜드약국","031-203-2302","1800","0900","1800","0900","1800","0900","1800","0900","1800","0900","1300","0900","C2109546","166","81","7074","37.2475828064237","127.049176958347"
"광주광역시 북구 서양로 46, 모아타운 1층 1호 (중흥동)","일요일, 공휴일 전화 연락 후 방문","모아당약국","062-527-6345","2030","0830","2030","0830","2030","0830","2030","0830","2030","0830","2030","0830","2030","1400","2030","1400","C1501442","612","19","7075","35.1701660251934","126.906123344883"
"경기도 안산시 단원구 고잔1길 17, 대유빌딩 301호 (고잔동)","모아수약국","031-411-1890","1900","0900","1900","0900","1900","0900","1900","0900","1900","0900","1400","0900","C2100092","153","60","7076","37.31864632502567","126.83560263224095"
"서울특별시 서초구 성촌길 34, 지하1층 (우면동, (주)삼성전자서울R&D캠퍼스)","모아약국","02-576-0212","1830","0830","1830","0830","1830","0830","1830","0830","1830","0830","C1107691","067","65","7077","37.466215311084994","127.02434288642395"
"서울특별시 강동구 천호대로 1033, 강동빌딩 2층 (천호동)","모아약국","02-2135-3822","1930","0900","1930","0900","1930","0900","1930","0900","1930","0900","1630","0900","C1109682","053","35","7078","37.5378425344131","127.12702416832808"
"서울특별시 성북구 화랑로11길 23, 1층 (하월곡동)","평일 점심 : 13:00~14:00 휴게시간 월, 수, 금 휴게시간: 20:30~22:00 공공야간약국 운영일이면서 공휴일인 경우: 22:00~익일01시만 운영","공공야간약국 지정약국으로 매주 월, 수. 금 22시-익일01시 약국운영","모아약국","02-942-4534","2500","1000","2200","1000","2500","1000","2200","1000","2500","1000","2200","1000","C1108856","027","51","7079","37.603417112749426","127.04168018557212"
"경기도 구리시 동구릉로 63 (인창동)","모아약국","031-565-5975","1800","0900","1800","0900","1800","0900","1800","0900","1800","0900","C2108602","119","19","7080","37.6057131927572","127.133952008542"
"광주광역시 동구 남문로 667, 1층 (학동)","모아약국","062-232-0520","1900","0830","1900","0830","1900","0830","1900","0830","1900","0830","1330","0830","C1501322","614","64","7081","35.1302710081206","126.929241944215"
"경상북도 포항시 북구 학전로111번길 43 (두호동)","모아약국","0542553784","1900","0900","1900","0900","1900","0900","1900","0900","1900","0900","1300","0900","C2700305","376","24","7082","36.0631176946543","129.371538069875"
"전라남도 순천시 해룡면 순광로 224","모아약국","061-727-0045","1730","0830","1730","0830","1730","0830","1730","0830","1730","0830","C2601245","579","72","7083","34.9631432716372","127.543031428443"
"경상북도 경산시 압량읍 압독3로 15, 1층","모아약국","053-710-0205","C2701652","385","36","7084","35.8411522067437","128.764101291917"
"서울특별시 구로구 오리로 1165, 상가동 B213호 (오류동)","모아약국","0507-1355-8498","2000","0900","1900","0900","1900","0900","2000","0900","1900","0900","1400","0900","C1110837","083","63","7085","37.487534583609","126.837554817274"
"대구광역시 수성구 지범로 181, 에이-1,2호(지산동)","4주","지산동동아백화점사거리","모아약국","053-782-8575","2000","0900","2000","0900","2000","0900","2000","0900","2000","0900","1300","0900","C1300708","421","97","7086","35.821640386924585","128.63931151752186"
"대구광역시 달서구 도원로 36, 스포렉스 203호 (도원동)","모아약국","053-641-0090","1830","0830","1830","0830","1830","0830","1830","0830","1830","0830","1400","0830","C1301572","428","31","7087","35.80649757594631","128.53524937887292"
"경기도 안산시 단원구 원초로 30, 3층 302호 (원곡동, 보성프라자)","법정공휴일 휴무(전화 후 방문), 임시공휴일 정상운영","모아약국","031-480-1276","1500","0900","2100","0900","2100","0900","1930","0900","2100","0900","1500","0900","1800","0900","1800","0900","C2100833","153","82","7088","37.328361653367885","126.80176807943211"
"경기도 여주시 가남읍 태평로 53","모아약국","031-881-4455","1800","0900","1800","0900","1800","0900","1230","0900","1800","0900","C2106406","126","62","7089","37.2046919008","127.5436075804"
"충청북도 청주시 서원구 복대로17번길 57","일요일 전화후방문","모아약국","043-233-7733","2000","0900","2000","0900","2000","0900","2000","0900","2000","0900","1430","0830","1300","0900","1300","0900","C2300007","286","12","7090","36.61686451642219","127.44516601655111"
"서울특별시 양천구 남부순환로59길 9, (신월동)","모아약국","02-2603-0948","1930","0900","1930","0900","1930","0900","1930","0900","1930","0900","1800","0900","C1104537","079","20","7091","37.532309185867966","126.83229503087033"
"전북특별자치도 익산시 고현로 118 (모현동1가)","익산시 모현동 농협 바로 앞","모인약국","063-858-3888","1830","0900","1830","0900","1230","0900","1830","0900","1830","0900","1230","0900","C2500084","546","61","7092","35.94747284548546","126.94426352223502"
"부산광역시 수영구 수영로 557","자모병원 옆","모자약국","051-751-0035","1800","0900","1800","0900","1800","0900","1800","0900","1800","0900","1630","0900","C1200625","482","61","7093","35.15548279637399","129.11239356470213"
"대구광역시 남구 대명로 228 (대명동)","모자약국","053-656-1593","1900","0900","1900","0900","1900","0900","1900","0900","1900","0900","1300","0900","C1300652","424","50","7094","35.84077061206386","128.58199581580055"
"경상남도 창원시 성산구 마디미서로 56 (상남동)","모자약국","055-282-2060","2030","0900","2030","0900","2030","0900","2030","0900","2030","0900","1630","0900","C2800954","515","03","7095","35.22063407465108","128.68069928989092"
"충청남도 논산시 강경읍 옥녀봉로27번길 10-5","고려가정의학과 옆","모자약국","041-745-5391","1730","0810","1730","0810","1730","0810","1730","0810","1730","0810","1200","0900","C2400244","329","37","7096","36.161481877478415","127.0167022631164"
"충청북도 충주시 중앙탑면 중앙탑길 145","모자연약국","043-848-1100","1800","0930","1800","0930","1800","0930","1800","0930","1800","0930","1800","0930","C2300555","274","47","7097","36.971637358310694","127.93089238362505"
"경상북도 문경시 매봉6길 3(모전동)","모전약국","0545528532","1800","0900","1800","0900","1800","0900","1800","0900","1800","0900","1200","0900","C2701680","369","78","7098","36.5860508403714","128.181560338934"
"대구광역시 중구 국채보상로143길 3, (동인동4가)","중구청맞은편부강병원1층","모정약국","053-422-4993","1800","0830","1800","0830","1800","0830","1800","0830","1800","0830","1300","0830","C1300599","419","08","7099","35.868445264713216","128.60888181527125"
"서울특별시 강동구 고덕로 390, 고덕아르테온아파트(상가1동) 2층 204호 (상일동)","모주현약국","070-7808-3323","1830","0830","1830","0830","1830","0830","1830","0830","1830","0830","1300","0830","C1108803","052","74","7100","37.55661668866008","127.16871009910734"
"전북특별자치도 익산시 선화로 77, 113,114호 (모현동1가)","모현센트럴약국","063-917-1134","2000","0900","1900","0900","1900","0900","1900","0900","2000","0900","1400","0900","C2501531","546","54","7101"
"전북특별자치도 익산시 선화로1길 20, 1층 (모현동1가)","모현우리약국","063-854-6604","1830","0830","1830","0830","1830","0830","1830","0830","1830","0830","1300","0830","C2501114","546","54","7102","35.951221376565115","126.93839891180326"
"전북특별자치도 익산시 고현로 98-7 (모현동1가)","모현웃음약국","063-842-8202","1800","0830","1800","0830","1800","0830","1800","0830","1800","0830","1200","0800","C2501314","546","61","7103","35.94586707654379","126.94386051822542"
"전북특별자치도 익산시 고현로 108 (모현동1가)","명절연휴기간 휴무","전북은행앞","모현종로약국","063-842-7585","2100","0900","2100","0900","2100","0900","2100","0900","2100","0900","2100","0900","2100","1230","2100","1230","C2500785","546","61","7104","35.94654980675403","126.94390065225502"
"경기도 용인시 처인구 모현면 백옥대로 2390,","모현중앙약국","031-332-9968","2000","0900","2000","0900","2000","0900","2000","0900","2000","0900","1800","0900","1300","0900","C2100917","449","854","7105","37.336866989933085","127.24982869440457"
"전북특별자치도 익산시 선화로 65, 1층 (모현동1가)","모현큰약국","063-852-3337","1900","0800","1900","0800","1900","0800","1900","0800","1900","0800","1900","0800","C2501188","546","54","7106","35.950147084013906","126.9383731442483"
"전북특별자치도 익산시 선화로1길 4","모현도서관 맞은편에 위치","모현프라자약국","063-835-8275","1200","0900","1200","0900","1200","0900","1200","0900","1200","0900","C2500701","546","54","7107","35.95025633411551","126.93803236012279"
"경기도 시흥시 동서로 1106 (목감동)","목감센타약국","031-485-6955","2100","0900","2100","0900","2100","0900","2100","0900","2100","0900","2100","0900","C2101377","149","84","7108","37.38736697926469","126.86131195915955"
"경기도 시흥시 목감남서로 9-19, 102호 (조남동)","목감온누리약국","031-411-3181","1900","0900","1900","0900","1900","0900","1900","0900","1900","0900","1400","0900","1300","0900","C2107332","149","88","7109","37.3777690983","126.8526940553"
"서울특별시 양천구 목동로 203, 404호 (신정동)","목동4층약국","02-2065-6775","1900","0800","2000","0800","1900","0800","2000","0800","1900","0800","1500","0800","C1110083","079","38","7110","37.52670276105255","126.86385383161048"
"서울특별시 양천구 목동로27길 6, 1층 (신정동)","목동역 홍익병원 신관 뒤","목동건강약국","02-2692-8880","1830","0900","1800","0900","1800","0900","1800","0900","1800","0900","1400","0900","2000","0900","C1101514","079","37","7111","37.52863249213715","126.8632790039958"
"서울특별시 양천구 목동서로 63, 목동일번가빌딩 1층 110,115호 (목동)","목동그린약국","02-2642-1119","1900","0930","1900","0930","1900","0930","1900","0930","1900","0930","1400","0930","C1110810","079","83","7112","37.5362743708291","126.879183438673"
"서울특별시 강서구 곰달래로 272, 1층 103호 (화곡동)","공휴일 영업시간은 일정에 따라 변동 가능","목동메디약국","02-2062-0091","2000","0900","2000","0900","2000","0900","2000","0900","2000","0900","1600","0900","1600","0900","1800","1200","C1109123","077","86","7113","37.532227395861185","126.86320173069359"
"서울특별시 양천구 목동동로 430 (목동)","목동이대병원 바로 옆 6단지상가 109-1,2","목동벧엘약국","02-2643-7676","1900","0900","1900","0900","1900","0900","1900","0900","1900","0900","1400","1000","C1101516","079","86","7114","37.53672633639511","126.88498240895781"
"서울특별시 양천구 목동동로12길 45","오목교역 6번 출구 삼익아파트 상가 8-3,4호","목동세계로약국","02-2644-4680","2100","0900","2100","0900","2100","0900","2100","0900","2100","0900","2100","0900","2100","0900","C1104514","158","051","7115","37.522504971723976","126.87697247409302"
"서울특별시 양천구 목동중앙북로 27","목3동 등촌시장 내","목동세명약국","02-2645-7525","2100","0900","2100","0900","2100","0900","2100","0900","2100","0900","2100","0900","2000","1100","C1101519","079","46","7116","37.548273453200906","126.86649089993752"
"서울특별시 양천구 신월로 170, 1층 (신월동)","목동센트럴약국","02-6448-1303","2000","0900","2000","0900","2000","0900","2000","0900","1900","0900","1500","0900","C1108679","080","64","7117","37.51819316381255","126.8424110034613"
"부산광역시 수영구 수영성로 33-1","공휴일 운영시간 가변적으로 전화 후 방문 요망","버스정류장: 수영동사무소 맞은편","목동약국","051-759-2146","1900","0900","1900","0900","1900","0900","1900","0900","1900","0900","1800","0900","1800","1000","C1201374","482","28","7118","35.17023439666014","129.11622528023113"
"서울특별시 양천구 오목로 232, 112호 (신정동, 보성상가)","보성상가 112호","목동약국","02-2697-0543","1900","0900","1900","0900","1900","0900","1900","0900","1900","0900","1500","0900","C1102624","080","22","7119","37.52577389467194","126.86313149770328"
"서울특별시 양천구 목동동로 435, 1층 105호 (목동)","화성프라자 1층 105호","목동정문약국","02-2061-0214","1830","0800","1830","0800","1830","0800","1830","0800","1830","0800","1330","0830","C1101521","079","84","7120","37.53738181014974","126.8849785735506"
"서울특별시 양천구 오목로 224, 1층 (신정동)","목동제일큰약국","02-2608-8922","2400","0800","2400","0800","2400","0800","2400","0800","2400","0800","2400","0800","2400","0800","2400","0800","C1110302","080","22","7121","37.52564692663902","126.86241902175223"
"서울특별시 양천구 목동로 210","목동타운빌딩 105호","목동즐거운약국","02-2644-3903","2000","0830","2000","0830","2000","0830","2000","0830","2000","0830","1500","0930","C1101542","079","93","7122","37.52725527393584","126.86441848082573"
"서울특별시 양천구 목동서로 155, 목동파라곤 지하1층 7호 (목동)","매월 5주째 토요일 휴무입니다.","목동파라곤약국","02-2648-6584","1830","0900","1830","0900","1700","0900","1830","0900","1830","0900","1300","1000","C1108887","079","97","7123","37.529458720777505","126.87508302936129"
"서울특별시 양천구 목동남로4길 2, 118~123호 (신정동)","갈산우성아파트입구1층18~23호","목동한미약국","02-2649-8367","2100","0800","2100","0800","2100","0800","2100","0800","2100","0800","2000","0800","1800","0900","C1103233","081","04","7124","37.508365797111566","126.8644583076187"
"대전광역시 중구 동서대로 1403, (목동)","목동사거리목동우체국50m위","목동한솔약국","042-222-6007","1830","0830","1830","0830","1830","0830","1830","0830","1830","0830","1600","0830","C1600620","348","15","7125","36.333963888888889","127.412213888888886"
"서울특별시 양천구 목동동로 309, 행복한세상 킴스클럽 지하1층 (목동)","매월 2,4번째 일요일 휴무","행복한백화점 지하1층 킴스클럽 내 식당코너쪽에 위치","행복한백화점 지하1층 킴스클럽 내 식당코너쪽에 위치","목동행복한약국","02-6952-5777","2130","1000","2130","1000","2130","1000","2130","1000","2130","1000","2130","1000","2130","1000","2130","1000","C1108042","079","97","7126","37.529096915347026","126.87588688032824"
"경기도 부천시 신상로 54, 101호 (상동, 목련마을 상가동)","목련약국","032-327-1972","2000","0900","2000","0900","2000","0900","2000","0900","2000","0900","1900","0900","C2107106","145","95","7127","37.493898144307636","126.7476906563597"
"전라남도 나주시 나주로 204 (성북동)","* 공공심야약국(반딧불약국)","국민은행나주지점옆한국병원입구","목사골한국약국","061-337-9449","2400","0900","2400","0900","2400","0900","2400","0900","2400","0900","2400","0900","2400","0900","2400","0900","C2600583","582","55","7128","35.034636260077285","126.72186902166635"
"대전광역시 중구 목동로 37, 107호 (목동, 목양마을아파트상가)","목양약국","042-223-1487","2030","0830","2030","0830","2030","0830","2030","0830","2030","0830","1800","0830","C1600042","348","18","7129","36.334056349786735","127.4071500968189"
"충청남도 천안시 동남구 목천읍 충절로 921","신도브래뉴 아파트 근처","목천약국","041-554-1275","1830","0900","1830","0900","1830","0900","1830","0900","1830","0900","1330","0900","C2400122","312","33","7130","36.7751425224802","127.21220362208066"
"충청남도 천안시 동남구 목천읍 충절로 881","새마을금고 옆","목천종로약국","041-523-9414","2200","0900","2200","0900","2230","0900","2200","0900","2200","0900","2000","0900","2100","0900","2100","0930","C2400380","312","33","7131","36.77283867395796","127.20844717416743"
"전라남도 목포시 해안로229번길 2-1","별미식당 근처","목포광주약국","061-243-1101","1800","0730","1800","0730","1800","0730","1800","0730","1800","0730","1800","0730","1200","0800","1700","0800","C2600216","587","53","7132","34.78578794399726","126.38681307992604"
"전라남도 목포시 양을로 151, 1층 (산정동)","목포산정약국","061-277-1396","1800","0800","1800","0800","1800","0800","1800","0800","1800","0800","1300","0800","C2601310","586","34","7133","34.8100085122416","126.386882750093"
"전라남도 해남군 화원면 금평길 3, 목포약국","하나로마트 옆.","목포약국","061-532-0138","1900","0740","1900","0740","1900","0740","1900","0740","1900","0740","1400","0740","C2600440","590","02","7134","34.668397222222225","126.328588888888888"
"전라남도 목포시 선곡로 33 (석현동)","365일","목포 석현동 하나로마트 내에 위치 365 영업","목포하나로약국","061-281-1895","2200","0900","2200","0900","2200","0900","2200","0900","2200","0900","2200","0900","2200","0900","2200","0900","G2600014","586","69","7135","34.819154306563","126.42956259765482"
"전라남도 목포시 신흥로 8 (상동)","매월 마지막 주 토요일 09:00~13:00 점심시간 : X 접수마감시간 : X","*하당우성아파트 앞(정문부근)","목포하당종로약국","061-283-8275","2200","0900","2200","0900","2200","0900","2200","0900","2200","0900","2000","0900","C2600665","586","91","7136","34.80117685368742","126.42191901648569"
"충청북도 충주시 행정13길 5","목행동 시외버스터미널 옆","목행약국","043-853-2321","2000","0830","2000","0830","2000","0830","2000","0830","2000","0830","1700","0830","1700","0900","C2300569","274","36","7137","37.01453576162406","127.91725250485557"
"서울특별시 중구 만리재로 175, 402동 1층 402-1-다호 (만리동2가)","목화약국","02-393-9117","2000","0900","2000","0900","1930","0900","2000","0900","2000","0900","1400","0900","C1109571","045","00","7138","37.55194699849958","126.96259229652574"
"서울특별시 강서구 등촌로5길 5, (화곡동)","목화약국","02-2646-1412","2000","0830","2000","0830","2000","0830","2000","0830","2000","0830","1700","0830","C1103093","077","41","7139","37.5332543461781","126.863270906722"
"서울특별시 강남구 양재대로55길 11, 1층 (일원동)","일원1동 주민센터 앞","목화약국","02-2226-2268","1830","0900","1830","0900","1830","0900","1830","0900","1830","0900","1300","0900","C1101544","063","42","7140","37.491521675891185","127.08766563629015"
"대전광역시 서구 복수서로 50, 103호 (복수동, 삼익목화아파트)","목화약국","070-7554-4236","2200","0900","2200","0900","2200","0900","2200","0900","2200","0900","2200","0900","2200","1000","2200","0900","C1600901","354","04","7141","36.3076391192375","127.37537135817662"
"경기도 의정부시 청사로47번길 18, 로얄플라자빌딩 2층 207호 (금오동)","몸사랑한약국","031-851-8359","1800","0900","1800","0900","1800","0900","1800","0900","1800","0900","1300","0900","C2109370","117","57","7142","37.7525232384109","127.068657655952"
"부산광역시 남구 못골로 87, B동 1층 101호 (대연동)","못골약국","051-624-2922","1900","0900","1900","0900","1900","0900","1900","0900","1900","0900","1300","0900","C1202791","484","44","7143","35.1361145039001","129.092028877694"
"울산광역시 남구 북부순환도로 5, 1층 101호 (무거동)","무거우리들약국","052-273-3888","1800","0900","1800","0900","1800","0900","1800","0900","1800","0900","1200","0900","C1700664","446","32","7144","35.551020446927204","129.26455105387885"
"울산광역시 남구 대학로131번길 4, 울산대 유파티오 131 지하 1층 B106호 (무거동)","무거튼튼약국","052-225-1329","1900","0900","1900","0900","1900","0900","1900","0900","1900","0900","1300","0900","C1700720","446","07","7145","35.54677407950965","129.2613632351313"
"울산광역시 남구 신복로71번길 13 (무거동, 무거현대아파트)","무거현대아파트 상가라나동 202동","무거현대약국","052-247-5428","2100","0900","2100","0900","2100","0900","2100","0900","2100","0900","2100","0900","2100","0900","C1700172","446","09","7146","35.54887525490599","129.25501641285283"
"대구광역시 달성군 현풍읍 현풍로 48","무광온누리약국","053-614-6391","1900","0900","1900","0900","1900","0900","1900","0900","1900","0900","1600","0900","C1300238","430","03","7147","35.695570164692995","128.44478085949444"
"인천광역시 부평구 동수로 55 (부평동)","인천성모병원응급실건너편","무구팜코끼리약국","032-506-0983","1830","0830","1830","0830","1830","0830","1830","0830","1830","0830","1300","0830","C1400257","214","25","7148","37.485478460672255","126.72478440054883"
"대구광역시 달서구 월곡로 269, 1층 (상인동)","무궁화약국","053-636-7580","1800","0900","1800","0900","1800","0900","1800","0900","1800","0900","C1301892","427","85","7149","35.8181529632855","128.538091509731"
"부산광역시 북구 효열로 210","금곡동 무궁화마트 건물","무궁화약국","051-361-0773","2100","0900","2100","0900","2100","0900","2100","0900","2100","0900","2100","0900","2100","1000","2100","0900","C1200469","465","12","7150","35.26275270200202","129.01893457392754"
"서울특별시 노원구 한글비석로 77, 한성여객(주) (하계동)","무궁화약국","02-971-0072","2200","0900","2200","0900","2200","0900","2200","0900","2200","0900","2200","0900","2200","0900","2200","0900","C1107134","017","90","7151","37.6375614945414","127.070466464149"
"충청남도 서산시 운산면 장벌6로 32, 1층","운산시외버스터미널 차고앞","무궁화약국","041-668-2508","2000","0800","2000","0800","2000","0800","2000","0800","2000","0800","2000","0800","C2400156","319","45","7152","36.81114839118645","126.58490062688043"
"경상남도 창원시 의창구 북면 동곡로 17, 2층 204-1호 (북면)","무동튼튼약국","055-252-3571","1900","0900","1900","0900","1900","0900","1900","0900","1900","0900","1300","0900","C2801799","511","06","7153","35.31794528849533","128.5852948259689"
"광주광역시 남구 군분로 34","무등시장 명보석앞","무등미래약국","062-361-9635","1900","0900","1900","0900","1300","0900","1900","0900","1900","0900","C1500545","616","15","7154","35.136802110732084","126.89451596600303"
"광주광역시 동구 지원로 2 (소태동)","무등중 입구","무등산약국","062-226-3006","2100","0900","2100","0900","2100","0900","2100","0900","2100","0900","1700","0900","C1500554","615","02","7155","35.123747222222221","126.932683333333330"
"광주광역시 서구 상무대로 1062, (화정동)","화정동지하철사거리추선회관맞은편","무등산약국","062-351-8200","2200","0830","2200","0830","1800","0830","2200","0830","1800","0830","1800","0830","1800","0830","C1500367","619","80","7156","35.15198681612726","126.87813530014264"
"전라남도 무안군 무안읍 무안중앙로 4","농협 옆","무등약국","061-453-0520","1730","0900","1730","0900","1730","0900","1730","0900","1730","0900","1230","0900","C2600161","585","24","7157","34.988455536628265","126.47847803171531"
"광주광역시 광산구 월곡산정로 79 (월곡동)","월곡동금호아파트15동앞","무등약국","062-951-2388","2100","0800","2100","0800","2100","0800","2100","0800","2100","0800","2000","0800","2000","1000","2100","1000","C1500018","623","50","7158","35.16616783352429","126.81070609293854"
"전라남도 광양시 백운로 1109 (중동)","이삼룡 비뇨기관 2층","무등온누리약국","061-791-3143","1800","0900","1800","0900","1800","0900","1800","0900","1800","0900","1200","0900","C2600756","577","84","7159","34.93996083425862","127.68940465699288"
"울산광역시 북구 화봉로 75, (화봉동)","연암우체국맞은편","무룡메디칼약국","052-289-5344","2030","0900","2030","0900","2030","0900","2030","0900","2030","0900","2030","0900","2000","1030","2030","0900","C1700153","442","41","7160","35.588552777777778","129.367322222222214"
"서울특별시 중구 창경궁로1길 38, 무릉약국 (충무로4가)","충무로역 8번 출구/진양상가주상복합 앞쪽","무릉약국","02-2268-9443","2100","0900","2100","0900","2100","0900","2100","0900","2100","0900","1900","0900","C1101674","045","58","7161","37.56250129234754","126.99628473426672"
"서울특별시 금천구 시흥대로 406, (독산동)","성빌딩1층","무림약국","02-858-7138","1900","0830","1900","0830","1900","0830","1900","0830","1900","0830","1630","0900","C1101708","085","76","7162","37.469703825573916","126.89837066356831"
"대구광역시 북구 원대로 76","무림약국","053-359-0070","1900","0900","1900","0900","1900","0900","1900","0900","1900","0900","1600","0900","1600","0900","C1300814","415","96","7163","35.884220126510684","128.58198623803003"
"전라남도 여수시 무선중앙로 23, 1층 (화장동)","무선약국","061-683-7578","2000","0900","2000","0900","2000","0900","2000","0900","2000","0900","1500","0900","C2601118","596","39","7164","34.7750627555","127.6480065193"
"충청남도 아산시 외암로 1416 (읍내동)","주공아파트 입구","무성약국","041-532-9770","1900","0900","1900","0900","1830","0900","1900","0900","1900","0900","1900","0900","C2400270","315","62","7165","36.761890929593044","127.01543131041464"
"경상남도 양산시 물금읍 청운로 178, 아르누보시티","1/1 휴무","무성약국","055-383-3362","1900","0900","1900","0900","1900","0900","1900","0900","1900","0900","1400","0900","1400","0900","C2801844","506","53","7166","35.31625875458038","129.00278124749988"
"강원특별자치도 원주시 시청로 84, (무실동)","시청로 롯데리아 옆 파리바게트 옆","무실약국","033-747-7575","1900","0900","1900","0900","1900","0900","1900","0900","1900","0900","1400","0900","C2200133","263","88","7167","37.33641060965606","127.92798133732854"
"강원특별자치도 원주시 시청로 72, 무실동애드피아3 110,111호 (무실동)","토요일 휴무, 토요일이 공휴일과 겹치는 경우 휴무","무실하늘약국","033-744-4056","2130","0800","2130","0800","2130","0800","2130","0800","1830","0800","1900","0800","1900","0800","C2200986","263","88","7168","37.3372276734","127.9267365759"
"서울특별시 서대문구 연희로 407, 연희8빌딩 1층 (홍은동)","무악재역 3번 출구","무악메디칼약국","02-723-3017","1900","0900","1900","0900","1900","0900","1900","0900","1900","0900","1400","0900","C1101710","036","47","7169","37.59140614499667","126.94074790139277"
"경상남도 통영시 중앙로 326 (무전동)","무전약국","055-648-7462","1800","0830","1800","0830","1800","0830","1800","0830","1800","0830","1230","0830","C2801765","530","37","7170","34.85937522615417","128.4289921708382"
"서울특별시 강남구 일원로 45, 대훈빌딩 1층 (일원동)","대청역 4번 출구에서 423m","무지개삼성약국","02-2226-5467","1900","0900","1900","0900","1900","0900","1900","0900","1900","0900","1300","0900","C1109561","063","43","7171","37.489904628125","127.08151340546"
"서울특별시 양천구 등촌로 214, (목동)","등촌역 6번 출구에서 도보 50m","무지개약국","02-2643-5511","1900","0830","1900","0830","1900","0830","1900","0830","1900","0830","1300","1000","1900","0830","C1102746","079","50","7172","37.54863296298531","126.86374039845533"
"경기도 고양시 덕양구 호국로 787, 101호(주교동,원당메디칼프라자)","토요일, 공휴일 방문 전 전화확인 필요","무지개약국","031-963-3357","2000","0900","2000","0900","2000","0900","2000","0900","2000","0900","1700","0900","C2102425","104","61","7173","37.656585650370644","126.83590189196405"
"경기도 광주시 순암로36번길 130 (장지동)","무지개약국","031-769-7579","1900","0900","1900","0900","1900","0900","1900","0900","1900","0900","C2107596","127","77","7174","37.3966868684","127.2451076915"
"경기도 성남시 분당구 탄천상로151번길 20, 지1층 C-1호 (구미동, 월드쇼핑)","무지개약국","031-715-8550","2200","1000","2200","1000","2200","1000","2200","1000","2200","1000","2200","1000","2200","1000","2200","1000","C2107166","136","36","7175","37.3400454823719","127.10697168213753"
"서울특별시 강동구 진황도로61길 42, 104호 (둔촌동, 둔촌동주상복합)","무지개약국","02-483-4649","1930","0840","1930","0840","1930","0840","1930","0840","1930","0840","1200","0840","C1101712","053","69","7176","37.52852074828367","127.1454122021883"
"서울특별시 서초구 헌릉로8길 9-8, 1층 108호 (내곡동)","무지개약국","02-577-0790","1900","0900","2000","0900","1900","0900","1900","0900","1900","0900","1500","0900","C1107856","068","00","7177","37.456674424548304","127.05992268210565"
"서울특별시 광진구 뚝섬로 498-1, A,B동 1층 (자양동)","매월 4주 일요일만 운영","무지개약국","02-462-8604","2030","0900","2030","0900","2030","0900","2030","0900","2030","0900","1900","0900","1800","1300","C1103614","050","85","7178","37.535901442641894","127.06555835076007"
"경기도 광명시 오리로 861, 대성빌딩 (철산동)","무지개약국","02-2685-9989","1900","0900","1900","0900","1900","0900","1900","0900","1900","0900","1600","0900","C2101731","142","50","7179","37.475120181361476","126.8662051267216"
"경기도 부천시 길주로 91, 106호 (상동, 비잔티움 상동)","비잔티움한솔주상복합건물 1층(세이브존 맞은편)","무지개약국","032-207-7020","2000","0900","2000","0900","2000","0900","2000","0900","2000","0900","1800","0900","C2100262","145","43","7180","37.506354884763425","126.7525336553465"
"부산광역시 기장군 일광읍 해빛6로 85-16, 청보리더스 102호","무지개약국","051-724-4245","2000","0830","1930","0830","2000","0830","1930","0830","1930","0830","1400","0830","1400","0830","C1202801","460","48","7181","35.2656352817025","129.225645842095"
"부산광역시 부산진구 동평로 422, 101호 (양정동)","3호선 양정역 1, 3번 출구 앞","무지개약국","051-863-1176","1900","0900","1900","0900","1900","0900","1900","0900","1900","0900","1430","0900","C1202358","472","13","7182","35.1728631273","129.0706654969"
"부산광역시 강서구 명지국제11로 27, 대경빌딩 1층 (명지동)","공휴일 운영시간 가변적으로 전화 후 방문 요망","무지개약국","051-204-2282","1900","0900","1900","0900","1900","0900","1900","0900","1900","0900","1400","0900","1400","0900","1400","0900","C1202418","467","26","7183","35.104820272599994","128.92149726490086"
"부산광역시 중구 구덕로 40, (남포동2가)","건강을 드리는 약국이 되겠습니다.","남포역 1번출구/호림빌딩 지하1층","무지개약국","051-246-1100","2000","0900","2000","0900","2000","0900","2000","0900","2030","0900","1600","0900","C1201226","489","53","7184","35.09845782189932","129.03157495407805"
"부산광역시 사하구 하신중앙로 46(장림동)","13:00~14:00 점심시간 휴무","무지개약국","051-263-4262","1840","0900","1840","0900","1840","0900","1500","0900","1840","0900","1320","0900","C1202782","494","73","7185","35.0830779987531","128.965194244808"
"서울특별시 영등포구 선유로 76, 동국메뜨리앙 3층 305호 (문래동3가)","13:00~14:00 휴게시간","무지개약국","02-3280-2388","1900","0900","1900","0900","1900","0900","1600","0900","1900","0900","1300","0900","1300","0900","C1107465","072","94","7186","37.52058959794082","126.88991379086241"
"부산광역시 수영구 광서로 5-3 (광안동)","공휴일 운영 확인 후 방문요망","2호선 수영역 12, 14번출구/상아아파트 방향","무지개약국","051-752-1049","2000","0800","2000","0800","2000","0800","2000","0800","2000","0800","2000","0800","2000","0800","2000","0800","C1201412","482","47","7187","35.163889291321475","129.1139598890622"
"강원특별자치도 춘천시 중앙로 88 (중앙로2가)","무지개약국","070-8888-2307","1800","0900","1800","0900","1800","0900","1800","0900","1800","0900","1300","0900","C2200111","242","73","7188","37.8784510067","127.7249827542"
"인천광역시 연수구 새말로 31 (연수동)","동남스포피아 건너편 건물 1층","무지개약국","032-818-5225","2200","0900","2200","0900","2200","0900","2200","0900","2200","0900","1700","0900","C1400511","219","21","7189","37.42244356479053","126.67501365642688"
"강원특별자치도 동해시 천곡로 76, 다나빌딩 1층 104호 (천곡동)","천곡동 로타리 부근","무지개약국","033-532-0609","1900","0900","1900","0900","1900","0900","1900","0900","1900","0900","1600","0900","C2200256","257","68","7190","37.52289748773899","129.11328218994495"
"강원특별자치도 원주시 원문로 106","단계사거리 하이마트 건너편 / 명성한의원 1층","무지개약국","033-742-5500","1830","0900","1830","0900","1830","0900","1830","0900","1830","0900","1430","0900","C2200386","264","08","7191","37.35699850510845","127.9355641693643"
"광주광역시 북구 동문대로 154, 1층 101호 (두암동)","무지개약국","062-265-5505","1830","0830","1830","0830","1830","0830","1830","0830","1830","0830","1330","0830","C1501375","611","95","7192","35.1762116463691","126.928187581436"
"경상남도 창원시 성산구 대정로 80 (남양동, 피오르빌아파트)","수협부근","무지개약국","055-267-4753","2100","0900","2100","0900","2100","0900","2100","0900","2100","0900","2000","0900","2200","0900","C2800487","514","82","7193","35.2091826102","128.7038170143"
"대전광역시 유성구 은구비남로33번길 36","노은역3번출구노은환승주차장앞홍인빌딩1층","무지개약국","042-826-7095","1300","0830","1300","0830","1300","0830","1300","0830","1300","0830","1530","0830","1300","0830","C1600510","340","86","7194","36.37389109413683","127.3195218966682"
"울산광역시 남구 북부순환도로 24, 1층 (무거동)","무지개약국","052-277-3314","1900","0900","1900","0900","1900","0900","1900","0900","1900","0900","1300","0900","C1700656","446","33","7195","35.551521819074544","129.26644840394468"
"광주광역시 서구 경열로 118, 1층 (양동)","무지개약국","062-369-8718","1800","0900","1800","0900","1800","0900","1800","0900","1800","0900","1200","0900","C1501288","619","24","7196","35.152463969548","126.898849449261"
"제주특별자치도 제주시 화삼로1길 14 1층","화북남문부근","무지개약국","064-723-0888","1830","0830","1830","0830","1230","0830","1830","0830","1830","0830","1230","0830","C2900099","633","03","7197","33.51897581085256","126.56660260797471"
"전북특별자치도 임실군 강진면 호국로 8","강진터미널옆","무지개약국","063-644-8866","1900","0800","1900","0800","1900","0800","1900","0800","1900","0800","1600","0800","C2500610","559","39","7198","35.529402875671735","127.16035736064015"
"전북특별자치도 전주시 덕진구 송천로 22, 1층 (송천동1가)","무지개약국","0632555970","1830","0900","1830","0900","1830","0900","1830","0900","1830","0900","1300","0900","C2501438","548","38","7199","35.8553548900049","127.119303666501"
"경상남도 사천시 정동면 옥산로 46, 1층 104호","무지개약국","055-815-8275","1900","0830","1900","0830","1900","0830","1900","0830","1900","0830","1400","0830","C2802184","525","21","7200","35.0793868722225","128.08791624561"
"세종특별자치시 보듬3로 92, 307호 (아름동, 해피라움2)","아름동","무지개약국","044-866-4360","1900","0910","1900","0910","1900","0910","1900","0910","1900","0910","1330","0900","C1800219","301","00","7201","36.511911314720315","127.24947347293148"
"울산광역시 중구 번영로 576 (남외동)","맥도날드 건물1층","무지개약국","052-298-8087","2100","0900","2100","0900","2100","0900","2100","0900","2100","0900","1800","0900","C1700099","444","95","7202","35.568529181555775","129.3449659208258"
"서울특별시 도봉구 도봉로 471 (쌍문동)","쌍문역 3번 출구","무지개온누리약국","02-991-8427","2000","0900","2000","0900","2000","0900","2000","0900","2000","0900","1800","0900","C1102807","014","47","7203","37.64784950628759","127.0339430341368"
"서울특별시 노원구 화랑로 325 (월계동)","석계역 1번 출구 전방 100미터 우현빌딩 1층","무지개온누리약국","02-909-0889","2100","0830","2030","0830","2030","0830","2100","0830","2030","0830","1430","0800","1430","0800","C1100084","019","04","7204","37.61502760914563","127.06403640165563"
"부산광역시 연제구 과정로 148 (연산동)","연제예식장 입구","무진약국","051-757-8759","1900","0900","1900","0900","1900","0900","1900","0900","1900","0900","1400","0900","C1200248","475","69","7205","35.184659343818424","129.10736564357026"
"경상남도 창원시 마산합포구 자산삼거리로 2","무학초부근","무학약국","055-246-3373","1830","0900","1830","0900","1830","0900","1830","0900","1830","0900","C2800295","512","55","7206","35.20227313091132","128.56746098589156"
"경상북도 문경시 당교3길 19, 1층 (모전동)","설날 당일, 추석 당일은 휴무입니다. 개인사정으로 인해 운영시간 변경 발생 시 네이버 홈페이지 공지사항에 올려드리니 참고바랍니다.","문경대한약국","054-556-8885","1900","0800","1900","0800","1900","0800","1900","0800","1900","0800","1800","0800","1800","1200","1800","1200","C2701613","369","86","7207","36.5852465799556","128.189887893779"
"경상북도 문경시 문경읍 문희로 37, 1층","공휴일 변동","문경새재약국","054-572-5800","1900","0800","1900","0800","1900","0800","1900","0800","1900","0800","1800","0800","1800","0900","1800","0900","C2701509","369","17","7208","36.7355313479","128.1080937367"
"경상북도 문경시 매봉6길 4-1 (모전동)","문경약국","0545551230","1830","0830","1830","0830","1830","0830","1830","0830","1830","0830","1300","0830","C2701704","369","78","7209","36.586110780279","128.180985816629"
"경상북도 포항시 남구 오천읍 문덕로 3, 102호","문덕365약국","054-610-2497","2300","1200","2300","1200","2300","1200","2300","1200","2300","1200","2300","1200","2300","1200","2300","1200","C2701734","378","88","7210","35.9622892697237","129.403272219274"
"경상북도 포항시 남구 오천읍 원동로 3, 108호 (메트로프라자)","문덕농협 옆","문덕광제약국","054-291-2771","2100","0900","2100","0900","2100","0900","2100","0900","2100","0900","2200","0900","C2700863","378","83","7211","35.96341466550193","129.40274965658818"
"서울특별시 영등포구 영등포로 118, 성지빌딩 1층 1,2호 (당산동2가)","아람빌딩 1층","문래건강한약국","02-2633-0696","2000","0900","2000","0900","2000","0900","2000","0900","2000","0900","1400","0900","C1102622","072","91","7212","37.52132603465209","126.89470907103643"
"경상북도 경주시 문무대왕면 어일3길 14-5","문무약국","054-745-1104","1830","0830","1830","0830","1830","0830","1830","0830","1830","0830","1300","0830","C2701758","381","21","7213","35.7930540442336","129.441019777723"
"서울특별시 관악구 양녕로 34 (봉천동)","중앙동 현대시장에서 남부순환도로쪽 100m 지점 건너편 선샤인빌딩 1층","문박사약국","02-873-8652","1900","0830","1900","0830","1900","0830","1900","0830","1900","0830","1700","0830","C1102108","087","47","7214","37.485082070594636","126.94696303734243"
"경기도 파주시 문산읍 문향로 49","문산보룡약국","031-952-5579","2200","0830","2200","0830","2200","0830","2200","0830","2200","0830","1900","0830","1800","0830","1900","0830","C2102319","108","23","7215","37.8571492648809","126.78365263207262"
"경기도 파주시 문산읍 문산로40번길 20","문산약국","070-4115-8999","2000","0900","2000","0900","2000","0900","2000","0900","2000","0900","1800","0900","1500","0900","1500","0900","C2103248","108","23","7216","37.856388486720085","126.78344579060277"
"경기도 파주시 문산읍 개포래로 50-1","문산정문약국","031-953-1175","2200","0900","2200","0900","2200","0900","2200","0900","2200","0900","1800","0830","1800","0900","2200","0900","C2102828","108","23","7217","37.85414592583478","126.78289789543878"
"경기도 파주시 문산읍 문산로40번길 6, 1층","365 열려있는 문산종로약국입니다. 처방조제,일반약,영양제,동물약,당뇨소모성재료 취급합니다. 파주페이 사용 가능합니다","문산종로약국","031-952-5578","2100","0830","2100","0830","2100","0830","2100","0830","2100","0830","2100","0830","2100","0830","2100","0830","C2109395","108","23","7218","37.8571525273874","126.783586651459"
"경상남도 진주시 문산읍 동부로 571, 102호","문산참약사약국","050-71319-3501","1830","0830","1830","0830","1830","0830","1830","0830","1830","0830","1330","0830","C2802222","528","38","7219","35.1665924824112","128.162770209897"
"서울특별시 금천구 독산로64길 39","일요일은 가끔 오후 8시까지 운영합니다.","일요일은 가끔 오후8시 까지 운영합니다.","문교초등학교 입구 골목 시장 중간에","문성당약국","02-804-5360","2100","0900","2100","0900","2100","0900","2100","0900","2100","0900","2100","0900","2100","0900","2100","0900","C1103391","085","60","7220","37.4658774218069","126.904539248987"
"경상남도 김해시 가락로23번길 5 (부원동)","문성약국","055-325-5096","1900","0800","1900","0800","1900","0800","1900","0800","1900","0800","1700","0800","C2800705","509","26","7221","35.22829619129184","128.88188368231667"
"경상북도 구미시 고아읍 들성로11길 6-5","문성약국","054-453-6602","1900","0830","1900","0830","1900","0830","1900","0830","1900","0830","1400","0830","C2701688","391","46","7222","36.1620873517273","128.34897436447"
"울산광역시 남구 대학로 141 (무거동)","울산대학교가는길스포츠매장옆건물","문성온누리약국","052-249-0372","1845","0900","1845","0900","1845","0900","1830","0900","1845","0900","1400","0900","C1700222","446","06","7223","35.547312040569665","129.26184143157042"
"대전광역시 서구 둔산로 232 (둔산동)","문성온누리약국","042-482-7623","1900","0830","1900","0830","1900","0830","1900","0830","1900","0830","1800","0830","C1600432","352","50","7224","36.351041833589605","127.39963628726393"
"전라남도 여수시 문수로 160, 1층 (문수동)","문수약국","061-653-3010","1930","0850","1930","0850","1930","0850","1930","0850","1930","0850","1530","0850","C2601094","597","14","7225","34.7580127416","127.7105524139"
"대구광역시 중구 동덕로26길 10 (삼덕동2가)","토요일은 당번제로 운영","경북대학교병원응급실주차장입구","문앞약국","053-253-3900","1800","0900","1800","0900","1800","0900","1800","0900","1800","0900","C1300714","700","412","7226","35.865476988411835","128.60398127419944"
"광주광역시 북구 동문대로 82, 1층 102호 (두암동)","문약국","062-417-2564","1800","0900","1800","0900","1800","0900","1800","0900","1800","0900","1300","0900","C1501150","611","98","7227","35.1709973387","126.9231200395"
"경기도 광명시 범안로 1047 (하안동, 우덕빌딩 102호)","문약국","02-802-5995","2100","0900","2100","0900","2100","0900","2100","0900","2100","0900","1800","0900","1800","0900","1800","0900","C2101690","142","48","7228","37.4625306933","126.8790409733"
"경상남도 진주시 촉석로 102-1","휴일 운영 하나 식사시간에는 자리를 비워 전화를 못받을 수 도 있다고 함","서부시장봉곡초교근처","문약국","055-746-2770","2000","0900","2000","0900","2000","0900","2000","0900","2000","0900","2000","0900","2000","0900","2000","0900","C2800232","526","87","7229","35.19259593013825","128.0738853275132"
"전라남도 순천시 장선배기길 6-4, 1층 101-A호 (조례동)","문약국","061-903-7575","2100","0900","2000","0900","2100","0900","2000","0900","2100","0900","1600","0900","C2601342","579","75","7230","34.9522886605653","127.522411456441"
"경기도 성남시 분당구 불정로376번길 37 (서현동)","문약국","031-702-4029","1830","0900","1830","0900","1830","0900","1830","0900","1830","0900","1500","0900","C2101600","135","87","7231","37.37152243009325","127.13956124576697"
"전북특별자치도 익산시 무왕로 1018, 1층 (영등동)","문약국","063-843-3656","1900","0900","1900","0900","1900","0900","1900","0900","1900","0900","1300","0900","1300","0900","C2501351","546","34","7232","35.9583887652447","126.969724101891"
"전북특별자치도 전주시 덕진구 도당산2길 8-2, 1층 (우아동3가)","문약국","063-247-0652","1830","0830","1830","0830","1830","0830","1830","0830","1830","0830","1330","0830","C2501379","549","10","7233","35.8466646365503","127.154636245115"
"강원특별자치도 원주시 원일로115번길 11, (일산동)","기독병원 정문 /","문약국","033-742-6350","1800","0830","1800","0830","1800","0830","1800","0830","1800","0830","1300","0900","C2200101","264","27","7234","37.349373594039825","127.94760232808136"
"경기도 용인시 처인구 용문로 138-18, 1층 (김량장동)","문온누리약국","031-334-1190","1800","0900","1800","0900","1800","0900","1800","0900","1800","0900","1500","0900","C2109107","170","50","7235","37.2356915980016","127.200972708612"
"경기도 남양주시 퇴계원읍 퇴계원로 29","(구)GS슈퍼마켓옆,롯데리아건너편","문온누리약국","031-572-0409","1600","0800","1600","0800","1600","0800","1600","0800","1600","0800","1600","0800","1600","0800","C2104613","121","21","7236","37.649662333823244","127.14070896321172"
"서울특별시 종로구 율곡로 지하62, 3호선 안국역 지하3층 316호 (안국동)","문우약국","02-733-1088","2000","0800","2000","0800","2000","0800","2000","0800","2000","0800","1900","1000","1900","1000","C1110155","031","47","7237","37.5767203705556","126.985823042976"
"대구광역시 수성구 수성로38길 23 (중동)","문전약국","053-768-5196","1900","0900","1900","0900","1900","0900","1900","0900","1900","0900","1400","0900","C1301718","421","55","7238","35.8428546628894","128.613347577726"
"대구광역시 북구 호국로 807-45, 1층 101호 (학정동)","토요일은 날짜를 정해놓고 하지 않으므로 전화필수, 시간도 유동적으로 운영","문전약국","053-321-7738","1830","0840","1830","0840","1830","0840","1830","0840","1830","0840","C1300989","414","04","7239","35.95505177947656","128.5652773742763"
"경상북도 구미시 인동20길 43-3 (진평동)","5월3일 문 닫혔음","문전약국","054-471-7875","2000","0900","2000","0900","2000","0900","2000","0900","2000","0900","1400","0900","C2700815","394","07","7240","36.095391567411866","128.42389108802098"
"경상북도 경주시 원화로 397 (황성동, 굿모닝병원)","굿모닝병원 옆","문전약국","054-777-4008","1810","0900","1810","0900","1810","0900","1810","0900","1810","0900","1300","0900","C2700098","380","88","7241","35.85590633378024","129.21878468780773"
"대구광역시 중구 국채보상로 478","문전약국","053-426-9988","1200","0900","1200","0900","1200","0900","1200","0900","1200","0900","C1300333","419","31","7242","35.870410059625115","128.58288546383983"
"서울특별시 송파구 송파대로 98, 선도빌딩 1층 (문정동)","평일 13:00~14:00 휴게시간 운영시간 유동적으로 꼭 전화확인 후 방문부탁드립니다. 4번째 토요일 휴무","문정건강약국","02-404-6190","1900","0900","1900","0900","1900","0900","1900","0900","1900","0900","1400","0900","C1109003","058","17","7243","37.4796990227155","127.126181753757"
"서울특별시 송파구 새말로 124, 1층 101호 (문정동)","문정수약국","02-404-4387","1900","0830","2000","0830","1900","0830","2000","0830","1900","0830","1400","0830","1400","0900","C1109629","058","10","7244","37.4827619161243","127.127936223841"
"서울특별시 송파구 동남로4길 25, 금천빌딩 (문정동)","문정약국","02-402-1424","1930","0930","1930","0930","1930","0930","1930","0930","1930","0930","1500","0900","C1101606","058","03","7245","37.4879401092234","127.124979418354"
"서울특별시 송파구 송파대로 167, 문정역테라타워 지하1층 G132호 (문정동)","문정역 3번출구","문정온누리약국","02-2054-3551","2000","0900","2000","0900","2000","0900","2000","0900","2000","0900","1400","1000","C1107726","058","55","7246","37.4846614982049","127.120933640924"
"서울특별시 송파구 법원로 114, 엠스테이트 C-218호 (문정동)","휴무일은 사전전화 후 방문","문정역 3,4번 출구","문정우리들약국","02-2283-1522","2000","0900","2000","0900","2000","0900","2000","0900","2000","0900","1530","0900","1530","0930","1500","0930","C1107764","058","54","7247","37.4860552797801","127.12100938212"
"서울특별시 송파구 법원로 114, 엠스테이트 C동 214호 (문정동)","주말/공휴일 사전전화 요망 확인","문정역 4번출구","문정이화약국","02-2283-1153","2000","0900","2000","0900","2000","0900","2000","0900","2000","0900","1400","0900","1600","0900","1600","0900","C1107753","058","54","7248","37.48576729373003","127.12006140695283"
"서울특별시 송파구 동남로 138, 1층 (문정동)","문정프라자약국","02-407-6796","2000","0900","2000","0900","2000","0900","2000","0900","2000","0900","1800","0900","1300","0900","1400","0900","C1100746","057","96","7249","37.4911230155082","127.126242693759"
"경상남도 밀양시 삼문중앙로 32 (삼문동)","문조약국","055-802-8015","1300","0900","1300","0900","1300","0900","1300","0900","1300","0900","C2801950","504","40","7250","35.4846356198","128.7556237294"
"부산광역시 금정구 금강로 264","버스정류장: 부산대학교 정문 앞 사거리","문창약국","051-513-9493","2130","0900","2130","0900","2130","0900","2130","0900","2130","0900","2130","0900","2100","1000","C1201121","462","89","7251","35.231583226667176","129.08530586882472"
"경기도 고양시 일산서구 중앙로 1493, 2001-2호 (주엽동, 문촌마을12단지아파트)","문촌약국","031-916-6119","1900","0900","1900","0900","1900","0900","1900","0900","1900","0900","C2103997","103","79","7252","37.6725455912","126.7540059371"
"충청남도 천안시 동남구 만남로 52, 103호 (신부동,문타워빌딩)","신부동터미널 사거리 문타워 1 층","문타워약국","041-522-2927","2000","0900","2000","0900","2000","0900","1930","0900","2000","0900","1600","0900","C2400763","311","23","7253","36.818658154191205","127.15783887922463"
"부산광역시 동구 범일로89번길 65 (범일동)","좋은문화병원 뒤","문하약국","051-631-3488","1800","0900","1800","0900","1800","0900","1800","0900","1800","0900","1800","0900","C1200871","487","35","7254","35.140579810478414","129.05863885466607"
"인천광역시 미추홀구 매소홀로 578, 1층 (문학동)","일요일 - 탄력적 운영(방문 전 전화)","문학경기장 근처 향교 맞은편건물 1층","문학모범약국","032-424-3120","2130","0900","2130","0900","2130","0900","2130","0900","2130","0900","2130","0900","2100","1000","C1400027","222","35","7255","37.438259622631335","126.68623133454241"
"인천광역시 미추홀구 소성로326번길 4 (문학동)","문학 동구도로 문학우체국에서 학익동쪽으로 100미터 참이맛뼈다귀 맞은편","문학사랑약국","032-432-5639","2000","0900","2000","0900","2000","0900","2000","0900","2000","0900","1830","0900","C1400422","222","38","7256","37.43745424930296","126.68324032974132"
"경기도 광주시 오포로 540, 104, 105호 (문형동)","문형약국","031-768-3400","1800","0900","1800","0900","1800","0900","1800","0900","1800","0900","1300","0900","C2109769","127","74","7257","37.3464993292775","127.211835761479"
"강원특별자치도 철원군 갈말읍 태봉로 1527-2","일요일,공휴일 유동적이므로 확인 후 방문요함","문혜리약국","033-452-0019","1830","0930","1830","0930","1830","0930","1830","0930","1830","0930","1830","0930","1830","0930","C2200135","240","31","7258","38.185218489532545","127.32089805735949"
"경기도 양평군 서종면 중미산로 18, 우진빌딩 1동 1층 101호","문호약국","031-773-4316","1800","0900","1800","0900","1800","0900","1800","0900","1800","0900","1300","0900","C2109740","125","03","7259","37.6039137791483","127.354140554996"
"전북특별자치도 전주시 덕진구 가리내로 30","시외버스터미널 옆","문화당약국","063-277-3567","2000","0800","2000","0800","2000","0800","2000","0800","2000","0800","2000","0800","2000","0800","2000","0800","C2500723","549","33","7260","35.834312461024666","127.13252775777451"
"부산광역시 남구 석포로 128 (대연동)","버스정류장: 유엔교차로","문화약국","051-624-0950","2100","0900","2100","0900","2100","0900","2100","0900","2100","0900","2030","0900","2030","1400","C1200169","485","33","7261","35.128524471831156","129.0915759936282"
"경기도 광명시 안현로 52, 중앙상가 108호 (하안동)","문화약국","02-808-7979","2000","0900","2000","0900","2000","0900","2000","0900","2000","0900","1900","0900","C2101994","142","47","7262","37.46561496216836","126.87740489026085"
"강원특별자치도 원주시 중앙로 86, 102,104,106,108호 (중앙동)","공휴일 운영하지만 유동적 전화 후 방문","문화약국","033-744-0405","1800","0800","1800","0800","1800","0800","1800","0800","1800","0800","1800","0800","C2200105","264","28","7263","37.3496940166395","127.94906638870874"
"울산광역시 중구 동천6길 6, 1층 (서동)","공휴일이 토요일이나 월요일인 경우 휴무입니다.","삼일초등학교 뒷편","문화약국","052-292-7500","1900","0900","1900","0900","1900","0900","1900","0900","1900","0900","1300","0900","1300","0900","C1700064","444","81","7264","35.582583333333332","129.346049999999991"
"광주광역시 광산구 첨단중앙로 120, 신영빌딩 1층 (월계동)","병의원처방조제","문화약국","062-973-5223","2030","0900","2030","0900","2030","0900","2030","0900","2030","0900","1700","0900","1700","0900","1700","0900","C1501397","622","76","7265","35.2161261796227","126.842700396252"
"충청북도 옥천군 옥천읍 삼금로 13 (옥천읍)","시내버스종점","문화약국","043-731-8799","1800","0800","1800","0800","1800","0800","1800","0800","1800","0800","1300","0800","C2300508","290","37","7266","36.2997759275444","127.56640684541924"
"충청남도 금산군 금산읍 인삼약초로 29-6 (금산읍)","추석 당일은 운영 안함 설날 당일은 운영 안함","매달 10,20,30일이 휴일","금산 인삼시장 안","문화약국","041-754-2054","2100","0900","2100","0900","2100","0900","2100","0900","2100","0900","2100","0900","2100","0900","2100","0900","C2400105","327","39","7267","36.10116103838135","127.49645863370995"
"인천광역시 부평구 부평대로 9, 문화드림빌 101,102호 (부평동)","부평119안전센터 건너편건물 1층","문화약국","032-505-8558","1800","0830","1800","0830","1800","0830","1800","0830","1800","0830","1330","0830","C1400053","213","89","7268","37.49212450829742","126.72266989715766"
"서울특별시 양천구 지양로3길 10-1, (신월동)","양천구신월7동986-4","문화약국","02-2602-5602","1830","0900","1830","0900","1830","0900","1830","0900","1830","0900","1700","0900","C1103091","080","42","7269","37.5186217369445","126.835772587514"
"대전광역시 중구 천근로 40 (문화동)","문화동천근오거리푸른의원1층","문화푸른약국","042-586-0052","2000","0900","2000","0900","2000","0900","2000","0900","2000","0900","1800","0900","1800","0900","1800","0900","C1600422","350","05","7270","36.309305620541636","127.4041887617782"
"경상남도 양산시 물금읍 황산로 356, 1층 105호","물금우리약국","055-389-0291","1930","0900","1930","0900","1930","0900","1930","0900","1930","0900","1500","0900","C2802323","506","57","7271","35.3079937790428","128.986295478609"
"경상남도 양산시 물금읍 청운로 343, 104호 (물금읍)","물금힘찬약국","055-363-1745","2000","0900","2000","0900","2000","0900","2000","0900","2000","0900","1500","0900","1300","0900","C2801760","506","11","7272","35.32746979086056","129.01574728605436"
"경상북도 문경시 상신로 4 (점촌동)","미강약국","054-554-9331","1740","0835","1740","0835","1740","0835","1740","0835","1740","0835","1300","0835","C2701358","369","71","7273","36.59511295014038","128.19865481834992"
"경기도 의정부시 평화로 647, 107,108호 (의정부동, 미건메디컬프라자)","미건메디컬약국","031-846-9001","2300","0830","2300","0830","2300","0830","2300","0830","2300","0830","1800","0830","1800","0900","1800","0900","C2107758","116","86","7274","37.74971881530701","127.04462038122983"
"경상북도 경산시 중앙로 77, 1층 (중방동)","미광약국","053-283-0031","1900","0900","1900","0900","1900","0900","1900","0900","1900","0900","1500","0900","C2700273","386","23","7275","35.823257640330105","128.7353114731254"
"경기도 용인시 기흥구 흥덕1로 5-8, 대동메디칼 1층 (영덕동)","미그린약국","031-223-7181","1800","1000","1800","1000","1800","1000","1800","1000","1800","1000","C2108304","169","54","7276","37.2696616757582","127.066699811401"
"경기도 성남시 분당구 성남대로 170, 한국프라자 507호 (금곡동)","미금스마일약국","031-716-2119","1800","0900","1800","0900","1800","0900","1930","0830","1800","0900","1500","0830","1230","0900","1230","0900","C2107613","136","18","7277","37.3511866057","127.1095116198"
"인천광역시 부평구 부흥로 414, 103-1호 (부개동, 모아빌딩)","부평정병원 옆","미금약국","032-361-9989","1700","0900","1700","0900","1700","0900","1700","0900","1700","0900","C1400773","213","98","7278","37.49738891659752","126.7379257703728"
"경기도 성남시 분당구 돌마로 75, 미금프라자 1층 102호 (금곡동)","미금우리서울약국","031-714-7577","1800","0900","1800","0900","1800","0900","1800","0900","1800","0900","1300","0900","C2109359","136","18","7279","37.3503891349855","127.11044893199"
"경기도 성남시 분당구 돌마로 75, 105호 (금곡동, 미금프라자)","미금프라자약국","031-717-7877","1830","0900","1830","0900","1830","0900","1830","0900","1830","0900","1330","0900","C2101225","136","18","7280","37.350403638186265","127.11044050855665"
"경기도 성남시 분당구 돌마로 87, 골드프라자 5층 제501-1호 (금곡동)","미금행복약국","070-8657-0068","1900","0900","2000","0900","1900","0900","2000","0900","1930","0900","1430","0900","C2109528","136","18","7281","37.3503895426853","127.111741798479"
"부산광역시 동래구 아시아드대로 239-1, 월드 메디컬 타워 (온천동)","3호선 미남역 3번출구","미남정약국","051-853-8270","1930","0830","1930","0830","1930","0830","1930","0830","1930","0830","1500","0900","1300","0900","C1202107","478","51","7282","35.205453466723874","129.06744800708168"
"부산광역시 동래구 우장춘로 7, 보민빌딩 102호 (온천동)","미남호약국","051-558-1122","1900","0900","1900","0900","1900","0900","1900","0900","1900","0900","1300","0900","C1202780","477","24","7283","35.2087270118381","129.069645960909"
"서울특별시 강남구 학동로 342","SK허브빌딩 308-1호","미네랄약국","02-545-3404","1830","0930","1830","0930","1830","0930","1830","0930","1830","0930","1430","0930","C1104520","060","99","7284","37.5167560126387","127.040841265738"
"경기도 안양시 만안구 태평로52번길 31, 1층 102호 (안양동)","미담약국","031-468-8697","1800","0900","1800","0900","1800","0900","1800","0900","1800","0900","1300","0900","C2109330","140","37","7285","37.3959107316108","126.931005142017"
"경기도 화성시 경기대로 990, 101동 107호 (병점동, SK뷰상가)","SK뷰 상가 107호","미담온누리약국","031-224-0700","2100","0900","2100","0900","2100","0900","2100","0900","2100","0900","1900","0900","C2102001","184","13","7286","37.20465069401198","127.03791091305112"
"광주광역시 광산구 풍영로101번안길 18 (흑석동)","미담한약국","062-574-5013","1900","1000","1900","1000","1900","1000","1900","1000","1900","1000","C1501070","622","34","7287","35.181938592642446","126.80988214948485"
"전북특별자치도 전주시 덕진구 화암2길 3-10, 101호 (송천동2가)","미담한약국","063-276-3008","1800","1000","1800","1000","1800","1000","1800","1000","1800","1000","1600","1000","C2501458","551","51","7288","35.8724751404178","127.139594262678"
"경기도 성남시 분당구 백현로101번길 24, 103호 (수내동, 미도프라자2)","미도약국","031-713-8244","2000","0900","2000","0900","2000","0900","2000","0900","2000","0900","1600","0900","1300","1000","C2101171","135","95","7289","37.3775756511607","127.11355136753676"
"강원특별자치도 춘천시 금강로 72 (조양동)","엠백화점 입구","미도약국","033-243-6566","1800","0830","1800","0830","1800","0830","1800","0830","1800","0830","1300","0830","C2200049","243","53","7290","37.87891010723065","127.72895343579916"
"서울특별시 은평구 응암로 264, 서울빌딩 1층 (응암동)","미도파약국","02-308-8887","2000","0900","2000","0900","2000","0900","2000","0900","2000","0900","1600","0900","C1101511","034","66","7291","37.5952888457558","126.918874876038"
"전북특별자치도 전주시 완산구 용리로 56","완산소방서 근처","미듬약국","063-226-7896","1830","0900","1830","0900","1830","0900","1830","0900","1830","0900","1300","0900","C2500793","550","86","7292","35.798434190799576","127.11597199423795"
"전북특별자치도 전주시 덕진구 쪽구름로 57 (여의동)","전북은행 맞은편","미듬우리약국","063-211-7984","1900","0830","1900","0830","1900","0830","1900","0830","1900","0830","1400","0830","C2500158","548","50","7293","35.87047091854268","127.0765843418065"
"서울특별시 용산구 한강대로 259 109호 (갈월동)","고려에이트리움 건물 안","미라클약국","070-7723-6050","1930","0900","1930","0900","1930","0900","1930","0900","1930","0900","1500","0900","C1109101","043","22","7294","37.5415842490492","126.972412765985"
"대전광역시 서구 둔산로 52, 미라클빌딩 104호 (둔산동)","갤러리백화점에서 시청방향으로 50m","미라클약국","042-484-9600","1830","0900","2000","0900","1830","0900","1830","0900","1830","0900","1530","0900","C1600567","352","34","7295","36.35106771935898","127.3796673463039"
"서울특별시 양천구 목동동로 379, 113호 (목동, 광장상가)","미라클약국","02-2649-6282","1930","0900","1930","0900","1930","0900","1930","0900","1930","0900","1530","0900","C1110325","079","83","7296","37.5356098520363","126.878713495139"
"경기도 화성시 장조2로 18, 화성 대화위더스타워 1동 1층 101~102호 (안녕동)","미라클약국","031-232-9090","1800","0900","1800","0900","1800","0900","1800","0900","1800","0900","1300","0900","C2109827","183","52","7297","37.2038690325637","126.999928356968"
"전라남도 담양군 담양읍 지침3길 5","담양터미널후문맞은편","미래 온누리 약국","061-381-7075","1800","0800","1800","0800","1800","0800","1800","0800","1800","0800","1230","0800","C2600099","573","44","7298","35.315851403797936","126.98401373212437"
"경상북도 포항시 남구 시청로 5 (대잠동)","미래건강약국","054-250-6611","1900","0900","1900","0900","1900","0900","1900","0900","1900","0900","1400","0900","C2700902","376","85","7299","36.01815588801078","129.3420151295116"
"울산광역시 중구 화합로 409 (반구동)","신울산시장부근","미래건강약국","052-297-3373","1900","0900","1900","0900","1900","0900","1900","0900","1900","0900","1500","0900","C1700357","445","10","7300","35.561719444444442","129.337891666666678"
"전북특별자치도 전주시 덕진구 백제대로 772 (우아동3가)","미래건강약국","063-245-2222","1830","0900","1830","0900","1830","0900","1830","0900","1830","0900","1230","0900","C2501121","549","10","7301","35.84648625541028","127.15338814334265"
"경상남도 창원시 마산회원구 3·15대로 727, 102호(합성동,미래메디칼 1층)","나이키 옆","미래경남약국","055-256-0133","1900","0830","1900","0830","1900","0830","1900","0830","1900","0830","1400","0830","C2800392","512","10","7302","35.2372379413","128.5812179666"
"경기도 파주시 미래로 369-13 (동패동)","미래로약국","031-943-8850","1900","0800","1900","0800","1900","0800","1900","0800","1900","0800","1500","0800","C2103445","109","05","7303","37.711074396451785","126.74529580777275"
"광주광역시 북구 양산택지소로 3","미래로약국","062-574-9800","1830","0800","1830","0800","1830","0800","1830","0800","1830","0800","1300","0800","C1500142","610","26","7304","35.212561502400895","126.88187007262397"
"서울특별시 동대문구 이문로 114, 한국외국어대학교 글로벌홀 1층 (이문동)","이문동이마트[웰츠타워]건너편","미래로약국","02-966-4588","2000","0900","2000","0900","2000","0900","2000","0900","2000","0900","1600","0900","C1102908","024","19","7305","37.5967350539561","127.060682416152"
"충청남도 천안시 동남구 봉명4길 15, 102동 상가동 1, 2층 47, 48, 54, 59호 (봉명동, 봉명역센트럴시티아파트)","순천향대학천안병원본관앞","미래로약국","041-575-3003","1800","0800","1800","0800","1800","0800","1800","0800","1800","0800","1230","0800","C2400347","311","51","7306","36.80236515295695","127.13638590305095"
"광주광역시 동구 소태길 1(소태동)","미래로약국","062-227-0728","1900","0830","1900","0830","1900","0830","1900","0830","1900","0830","1500","0830","C1501306","615","02","7307","35.1217776119267","126.933342748652"
"경기도 구리시 검배로 23, (수택동)","미래메디칼약국","031-566-5266","2000","0900","2000","0900","2000","0900","2000","0900","2000","0900","1800","0900","C2102775","119","29","7308","37.59914589544462","127.14269875836865"
"대전광역시 서구 관저로 83, 2층 (관저동, 신선마을아파트)","미래수약국","042-544-3375","1830","0900","1830","0900","1830","0900","1830","0900","1830","0900","1230","0930","C1601085","353","72","7309","36.2991547336112","127.33160705213137"
"충청북도 충주시 계명대로 253, 1층 (연수동)","주변의료기관:최동원정형외과,신승준내과","신승준내과건물1층","미래수약국","043-843-6636","1900","0900","1900","0900","1900","0900","1900","0900","1900","0900","1300","0900","1300","1000","C2300616","273","53","7310","36.98286097334705","127.94281243771519"
"충청남도 아산시 번영로230번길 12(모종동)","미래아산약국","041-427-5718","1830","0900","1830","0900","1830","0900","1830","0900","1830","0900","1330","0900","C2401803","315","26","7311","36.7830977502579","127.015636337815"
"서울특별시 송파구 강동대로 63, 1층 (풍납동)","미래아산약국","02-473-0777","1900","0900","1900","0900","1900","0900","1900","0900","1900","0900","C1108796","055","37","7312","37.5271664636823","127.114630711984"
"전라남도 완도군 완도읍 장보고대로 174, 1층","미래약국","061-555-2050","2000","0800","2000","0800","2000","0800","2000","0800","2000","0800","1600","0800","C2601183","591","14","7313","34.319484997510095","126.74599944266937"
"경상북도 경산시 백자로 78, 103호 (사동)","미래약국","053-812-0931","1900","0900","1900","0900","1900","0900","1900","0900","1900","0900","1400","0900","1300","0900","C2701497","386","04","7314","35.8125076883","128.7557780839"
"경상북도 김천시 자산로 187 (평화동)","미래약국","054-434-7792","1830","0900","2030","0900","1830","0900","1830","0900","2030","0900","1400","0900","C2701425","395","74","7315","36.1269807204","128.1177964903"
"경상북도 포항시 북구 중흥로 345 (죽도동)","일요일은 비정기적 운영","오거리","미래약국","054-273-9652","2030","0900","1900","0900","1900","0900","2030","0900","1900","0900","1600","0900","1300","0900","1600","0900","C2700691","377","45","7316","36.03264195127033","129.36543201242122"
"광주광역시 북구 설죽로370번길 32, 1층 (오치동)","고려고와31사단사이(DC마트건너편)","미래약국","062-262-4411","1930","0900","1930","0900","1930","0900","1930","0900","1930","0900","1400","0900","C1500360","610","52","7317","35.19349272042041","126.90193461229285"
"경상북도 경주시 금성로 294","미래약국","054-749-0504","1930","0900","1930","0900","1930","0900","1930","0900","1930","0900","1330","0900","C2700180","780","943","7318","35.84378615251059","129.2072036194862"
"전라남도 여수시 무선중앙로 62 (선원동)","무선연합의원","미래약국","061-685-7274","1300","0800","1300","0800","1300","0800","1300","0800","1300","0800","C2600262","596","41","7319","34.77250178857787","127.65072895041413"
"전라남도 함평군 해보면 밀재로 1293","문장터미널앞쪽","미래약국","061-322-8760","1800","0800","1800","0800","1800","0800","1800","0800","1800","0800","1500","0800","C2600653","571","17","7320","35.18096494337279","126.6048556545087"
"강원특별자치도 태백시 황지로 146 (황지동)","중앙로 사거리 동아서점앞(이이비인후과의원 1층)","미래약국","033-553-5800","1900","0900","1900","0900","1900","0900","1900","0900","1900","0900","1400","0900","C2200926","260","12","7321","37.171905261636404","128.9924571457237"
"전라남도 화순군 화순읍 자치샘로 48","장날 08:00~13:00","화순읍사무소 근처","미래약국","061-373-7200","1800","0830","1800","0830","1800","0830","1800","0830","1800","0830","1300","0830","C2600331","581","18","7322","35.06115181137809","126.9862166420329"
"경상북도 안동시 경북대로 433","미래약국","054-857-9273","1800","0830","1800","0830","1800","0830","1800","0830","1800","0830","1300","0830","C2700528","366","39","7323","36.56730425288326","128.6983473812711"
"전라남도 나주시 빛가람로 685, 118호 (빛가람동)","미래약국","061-333-2018","2000","0800","2000","0800","2000","0800","2000","0800","2000","0800","C2601133","582","17","7324","35.0215170266","126.7866636604"
"전라남도 목포시 상리로1번길 13 (상동)","상동현대아파트정문맞은편","미래약국","061-276-7008","1740","0800","1740","0800","1740","0800","1740","0800","1740","0800","1140","0800","1600","0900","C2600221","586","42","7325","34.81239180809428","126.41499209331602"
"경상남도 김해시 가락로 274, 102호 (구산동)","구산동 육거리 농협옆","미래약국","055-333-7101","1930","0900","1930","0900","1930","0900","1930","0900","1930","0900","1400","0900","C2800807","509","07","7326","35.24940380336092","128.87322939946904"
"경상남도 창원시 진해구 벚꽃로 56-2 (송학동)","국민은행 근처","미래약국","055-543-7552","1830","0900","1830","0900","1830","0900","1830","0900","1830","0900","1500","0900","C2800119","516","80","7327","35.150616666666664","128.662144444444436"
"전북특별자치도 군산시 동아로 163, 2층 (소룡동,동아프라자)","동아아파트 앞","미래약국","063-466-0006","1900","0900","1900","0900","1900","0900","1900","0900","1900","0900","1400","0900","C2500089","540","13","7328","35.969611111111114","126.684236111111105"
"경상남도 밀양시 삼문강변로 344-6 (삼문동)","미래약국","055-352-4772","1900","0900","1900","0900","1900","0900","1900","0900","1900","0900","1600","0900","C2802131","504","35","7329","35.4893067705245","128.753745308137"
"경상남도 양산시 평산로 17 (평산동, 원강타워)","미래약국","055-362-4229","1800","0900","1800","0900","1800","0900","1800","0900","1800","0900","C2801910","505","49","7330","35.3813219379","129.1529803695"
"경상남도 거제시 두모길 15","토요일은 우당약국, 미래약국, 대우약국 당번제로 당번일 경우 09:00~18:00까지 운영함 공휴일은 병원 운영에 따라 변동 전화 문의 후 방문","대우병원앞","미래약국","055-682-0801","2000","0900","2000","0900","2000","0900","2000","0900","2000","0900","1330","0900","1330","0900","C2800724","533","17","7331","34.87114218991057","128.7217551694097"
"서울특별시 구로구 구로동로 145-6, B동 1,2층 (구로동)","고대구로병원정문앞","미래약국","02-852-0270","1830","0830","1830","0830","1830","0830","1830","0830","1830","0830","C1102685","083","09","7332","37.4915416666833","126.883444682738"
"전북특별자치도 전주시 완산구 유연로 270 (중화산동2가)","본병원 옆","미래약국","063-224-8851","2030","0900","2030","0900","2030","0900","2030","0900","2030","0900","1700","0900","C2500375","549","70","7333","35.82517332664366","127.11525344021064"
"경상남도 창원시 의창구 반계로 104-8 (팔용동, 벽산블루밍아파트B단지)","벽산블루밍아파트","미래약국","055-294-9110","2100","0900","2100","0900","2100","0900","2100","0900","2100","0900","2100","0900","2100","0900","C2800446","513","72","7334","35.25371971388613","128.6165368582874"
"제주특별자치도 제주시 서광로 215","서사라사거리미크리닉1층","미래약국","064-752-4955","1800","0830","1800","0830","1800","0830","1800","0830","1800","0830","1200","0830","C2900130","631","83","7335","33.500126650383656","126.51936088836538"
"광주광역시 서구 상무시민로 75, 104호 (치평동)","미래약국","062-710-1152","2100","0900","2100","0900","2100","0900","2100","0900","2100","0900","1300","0900","1900","1300","1900","1300","C1501343","619","51","7336","35.1554892688318","126.84707356592"
"서울특별시 성북구 고려대로 85 (안암동5가)","6호선안암역1번출구앞","미래약국","02-924-5264","1810","0845","1810","0845","1810","0845","1810","0845","1800","0845","C1101600","028","42","7337","37.5864918485455","127.028878206947"
"경기도 성남시 분당구 성남대로779번길 50 (이매동)","미래약국","031-702-1959","1900","0900","1900","0900","1900","0900","1900","0900","1900","0900","1500","0900","C2106700","135","23","7338","37.625338651838945","126.81700491389657"
"경기도 용인시 수지구 만현로 110","미래약국","031-265-1255","1900","0900","1900","0900","1900","0900","1900","0900","1900","0900","1500","0900","C2100556","169","30","7339","37.306764980996604","127.08462714901303"
"대전광역시 유성구 유성대로 727","미래약국","042-825-0706","1900","0900","1900","0900","1900","0900","1900","0900","1900","0900","1330","0900","C1600495","341","73","7340","36.35850346302312","127.33253043917755"
"울산광역시 북구 달천로 9, 1층 (천곡동)","코아루 1차옆 상안초등학교 옆","미래약국","052-293-2937","1930","0900","1930","0900","1930","0900","1930","0900","1930","0900","1400","0900","1400","0900","C1700331","442","05","7341","35.633310407980964","129.33439765645258"
"경기도 남양주시 늘을2로 20, 406호 (호평동, 씨에치리베로)","미래약국","031-591-9104","2000","0900","2000","0900","2000","0900","2000","0900","2000","0900","2000","0900","C2102864","121","50","7342","37.654479503692784","127.24409410302513"
"서울특별시 강서구 양천로14길 23, 효성빌딩 1층 101호 (방화동)","미래약국","02-2662-0377","2000","0840","2000","0840","1900","0840","2000","0840","2000","0840","1400","0840","C1108722","076","03","7343","37.5720050917812","126.810245030164"
"경기도 부천시 원미구 장말로 198 (상동)","미래약국","032-661-6534","2000","0900","2000","0900","2000","0900","2000","0900","1900","0900","1800","0900","C2100199","146","18","7344","37.49276957430917","126.76386841763173"
"경기도 김포시 김포대로 831, 102호 (사우동, 서울메디칼센터)","미래약국","031-981-7775","2030","0800","2030","0800","2030","0800","2030","0800","2030","0800","1800","0900","1500","0930","C2100348","101","10","7345","37.61906628879649","126.72108648501992"
"서울특별시 송파구 오금로 516, 삼정빌딩 1층 (거여동)","미래약국","02-401-5565","1800","0900","1800","0900","1800","0900","1800","0900","1800","0900","1400","0900","C1101601","057","73","7346","37.4928082771831","127.146155861134"
"부산광역시 수영구 민락수변로17번길 36, 타워더모스트 광안 1층 103호 (민락동)","미래약국","051-756-3130","2200","1000","2200","1000","2200","1000","2200","1000","2200","1000","2200","1000","C1203052","482","83","7347","35.1542401528373","129.12606596189"
"서울특별시 중랑구 겸재로 113, (면목동)","미래약국","02-496-3737","1830","0900","1830","0900","1830","0900","1830","0900","1830","0900","1330","0900","C1101603","021","47","7348","37.586913394632","127.080349527508"
"인천광역시 부평구 부평대로17번길 2 (부평동)","부평국민은행건물 맞은편 건물 1층/ 부평역 27번 출구 근처","미래약국","032-527-8250","1930","0900","1930","0900","1930","0900","1930","0900","1930","0900","1600","0900","C1400086","213","89","7349","37.49310331490684","126.72270743559885"
"서울특별시 영등포구 여의대방로65길 12 (여의도동)","에리트빌딩306호","미래약국","02-784-5480","2000","0900","2000","0900","2000","0900","2000","0900","2000","0900","1600","0900","C1103804","073","33","7350","37.5196287135985","126.930031909349"
"경기도 안양시 만안구 안양로 327, (안양동)","미래약국","031-464-9842","2100","0900","2100","0900","2100","0900","2100","0900","2100","0900","2030","0900","C2101641","140","06","7351","37.400899517498424","126.91936048863265"
"대구광역시 서구 국채보상로 157 (평리동)","미래약국","053-525-0075","1900","0900","1900","0900","1900","0900","1400","0900","1900","0900","1300","0900","C1301043","417","69","7352","35.86949054428695","128.5482748815322"
"부산광역시 북구 은행나무로 4(만덕동)","3호선 만덕역 1번출구","미래약국","051-337-9897","1900","0900","1900","0900","1900","0900","1900","0900","1900","0900","1500","0900","C1202731","466","12","7353","35.2091061225517","129.03731117671728"
"대구광역시 달서구 달구벌대로 1635","서남시장쪽,죽전네거리쪽으로100m에이스안경원옆","미래약국","053-557-8201","1840","0900","1840","0900","1800","0900","1840","0900","1840","0900","1300","0900","C1300811","426","41","7354","35.85345565554803","128.54508188847532"
"인천광역시 미추홀구 인주대로 186","독쟁이고개 통일주유소 맞은편","미래약국","032-867-3588","1300","0900","1300","0900","1300","0900","1300","0900","1300","0900","1300","0900","C1400340","221","82","7355","37.45522115329579","126.6576165517931"
"부산광역시 수영구 수영로 386-1, 원탄크리닉 1층 (남천동)","미래약국","051-6289-9912","1900","0900","1900","0900","1900","0900","1900","0900","1900","0900","1600","0900","C1202766","483","11","7356","35.1409157146785","129.107151402116"
"대구광역시 남구 성당로 152-1, 1층 (대명동)","미래약국","053-625-6868","1830","0900","1830","0900","1830","0900","1830","0900","1830","0900","1400","0900","C1300452","424","60","7357","35.84961438558103","128.57155312249142"
"대구광역시 동구 국채보상로 801, 1층 (신천동)","미래약국","053-423-1922","1850","0900","1850","0900","1850","0900","1850","0900","1850","0900","1430","0900","C1300135","412","68","7358","35.86814950450735","128.6182863123097"
"서울특별시 노원구 상계로5길 32, 금호프라자 110호, 111호 (상계동)","4호선 노원역9번출구 전방40m 금호프라자빌딩1층","미래약국","02-933-8139","2100","0830","2100","0830","2100","0830","2100","0830","2100","0830","1800","0830","1800","1000","1800","1000","C1102762","016","93","7359","37.6571152502969","127.062842474896"
"부산광역시 동래구 사직북로 4, 1층 123호 (사직동, 사직동 자이언츠 파크)","버스정류장: 사직자이아파트","미래약국","051-507-1818","1930","0900","1930","0900","1930","0900","1930","0900","1930","0900","1500","0900","C1202195","478","66","7360","35.1962682355197","129.06135718990768"
"부산광역시 기장군 기장읍 읍내로 93 (기장읍)","구)183번 종점 옆 최정숙 내과1층","미래약국","051-724-3810","1800","0830","1800","0830","1200","0830","1800","0830","1800","0830","1200","0830","C1201026","460","61","7361","35.245280781523796","129.21479245533908"
"부산광역시 연제구 과정로 111 (연산동)","버스정류장: 롯데슈퍼 연산점","미래약국","051-752-7302","1900","0900","1900","0900","1900","0900","1900","0900","1900","0900","1300","0900","C1200250","475","87","7362","35.181372706613224","129.10686553439075"
"부산광역시 동래구 중앙대로 1325, 이센타워 (온천동)","동래역 맞은편","미래약국","051-557-4735","1900","0900","1900","0900","1900","0900","1900","0900","1900","0900","1330","0900","C1200079","477","34","7363","35.205305555555555","129.077544444444442"
"부산광역시 중구 대청로 88-1, 1층 (대청동3가,동남빌딩)","버스정류장: 대청사거리","미래약국","051-256-6667","1830","0900","1830","0900","1830","0900","1830","0900","1830","0900","1300","0900","C1200939","489","47","7364","35.102760156","129.0295236877"
"부산광역시 사상구 사상로 277 (덕포동)","2호선 사상역 5번 출구","미래약국","051-303-7217","1830","0830","1830","0830","1830","0830","1830","0830","1830","0830","1400","0900","C1200388","469","55","7365","35.1642101503","128.9831240321"
"부산광역시 해운대구 좌동순환로 441, 부산중2동우편취급국 (중동)","미래약국","051-747-3783","1930","0900","1930","0900","1930","0900","1930","0900","1930","0900","1500","0900","C1202758","481","17","7366","35.1613201676563","129.172570144439"
"경기도 화성시 송산면 사강로 161 (송산면)","미래약국","031-355-0513","1930","0900","1930","0900","1930","0900","1930","0900","1930","0900","C2108299","185","50","7367","37.21318595935","126.733935121609"
"충청북도 보은군 보은읍 보은로 103","보은한양병원 부근","미래약국","043-544-7171","1900","0830","1900","0830","1900","0830","1900","0830","1900","0830","1400","0830","C2300415","289","51","7368","36.483076108462285","127.71777877074055"
"서울특별시 서초구 고무래로 90-7, 서초쇼핑 202호 (서초동)","서초현대4차아파트 상가","미래약국","02-537-1878","1830","0830","1830","0830","1830","0830","1300","0830","1830","0830","1300","0830","C1102718","066","02","7369","37.4999223644377","127.01745084134"
"충청남도 아산시 배방읍 용연로 152, 1층 104호","연화마을 7단지","미래약국","041-533-4239","1900","0900","1900","0900","1900","0900","1900","0900","1900","0900","1300","0900","C2400739","314","68","7370","36.78364489504092","127.093652755152"
"경상남도 창원시 마산합포구 3.15대로 30","미래산부인과 부근","미래약국","055-224-4475","1800","0900","1800","0900","1800","0900","1800","0900","1800","0900","1230","0900","C2801025","517","43","7371","35.18248083749343","128.55944535635007"
"경기도 고양시 덕양구 신원로 32, 107,108호 (신원동, 미래메디컬빌딩)","미래열린약국","02-371-1371","2000","0900","2000","0900","2000","0900","2000","0900","2000","0900","1600","0900","1330","0900","1330","0900","C2106838","105","68","7372","37.663541772086184","126.88889322668902"
"경기도 성남시 수정구 산성대로 237-1, 1층 (신흥동)","미래열린약국","031-758-9021","2100","0900","2100","0900","2100","0900","2100","0900","2000","0900","1700","0900","C2103813","133","45","7373","37.43966271396968","127.14372986327578"
"경상남도 함양군 함양읍 학사루길 20","함양경찰서 부근, 삼성디지털프라자 맞은편 세광의원,정규옥법무사사무소 건물 1층","미래온누리약국","055-963-9886","1800","0830","1800","0830","1800","0830","1800","0830","1800","0830","1300","0830","C2800274","500","41","7374","35.518960007147854","127.72603159818587"
"광주광역시 서구 대남대로 435, 1층 (농성동)","수요일 08:15~17:00 유동적으로 마감할 수 있으니 방문 전 전화 요망.","건강관리협회건너편","미래온누리약국","062-365-1170","1830","0815","1830","0815","1700","0815","1830","0815","1830","0815","1300","0815","C1500157","619","83","7375","35.14916317945257","126.88731893507719"
"경기도 파주시 금바위로 50, 101호 (와동동)","미래온누리약국","031-937-8636","1900","0840","1920","0840","1900","0840","1900","0840","1900","0840","1600","0840","1300","1000","1300","1000","C2108346","108","94","7376","37.7290287121827","126.758858304828"
"경기도 고양시 덕양구 토당로 115, 금호프라자 1층 119,125,126,127호 (토당동)","미래온누리약국","031-938-0355","1900","0830","1900","0830","1900","0830","1900","0830","1900","0830","1400","0830","C2102514","105","06","7377","37.6254198488","126.8169950054"
"서울특별시 강남구 언주로 123 (도곡동, 개포한신아파트)","미래온누리약국","02-6958-6690","1930","0900","1930","0900","1930","0900","1930","0900","1930","0900","1600","0900","C1110255","062","98","7378","37.4876033476735","127.049755052514"
"경기도 수원시 권선구 세류로34번길 6 (세류동)","미래온누리약국","031-235-4622","1900","0900","1900","0900","1900","0900","1900","0900","1900","0900","1500","0900","C2107213","165","93","7379","37.2617750201","127.0075981676"
"대전광역시 서구 대덕대로176번길 15, 미래여성병원 1층 (둔산동)","계룡4거리미래여성병원건물1층","미래조이약국","042-485-5485","1900","0900","1900","0900","1900","0900","1900","0900","1900","0900","1300","0900","1300","0900","C1600126","352","34","7380","36.34850302881856","127.37781102936162"
"경상남도 창원시 의창구 동읍 의창대로915번길 2 (청담빌딩)","동읍우체국","미래팜강민약국","055-291-3807","2000","0900","2000","0900","2000","0900","2000","0900","2000","0900","1330","0900","C2801094","511","32","7381","35.27934861340963","128.69077719903316"
"부산광역시 북구 시랑로 64","공휴일 운영 별도 문의바람.","태양탕 옆 인근 지하철역 2호선 구명역","미래팜강산약국","051-343-8907","2050","0900","2050","0900","2050","0900","2050","0900","2050","0900","2030","0900","1900","1100","C1200357","466","31","7382","35.200015427279716","129.00519064590375"
"경기도 성남시 분당구 돌마로 46, 101호 (구미동, 광천프라자)","미래팜대학약국","031-717-7570","2230","0900","2230","0900","2230","0900","2230","0900","2230","0900","2230","0900","2100","0930","2200","0930","C2103721","136","30","7383","37.349693190100865","127.10699486696683"
"경상남도 창원시 마산합포구 진동면 서촌숲끝길 3","김의원 부근","미래팜삼진약국","055-271-8772","1900","0800","1900","0800","1900","0800","1900","0800","1900","0800","1300","0800","C2800244","517","93","7384","35.115902561027234","128.4872284457129"
"경상남도 창원시 마산회원구 내서읍 삼계로 2","롯데마트 근처","미래팜서울약국","055-231-1923","1830","0900","1830","0900","1830","0900","1830","0900","1830","0900","1300","0900","1300","0900","C2800428","630","850","7385","35.232296032233876","128.50454552636873"
"경기도 고양시 일산서구 원일로 126, 105호(일산동,원플라자)","미래팜약국","031-976-9465","2200","0900","2200","0900","2200","0900","2200","0900","2200","0900","2100","0900","1400","0930","2100","0930","C2102375","103","40","7386","37.68488568890553","126.77586366082734"
"서울특별시 노원구 노해로 492 프린스빌딩","7호선 노원역 5번출구 우리은행 건물 근처 프린스빌딩","미래팜약국","02-932-9595","1900","0900","1900","0900","1900","0900","1900","0900","1900","0900","1600","0900","C1101700","017","51","7387","37.6544548276974","127.062677840248"
"부산광역시 사하구 낙동대로 399, 1층 (당리동)","1호선 당리역 6번 출구","미래팜약국","051-292-7629","1900","0900","1900","0900","1900","0900","1900","0900","1900","0900","1400","0900","C1200401","494","11","7388","35.10308289532907","128.97441753570783"
"서울특별시 금천구 독산로 290","미래팜약국","02-862-6688","2000","0900","2000","0900","2000","0900","2000","0900","2000","0900","1500","0900","C1102686","085","54","7389","37.4726211867774","126.903395780982"
"경상남도 사천시 주공로 25 (벌리동)","벌리주공아파트 근처","미래팜약국","055-832-5667","2000","0830","2000","0830","2000","0830","2000","0830","2000","0830","1400","0830","C2800587","525","59","7390","34.94071639172069","128.0862970477736"
"인천광역시 연수구 독배로 42 (옥련동, 해창빌딩)","옥련동우리은행지점건물 해창빌딩 지하1층","미래팜약국","032-833-4350","1700","0800","1700","0800","1700","0800","1700","0800","1700","0800","1700","0800","1500","0900","C1400210","219","49","7391","37.424525000000003","126.644811111111110"
"울산광역시 남구 신정로 39, (달동)","달동삼성아파트입구(동평사거리)국민은행옆","미래팜연세약국","052-258-0063","2000","0900","2000","0900","2000","0900","2000","0900","2000","0900","2000","0900","C1700081","447","22","7392","35.53538353238445","129.32184481455437"
"경기도 수원시 영통구 봉영로 1569, 뉴월드프라자 409호 (영통동)","내과 소아과 전문 약국입니다.","영통그랜드백화점 옆건물 크리스탈부페건물 4층","미래팜영통약국","031-203-1330","1830","0830","1830","0830","1830","0830","1830","0830","1830","0830","1400","0830","1330","0930","1330","0900","C2100685","167","03","7393","37.25205872306345","127.0710258682576"
"울산광역시 울주군 온양읍 대운길 45 (온양읍)","일요일을 제외한 모든 공휴일 운영. (설날/추석/여름휴가시 별도공지중)","아름마트앞","미래팜하나로약국","052-238-0968","2100","0900","2100","0900","2100","0900","2100","0900","2100","0900","2100","0900","2100","0900","C1700035","449","73","7394","35.413430555555557","129.281869444444453"
"울산광역시 남구 중앙로 243, (신정동)","신정시장부근","미래팜한사랑약국","052-260-6600","1830","0840","1830","0840","1830","0840","1830","0840","1830","0840","1400","0840","C1700097","446","71","7395","35.54238781640445","129.310903082557"
"전북특별자치도 군산시 황룡로 16, (미룡동)","(연중무휴)명절 당일은 13:00~22:00","군산대 정문앞 (홈마트옆)","미룡종로약국","063-471-9339","2200","0900","2200","0900","2200","0900","2200","0900","2200","0900","2200","0900","2200","1300","2200","1300","C2500746","541","56","7396","35.9453157702087","126.68719008198252"
"경기도 평택시 통복로37번길 5 (통복동)","미루나무약국","031-8094-2077","1900","0900","1900","0900","1900","0900","1900","0900","1900","0900","1400","0900","C2108797","179","18","7397","36.9953264268718","127.082818780755"
"서울특별시 송파구 토성로 65, 2층 202-2호 (풍납동, 태양상가 202-2호)","태양상가202-2호","미르약국","02-486-7517","1930","0900","1930","0900","1330","0900","1930","0900","1930","0900","1300","0900","C1101702","055","31","7398","37.5289079557842","127.117345632021"
"서울특별시 은평구 백련산로 84, 211호 (응암동, 백련산 힐스테이트 2차(211동상가))","12:30~13:30 휴게시간","백련산힐스테이트2차D동상가211호","미르약국","02-303-7933","1830","0900","1830","0900","1830","0900","1830","0900","1830","0900","1300","0900","C1100031","034","77","7399","37.5930097247289","126.92364241621"
"경기도 고양시 일산동구 중앙로 1065 (백석동)","미르약국","031-932-2033","1830","0930","1830","0930","1830","0930","1830","0930","1830","0930","1430","0930","1630","0930","1300","0900","C2103764","104","47","7400","37.644252979161635","126.78573983867872"
"경상북도 포항시 북구 우창동로55번길 19, 1층 (우현동)","꼭 선택해주세요. 054-241-1503 처방전 받습니다.","처방전 조제 됩니다. 꼭 들려주세요.","미르약국","054-241-1503","2100","0900","2100","0900","2100","0900","2100","0900","2100","0900","2030","0900","1800","1200","2100","0900","C2700014","376","36","7401","36.0558394440174","129.362594574435"
"경상북도 구미시 형곡동로 91 (형곡동)","형곡동맥도날드네거리코너","미르약국","054-454-1154","1830","0900","1830","0900","1830","0900","1830","0900","1830","0900","1300","0900","1300","0900","C2700101","393","12","7402","36.110513218435635","128.33579589144793"
"전북특별자치도 익산시 하나로10길 3","어양동농협옆건물","미르약국","063-835-8354","1830","0900","1830","0900","1830","0900","1830","0900","1830","0900","1230","0900","C2500294","545","53","7403","35.96081590271438","126.9816559874842"
"충청남도 천안시 동남구 서부대로 229, (신방동)","공휴일 토요일 일요일은 변동가능성 있음","미르온누리약국","초원아파트 옆쪽","미르온누리약국","041-578-7540","1930","0900","1930","0900","1930","0900","1930","0900","1930","0900","1400","0900","C2400597","311","76","7404","36.78873337162516","127.12845106096404"
"전북특별자치도 전주시 완산구 모악로 4770","평화동 사거리 근처 구이방향","미르한약국","063-255-1114","1900","0930","1900","0930","1900","0930","1900","0930","1900","0930","1400","1000","C2500855","551","22","7405","35.79489743756019","127.13277932547369"
"대구광역시 남구 앞산순환로 675, (봉덕동)","전화확인 후 방문, 일요일 대부분 운영함","미리내약국","053-472-6566","2200","0830","2200","0830","2200","0830","2200","0830","2200","0830","2200","0830","2100","1200","C1300402","425","09","7406","35.8331084551","128.598437354"
"경상남도 거제시 상동5길 79, 1층 4호 (상동동)","약국전용 휴대전화 : 010-7263-7900","약국전용 휴대전화 : 010-7263-7900","미리내약국","055-633-7903","1900","0900","1900","0900","1900","0900","1900","0900","1900","0900","1400","0900","C2802053","532","92","7407","34.86352010864077","128.63211927778767"
"충청북도 청주시 서원구 1순환로 702, 102호 (사창동)","미리내약국","043-212-0561","1900","0830","1900","0830","1300","0830","1900","0830","1900","0830","1300","0830","1800","0900","1800","0900","C2300997","286","43","7408","36.6705760869","127.497077458"
"경상북도 포항시 북구 중앙로 283-2 (상원동)","포항시내국민은행사거리","미리내약국","054-247-8262","2000","0930","2000","0930","2000","0930","2000","0930","2000","0930","1700","0930","C2700452","377","37","7409","36.03823828173715","129.3654617838612"
"경상남도 밀양시 미리벌로 18, 1층 (삼문동)","미리벌약국","055-352-6331","1800","0830","1800","0830","1800","0830","1800","0830","1800","0830","1300","0830","C2802427","504","38","7410","35.4823331920734","128.750614479212"
"서울특별시 강동구 동남로81길 100, 청강빌딩 1층 (일부)호 (고덕동)","고덕아이파크앞","미리암약국","02-3427-3108","1900","0900","1900","0900","1900","0900","1900","0900","1900","0900","1400","0900","C1101506","052","27","7411","37.5589862229867","127.151708546616"
"부산광역시 남구 석포로 64 (감만동)","버스정류장: 남광시장 입구","미모약국","051-633-2375","1800","0900","1800","0900","1800","0900","1800","0900","1800","0900","1300","0900","C1202269","485","40","7412","35.12358939889806","129.08757643251425"
"서울특별시 구로구 구로동로 77, 동해빌딩 지하1층 (구로동)","남구로역에서 고대구로병원 방향","미문약국","02-838-7020","1900","0900","1900","0900","1900","0900","1900","0900","1900","0900","1400","0900","C1103223","083","18","7413","37.4855477290698","126.88557910404"
"부산광역시 부산진구 서면로 57, 1층 (부전동)","일요일, 공휴일 휴무","1,2호선 서면역 7번출구","미미약국","051-808-1781","2000","0900","2000","0900","2000","0900","2000","0900","2000","0900","1800","0900","2030","1100","C1202709","472","87","7414","35.155792232096","129.057566611854"
"광주광역시 북구 서방로 167 (두암동)","미미약국","062-261-9700","2200","1000","2200","1000","2200","1000","2200","1000","2200","1000","2200","1000","2200","1000","2200","1000","C1501380","611","97","7415","35.1692673603176","126.930579971192"
"강원특별자치도 평창군 대화면 대화시장1길 10","약사님 개인사정 있을 시 운영 안하는 날 있음. 방문전 전화 필수","대화파출소 앞","미방약국","033-333-2911","2000","0800","2000","0800","2000","0800","2000","0800","2000","0800","2000","0800","2000","0800","2000","0800","C2200064","253","59","7416","37.49947150038145","128.4551448447456"
"경상북도 경주시 양남면 양남로 355","미보약국","054-774-8894","1800","0900","1800","0900","1800","0900","1800","0900","1800","0900","1200","0900","C2701711","382","20","7417","35.6764041191531","129.461569157095"
"부산광역시 동구 중앙대로 213, (초량동)","부산역 건너편","미보약국","051-468-2669","2000","0900","2000","0900","2000","0900","2000","0900","2000","0900","1800","0900","2100","0900","C1200332","488","16","7418","35.116288888888889","129.039891666666676"
"경상남도 진주시 동부로169번길 12, 윙스타워 C동 112호 (충무공동)","일요일은 전화 확인 필요함(사정에 따라 미운영 할수 있음)","한일병원 옆","미보약국","055-752-2841","2000","0900","2000","0900","2000","0900","2000","0900","2000","0900","1600","0900","1300","0900","1300","0900","C2800290","528","18","7419","35.16488237454452","128.12728082498668"
"전라남도 목포시 동명주택길 1, (산정동)","삼학도 4차놀이터 인근","미보약국","061-244-5010","2100","0800","2100","0800","2100","0800","2100","0800","2100","0800","2100","0800","2000","0800","C2600482","587","39","7420","34.79023996270057","126.39734369992803"
"경상남도 창원시 마산합포구 합포로 72","최내과 맞은편","미보약국","055-246-4451","1830","0900","1830","0900","1830","0900","1830","0900","1830","0900","1630","0900","C2800752","517","22","7421","35.20561287462268","128.5790018325177"
"경기도 수원시 영통구 신원로250번길 13, 현대 테라타워 영통 1층 L110호 (원천동)","미본약국","031-217-4970","1800","0900","1800","0900","1800","0900","1800","0900","1800","0900","1300","0900","C2109717","166","75","7422","37.2578866542869","127.06124044727"
"경기도 하남시 미사강변동로 100-1, 미사역 파라곤 스퀘어 1057호 (망월동)","미사경희약국","031-794-8277","1900","1000","1900","1000","1900","1000","1900","1000","1900","1000","1600","1100","1700","1100","C2107995","129","12","7423","37.544521843566464","127.19412725330528"
"경기도 하남시 미사강변동로 81, 미사역 큐브앤 타워 1층 103호 (망월동)","미사그린약국","031-796-4688","2000","0900","2000","0900","2000","0900","2000","0900","2000","0900","C2108145","129","13","7424","37.5622506296228","127.192718271233"
"경기도 하남시 미사강변대로 220, 한강트윈프라자1 107호 (망월동)","미사대학약국","031-793-8126","1500","0900","1500","0900","1500","0900","1500","0900","1500","0900","C2107154","129","09","7425","37.5692571838","127.184388824"
"경기도 하남시 미사강변동로 74, 102호 (망월동)","미사대한약국","031-792-1219","2000","0830","2000","0830","2000","0830","1800","0900","2000","0830","C2108893","129","12","7426","37.5618530153743","127.193822138323"
"경기도 하남시 미사강변남로 103, 미사랑데르Ⅲ 1층 101호 (망월동)","미사랑약국","031-699-0199","2000","0900","2000","0900","2000","0900","2000","0900","2000","0900","C2107679","129","13","7427","37.5610835261","127.1932964531"
"경기도 하남시 미사강변동로84번길 21, 남송타워 108호 (망월동)","미사메디컬약국","031-8027-8330","1800","0900","1800","0900","1800","0900","1800","0900","1800","0900","1300","0900","C2109614","129","12","7428","37.5632073837438","127.19421058899"
"경기도 하남시 미사강변대로 222, 107호 (망월동, 미사 중앙프라자)","미사보룡약국","031-795-8175","2100","0900","2100","0900","2100","0900","2100","0900","2100","0900","1900","0900","1800","0900","1900","0900","C2107212","129","09","7429","37.5695169307","127.1842219365"
"경기도 하남시 미사강변대로 76, 미사베스트프라자 108호 (풍산동)","미사봄약국","031-794-3654","1900","0830","1900","0830","2030","0830","1900","0830","1900","0830","1500","0830","1500","1100","1500","1100","C2107536","129","19","7430","37.5566489112","127.1876579359"
"경기도 하남시 미사강변중앙로 220, 1층 102호 (망월동, 우성미사타워)","미사약국","031-791-1688","2000","0800","2000","0800","2000","0800","2000","0800","2000","0800","1400","0800","1400","0800","C2107491","129","13","7431","37.56628703079999","127.18924412789998"
"경기도 하남시 미사강변남로 45, 골든브릿지 1층 115호 (망월동)","미사열린약국","031-791-3301","1930","0900","1930","0900","1930","0900","1930","0900","1930","0900","1500","0900","C2107997","129","14","7432","37.56015002311791","127.1866209304054"
"경기도 하남시 미사강변대로226번길 26, 106호 (망월동, 미사원프라자)","미사온누리약국","031-794-2270","2100","0830","2100","0830","2100","0830","2100","0830","2100","0830","1500","0900","1400","0900","1400","0900","C2106852","129","09","7433","37.569803746","127.1851825359"
"경기도 하남시 미사강변동로 127, 경서타워 111,112호 (망월동)","미사우리약국","031-795-1106","1800","0900","1800","0900","1800","0900","1800","0900","1800","0900","C2107932","129","13","7434","37.566179613656544","127.19104583190706"
"경기도 하남시 미사강변대로 48, 해든마루빌딩 1층 106호 (풍산동)","미사해든약국","070-7773-9877","1800","0900","1800","0900","1800","0900","1800","0900","1800","0900","C2108243","129","19","7435","37.5543479754223","127.186217037852"
"서울특별시 송파구 송파대로 374 (송파동)","송파역1번출구전방200M","미성송파약국","02-420-2419","2030","0900","2030","0900","2030","0900","2030","0900","2030","0900","1730","0900","C1101509","056","76","7436","37.5013306576198","127.111218586474"
"경기도 수원시 권선구 금곡로102번길 15, 3층 328호 (금곡동, 비즈웍스)","미성약국","031-292-3579","1800","0900","1800","0900","1800","0900","1800","0900","1800","0900","C2107379","163","88","7437","37.2734997538","126.9418526049"
"경기도 김포시 청송로 26, 1층 103호 (장기동, 청송현대쇼핑센터)","미성약국","031-982-6858","1830","0830","1830","0830","1830","0830","1830","0830","1830","0830","1330","0840","C2100413","100","80","7438","37.647850232064904","126.6668454497734"
"서울특별시 강남구 압구정로 113-22, 미성상가 제1층 제26호 (압구정동)","압구정미성아파트상가내","미성약국","02-544-8275","2100","1000","2100","1000","2100","1000","2100","1000","2100","1000","2000","1400","C1102731","060","00","7439","37.5247411726121","127.019644043561"
"서울특별시 영등포구 도신로29길 28(영등포동, 영등포푸르지오)","미성온누리약국","02-846-5530","1900","0900","1900","0900","1900","0900","1900","0900","1900","0900","1400","0900","C1110327","073","65","7440","37.51042318534932","126.904474064716"
"서울특별시 노원구 동일로 1533, 102호 (상계동, 백산빌딩)","백산빌딩 1층 102호","미션약국","02-930-4785","2100","0900","2100","0900","2100","0900","2100","0900","2100","0900","1400","0900","C1102022","016","20","7441","37.6653647809563","127.057246351895"
"경기도 고양시 일산서구 중앙로 1426 (주엽동,일송노블레스빌딩 510호)","미소가가득한약국","031-919-1913","1900","0900","1900","0900","1900","0900","1900","0900","1900","0900","1700","0900","C2102989","411","371","7442","37.670274025285636","126.76195700246711"
"서울특별시 동대문구 장안벚꽃로 107, 상가1동 2층 215-1호 (장안동, 장안현대홈타운)","13:00~14:00 휴게시간","미소가득약국","02-3390-4513","1830","0900","1830","0900","1830","0900","1830","1400","1830","0900","1400","0900","C1107997","026","38","7443","37.57101490644187","127.074299616912"
"서울특별시 마포구 월드컵북로 396","명절에는 운영 안함","미소가득한약국","02-2636-6667","2200","0900","2200","0900","2200","0900","2200","0900","2200","0900","1900","0900","2000","1000","2000","1000","C1100046","039","25","7444","37.5794283422818","126.889782954548"
"경기도 부천시 고강로72번길 49 (고강동)","미소가득한약국","032-675-0531","2100","0900","2100","0900","2100","0900","2100","0900","2100","0900","1900","0900","C2100243","144","16","7445","37.52758134103504","126.81223202602308"
"경상남도 양산시 동면 금오13길 4, 네오스퀘어","미소가있는약국","055-383-7557","2000","0900","2000","0900","2000","0900","2000","0900","2000","0900","1700","0900","C2801830","506","50","7446","35.31615188755977","129.02563400751282"
"경기도 시흥시 장곡로 50, (주)진보유통 3층 301호 (장곡동)","미소그린약국","031-313-7558","1800","0900","1800","0900","1800","0900","1800","0900","1800","0900","1300","0900","C2109331","150","02","7447","37.3797108032607","126.783163854703"
"광주광역시 서구 죽봉대로 61, 2층 (화정동)","이마트 신세계점 2층","미소그린약국","062-360-0160","1900","1000","1900","1000","1900","1000","1900","1000","2000","1000","2000","1000","2000","1000","2000","1000","C1500097","619","37","7448","35.15876189603693","126.88203225495508"
"서울특별시 성북구 보국문로 49, 1층 (정릉동)","미소담약국","02-6349-2589","1900","0900","1900","0900","1900","0900","1900","0900","1900","0900","1530","0900","C1103850","027","09","7449","37.6087955964169","127.009689231774"
"경기도 부천시 장말로 202, (상동)","강내과의원1층(상동시장입구)","미소담약국","032-612-6771","2100","0900","2100","0900","2100","0900","2100","0900","2100","0900","2100","0900","C2100339","146","18","7450","37.492674682382074","126.76432182677374"
"경기도 시흥시 월곶중앙로70번길 3, 310-1호 (월곶동, 풍림프라자)","미소담약국","031-435-2589","1900","0900","1900","0900","1900","0900","1900","0900","1900","0900","1600","0900","1300","0900","C2103322","149","64","7451","37.3902483934","126.7357477677"
"대구광역시 남구 대명로 155, 1층 (대명동)","미소드림약국","053-655-8548","1800","0900","1800","0900","1800","0900","1800","0900","1800","0900","C1301864","424","74","7452","35.839534543079","128.574750422499"
"서울특별시 성북구 동소문로 10, 1층 (동소문동2가, 카프리빌딩)","성신여대입구역 1번 출구","미소드림약국","02-747-6464","1930","0800","1930","0800","1930","0800","1930","0800","1930","0800","1400","0800","C1107843","028","60","7453","37.5887327686781","127.007333614721"
"충청북도 청주시 청원구 주성로 269, 미래빌딩 101호 (주성동)","미소드림약국","043-215-0425","1930","0900","1930","0900","1930","0900","1930","0900","2130","0900","1530","0900","C2301156","283","18","7454","36.6707262936997","127.496302094303"
"울산광역시 남구 수암로 93-1, 1층 (신정동)","미소랑약국","052-243-2202","1900","0900","1900","0900","1900","0900","1900","0900","1900","0900","1300","0900","C1700605","447","39","7455","35.52950734697891","129.31816573073544"
"부산광역시 사하구 다대로 279 (장림동)","버스정류장: 영남중학교","미소래메디칼약국","051-261-7111","1830","0900","1830","0900","1830","0900","1830","0900","1830","0900","1330","0900","C1200801","495","11","7456","35.077258117333386","128.9775099131727"
"서울특별시 영등포구 영신로 238","미소로플라자 101호","미소로약국","02-3667-5066","2000","0900","2000","0900","2000","0900","2000","0900","2000","0900","1500","0900","C1103112","072","28","7457","37.5285509707178","126.904213373698"
"서울특별시 강남구 테헤란로 503, 하이브로빌딩 2층 일부호 (삼성동)","점심시간 13:00~14:00","미소산약국","02-508-0918","1900","0900","1900","0900","1900","0900","1900","0900","1330","0900","C1109149","061","68","7458","37.507482322357","127.057165154904"
"대구광역시 중구 달구벌대로 2051, 108호 (계산동2가)","동아쇼핑옆","미소시티약국","053-425-5600","1800","0930","1800","0930","1800","0930","1800","0930","1800","0930","1700","0930","1300","0930","C1300704","419","33","7459","35.8667562714","128.5887283569"
"경기도 포천시 영중면 양문로 86, 1층","미소약국","031-534-1232","1800","0900","1800","0900","1800","0900","1800","0900","1800","0900","1500","0900","C2103104","111","29","7460","37.99990694444615","127.24241902375604"
"경기도 군포시 송부로74번길 3-40, 금강프라자 103호 (도마교동)","미소약국","031-407-7010","1900","0900","1900","0900","1900","0900","1900","0900","1900","0900","1300","0900","C2108655","158","85","7461","37.3162410320393","126.924232376702"
"서울특별시 동작구 국사봉1길 33, 범한빌딩 (상도동)","이마트성수점3층/","미소약국","02-462-3364","2200","0900","2200","0900","2200","0900","2200","0900","2200","0900","2200","0900","2200","0900","2200","0900","C1101211","070","41","7462","37.4991089813509","126.930362165612"
"인천광역시 부평구 안남로222번길 27 (산곡동)","경남1차아파트 경남종합상가 402호(외환은행 같은건물)","미소약국","032-511-1666","1930","0900","1930","0900","1930","0900","1930","0900","1930","0900","1300","0900","C1400234","213","77","7463","37.50370231748279","126.70998294542267"
"울산광역시 울주군 온양읍 연안2길 13","미소약국","052-237-7535","1930","0900","1930","0900","1930","0900","1930","0900","2030","0900","1400","0900","C1700685","449","79","7464","35.4091422269074","129.282573314545"
"서울특별시 중구 장충단로 201, 1층 (장충동1가)","미소약국","02-2277-8808","1900","0900","1900","0900","1900","0900","1900","0900","1900","0900","1430","0900","C1104517","046","15","7465","37.5627748946663","127.006499163862"
"서울특별시 양천구 곰달래로5길 17, 신월프라자 1층 (신월동)","미소약국","02-2065-7737","2000","0900","2000","0900","2000","0900","2000","0900","2000","0900","1600","0900","1600","0900","1800","0900","C1109151","079","21","7466","37.5311113555178","126.833603986348"
"서울특별시 동대문구 전농로 124, 1층 (전농동)","전농동로타리김현우내과건물1층","미소약국","02-2217-4365","1800","0830","1800","0830","1800","0830","1800","0830","1800","0830","1300","0830","C1104571","025","31","7467","37.5758888432964","127.057872293657"
"서울특별시 성동구 왕십리로 271-1, 1층 (행당동)","미소약국","02-2299-4041","1900","0900","1900","0900","1900","0900","1900","0900","1900","0900","1400","0900","C1107982","047","45","7468","37.5587551561902","127.037282649348"
"서울특별시 광진구 면목로 126","미소약국","02-3409-2744","1830","0900","1830","0900","1830","0900","1830","0900","1830","0900","1400","0900","C1101455","049","10","7469","37.5644865568447","127.080757468935"
"경기도 오산시 대원로 34 (원동)","미소약국","031-375-4798","2000","0930","2000","0930","2000","0930","2000","0930","2000","0930","1430","0930","C2102040","181","41","7470","37.146116666666664","127.072108333333333"
"경기도 평택시 평택2로 6","미소약국","031-657-2654","1900","0900","1900","0900","1900","0900","1900","0900","1900","0900","1600","0900","C2103844","179","09","7471","36.99214423168496","127.08754566936477"
"경기도 양주시 평화로 1432 (덕계동)","미소약국","031-858-7227","2000","0900","2000","0900","2000","0900","2000","0900","2000","0900","1600","1300","C2102859","114","44","7472","37.81865922017022","127.04639205467686"
"경기도 용인시 수지구 문정로 22 (풍덕천동)","수지구보건소1층","미소약국","031-266-9005","1800","0900","1800","0900","1800","0900","1800","0900","1800","0900","1200","0900","C2103272","168","35","7473","37.3229130922","127.0961167699"
"울산광역시 북구 산하중앙2로 290 (산하동)","미소약국","052-244-7582","2000","0900","2000","0900","2000","0900","2000","0900","2000","0900","1500","0900","1300","0900","C1700349","442","64","7474","35.63590467468873","129.43886342817314"
"경기도 구리시 장자대로 72, 미림프라자 403호 (수택동)","미소약국","031-562-1490","1900","0900","1900","0900","1900","0900","1900","0900","1900","0900","1500","0900","C2103831","119","48","7475","37.58726309436785","127.13845509307117"
"경기도 구리시 경춘로 163, 103호 (교문동,청광노블하임빌딩)","미소약국","031-551-9942","1800","0900","1800","0900","1800","0900","1800","0900","1800","0900","1400","0900","C2103004","119","23","7476","37.60089936070464","127.13333472182481"
"경기도 성남시 중원구 산성대로372번길 13 (금광동)","일요일, 공휴일 방문 전 전화확인 필요","미소약국","031-731-7763","2100","0900","2100","0900","2100","0900","2100","0900","2100","0900","2000","0900","C2100869","131","79","7477","37.44504656004003","127.15855010723206"
"경기도 이천시 경충대로 2560-8, 1층 (중리동, 한일빌딩)","미소약국","031-633-8199","1830","0900","1830","0900","1830","0900","1830","0900","1830","0900","1400","0900","C2101961","173","73","7478","37.27500205535513","127.44888775555506"
"경기도 파주시 금정7길 29, 103호 (금촌동)","미소약국","031-945-8762","2000","0900","2000","0900","2000","0900","2000","0900","2000","0900","1600","0900","1300","1000","C2102442","109","24","7479","37.757266666666666","126.774669444444442"
"서울특별시 영등포구 문래로 83 (문래동3가)","미소약국","02-2672-9015","1830","0930","1830","0930","2000","1400","1830","0930","1830","0930","1330","0930","C1107085","072","94","7480","37.5199232334161","126.891294037504"
"경기도 고양시 일산동구 중앙로 1317, 1층 (장항동, 일산복합빌딩 )","장항동허유재병원1층","미소약국","031-810-9891","1800","0900","1800","0900","1800","0900","1800","0900","1800","0900","1600","0900","C2103697","104","01","7481","37.662938369790076","126.77003845568134"
"경기도 남양주시 진접읍 장현로 64, 1층 (일흥빌딩)","미소약국","031-571-6258","2100","0900","2100","0900","2100","0900","2100","0900","2100","0900","2000","0900","1600","1000","C2102804","120","13","7482","37.716333333333331","127.180199999999999"
"충청북도 음성군 감곡면 장감로125번길 6 (감곡면)","새한정형외과 건물, 점심 13시~14시","미소약국","043-877-5001","1800","0900","1800","0900","1800","0900","1800","0900","1800","0900","1300","0900","C2300987","276","03","7483","37.119171358757136","127.63639078607474"
"충청남도 홍성군 홍북읍 청사로150번길 20, 광명헤세드 104호","미소약국","041-631-1988","1900","0900","1900","0900","1900","0900","1900","0900","1900","0900","1300","0900","C2401295","322","56","7484","36.60135346612486","126.66834291464775"
"부산광역시 부산진구 백양관문로 3, 202호 (개금동, 개금주공아파트상가)","개금주공아파트 쇼핑상가 202호","미소약국","051-891-5885","1930","0900","1930","0900","1930","0900","1930","0900","1930","0900","1500","0900","C1200770","471","71","7485","35.15942317387604","129.03118527581654"
"경기도 용인시 처인구 금령로 108-1, 104호 (김량장동)","미소약국","031-323-1352","1930","0830","1930","0830","1930","0830","1930","0830","1930","0830","1500","0830","C2100513","170","51","7486","37.235346553243","127.20823419378811"
"경기도 안성시 죽산면 죽주로 271 (죽산면)","미소약국","031-676-0711","1800","1000","1800","1000","1800","1000","1800","1000","1800","1000","C2108353","175","19","7487","37.0758773755884","127.425214538729"
"경기도 수원시 영통구 봉영로 1587, 다모아프라자 103호 (영통동)","미소약국","031-203-1550","1930","1000","1930","1000","1930","1000","1930","1000","1930","1000","1530","0930","C2107863","167","03","7488","37.253326613842965","127.07233458871886"
"경기도 광명시 안재로10번길 31, 1층 (하안동)","미소약국","02-899-2606","2030","0900","2030","0900","2030","0900","2030","0900","2030","0900","1330","0900","C2104019","142","59","7489","37.46097640522286","126.87467596854249"
"경기도 안양시 동안구 관악대로 340, 1층 (관양동)","미소약국","031-347-1136","1900","0900","1900","0900","1900","0900","1900","0900","1900","0900","1600","0900","C2108596","139","45","7490","37.4033113734338","126.960489652322"
"경기도 김포시 봉화로181번길 35, 104호 (감정동, 한국아파트상가동)","감정동 홈플러스 근처 한국상가 1층","미소약국","031-983-6756","1900","0900","1900","0900","1900","0900","1900","0900","1900","0900","1600","0900","C2103527","101","02","7491","37.62684984477585","126.70032538666687"
"서울특별시 송파구 오금로31길 11 (방이동)","미소약국","02-418-5090","2000","0830","2000","0830","2000","0830","2000","0830","2000","0830","1900","0830","C1101496","056","45","7492","37.5070261053055","127.121537924578"
"서울특별시 서초구 서운로 39, 1층 101호 (서초동, 원진빌딩)","원진빌딩101호","미소약국","02-3487-3454","2100","0900","2100","0900","2100","0900","2100","0900","2100","0900","1700","0900","C1101491","067","27","7493","37.4873967588158","127.028496170379"
"서울특별시 강서구 양천로 73, 108호 (방화동)","미소약국","02-2664-2551","1900","0900","1900","0900","1900","0900","1900","0900","1900","0900","1400","0900","C1107228","075","17","7494","37.5737251867757","126.811826043779"
"대구광역시 달성군 다사읍 달구벌대로 863, 진광타워 108호","대실역1번출구국민은행건물1층","미소약국","053-592-0400","1900","0900","1900","0900","1900","0900","1900","0900","1900","0900","1600","0900","1300","0900","C1300170","429","14","7495","35.8588668078307","128.46437157920286"
"서울특별시 강남구 테헤란로 514, 5층 (대치동,삼흥제2빌딩)","삼성역 4번출구","미소약국","070-4127-1351","1850","0900","1850","0900","1850","0900","1850","0900","1850","0900","1245","0900","C1101373","061","80","7496","37.5074267999126","127.059755460388"
"부산광역시 부산진구 가야대로 769 (부전동)","버스정류장: 롯데백화점 맞은편 ABC메디칼 내","미소약국","051-816-9977","1930","0900","1930","0900","1930","0900","1930","0900","1930","0900","1700","0900","C1200441","472","57","7497","35.15798066884784","129.0558026444404"
"서울특별시 강동구 구천면로 232","구천호사거리천호성당옆","미소약국","02-470-8941","1900","0900","1900","0900","1900","0900","1500","0900","1900","0900","1500","0900","C1101498","053","34","7498","37.5411461715748","127.130302232039"
"부산광역시 중구 대영로 213","부산터널 윗쪽길 진윤원 내과 1층","미소약국","051-442-2525","1800","0900","1800","0900","1800","0900","1800","0900","1800","0900","1500","0900","C1200261","489","10","7499","35.11244666144601","129.03422083468416"
"대구광역시 북구 서변로 97, (서변동)","서변동하나로마트입구","미소약국","053-951-3540","1830","0900","1830","0900","1830","0900","1830","0900","1830","0900","1300","0900","C1300375","414","74","7500","35.92457979737662","128.5966005607766"
"부산광역시 부산진구 양지로5번길 31, (양정동)","홍제병원 옆","미소약국","051-866-5156","1830","0900","1830","0900","1830","0900","1830","0900","1830","0900","1330","0900","C1201298","472","29","7501","35.171161633205024","129.07024921147826"
"부산광역시 북구 덕천로 303(만덕동)","신만덕 농협 사거리에서 부산은행 방향","미소약국","051-335-2621","1900","0900","1900","0900","1900","0900","1900","0900","1900","0900","1400","0900","C1200752","465","66","7502","35.209634332100656","129.03702408709287"
"부산광역시 동래구 여고로 8, 1층 (사직동)","세계로병원 옆","미소약국","051-505-8275","1800","0845","1800","0845","1800","0845","1800","0845","1800","0845","1300","0900","C1201168","478","76","7503","35.194269484858495","129.06464213788638"
"경기도 화성시 봉담읍 와우로73번길 6, 태천센타 지층 109호 (봉담읍)","공휴일, 일요일 미운영","미소약국","031-238-5940","1900","0900","1900","0900","1900","0900","1900","0900","1900","0900","1300","0900","C2108480","183","21","7504","37.214119459653","126.974210427817"
"대구광역시 중구 중앙대로 411 (동일동)","미소약국","053-252-2959","2000","0930","1900","0930","1900","0930","2000","0930","1900","0930","1400","0930","C1300462","419","35","7505","35.86982967410131","128.5934508054755"
"부산광역시 사하구 다대낙조1길 5(다대동)","점심 13:00-14:00","1호선 다대포해수욕장역 1번 출구","미소약국","051-265-9978","1900","0900","1900","0900","1900","0900","1900","0900","1900","0900","1400","0900","C1202484","495","05","7506","35.04930461518438","128.9650300984265"
"부산광역시 서구 감천로 261, 1층 105호, 107호 (암남동, 삼성비치타운)","버스정류장: 고신대학교복음병원 앞","미소약국","051-255-5587","1800","0900","1800","0900","1800","0900","1800","0900","1800","0900","C1202570","492","65","7507","35.0814276155737","129.016443516771"
"서울특별시 노원구 상계로10길 12, 1층 (상계동)","미소약국","02-930-2270","1820","0800","1820","0800","1820","0800","1820","0800","1820","0800","1630","0800","C1101452","016","96","7508","37.65698503496","127.067610270569"
"부산광역시 해운대구 재반로 150, 201호 (재송동, 보라스카이타운)","버스정류장:재송삼익아파트삼거리","미소약국","051-784-7377","1840","0900","1840","0900","1840","0900","1840","0900","1840","0900","1300","0900","C1200946","480","53","7509","35.19148217034028","129.12822750070185"
"부산광역시 연제구 중앙대로 1045 (연산동)","점심 13:00-14:00","1호선 시청역 7번출구","미소약국","051-866-9975","1840","0900","1840","0900","1840","0900","1840","0900","1840","0900","1300","0900","C1201037","475","42","7510","35.181869444444445","129.077911111111121"
"부산광역시 사상구 사상로 325 (덕포동)","2호선 덕포역 3번 출구","미소약국","051-305-3354","1900","0830","1900","0830","1900","0830","1900","0830","1900","0830","1330","0830","C1200758","469","48","7511","35.17371493076163","128.98361392040078"
"부산광역시 강서구 과학산단로306번길 10 (지사동, 협성 · DS 엘리시안)","점심시간 13시~14시","버스정류장: 협성 DS 엘리시안 아파트 상가 115동 206호","미소약국","051-971-9552","1900","0900","1900","0900","1900","0900","1900","0900","1900","0900","1320","0900","C1202143","467","43","7512","35.15047558532103","128.83644999197384"
"충청북도 청주시 상당구 대성로 29 (석교동)","미소약국","043-257-2599","1800","0830","1800","0830","1800","0830","1800","0830","1800","0830","1300","0830","C2300175","287","25","7513","36.62788602989938","127.49318711446277"
"충청남도 보령시 중앙로 68 (대천동)","미소약국","041-935-0422","1800","0800","1800","0800","1800","0800","1800","0800","1800","0800","1400","0800","C2401597","334","65","7514","36.350413285317124","126.59674853937184"
"경기도 부천시 소사로 231, 이에스타워 1층 일부호 (소사본동)","미소약국","032-345-8161","2000","0900","2000","0900","2000","0900","2000","0900","2000","0900","1500","0900","C2108784","147","05","7515","37.4789657455247","126.795289425663"
"경기도 용인시 기흥구 보정로 115","미소약국","031-898-2882","1800","0900","1800","0900","1800","0900","1800","0900","1800","0900","1300","0900","C2101004","168","98","7516","37.319923314832685","127.11527857858582"
"충청남도 아산시 문화로 329 (모종동)","신정, 명절당일 휴무","모종튼튼소아청소년과의원 같은건물","미소약국","041-534-1533","2000","0900","2000","0900","2000","0900","2000","0900","2000","0900","1600","0900","1300","0900","1300","0900","C2401592","315","27","7517","36.783284789574296","127.01778999596315"
"부산광역시 부산진구 복지로 65 (개금동)","개금역 2번 출구/백병원 정문 앞","미소약국","051-897-2345","1830","0830","1830","0830","1830","0830","1830","0830","1830","0830","1300","0900","C1200110","473","88","7518","35.14734180492087","129.02030749149765"
"부산광역시 연제구 과정로 144 (연산동, 미소메디칼 1층)","버스정류장: 연제예식장","미소약국","051-753-6123","1900","0900","1900","0900","1900","0900","1900","0900","1900","0900","1400","0900","C1200949","475","70","7519","35.18434166666666","129.10730000000163"
"부산광역시 사하구 하신번영로 320(하단동, 옥돌골든아르빌)","버스정류장: 가락타운104동 맞은편","미소약국","051-205-2429","2030","0930","2030","0930","2030","0930","1900","0930","2030","0930","1200","0930","C1201146","493","06","7520","35.1093547796","128.9591145377"
"경기도 안산시 상록구 예술광장1로 124, 선경프라자 107호 (성포동)","미소약국","031-481-9006","1900","0830","1900","0830","1900","0830","1900","0830","1900","0830","1300","0830","C2104211","152","91","7521","37.3158851658","126.8733875018"
"대전광역시 중구 서문로 133 (문화동)","미소약국","042-587-7346","1830","0830","1830","0830","1830","0830","1830","0830","1830","0830","1300","0830","C1601248","349","59","7522","36.31983198404643","127.40508053198738"
"울산광역시 중구 번영로 566 (남외동)","병영농협옆병영정형외과1층","미소약국","052-295-3489","1900","0900","1900","0900","1900","0900","1900","0900","1900","0900","1530","0900","C1700101","445","07","7523","35.568192370804915","129.3439371167628"
"대전광역시 유성구 유성대로654번길 182 (봉명동)","유성고등학교정문을등뒤로하고오른쪽으로약500m(한사랑의원)/유성한사랑의원 1층 / 365일 10시까지","미소약국","042-825-3243","2100","0900","2100","0900","2100","0900","2100","0900","2100","0900","2100","0900","2200","0900","2200","0900","C1600520","341","80","7524","36.35014435173073","127.33892520686149"
"대전광역시 서구 갈마로 245","서구내동파출소맞은편","미소약국","042-528-6688","1800","0900","1800","0900","1800","0900","1800","0900","1800","0900","1300","0900","1300","0900","C1600593","352","94","7525","36.33413785965872","127.38152350846346"
"전북특별자치도 정읍시 수성로 43, 그린빌딩 (수성동)","수성지구 패밀리마트, 파리바게트, 기아자동차 사거리에 위치","미소약국","063-535-4271","2000","0900","1800","0900","2000","0900","2000","0900","2000","0900","2000","0900","C2500542","561","75","7526","35.581919435839005","126.85496797328423"
"충청남도 공주시 번영1로 120, 은우빌딩 102호 (신관동)","미소약국","041-853-5691","1830","0830","1230","0830","1830","0830","1830","0830","1830","0830","1230","0830","C2401517","325","81","7527","36.4740421711","127.1407973229"
"경상남도 함안군 가야읍 가야로 40","문화의거리옆","미소약국","055-583-1953","1800","0900","1800","0900","1800","0900","1800","0900","1800","0900","1300","0900","C2801018","520","45","7528","35.27735791861453","128.40554197353262"
"경상북도 칠곡군 왜관읍 중앙로 73","대백마트 내 위치","삼부쇼핑 주변","미소약국","054-973-2277","2000","0900","2000","0900","2000","0900","2000","0900","2000","0900","1700","0900","C2700096","399","05","7529","35.9817158313","128.3982413216"
"경상북도 경주시 원화로 389, 미림빌딩 (황성동)","미소약국","054-773-9238","1800","0900","1800","0900","1800","0900","1800","0900","1800","0900","1300","0900","C2701560","380","88","7530","35.85529912016559","129.2185622967584"
"전라남도 목포시 이로로 12 (용해동)","미소약국","061-272-0272","1830","0830","1830","0830","1830","0830","1830","0830","1830","0830","C2601108","587","01","7531","34.80206362","126.37800030930002"
"경상북도 포항시 남구 오천읍 원동로 4, 107호 (엠파이어상가)","두호동사거리베스킨라빈스건물","미소약국","054-293-2244","1900","0900","1900","0900","1900","0900","1900","0900","1900","0900","1400","0900","C2700488","378","86","7532","35.96329983609725","129.40326484833767"
"세종특별자치시 한누리대로 2016, 1층 105호 (소담동, 타임빌딩)","소담동","미소약국","044-862-9575","1900","0830","1900","0830","1900","0830","1900","0830","1900","0830","1400","0900","1400","0900","C1800246","301","51","7533","36.4850171654","127.299627896"
"강원특별자치도 원주시 서원대로 162, 2층 1호 (단계동)","미소약국","033-745-5516","1930","0900","1930","0900","1930","0900","1930","0900","1930","0900","1500","0900","C2201019","263","82","7534","37.34387452299829","127.9293551531331"
"강원특별자치도 인제군 인제읍 인제로193번길 1","당번약국으로 운영","한사랑의원 맞은편","미소약국","033-461-5011","1900","0830","1900","0830","1900","0830","1900","0830","1900","0830","1600","0830","1800","0900","C2200516","246","32","7535","38.06896989663725","128.1717056156815"
"강원특별자치도 춘천시 춘천로 185 (운교동)","동부시장입구","미소약국","033-244-6622","1830","0900","1830","0900","1830","0900","1830","0900","1830","0900","1300","0900","C2200343","243","50","7536","37.876703390252246","127.73496480007043"
"광주광역시 북구 양일1로 3 (연제동, 신안타워)","미소약국","062-571-3262","1900","0830","1900","0830","1900","0830","1900","0830","1900","0830","1400","0830","C1501116","610","91","7537","35.1975105165","126.8709408167"
"전라남도 여수시 문수로 16-1 (문수동)","5월 29(화) 23:00까지근무","여서동로타리","미소약국","061-654-7070","1800","0830","1800","0830","1800","0830","1800","0830","1800","0830","1230","0830","C2600553","550","200","7538","34.74985503857978","127.69959685008763"
"강원특별자치도 동해시 청운1길 51","쇄운동 부영아파트단지 백봉빌딩1층","미소약국","033-521-3977","2000","0830","2000","0830","2000","0830","2000","0830","2000","0830","1900","0830","C2200009","258","08","7539","37.48627255554749","129.1088680364988"
"인천광역시 남동구 서창남순환로215번길 48","미소약국","032-468-7323","2000","0900","2000","0900","2000","0900","2000","0900","2000","0900","1700","0900","C1401660","216","14","7540","37.4261816612","126.7476062546"
"인천광역시 미추홀구 경원대로 884","더월드스테이트상가 217호, 간석역 남광장 앞","미소약국","032-215-1585","2100","0800","2100","0800","2100","0800","2100","0800","2100","0800","1700","0900","1700","0900","1700","0900","C1400360","221","43","7541","37.462853748179114","126.69537054392481"
"인천광역시 서구 고산로 29, (원당동)","원당동제일은행1층","미소약국","032-567-7772","1700","0900","1700","0900","1700","0900","1700","0900","1700","0900","1700","0830","C1400655","226","24","7542","37.594116026355515","126.6950136845636"
"전라남도 순천시 해룡면 향매로 67","미소약국","061-725-7717","1300","0900","1300","0900","1300","0900","1300","0900","1300","0900","1300","0900","C2601071","580","12","7543","34.934286317303794","127.5469695659124"
"대구광역시 남구 월배로 468, 한영유니죤빌딩 105호 (대명동)","미소약국","053-657-2089","2300","0900","2300","0900","2300","0900","2300","0900","2300","0900","1800","0900","1800","0900","C1301599","424","98","7544","35.834639279947574","128.55595923704473"
"경상남도 김해시 가락로 19 1층 (부원동, 아름다운뉴욕메디컬센터)","미소약국","055-326-1127","1830","0900","2000","0900","1830","0900","1830","0900","2000","0900","1500","0900","1200","0930","C2800907","509","26","7545","35.228362692933","128.88231858026805"
"경상북도 상주시 동수4길 62, 102호 (무양동)","미소약국","054-907-6257","2100","0830","2100","0830","2100","0830","2100","0830","2100","0830","1800","0830","C2701776","371","66","7546","36.4229216613459","128.154561066107"
"부산광역시 금정구 무학송로 106 (부곡동)","미소약국","051-946-0077","1900","0800","1900","0800","1900","0800","1900","0800","1900","0800","1900","0800","1900","0800","C1203060","462","66","7547","35.2405910730612","129.093644780533"
"전북특별자치도 김제시 동서12길 70","김제시립도서관 옆","미소약국","063-546-3513","1730","0830","1730","0830","1730","0830","1730","0830","1730","0830","1300","0830","C2500410","543","92","7548","35.79925725178038","126.8920114778025"
"충청남도 논산시 중앙로410번길 6, 속편한빌딩 1층 (취암동)","미소약국","041-733-0733","1730","0830","1730","0830","1730","0830","1730","0830","1700","0830","1300","0830","1730","0830","C2401276","329","74","7549","36.202210593958824","127.08669569119944"
"경상남도 양산시 물금읍 황산로 647, 1층 (물금읍)","미소약국","055-364-5878","1930","0830","1930","0830","1930","0830","1930","0830","1930","0830","1530","0830","1300","0830","C2802088","505","97","7550","35.329122196246665","129.00438737843055"
"경상남도 통영시 광도면 죽림1로 17-51","롯데리아","미소약국","055-646-2335","2000","0900","2000","0900","2000","0900","2000","0900","2000","0900","1500","0900","C2800914","650","826","7551","34.8797214897","128.4152615985"
"전북특별자치도 전주시 완산구 홍산로 249, 1층 101-2호 (효자동2가)","미소약국","063-237-3801","1900","0900","1900","0900","1900","0900","1900","0900","1900","0900","1400","0900","C2501334","549","66","7552","35.816017961487","127.105517303969"
"대구광역시 동구 효목로 41, 1층 (효목동)","미소약국","053-755-2468","1800","0900","1800","0900","1300","0900","1800","0900","1800","0900","1300","0900","C1301362","412","37","7553","35.87715150126629","128.63944381389382"
"경기도 의정부시 용민로 76, 송산빌딩 101호 (용현동)","미소약국","031-851-4730","1800","0900","1800","0900","1800","0900","1800","0900","1800","0900","1300","0900","C2109935","117","85","7554","37.7373653822212","127.086776319239"
"경상남도 진주시 진주대로 1206, 1층 (봉곡동)","공휴일 전화확인 요망","국제로타리 근처","미소약국","055-743-2058","1300","0900","1300","0900","1300","0900","1300","0900","1300","0900","C2800585","526","64","7555","35.1944429753908","128.0713052291368"
"서울특별시 서대문구 통일로 402-1, 1층 (홍제동)","1.3주 토요일 정기휴무","미소약국","02-6487-6110","1900","0930","1900","0930","1900","0930","1900","0930","1900","0930","1300","0930","C1110306","036","32","7556","37.5856910754927","126.947845609309"
"충청남도 서산시 안견로 180, 2층 (동문동)","삼성생명 맞은편 1층","미소약국","041-668-0030","2000","0740","2100","0740","2100","0740","2100","0740","2000","0740","2000","0740","2000","0740","C2400581","319","81","7557","36.78230345895043","126.45914403752559"
"제주특별자치도 제주시 월랑로8길 1","아란야플라자105호","미소약국","064-712-2928","1830","0830","1830","0830","1500","0830","1830","0830","1830","0830","1300","0830","C2900101","630","97","7558","33.48879522851938","126.47667612440421"
"충청북도 청주시 청원구 내수읍 마산5길 15-16 (내수읍)","매수신협 옆,둘째주 일요일만 운영, 09:00~21:00","미소약국","043-211-9978","2100","0830","2100","0830","2100","0830","2100","0830","2100","0830","1700","0830","1400","0830","C2300931","281","45","7559","36.72508032475012","127.53509019287756"
"전북특별자치도 군산시 월명로 192, 한빛빌딩 1층 102호 (수송동)","미소약국","063-464-8704","1830","0830","1830","0830","1830","0830","1830","0830","1830","0830","1230","0900","C2501312","541","00","7560","35.96101684791502","126.71607445730466"
"대전광역시 대덕구 석봉로37번길 60-19, 1층 (석봉동)","미소약국","042-934-1383","1900","0830","1900","0830","1900","0830","1900","0830","1900","0830","1300","0830","C1601317","343","18","7561","36.450337894932","127.427113327187"
"광주광역시 서구 상무버들로 28, 1층 (유촌동)","버들마을우체국맞은편","미소약국","062-373-2231","1900","0900","1900","0900","1900","0900","1900","0900","1900","0900","1300","0900","C1500580","619","10","7562","35.16460283297906","126.86031505844394"
"울산광역시 중구 명륜로 17, 1층 (태화동)","울산중구태화동태화빌딩미소열린약국","미소열린약국","052-248-8275","1810","0900","1810","0900","1810","0900","1810","0900","1810","0900","1330","0900","C1700250","444","52","7563","35.553911065962794","129.30870085423226"
"대구광역시 수성구 지범로 188 (범물동, 청구리빙월드)","미소온누리약국","053-782-3005","1800","0930","1800","0930","1800","0930","1800","0930","1800","0930","1400","0930","C1301341","422","09","7564","35.82080041435608","128.63951883605793"
"서울특별시 강남구 논현로168길 40, 103호 (신사동)","미소온누리약국","02-516-8999","1930","1000","1930","1000","2100","1000","1930","1000","1930","1000","1600","1000","C1109724","060","24","7565","37.523075310859","127.031327551361"
"서울특별시 광진구 아차산로 373, 원이빌딩 1층 (구의동)","미소온누리약국","02-455-6813","2000","0800","2000","0800","2000","0800","2000","0800","2000","0800","1500","0800","C1107089","050","44","7566","37.5370119376395","127.084032696421"
"전라남도 순천시 중앙로 4","미소온누리약국","061-746-7901","1300","0830","1300","0830","1300","0830","1300","0830","1300","0830","C2601075","579","56","7567","34.947348166179616","127.48793726402597"
"서울특별시 관악구 난곡로 295, 1층 (신림동)","미소온누리약국","028388868","1930","0900","1930","0900","1930","0900","1930","0900","1930","0900","1500","0900","C1107663","087","71","7568","37.4803621308895","126.914520076382"
"경기도 수원시 장안구 수성로 334, 우생건강원 1층 (영화동)","미소온누리약국","031-255-7775","1800","0900","1800","0900","1800","0900","1800","0900","1800","0900","C2108990","162","71","7569","37.2922447973893","127.008591533581"
"대구광역시 서구 달서로 42 1층","미소온누리약국","053-622-0110","1800","0900","1800","0900","1800","0900","1800","0900","1800","0900","C1300534","418","10","7570"
"서울특별시 중랑구 봉화산로 217 (신내동, 오상빌딩내)","미소은혜약국","02-3422-2755","1900","0900","1900","0900","1900","0900","1900","0900","1900","0900","1400","0900","C1100388","020","54","7571","37.6077684396848","127.096812829256"
"경기도 시흥시 정왕대로 178, 광개토빌딩2 117호 (정왕동)","미소지우약국","031-499-6550","2000","0900","2000","0900","2000","0900","2000","0900","2000","0900","1500","0900","1400","0900","C2107089","150","36","7572","37.347809799479045","126.7339689126966"
"경기도 안양시 동안구 관악대로 103, 103에비뉴 6층 610, 611호 (비산동)","미소지은온누리약국","031-466-5669","1930","0900","1930","0900","1930","0900","1930","0900","1930","0900","1600","0900","C2107469","139","23","7573","37.3991506094","126.9354446967"
"광주광역시 서구 화운로 129, 1층 101호 (화정동)","365일 연중무휴","화정아동병원 1층에 위치한 약국입니다. 지상,지하 주차장 완비하고 있습니다.","미소지음약국","062-371-0914","2000","0800","2000","0800","2000","0800","2000","0800","2000","0800","1700","0800","1700","0800","1700","0800","C1501260","619","87","7574","35.1505402984999","126.877654456265"
"서울특별시 강동구 양재대로 1661, (명일동)","임시공휴일이나 대체공휴일은 운영합니다.","미소진약국","02-428-3365","2030","0900","1930","0900","1930","0900","1930","0900","2030","0900","1600","0900","C1102690","052","57","7575","37.5538571094692","127.143944021144"
"전북특별자치도 전주시 완산구 호암로 29, 101, 102호 (효자동2가)","효자동 휴먼시아@1단지 근처","미소진약국","063-221-7542","2000","0830","2000","0830","2000","0830","2000","0830","2000","0830","1800","0830","C2500858","550","63","7576","35.80935550906055","127.09758111155804"
"서울특별시 성동구 장터길 19(금호동3가)","진영빌딩 1층","미소진약국","02-2233-1554","2030","0900","2030","0900","2030","0900","2030","0900","2030","0900","1400","0900","C1104012","047","24","7577","37.5484801801775","127.018033514449"
"서울특별시 송파구 올림픽로 119 (잠실동)","파인애플상가 529-2호","미소진약국","02-412-7380","1900","0900","1900","0900","1900","0900","1900","0900","1900","0900","1400","0900","C1101465","055","01","7578","37.5120843432468","127.084186279267"
"부산광역시 사하구 낙동남로 1388, 1층 (하단동)","단, 공휴일은 병원 근무 시간에 따름. 예시) 12/25 09:00~13:00 영업, 1/1 휴무","1호선 하단역 2번출구/하단 미래아이여성병원 1층 새미래약국","미소짓는 약국","051-204-1356","2000","0900","2000","0900","2000","0900","2000","0900","2000","0900","1500","0900","1300","0900","1300","0900","C1202392","494","26","7579","35.1058739784","128.9634835185"
"경기도 평택시 동삭로 384, 동화메디컬 1층 (동삭동)","미소짓는약국","031-692-2505","2100","0830","2100","0830","2100","0830","2100","0830","2100","0830","C2108259","178","45","7580","37.0201935365293","127.096890328329"
"경기도 이천시 이섭대천로 1387-1 (증포동)","미소짓는약국","031-633-7923","1800","0900","1800","0900","1800","0900","1800","0900","1800","0900","1600","0900","C2107700","173","46","7581","37.2922428657","127.4549041743"
"전라남도 순천시 조례1길 10-21(조례동)","미소큰약국","061-725-7151","1920","0900","1920","0900","1920","0900","1920","0900","1920","0900","1620","0900","1230","0900","C2601284","579","47","7582","34.9596175112652","127.522384824831"
"인천광역시 서구 청마로 17, 준성빌딩 104, 105호 (당하동)","공휴일 유동근무 전화요","검단탑병원 옆 위치","미소탑약국","032-566-0182","1330","0830","1330","0830","1330","0830","1330","0830","1330","0830","1330","0830","1830","0830","C1400426","226","75","7583","37.59237088592283","126.67053757456046"
"충청남도 천안시 동남구 대흥로 256 (대흥동)","일반의약품, 처방조제 및 동물의약품도 취급","대흥동우체국옆","미소팜약국","041-552-0082","2000","0900","2000","0900","2000","0900","2000","0900","2000","0900","1700","0900","C2401263","311","28","7584","36.81067888839356","127.14871811776189"
"광주광역시 서구 군분로179번길 18, 1층 (화정동)","미소한약국","062-682-4666","1800","0900","1800","0900","1800","0900","1800","0900","1800","0900","1300","0900","C1501195","620","47","7585","35.14694317481369","126.88400509812902"
"부산광역시 금정구 서동로 159, 1층 (서동)","4호선 서동역 3번 출구 부근 / 세웅병원 인근","미솜약국","051-531-6331","1900","0900","1900","0900","1900","0900","1900","0900","1900","0900","1400","0900","C1202376","463","20","7586","35.2148352694","129.1041065634"
"경상남도 통영시 미우지4길 2, (미수동)","경남아파트","미수약국","055-646-4772","1830","0900","1830","0900","1830","0900","1830","0900","1830","0900","C2800915","530","69","7587","34.82566169849555","128.4018101973228"
"부산광역시 해운대구 해운대로 413","공휴일 운영 별도 연락바람","2호선 벡스코역 2번출구","미술관옆약국","051-744-5501","1900","0900","1900","0900","1900","0900","1900","0900","1900","0900","1330","0900","C1202379","480","64","7588","35.1671059362","129.1409648699"
"서울특별시 강북구 도봉로 217, 1층 (미아동)","방문 전 전화확인 후 이용하시기 바랍니다","미아역 8번 출구","미아역온누리약국","02-985-7703","1900","0900","1900","0900","1900","0900","1900","0900","1900","0900","1600","0900","1600","0930","C1107901","011","25","7589","37.6280577072037","127.025110730368"
"서울특별시 강북구 도봉로 65, 1층 (미아동)","미아삼거리역6번출구고려새한병원옆오이비인후과1층","미아팜약국","02-988-2376","1900","0900","1900","0900","1900","0900","1900","0900","1900","0900","1600","0900","C1103576","012","05","7590","37.6149234098145","127.029648629791"
"전라남도 여수시 선소로 72-13, (신기동)","신기동 부영3단지 앞","미안약국","061-684-1513","1800","0800","1800","0800","1800","0800","1800","0800","1800","0800","1330","0800","C2600222","596","88","7591","34.758791327734166","127.66823819204305"
"경상남도 창원시 의창구 도계로 87 (도계동)","형제그린빌라 옆","미앤키즈한약국","055-277-8073","2100","0900","2100","0900","2100","0900","2100","0900","2100","0900","2100","0900","C2801152","511","61","7592","35.25715095175618","128.6397541690036"
"강원특별자치도 홍천군 서면 한치골길 262","주말 확인 후 방문(성수기,비수기따라 유동적)","대명비발디파크 오크동","미약국","033-439-7337","1700","1030","1700","1030","1700","1030","1700","1030","1700","1030","1900","1030","1700","1030","1900","1030","C2200184","251","02","7593","37.64557045516391","127.68035420237056"
"대구광역시 달서구 당산로 89","미약국","053-572-8181","1830","0900","1830","0900","1830","0900","1830","0900","1830","0900","1500","0900","C1300937","426","53","7594","35.845419435132776","128.54436387010938"
"충청북도 충주시 계명대로 229 (연수동)","미약국","043-846-8276","2030","0830","2030","0830","2030","0830","2030","0830","2030","0830","1600","0830","C2301074","273","52","7595","36.9827565348","127.9400751499"
"인천광역시 부평구 광장로 4, 1층 일부호 (부평동)","미약국","032-502-4977","2100","0900","2100","0900","2100","0900","2100","0900","2100","0900","2000","0900","1900","1200","C1401911","214","04","7596","37.4910357451136","126.722536059679"
"서울특별시 마포구 신촌로 174, 102호 (대흥동)","이대역6번출구횡단보도앞","미약국","02-703-0400","1900","0900","1900","0900","1900","0900","1900","0900","1900","0900","1400","0900","C1102691","041","04","7597","37.5564869081135","126.944997098851"
"충청북도 음성군 음성읍 수정로 55, 1층","다나의원1층/시내사거리현대농약사앞","미약국","043-872-2079","1930","0830","1930","0830","1930","0830","1930","0830","1930","0830","1530","0830","1300","0800","1300","0800","C2300579","276","96","7598","36.93621015016327","127.68914862307608"
"경기도 고양시 덕양구 토당로 54, 충정회관 1(일부)층 (토당동)","미약국","031-971-2033","2100","0830","2100","0830","2100","0830","2100","0830","2100","0830","1930","0830","C2107868","105","10","7599","37.620750764512856","126.82040008408575"
"인천광역시 서구 고산후로95번길 20","공휴일 및 일요일 사전 문의","원당풍림아이원 뒤 상가","미약국","032-568-8998","2100","1300","2100","1300","2100","1300","2100","1300","2100","1300","2100","0900","2100","1300","2000","0900","C1400559","226","81","7600","37.592668501389156","126.69674181908314"
"경기도 안성시 미양면 안성맞춤대로 409,","미양성심약국","031-677-6174","2130","0900","2130","0900","2130","0900","2130","0900","2130","0900","2000","0900","2000","0900","2130","0900","C2101418","176","04","7601","36.95855329451646","127.24428017812873"
"서울특별시 강북구 솔샘로 229-1 (미아동)","삼양동사거리에서sk아파트방향200M직진우측플러스마트옆","미양온누리약국","02-988-8800","1950","0900","1950","0900","1950","0900","1950","0900","1950","0900","1750","0900","C1103371","011","88","7602","37.62014325849","127.018229325497"
"경기도 남양주시 퇴계원읍 퇴계원로 20, 1층","미엘약국","031-571-2147","2100","0900","2100","0900","2100","0900","2100","0900","2100","0900","1800","0900","1800","0900","1800","0900","C2108697","121","22","7603","37.6487334911668","127.141048740049"
"충청남도 천안시 서북구 월봉로 122 (쌍용동)","하나은행 건물","미원약국","041-573-4385","1830","0900","1830","0900","1830","0900","1830","0900","1830","0900","1400","0900","C2400015","311","66","7604","36.80163762756394","127.11885497686932"
"충청북도 청주시 상당구 미원면 단재로 2411 (미원면)","-미원삼거리 인근","미원약국","043-298-3332","1930","0830","1930","0830","1930","0830","1930","0830","1930","0830","1800","0830","C2300182","281","99","7605","36.631679521796876","127.6545189875861"
"강원특별자치도 강릉시 주문진읍 항구로 62, 2층","미인한약국","033-661-3672","1800","1100","1800","1100","1800","1100","1800","1100","1800","1100","C2201007","254","13","7606","37.89275209340003","128.82816312870105"
"경상남도 남해군 미조면 미조로 8 (미조면)","미조의원앞","미조약국","055-867-5766","1900","0800","1900","0800","1900","0800","1900","0800","1900","0800","1300","0800","C2800280","524","42","7607","34.712690416688915","128.0452940668627"
"경상남도 창원시 마산합포구 서성로 48","삼익아파트 맞은편","미주약국","055-243-8325","1900","0830","1900","0830","1900","0830","1900","0830","1900","0830","1600","0830","C2800181","517","19","7608","35.20129413534017","128.57179459514353"
"서울특별시 강서구 양천로6길 28, 상가동 108호 (방화동, 도시개발12단지아파트)","5호선개화산역1번출구,중앙부동산뒷편상가108호(1202동앞)온누리미주약국","미주약국","02-2665-7552","2100","0900","2100","0900","2100","0900","2100","0900","2100","0900","2100","0900","2100","1800","2100","0900","C1103455","076","11","7609","37.571825341921745","126.8062501637534"
"대구광역시 달서구 이곡공원로 42, (이곡동)","성서조달청옆","미주온누리약국","053-582-7366","1830","0900","1830","0900","1830","0900","1830","0900","1830","0900","1300","0900","C1300437","426","20","7610","35.85512637629795","128.51196765963328"
"충청남도 아산시 배방읍 희망로46번길 16, 1층","명절 당일 휴무","지하1층 02호","미즈약국","041-903-0622","2000","0900","2000","0900","2000","0900","2000","0900","2000","0900","1600","0830","1300","0930","1300","0930","C2400670","314","70","7611","36.790707717","127.1075748578"
"서울특별시 강서구 강서로47가길 12, 1층 (내발산동)","우장산역4번출구미즈메디병원후문앞","미즈약국","02-2661-2681","1830","0830","1830","0830","1830","0830","1830","0830","1830","0830","1330","0830","C1101471","076","39","7612","37.5521648737652","126.835447100924"
"서울특별시 강서구 강서로 299, 1층 (내발산동)","미즈정문온누리약국","02-2665-0302","1830","0830","1830","0830","1830","0830","1830","0830","1830","0830","1400","0830","C1104122","076","39","7613","37.5525461389729","126.836003506086"
"부산광역시 사하구 다대로 302, 2층 (장림동)","1호선 신장림역 3번 출구","미지약국","051-265-3008","1900","0900","1900","0900","1900","0900","1900","0900","1900","0900","1500","0900","1300","0900","1300","0900","C1202429","494","68","7614","35.0754156027","128.9764604314"
"광주광역시 서구 금화로 59","공휴일은 인근 병원 운영에 따라 운영시간이 변동되니 전화 후 방문요망","서광병원근처","미지원약국","062-385-0220","1820","0830","1820","0830","1820","0830","1820","0830","1820","0830","1300","0830","1800","0900","C1500485","620","07","7615","35.132258175369614","126.85545304990188"
"서울특별시 강남구 강남대로 390, B105호(역삼동,미진프라자)","미진프라자 B105호","미진약국","02-566-1954","2050","0730","2050","0730","2050","0730","2050","0730","2050","0730","1800","0800","C1103783","062","32","7616","37.4978399531903","127.028578846319"
"강원특별자치도 홍천군 홍천읍 홍천로 326","공휴일 전화후방문","키즈메디소아과1층","미키팜약국","033-433-3721","1800","0830","1800","0830","1800","0830","1800","0830","1800","0830","1800","0830","1800","0900","1800","0900","C2200191","251","39","7617","37.68805627143299","127.88165961333382"
"전라남도 여수시 미평로 58 (미평동)","미평햇살약국","061-655-2232","1900","0830","1900","0830","1900","0830","1900","0830","1900","0830","1500","0830","C2601309","596","30","7618","34.7680752485548","127.708670265713"
"경상남도 양산시 덕계로 61, 102호 (덕계동)","민광약국","055-367-6150","1900","0900","1900","0900","1900","0900","1900","0900","1900","0900","1600","0900","C2801043","505","54","7619","35.3739316092","129.150618773"
"경상북도 고령군 대가야읍 왕릉로 105-1","민다약국","054-954-1011","1900","0900","1900","0900","1900","0900","1900","0900","1900","0900","1300","0900","C2700732","717","801","7620","35.72917988924332","128.26712812281204"
"경기도 성남시 중원구 희망로344번길 3 (상대원동)","민당약국","031-734-0039","2000","0900","2000","0900","2000","0900","2000","0900","2000","0900","1900","0900","1900","1000","1900","1000","C2101126","132","31","7621","37.43645068193279","127.15845813597607"
"경상남도 진주시 진주대로 867 (주약동)","민들레약국","055-761-2133","1800","0900","1800","0900","1800","0900","1800","0900","1800","0900","1800","0830","C2801785","527","16","7622","35.177851067933766","128.0913748485704"
"서울특별시 영등포구 영신로 9, 주영빌딩 1층 (영등포동)","민들레약국","02-842-3492","1930","0830","1930","0830","1930","0830","1930","0830","1930","0830","1600","0830","C1110331","073","67","7623","37.5123720863197","126.909194641987"
"서울특별시 은평구 응암로 179, 1층 (응암동)","민들레약국","02-376-8552","1900","0900","1900","0900","1900","0900","1900","0900","1900","0900","1330","0830","C1107443","034","85","7624","37.588055746965","126.916384242043"
"대구광역시 동구 아양로 61, (신암동)","민들레약국","053-959-8275","1900","0830","1900","0830","1900","0830","1900","0830","1900","0830","1400","0830","C1300574","411","98","7625","35.882732209940286","128.62072343312016"
"충청북도 충주시 번영대로 239 (연수동)","농협하나로마트 부근","민들레약국","043-851-8575","1830","0830","1830","0830","1830","0830","1830","0830","1830","0830","1300","0830","C2300540","273","44","7626","36.9874661482","127.9442980106"
"서울특별시 동작구 보라매로 110, 영등포농협 1층 (대방동)","민들레약국","02-814-8275","1930","0900","1930","0900","1930","0900","1930","0900","1930","0900","1530","0900","C1108736","070","41","7627","37.4990985683018","126.928466477124"
"서울특별시 강서구 공항대로 236, 1층 101호 (마곡동)","민들레약국","02-2661-5950","1900","0800","1900","0800","1900","0800","1900","0800","1900","0800","1600","0800","C1109297","078","05","7628","37.5585410180689","126.833754085705"
"경기도 양평군 용문면 용문로 376-1, 정내과의원 (용문면)","민들레약국","031-773-2592","1800","0830","1800","0830","1300","0830","1800","0830","1800","0830","1300","0830","C2102995","125","23","7629","37.48555606669175","127.5951926613581"
"경기도 평택시 포승읍 여술2길 22,","민들레약국","031-681-5177","2200","0900","2200","0900","2200","0900","2200","0900","2200","0900","2100","0900","1300","0900","C2103304","179","55","7630","36.987438888888889","126.845583333333337"
"대구광역시 북구 연암로22길 1, 1층 (산격동)","민들레약국","053-942-2669","1830","0830","1830","0830","1830","0830","1830","0830","1830","0830","1300","0830","C1301020","415","40","7631","35.894196357220274","128.59448284184356"
"부산광역시 영도구 동삼로 12, (동삼동)","동삼동국민은행맞은편아래로도보50m","민들레약국","051-403-3007","1800","0900","1800","0900","1800","0900","1800","0900","1800","0900","1500","0900","C1201019","491","07","7632","35.07556333360406","129.07320247834065"
"부산광역시 금정구 금정로 147 (장전동)","1호선 장전역 1번 출구","민들레약국","051-581-7277","1900","0900","1900","0900","1900","0900","1900","0900","1900","0900","1330","0900","C1201173","462","83","7633","35.2377029583","129.0876549141"
"경상북도 포항시 남구 포스코대로 123, 1층층 (이동)","일요일은 전화연락 후 방문 요청_20190123","일요일은 전화연락 후 방문 요청_20190123","민들레약국","054-277-9652","1830","0800","1830","0800","1830","0800","1830","0800","1830","0800","1400","0800","C2701504","376","76","7634","36.0258951554","129.3392029415"
"경상북도 경주시 강동면 강동로 8-37 (강동면)","민들레약국","054-727-6479","1830","0900","1830","0900","1830","0900","1830","0900","1830","0900","1400","0900","C2701591","380","04","7635","35.9890436325278","129.275762490865"
"강원특별자치도 춘천시 행촌로 14 (퇴계동)","한성아파트 상가 맞은편","민들레온누리약국","033-255-5376","1900","0900","1900","0900","1900","0900","1900","0900","1900","0900","1500","0900","C2200154","244","53","7636","37.858262661431795","127.72340070567003"
"경기도 의정부시 오목로205번길 1 (민락동)","민락 길 약국","070-8837-3785","2000","0830","2000","0830","2000","0830","2000","0830","2000","0830","1500","0830","1300","1000","C2107292","118","13","7637","37.7446158019","127.0980845663"
"경기도 의정부시 천보로 64, 101호 (민락동)","민락그린약국","031-894-5111","1800","0900","1800","0900","1800","0900","1800","0900","1800","0900","1300","0900","C2109621","118","13","7638","37.7452180712739","127.094478868679"
"경기도 의정부시 용민로 483, 107,108호 (민락동, 보광프라자)","민락메디칼약국","031-853-1817","1900","0900","1900","0900","1900","0900","1900","0900","1900","0900","1500","0900","C2106849","118","15","7639","37.75075648071241","127.11808156546486"
"경기도 의정부시 오목로225번길 162 (민락동)","공휴일은 변동가능. 전화로 운영유무 문의바랍니다.","민락온누리약국","031-851-8517","2000","0900","2000","0900","2000","0900","2000","0900","2000","0900","1600","0900","1300","0900","1300","0900","C2106885","118","13","7640","37.744585233488344","127.09581531201564"
"부산광역시 동구 중앙대로231번길 17 (초량동)","버스정류장: 초량전통시장 중앙 위치","민생약국","051-467-4744","2000","0900","2000","0900","2000","0900","2000","0900","2000","0900","1800","0900","C1200781","488","15","7641"
"전북특별자치도 김제시 백구면 유강로 602-4","유강리 검문소 앞, 처장전 없이 조제가능","민생약국","063-543-0100","1800","0900","1800","0900","1800","0900","1800","0900","1800","0900","1700","0900","1800","0900","C2500314","543","27","7642","35.90751235906665","126.9341478469015"
"제주특별자치도 서귀포시 남원읍 태위로 687","남원읍사무소 서측","민생약국","064-764-1079","1800","0800","1800","0800","1800","0800","1800","0800","1800","0800","1800","0800","1100","0830","C2900102","636","21","7643","33.27943932923586","126.7198469846426"
"경기도 포천시 포천로 1640 (신읍동)","공휴일 방문 전 전화확인 필수","민생약국","031-532-4028","1930","0800","1930","0800","1930","0800","1930","0800","1930","0800","1630","0800","1630","0800","C2102637","111","42","7644","37.90246646014073","127.1989941447804"
"경상북도 포항시 북구 불종로 19","민생약국","054-247-3374","2130","0830","2130","0830","2130","0830","2130","0830","2130","0830","2130","0830","C2700687","377","06","7645","36.03905922173891","129.36184325304362"
"경상북도 경주시 금성로 295","방문 전 전화확인 필요","성건동중앙시장(아렛시장) 승강장및 공중전화박스앞.","민생약국","054-772-2587","1900","0900","1900","0900","1900","0900","1900","0900","1900","0900","1900","0900","1900","0900","1900","0900","C2700440","381","56","7646","35.84398267674271","129.2063148887293"
"서울특별시 강남구 언주로125길 6, (논현동)","민생약국","02-547-7903","2130","0830","2130","0830","2130","0830","2130","0830","2130","0830","1700","0830","C1101865","061","05","7647","37.5132238617034","127.03475958872"
"인천광역시 미추홀구 인하로 269","주안7동 동사무소옆건물 1층","민선당약국","032-864-9282","1830","0900","1830","0900","1830","0900","1830","0900","1830","0900","1300","0900","C1400507","222","15","7648","37.44829434363857","126.67807600670342"
"제주특별자치도 제주시 중앙로 515, 1층 (아라이동)","민성약국","064-722-1010","1800","0900","1800","0900","1800","0900","1800","0900","1800","0900","1300","0900","C2900445","632","47","7649","33.4750146381","126.5457409895"
"경상북도 경주시 현곡면 용담로 181","민성약국","054-774-8872","1930","0900","1930","0900","1930","0900","1930","0900","1930","0900","1300","0900","C2701313","380","51","7650","35.86715833204085","129.20242553243614"
"서울특별시 동대문구 한천로11길 32 (답십리동)","민성약국","02-2245-7948","2100","0900","2100","0900","2100","0900","2100","0900","2100","0900","C1104574","026","16","7651","37.5671734690137","127.060486489788"
"서울특별시 성북구 종암로27길 13, 101호 (종암동, 도원프라자)","도원프라자101호","민성약국","02-927-6959","1800","0900","1800","0900","1800","0900","1800","0900","1800","0900","1300","0900","C1103777","028","03","7652","37.6026385846379","127.031444006401"
"대구광역시 남구 봉덕로 17 (봉덕동)","대구시영대네거리100m","민애약국","053-471-9672","1900","0900","1900","0900","1900","0900","1900","0900","1900","0900","1500","0900","C1300680","424","30","7653","35.84492331470681","128.59450848974282"
"경기도 의정부시 시민로 48, 1층 (의정부동, 아이월드빌딩)","의정부신여성병원옆","민약국","031-829-5995","1900","0900","1900","0900","1900","0900","1900","0900","1900","0900","1600","0900","C2103014","116","50","7654","37.73803299980521","127.04038497180665"
"경기도 광명시 범안로 1049 (하안동)","민약국","02-892-5421","2100","0900","2100","0900","2100","0900","2100","0900","2100","0900","1800","0900","C2101746","142","48","7655","37.462711132130614","126.87928033375877"
"경기도 안산시 상록구 샘골로 142, 103(일부)호 (본오동, 동보프라자)","민약국","031-406-1150","2000","0900","2000","0900","2000","0900","2000","0900","2000","0900","1700","0900","C2107375","155","41","7656","37.2964044517","126.8633643353"
"경기도 용인시 처인구 금령로 32","민약국","031-334-6364","1900","0900","1900","0900","1900","0900","1900","0900","1900","0900","1500","0900","C2102272","170","49","7657","37.234715082778486","127.19965527163265"
"서울특별시 용산구 한강대로15길 9-18, 연세중앙내과의원 (한강로3가)","민약국","070-8211-1917","1800","0900","1800","0900","1800","0900","1800","0900","1800","0900","1300","0900","C1110580","043","79","7658","37.5253513313211","126.963055489889"
"대구광역시 남구 효성로 80, 1층 (봉덕동)","민약국","053-475-2277","1900","0900","1900","0900","1900","0900","1900","0900","1900","0900","C1301743","425","10","7659","35.840404158766894","128.59837512494923"
"서울특별시 종로구 사직로12길 26","파크팰리스 103동 114호","민약국","02-738-8816","2100","0830","2100","0830","2100","0830","2100","0830","2100","0830","2100","0830","2100","1300","2100","1300","C1103097","031","69","7660","37.5749317646896","126.970862381893"
"세종특별자치시 부강면 부강2길 12","부강면 부강리","민약국","044-275-4114","1900","0800","1900","0800","1900","0800","1900","0800","1900","0800","1400","0800","C1800018","300","75","7661","36.53017871199358","127.3669415340831"
"경상북도 경주시 원화로 282 (성동동)","성동시장 맞은 편 1층","민약국","054-745-1130","1900","0830","1900","0830","1900","0830","1900","0830","1900","0830","1400","0830","C2701410","381","47","7662","35.8459225088","129.2175086076"
"강원특별자치도 홍천군 홍천읍 홍천로7길 13-1","일요일，공휴일 운영. (가끔 유동적임－전화 후 방문)","중앙농협 근처","민약국","033-434-2416","1900","0900","1900","0900","1900","0900","1900","0900","1900","0900","1800","0900","1800","1200","C2200067","251","37","7663","37.690779185377764","127.88619955932955"
"광주광역시 북구 첨단연신로 97, 305호 (신용동)","민약국","062-575-8728","1830","0900","1830","0900","1830","0900","1830","0900","1830","0900","1400","0900","C1500649","610","87","7664","35.20661380533879","126.86401215484136"
"전라남도 장성군 북이면 백양로 8","장성신협 근처","민약국","061-392-9039","1700","0800","1700","0800","1200","0800","1700","0800","1700","0800","1200","0800","C2600199","572","01","7665","35.430276045339696","126.80939283426461"
"대전광역시 중구 계백로 1693","오류동 다이소 옆 민약국입니다.","민약국","042-525-3375","1830","0830","1830","0830","1830","0830","1830","0830","1830","0830","1400","0800","C1600044","349","09","7666","36.3213950261511","127.40761431445446"
"충청남도 아산시 인주면 현대로 1298 (민약국)","상황에 따라 일요일 공휴일은 휴무하기도 함.","민약국","041-533-0238","2100","0800","2100","0800","2100","0800","2100","0800","2100","0800","2100","0800","2100","1500","2100","0800","C2401364","314","36","7667","36.8692775664","126.8852090654"
"서울특별시 영등포구 가마산로69가길 12, 3층 303호 (신길동)","래미안영등포 프레비뉴아파트단지 맞은편","민약국","02-841-5645","1730","0900","1730","0900","1730","0900","1730","0900","1730","0900","1230","0900","C1107464","073","87","7668","37.5061324962321","126.90960664156"
"부산광역시 해운대구 마린시티2로 33, 116호 (우동, 해운대두산위브더제니스)","마린시티 두산위브더제니스 아파트 단지 내","민온누리약국","051-744-5566","2100","0900","2100","0900","2100","0900","2100","0900","2100","0900","2100","0900","1800","1000","2100","0900","C1202387","481","19","7669","35.1572044551","129.1448178866"
"경기도 군포시 군포로761번길 20 (산본동)","민우약국","031-393-5540","2200","0900","2200","0900","2200","0900","2200","0900","2200","0900","2200","0900","C2101823","158","05","7670","37.372812202242606","126.94124317566015"
"인천광역시 계양구 계양대로 55, 1층 (작전동)","신대사거리에 위치한 인천한마음병원 옆옆건물 1층","민재약국","032-543-5255","1400","0900","1400","0900","1400","0900","1400","0900","1400","0900","1400","0930","C1400705","211","10","7671","37.52874556985484","126.72212301816537"
"서울특별시 강북구 오패산로30길 41 (미아동)","민정약국","02-980-1244","1830","0900","1830","0900","1830","0900","1830","0900","1830","0900","1400","0900","C1103366","012","33","7672","37.6150636974112","127.03490570432"
"대전광역시 동구 동대전로 72-1, 1층 (대동)","민정약국","042-282-6264","2030","0830","2030","0830","2030","0830","2030","0830","2030","0830","1330","0830","C1601371","346","40","7673","36.3291103393078","127.44256494284"
"부산광역시 영도구 태종로 332 (청학동)","부산은행 맞은편","민정약국","051-416-0279","1800","0900","1800","0900","1800","0900","1800","0900","1800","0900","1300","0900","C1200653","490","14","7674","35.0961623235466","129.06166683577578"
"서울특별시 성동구 마장로35길 76","우시장입구현대아파트상가3층304","민제약국","02-2291-9130","1830","0900","1830","0900","1830","0900","1830","0900","1830","0900","1330","0900","C1101459","047","53","7675","37.5702626286176","127.041996762487"
"제주특별자치도 서귀포시 중정로 66-2","12:30~14:00 점심시간","구 한라약국","민제약국","064-732-3646","1800","0900","1800","0900","1800","0900","1800","0900","1800","0900","1200","0900","C2900192","635","95","7676","33.247789750995366","126.56353506220893"
"광주광역시 광산구 신창로131번길 19 (신창동)","신창동남양휴튼1차맞은편","민주약국","062-953-8728","1830","0900","1830","0900","1830","0900","1830","0900","1830","0900","1400","0909","C1500242","622","49","7677","35.19734190548994","126.83764904719612"
"경기도 성남시 중원구 금상로 18, 1층 (상대원동)","민주약국","031-743-9906","2030","0900","2030","0900","2030","0900","2030","0900","2030","0900","1700","0900","1300","0900","C2101336","132","31","7678","37.437530236113545","127.15969432226833"
"경기도 수원시 팔달구 팔달문로163번길 49, 1층 계단실북쪽 (우만동)","민준약국","민준약국","031-246-1288","1900","0900","1900","0900","1900","0900","2000","0900","1900","0900","1700","0900","1700","1400","C2102301","162","37","7679","37.28489877384452","127.03224234355102"
"인천광역시 미추홀구 한나루로 400","학익사거리","민중약국","032-863-5549","2000","0900","2000","0900","2000","0900","2000","0900","2000","0900","2100","0900","C1400055","222","19","7680","37.44304945959822","126.66479593502817"
"서울특별시 도봉구 덕릉로 235 (창동)","창2동신창시장입구신창내과옆","민중약국","02-903-3891","2000","0830","2000","0830","2000","0830","2000","0830","2000","0830","1800","0830","C1101461","014","71","7681","37.6389379513295","127.038109547969"
"경기도 평택시 평택로 102","민중약국","031-655-2870","2130","0800","2130","0800","2130","0800","2130","0800","2130","0800","1900","0900","2130","0800","C2103918","178","93","7682","36.995877562169504","127.08348324419035"
"전라남도 목포시 만호로 40, (항동)","신안문화원근처","민중약국","061-244-1804","1800","0830","1800","0830","1800","0830","1800","0830","1800","0830","1700","0830","C2600483","587","54","7683","34.78399211727812","126.38476886167041"
"전북특별자치도 익산시 중앙로5길 19-1 (창인동1가)","하나은행옆","민지약국","063-855-4423","1800","0900","1800","0900","1800","0900","1800","0900","1800","0900","1300","0900","C2500813","545","93","7684","35.94083558407492","126.95105971742575"
"서울특별시 강동구 올림픽로78길 60, 1-221호 (천호동)","민트약국","02-715-5083","2030","0900","1930","0900","2030","0900","2030","0900","1930","0900","1430","0900","1430","0900","C1110518","053","26","7685","37.5409734434557","127.128499316444"
"제주특별자치도 제주시 노형로 384, 1층 (노형동)","민트약국","064-000-0000","1900","0830","1900","0830","1900","0830","1900","0830","1900","0830","1400","0830","C2900555","630","83","7686","33.4842953208458","126.47713256299"
"대구광역시 달서구 조암로 29, 월성동이래타워 106호 (월성동)","민트약국","053-637-5334","1800","0900","1800","0900","1800","0900","1800","0900","1800","0900","C1301720","427","57","7687","35.8245539743231","128.526813309632"
"부산광역시 해운대구 해운대로76번길 16, 105호 (재송동)","재송역 2번 출구","민트약국","051-782-3050","1900","0900","1900","1000","1900","1000","1900","1000","1900","1000","1200","0900","C1202417","480","47","7688","35.1903904655","129.1193095342"
"서울특별시 마포구 신촌로 262, 101호 (아현동)","- 매월 1,3주 화요일은 20:30분까지 영업합니다.","민트약국","02-312-2193","2030","0900","1930","0900","1930","0900","1930","0900","2030","0900","1530","0900","C1109581","041","16","7689","37.5570560030972","126.954825997093"
"서울특별시 강남구 강남대로 590, 미혜빌딩 1층 (논현동)","민트약국","02-511-5002","2000","0930","2000","0930","2000","0930","2000","0930","2030","0930","1700","0930","C1107926","060","43","7690","37.5145397044143","127.020415391742"
"부산광역시 수영구 광남로 203","광안동 동방오거리농협 옆","민트약국","051-992-5596","1900","0900","1900","0900","1900","0900","1900","0900","1900","0900","1330","0900","C1202049","482","77","7691","35.15885974962145","129.121238693934"
"경기도 파주시 교하로159번길 7, 목동트윈프라자2 106호 (목동동)","민트약국","031-946-6256","1800","0900","1800","0900","1800","0900","1800","0900","1800","0900","C2108235","109","00","7692","37.7229368094568","126.738651335904"
"경기도 남양주시 다산지금로36번길 21-8, 트윈타워 B동 107호 (다산동)","민트약국","031-510-6011","1800","0900","1800","0900","1800","0900","1800","0900","1800","0900","C2109012","122","84","7693","37.608090598092","127.170509574578"
"경상북도 포항시 남구 희망대로 606 (대잠동)","민하약국","054-262-2910","1830","0900","1830","0900","1830","0900","1830","0900","1830","0900","1330","0900","C2700919","376","61","7694","36.014164237225096","129.34086115852912"
"경기도 포천시 중앙로115번길 4, 1층 (신읍동)","믿음PLUS약국","031-536-2354","1830","0900","1830","0900","1830","0900","1830","0900","1830","0900","1300","0900","C2102483","111","45","7695","37.89682073889632","127.20245806517968"
"서울특별시 양천구 목동중앙북로7가길 61, 103호 (목동, 목동 RICH SQUARE)","토요일은 15시30분까지 운영하는 경우도 있으니 전화확인 후 방문부탁드립니다.","믿음약국","02-2646-5533","2000","0900","2000","0900","2000","0900","2000","0900","2000","0900","1700","0900","C1109254","079","46","7696","37.5497281786642","126.864177143999"
"경상남도 김해시 진영읍 장등로 15","믿음약국","055-346-3187","1900","0900","1900","0900","1900","0900","1900","0900","1900","0900","1600","0900","C2800047","508","62","7697","35.30773271780421","128.7348504350666"
"충청남도 천안시 동남구 충절로 116, 101호 (원성동)","믿음약국","041-903-0309","1830","0900","1830","0900","1830","0900","1830","0900","1830","0900","1230","0900","C2401781","311","27","7698","36.8085523119365","127.15818176303"
"전북특별자치도 전주시 완산구 쑥고개로 347, 101호 (효자동2가)","믿음약국","063-223-9019","1900","0900","1900","0900","1900","0900","1900","0900","1900","0900","1400","0900","C2501455","550","65","7699","35.8034138165305","127.10322995102"
"경상남도 양산시 동면 외송로 50, 상가동 104호 (사송더샵데시앙2차 6단지)","믿음약국","055-366-8683","2000","1000","2000","1000","2000","1000","2000","1000","2000","1000","2000","1000","2000","1000","2000","1000","C2802377","506","59","7700","35.3149797123191","129.07395604621"
"서울특별시 구로구 고척로21나길 17 (개봉동)","믿음약국","02-2060-7191","1800","0930","1800","0930","1800","0930","1800","0930","1800","0930","1300","0930","C1107006","082","51","7701","37.502686578065","126.844760322443"
"광주광역시 서구 상무대로 923","호남대학교에서 화정동 쪽으로 50M 송내과 1층","믿음약국","062-383-7574","1900","0830","1900","0830","1900","0830","1900","0830","1900","0830","1500","0830","C1500516","619","69","7702","35.151537938298944","126.86292519608926"
"경상남도 창원시 의창구 동읍 동읍로 3, 1층","탑마트","믿음약국","055-251-0160","1900","0900","1900","0900","1900","0900","1900","0900","1900","0900","1300","0900","C2800753","511","32","7703","35.2776926664371","128.68440821053315"
"경상북도 포항시 북구 대안길 44","믿음약국","054-247-4002","1830","0900","1830","0900","1830","0900","1830","0900","1830","0900","1400","0900","C2700688","376","46","7704","36.04207929675858","129.35212645757287"
"강원특별자치도 태백시 황지로 175 (황지동)","믿음약국","0335538977","1300","0900","1300","0900","1300","0900","1300","0900","1300","0900","C2200978","260","08","7705","37.1744757125","128.9902504692"
"전라남도 영광군 홍농읍 홍농로 460","홍농읍사무소에서 홍농택시회사중간","믿음약국","061-356-3211","1900","0815","1900","0815","1900","0815","1900","0815","1900","0815","1330","0830","C2600696","570","04","7706","35.39534961877099","126.44613709271964"
"강원특별자치도 춘천시 퇴계로 188, 1층 105호 (석사동)","믿음약국","033-263-5653","1830","0830","1830","0830","1830","0830","1830","0830","1830","0830","1300","0830","C2201043","243","78","7707","37.8571428995042","127.739368049918"
"세종특별자치시 조치원읍 새내로 113-1 (조치원읍)","조치원읍 원리 / 조치원우체국맞은편.성심외과옆에위치","믿음약국","044-862-8088","1800","0845","1800","0845","1800","0845","1800","0845","1800","0845","1300","0845","C1800007","300","23","7708","36.60204492910952","127.29775516394042"
"강원특별자치도 강릉시 율곡로 2791, 1층 (성남동)","성남동 하나로마트 맞은편","믿음약국","033-920-1225","1800","0900","1800","0900","1800","0900","1800","0900","1800","0900","C2200444","255","42","7709","37.754026492772766","128.9009743351274"
"부산광역시 금정구 사천로 1, 1층(금사동)","믿음약국","051-525-5528","1900","0900","1900","0900","1900","0900","1900","0900","1900","0900","1300","0900","C1200428","462","64","7710","35.22314836","129.1135678179"
"부산광역시 부산진구 중앙대로 733(부전동)","믿음약국","051-819-2228","1830","0800","1830","0800","1830","0900","1830","0800","1830","0800","1330","0900","C1202759","472","54","7711","35.1584482253897","129.059199819753"
"서울특별시 종로구 종로 335-1, 명제빌딩 지하1층 (창신동)","요양기관번호: 11801191 -> 폐업 요양기관번호: 11875119 ->운영(동일위치 사업자등록번호만 변경)","명제빌딩지하","믿음약국","02-745-6678","1830","0900","1830","0900","1830","0900","1830","0900","1830","0900","1530","0900","C1101843","031","04","7712","37.573014341874","127.014647279406"
"경기도 화성시 봉담읍 동화길 85 (봉담읍)","믿음약국","031-227-5010","1900","0900","1900","0900","1900","0900","1900","0900","1900","0900","C2103261","183","02","7713","37.21684852426414","126.95827635503983"
"경기도 오산시 경기대로 154, 패션폴라리스 119호 (원동)","믿음약국","070-7655-7780","2000","0830","2000","0830","2000","0830","2000","0830","2000","0830","1400","0830","C2109319","181","44","7714","37.138493843608","127.073867546513"
"경기도 수원시 권선구 구운로 32 (구운동)","믿음약국","031-295-8503","2100","0900","2100","0900","2100","0900","2100","0900","2100","0900","1600","0900","C2101807","164","09","7715","37.27721573379897","126.97487090479623"
"서울특별시 관악구 봉천로 534 (봉천동)","서울대입구역1번출구300m골목시장입구","믿음약국","02-888-2104","2230","0930","2230","0930","2230","0930","2230","0930","2230","0930","2230","0930","2100","0930","C1100268","087","89","7716","37.4786880790034","126.956980379831"
"서울특별시 송파구 중대로 24 (문정동, 올림픽훼밀리타운)","훼밀리상가 136호","믿음약국","02-402-9433","1830","0900","1830","0900","1830","0900","1830","0900","1830","0900","1500","0900","C1101832","058","34","7717","37.488125746629","127.111059136873"
"서울특별시 중랑구 봉우재로43길 24, (상봉동)","믿음약국","02-492-4818","2130","0930","2130","0930","2130","0930","2130","0930","2130","0930","2100","0830","C1101833","021","51","7718","37.5947262949655","127.090033215894"
"경기도 고양시 덕양구 용현로53번길 52","믿음약국","031-972-2319","1830","0900","1830","0900","1830","0900","1830","0900","1830","0900","1400","0900","C2102776","105","25","7719","37.618672393369586","126.8346096524929"
"대전광역시 유성구 원내로39번길 17, 2층 202호 (원내동)","믿음약국","042-546-8855","1900","0830","1900","0830","1900","0830","1900","0830","1900","0830","1400","0830","C1601059","342","27","7720","36.300595774842584","127.31994952907585"
"인천광역시 부평구 마장로 396-1 (청천동)","일요일 운영(통화 후 방문 요청)","믿음약국","032-505-3553","2100","0900","2100","0900","2100","0900","2100","0900","2100","0900","C1401621","213","12","7721","37.5135147806","126.7041950437"
"전북 군산시 공단대로 252 (수송동)","믿음약국","063-731-0093","1830","0830","1830","0830","1830","0830","1830","0830","1830","0830","1830","0830","C2501473","541","01","7722","35.9596822449724","126.713700449006"
"전북특별자치도 군산시 공단대로 252, 1층 (수송동)","믿음약국","063-731-0093","1930","0900","1930","0900","1930","1300","1930","0900","1930","0900","1400","0900","C2501451","541","01","7723","35.9596818842158","126.713700339456"
"경상남도 밀양시 중앙로 381","북성사거리 보람빌딩 1층","밀성메디칼약국","055-356-4950","2300","0900","2300","0900","2300","0900","2300","0900","2300","0900","2300","0900","2300","0900","2300","0900","C2800800","504","27","7724","35.49564643517809","128.75112767921735"
"서울특별시 강북구 덕릉로 79 (수유동)","수유사거리에서신일병원쪽","밀알약국","02-998-7975","1800","0900","1800","0900","1800","0900","1800","0900","1800","0900","1400","0900","C1103577","010","81","7725","37.6347982202667","127.02260263898"
"경상남도 밀양시 석정로 7-1","우리은행앞","밀양약국","055-354-2335","2030","0900","2030","0900","2030","0900","2030","0900","2030","0900","2030","0900","2030","0900","C2800443","504","30","7726","35.49153955160098","128.7529470915794"
"경상남도 밀양시 중앙로 403","공휴일과 일요일은 행복약국과 격주 운영, 전화 확인 후 방문 요함","밀양제일병원 맞은편","밀양제일약국","055-356-7722","1930","0830","1930","0830","1930","0830","1930","0830","1930","0830","1600","0830","1600","0830","1600","0830","C2800878","504","27","7727","35.49636103449093","128.7488290734979"
"경상남도 창원시 성산구 가양로124번길 13, X-mall빌딩 318호 (대방동)","바나나약국","055-262-9424","1900","0900","1900","0900","1900","0900","1900","0900","1900","0900","1300","0900","C2802331","514","65","7728","35.2082586722477","128.707552734689"
"대구광역시 수성구 달구벌대로 3134, 1층 (시지동)","바나나약국","053-791-0333","2100","0900","2100","0900","2100","0900","2100","0900","2100","0900","1900","0900","1900","1400","1900","0900","C1301732","422","56","7729","35.8417283331075","128.699784490058"
"서울특별시 구로구 구로중앙로 60, 3층 303호 (구로동, 대림오페라타워)","구로구청사거리,기업은행건물3층","바다보다넓은약국","02-869-2485","1800","0900","1800","0900","1800","0900","1800","0900","1800","0900","1200","0900","C1101860","083","02","7730","37.4951317858045","126.889409618774"
"서울특별시 서대문구 통일로 205-1, 1층 (영천동)","바다약국","02-392-5310","1900","0900","1900","0900","1900","0900","1900","0900","1900","0900","1500","0900","C1109305","037","34","7731","37.5713364970215","126.960804496332"
"대구광역시 달성군 옥포읍 돌미상업로1길 14, 1층","바다약국","053-000-0000","1800","0900","1800","0900","1800","0900","1800","0900","1800","0900","C1301898","429","74","7732","35.781990352762","128.440656671446"
"경기도 하남시 덕풍공원로 43 (덕풍동)","바다약국","031-794-7355","1900","0830","1900","0830","1900","0830","1900","0830","1900","0830","1500","0830","C2103935","129","74","7733","37.53943043917072","127.19788800931933"
"서울특별시 금천구 시흥대로 230, 서평빌딩 3층 301호 (시흥동)","바다약국","02-6372-7000","1830","0830","1830","0830","1830","0830","1830","0830","1830","0830","1400","0830","C1108878","086","28","7734","37.4544284428997","126.901248278856"
"경기도 수원시 권선구 삼천병마로1592번길 3-0 (오목천동)","바다약국","031-227-1540","1800","0900","1800","0900","1800","0900","1800","0900","1800","0900","1300","0900","C2109601","166","35","7735","37.2449481295191","126.963752177425"
"경기도 부천시 오정구 소사로 754, 2층 (원종동, 비제이빌딩)","원종사거리 롯데리아 옆건물 2층","바다약국","032-674-2569","1900","0900","1900","0900","1900","0900","1900","0900","1900","0900","1600","0900","C2100241","144","24","7736","37.52326797252965","126.80521290301364"
"인천광역시 부평구 주부토로 231, 1층 106호 (갈산동, 갈산홈프라자)","갈산동 이마트 옆","바다약국","032-525-5557","2030","0900","2030","0900","2030","0900","2030","0900","2030","0900","1500","0900","C1400278","213","29","7737","37.51580902494794","126.7259851670247"
"서울특별시 마포구 월드컵북로 69, 1층 (성산동)","바다약국","02-324-8476","1900","0900","1900","0900","1900","0900","1900","0900","1900","0900","1700","0900","C1109288","039","99","7738","37.5599308118771","126.916342567679"
"경기도 성남시 분당구 성남대로 168, 109,110호 (금곡동,미도프라자)","바다약국","031-713-7525","1900","0900","1900","0900","1900","0900","1900","0900","1900","0900","1600","0900","C2101238","136","18","7739","37.35089103243731","127.10953829838188"
"부산광역시 수영구 광남로 108","2호선 금련산역 1번출구/버스정류장: 광안리 바닷가","바다약국","051-752-7118","2100","0900","2100","0900","2100","0900","2100","0900","2100","0900","2100","0900","2100","0900","C1201453","483","03","7740","35.15141036347946","129.11559874112035"
"인천광역시 강화군 내가면 중앙로 1314-1, 1층","외포리포구 근처","바다약국","032-934-0010","2000","0800","2000","0800","2000","0800","2000","0800","2000","0800","2000","0800","2030","0800","2000","0800","C1400886","230","54","7741","37.7014580953","126.3790749086"
"경상북도 경산시 대학로 309 (조영동) 1층","바다약국","053-818-0502","1900","0900","1900","0900","1900","0900","1900","0900","1900","0900","1500","0900","C2700744","385","28","7742","35.83826825430813","128.7550320916989"
"전라남도 목포시 백년대로 291 (상동)","전남목포시상동828번지바다약국","바다약국","061-280-2888","1800","0800","1800","0800","1800","0800","1800","0800","1800","0800","1230","0800","1230","0830","C2600357","586","66","7743","34.803981369820605","126.41951821134833"
"경상북도 영덕군 영해면 예주시장7길 3","영해로타리에서 예주한솔의원 쪽으로 30미터 지점","바다약국","054-734-4067","1800","0830","1800","0830","1800","0830","1800","0830","1800","0830","1300","0830","C2700138","364","11","7744","36.5398506891091","129.408767121765"
"경상남도 창원시 성산구 가양로124번길 23, 크리스탈빌딩 (대방동)","바다약국","055-263-1161","1900","0900","1900","0900","1900","0900","1900","0900","1900","0900","1300","0900","C2801650","514","65","7745","35.2072687814","128.7076289624"
"대전광역시 중구 동서대로 1220 (태평동)","바다약국","042-535-6933","1930","0830","1930","0830","1930","0830","1930","0830","1930","0830","1400","0830","C1600617","348","92","7746","36.325528616176705","127.39527343648098"
"충청북도 단양군 단양읍 상진2길 3","바다약국","043-422-7577","1900","0900","1900","0900","1900","0900","1900","0900","1900","0900","C2300151","270","13","7747","36.9812554774431","128.351006732055"
"충청남도 당진시 당진중앙1로 221 (읍내동)","푸른병원 뒤","바다약국","041-352-0907","2000","0830","2000","0830","2000","0830","2000","0830","2000","0830","2000","0830","2000","1000","2000","1000","C2400374","317","70","7748","36.898122540900715","126.6348543503949"
"충청남도 서산시 부석면 천수만로 602, 나동 1층","바다약국","041-664-8234","1800","0900","1800","0900","1800","0900","1800","0900","1800","0900","1800","0900","C2401919","320","22","7749"
"충청남도 천안시 서북구 노태산로 62 (두정동)","백성동 망양국수 옆","바다약국","041-555-7599","2000","0840","1900","0840","1900","0840","2000","0840","1900","0840","1400","0840","C2401202","310","99","7750","36.830200795250455","127.12765546092311"
"서울특별시 동대문구 왕산로 189-1 (청량리동)","바다약국","02-957-1110","1930","0900","1930","0900","1930","0900","1930","0900","1930","0900","1500","0900","C1108998","025","73","7751","37.5800533272067","127.044107412017"
"경기도 군포시 산본로323번길 16-15, 광림빌딩 502호 (산본동)","바다약국","031-391-7979","1730","0830","1730","0830","1730","0830","1730","0830","1730","0830","1300","0830","C2107873","158","65","7752","37.35942046959102","126.93158218207377"
"서울특별시 송파구 석촌호수로 133, 레이크팰리스 1층 102호 (잠실동)","바다약국","02-423-8839","2000","0900","2000","0900","2000","0900","2000","0900","2000","0900","1800","0900","C1109471","056","07","7753","37.5076519568451","127.091787465447"
"경기도 광주시 초월읍 현산로 90","바다약국","031-767-7611","2000","0900","2000","0900","2000","0900","2000","0900","2000","0900","1300","0900","C2101947","127","34","7754","37.39530077525856","127.29158289216988"
"경기도 이천시 장호원읍 이선룡로 16, 202호","8/30일부터 운영","바다약국","031-8011-0012","1800","0730","1800","0730","1800","0730","1800","0730","1800","0730","1330","0730","C2108841","174","18","7755","37.1194747896824","127.627983750885"
"경기도 평택시 평택로 41, (평택동)","바다약국","031-655-9032","1800","0900","1800","0900","1800","0900","1800","0900","1800","0900","1200","0900","C2102049","179","17","7756","36.9911252314","127.0870795736"
"경기도 남양주시 진건읍 진건오남로 69","진건초등학교앞","바다약국","031-573-4883","1500","0900","1500","0900","1500","0900","1500","0900","1500","0900","1930","0900","C2102493","121","33","7757","37.656866666666666","127.178205555555550"
"강원특별자치도 양양군 강현면 동해대로 3589","의약분업 예외 지역","물치항 도로변 강현약국 옆","바다약국","033-672-9987","1900","0830","1900","0830","1900","0830","1900","0830","1900","0830","1900","0830","1900","0830","1900","0830","C2200533","250","00","7758","38.15662740095769","128.60918740863661"
"부산광역시 북구 덕천로 310","토요일 1,3.5째주만 운영","신만덕 사거리 농협 옆","바다약국","051-337-4976","1800","0900","1800","0900","1300","0900","1800","0900","1800","0900","1300","0900","C1201361","466","13","7759","35.20924671414574","129.0378172350199"
"인천광역시 남동구 하촌로 7, 1층 일부(102)호 (만수동)","바다약국","050-71375-9744","1830","0830","1830","0830","1830","0830","1830","0830","1830","0830","1330","0830","C1402219","215","39","7760","37.4492994328615","126.730043130332"
"강원특별자치도 춘천시 영서로 2025 (석사동)","우리소아과 건물","바다약국","0332629716","2100","0900","2100","0900","2100","0900","2100","0900","2100","0900","2100","0900","1800","0900","1800","0900","C2200041","244","15","7761","37.852525986639556","127.74572646495252"
"인천광역시 중구 용유서로 298(을왕동)","공휴일 문의할것","바다약국","032-747-1134","2000","0900","2000","0900","2000","0900","2000","0900","2000","0900","2000","0900","2000","0900","2000","0900","C1401482","223","83","7762","37.44524001040023","126.37621283097009"
"부산광역시 영도구 남항새싹길 13, (신선동3가)","영선동윗로타리위","바다약국","051-418-5429","1800","0900","1800","0900","1800","0900","1800","0900","1800","0900","1230","0900","C1200684","490","73","7763","35.084713888888892","129.042975000000013"
"부산광역시 사하구 다대로 694, 1층 (다대동)","바다약국","051-262-8782","1900","0830","1900","0830","1900","0830","1900","0830","1900","0830","1400","0830","C1202914","495","06","7764","35.0485308213701","128.965604637406"
"세종특별자치시 조치원읍 조치원로 31","조치원읍 원리","바다약국","044-866-2070","2200","0900","2200","0900","2200","0900","2200","0900","2200","0900","2200","0900","C1800010","300","24","7765","36.60168937809691","127.30011870753309"
"부산광역시 사하구 감천로 51, 1층 (감천동)","버스정류장: 국민체육센터 삼거리","바다약국","051-291-8349","2100","0900","2100","0900","2100","0900","2100","0900","2100","0900","2100","0900","2000","1400","2000","0900","C1200683","493","71","7766","35.090760265553115","128.99827229521708"
"서울특별시 노원구 동일로 1361, 208호 (상계동, 상계주공2단지아파트상가)","노원구 함영백청소년소아과 옆 2층 약국입니다.","상계주공 아파트2단지상가 2층","바다약국","070-4131-9314","1800","0830","1800","0830","1800","0830","1800","0830","1800","0830","1400","0830","C1101854","017","63","7767","37.6500649811573","127.061284207288"
"부산광역시 해운대구 해운대로 794, 엘리움 2층 209호 (좌동)","점심 13:00~14:00 주말,공휴일 유선문의 후 방문요망","2호선 장산역 11번출구","바다약국","051-747-8276","1900","0900","1900","0900","1900","0900","1900","0900","1900","0900","1500","0900","1500","0900","1500","0900","C1202673","481","04","7768","35.1687943257268","129.175740730506"
"대구광역시 북구 칠곡중앙대로 573 (읍내동)","칠곡중앙대로 573,1층(읍내동)","바다약국","053-292-3339","1900","0900","1900","0900","1900","0900","1900","0900","1900","0900","1500","0900","1300","0900","C1301253","414","39","7769","35.946846109629135","128.5509620649103"
"충청남도 보령시 명암1길 17 (동대동)","둘째,넷째주 수요일 휴무","둘째, 넷째주 수요일 휴무","바다약국","041-936-2175","2200","1000","2200","1000","2200","1000","2200","1000","2200","1000","2200","1000","2200","1000","2200","1000","C2401444","334","30","7770","36.3440534665","126.613869244"
"경기도 김포시 풍무로 73, 퍼플오션프라자 207,208호 (풍무동)","바다약국","031-988-8636","1900","0900","1900","0900","1900","0900","1900","0900","1900","0900","1500","0900","C2108592","101","16","7771","37.6021001092436","126.721158579984"
"경상남도 진주시 망경남길66번길 1","초대교회 옆","바다약국","055-753-1010","1900","0900","1900","0900","1900","0900","1900","0900","1900","0900","1600","0900","C2800522","527","11","7772","35.18350033701642","128.08277231343442"
"제주특별자치도 제주시 절물1길 39, 1층 (외도일동)","바다약국","064-805-1144","1830","0830","1830","0830","1830","0830","1830","0830","1830","0830","1330","0830","C2900486","630","70","7773","33.48939520715223","126.43169850811225"
"부산광역시 동래구 중앙대로 1523, SKHUBSKY A3-10호 (온천동)","바다약국","051-717-2904","1800","0900","1800","0900","1800","0900","1800","0900","1800","0900","1300","0900","1400","0900","C1202946","477","10","7774","35.2212896964575","129.08557677639"
"충청남도 태안군 태안읍 서해로 1952-13","태안군 보건의료원 앞","바다약국","041-674-7735","1800","0900","1800","0900","1800","0900","1800","0900","1800","0900","1200","0900","1200","0900","1200","0900","C2400743","321","48","7775","36.75244937359026","126.32299121207416"
"부산광역시 사하구 다대로 550, 1층 (다대동)","다대포 농협사거리 농협 옆","바다온누리약국","051-265-8887","1900","0900","1900","0900","1900","0900","1900","0900","1900","0900","1400","0900","C1200780","494","93","7776","35.0572865647","128.970745096"
"전북특별자치도 부안군 진서면 청자로 955, 바다온누리약국","동절기 평일 운영시간 08:00~18:30","새마을금고와 터미널 사이","바다온누리약국","063-582-7545","1800","0830","1800","0830","1800","0830","1800","0830","1800","0830","1600","0830","C2500135","563","46","7777","35.58768350590915","126.60890829818245"
"경상남도 거제시 계룡로5길 12-1 (상동동)","바다온누리약국","055-635-4800","1800","0830","1800","0830","1800","0830","1800","0830","1800","0830","1300","0830","C2800152","532","90","7778","34.8741104623","128.626847457"
"서울특별시 동작구 상도로 168, 1층 (상도동)","장승배기역 3번 출구","바다의별약국","02-821-3130","1900","0900","1900","0900","1900","0900","1900","0900","1900","0900","1500","0900","0100","2200","C1107096","069","56","7779","37.5040270862582","126.937893954421"
"전라남도 무안군 삼향읍 남악3로 56, 연세메디타워 104호","점심시간에는 잠시 쉬어갑니다. (월 12:40~14:00 화~금 13:00~14:00 )","바디엔약국","061-285-0610","1900","0930","1900","0930","1900","0930","1900","0930","1900","0930","1400","0900","1900","0930","C2601294","585","67","7780","34.8105130395884","126.460708511368"
"경기도 부천시 원미구 길주로 180, 현대백화점 중동점 지하1층 일부호 (중동)","바라기한약국","031-000-0000","1800","0900","1800","0900","1800","0900","1800","0900","1800","0900","1300","0900","C2109719","145","46","7781","37.5043163132049","126.76208267382"
"경기도 안양시 동안구 귀인로190번길 39, 2층 201-1호 (평촌동)","바람약국","031-360-5696","1800","0900","1800","0900","1800","0900","1800","0900","1800","0900","1300","0900","C2110017","141","03","7782","37.3838596641878","126.961341980465"
"경기도 평택시 탄현로371번길 55, 102, 103호 (신장동)","바로E약국","031-0000-0000","1800","0900","1800","0900","1800","0900","1800","0900","1800","0900","1300","0900","C2110193","177","54","7783","37.0872954933864","127.059829952545"
"경기도 구리시 검배로 46, 굿빌딩 1층 102호 (수택동)","바로굿약국","031-555-2080","1930","0900","1930","0900","1930","0900","1930","0900","1930","0900","1430","0900","C2107286","119","32","7784","37.5972910678","127.143928342"
"전라남도 보성군 보성읍 현충로 26-2,","원봉리 5-22 보성버스터미널 근처 원봉식당 식육점 근처","바로나온누리약국","061-853-8203","1730","0800","1730","0800","1730","0800","1730","0800","1730","0800","C2600324","594","58","7785","34.764366666666668","127.076036111111108"
"서울특별시 강동구 상일로12길 97, 101호 (강일동)","바로드림약국","02-426-2956","1810","0900","1810","0900","1810","0900","1810","0900","1810","0900","1400","0900","C1108295","052","85","7786","37.556862908927","127.172651986457"
"경기도 시흥시 중심상가로 161, 그라미아빌딩 103호 (정왕동)","바로약국","031-433-2285","1800","0900","1800","0900","1800","0900","1800","0900","1800","0900","1300","0900","C2109684","150","36","7787","37.346062036079","126.733910411303"
"경기도 의정부시 호동로 67","의정부시호원동호원가든2차정문앞농협건물","바로약국","031-829-8569","2100","0900","2100","0900","2100","0900","2100","0900","2100","0900","1900","0900","C2102285","116","31","7788","37.72782590309039","127.04327447942836"
"서울특별시 용산구 새창로 217, 용산토투밸리 1층 132호 (한강로2가)","바로약국","050-71436-9495","1930","0830","1930","0830","1930","0830","1930","0830","1930","0830","1430","0830","C1110075","043","76","7789","37.5302166820111","126.967776259525"
"대구광역시 달성군 화원읍 비슬로 2597, 4층","바로약국","053-000-0000","1800","0900","1800","0900","1800","0900","1800","0900","1800","0900","C1301872","429","55","7790","35.8047273422467","128.500510383839"
"경기도 수원시 권선구 덕영대로 1090, 1층 (세류동)","안녕하세요 365 연중무휴 세류사거리에 있는 바로약국입니다.","바로약국","031-221-8580","2130","0830","2130","0830","2130","0830","2130","0830","2130","0830","2130","0830","2000","0900","2000","0900","C2109214","166","55","7791","37.2537075398089","127.010933544097"
"서울 은평구 통일로 지하 723-1 제일쇼핑 2층 (대조동)","바로약국","02-358-5755","1800","0900","1800","0900","1800","0900","1800","0900","1800","0900","1500","0900","C1102680","033","97","7792","37.6102072578868","126.92998576213"
"서울특별시 중구 다산로 128-1, 지하1층 (신당동)","바로약국","02-2233-7508","2000","0900","2000","0900","2000","0900","2000","0900","2000","0900","1400","0900","C1109793","045","90","7793","37.5551608472355","127.011192236466"
"서울특별시 송파구 송파대로 345, 1에이동 2층 2006호 일부호 (가락동, 헬리오시티)","13:00~14:00 휴게시간","바로약국","02-402-8505","1800","0900","1800","0900","1800","0900","1800","0900","1800","0900","1800","0900","C1109638","056","98","7794","37.4976145695004","127.102531804188"
"서울특별시 도봉구 도봉로136다길 26-1, 1층 (창동)","바로약국","02-993-6321","1830","0900","1830","0900","1830","0900","1830","0900","1830","0900","1300","0900","C1110201","013","97","7795","37.6604983075155","127.042810837669"
"경기도 안양시 동안구 시민대로 372, 112호 (관양동)","없는 전화번호","바로약국","031-423-3690","1800","0900","1800","0900","1800","0900","1800","0900","1800","0900","C2107396","140","58","7796","37.3957304806","126.9731174828"
"경기도 구리시 경춘로 165, 1~2층 (교문동)","바로약국","031-552-2500","1800","0900","1800","0900","1800","0900","1800","0900","1800","0900","1300","0900","C2109139","119","23","7797","37.6008781980903","127.133646192214"
"경기도 성남시 분당구 운중로 142, 판교메디칼타워 1층 106호 (운중동)","바로약국","031-701-5463","1800","0900","1800","0900","1800","0900","1800","0900","1800","0900","C2108536","134","66","7798","37.3912302576348","127.078835343749"
"울산광역시 북구 호계로 244-2, 1층 (호계동)","매월 1일 6일 11일 16일 21일 26일이 토요일이나 일요일인경우 09:00~18:00까지 운영합니다","바로약국","052-937-5702","1930","0900","1930","0900","1930","0900","1930","0900","1930","0900","1300","0830","C1700688","442","25","7799","35.6254687214785","129.353352506603"
"대구광역시 북구 동북로 289, 1층 (복현동)","바로약국","053-214-0805","1900","0900","1900","0900","1900","0900","1900","0900","1900","0900","1400","0900","C1300778","415","29","7800","35.862690757867114","128.60262330406476"
"인천광역시 미추홀구 수봉로 20, 1층 (숭의동)","바로약국","032-885-2503","1800","0900","1800","0900","1800","0900","1800","0900","1800","0900","1400","0900","C1401900","221","63","7801","37.4643890333797","126.656156448177"
"부산광역시 부산진구 중앙대로 706, 1층 (부전동)","일요일 유선 확인 요망","1,2호선 서면역 2번출구","바로약국","051-710-6780","2100","0900","2100","0900","2100","0900","2100","0900","2100","0900","2100","0900","C1202701","472","91","7802","35.1557284716842","129.059409195895"
"충청북도 제천시 내토로 977(고암동)","바로약국","043-646-8505","C2301219","271","40","7803","37.1623594775629","128.233711362584"
"서울특별시 종로구 종로 33, 그랑서울 1층 103, 104호 (청진동)","바로약국","02-2158-7900","2000","0830","2000","0830","1900","0830","2000","0830","2000","0830","1430","0830","C1107556","031","59","7804","37.5709617749066","126.981437983842"
"경기도 고양시 일산동구 일산로 451, 1층 (정발산동)","바로약국","031-919-3710","2000","0900","2000","0900","2000","0900","2000","0900","2000","0900","1600","0900","C2102345","103","59","7805","37.67353566049025","126.77666404948201"
"서울특별시 성북구 길음로 11, 221,222호 (길음동, 길음역롯데캐슬트윈골드아파트)","바로약국","02-6398-3200","1900","0830","1900","0830","1900","0830","1900","0830","1900","0830","1400","0830","C1110653","027","22","7806","37.603785604914","127.023437392228"
"경상남도 양산시 물금읍 화합1길 7, 1층","바로약국","055-389-0226","1830","0900","1830","0900","1830","0900","1830","0900","1830","0900","C2802081","506","10","7807","35.32932649452466","129.00814876611855"
"경상남도 진주시 진주대로 894-1(칠암동)","바로약국","055-761-0300","1800","0830","1800","0830","1800","0830","1800","0830","1800","0830","1300","0830","C2802216","527","25","7808","35.1803584785429","128.090685590385"
"전북특별자치도 전주시 완산구 홍산중앙로 22, 1층 (효자동3가)","공휴일 전화후 방문","약국연락처: 010-4652-8394","바로약국","063-000-0000","2200","0900","2200","0900","2200","0900","2200","0900","2400","0900","2400","0900","2000","1400","2000","1400","C2501340","549","69","7809","35.8153582722486","127.109312236312"
"충청남도 천안시 동남구 충절로 278 (구성동)","신정, 구정 당일 휴무","신정, 구정 당일 휴무","바로약국","041-551-3112","2200","0830","2200","0830","2200","0830","2200","0830","2200","0830","1930","0830","1930","0830","1930","0830","C2401407","311","92","7810","36.79403002589999","127.1597782071"
"서울특별시 양천구 목동동로8길 23, 메리트윈 106호 (신정동)","바로약국","02-6958-8569","2200","0900","2200","0900","2200","0900","2200","0900","2200","0900","2200","0900","2200","1500","2200","1500","C1110272","080","17","7811","37.5168554302245","126.871486510512"
"대전광역시 중구 보문산로 402 (대사동)","바로약국","042-254-1275","1900","0900","1900","0900","1900","0900","1900","0900","1900","0900","C1601075","350","41","7812","36.31732160593335","127.41807841860908"
"강원특별자치도 원주시 원일로 120, (중앙동)","중앙농협 맞은 편","바로약국","033-747-8366","1830","0900","1830","0900","1830","0900","1830","0900","1930","0900","1400","0900","C2200193","264","28","7813","37.350308333333331","127.948366666666672"
"서울특별시 강남구 논현로 526, 1층 (역삼동)","- 토요일은 탄력적으로 운영중이니 방문 전에 전화주세요.","바로여기약국","02-558-9572","1830","0900","1830","0900","1830","0900","1830","0900","1830","0900","1530","0900","C1109340","061","40","7814","37.503445606475","127.035997853857"
"서울특별시 성동구 아차산로17길 26, 1층 103호 (성수동2가)","바로여기약국","02-466-8562","2200","0830","2200","0830","2200","0830","2200","0830","2200","0830","1800","0900","C1110292","047","99","7815","37.5445108985399","127.064664821555"
"대구광역시 달서구 월배로 473, 107호 (송현동)","바로온누리약국","053-657-1486","2000","0900","2000","0900","2000","0900","2000","0900","2000","0900","1600","0900","C1301630","427","37","7816","35.835472830143075","128.55561252823233"
"서울특별시 서초구 서초중앙로 230, 1층 105호 (반포동)","공휴일 운영시간은 네이버지도 확인바람.","바로이약국","02-591-2788","2000","0930","2000","0930","2000","0930","2000","0930","2000","0930","1600","0930","1300","0930","1300","0910","C1109343","065","99","7817","37.5021563648911","127.012024373585"
"대전광역시 동구 한밭대로 1322, 101-1호 (용전동)","바로정약국","050-714-8184","2100","0900","2100","0900","2100","0900","2100","0900","2100","0900","1700","0900","C1601458","345","50","7818","36.3513195797309","127.441108557432"
"경기도 고양시 덕양구 화정로 53-1, 104호(화정동,글로리아프라자)","바로팜약국","031-966-0337","2200","0900","2200","0900","2200","0900","2200","0900","2200","0900","2200","0900","2200","0900","C2102602","104","97","7819","37.635506788098546","126.83243499476053"
"경상남도 양산시 물금읍 물금로 27, 105호","바르다,윤약국","055-367-7582","2100","0930","2100","0930","2100","0930","2100","0930","2100","0930","2000","0930","C2802243","506","57","7820","35.3088377550223","128.988293642766"
"서울특별시 중랑구 망우로 305, 지하1층 (상봉동)","바르다허약국","02-433-5953","1930","0900","2030","0900","1930","0900","2030","0900","1930","0900","1400","0900","C1108688","020","98","7821","37.5969077925529","127.086146411099"
"서울특별시 구로구 경인로67길 23, 101동 302호 (신도림동, 신도림2차푸르지오)","바른굿모닝약국","02-2636-8123","1930","0900","1930","0900","1930","0900","1930","0900","1930","0900","1400","0900","C1109154","082","08","7822","37.5104826397728","126.889481191271"
"광주광역시 북구 임동로 6, 101호 (임동)","바른길약국","062-522-9700","1800","0800","1800","0800","1800","0800","1800","0800","1800","0800","1300","0800","C1501353","612","43","7823","35.1607028337881","126.896696551627"
"경기도 하남시 미사강변동로 85, 힐스테이트 에코 미사 3층 310-1호 (망월동)","바른마음약국","031-792-6550","1800","0900","1800","0900","1800","0900","1800","0900","1800","0900","1300","0900","C2109490","129","13","7824","37.5625331038895","127.191880985177"
"경기도 고양시 일산동구 정발산로 23, 호수빌딩 1층 101호 (장항동)","바른마음약국","070-8691-1023","2100","0930","2100","0930","2100","0930","2100","0930","2100","0930","1900","0900","2000","1200","2100","0930","C2108848","104","02","7825","37.656721203283","126.771312817316"
"서울특별시 강동구 상암로 31, 이에스타워 1층 (암사동)","바른메디칼약국","02-3426-5384","2200","0900","2200","0900","2200","0900","2200","0900","2200","0900","2200","0900","C1109275","052","41","7826","37.5504766741523","127.127131838631"
"서울특별시 영등포구 여의대방로 145, 1층 (신길동, 세인트빌딩)","보라매역 6번 출구","바른메디컬약국","02-832-2341","1900","0830","2000","0830","1900","0830","2000","0830","1900","0830","1500","0830","C1107467","073","92","7827","37.5002104691442","126.919990345257"
"서울특별시 송파구 백제고분로 126, 오룡빌딩 101호 (잠실동)","바른삼성약국","02-420-7601","2000","0900","2000","0900","2000","0900","2000","0900","2000","0900","1500","0900","C1108384","055","74","7828","37.5061702039866","127.08075330646"
"경기도 용인시 수지구 포은대로313번길 7-14, 수정빌딩 1층 (풍덕천동)","바른생각약국","031-262-0831","1930","0900","1930","0900","1930","0900","1930","0900","1930","0900","C2108284","168","46","7829","37.3144633915237","127.084280817903"
"서울특별시 중랑구 용마산로 503, 1층 (망우동)","성심빌딩","바른성심약국","02-2208-2787","1900","0900","1900","0900","1900","0900","1900","0900","1900","0900","1500","0900","1300","0900","C1104663","021","65","7830","37.5961113613677","127.099920402648"
"서울특별시 동대문구 휘경로 34 (휘경동)","일요일과 공휴일 변동 가능성 있으므로 전화연락바랍니다.","바른손약국","02-3295-4274","2200","0900","2200","0900","2200","0900","2200","0900","2200","0900","2100","0900","2100","1300","C1104573","024","32","7831","37.5947759671813","127.063538370138"
"대구광역시 달성군 구지면 과학마을로 46","바른손약국","053-615-1113","2100","0900","2100","0900","2100","0900","2100","0900","2100","0900","1500","0900","C1301230","430","08","7832","35.65555501020544","128.4182841581492"
"경기도 안성시 금산길 10, (연지동)","바른손약국","031-675-7582","1900","0830","1900","0830","1400","0830","1900","0830","1900","0830","1400","0830","C2101154","175","87","7833","37.01142513285503","127.27088565367683"
"경기도 부천시 소사구 경인로 508 (괴안동)","바른손약국","032-343-4217","2230","0800","2230","0800","2230","0800","2230","0800","2230","0800","2130","0830","2230","0800","2230","0800","C2100462","146","76","7834","37.48461260388353","126.81500082194746"
"경기도 평택시 팽성읍 안정쇼핑로 42 (팽성읍)","바른손약국","031-691-1228","2030","0900","2030","0900","2030","0900","2030","0900","2030","0900","1900","0900","1900","0900","C2102106","179","83","7835","36.961250000000000","127.046705555555562"
"경기도 성남시 수정구 수정로 144, 1층 (수진동)","바른수약국","031-755-9306","1800","0900","1800","0900","1800","0900","1800","0900","1800","0900","1300","0900","C2110252","133","27","7836","37.441851176738","127.136128565025"
"인천광역시 미추홀구 인하로299번길 3, 일정빌딩 1층 (주안동)","바른아산약국","032-423-3555","1900","0830","1900","0830","1900","0830","1900","0830","1900","0830","1530","0830","C1401921","222","27","7837","37.448182194942","126.681380349593"
"충청남도 보령시 한내로 36, 1층 102호 (동대동)","오후 12시30분부터 1시30분 까지는 점심시간","보령시 동대동에 위치한 약국","바른약국","041-927-0017","1830","0800","1830","0800","1830","0800","1830","0800","1830","0800","1230","0800","1400","0800","C2401728","334","78","7838","36.3463996849207","126.607180251194"
"충청북도 청주시 청원구 오창읍 중심상업1로 8-11, 홈플러스 지하1층","오창홈플러스건물 지하1층","바른약국","070-7576-2750","2200","1000","2200","1000","2200","1000","2200","1000","2200","1000","2200","1000","2200","1000","2200","1000","C2301117","281","20","7839","36.713023340786954","127.42820826113051"
"충청북도 청주시 흥덕구 사직대로 30, 1층 (복대동)","대체휴일 09:00~13:00","바른약국","043-285-7895","1900","0900","1900","0900","1900","0900","1900","0900","1900","0900","1530","0900","1300","0900","1300","0900","C2301086","285","94","7840","36.6340412794","127.4507590114"
"전북특별자치도 전주시 덕진구 기지로 66, 102호 (중동)","바른약국","063-225-9370","1900","0830","1900","0830","1900","0830","1900","0830","1900","0830","1300","0830","C2501225","548","71","7841","35.8380545863","127.05900317870001"
"부산광역시 동래구 충렬대로 252, 101호 (수안동)","4호선 수안역 8번출구","바른약국","051-558-1053","1730","0900","1730","0900","1730","0900","1730","0900","1730","0900","1330","0900","C1202547","478","77","7842","35.20093153138295","129.08666481880496"
"서울특별시 서초구 서초중앙로 45, 1층 102호 (서초동, 서초레몬)","바른약국","02-6203-2699","1900","0830","1900","0830","1900","0830","1900","0830","1900","0830","1500","0900","C1107381","066","54","7843","37.4857832271806","127.015448732619"
"부산광역시 부산진구 중앙대로 801, 102호 (부전동)","1호선 부전역 7번 출구","바른약국","051-816-9888","1930","0830","1930","0830","1930","0830","1930","0830","1930","0830","1500","0830","C1202522","472","50","7844","35.16346107558694","129.06334240054633"
"서울특별시 노원구 동일로 1028, 한의학명가 1층 106호 (공릉동)","바른약국","02-972-2524","1900","0900","1900","0900","1900","0900","1900","0900","1900","0900","1400","0900","C1108594","018","48","7845","37.622050850285","127.074553254359"
"서울특별시 금천구 시흥대로153길 99, 신평대일타운 106호 (가산동)","바른약국","02-853-2675","2100","0900","2100","0900","2100","0900","2100","0900","2100","0900","1830","0900","C1109145","085","32","7846","37.4757727604356","126.893363692133"
"경기도 광명시 광명로 898, 광명빌딩 106호 (광명동)","바른약국","02-2612-7004","1800","0900","1800","0900","1800","0900","1800","0900","1800","0900","1300","0900","C2109016","142","62","7847","37.4790549789538","126.854607502023"
"경기도 고양시 일산동구 중앙로 1182, 올림픽스포츠센터 204호 (마두동)","바른약국","031-994-1717","1800","0900","1800","0900","1800","0900","1800","0900","1800","0900","C2108896","104","14","7848","37.6526112183526","126.778116148539"
"전북특별자치도 부안군 부안읍 진성길 8","바른약국","063-932-9925","1800","0830","1800","0830","1300","0830","1800","0830","1800","0830","1230","0830","C2501448","563","15","7849","35.7240211352799","126.738966592713"
"경기도 하남시 하남대로 809, 103호 (신장동)","바른약국","031-792-5020","1800","0900","1800","0900","1800","0900","1800","0900","1800","0900","1300","0900","C2109875","129","57","7850","37.5410588412892","127.207590988395"
"경상남도 창원시 진해구 진해대로 762, 롯데마트 2층 (석동)","록데 마트 휴무일에 휴무함","롯데마트 2층","바른약국","055-551-3036","2200","1000","2200","1000","2200","1000","2200","1000","2200","1000","2200","1000","2200","1000","2200","1000","C2802126","516","58","7851","35.1581646243334","128.698757554273"
"경기도 파주시 문산읍 문산역로 107, 2층 (청도훼미리코아)","경기도파주시문산읍문산리17-25청도빌딩2층","바른약국","031-952-8474","1900","0900","1900","0900","1900","0900","1900","0900","1900","0900","1700","0900","C2102901","108","24","7852","37.85577823546387","126.78670649070014"
"경기도 양평군 서종면 무내미길 67, 1층 104호","바른약국","031-000-0000","1800","0900","1800","0900","1800","0900","1800","0900","1800","0900","1300","0900","C2110113","125","02","7853","37.604660152083","127.350884042702"
"충청남도 금산군 금산읍 비범로 19, 중부프라자","바른약국","041-450-7001","1800","0800","1800","0800","1800","0800","1800","0800","1800","0800","1300","0800","C2401916","327","38","7854","36.10451251888655","127.49102719781813"
"경상남도 양산시 물금읍 화합1길 3","바른약국","055-372-0058","2000","0830","2000","0830","2000","0830","2000","0830","2000","0830","C2802192","506","10","7855","35.3290716927905","129.00842814514"
"부산광역시 남구 우암로 134, 삼진빌딩 1층 (감만동)","바른약국","051-939-7380","1800","0930","1800","0930","1800","0930","1800","0930","1800","0930","1300","0930","C1202954","484","89","7856","35.1222810498899","129.080947094044"
"충청북도 충주시 계명대로 22 (칠금동)","터미널 맞은편","바른약국","070-7571-5775","2200","0830","2200","0830","2200","0830","2200","0830","2200","0830","2200","0830","2200","0830","2200","0830","C2301100","273","61","7857","36.98215634920971","127.91681417865222"
"전북특별자치도 익산시 익산대로 302-1 (남중동)","바른약국","063-852-4174","1900","0900","1900","0900","1900","0900","1900","0900","1900","0900","1400","0900","C2501357","546","19","7858","35.9527444231435","126.952347246298"
"경상남도 거제시 옥포로 203, 3호 (옥포동)","바른약국","055-950-0708","2200","1100","2200","1100","2200","1100","2200","1100","2200","1100","2200","1100","2200","1100","2200","1100","C2802295","532","28","7859","34.8929602581253","128.690956803128"
"서울특별시 구로구 구로중앙로 212, 영삼빌딩 1층 101호 (구로동)","공휴일도 운영합니다. (일요일은 휴무)","바른약국","02-2672-9042","2030","0830","2030","0830","2030","0830","2030","0830","2030","0830","1800","0900","C1108420","082","12","7860","37.5049640516242","126.877836711842"
"경상남도 창원시 의창구 평산로207번길 4 (서상동)","바른약국","055-251-2684","1930","0900","1930","0900","2000","0900","1930","0900","2000","0900","1500","0900","C2802035","513","70","7861","35.26016783954119","128.6258957125373"
"전북특별자치도 군산시 의료원로 44, 수빌딩 1층 (지곡동)","바른약국","063-463-8668","1830","0830","1830","0830","1830","0830","1830","0830","1830","0830","1200","0900","C2501248","541","04","7862","35.955900352","126.7110913398"
"울산광역시 울주군 범서읍 굴화2길 2 (범서읍)","바른약국","052-225-0679","1900","0900","1900","0900","1400","0900","1900","0900","1900","0900","1400","0900","C1700633","449","33","7863","35.5377109679","129.3472008456"
"대전광역시 대덕구 대청로 12, 1층 104호 (신탄진동)","다이소건물","바른약국","042-931-0200","1900","0830","1900","0830","1900","0830","1900","0830","1900","0830","1400","0830","C1601204","343","11","7864","36.4501160405","127.428744249"
"서울특별시 관악구 남부순환로 1714-1, 1층 (봉천동)","봉천역3번출구","바른약국","02-884-2850","2200","0930","2200","0930","2200","0930","2200","0930","2200","0930","2000","0930","C1103634","087","82","7865","37.4826462069064","126.94037542152"
"경상남도 밀양시 밀양대로 1757, 1층 (삼문동)","바른약국","055-354-5370","1900","0900","1900","0900","1900","0900","2000","0900","1900","0900","1400","0900","C2802436","504","39","7866","35.4824147032319","128.752554148977"
"경상북도 구미시 신시로 69 (형곡동)","미르빌딩 1층","바른약국","054-456-5200","1830","0830","1830","0830","1830","0830","1830","0830","1830","0830","1600","0830","C2701581","392","94","7867","36.1140972400136","128.338693777897"
"전라남도 여수시 시청로 19, 우리은행 3층 (학동)","미평연합의원옆","바른약국","061-807-2050","1230","0900","1230","0900","1230","0900","1230","0900","1230","0900","C2600771","596","73","7868","34.768075657209074","127.70867234621994"
"광주광역시 남구 중앙로 78, 안영주내과의원 1층 (서동)","바른약국","062-710-0083","2100","0830","2100","0830","2100","0830","2100","0830","2100","0830","2100","0830","2100","1000","2100","1000","C1501321","616","38","7869","35.1431923157187","126.906968887026"
"부산광역시 북구 사상로 599, (구포동)","북구청 옆","바른약국","051-301-7502","1900","0830","1900","0830","1900","0830","1900","0830","1900","0830","1600","0830","C1200586","465","04","7870","35.19762135076592","128.99074278462044"
"강원특별자치도 춘천시 우두1길 101, 112호 (우두동)","이지더원 1차 후문","바른약국","033-253-0188","1930","0900","1930","0900","1930","0900","1930","0900","1930","0900","1500","0900","C2201110","242","21","7871","37.90892055300209","127.733563738443"
"대구광역시 수성구 달구벌대로 3083, 1층 (시지동)","바른약국","053-793-5678","1800","0900","1800","0900","2000","0900","1300","0900","1800","0900","1300","0900","C1301586","422","62","7872","35.84340016608793","128.6943967349734"
"인천광역시 남동구 호구포로 874, 1층 일부(3호)호 (구월동)","바른약국","032-473-8277","1900","0900","1900","0900","1900","0900","1900","0900","1900","0900","1400","0900","C1402214","215","42","7873","37.4603634462517","126.720303955101"
"전라남도 광양시 사동로 187 (마동)","바른약국","061-795-1058","1900","0830","1900","0830","1900","0830","1900","1400","1900","0830","1300","0900","1700","1300","1300","0900","C2601149","577","73","7874","34.9548881589","127.6906402926"
"인천광역시 연수구 먼우금로188번길 12, 이리옴3빌딩 115호 (연수동)","바른약국","032-812-7180","1630","0900","1630","0900","1630","0900","1630","0900","1630","0900","1630","0900","C1401713","219","27","7875","37.4140543912","126.6767171719"
"대전광역시 서구 계룡로 599, 한밭새마을금고 사옥 1층 (탄방동)","바른약국","042-537-7733","2100","0830","2100","0830","2100","0830","2100","0830","2100","0830","1500","0830","1300","0900","C1601233","352","64","7876","36.34127544692836","127.39019839145842"
"대전광역시 유성구 테크노중앙로 40, 남일프라자 1층 107호 (관평동)","바른약국","042-933-0821","2100","0900","2100","0900","2100","0900","2100","0900","2100","0900","1300","0900","1300","0900","1300","0900","C1600005","340","17","7877","36.42659548475172","127.38993106823965"
"서울특별시 강북구 노해로 95-1, 1층 (수유동)","광산뷔페사거리에서 쌍문교방향으로 세븐일레븐편의점옆","바른약국","02-993-9663","1900","0830","1900","0830","1900","0830","1900","0830","1900","0830","1400","0830","C1100673","010","48","7878","37.6442009407377","127.022844680652"
"경기도 광주시 신현로 9, 1층 (신현동)","바른약국","070-8129-8275","2000","0900","2000","0900","2000","0900","2000","0900","1900","0900","1400","0900","C2107096","127","71","7879","37.36010424450553","127.14822862782002"
"서울특별시 동작구 상도로 153, 1층 (상도동)","13:10~14:00 휴게시간","바른약국","02-816-2223","2000","0900","1900","0900","1900","0900","2000","0900","1900","0900","1400","0900","C1108448","069","50","7880","37.5034286832743","126.936286242405"
"서울특별시 양천구 오목로 197, 1층 (신정동, 이스트만빌딩)","지하철5호선목동역1번출구(영상고교후문버스정류장)","바른약국","02-2696-0903","1900","0900","1900","0900","1900","0900","2030","0900","1900","0900","1400","0900","C1103717","079","45","7881","37.5256173465247","126.85941201556"
"서울특별시 영등포구 선유로 138, 롯데마트 양평점 지하1층 (양평동3가)","매달 2,4번째 일요일 정기 휴무","바른약국","050-71320-2267","2000","1000","2000","1000","2000","1000","2000","1000","2000","1000","2000","1000","2000","1000","2000","1000","C1108138","072","55","7882","37.5260658911576","126.891572019703"
"경기도 수원시 권선구 탑동로3번길 13, 102호 (탑동)","바른약국","031-227-0069","1900","0900","1900","0900","1900","0900","1900","0900","1900","0900","1900","0900","C2106757","166","06","7883","37.26888714844205","126.97451555904243"
"서울특별시 종로구 대학로 89, 대학로빌딩 1층 (연건동)","서울대학교병원 후문 소방서 옆, 도보 1분","바른약국","02-744-8908","1900","0900","1900","0900","1900","0900","1900","0900","1900","0900","1400","0900","C1109596","030","82","7884","37.5792304768008","127.001809991044"
"경기도 김포시 김포한강2로 220, 그린프라자 301호 (장기동)","바른약국","031-986-4789","1930","0830","1930","0830","1930","0830","1930","0830","1930","0830","1400","0830","C2103511","100","83","7885","37.64522160250501","126.6613004999345"
"경기도 오산시 오산로 224-1 (오산동)","설명절, 추석명절 운영 안함 그 외의 법정 공휴일 운영","바른약국","031-377-8522","1930","0840","1930","0840","1930","0840","1930","0840","1930","0840","1430","0840","1300","0840","C2103548","181","38","7886","37.14691973097707","127.0685943359457"
"경기도 여주시 여흥로 123 (홍문동)","바른약국","031-00-0000","1800","0900","1800","0900","1800","0900","1800","0900","1800","0900","1300","0900","C2109444","126","21","7887","37.2957086770865","127.637143711743"
"경기도 안성시 공도읍 진건중길 13, 1층","바른약국","031-651-5505","1800","0900","1800","0900","1800","0900","1800","0900","1800","0900","1300","0900","C2109178","175","64","7888","36.9942834223798","127.142456454281"
"부산광역시 부산진구 새싹로 201, 1층 (초읍동)","바른약국","051-791-2215","C1202917","471","08","7889","35.1741186729858","129.048863788123"
"서울특별시 동대문구 사가정로 80, 카운티에비뉴 121호 (답십리동)","2024/9/18 수요일 운영시간 10:00~15:00","바른약국","02-2249-9111","1900","0830","1900","0830","1900","0830","1900","0830","1900","0830","1800","0800","1500","1000","1500","1000","C1109114","025","41","7890","37.5752237850342","127.054926569574"
"서울특별시 강남구 도산대로 157, 1층 (신사동)","바른약국","02-547-2744","2000","1000","2000","1000","2000","1000","2000","1000","2000","1000","1700","1000","C1107927","060","37","7891","37.5190318997662","127.025642795762"
"부산광역시 동구 고관로 126, 1층 (수정동)","바른약국","051-710-5512","1830","0840","1830","0840","1830","0840","1830","0840","1830","0840","1330","0840","C1202939","487","88","7892","35.1296014252785","129.047475853973"
"서울특별시 송파구 올림픽로 145 (잠실동)","리센츠상가","바른약국","02-3431-9930","1820","0900","1820","0900","1820","0900","1820","0900","1820","0900","1300","0800","C1104052","055","02","7893","37.5119804600106","127.087041904838"
"서울특별시 성동구 왕십리로 410, G동 204호 (하왕십리동, 센트라스)","바른약국","02-2281-3200","1900","0830","1900","0830","1900","1400","1900","0830","1900","0830","1330","0900","C1108252","047","01","7894","37.5666029325047","127.024082467223"
"서울특별시 은평구 통일로 842, 범서빌딩 2층 (불광동)","바른약국","02-353-0830","1830","0900","1830","0900","1830","0900","1830","0900","1830","0900","1400","0900","C1108165","033","50","7895","37.6186902335511","126.922063807625"
"경기도 이천시 부발읍 경충대로 2088, 103호","바른약국","031-634-1090","1800","0900","1800","0900","1800","0900","1800","0900","1800","0900","1300","0900","C2109524","173","32","7896","37.2515395682622","127.490436132324"
"경기도 의정부시 부용로 105, 프레티넘프라자2 109호 (금오동)","바른약국","031-853-6700","1800","0900","1800","0900","1800","0900","1800","0900","1800","0900","1300","0900","C2109470","117","57","7897","37.7512939113072","127.069353799113"
"경기도 시흥시 은계번영길 13, 아리테타워 109호 (은행동)","바른약국","031-404-0660","2200","1000","2200","1000","2200","1000","2200","1000","2200","1000","1800","0900","2200","1000","2200","1000","C2108054","149","23","7898","37.4373542902033","126.80256117401842"
"경기도 평택시 평택2로20번길 14, 1층 (평택동)","바른약국","031-653-2002","1800","1000","1800","1000","1800","1000","1800","1000","1800","1000","C2108406","179","09","7899","36.992478317256","127.088997754025"
"경기도 안양시 동안구 관악대로 480, 우정타운 1층 105호 (관양동)","바른약국","031-424-8802","1800","0900","1800","0900","1800","0900","1800","0900","1800","0900","1300","0900","C2109471","139","51","7900","37.4024760233923","126.975394260788"
"경기도 용인시 수지구 동천로 83, 104호 (동천동, 윤창빌딩)","바른약국","070-4230-1311","1930","0900","1930","0900","1930","0900","1930","0900","1930","0900","1500","0900","C2106570","168","23","7901","37.33898164190943","127.09443549933921"
"울산광역시 남구 남중로 37, 1층 105호 (삼산동)","바른약국","052-267-0923","1900","0900","1900","0900","1900","0900","1900","0900","1900","0900","1600","0900","1230","0900","C1700679","447","15","7902","35.5377092289014","129.347202228023"
"경기도 남양주시 화도읍 경춘로 1969-8, 송림빌딩 1층 일부호 (화도읍)","바른약국","031-595-5051","1930","0830","1930","0830","1930","0830","1930","0830","1930","0830","C2108224","121","80","7903","37.6512855788898","127.307194102969"
"경기도 성남시 분당구 정자로 144","12월 1월 2월은 09:00~18:00까지 운영","바른약국","031-714-6171","1830","0900","1830","0900","1830","0900","1830","0900","1830","0900","1300","0900","C2101221","136","03","7904","37.36321020974686","127.1208074310066"
"전라남도 무안군 삼향읍 남악3로82번길 42, 가온빌딩 1층 101호","바른약국","061-980-2511","1800","0900","1800","0900","1800","0900","1800","0900","1800","0900","1300","0900","2400","2200","2400","2200","C2601193","585","67","7905","34.812702121965046","126.4648824686879"
"강원특별자치도 강릉시 율곡로 2827 (옥천동)","바른약국","033-661-1007","2100","0830","2100","0830","2100","0830","2100","0830","2100","0830","1500","0830","C2200987","255","31","7906","37.8931927211","128.8269372547"
"전라남도 순천시 조례못등길 16, 금당빌딩 1층 (조례동)","바른약국","061-721-6868","1900","0900","1900","0900","1900","0900","1900","0900","1900","0900","1600","0830","C2601052","579","68","7907","34.95421120384554","127.52637941041121"
"대구광역시 서구 달구벌대로 1729-1 (내당동)","달성고등학교옆","바른약국","053-561-8986","1830","0900","1830","0900","1830","0900","1830","0900","1830","0900","1300","0900","C1300541","418","57","7908","35.85712234454977","128.55452676386585"
"대구광역시 달서구 조암로 24 (월성동)","바른약국","053-643-3371","2000","0900","2000","0900","2000","0900","2000","0900","2000","0900","1530","0900","C1301344","427","52","7909","35.82555457632753","128.52710048108432"
"부산광역시 사하구 사하로 201, 1층 (괴정동)","1호선 괴정역 6번 출구","바른약국","051-203-0406","1900","0900","1900","0900","1900","0900","1900","0900","1900","0900","1400","0900","C1202400","493","81","7910","35.0996985773","128.9931042765"
"부산광역시 연제구 월드컵대로 186 (거제동)","3호선 거제역 2번출구","바른약국","0518651650","1830","0900","1830","0900","1830","0900","1830","0900","1830","0900","1330","0900","C1202412","475","21","7911","35.1881440255","129.0765066595"
"서울특별시 도봉구 도봉로 511, 1층 (쌍문동)","바른약국","02-2138-0820","1700","0800","1700","0800","1700","0800","1700","0800","1700","0800","1600","0800","C1110459","014","42","7912","37.6510954076","127.035709218021"
"부산광역시 해운대구 중동1로 15-3, 1층 (우동)","바른약국","051-711-9070","1930","0850","1930","0850","1930","0850","1930","0850","1930","0850","1700","0850","C1202475","480","95","7913","35.1636310004","129.1614646071"
"부산광역시 사하구 다대로 544, 진요빌딩 106-1호 (다대동)","1호선 다대포항역 3번출구","바른약국","051-265-8911","1800","0900","1800","0900","1800","0900","1800","0900","1800","0900","1300","0900","C1202686","494","93","7914","35.05780488784361","128.970980587074"
"대구광역시 중구 달구벌대로 2127, 4층 (봉산동)","바른약국","0532531820","2030","0930","2030","0930","2030","0930","2030","0930","2030","0930","1700","0930","C1301460","419","43","7915","35.8653293676","128.5965734182"
"서울특별시 강서구 양천로 556, 강서메디칼센터 103호 (등촌동)","- 공휴일 영업시간은 문의해주세요.","바른약국","02-3664-3215","1930","0830","1930","0830","1930","0830","1930","0830","1930","0830","1300","0830","C1109143","075","50","7916","37.5578028626502","126.860728364155"
"부산광역시 사하구 다대로 263, 109호 (장림동)","","1호선 장림역 2번출구","바른약국","051-264-2356","1830","0900","1830","0900","1800","0900","1830","0900","1830","0900","1400","0900","C1202443","495","09","7917","35.0788581774","128.977784451"
"인천광역시 서구 봉오재3로 40, 104호 (가정동)","바른약국","070-7670-1009","1930","0900","1930","0900","1930","0900","1930","0900","1930","0900","1800","0900","1400","0900","C1401936","228","58","7918","37.5296919165864","126.665677380775"
"경기도 화성시 동탄신리천로 408, M메디컬프라자 106호 (목동)","일요일,공휴일 미운영","2021년 3월 중 개업예정","바른약국","031-377-1223","2130","0900","2130","0900","2130","0900","2130","0900","2130","0900","1700","0900","C2108659","184","90","7919","37.1821355556416","127.12346331253"
"부산광역시 기장군 장안읍 해맞이로 9, 1층","바른약국","051-727-5123","1830","0900","1830","0900","1830","0900","1830","0900","1830","0900","1300","0900","C1202714","460","33","7920","35.3128838129308","129.244636918399"
"충청남도 천안시 서북구 불당22대로 92, 132호 (불당동)","바른약국","041-561-3550","2030","0900","2030","0900","2030","0900","2030","0900","2030","0900","1430","0900","C2401465","311","56","7921","36.8153466822","127.1087166199"
"서울특별시 성북구 화랑로 76, 112-1호 (하월곡동, 코업스타클래스)","코업스타클래스 1층 112-1","바른온누리약국","02-942-4750","2100","0900","2100","0900","2100","0900","2100","0900","2100","0900","1800","1000","C1104147","027","99","7922","37.6017059749991","127.040579524379"
"경기도 수원시 권선구 호매실로 100, 108호 (호매실동)","바른온누리약국","031-291-9991","1800","0900","1800","0900","1800","0900","1800","0900","1800","0900","C2108934","166","30","7923","37.2595382391937","126.963608897606"
"부산광역시 동래구 충렬대로457번길 10, 101호 (안락동)","13:00- 14:00 휴게시간","바른온누리약국","051-527--0077","2000","0900","1900","0900","1900","0900","1900","0900","2000","0900","1500","0900","C1202978","477","95","7924","35.195916791863","129.108641187976"
"서울특별시 서초구 방배로 108, 1층 (방배동)","바른온누리약국","070-8808-3000","2000","0900","2000","0900","2000","0900","2000","0900","2000","0900","1600","0900","C1108283","066","65","7925","37.4838342212021","126.996444097861"
"경기도 안산시 상록구 예술광장로 63, 성포프라자 101,102호 (성포동)","언제나 밝은 모습으로 행복을 지어드리는 안산 사랑의병원 정문에 위치한 바른정문약국입니다.","바른정문약국","031-485-0400","1930","0900","1930","0900","1930","0900","1930","0900","1930","0900","1700","0900","1600","1000","C2108986","152","91","7926","37.3266918920306","126.845345174188"
"경기도 평택시 중앙로 29 (통복동)","바른정약국","031-655-5107","1900","0830","1900","0830","1900","0830","1900","0830","1900","0830","1600","0830","1330","0900","C2100614","178","94","7927","36.995331240401825","127.08643038242232"
"경상남도 진주시 비봉로34번길 14, 1층 (중안동)","바른정약국","055-920-4994","2000","0900","2000","0900","2000","0900","2000","0900","2000","0900","1700","0900","C2802378","526","84","7928","35.1939190051221","128.082407463287"
"경기도 부천시 소사구 소삼로 38, 휴안뷰 101동 1층 103호 (소사본동)","바른정한약국","032-343-8896","2000","0930","2000","0930","2000","0930","2000","0930","2000","0930","C2108085","147","01","7929","37.4782062126674","126.797022619968"
"서울특별시 동작구 흑석로 101, 1층 (흑석동)","바름약국","02-827-0308","2000","0830","2000","0830","2000","0830","2000","0830","2000","0830","1330","0830","C1108655","069","10","7930","37.5077478063551","126.960583855519"
"광주광역시 동구 의재로 145-1 (운림동)","바보죽약국","062-232-3211","1600","1000","1600","1000","1600","1000","1600","1000","1600","1000","1600","1000","C1501073","614","92","7931","35.1323941718","126.9433009726"
"대구광역시 남구 두류공원로17길 16 (대명동)","가톨릭대병원 장례식장 맞은편","바오로약국","053-625-2828","1730","0900","1730","0900","1730","0900","1730","0900","1730","0900","1230","0900","C1300077","424","71","7932","35.843901111692965","128.56893155160063"
"대구광역시 달서구 조암로 28, 1층 (월성동)","태전동휴먼시아1단지주상가4층","바오로약국","053-637-9195","2100","0830","2100","0830","2100","0830","2100","0830","2100","0830","1900","0830","C1301281","427","53","7933","35.82531891583338","128.52664007383052"
"서울특별시 동대문구 왕산로 225, 미주상가 2층 203호 (청량리동)","청량리지하철역3번출구30m미주A상가2층","바오로약국","02-967-3761","1800","0800","1800","0800","1800","0800","1800","0800","1800","0800","1500","0800","C1103094","024","90","7934","37.5821227010138","127.047209103701"
"울산광역시 중구 종가17길 52, 혁신프라자 108호 (서동)","월~금 9시부터 오후7시30분 토요일 9시부터 오후 5시 일요일 9시부터 오후 1시 공휴일은 휴무 입니다","서동 kcc스위첸 맞은편","바오밥약국","052-295-1120","1900","0900","1900","0900","1900","0900","1900","0900","1900","0900","1700","0900","1300","0900","C1700598","445","47","7935","35.58154723346322","129.33988103527582"
"경기도 광명시 광명로831번길 15 (광명동)","바우약국","02-2685-4535","2100","0900","2100","0900","2100","0900","2100","0900","2100","0900","2100","0900","2100","0900","C2103312","142","94","7936","37.473827777777778","126.849761111111107"
"서울특별시 강북구 삼양로 509 (수유동)","바우약국","02-993-7536","1900","0900","1900","0900","1900","0900","1900","0900","1900","0900","1900","0900","C1101824","010","11","7937","37.64858589345","127.013868679551"
"강원특별자치도 강릉시 금성로22번길 10, 1층 (금학동)","약국","중화빌딩 1층","바우약국","033-642-1164","1830","0830","1830","0830","1830","0830","1830","0830","1830","0830","1330","0830","C2200887","255","40","7938","37.754762304798206","128.89759879810776"
"서울특별시 강북구 삼양로 420, 배용표내과 (수유동)","바이엘약국","02-999-0267","1900","0830","1900","0830","1900","0830","1300","0830","1900","0830","1300","0900","C1101826","010","41","7939","37.6410176529604","127.017111025257"
"서울특별시 강남구 강남대로 334","바이올렛약국","02-3452-6007","1800","0900","1800","0900","1800","0900","1800","0900","1800","0900","C1103331","062","52","7940","37.4929896249454","127.03049459259161"
"서울특별시 동대문구 한천로 195, 1층 (장안동)","바하약국","02-2215-1101","2100","0900","1900","0900","1900","0900","2100","0900","1900","0900","1415","0900","C1109480","025","34","7941","37.5783841903903","127.068091817316"
"강원특별자치도 강릉시 선수촌로 122, 1층 101호 (유천동)","박경희약국","033-645-7475","1800","1000","1800","1000","1800","1000","1800","1000","1800","1000","C2201009","254","58","7942","37.76187052424778","128.87041108307085"
"전북특별자치도 익산시 무왕로 965 (신동)","익산병원 (구 하나병원) 입구","박사약국","063-841-9142","1800","0900","1800","0900","1800","0900","1800","0900","1800","0900","1200","0900","C2500080","545","43","7943","35.96136009966526","126.96550211896027"
"경상북도 상주시 상산로 259 (남성동)","농협중앙회 맞은편 이원두의원 바로옆","농협중앙회맞은편","박사약국","054-533-9955","1800","0830","1800","0830","1800","0830","1800","0830","1800","0830","1230","0830","1300","0830","C2700087","371","98","7944","36.414003302000246","128.15908955422717"
"서울특별시 강동구 고덕로 254, 이화빌딩 (명일동)","박선영약국","02-442-6332","1830","0900","1900","0900","1830","0900","1830","0900","1900","0900","1430","0900","C1101831","052","69","7945","37.554718078651014","127.15368504662108"
"경기도 안산시 단원구 선부광장1로 14, 106호 (선부동, 광원빌딩)","박세영약국","031-482-8254","2030","0900","2030","0900","2030","0900","2030","0900","2030","0900","1800","0900","C2103975","152","40","7946","37.33586740236329","126.80732279680953"
"서울특별시 송파구 마천로7길 6, 오금대림아파트 117,118호 (오금동)","박순영온누리약국","02-430-3371","2130","0900","2130","0900","2130","0900","2130","0900","2130","0900","2100","0900","2000","1200","2000","1200","C1104915","056","56","7947","37.5084225762185","127.127933293693"
"서울특별시 금천구 시흥대로 471-1 (독산동)","독산동고개","박애약국","02-855-9558","2000","0900","2000","0900","2000","0900","2000","0900","2000","0900","2000","0900","2000","0900","2000","0900","C1102623","085","31","7948","37.47576740108737","126.89811373661304"
"경기도 성남시 수정구 논골로35번길 2 (단대동)","박애약국","031-747-6505","2000","0900","2000","0900","2000","0900","2000","0900","2000","0900","1800","0900","C2102235","131","39","7949","37.457082991671896","127.15912555474634"
"대구광역시 중구 달성로 123, 상가동 503동 104호 (달성동, 달성파크푸르지오힐스테이트)","박애약국","053-525-0123","1800","0800","1800","0800","1800","0800","1800","0800","1800","0800","C1301844","419","22","7950","35.8779018501669","128.578493787624"
"부산광역시 동래구 명륜로187번길 53 (명륜동)","동래보건소 앞","박약국","051-556-5570","1800","0900","1800","0900","1800","0900","1800","0900","1800","0900","2000","0900","1800","0900","C1200373","607","806","7951","35.21110026925795","129.07975939787997"
"강원특별자치도 강릉시 금성로 14 (금학동)","금학동 중앙시장맞은편","박약국","033-643-4546","2000","0830","2000","0830","2000","0830","2000","0830","2000","0830","1830","0830","1800","0830","C2200337","255","40","7952","37.75455782536827","128.89871685074001"
"강원특별자치도 홍천군 홍천읍 홍천로 366","우체국 옆","박약국","033-435-8277","1830","0830","1830","0830","1600","0830","1830","0830","1830","0830","1400","0830","C2200246","251","39","7953","37.68896051830433","127.88593782391267"
"경상북도 봉화군 봉화읍 봉화로 1153","박약국","054-673-5538","2000","0800","2000","0800","2000","0800","2000","0800","2000","0800","2000","0800","C2700302","362","39","7954","36.891208624778834","128.735978783166"
"광주광역시 남구 백운로 73 (백운동)","현대아파트상가 101호","박약국","062-675-7547","2100","0900","2100","0900","2100","0900","2100","0900","2100","0900","1300","0900","C1500109","616","46","7955","35.13911188100064","126.90589838057335"
"전북특별자치도 익산시 함열읍 함열중앙로 10","파출소 옆","박약국","063-861-1673","1900","0900","1900","0900","1900","0900","1900","0900","1900","0900","1600","0900","C2500116","545","11","7956","36.07909036920535","126.95842400567062"
"충청남도 논산시 양촌면 매죽헌로 1685","양촌사거리","박약국","041-741-2345","1800","0600","1800","0600","1800","0600","1800","0600","1800","0600","1300","0600","C2400249","330","22","7957","36.13736977439648","127.23678531556773"
"경상남도 거창군 거창읍 거창대로 57","다이소 옆","박약국","055-945-3653","1830","0830","1830","0830","1830","0830","1830","0830","1830","0830","1300","0830","C2800928","501","38","7958","35.6867181535","127.916016657"
"서울특별시 양천구 목동중앙북로 10 (목동)","등촌역2번출구 등촌시장앞","박약국","02-2642-4949","1800","0900","1800","0900","1800","0900","1800","0900","1800","0900","1300","0900","C1103092","079","50","7959","37.54846958861095","126.86466014299805"
"전북특별자치도 부안군 부안읍 동중길 31","박약국","063-932-9923","2000","0800","2000","0800","2000","0800","2000","0800","2000","0800","1500","0800","C2501422","563","08","7960","35.7303926724967","126.736401642896"
"전라남도 고흥군 도덕면 학동2길 17","박약국","061-844-1110","1700","0900","1700","0900","1700","0900","1700","0900","1700","0900","C2601340","595","46","7961","34.5673611776605","127.17576370937"
"울산광역시 중구 태화로 233, 1층 (태화동)","중구동강병원부근","박약국","052-243-5221","1900","0830","1900","0830","1900","0830","1900","0830","1900","0830","1330","0830","C1700254","444","55","7962","35.552611111111112","129.300783333333328"
"경기도 성남시 중원구 금상로 12, 1층 (상대원동)","박약국","031-745-5981","1900","0900","1900","0900","1900","0900","1900","0900","1900","0900","1400","0900","C2101129","132","31","7963","37.4376915201552","127.15796072529491"
"경기도 광주시 도척면 도척로 333","박약국","031-761-6297","1800","0900","1800","0900","1800","0900","1800","0900","1800","0900","C2100485","128","14","7964","37.32301081996043","127.33643835294426"
"경기도 부천시 부일로 293, LT TOWER 1층일부호 (상동)","박약국","032-715-9636","2000","0900","2000","0900","2000","0900","2000","0900","2000","0900","1600","0900","C2109224","146","21","7965","37.4885936343074","126.762681060809"
"대구광역시 북구 호암로 20, 126동 110호 (칠성동2가, 성광우방타운)","공휴일은 유동적이므로 전화필수","칠성동홈플러스뒷편성광우방타운상가","박약국","053-359-1999","2000","0900","2000","0900","2000","0900","2000","0900","2000","0900","1700","0900","1900","1300","1300","0900","C1300029","415","86","7966","35.882080281100905","128.5933534058"
"충청남도 서산시 안견로 184-6, (동문동)","사정에 따라 간혹 시간이 변경될 수 있음.","서산 터미널앞","박용두약국","041-665-4786","1930","0730","1930","0730","1930","0730","1930","0730","1930","0730","1930","0730","1930","0730","1930","0730","C2400319","319","81","7967","36.782147292089206","126.45888523784708"
"대전광역시 유성구 지족로 355, 월드프라자 1층 104호 (지족동)","토요일은 예약제 진료","박진희약국","042-721-2355","1800","0930","1800","0930","1800","0930","1800","0930","1800","0930","1230","0930","C1601362","340","71","7968","36.3870129073046","127.316106356762"
"부산광역시 강서구 명지오션시티4로 75, 서린프라자 1층 104호 (명지동)","버스정류장: 엘크루블루오션 앞","박하약국","051-271-0065","1930","0930","1930","0930","1930","0930","1930","0930","1930","0930","1930","0930","2000","1400","2000","1400","C1202598","467","64","7969","35.0822597897731","128.903929532214"
"경기도 화성시 동탄대로 489, 동탄역우성타워 1층 102,130호 (오산동)","박하약국","031-376-0714","1800","0900","1800","0900","1800","0900","1800","0900","1800","0900","1300","0900","C2109392","184","78","7970","37.1973592693437","127.098263708758"
"대구광역시 북구 대현로 88-1","박하약국","053-943-3669","1300","0900","1300","0900","1300","0900","1300","0900","1300","0900","1330","0900","C1301071","415","70","7971","35.88245704940795","128.6086373930503"
"부산광역시 사하구 낙동대로 447, 동인빌딩 1층 우측일부호 (하단동)","하단로터리","박하약국","051-203-6033","1900","0900","1900","0900","1900","0900","1900","0900","1900","0900","1400","0900","1300","0900","C1201387","494","08","7972","35.10484085610436","128.9695738287289"
"부산광역시 연제구 월드컵대로 52, 상원빌딩 1층 (연산동)","박하약국","051-861-4722","1930","0900","1930","0900","1930","0900","1930","0900","1930","0900","1400","0900","C1202733","475","90","7973","35.179133696254","129.084987489308"
"대전광역시 서구 만년로 45, 상가 104호 (만년동, 초원아파트)","초원아파트 상가 105","박효정약국","042-488-8780","2000","0900","2000","0900","2000","0900","2000","0900","2000","0900","1500","0900","C1600526","352","01","7974","36.36812342720211","127.37892991744962"
"서울특별시 서초구 서초중앙로 238, 2층 233, 234호 (반포동)","반가운약국","02-6958-8812","1900","0900","1900","0900","2000","0900","1900","0900","1900","0900","1400","0900","C1110245","065","97","7975","37.502946818052756","127.01201624448322"
"경기도 수원시 영통구 덕영대로 1689 (영통동)","약국","반가워,약국","031-204-3297","2200","1000","2200","1000","2200","1000","2200","1000","2200","1000","2200","1000","2200","1200","2200","1000","C2108625","167","02","7976","37.2479777730091","127.076031384497"
"세종특별자치시 한누리대로 1828, 시드니블루 103호 (반곡동)","일요일 및 공휴일 휴무","일요일 및 공휴일 휴무","반곡동","반곡수약국","044-866-0511","2020","0830","2020","0830","2020","0830","2020","0830","2020","0830","1530","0830","C1800314","301","46","7977","36.4980544227741","127.311741126512"
"세종특별자치시 한누리대로 1824, 1층 111호 (반곡동)","일요일 휴무 공휴일 14시까지 운영","반곡동","반곡중앙약국","044-865-7783","1930","0830","1930","0830","1930","0830","1930","0830","1930","0830","1400","0830","C1800307","301","46","7978","36.4980948672332","127.312126918476"
"경기도 안산시 단원구 엠티브이18로 30, 104호 (성곡동)","반달두리약국","031-507-0507","1800","0900","1800","0900","1800","0900","1800","0900","1800","0900","1300","0900","C2110031","156","56","7979","37.3043199527773","126.736220075357"
"충청북도 청주시 흥덕구 백봉로223번길 2, 1층 (봉명동)","*봉명동현대아이파크정문입구","반달약국","043-268-0236","2000","0900","2000","0900","2000","0900","2000","0900","2000","0900","1400","0900","C2300463","284","65","7980","36.649530555555558","127.460466666666662"
"경상남도 창원시 마산합포구 북성로 85-1","회산다리 부근","반도약국","055-241-0346","1800","0900","1800","0900","1800","0900","1800","0900","1800","0900","1230","0900","C2801060","512","74","7981","35.2148470940074","128.57052695531132"
"경상남도 진주시 진주대로 1062-5","국민은행 근처","반도약국","055-741-4487","1900","0800","1900","0800","1900","0800","1900","0800","1900","0800","1600","0800","C2800202","527","54","7982","35.19450999507352","128.08404689590697"
"부산광역시 서구 까치고개로 200","부산대학교병원 권역외상센터 입구 뒤","반도약국","051-256-0562","1830","0900","1830","0900","1830","0900","1830","0900","1830","0900","1530","0900","C1200050","492","45","7983","35.09973211560664","129.01765456559133"
"부산광역시 동래구 아시아드대로 234, 2층 205호 (온천동)","3,4호선 미남역 2번 출구","반도웰스약국","051-504-2237","1830","0900","1830","0900","1830","0900","1830","0900","1800","0900","1300","0900","C1200085","478","37","7984","35.20436666666667","129.0676916666695"
"부산광역시 사상구 낙동대로 790, 신우프라자 102호 (엄궁동)","공휴일 운영 확인 후 방문요망","버스정류장:엄궁교차로/국민은행옆","반디약국","051-312-0311","1900","0900","1900","0900","1900","0900","1900","0900","1900","0900","1600","0900","1300","0900","1300","0900","C1201165","470","35","7985","35.131026392846294","128.9724505856733"
"강원특별자치도 속초시 미시령로 3395","반디약국","033-631-1781","1900","0900","1900","0900","1900","0900","1900","0900","1900","0900","1300","0900","C2200460","248","90","7986","38.20743159029712","128.5774114565813"
"부산광역시 해운대구 재반로 213-1, 우리약국 1층 (반여동)","수성빌딩 1층 부산은행 옆","반산우리약국","051-783-1718","1900","0900","1900","0900","1900","0900","1900","0900","1900","0900","1200","0900","C1200336","480","28","7987","35.19639159363199","129.1306872293946"
"대전광역시 유성구 반석로 16, 반석크리닉빌딩 (반석동)","반석크리닉1층,반석농협옆,반석마을503동인근","반석드림팜약국","042-826-0012","1920","0900","1920","0900","1920","0900","1920","0900","1920","0900","1600","0900","C1600496","340","68","7988","36.39184303388412","127.3126633341152"
"대전광역시 유성구 반석로 20, 플러스존 1층 102호 (반석동)","반석약국","042-825-3978","2000","0900","2000","0900","2000","0900","2000","0900","2000","0900","1800","0900","1800","0900","C1601196","340","68","7989","36.3917862311","127.3123376172"
"서울특별시 관악구 관악로 195, A동 308호 (봉천동, 관악위버폴리스)","관악위버폴리스 A동 308호","반석온누리약국","02-876-8838","1900","0900","1900","0900","1900","0900","1900","0900","1900","0900","1400","0900","C1104616","087","45","7990","37.482974136967606","126.95331024121461"
"서울특별시 영등포구 영등포로 33, 108호(양평동2가,비즈타워)","양평역 2번 출구 전방 500m 목동비즈타워 1층","반석온누리약국","02-2632-9595","1930","0800","1930","0800","1930","0800","1930","0830","1930","0800","1430","0800","C1104580","072","75","7991","37.52322268013769","126.88508232948148"
"경기도 남양주시 화도읍 비룡로 111","반석온누리약국","031-511-7477","2100","0900","2100","0900","2100","0900","2100","0900","2100","0900","1400","0900","C2108957","121","66","7992","37.6617536757945","127.302739682761"
"경상남도 진주시 일반성면 동부로1993번길 14","공휴일 전화확인 요망","서울의원 옆","반성보건약국","055-759-7799","1800","0900","1800","0900","1800","0900","1800","0900","1800","0900","1230","0900","1300","0900","C2800924","526","16","7993","35.17031483959092","128.28118024911413"
"경상남도 진주시 동부로 1944 (일반성면)","일반성면 터미널옆","반성제일약국","055-762-1413","1830","0830","1830","0830","1830","0830","1830","0830","1830","0830","C2801714","526","16","7994","35.172177366636895","128.27540682720092"
"경상남도 창원시 성산구 원이대로473번길 22, 반송약국 (반림동)","반송시장입구","반송약국","055-282-3073","2030","0900","2030","0900","2030","0900","2030","0900","2030","0900","2000","0840","1900","0840","1900","0900","C2800520","514","26","7995","35.235494444444441","128.670641666666654"
"부산광역시 해운대구 아랫반송로21번길 22, 1층 (반송동)","버스정류장: 아랫반송 부산은행 옆","반송열린약국","051-544-0090","1900","0900","1900","0900","1900","0900","1900","0900","1900","0900","1330","0900","C1200062","480","17","7996","35.225895991625805","129.14857226324517"
"부산광역시 해운대구 아랫반송로 57, 1층 (반송동)","4호선 영산대역 2번출구","반송윤약국","070-4242-2590","1900","0900","1900","0900","1900","0900","1900","0900","1900","0900","1300","0900","C1202712","480","19","7997","35.2228012873511","129.150942747931"
"부산광역시 해운대구 신반송로 207","공휴일 운영 가변적으로 전화 후 방문 요망","도림빌딩1층2호","반송조은약국","051-545-9590","1900","0900","1900","0900","1900","0900","1900","0900","1900","0900","1500","0900","1300","0900","C1201321","480","10","7998","35.23042477489126","129.15740736216117"
"부산광역시 해운대구 윗반송로 68 (반송동)","부산은행 맞은편","반송큰시장약국","051-545-3123","1800","0900","1800","0900","1800","0900","1800","0900","1800","0900","1400","0900","C1201137","480","09","7999","35.230165797407544","129.15710809506285"
"전북특별자치도 전주시 완산구 효자로 169 (효자동3가)","도청 옆,유로병원 1층","반암약국","063-284-6638","1800","0830","1800","0830","1800","0830","1800","0830","1800","0830","1300","0830","C2500043","549","63","8000","35.81933614010199","127.10397139772337"
"대구광역시 동구 반야월로 128, 1층 (신기동)","반야월경북약국","053-262-8584","2300","0900","2300","0900","2300","0900","2300","0900","2300","0900","2300","0900","2300","0900","2300","0900","C1300475","411","18","8001","35.87325257892475","128.69868598756585"
"대구광역시 동구 율하동로24길 39","반야월빌딩1층","반야월인제약국","053-965-5360","1830","0900","1830","0900","1830","0900","1830","0900","1830","0900","1200","0900","C1300458","411","14","8002","35.86972941929622","128.70666622031186"
"충청북도 청주시 상당구 산성로 68 (금천동)","금천동현대아파트정문","반약국","043-258-5577","1800","0900","1800","0900","1800","0900","1800","0900","1800","0900","1300","0900","C2300399","287","26","8003","36.62922479984141","127.50234551735035"
"충청북도 음성군 음성읍 수정로 27,","음성읍터미널옆","반약국","043-872-9182","1900","0830","1900","0830","1900","0830","1900","0830","1900","0830","1500","0830","C2300576","276","95","8004","36.9342841460373","127.689330068222"
"부산광역시 해운대구 선수촌로 65-25, 우진빌딩 (반여동)","주말 유동적 운영으로 전화문의 후 방문요망","동해선 부산원동역 2번출구","반여약국","051-523-5551","1930","0900","1930","0900","1930","0900","1930","0900","1600","0900","1330","0900","C1202649","480","38","8005","35.1996940129847","129.117531563165"
"부산광역시 해운대구 재반로 231, 부산제일병원 (반여동)","반여코끼리약국","051-782-2005","2030","0830","2030","0830","2030","0830","2030","0830","2030","0830","1600","0830","1700","1000","1700","1000","C1202502","480","28","8006","35.19793603701858","129.1309449568144"
"서울특별시 서초구 잠원로3길 40 (잠원동)","반원약국","02-3476-7582","2000","0900","2000","0900","2000","0900","2000","0900","2000","0900","1800","0900","1400","0900","C1108911","065","10","8007","37.508285833375886","127.00350616572494"
"대구광역시 중구 달구벌대로 지하 2100, 반월당역 W217,218,219,316,317,318,319호 (덕산동)","동아쇼핑지하통로","반월당경북약국","053-256-0012","2000","0830","2000","0830","2000","0830","2000","0830","2000","0830","2000","0830","1900","0900","2100","0830","C1300939","419","57","8008","35.86575516219223","128.5931444789365"
"대구광역시 중구 달구벌대로 지하2100, 반월당역 C201,202,203,301,302호 (덕산동)","반월당대구약국","053-257-1005","2000","0900","2000","0900","2000","0900","2000","0900","2000","0900","1900","0900","1900","0900","C1301771","419","57","8009","35.8644213158621","128.593340834492"
"대구광역시 중구 달구벌대로 지하 2100 (덕산동)","반월당메트로약국","053-253-2536","2100","0900","2100","0900","2100","0900","2100","0900","2100","0900","2100","0900","2100","0900","2100","0900","C1301379","419","57","8010","35.865470285513005","128.59337094522897"
"대구광역시 중구 달구벌대로 지하2100, 반월당역 w434,435,436호 (덕산동)","반월당명성약국","053-247-0175","2100","0830","2100","0830","2100","0830","2100","0830","2100","0830","2100","0900","2100","0900","C1301679","419","57","8011","35.8644213158621","128.593340834492"
"대구광역시 중구 달구벌대로 지하2100, 반월당메트로센터 C421,C422,C423,C523호 (덕산동)","반월당백화점약국","053-431-1007","2100","0830","2100","0830","2100","0830","2100","0830","2100","0830","2100","0830","2100","0830","2100","0830","C1301607","419","57","8012","35.86442069260235","128.5933402684897"
"대구광역시 중구 달구벌대로 지하2100, C315,316호 (덕산동)","반월당신세계약국","053-253-3730","1800","0900","1800","0900","1800","0900","1800","0900","1800","0900","C1301737","419","57","8013","35.8644213158621","128.593340834492"
"대구광역시 중구 달구벌대로 지하 2100, 반월당역 W131, 132호 (덕산동)","명절 당일 제외하고 연중무휴","반월당약국","053-422-7584","2200","0800","2200","0800","2200","0800","2200","0800","2200","0800","2200","0800","2200","0800","2200","0800","C1301504","419","57","8014","35.8644206926","128.5933402685"
"대구광역시 중구 달구벌대로 지하2100, 반월당역 C404, 405호 (덕산동)","반월당자연사랑약국","053-427-1005","2000","0800","2000","0800","2000","0800","2000","0800","2000","0800","2000","0800","2000","0800","2000","0800","C1301644","419","57","8015","35.8644213158621","128.593340834492"
"대구광역시 중구 중앙대로 366, 1층 102호 (덕산동)","반월당중앙약국","053-426-6677","2100","0900","2100","0900","2100","0900","2100","0900","2100","0900","1700","0900","C1301561","419","43","8016","35.86611549154726","128.59383475041216"
"경기도 안산시 상록구 건건로 66, 스마트타워 103호 (건건동)","반월봄약국","031-437-6561","1800","0900","1800","0900","1800","0900","1800","0900","1800","0900","1300","0900","C2109888","155","21","8017","37.306784404814","126.90366496647"
"경기도 화성시 영통로 62, 105호 (반월동)","반월수약국","031-8067-7400","1800","0900","1800","0900","1800","0900","1800","0900","1800","0900","1300","0900","C2109686","183","79","8018","37.2358032716486","127.062181265295"
"충청남도 논산시 중앙로 461(반월동)","반월약국","041-733-1530","1810","0810","1810","0810","1810","0810","1810","0810","1810","0810","1310","0810","C2401695","329","52","8019","36.2043630011387","127.084845078637"
"경기도 안산시 상록구 건건3길 5, 105호 (건건동, 센타프라자)","반월오박사약국","031-437-0167","2100","0800","2100","0800","2100","0800","2100","0800","2100","0800","2000","0800","1300","0900","1300","0900","C2103953","155","21","8020","37.3044765558273","126.90221928989986"
"대구광역시 중구 달구벌대로 2149, 반월타워 1층 (삼덕동1가)","반월용약국","053-255-1226","1900","0930","1900","0930","1900","0930","1900","0930","1900","0930","1530","0930","C1301491","419","42","8021","35.8645842285","128.5989364516"
"대구광역시 중구 달구벌대로 2095, 삼성생명 2층 (덕산동)","반월킴스약국","053-217-3600","1800","0900","1800","0900","1800","0900","1800","0900","1800","0900","C1301928","419","36","8022","35.8663183838019","128.592798810904"
"경기도 화성시 영통로 66, 반월메디컬프라자 1동 1층 104호 (반월동)","반월튼튼약국","070-7804-3004","1800","0900","1800","0900","1800","0900","1800","0900","1800","0900","1300","0900","C2109564","183","79","8023","37.2361775918268","127.061788156891"
"서울특별시 서초구 반포대로 291, 3층 345호 (반포동)","반포스마일약국","02-535-6389","1900","0900","1900","0900","1900","0900","1900","0900","1900","0900","1400","0900","C1110078","065","06","8024","37.50498595419157","126.99999717257148"
"서울특별시 서초구 신반포로 177, 3동 3층 11호일부,12호일부 (잠원동)","반포알약국","070-8855-3603","1800","0830","1800","0830","1800","0830","1800","0830","1800","0830","1400","0830","C1110254","065","12","8025","37.50608963757755","127.00337034444277"
"서울특별시 서초구 잠원로 24, 408호 (반포동, 반포자이프라자상가)","4층 408호","반포자이중앙약국","02-535-9090","1830","0900","1830","0900","1830","0900","1830","0900","1830","0900","1500","0900","C1101520","065","44","8026","37.507145698660594","127.00990759503013"
"서울특별시 서초구 반포대로 291, 원베일리 스퀘어 1층 142호 (반포동)","반포종로약국","02-745-1051","2100","0900","2100","0900","2100","0900","2100","0900","2100","0900","2100","0900","2000","1000","2000","1000","C1110240","065","06","8027","37.50522697310648","126.99994062380965"
"서울특별시 서초구 신반포로 329, 1층 5호 (잠원동)","공휴일 운영시간은 약국 사정에 따라 변동 될 수 있으니 연락하시고 방문하시길 바랍니다.","논현역 7번 출구 인근","반포프라자약국","02-549-3668","1830","0900","1830","0900","1830","0900","1830","0900","1830","0900","1700","1130","C1103642","065","31","8028","37.51076204715653","127.01944855191455"
"경기도 과천시 문원청계2길 4, 1층 (문원동)","발ⓔ편한세잘약국","02-3679-1532","1800","0900","1800","0900","1800","0900","1800","0900","1800","0900","C2107727","138","27","8029","37.42409012364889","127.00857256983012"
"서울특별시 강서구 공항대로 261, 306호 (마곡동, 발산파크프라자)","발산93약국","02-2063-7582","2030","0930","2030","0930","2030","0930","2030","0930","2030","0930","1630","0930","C1107649","078","03","8030","37.55916041937866","126.83656961801164"
"서울특별시 강서구 강서로 380 (등촌동)","둘째, 넷째 주 일요일 운영시간 09:00~20:00","발산그랜드약국","02-3663-7510","2200","0900","2200","0900","2200","0900","2200","0900","2200","0900","2200","0900","2000","1000","2000","1000","C1102625","075","91","8031","37.55951952760379","126.83890881775231"
"서울특별시 강서구 강서로 360, 솔레드림 109호 (내발산동)","평일 운영시간 20시 또는 21시까지 유동적으로 운영","솔레드림상가 109호","발산에이스약국","02-2658-5525","2000","0900","2000","0900","2000","0900","2000","0900","2000","0900","1500","0900","C1103600","076","51","8032","37.55775981973997","126.8385334640301"
"경기도 화성시 향남읍 발안남로55번길 27, 101호 (센트럴월드)","발안남서약국","031-366-1716","2100","0900","2100","0900","2100","0900","2100","0900","2100","0900","2100","0900","C2103166","185","94","8033","37.129945560395306","126.90491109400166"
"경기도 화성시 향남읍 발안남로 41, 108호","발안종로약국","031-000-0000","1800","0900","1800","0900","1800","0900","1800","0900","1800","0900","1300","0900","C2109320","185","94","8034","37.1314014095738","126.903114822803"
"경기도 화성시 향남읍 평1길 15, 102호","발안터미널약국","031-354-8873","2100","0900","2100","0900","2100","0900","2100","0900","2100","0900","2100","0900","C2102014","185","93","8035","37.13288952077152","126.90911263277562"
"대전광역시 서구 대덕대로 222, 강남프라자 106호 (둔산동)","365일 연중무휴","갤러리아 타임월드점 맞은편 교보문고 옆 강남프라자 1층 (건물 주차장 출입구 옆)에 위치한 365일 연중무휴 약국입니다","밝은365약국","042-322-4560","2700","0830","2700","0830","2700","0830","2700","0830","2700","0830","2700","0830","2700","0830","2700","0830","C1601260","352","33","8036","36.3523611894432","127.379728481436"
"울산광역시 울주군 온산읍 덕신1길 5, 1층","밝은누리약국","052-238-0910","1900","0830","1900","0830","1900","0830","1900","0830","1900","0830","1430","0830","C1700731","450","01","8037","35.4345552543432","129.311888316485"
"서울특별시 강남구 논현로 841, 제이비 미소빌딩 110호 (신사동)","밝은마음약국","02-6203-7770","2200","0900","2200","0900","2200","0900","2200","0730","2200","0900","2200","0930","2000","1100","2200","1100","C1108451","060","31","8038","37.524167243471375","127.02807223915929"
"광주광역시 광산구 사암로215번길 35, 1층 (우산동)","어등하이빌 옆","밝은명약국","062-962-7876","1800","0900","1800","0900","1240","0900","1800","0900","1800","0900","1300","0900","C1500509","623","59","8039","35.16357963422458","126.80658694849894"
"부산광역시 중구 흑교로 18","솔로몬저축은행 근처","밝은미래약국","051-231-5898","1900","0900","1900","0900","1900","0900","1900","0900","1900","0900","1330","0900","C1200936","489","77","8040","35.10112919977207","129.02531654042681"
"충청남도 천안시 동남구 사직로 4","중앙시장 상가","밝은미래약국","041-565-5006","1800","0900","1800","0900","1800","0900","1800","0900","1800","0900","1700","0900","1800","1000","C2400778","311","29","8041","36.80047493865007","127.149757090186"
"광주광역시 북구 일곡로 70, 117호 (일곡동,일곡1차청솔아파트상가)","일곡1차 청솔아파트 상가내","밝은미래약국","062-575-3671","1900","0900","1900","0900","1900","0900","1900","0900","1900","0900","1400","0900","C1500154","610","38","8042","35.2075541315","126.896073975"
"충청북도 청주시 흥덕구 옥산면 옥산시내1길 48, 1층","밝은미래약국","043-260-0030","1900","0900","1900","0900","1900","0900","1900","0900","1900","0900","1300","0900","C2300187","281","13","8043","36.664372418218214","127.37509416937183"
"부산광역시 부산진구 동평로 83, 미래메디칼 1층 (당감동)","저녁시간 유동적 운영으로 유선문의 방문요망","밝은미래약국","051-897-8031","1900","0900","2100","0900","2000","0900","2000","0900","2100","0900","1600","0900","C1202678","471","45","8044","35.1656185715158","129.038637156507"
"광주광역시 서구 무진대로 950, (농성동)","밝은안과21병원인근","밝은미래약국","062-364-7533","1800","0900","1800","0900","1800","0900","1800","0900","1800","0900","1400","0900","1000","0900","1300","0900","C1500595","619","32","8045","35.160838888888890","126.884622222222220"
"서울특별시 관악구 신림로 135, 1층 (신림동, 육일빌딩)","밝은미래약국","02-889-6823","1900","0900","1900","0900","1900","0900","1900","0900","1900","0900","1400","0900","C1107168","088","12","8046","37.47114839083655","126.9343625886257"
"서울특별시 관악구 양녕로 46, 메카플러스 1층 107호 (봉천동)","밝은미소약국","02-877-0927","2100","0900","2100","0900","2100","0900","2100","0900","2100","0900","2000","0900","2000","0900","2000","0900","C1106917","087","47","8047","37.486176864926385","126.94711773295853"
"경기도 용인시 기흥구 구성로 80, 1층 5호 (언남동)","밝은미소약국","031-000-0000","1800","0900","1800","0900","1800","0900","1800","0900","1800","0900","1300","0900","C2109975","169","19","8048","37.2944964119206","127.118318352736"
"경상남도 진주시 진주대로 922, 1층 (칠암동)","미르치과빌딩1층","밝은미소약국","055-752-2072","1930","0830","1930","0830","1930","0830","1930","0830","1930","0830","1400","0830","C2800482","527","24","8049","35.18260818353227","128.08956777894105"
"서울특별시 노원구 석계로3길 3, 한주빌딩 1층 (월계동)","석계역 1번 출구 공영주차장 주변 세븐일레븐편의점 건너편","밝은미소약국","02-942-7507","1830","0900","1830","0900","1830","0900","1830","0900","1830","0900","1400","0900","C1101543","019","02","8050","37.6155596617944","127.064332704491"
"서울특별시 동작구 사당로 215, 108호 (사당동)","서림빌딩 108호","밝은미소약국","02-594-5626","2100","0900","2100","0900","2100","0900","2100","0900","2100","0900","2000","0900","C1101545","070","04","8051","37.48434065102251","126.9723553598483"
"경기도 의정부시 의정로 102, 1층 (가능동)","밝은미소약국","031-871-2188","1900","0900","1900","0900","1900","0900","1900","0900","1900","0900","C2106968","116","23","8052","37.741822373503936","127.03499906667929"
"경기도 동두천시 지행로 56, 스타월드빌딩 503호 (지행동)","밝은미소약국","031-878-9352","1800","0900","1800","0900","1800","0900","1800","0900","1800","0900","1600","0900","C2103431","113","50","8053","37.8920699686176","127.05337363293327"
"경기도 고양시 덕양구 화신로272번길 58, 영프라자빌딩 405호 (화정동)","화정역 2번출구로나와서 영프라자빌딩 4층","밝은미소약국","031-972-7512","1900","0900","1900","0900","1900","0900","1900","0900","1900","0900","1600","0900","C2102903","105","00","8054","37.633641666666669","126.832036111111108"
"경기도 남양주시 와부읍 덕소로 73, 111호 (세양아르비채리버)","밝은미소약국","031-521-1383","1430","0900","1430","0900","1430","0900","1430","0900","1430","0900","C2102613","122","05","8055","37.58785581658727","127.21301923712069"
"경기도 성남시 분당구 불정로 379","밝은미소약국","031-709-4470","1900","0900","1900","0900","1900","0900","1900","0900","1900","0900","1500","0900","C2101469","135","86","8056","37.37435528260898","127.13639169596607"
"서울특별시 강남구 양재대로55길 15, 1층 1호 (일원동)","밝은미소약국","02-2039-1775","1900","0900","1900","0900","1900","0900","1900","0900","1900","0900","1700","0900","1900","1400","C1109979","063","42","8057","37.49189569832132","127.08752472671846"
"경기도 수원시 장안구 만석로19번길 29, 504호 (천천동, 부강프라자)","밝은미소약국","031-271-1590","1930","0900","1930","0900","1930","0900","1930","0900","1930","0900","1600","0900","1600","0900","C2106646","163","29","8058","37.29660826077391","126.98311842821267"
"부산광역시 부산진구 중앙대로 672, 삼정타워 206호 (부전동)","서면역 2번출구","밝은미소약국","051-805-7582","1930","0900","1930","0900","1930","0900","1930","0900","1930","0900","1500","0900","C1202600","472","96","8059","35.153006221653","129.059606320437"
"경기도 화성시 동탄반석로 204, 503호 (반송동, 제일프라자)","밝은미소약국","031-8003-1939","1900","0900","1900","0900","1900","0900","1900","0900","1900","0900","1500","0900","C2102073","184","53","8060","37.20665678003834","127.07279718350846"
"부산광역시 북구 금곡대로 161","마감 10~20분 전 운영 확인 후 방문 요망, 공휴일은 명절 당일은 운영 안함","수정역3번출구","밝은미소약국","051-365-7738","1900","0900","1900","0900","1900","0900","1900","0900","1900","0900","1600","0900","1300","0930","1300","0930","C1200735","465","42","8061","35.22345933938642","129.00892974190953"
"대구광역시 동구 동부로 19","밝은미소약국","053-427-2003","1800","0900","1800","0900","1800","0900","1800","0900","1800","0900","1300","0900","C1300958","412","63","8062","35.87426745612509","128.61482723637897"
"대구광역시 중구 국채보상로 511","밝은미소약국","053-423-3777","1900","0900","1900","0900","1900","0900","1900","0900","1900","0900","1700","0900","C1300416","419","21","8063","35.87053436086466","128.5865813750048"
"부산광역시 사하구 장림번영로 43(장림동)","1호선 장림역 1번출구","밝은미소정약국","051-263-5200","1830","0900","1830","0900","1830","0900","1830","0900","1830","0900","1300","0900","C1202746","494","75","8064","35.0808470092359","128.970124787741"
"제주특별자치도 제주시 노형로 407, 노형타워 1층 106호 (노형동)","밝은사랑약국","064-712-7965","1830","0830","1830","0830","1800","0830","1830","0830","1830","0830","1140","0830","C2900519","630","99","8065","33.485821410903","126.478301044424"
"부산광역시 금정구 서동로 158-2, 1층 (서동)","밝은서약국","051-521-1005","1930","0850","1930","0850","1930","0850","1930","0850","1930","0850","1630","0850","C1203035","463","27","8066","35.2146655073134","129.103810317029"
"충청북도 옥천군 옥천읍 성왕로 1189","밝은성모약국","043-762-7000","1800","0830","1800","0830","1800","0830","1800","0830","1800","0830","1300","0800","C2301297","290","31","8067","36.312750648115","127.57150992872"
"서울특별시 강서구 강서로 242, 상가동 419일부호 (화곡동, 강서힐스테이트)","밝은세상약국","02-2696-1669","1800","0900","1800","0900","2000","0930","1800","0900","1800","0900","1500","0900","C1109545","076","94","8068","37.547375719034896","126.83681601419177"
"경기도 남양주시 진접읍 장현로 122,","밝은약국","031-574-2040","2000","0800","2000","0800","2000","0800","2000","0800","2000","0800","1700","0800","1400","0800","C2103410","120","11","8069","37.72013336194716","127.18491414089187"
"서울특별시 중랑구 면목로 490, 1층 (상봉동, 상봉타워)","밝은약국","02-438-0988","2100","0900","2100","0900","2100","0900","2100","0900","2100","0900","1700","0900","C1108457","021","48","8070","37.595653614122426","127.08602120026399"
"서울특별시 강서구 양천로 690","밝은약국","02-3664-0549","1900","0900","1900","0900","1900","0900","1900","0900","1900","0900","1400","0900","C1103564","075","55","8071","37.5502195363375","126.872623821398"
"전라남도 고흥군 고흥읍 터미널길 24","터미널사거리","밝은약국","061-833-7733","1730","0800","1730","0800","1730","0800","1730","0800","1730","0800","1230","0800","C2601018","595","40","8072","34.60743258656455","127.28159014420336"
"서울특별시 영등포구 영중로 61, 극동방송 (영등포동6가)","밝은약국","02-2068-1929","1900","0900","1800","0900","1800","0900","1800","0900","1900","0900","1300","0900","C1108801","072","51","8073","37.5218971293994","126.904619054197"
"서울특별시 송파구 올림픽로 119 (잠실동, 파인애플상가 3A04호)","잠실새내역 5번 출구 파인애플상가","밝은약국","02-422-0317","1830","0900","1830","0900","1830","0900","1830","0900","1830","0900","1400","0900","C1107192","055","01","8074","37.5120625283027","127.08432752639082"
"서울특별시 은평구 불광로 27, 1층 (대조동)","영업시간보다 일찍 여는 경우도 있습니다.","불광역 7번 출구","밝은약국","02-386-7585","1930","0800","1930","0800","1930","0800","1930","0800","1930","0800","1800","0800","1800","0900","C1104656","033","96","8075","37.6107726490859","126.928815286058"
"경기도 화성시 동탄원천로 163, 위너스타 503-1호 (반송동)","밝은약국","031-8015-1485","1900","0900","1900","0900","1900","0900","1900","0900","1900","0900","C2101506","184","53","8076","37.207413091312596","127.07373064224304"
"서울특별시 강남구 역삼로 247, 102호 (역삼동, 홍진빌딩)","밝은약국","02-557-8575","1900","0900","1900","0900","1900","0900","1900","0900","1900","0900","1400","0900","C1107786","062","25","8077","37.4979299505485","127.04316228867759"
"경기도 안양시 동안구 관평로170번길 43, 218-B호 (관양동, 훼미리타운)","밝은약국","031-383-6888","2000","0900","2000","0900","2000","0900","2000","0900","2000","0900","1600","0900","C2103212","140","66","8078","37.39330948176577","126.96328223976994"
"경기도 성남시 분당구 야탑로 95, 201-23~25호 (야탑동, 세신옴니코아빌딩)","야탑세신옴니코아빌딩","밝은약국","031-704-1901","1830","0900","1830","0900","1830","0900","1830","0900","1830","0900","1400","0900","C2103722","135","06","8079","37.410165646406135","127.12931023386795"
"경기도 용인시 수지구 광교중앙로 320, 503호 (상현동)","상현중학교 맞은편 파리빠게트 건물","밝은약국","031-217-8081","1930","0900","1930","0900","1930","0900","1930","0900","1930","0900","C2103896","169","43","8080","37.29839479709629","127.06996926996766"
"경기도 의정부시 태평로 78, 1층 (의정부동)","밝은약국","031-838-2288","1800","0800","1800","0800","1800","0800","1800","0800","1800","0800","1500","0800","C2103455","116","94","8081","37.73959616243367","127.0518843799731"
"경기도 구리시 검배로 81, 1층 (수택동)","밝은약국","031-567-1071","2100","0900","2100","0900","2100","0900","2100","0900","2100","0900","1900","0900","1700","0900","C2107380","119","31","8082","37.5952588821","127.1464925644"
"울산광역시 남구 삼산로 213, 1층 (달동)","밝은약국","052-260-8350","1830","0800","1830","0800","1830","0800","1830","0800","1830","0800","1330","0800","C1700660","447","03","8083","35.538318091718956","129.3304002935944"
"대전광역시 유성구 관평1로 15, 더리치타운 1층 122호 (관평동)","밝은약국","042-933-2356","2000","0930","1930","0930","2000","0930","1930","0930","1930","0930","1700","0930","C1601262","340","17","8084","36.42589483124902","127.38701288964275"
"울산광역시 동구 대학길 71(화정동)","과학대밑파리바게트옆","밝은약국","052-233-8590","1830","0900","1830","0900","1830","0900","1230","0900","1830","0900","1230","0900","C1700164","440","70","8085","35.498866666666665","129.421580555555551"
"울산광역시 북구 호계로 283, (호계동)","365일 운영합니다. 확인전화 안하셔도 됩니다^^ 오전9시부터~오후10시까지 영업합니다.","365일 운영합니다. 확인전화 안하셔도 됩니다^^ 오전9시부터~오후10시까지 영업합니다.","울산북구호계동21세기좋은병원옆","밝은약국","052-295-1832","2200","0900","2200","0900","2200","0900","2200","0900","2200","0900","2200","0900","2200","0900","2200","0900","C1700285","442","28","8086","35.62847450313541","129.3506260497786"
"경기도 성남시 중원구 산성대로 348-1, (중앙동)","밝은약국","031-744-9044","2000","0900","2000","0900","2000","0900","2000","0900","2000","0900","1700","0900","C2103741","132","48","8087","37.44366310751716","127.15520977002697"
"인천광역시 부평구 경원대로 1373, 북인천우체국 1층 일부호 (부평동)","밝은약국","032-501-8985","2000","0900","1800","0900","1800","0900","1800","0900","2000","0900","C1402074","213","89","8088","37.4915364379299","126.721542300417"
"서울특별시 중구 다산로 258 1층 102호","신당역 12번 출구","밝은약국","02-2231-7568","1830","0900","1830","0900","1830","0900","1830","0900","1830","0900","1330","0900","C1107602","045","70","8089","37.56614924338431","127.01642380330706"
"서울특별시 양천구 등촌로 32, 목동 태영프라자 502호 (목동)","밝은약국","02-2649-3331","1800","0900","1800","0900","1800","0900","1800","0900","1930","0900","1500","0900","C1110048","079","65","8090","37.53291776007222","126.86415366771054"
"경상남도 고성군 고성읍 중앙로43번길 7","밝은약국","055-674-7054","1900","0900","1900","0900","1900","0900","1900","0900","1900","0900","1300","0900","C2802381","529","42","8091","34.97434161917","128.324873199089"
"전북특별자치도 김제시 금구면 애통길 144","애통리검문소 부근","밝은약국","063-547-9272","1920","0800","1920","0800","1800","0900","1800","0900","1800","0900","1500","0900","1800","0800","C2500468","543","38","8092","35.8178555556","126.9961093527"
"경상남도 진주시 사들로 91, 이룸플러스타워 101호 (충무공동)","밝은약국","055-752-9767","1900","0900","1900","0900","1900","0900","1900","0900","1900","0900","1300","0900","C2802048","528","52","8093","35.17585000181791","128.14870150327744"
"전북특별자치도 익산시 부송로 67 (부송동)","롯데리아 건너편,KT전화국","밝은약국","063-838-8878","1800","0900","1800","0900","1800","0900","1800","0900","1800","0900","1200","0900","C2500366","545","61","8094","35.957536543172765","126.99048040757418"
"충청남도 서산시 안견로 242, 디퍼아울렛타운 119호 (동문동)","대신증권->터미널방향","밝은약국","041-669-9561","1800","0830","1800","0830","1800","0830","1800","0830","1800","0830","1300","0830","C2400184","319","83","8095","36.77820287197998","126.4569748343344"
"경상남도 창원시 성산구 상남로 126, 1층 104호 (상남동)","밝은약국","0507-1435-0858","2000","0800","2000","0800","2000","0800","2000","0800","2000","0800","1700","0800","1400","0900","C2802416","514","95","8096","35.224106420355","128.683640256852"
"전북특별자치도 남원시 남문로 389 (왕정동)","남원안과근처","밝은약국","063-635-7379","1800","0830","1800","0830","1800","0830","1800","0830","1800","0830","1300","0830","C2500464","557","64","8097","35.40645209901183","127.37467189596513"
"충청남도 천안시 동남구 충절로 23, 1층 (신부동)","밝은약국","041-551-6860","1900","0900","1900","0900","1900","0900","1900","0900","1900","0900","1400","0900","C2401535","311","25","8098","36.816833426565665","127.15851653827261"
"전북특별자치도 군산시 월명로 277","수송동 농협중앙회 맞은편","밝은약국","063-462-5115","1800","0900","1800","0900","1800","0900","1800","0900","1800","0900","1230","0900","C2500147","540","89","8099","35.968828739159825","126.71519688446043"
"제주특별자치도 제주시 우정로 69, 1층 (외도일동)","밝은약국","064-743-2577","1830","0820","1830","0820","1830","0820","1830","0820","1830","0820","1300","0820","C2900440","630","70","8100","33.48665532124991","126.43111815949203"
"경상남도 창원시 마산회원구 내서읍 경남대로 935, 107호","밝은약국","055-232-0808","1840","0900","1840","0900","1840","0900","1840","0900","1840","0900","1300","0900","C2800237","512","36","8101","35.23361650401583","128.5041700589438"
"광주광역시 광산구 임방울대로 355, 1층 (수완동)","밝은약국","062-471-8901","1930","0930","1930","0930","1930","0930","1930","0930","1930","0930","1550","0930","C1501236","622","47","8102","35.19181891907059","126.82343718895349"
"광주광역시 서구 화개1로 45, 1층 102호 (금호동)","밝은약국","062-651-8828","1900","0800","1900","0800","1900","0800","1900","0800","1900","0800","1400","0800","C1501198","620","12","8103","35.12465446729843","126.85413860285323"
"경상남도 김해시 진영읍 장등로 3, 101호","밝은약국","055-343-6985","1830","0900","1830","0900","1830","0900","1830","0900","1830","0900","1300","0900","C2801982","508","62","8104","35.3066905426","128.7347073767"
"경상북도 포항시 남구 오천읍 남원로 75","일요일 휴진 공휴일 방문 전 전화확인 필요","밝은약국","054-292-1080","1400","0900","1400","0900","1400","0900","1400","0900","1400","0900","1400","0900","1300","0900","C2700602","378","83","8105","35.9701572348","129.401488019"
"경상북도 경주시 안강읍 안강중앙로 205","2,4주 토요일 휴무","제일안과1층","밝은약국","054-763-3249","1800","0800","1800","0800","1800","0800","1800","0800","1800","0800","1230","0800","C2700618","380","20","8106","35.992825130379906","129.2227537094141"
"광주광역시 동구 무등로 386, 1층 (계림동)","밝은약국","062-942-8575","1830","0900","1830","0900","1830","0900","1830","0900","1830","0900","1300","0900","C1501206","614","17","8107","35.160142536103976","126.9249697891322"
"경상북도 경산시 백자로10길 3-11, 1층 103호 (사동, 드림프라자)","밝은약국","053-815-0080","2000","0900","2000","0900","2000","0900","2000","0900","2000","0900","1700","0900","1300","0900","C2701298","386","04","8108","35.811437294164996","128.75478096888597"
"대전광역시 서구 관저동로105번길 8, 1층 (관저동)","연락처: 0507-1427-9973","밝은약국","042-341-4560","2400","0900","2400","0900","2400","0900","2400","0900","2400","0900","2400","0900","2400","0900","2400","0900","C1601322","353","78","8109","36.301734120412","127.340167290417"
"전라남도 여수시 미평로 76 (미평동)","밝은약국","0616512277","2130","1030","2130","1030","2130","1030","2130","1030","2130","1030","2130","1030","C2601303","596","30","8110","34.7696963773142","127.709309603414"
"전라남도 화순군 화순읍 자치샘로 38","화순 향교 근처","밝은약국","061-375-8281","1730","0830","1730","0830","1730","0830","1730","0830","1730","0830","1230","0830","C2600042","581","19","8111","35.06168527234414","126.985067673924"
"전라남도 나주시 나주로 206 (성북동)","인터넷 전화번호","한국병원 옆.(우리안과 1층)","밝은약국","061-930-8275","1830","0830","1830","0830","1830","0830","1830","0830","1830","0830","1400","0830","C2600603","582","55","8112","35.0348371577687","126.7219198479437"
"인천광역시 남동구 호구포로 818","공휴일 유동적 근무(0900~1400)","모래마을사거리 (퍼스트하임프라자 203호)","밝은약국","032-465-1137","1930","0900","1930","0900","1930","0900","1930","0900","1930","0900","1600","0900","C1400391","215","34","8113","37.455316837035","126.71962392723154"
"전라남도 순천시 이수로 317","연향동 국민은행 맞은편","밝은약국","061-721-5464","1830","0830","1830","0830","1830","0830","1830","0830","1830","0830","1300","0830","1200","0900","1200","0900","C2600569","579","50","8114","34.95379491003454","127.51836477497216"
"강원특별자치도 원주시 시청로 86, 부영골든빌 104호 (무실동)","밝은약국","033-743-5466","1830","0830","1830","0830","1830","0830","1830","0830","1830","0830","1230","0830","C2200098","263","88","8115","37.320982351252326","127.9498249300824"
"서울특별시 서초구 사평대로56길 7, 105,106호 (서초동, 서초한일유앤아이주상복합)","밝은약국","02-535-1912","1900","0900","1900","0900","1900","0900","1900","0900","1900","0900","1900","0900","1900","0900","1900","0900","C1108909","066","11","8116","37.503346010809736","127.0236424401856"
"부산광역시 부산진구 가야대로 727, 1층 (부암동)","2호선 부암역 2번 출구","밝은약국","051-808-1570","2000","0900","2000","0900","2000","0900","2000","0900","2000","0900","1700","0900","C1202332","471","95","8117","35.1579487296","129.0510845027"
"서울특별시 노원구 동일로 1005, 1층 (공릉동)","태릉입구역 3번 출구","밝은약국","02-971-0771","1830","0830","1830","0830","1830","0830","1830","0830","1830","0830","1400","0800","1900","1400","C1107723","018","58","8118","37.61986646311002","127.0746058961931"
"전북특별자치도 전주시 완산구 백제대로 325 (중화산동2가)","밝은약국","063-225-5508","1800","0900","1800","0900","1800","0900","1800","0900","1800","0900","1300","0900","C2501267","549","72","8119","35.8222996479","127.1223563602"
"충청북도 청주시 흥덕구 사운로 254, 1층 (운천동, 손범수내과소아과의원)","주변의료기관:손범수의원","운천동손범수의원1층","밝은약국","043-262-9957","2300","0900","2300","0900","2300","0900","2300","0900","2300","0900","2300","0900","2300","0900","2300","0900","C2300464","284","68","8120","36.650736111111108","127.474236111111111"
"부산광역시 북구 만덕대로 19 (덕천동)","3호선 덕천역 12번 출구","밝은약국","051-342-3438","2000","0900","2000","0900","2000","0900","2000","0900","2000","0900","1500","0900","C1200634","465","48","8121","35.210752777777778","129.007177777777770"
"충청북도 보은군 보은읍 삼산남로 8,","밝은약국","043-543-4799","1800","0830","1800","0830","1800","0830","1800","0830","1800","0830","1230","0900","C2300418","289","49","8122","36.4831418522","127.7217846265"
"경기도 김포시 김포한강4로 117, 101호 (장기동, 홍우프라자)","밝은약국","031-986-1007","2000","0900","2000","0900","2000","0900","2000","0900","2000","0900","C2100150","100","83","8123","37.64423096507699","126.66792818085443"
"경기도 고양시 덕양구 읍내로6번길 1-8","밝은양지온누리약국","031-964-0396","1900","0900","1900","0900","1900","0900","1900","0900","1900","0900","1400","0900","C2104167","102","75","8124","37.700960983386466","126.90253382297345"
"경상남도 창원시 마산합포구 문화동4길 6 (월남동2가)","SMG연세병원 후문","밝은연세약국","055-222-3212","1830","0900","1830","0900","1830","0900","1830","0900","1830","0900","1300","0900","C2801156","517","40","8125","35.18659476302123","128.5619126706764"
"경기도 수원시 권선구 곡선로49번길 2, 1층 (곡반정동)","밝은온누리약국","031-222-8692","2100","0900","2100","0900","2100","0900","2100","0900","2100","0900","1600","0900","1600","0900","1600","0900","C2107712","166","70","8126","37.239032654","127.0302257589"
"서울특별시 강서구 등촌로 177, 101동 102호 (등촌동, 경남파크빌)","밝은온누리약국","02-2645-4288","2000","0900","2000","0900","2000","0900","2000","0900","2000","0900","1300","0900","1700","0900","C1108950","076","68","8127","37.5457720692115","126.862227016855"
"대구광역시 수성구 명덕로 422, mg뉴턴빌딩 1층 (수성동2가)","밝은온누리약국","053-768-3827","2100","0830","2100","0830","2100","0830","2100","0830","2100","0830","2030","0830","C1300142","421","32","8128","35.85415559776561","128.61605783670336"
"대구광역시 남구 대명로 304, 1층 (대명동)","밝은온누리약국","053-802-7720","1800","0900","1800","0900","1800","0900","1800","0900","1800","0900","1300","0900","C1301400","424","49","8129","35.8923668877","128.6216130698"
"대구광역시 달서구 달구벌대로 1736, 1층 (두류동)","일요일과 공휴일은 유동적임","2호선두류역9번출구","밝은온누리약국","053-654-0601","1900","0900","1900","0900","1900","0900","1900","0900","1900","0900","1300","0900","C1300408","426","46","8130","35.85668743759331","128.55526658406978"
"경기도 수원시 영통구 광교중앙로248번길 7-2, 원희캐슬 광교 A동 114호 (하동)","밝은온누리약국","031-00-0000","1800","0900","1800","0900","1800","0900","1800","0900","1800","0900","1300","0900","C2109912","165","12","8131","37.2910333582533","127.066670743351"
"광주광역시 서구 상무버들로 36, 1층 (유촌동)","텟밭 옆","밝은온누리약국","062-376-8899","2000","0900","2000","0900","2000","0900","2000","0900","2000","0900","1500","0900","C1500474","619","10","8132","35.16467586220427","126.85955207748762"
"서울특별시 강남구 압구정로28길 48, 1층 (신사동)","밝은온누리약국","02-511-8277","2100","0900","2100","0900","2100","0900","2100","0900","2100","0900","1800","0900","C1107908","060","31","8133","37.5233677408914","127.02748934646304"
"서울특별시 중랑구 동일로 634, 덕천빌딩 (면목동)","면목2동 사거리 대로변","밝은온누리약국","02-496-9871","2100","0820","2100","0820","2100","0820","2100","0820","2100","0820","2000","0810","C1101711","021","40","8134","37.58702850321878","127.08014075825899"
"경기도 의왕시 내손로 82, 106호 (내손동,신성프라자)","밝은온누리약국","031-423-7006","1900","0900","2100","0900","1900","0900","1900","0900","2100","0900","1500","0900","C2101951","160","26","8135","37.387222561598186","126.97991380868623"
"경기도 성남시 중원구 금상로 6, 1층 (상대원동)","밝은온누리약국","031-732-0456","1900","0900","1900","0900","1900","0900","1900","0900","1900","0900","1400","0900","C2100467","132","31","8136","37.43676370037568","127.15885653581264"
"경기도 고양시 일산서구 가좌3로 29","가좌고등학교후문쪽","밝은온누리약국","031-925-7505","2030","0830","2030","0830","2030","0830","2030","0830","2030","0830","2030","0830","C2103030","102","09","8137","37.68743458338744","126.71911508282012"
"서울특별시 강북구 삼양로 191 (미아동)","밝은온누리약국","02-945-2295","2000","0900","2000","0900","2000","0900","2000","0900","2000","0900","1500","0900","1300","1000","C1103657","011","89","8138","37.62094243371056","127.02043437113132"
"제주특별자치도 서귀포시 일주동로 8648-3 (동홍동)","월~금 20:00~23:00 운영함 저녁시간 18:00~20:00","밝은온누리약국","064-762-1192","2300","0830","2300","0830","2300","0830","2300","0830","2300","0830","2300","1800","2300","1800","2300","1800","C2900533","635","85","8139","33.2542140539533","126.564126630085"
"서울특별시 송파구 강동대로 73 (풍납동)","풍납중학교 건너편","밝은중앙약국","02-482-2621","1830","0900","1830","0900","1830","0900","1830","0900","1830","0900","C1101713","055","37","8140","37.5267647356462","127.115618174281"
"강원특별자치도 원주시 서원대로 170, 재영빌딩 2층 102호 (단계동)","밝은채약국","033-745-6709","1800","0900","1800","0900","1800","0900","1800","0900","1800","0900","1300","0900","C2201036","263","82","8141","37.3439215221569","127.930276372291"
"서울특별시 강북구 한천로132길 26, 1층 (번동)","밝은현대약국","02-6408-8890","1900","0900","1900","0900","1900","0900","1900","0900","1900","0900","1400","0900","C1108870","010","58","8142","37.6398948024905","127.029253951478"
"경기도 남양주시 와부읍 덕소로97번길 67, 라임스퀘어빌딩 1층","밝은현약국","031-576-1016","1800","0900","1800","0900","1800","0900","1800","0900","1800","0900","1300","0900","C2109385","122","08","8143","37.5883382595537","127.218964584133"
"경기도 화성시 동탄순환대로 26, 107호 (장지동)","밝은호수약국","031-372-0327","1800","0900","1800","0900","1800","0900","1800","0900","1800","0900","1300","0900","C2108717","184","98","8144","37.164505363412","127.096420657243"
"경기도 화성시 향남읍 발안로 111, 101호","밝음약국","070-7746-9999","1900","0900","1900","0900","1900","0900","1900","0900","1900","0900","C2108352","185","91","8145","37.1316847208799","126.922770100075"
"충청남도 공주시 정안면 정안중앙길 187, 1층","필독: 동절기(12월~2월)에는 일요일 미운영합니다. 25/12/25 목요일 09:00~14:00 오픈합니다.","밤골약국","041-852-8003","1800","0800","1800","0800","1800","0800","1800","0800","1800","0800","1600","0900","1400","1000","1430","0900","C2401838","325","12","8146","36.358712272596","127.238076832103"
"전북특별자치도 전주시 완산구 용머리로 104 (효자동1가)","공휴일 전화 후 방문","방가온누리약국","063-909-5472","1900","0830","1900","0830","1900","0830","1900","0830","1900","0830","1330","0830","1700","1000","C2501261","550","82","8147","35.8058614971","127.1215168422"
"경기도 화성시 동탄기흥로257번가길 7, 1동 1층 106호 (방교동)","방교바른약국","031-376-7957","1800","0900","1800","0900","1800","0900","1800","0900","1800","0900","1300","0900","C2109655","184","87","8148","37.1826418914649","127.092360634762"
"광주광역시 남구 대남대로 57-1","남광주고가 올라가기전 신호등","방림건강약국","062-651-2722","2030","0900","2030","0900","2030","0900","2030","0900","2030","0900","1300","0900","C1500546","616","67","8149","35.13566347047865","126.91838021473532"
"경기도 의정부시 호국로 1369 A동 106,107호 (금오동, 금오동 신도브래뉴1차아파트)","방명규약국","031-846-8859","2100","0830","2100","0830","2100","0830","2100","0830","2100","0830","2100","0830","2100","0830","C2102462","117","50","8150","37.74609265233162","127.05475272170361"
"서울특별시 서초구 동작대로 118, 107호 (방배동,방배예다인)","이수역 2번 출구 바로 앞 방배예다인프라자","방배대한약국","02-596-1776","2100","0900","2100","0900","2100","0900","2100","0900","2100","0900","1700","0900","1630","1000","1630","1000","C1101715","065","68","8151","37.48700509776188","126.98269745879696"
"서울특별시 서초구 동작대로 114, 1층 (방배동)","방배세명약국","02-532-3311","2000","0830","2000","0830","2000","0830","1930","0830","2000","0830","1400","0830","C1107694","065","68","8152","37.486775327001276","126.98260422930223"
"서울특별시 서초구 방배로 103, 1층 104호 (방배동)","방배아트약국","02-582-7838","2100","1000","1930","1000","2100","1000","1930","1000","2100","1000","1600","1000","C1110400","066","83","8153","37.48334820821587","126.99615863298494"
"서울특별시 서초구 방배중앙로29길 3, 1층 (방배동)","방배프라자약국","02-591-3174","1830","0940","1830","0940","1830","0940","1830","0940","1830","0940","1400","0940","C1102621","065","54","8154","37.4964555766739","126.985304924496"
"서울특별시 중랑구 면목로 260, 1층(면목동)","공휴일이 평일인 경우에만 운영합니다","방약국","02-432-0596","2030","0830","2030","0830","2030","0830","2030","0830","2030","0830","2000","0830","1800","0900","C1103090","022","53","8155","37.57592869244034","127.08593624271963"
"서울특별시 중구 을지로33길 2, (을지로4가)","방약국","02-2279-6433","1730","0830","1730","0830","1730","0830","1730","0830","1730","0830","1500","0830","C1101619","045","46","8156","37.56701308852281","127.00044993364772"
"서울특별시 송파구 백제고분로 469 (방이동)","방이수약국","02-418-6987","1900","0830","1900","0830","1900","0830","1900","0830","1900","0830","1330","0830","C1107290","055","46","8157","37.512531592695076","127.11329796419768"
"서울특별시 송파구 마천로 29 (방이동)","휴게시간 13:00~13:30","방이종로약국","02-3431-0440","2000","0830","2000","0830","2000","0830","2000","0830","2000","0830","1400","0830","C1101620","056","39","8158","37.509551813330624","127.12421082066551"
"서울특별시 송파구 마천로 53, 2층 (오금동)","방이코끼리약국","02-456-7185","1900","0900","1900","0900","1900","0900","1900","0900","1900","0900","1400","0900","C1101621","056","57","8159","37.50849950565787","127.1266945016262"
"서울특별시 송파구 가락로 244, 동원빌딩 (방이동)","방이동 백제고분에서 올림픽공원 남2문 방향으로 70미터 지점","방이프라자약국","02-418-2463","1930","0900","1930","0900","1930","0900","1930","0900","1930","0900","1630","0900","C1104658","056","44","8160","37.50976533109521","127.11808092214807"
"대구광역시 달성군 다사읍 다사역로 42 (다사읍)","방주약국","053-586-3375","1300","0900","1300","0900","1300","0900","1300","0900","1300","0900","C1301312","429","09","8161","35.8660867992334","128.457612060004"
"대구광역시 동구 동촌로 211 (방촌동)","방촌시장건너편강남병원옆","방촌경북약국","053-981-0013","1820","0900","1820","0900","1820","0900","1820","0900","1820","0900","1300","0900","C1300066","411","45","8162","35.882420824772915","128.66372274499372"
"대구광역시 동구 동촌로 228","방촌약국","053-982-1800","1830","0900","1830","0900","1830","0900","1830","0900","1830","0900","1300","0900","C1300726","411","62","8163","35.88136578292888","128.66495418026417"
"대구광역시 동구 동촌로 245, 1층 (방촌동)","방촌하나약국","053-983-8528","1900","0830","1900","0830","1900","0830","1900","0830","1900","0830","1300","0830","C1301698","411","46","8164","35.8810442083531","128.667080342493"
"서울특별시 도봉구 도봉로150길 27, 1층 101-1호 (방학동)","방학365약국","02-6954-2213","2200","0900","2200","0900","2200","0900","2200","0900","2200","0900","2200","0900","2200","0900","2200","0900","C1110264","013","32","8165","37.666183164482064","127.04468196687384"
"서울특별시 도봉구 방학로 159, (방학동)","방학세계로약국","02-956-3030","1730","0900","1730","0900","1730","0900","1730","0900","1730","0900","1730","0900","C1101622","013","84","8166","37.66232135822059","127.03455313352895"
"서울특별시 도봉구 도봉로 729, 1층, 지층 (방학동)","방학역 1번 출구 건너편","방학약국","02-955-8822","2100","0830","2100","0830","2100","0830","2100","0830","2100","0830","2100","0830","2000","0900","2000","0900","C1101623","013","50","8167","37.669722266256144","127.04333809707025"
"서울특별시 도봉구 도당로 80, 방학동근생 1층 (방학동)","양주축협(농협) 건너편 월송빌딩 1층","방학태평양약국","02-3491-6626","2000","0900","2000","0900","2000","0900","2000","0900","2000","0900","2000","0900","C1104327","013","42","8168","37.664728674993434","127.03639884274116"
"서울특별시 강서구 양천로 94, 1층 (방화동)","방화우리약국","02-2663-8811","1900","0800","1900","0800","1900","0800","1900","0800","1900","0800","1600","0900","C1108459","076","04","8169","37.573290909512515","126.81415906059216"
"경기도 시흥시 배곧3로 86, 1층 107호 (정왕동)","배곧다온약국","031-431-1661","2100","0900","2100","0900","2100","0900","2100","0900","2100","0900","2100","0900","1900","0900","C2107628","150","10","8170","37.3702244489","126.7295320685"
"경기도 시흥시 서울대학로264번길 26-32, 배곧중앙프라자 117,118호 (배곧동)","배곧싱싱약국","0314988380","1800","0900","1800","0900","1800","0900","1800","0900","1800","0900","1300","0900","C2109493","150","11","8171","37.3666092687726","126.727724149855"
"경기도 시흥시 배곧3로 80, 113~114호 (정왕동, 센터프라자)","배곧정문약국","031-431-8822","2100","0830","2100","0830","2100","0830","2100","0830","2100","0830","1530","0830","1300","0900","C2107002","150","10","8172","37.37055135411635","126.72906576878968"
"경상남도 사천시 사천읍 읍내로 93-1","대흥그랜저맨션 뒤편","배광용한약국","055-852-8979","1800","1000","1800","1000","1800","1000","1800","1000","1800","1000","C2801145","525","17","8173","35.078271928707906","128.08563505501206"
"경기도 시흥시 배곧5로 66-7, 더 프리미엄 타워 103호 (배곧동)","배꽃온누리약국","0507-1432-8380","1800","0900","1800","0900","1800","0900","1800","0900","1800","0900","1400","0900","C2108525","150","10","8174","37.3821400563113","126.734719591414"
"전라남도 순천시 서면 배들이길 17","순천시배들주공아파트1차입구","배들약국","061-752-5450","1300","0900","1300","0900","1300","0900","1300","0900","1300","0900","1000","0930","C2600115","579","25","8175","34.98971941650502","127.49774524278496"
"충청남도 아산시 배방읍 배방로13번길 13, 105호","꿈크는 아이병원과 같은 건물","배방드림약국","0507-1393-1594","2100","0900","2100","0900","2100","0900","2100","0900","2100","0900","1700","0900","1700","0900","1700","0900","C2401586","314","82","8176","36.77596504137113","127.05567694243017"
"충청남도 아산시 배방읍 배방로 25, 장호빌딩 (배방읍)","장호빌딩 롯데리아 건물","배방메디칼약국","041-534-2999","1900","0830","1900","0830","1900","0830","1900","0830","1900","0830","1500","0830","1300","0900","C2401196","314","82","8177","36.77459566163006","127.05499490079103"
"대구광역시 중구 달구벌대로 2208","경대병원역3번출구전방200M서정희피부과1층","배약국","053-252-8025","1800","0900","1800","0900","1800","0900","1800","0900","1800","0900","1300","0900","C1300925","419","51","8178","35.86248513121118","128.60452768957575"
"부산광역시 사하구 다대로 323 (장림동)","한서병원 옆","배약국","051-262-5544","1800","0900","1800","0900","1800","0900","1800","0900","1800","0900","1300","0900","C1200580","495","11","8179","35.07334053596377","128.9765779555774"
"경상남도 창원시 마산합포구 문화동4길 9 (월남동2가)","MH연세병원뒷쪽","배약국","055-242-2234","1900","0900","1900","0900","1900","0900","1900","0900","1900","0900","1400","0900","1900","1200","C2800004","517","40","8180","35.186362066358605","128.56206630230585"
"경상남도 거창군 거창읍 중앙로 131-2","공휴일확인요망(병원 운영 여부에 따라)","농협거창군지부 옆","배약국","055-944-2676","1800","0830","1800","0830","1800","0830","1800","0830","1800","0830","1300","0900","C2800785","501","33","8181","35.68707588500037","127.91266190805122"
"경상남도 밀양시 중앙로 358","내일동사무소 근처","배약국","055-352-1314","1830","0830","1830","0830","1830","0830","1830","0830","1830","0830","1530","0830","C2800870","504","29","8182","35.49435823615676","128.7532066258806"
"경상남도 창원시 의창구 의창대로 51-3 (소계동, KTX주유소)","배약국","055-253-6447","1730","0830","1730","0830","1730","0830","1730","0830","1730","0830","1230","0830","C2801667","511","87","8183","35.25619545407553","128.60618001459866"
"부산광역시 남구 지게골로 28, (문현동)","버스정류장: 문현동 곱창골목","배정약국","051-635-1977","1900","0900","1900","0900","1900","0900","1900","0900","1900","0900","1500","0900","C1200325","484","66","8184","35.135602777777784","129.0693694444459"
"서울특별시 노원구 동일로217가길 11, 1층(상계동,대일빌딩)","노원역 6번 출구/대일빌딩1층","백경약국","02-952-9545","2000","0830","2000","0830","2000","0830","2000","0830","2000","0830","1700","0830","C1102725","017","62","8185","37.653474789431236","127.05998131395855"
"서울특별시 용산구 원효로41길 38","백경약국","02-703-0382","2000","0900","2000","0900","2000","0900","2000","0900","2000","0900","1800","0900","1700","1300","C1101627","043","63","8186","37.534937376503926","126.95954312235898"
"부산광역시 동구 초량상로 93, (초량동)","버스정류장:부산중고등학교 입구/1호선 초량역 1번출구","백광약국","051-468-0971","1900","0900","1900","0900","1900","0900","1900","0900","1900","0900","1400","0900","C1200919","488","13","8187","35.120038888888885","129.03873333333593"
"경기도 광주시 오포읍 오포로 120","백두산약국","031-766-0446","2130","0900","2130","0900","2130","0900","2130","0900","2130","0900","2030","0900","C2101808","127","73","8188","37.34383886983569","127.17946199086975"
"경기도 성남시 수정구 수정로 88, 1층 일부호 (수진동)","백두산약국","031-757-3083","2100","0900","2100","0900","2100","0900","2100","0900","2100","0900","2100","0900","C2109122","133","16","8189","37.4401976722318","127.130176824873"
"서울특별시 성북구 고려대로 78 (안암동5가)","먹는치료제 조제기관","백두산약국","02-927-2792","1800","0830","1800","0830","1800","0830","1800","0830","1800","0830","1230","0900","C1101673","028","55","8190","37.58613111382644","127.02803605198399"
"강원특별자치도 원주시 일산로 23, (일산동)","원주기독병원 정문","백두산약국","033-764-6029","1830","0830","1830","0830","1830","0830","1830","0830","1830","0830","C2200120","264","27","8191","37.349002777777777","127.947199999999995"
"경상남도 창원시 마산합포구 3.15대로 166","중부경찰서 부근","백두산약국","055-243-0027","2100","0800","2100","0800","2100","0800","2100","0800","2100","0800","C2800620","517","38","8192","35.19318670339687","128.5656617173257"
"경상남도 거창군 거창읍 거창대로 52","4주 일요일만 근무","중앙교 부근 동성리젠시건물1층","백두산약국","055-941-1040","1830","0830","1830","0830","1830","0830","1830","0830","1830","0830","1300","0830","C2801032","501","37","8193","35.68638883702911","127.91674142808307"
"서울특별시 관악구 은천로 37, 1층 (봉천동)","백두산약국","02-883-8961","2000","0900","2000","0900","2000","0900","2000","0900","2000","0900","1600","0900","C1110139","087","16","8194","37.486312951036425","126.93966639178578"
"경기도 수원시 팔달구 동말로 45","백두산약국","031-242-5214","2200","0900","2200","0900","2200","0900","2200","0900","2200","0900","2200","0900","2200","0900","C2103775","164","43","8195","37.27881173206243","126.9990770098332"
"강원특별자치도 춘천시 중앙로 70 (중앙로2가)","국민은행 맞은편","백두산약국","033-255-8692","1900","0900","1900","0900","1900","0900","1900","0900","1900","0900","1500","0900","C2200376","242","73","8196","37.879305114528606","127.72615052874261"
"충청남도 공주시 용당길 12-1 (산성동)","산성시장 안쪽","백두산약국","041-855-5394","1900","0800","1900","0800","1900","0800","1900","0800","1900","0800","1600","0800","1400","0900","C2400552","314","030","8197","36.458918149130064","127.12360201474478"
"경상남도 통영시 중앙로 264","통영시 북신동 송림데파트상가 장이비인후과1층","북신오거리, 송림데파트 104호","백두산약국","055-642-4141","1830","0900","1830","0900","1830","0900","1830","0900","1830","0900","1300","0900","C2800269","530","41","8198","34.85388404234075","128.42910181788517"
"충청남도 천안시 동남구 아우내순대길 54 (병천면)","오일뱅크 주유소 근처","백두산옵티마약국","041-561-2594","1830","0830","1830","0830","1800","0830","1830","0830","1830","0830","1330","0840","1330","0840","C2400346","312","54","8199","36.76235033273873","127.29979380667672"
"서울특별시 구로구 오류로8길 26 (오류동)","오류2동 대우푸르지오아파트 정문 앞","백두약국","02-2689-6576","2000","0900","2000","0900","2000","0900","2000","0900","2000","0900","2000","0900","C1104395","083","44","8200","37.4912821990688","126.842184302354"
"경기도 고양시 일산서구 일현로 56, 103호 (탄현동, 삼정프라자)","백두약국","031-922-9770","1830","0900","1830","0900","1830","0900","1830","0900","1830","0900","1500","0900","C2102612","103","43","8201","37.69200900866491","126.76374198718725"
"광주광역시 북구 필문대로 85 (풍향동)","조선대학교에서 교대방면 외곽도로 위치","백림약국","062-263-0994","0100","0830","0100","0830","0100","0830","0100","0830","0100","0830","0100","0900","0100","0900","0100","0900","C1500594","611","64","8202","35.16249191901986","126.92871706919722"
"충청남도 부여군 부여읍 중앙로 6,","시외버스터미날반대편 파리바게트앞","백마약국","041-835-2336","1900","0840","1900","0840","1900","0840","1900","0840","1900","0840","1300","0840","C2400501","331","51","8203","36.28055896487693","126.91101392703905"
"경기도 고양시 일산동구 일산로 219, 지하1층 B01호 (마두동)","백마온누리약국","031-000-0000","1800","0900","1800","0900","1800","0900","1800","0900","1800","0900","1300","0900","C2109633","104","16","8204","37.6557252126846","126.788880480502"
"대구광역시 동구 해동로 39 (지저동)","공휴일이 일요일이면 운영안함","백만약국","053-982-8171","2000","0900","2000","0900","2000","0900","2000","0900","2000","0900","2000","0900","2000","0900","C1301019","410","49","8205","35.894547310561215","128.63768053601393"
"경상북도 포항시 북구 중흥로191번길 20 (죽도동)","죽도초교부근","백민약국","054-273-0511","2000","0900","2000","0900","2000","0900","2000","0900","2000","0900","1730","0900","C2700316","791","050","8206","36.021999486586495","129.35462625384437"
"경기도 이천시 백사면 현방로 78-1","백사온누리약국","031-694-8727","1930","0830","1930","0830","1930","0830","1930","0830","1930","0830","1400","0830","C2108432","173","12","8207","37.3396234380841","127.492312615904"
"경상남도 남해군 남해읍 화전로 174","■ 일요일 당직 주(3주) 09:00~13:00 운영","남해병원앞","백산약국","055-863-0202","1830","0900","1830","0900","1830","0900","1830","0900","1830","0900","1400","0840","1300","0900","C2801086","524","16","8208","34.84656045722538","127.89502484852352"
"경상북도 성주군 성주읍 성주로 3207","성주우체국앞","백산약국","054-932-0088","2130","0830","2130","0830","2130","0830","2130","0830","2130","0830","1200","0830","2130","0830","C2700304","400","25","8209","35.91881850728183","128.28507664276987"
"서울특별시 금천구 금하로 763 (시흥동)","은행나무 사거리 위쪽 벽산타운중심상가 3층 313호","백산온누리약국","02-802-2380","1900","0900","1900","0900","1900","0900","1900","0900","1900","0900","1330","0900","C1101532","086","56","8210","37.45035385477817","126.91450710723119"
"서울특별시 영등포구 국제금융로6길 30, 백상빌딩 1층 103호 (여의도동)","일요일 및 공휴일 휴무","여의도역 5번 출구 백상빌딩 103호","백상약국","02-780-5414","2100","0900","2100","0900","2100","0900","2100","0900","2100","0900","1500","0900","C1101599","073","28","8211","37.521552906088004","126.9266346389853"
"서울특별시 양천구 곰달래로 47, (신월동)","백석메디칼약국","02-2690-9040","1900","0900","1900","0900","1900","0900","1900","0900","1900","0900","1500","0900","C1101602","079","23","8212","37.53012969795035","126.83780109878475"
"경기도 양주시 백석읍 양주산성로 573, 1층 일부","백석사랑약국","031-877-1388","1800","0900","1800","0900","1800","0900","1800","0900","1800","0900","1300","0900","C2109406","115","12","8213","37.786832205829","126.990288592005"
"경기도 고양시 일산동구 일산로 46","백석은혜약국","031-908-4573","1830","0900","1830","0900","1830","0900","1830","0900","1830","0900","1500","0900","C2102445","104","49","8214","37.64235765920134","126.78790262771955"
"충청남도 천안시 서북구 백석3로 70, 상가동 105호 (백석동, 주공그린빌11단지3차아파트)","주공그린빌11단지내 3차상가 105호","백석제일약국","041-900-6325","1930","0900","1930","0900","1300","0900","1930","0900","1930","0900","1330","0900","C2400460","311","58","8215","36.820917222499745","127.11928341728841"
"서울특별시 강서구 마곡중앙로 55, 문영 퀸즈파크13 107호 (마곡동)","백세365약국","070-8829-0077","2200","0900","2200","0900","2200","0900","2200","0900","2200","0900","2200","0900","1800","0900","1800","0900","C1109032","078","07","8216","37.55854892262655","126.82635098717944"
"전라남도 목포시 영산로 477 (상동)","백세가약국","061-279-8163","1800","0900","1800","0900","1800","0900","1800","0900","1800","0900","C2601110","586","43","8217","34.8086500349","126.4163806061"
"전북특별자치도 군산시 가도로 207 (오식도동)","백세건강한약국","063-466-1800","2100","0900","2100","0900","2100","0900","2100","0900","2100","0900","1500","0900","C2501119","573","540","8218","35.96475240604197","126.56675565393942"
"서울특별시 서대문구 응암로 54, (북가좌동)","서부프라자빌딩","백세당약국","02-374-2071","2100","0900","2100","0900","2100","0900","2100","0900","2100","0900","2100","0900","C1103089","036","91","8219","37.57779081062648","126.9101163486697"
"전라남도 함평군 함평읍 중앙길 70","연합의원 옆.","백세로약국","061-324-0330","1900","0800","1900","0800","1900","0800","1900","0800","1900","0800","1800","0800","C2600615","571","52","8220","35.06307793045584","126.52265918976745"
"서울특별시 구로구 디지털로26길 98, 101호 (구로동, 디지털탑프라자)","백세비타민약국","070-8834-1809","2100","0845","2100","0845","2100","0845","2100","0845","2100","0845","2000","0910","2000","1000","C1107681","083","93","8221","37.481661661094414","126.89743018869231"
"대구광역시 서구 국채보상로 198 (평리동)","백세약국","053-558-1137","1900","0900","1900","0900","1900","0900","1900","0900","1900","0900","1400","0900","C1301511","418","34","8222","35.8697173549","128.5527654394"
"대구광역시 동구 동촌로 281 (방촌동)","백세약국","053-981-1184","2110","0830","2100","0830","2100","0830","2100","0830","2100","0830","1700","0830","C1301338","411","46","8223","35.87979846418952","128.67047978535797"
"대구광역시 남구 성당로 204","파도고개맞은편 성당시장 건물","백세약국","053-651-1130","1830","0900","1830","0900","1830","0900","1830","0900","1830","0900","1330","0900","1300","0900","C1300495","424","54","8224","35.85078960995155","128.57360974495958"
"충청북도 충주시 칠금12길 8, 1층 (칠금동)","백세약국","043-847-7700","1830","0900","1830","0900","1830","0900","1830","0900","1830","0900","1400","0900","C2301189","273","55","8225","36.987020342901","127.923217154461"
"서울특별시 노원구 동일로 1002, 101호 (공릉동)","백세약국","02-977-0104","1900","0900","1900","0900","1900","0900","1900","0900","1900","0900","1500","0900","C1108012","018","49","8226","37.61964528603453","127.07529096215899"
"경기도 용인시 기흥구 동백죽전대로 361, 1층 104호 (중동)","백세약국","031-283-5787","1800","0900","1800","0900","1800","0900","1800","0900","1800","0900","C2108700","169","95","8227","37.2719401139979","127.148438049064"
"경기도 남양주시 진접읍 장현로 93, 101호","백세약국","031-572-3313","1800","0900","1800","0900","1800","0900","1800","0900","1800","0900","1300","0900","C2110160","120","14","8228","37.718638852264","127.182500683392"
"대구광역시 달서구 월배로 395, 1층 (송현동)","송현시장입구(지하철송현역1번출구앞)","백세약국","053-625-3328","2000","0900","2000","0900","2000","0900","2000","0900","2000","0900","1400","0900","C1300331","427","41","8229","35.829943275988775","128.55045741808306"
"강원특별자치도 강릉시 사천면 방동길 55","백세약국","033-648-7111","1230","0900","1230","0900","1230","0900","1230","0900","1230","0900","C2200967","254","40","8230","37.8184593043","128.8561947231"
"인천광역시 미추홀구 경인로 429, 1층 (주안동)","백세약국","032-229-0299","1900","0900","1900","0900","1900","0900","1900","0900","1900","0900","1600","0900","C1401710","221","41","8231","37.4582700325","126.6878792914"
"서울특별시 도봉구 도당로15길 12","토요일 시간 변동 있을 수 있으므로 전화 확인 후 방문 바랍니다.","방학동 도깨비시장 동편 끝 사거리","백세약국","02-3492-9373","2000","0900","2000","0900","2000","0900","2000","0900","2000","0900","1500","0900","C1101604","013","54","8232","37.6661146248899","127.036782159348"
"인천광역시 부평구 부평대로87번길 4 (부평동)","백세약국","032-528-4213","1800","0900","1800","0900","1800","0900","1800","0900","1800","0900","C1400510","213","79","8233","37.4994026475762","126.72186027157977"
"경기도 동두천시 중앙로 227","백세약국","031-873-8283","1930","0900","1930","0900","1930","0900","1930","0900","1930","0900","1800","0900","C2103490","113","32","8234","37.90196140479315","127.05285985486859"
"경기도 광주시 퇴촌면 광동로 41, 명성빌딩 1층","백세약국","031-765-0568","1900","0800","1900","0800","1900","0800","1900","0800","1900","0800","1500","0800","C2107377","127","11","8235","37.4707342864","127.3074201124"
"경기도 고양시 일산서구 일중로 45","백세약국","031-975-9002","2200","0830","2200","0830","2200","0830","2200","0830","2200","0830","2200","0830","2200","0900","C2100107","103","41","8236","37.68360544901504","126.77506919784867"
"경기도 파주시 적성면 청송로 1062","백세약국","031-959-5556","1900","0900","1900","0900","1900","0900","1900","0900","1900","0900","1700","0900","C2102975","108","03","8237","37.95594244309777","126.92271264745156"
"서울특별시 중랑구 신내로 82, 1층 109호 (신내동, 금강빌딩)","공휴일은 운영시간이 변동이 많으니 사전에 연락하시고 방문하시길 바랍니다.","중랑구청 사거리","백세약국","02-3421-7015","2300","0850","2300","0850","2300","0850","2300","0850","2300","0850","2200","0900","2200","0900","2300","0900","C1104660","020","67","8238","37.60655956257097","127.09551001175376"
"서울특별시 성북구 아리랑로 117-5 (정릉동)","백세약국","02-916-5342","1900","0830","1900","0830","1900","0830","1900","0830","1900","0830","1400","0830","C1104157","028","20","8239","37.60242814561632","127.0131505164406"
"인천광역시 남동구 석산로 202, 1층 105호~106호 (구월동)","백세약국","032-471-0999","2000","0900","2000","0900","2000","0900","2000","0900","2000","0900","1600","0900","C1402062","215","48","8240","37.460605606028","126.714339369263"
"강원특별자치도 원주시 문막읍 왕건로 81,","부영아파트 정문","백세약국","033-735-3665","1900","0900","1900","0900","1900","0900","1900","0900","1900","0900","1330","0900","C2200164","263","67","8241","37.326693197124726","127.82910760559994"
"광주광역시 광산구 첨단월봉로 94, 1층 (산월동)","백세약국","062-974-0757","1730","0900","1730","0900","1730","0900","1730","0900","1730","0900","C1501162","622","72","8242","35.206382926","126.8487036938"
"전라남도 목포시 영산로 253, 1층 (용당동)","백세약국","061-281-8274","1900","0800","1900","0800","1900","0800","1900","0800","1900","0800","1400","0800","C2601104","586","52","8243","34.80330183249999","126.3925733497"
"경상남도 진주시 진양호로 570 (장대동)","백세약국","055-742-9794","2000","0900","2000","0900","2000","0900","2000","0900","2000","0900","1300","0900","C2801715","527","58","8244","35.19394852645819","128.08774285561952"
"충청남도 금산군 금산읍 비호로 80 (금산읍)","백세약국","041-751-7578","1730","0830","1730","0830","1230","0830","1730","0830","1730","0830","1230","0830","C2401267","327","35","8245","36.10649248977271","127.49124275564473"
"전북특별자치도 익산시 익산대로 198 (창인동1가)","오광열내과 아래층","백세약국","063-837-9695","1830","0900","1830","0900","1830","0900","1830","0900","1830","0900","1330","0900","C2500221","545","93","8246","35.943552777777775","126.948808333333332"
"충청남도 서산시 대산읍 독곶1로 20","백세약국","041-669-9896","1800","0900","1800","0900","1800","0900","1800","0900","1800","0900","C2401735","319","01","8247","36.9899454005116","126.375744137331"
"충청남도 천안시 서북구 충무로 178, U CITY타워 1층 (쌍용동)","내과 피부과 비뇨기과 이비인후과 가 있는 클리닉건물내에서 운영하는 약국입니다.","이마트 대각선 맞은편","백세약국","041-573-7034","1830","0830","1830","0830","1830","0830","1830","0830","1830","0830","1500","0830","C2400754","311","75","8248","36.79430874660397","127.126982588446"
"충청남도 당진시 신평면 신평로 830-1","평일저녁, 공휴일 전화확인 후 방문 부탁드립니다.","백세약국","041-362-7447","1830","0830","1830","0830","1830","0830","1830","0830","1900","0830","1300","0830","C2401539","317","41","8249","36.88485029119834","126.77345871900465"
"부산광역시 남구 못골로 26-1, (대연동)","버스정류장: 남구보건소앞","백세약국","051-632-2133","1900","0900","1900","0900","1900","0900","1900","0900","1900","0900","1500","0900","C1201064","484","53","8250","35.13552549596339","129.08520783420172"
"제주특별자치도 제주시 서광로 300-1","광양사거리 제주클리닉옆","백세약국","064-702-0103","2100","0800","2100","0800","2100","0800","2100","0800","2100","0800","2100","0800","C2900227","632","07","8251","33.5004082062347","126.52864602977071"
"경상북도 고령군 대가야읍 중앙로 35","백세약국","054-954-4448","1930","0840","1930","0840","1930","0840","1930","0840","1930","0840","1400","0840","C2700077","401","35","8252","35.7295068507004","128.27201844833675"
"강원특별자치도 속초시 번영로 203","속초의료원 앞","백세약국","033-637-8873","1800","0830","1800","0830","1800","0830","1800","0830","1800","0830","C2200548","248","21","8253","38.21681357544815","128.5900364761403"
"대구광역시 군위군 군위읍 중앙길 72","백세약국","054-382-0900","1900","0830","1900","0830","1900","0830","1900","0830","1900","0830","1430","0830","C2701009","390","19","8254","36.23466662060223","128.56662799109426"
"경기도 의정부시 부용로213번길 14","백세온누리약국","031-851-1720","2100","0900","2100","0900","2100","0900","2100","0900","2100","0900","1800","0900","C2102752","117","72","8255","37.750017287098544","127.08060432518548"
"경상남도 함양군 안의면 금성길 4","안의농협옆","백세온누리약국","055-962-0031","1900","0830","1900","0830","1900","0830","1900","0830","1900","0830","1800","0830","2000","0800","C2800550","500","09","8256","35.628737933471804","127.81209246255708"
"부산광역시 부산진구 당감서로98번길 32, 1층 일부호 (부암동)","백세진심약국","051-804-1002","1900","0840","1900","0840","1900","0840","1900","0840","1900","0840","1300","0900","C1202957","471","42","8257","35.1698894058271","129.036021407668"
"강원특별자치도 양양군 양양읍 양양로 51","의약분업 예외 지역","백세프라자약국","033-671-0521","1900","0800","1900","0800","1900","0800","1900","0800","1900","0800","1900","0800","1900","0800","C2200443","250","30","8258","38.156208381541276","128.60902894425203"
"서울특별시 서대문구 수색로 56, 성공타워1 6층 607-1호 (북가좌동)","백솔약국","02-309-9926","1900","0900","1900","0900","1900","0900","1900","0900","1900","0900","1500","0900","1700","0900","C1110285","037","91","8259","37.5708154693004","126.912242300278"
"서울특별시 종로구 종로 233-1, 신화빌딩 (종로5가)","첫째주, 셋째주 일요일은 쉽니다.","백수약국","02-766-1083","2050","0800","2050","0800","2050","0800","2050","0800","2050","0800","2050","0800","2050","0800","2050","0800","C1101697","031","26","8260","37.5712831170539","127.003780337588"
"경상남도 거제시 옥포로 181","옥포우체국 부근 택시승장장","백수약국","055-687-2572","2100","0900","2100","0900","2100","0900","2100","0900","2100","0900","2100","0900","C2800650","532","28","8261","34.8909370263722","128.69145801372838"
"전라남도 여수시 중앙로 9-1 (서교동)","일요일 전화 후 방문","한국통신(전화국) 건너편","백수약국","061-641-3988","1830","0830","1830","0830","1830","0830","1830","0830","1830","0830","1600","0830","C2600700","597","52","8262","34.740606772534434","127.72855730641007"
"서울특별시 양천구 신월로 176 (신월동)","설날 .추석은 휴무","신월동신곡시장입구","백십자약국","02-2693-3022","1900","0900","1900","0900","1900","0900","1900","0900","1900","0900","1500","0900","1900","1300","1900","1400","C1101701","080","64","8263","37.5185470431593","126.842926301269"
"서울특별시 강북구 인수봉로 192 (수유동)","점심시간 12:30~15:30","한신대에서4.19탑쪽으로청수탕건너편","백십자약국","02-902-4097","2000","0930","2000","0930","2000","0930","2000","0930","2000","0930","2000","0930","2000","0930","C1103305","010","92","8264","37.6367190231721","127.013135257881"
"경기도 용인시 처인구 백암면 백암로 214","백암약국","031-334-1406","2030","0800","2030","0800","2030","0800","2030","0800","2030","0800","1930","0800","1930","0800","1930","0800","C2101189","171","78","8265","37.165521438200926","127.37431381032762"
"경상북도 구미시 신시로 74, 해피맘산부인과 1층 (형곡동)","백약국","054-453-8901","2200","0900","2200","0900","2200","0900","2200","0900","2200","0900","2200","0900","C2701645","392","95","8266","36.1144165281807","128.339643658171"
"부산광역시 사하구 다대로 545(다대동)","일요일 공휴일 당번약국 운영으로 전화 후 방문요망","다대농협사거리 우측 시내방향 / 1호선 다대포항역 2,4번 출구","백약국","051-261-1068","2200","0900","2200","0900","2200","0900","2200","0900","2200","0900","2200","0900","C1200850","495","24","8267","35.0576279405","128.97147664760107"
"부산광역시 금정구 중앙대로 2238 (노포동)","1호선 노포역 3번 출구","백약국","070-4226-3901","1930","0730","1930","0730","1930","0730","1930","0730","1930","0730","2030","0730","2030","0730","1930","0730","C1202487","462","04","8268","35.28468656682452","129.0954811704186"
"대구광역시 북구 팔달로 231, (노원동2가)","원대오거리","백약국","053-357-6010","1900","0900","1900","0900","1900","0900","1900","0900","1900","0900","1500","0900","1300","0900","C1300739","415","58","8269","35.88793952930855","128.57531348687553"
"경상북도 포항시 북구 죽도로 48 (죽도동)","백약국","054-261-5354","1830","0900","1830","0900","1830","0900","1830","0900","1830","0900","1300","0900","C2700873","377","45","8270","36.0327847141044","129.36534131748564"
"경기도 남양주시 진접읍 금강로 1530-2, 105호","진접읍사무소 맞은편 정광산호아파트 입구","백약국","031-573-6522","1400","0830","1400","0830","1400","0830","1400","0830","1400","0830","C2106391","120","04","8271","37.7267819237","127.1930184726"
"경기도 안양시 동안구 시민대로 175, 동안프라자빌딩 116호 (비산동)","백약국","031-388-1902","2030","0900","2030","0900","2030","0900","2030","0900","2030","0900","1800","0900","C2102231","140","48","8272","37.3913513861","126.950429915"
"전북특별자치도 군산시 문화로 127","롯데마트 건너편 원할머니보쌈옆건물 최욱산부인과 1층","백약국","063-465-3883","1830","0830","1830","0830","1830","0830","1830","0830","1830","0830","1230","0830","C2500589","540","90","8273","35.97010850894991","126.71977769902055"
"전라남도 여수시 좌수영로 25 (광무동)","백약국","061-642-2800","1900","0730","1900","0730","1900","0730","1900","0730","1900","0730","1300","0730","C2601249","597","50","8274","34.7427436533122","127.727768099759"
"울산광역시 울주군 언양읍 남문길 12 (언양읍)","울주군 언양읍 남문길12 백약국입니다. 약국장1명(본인), 전산도우미1명 근무하는 소규모 약국입니다. 백인정형외과 처방전이 대다수이고 인근 내과,치과 등 소량 으로 조제하며 일반의약품, 건강보조식품도 판매합니다.","백인정형외과 1층","백약국","052-254-0130","1900","0900","1900","0900","1900","0900","1900","1000","1900","0900","1330","0900","C1700196","449","46","8275","35.56425216516943","129.12249917275608"
"서울특별시 노원구 동일로 1350, 105호, 106호 지하101호 (상계동)","삼양빌딩 105","백약국","02-933-6611","1700","0900","1700","0900","1700","0900","1700","0900","1700","0900","1300","0900","C1102712","017","56","8276","37.6492335099837","127.062399341832"
"울산광역시 중구 염포로 8, 1층 103호 (반구동)","백옥약국","052-292-0224","1830","0830","1830","0830","1830","0830","1830","0830","1830","0830","1330","0800","C1700693","445","00","8277","35.5585880666686","129.342814775413"
"서울특별시 광진구 면목로 174 (중곡동)","토요일 시간변동 있을 수 있으므로 전화확인 후 방문바랍니다.","백온누리약국","02-466-4696","1930","0900","1930","0900","1930","0900","1930","0900","1930","0900","1800","1300","C1104828","049","03","8278","37.5686723000377","127.082984312617"
"서울특별시 도봉구 도봉로 468 (창동)","공휴일은 변동있을 수 있어 전화확인 후 방문바랍니다.","쌍문역2번출구(전화확인후 방문)","백운약국","02-906-0280","2200","0830","2200","0830","2200","0830","2200","0830","2200","0830","2000","0800","1900","1300","1900","1300","C1104407","014","55","8279","37.6473861862855","127.034372618396"
"전라남도 여수시 여서1로 52 (여서동)","백병원옆","백운약국","061-655-2999","2400","0900","2400","0900","2400","0900","2400","0900","2400","0900","2400","0900","C2600264","597","09","8280","34.752147325505525","127.70357267014395"
"경기도 의왕시 백운중앙로 84, 102호 (학의동)","백운호수약국","031-422-7580","2000","0830","2000","0830","2000","0830","2000","0830","2000","0830","1400","0900","1300","0900","1300","0900","C2107978","160","16","8281","37.37030990236644","127.00897738317823"
"세종특별자치시 조치원읍 섭골길 38","방문 전 유선 확인 필요","방문 전 유선 확인 필요","조치원읍","백일약국","044-905-0845","1930","0930","1930","0930","1930","0930","1930","0930","1930","0930","1800","0930","C1800352","300","16","8282","36.6143749828206","127.289255549714"
"부산광역시 해운대구 좌동순환로249번길 21, 아이에스프라자 108호,109호일부호 (좌동)","백병원후문","백일약국","051-701-7987","1800","0830","1800","0830","1800","0830","1800","0830","1800","0830","C1200826","481","08","8283","35.174261415109534","129.18183027677864"
"대구광역시 남구 대명로 12, 1층 (대명동)","백일온누리약국","053-655-0109","1900","0900","1900","0900","1900","0900","1900","0900","1900","0900","1300","0900","C1301302","424","82","8284","35.83755405327495","128.5588448866547"
"인천광역시 서구 연희로 12, 1층 (연희동)","인천서구연희동685-9","백제당약국","032-562-3049","1900","0830","1900","0830","1900","0830","1600","0830","1900","0830","1600","0830","C1400866","227","21","8285","37.5493647412","126.6757670203"
"인천광역시 미추홀구 아암대로29번길 77, 1층 (용현동)","공후일 유동적","용현2동 유원아파트 앞","백제당약국","032-766-9058","1300","0900","1300","0900","1300","0900","1300","0900","1300","0900","1800","0900","C1400523","221","75","8286","37.456780637126826","126.64061886525422"
"경기도 평택시 안중읍 안현로서6길 10 (안중읍)","백제당약국","031-682-2115","2200","0900","2200","0900","2200","0900","2200","0900","2200","0900","2200","0900","2200","1200","2200","0900","C2100738","179","36","8287","36.98379788376096","126.9280147290784"
"경기도 시흥시 시흥대로 1075 (신천동)","백제당온누리약국","031-315-4848","2100","0900","2100","0900","2100","0900","2100","0900","2100","0900","2100","0900","C2101696","149","51","8288","37.431930555555553","126.792638888888888"
"대전광역시 동구 대전로813번길 15, 1층 (중동)","한약국","백제당한약국","042-252-6336","1800","0900","1800","0900","1800","0900","1800","0900","1800","0900","1700","0900","1700","0900","C1601356","346","27","8289","36.3316715250921","127.431262223058"
"서울특별시 서대문구 홍은중앙로 98, (홍은동)","서울간호전문대정문지나우측방향100m우리은행앞","백제약국","02-391-9877","1830","0900","1830","0900","1830","0900","1830","0900","1830","0900","1300","0900","C1102441","036","05","8290","37.5991537411441","126.94815181201"
"인천광역시 부평구 부흥로365번길 3 (부평동)","부흥오거리기업은행부평점옆","백제약국","032-505-2682","2100","0900","2100","0900","2100","0900","2100","0900","2100","0900","1800","0900","C1400410","213","53","8291","37.498234165476454","126.73238159917983"
"인천광역시 미추홀구 수봉로 31, (숭의동)","숭의초등학교삼거리","백제약국","032-872-1686","1930","0900","1930","0900","1930","0900","1930","0900","1930","0900","1500","0900","C1400465","221","64","8292","37.46331559009415","126.65666099378931"
"전라남도 구례군 구례읍 구례1길 48, 송원프라자상가아파트 1층 2호","구례상설시장앞","백제약국","061-782-5448","1800","0800","1800","0800","1800","0800","1800","0800","1800","0800","C2600686","576","43","8293","35.209674999999997","127.466166666666666"
"전라남도 광양시 광양읍 순광로 689 (광양읍)","5째주 매달 일요일 운영 2018.9.30 휴무","광양읍 터미널 건너편","광양읍터미널건너편","백제약국","061-763-1356","1830","0830","1830","0830","1830","0830","1830","0830","1830","0830","1230","0830","1800","1300","C2600457","577","56","8294","34.97002483420467","127.58924326629925"
"전라남도 순천시 팔마로 103 (조곡동)","순천역 앞","백제약국","061-743-5999","1800","0830","1800","0830","1800","0830","1300","0830","1800","0830","1300","0830","C2600572","579","64","8295","34.94608137703898","127.49977005376382"
"인천광역시 동구 화수로 18, 동부센트레빌 상가 103호 (송현동)","1,4,5째주 일요일 운영, 2,3주 일요일 휴무","인천동구송현동66-26동부프라상가","백제약국","032-764-5747","2130","0900","2130","0900","2500","0900","2130","0900","2130","0900","2130","0900","2130","1330","2130","1330","C1400669","225","22","8296","37.48114701371626","126.6355868015695"
"인천광역시 서구 검단로 480 (왕길동, 검단리치웰프라자)","검단사거리 인근","백제약국","032-569-7582","2100","0900","2100","0900","2100","0900","2100","0900","2100","0900","1600","0900","C1400356","226","36","8297","37.601779994795436","126.65767689445497"
"전북특별자치도 전주시 완산구 서원로 353 (중화산동1가)","예수병원응급실에서 50M 내려감.","백제약국","063-284-6767","1800","0900","1800","0900","1800","0900","1800","0900","1800","0900","C2500036","549","87","8298","35.81357008062946","127.13250060359004"
"부산광역시 금정구 온천장로125번길 38 (장전동)","공휴일 전화 후 방문요망","버스정류장: 장전3동 우체국","백제약국","051-514-1677","2000","0900","2000","0900","2000","0900","2000","0900","2000","0900","1800","0900","C1200868","463","00","8299","35.223315960857036","129.08353485041442"
"부산광역시 동래구 미남로 74 (사직동)","57번 버스종점 부근","백제약국","051-503-8922","2000","0900","2000","0900","2000","0900","2000","0900","2000","0900","1600","0900","C1200706","478","29","8300","35.2006690054","129.0700450495"
"대전광역시 서구 신갈마로 102","일요일 2,4,5주 운영","갈마공무원아파트 단지 상가(갈마그랜드프라자 1층)","백제약국","042-535-8419","1930","0900","1930","0900","1930","0900","1930","0900","1930","0900","1900","0900","1900","0900","1900","0900","C1600216","352","65","8301","36.34357580517675","127.36815277080652"
"경기도 부천시 부천로10번길 9, 1층 (심곡동)","백제약국","032-655-1145","2230","0900","2230","0900","2230","0900","2230","0900","2230","0900","2200","0900","2200","1000","2200","1000","C2100441","146","44","8302","37.48522572352294","126.78344452554844"
"충청남도 부여군 부여읍 중앙로 7-1,","시외버스터미널에서중앙시장통으로100m","백제약국","041-836-2800","1830","0900","1830","0900","1830","0900","1830","0900","1830","0900","1400","0900","C2400255","331","46","8303","36.2807935718643","126.91141435970309"
"충청남도 보령시 청소면 청소큰길 171","하절기 아침 8시 부터 저녁 8시 까지 동절기 아침 8시 부터 저녁 6시 까지","청소역 길 건너편 위치 ( GS편의점과 면사무소 사이 위치함 )","백제약국","041-934-6338","2000","0800","2000","0800","2000","0800","2000","0800","2000","0800","2000","0800","2000","0800","2000","0800","C2401446","334","18","8304","36.4459140789","126.5900220236"
"충청남도 천안시 동남구 만남로 13, (신부동)","고속버스터미널과포스코건물사이","백제약국","041-568-3456","2100","0900","2100","0900","2100","0900","2100","0900","2100","0900","2100","0900","C2400045","311","20","8305","36.81905275995935","127.15377343899243"
"충청북도 청주시 서원구 청남로 2114, (모충동)","백제약국","043-283-8212","1900","0900","1900","0900","1900","0900","1900","0900","1900","0900","1300","0900","C2300320","287","04","8306","36.620797222222222","127.487816666666660"
"전북특별자치도 고창군 고창읍 중앙로 214, 1층","축협앞","백제약국","063-564-0683","1810","0820","1810","0820","1810","0820","1810","0820","1810","0820","1240","0820","C2500843","564","32","8307","35.43532568562653","126.69910421395863"
"전북특별자치도 진안군 진안읍 진무로 1079","우화정류소 옆(마이외과 옆)","백제약국","063-433-7979","1700","0830","1700","0830","1700","0830","1700","0830","1700","0830","1200","0800","1300","0900","C2500703","554","29","8308","35.79121513791835","127.42694876379366"
"전북특별자치도 순창군 순창읍 순창로 229","백제약국","063-653-2233","2100","0800","2100","0800","2100","0800","2100","0800","2100","0800","2100","0800","2100","0800","2100","0800","C2500404","560","40","8309","35.37559589366741","127.14308934462478"
"경기도 광주시 초월읍 경충대로 1083, 1층","백제약국","031-763-6846","1900","0900","1900","0900","1900","0900","1900","0900","1900","0900","1400","0900","C2107225","127","36","8310","37.3737884647","127.2976578955"
"대전광역시 유성구 원내로39번길 6 (원내동)","대전유성구원내동새마을금고옆","백제약국","042-543-5554","1900","0900","1900","0900","1900","0900","1900","0900","1900","0900","1300","0900","C1600347","342","27","8311","36.300075000000000","127.320230555555554"
"서울특별시 강동구 양재대로116길 50 (길동)","백제약국","02-477-7900","1900","0900","1900","0900","1900","0900","1900","0900","1900","0900","1600","0900","C1101668","053","51","8312","37.5379886209775","127.143141171682"
"전북특별자치도 군산시 대학로 316","공휴일 탄력운영 전화 확인 필요","시민문화회관옆","백제약국","063-465-7190","1800","0800","1800","0800","1800","0800","1800","0800","1800","0800","1300","0800","C2500778","541","28","8313","35.96566263150294","126.69437990819081"
"전북특별자치도 부안군 줄포면 교하길 4","우체국앞","백제약국","063-582-0129","1900","0800","1900","0800","1900","0800","1900","0800","1900","0800","1700","0800","C2500559","563","26","8314","35.59041763121615","126.67860621329136"
"전라남도 완도군 완도읍 개포로 154-7,","백제약국","061-555-2460","1900","0730","1900","0730","1900","0730","1900","0730","1900","0730","1200","0730","C2600247","591","14","8315","34.31915887157694","126.74524097065648"
"전라남도 고흥군 도양읍 녹동남문길 8-27,","백제온누리약국","061-843-0031","1730","0830","1730","0830","1730","0830","1730","0830","1730","0830","1200","0830","C2600672","595","57","8316","34.56665835002525","127.1592401893133"
"경기도 안산시 단원구 라성로 36 (원곡동)","백제온누리약국","031-410-2020","2200","0900","2200","0900","2200","0900","2200","0900","2200","0900","2100","0900","2100","1400","C2101074","153","82","8317","37.32704839996754","126.80078535214805"
"전북특별자치도 익산시 금마면 금마길 42","농협대각선 맞은편","백제종합약국","063-836-8560","1830","0830","1830","0830","1830","0830","1830","0830","1830","0830","1330","0840","C2500789","545","72","8318","35.99032752903515","127.05224444232167"
"충청남도 논산시 시민로331번길 10 (취암동)","부영아파트후문남부농협사거리","백제프라자약국","041-735-7064","1900","0900","1900","0900","1900","0900","1900","0900","1900","0900","1200","0900","C2400190","329","76","8319","36.19433007847026","127.08924378122755"
"서울특별시 노원구 공릉로46길 3 (공릉동, 공릉동평화타운)","백조약국","02-977-9770","1900","0800","1900","0800","1900","0800","1900","0800","1900","0800","1900","0800","1900","0800","C1101669","018","14","8320","37.6271656479512","127.079141072247"
"서울특별시 광진구 면목로 113 (중곡동)","- 월 목, 금, 토, 16:00~17:00 휴게시간","백조온누리약국","02-466-8975","2030","0900","1800","0900","1930","0900","2030","0900","2030","0900","2030","0900","1930","0900","C1103222","049","11","8321","37.5637683309466","127.079892066417"
"인천광역시 중구 개항로 78, 1층 (경동)","백주년약국","032-765-0416","1830","1000","1830","1000","1830","1000","1830","1000","1830","1000","C1402124","223","21","8322","37.4716233171395","126.631181798203"
"경상남도 합천군 삼가면 일부4길 23","토요일 공휴일은 전화 확인 후 방문","삼가시장 입구","백중약국","055-932-4306","1830","0800","1830","0800","1830","0800","1830","0800","1830","0800","1830","0800","C2800063","502","23","8323","35.412863099357615","128.12177489914632"
"충청남도 홍성군 홍성읍 조양로 203","장군님 동상 근처, 박장규정형외과 옆","백쪼약국","041-632-8562","2030","0800","2030","0800","2030","0800","2030","0800","2030","0800","1330","0800","C2400262","322","20","8324","36.6004777986","126.6723388109"
"경상북도 경산시 경청로221길 1 (백천동)","백천동파리바게트1층","백천동방약국","053-811-9393","1930","0900","1930","0900","1930","0900","1930","0900","1930","0900","1400","0900","C2700074","386","51","8325","35.80411473359534","128.73878238787418"
"충청북도 청주시 서원구 무심서로 407(모충동)","백천약국","043-260-4621","C2301216","286","73","8326","36.6281691679137","127.482507126678"
"광주광역시 광산구 도산로 6 (도산동)","백초당약국","062-946-0420","1900","0900","1900","0900","1900","0900","1900","0900","1900","0900","1800","0900","C1500124","624","44","8327","35.1289947864","126.7919572852"
"경상북도 구미시 1공단로 197-3","공휴일 운영시간은 전화문의 부탁드립니다. (공휴일마다 운영시간이 다를 수 있습니다)","백초약국","054-461-8275","2000","0850","2000","0850","2000","0850","2000","0850","2000","0850","1400","0900","1700","0900","C2700760","393","71","8328","36.10254142817348","128.3846132615767"
"서울특별시 광진구 광나루로56길 34, 구의동현대2단지 종합상가 1층 112호 (구의동)","백향목약국","02-454-5656","1830","0900","1830","0900","1830","0900","1830","0900","1830","0900","1300","0900","C1108478","051","18","8329","37.5381404407348","127.096635162056"
"경기도 성남시 분당구 판교역로 136, 1층 1102호 (백현동)","백현약국","031-778-7529","1800","0900","1800","0900","1800","0900","1800","0900","1800","0900","1300","0900","C2109926","135","29","8330","37.3925072208217","127.110430292919"
"서울특별시 중구 난계로23길 1 (황학동)","-휴일 운영여부 및 시간은 알림내용 참고해주세요.","백현약국","02-2237-7585","2000","0900","2000","0900","2000","0900","2000","0900","2000","0900","1500","0900","1500","0900","C1107784","045","73","8331","37.5703241304316","127.023203341093"
"전라남도 고흥군 고흥읍 봉황길 29,","고흥시장통","백화당약국","061-832-0404","1830","0800","1830","0800","1830","0800","1830","0800","1830","0800","1300","0900","C2600150","595","43","8332","34.608310185957414","127.28492494690471"
"대전광역시 동구 동서대로 1653, 1층 (용전동)","백화당약국","042-633-2046","1840","0840","1840","0840","1840","0840","1840","0840","1840","0840","1300","0840","C1600224","345","52","8333","36.34829265889563","127.4334166683704"
"충청남도 태안군 태안읍 서해로 1952-5","백화약국","070-7537-3390","1900","0900","1900","0900","1900","0900","1900","0900","1900","0900","1400","0900","C2401762","321","48","8334","36.7532356756207","126.322298436678"
"경기도 포천시 일동면 화동로 1046-2, 1층","백화점약국","031-533-4185","2030","0900","2030","0900","2030","0900","2030","0900","2030","0900","2030","0900","C2102536","111","17","8335","37.95703117833224","127.31757265378177"
"경기도 파주시 조리읍 고봉로 1039, 103호 (아트비전텔)","백화점약국","031-941-0278","2100","0900","2100","0900","2100","0900","2100","0900","2100","0900","2100","0900","1430","0900","2100","0800","C2102706","109","37","8336","37.743867054196016","126.80831514684033"
"인천광역시 미추홀구 미추홀대로 722, (주안동)","인천남구주안1동인천사랑병원정문앞","백화점약국","032-428-2759","1900","0800","1900","0800","1900","0800","1900","0800","1900","0800","1400","0800","C1400466","221","35","8337","37.46176062020619","126.6804951458795"
"경상북도 문경시 영신로 3 (점촌동)","일요일 09:00~23:00","백화점약국","0545541323","2100","0830","2100","0830","2100","0830","2100","0830","2100","0830","2100","0830","2300","0830","2100","0830","C2700105","369","70","8338","36.594925071428236","128.1996239726885"
"충청남도 금산군 금산읍 후곤천길 73, 디엔에스 프라자 1층","연중무휴","금산버스터미날옆 365의원1층","백화점약국","041-754-3652","1930","0800","1930","0800","1930","0800","1930","0800","1930","0800","1800","0800","1800","0800","1800","0800","C2400598","327","35","8339","36.10569592099423","127.49030349458246"
"충청북도 제천시 독순로 79, 내토메디컬센터 (중앙로2가)","일요일은 2주 일요일만 운영 공휴일은 병원진료에 따라 변경(전화 요망)","백화점약국","043-646-1122","1900","0820","1900","0820","1900","0820","1900","0820","1900","0820","1500","0820","1400","0800","1400","0800","C2300533","271","73","8340","37.1388610489099","128.21188920929106"
"서울특별시 종로구 종로 234-1 (종로5가)","백화점약국","02-2264-1161","2100","0700","2100","0700","2100","0700","2100","0700","2100","0700","2000","0800","2000","0800","C1102439","031","96","8341","37.5707612617067","127.003745559878"
"경기도 부천시 원미구 부천로 20, 삼영빌딩 1층 (심곡동)","나이트 스피드 건너편","백화점약국","032-612-6981","2100","0900","2100","0900","2100","0900","2100","0900","2100","0900","2100","0900","2100","0900","C2100207","146","41","8342","37.48601040563441","126.78355903024311"
"경기도 광명시 도덕로 43, 1층 (광명동)","백화점약국","02-2681-1775","2000","0900","2000","0900","2000","0900","2000","0900","2000","0900","1600","0900","C2101318","142","76","8343","37.468843485898574","126.8523663373075"
"경기도 안산시 상록구 석호로 292, 1층 (본오동)","백화점약국","031-407-6077","2300","0900","2300","0900","2300","0900","2300","0900","2300","0900","2300","0800","2200","0900","2100","0900","C2101894","155","51","8344","37.29334422729113","126.86311275289671"
"경기도 평택시 안중읍 안현로서2길 14,","백화점약국","031-682-1717","2000","0900","2000","0900","2000","0900","2000","0900","2000","0900","1800","0900","2100","0900","1400","0900","C2100965","179","36","8345","36.988269444444441","126.930105555555556"
"대구광역시 서구 국채보상로 161-1, 1층 (평리동)","백화점약국","053-522-0789","1800","0900","1800","0900","1800","0900","1800","0900","1800","0900","C1301946","417","68","8346"
"전북특별자치도 전주시 완산구 온고을로 26, 1층 (서신동,트윈폴리스)","서신동 롯데백화점뒤쪽 쌍둥이빌딩1층 꼬레아이 옆","백화점약국","063-255-8275","1900","0900","1900","0900","1900","0900","1900","0900","1900","0900","1330","0900","1200","0900","1200","0900","C2500353","549","46","8347","35.83420951091119","127.12015168960886"
"충청남도 천안시 동남구 봉정로 20 (봉명동, 하나의원)","구)천안의료원앞","백화점약국","041-576-8733","1800","0900","1800","0900","1800","0900","1800","0900","1800","0900","C2400358","311","52","8348","36.803967738326484","127.1395119444104"
"전북특별자치도 군산시 구암3.1로 137, 2층 (경암동, 이마트)","마트내 운영 약국으로 공휴일 마트 일정에 따른 전화 확인 필요","이마트2층","백화점약국","063-445-4008","2100","1000","2100","1000","2100","1000","2100","1000","2100","1000","2100","1000","2100","1000","C2500483","540","32","8349","35.98261571228978","126.73637471742367"
"충청남도 당진시 북문길 1-6 (읍내동)","약국주변으로 어리러움증 ,치매전문인 방차옥내과. , 백내장 익상편수술전문 이안과의원, 신경치료,대상포진전문 안신통증크리닉.,저렴한비용으로 빠르고 확실하게 치료하는 상아치과, 침과 한방치료의 전문한의원 유본한의원., 침술의 명가 365 한의원등이 근처에 소재하여 친절하고, 자상하게 환자를 치료하고 있읍니다.","당진감리교회 옆","백화점약국","041-355-7534","1930","0830","1930","0830","1930","0830","1930","0830","1930","0830","1500","0830","C2400177","317","69","8350","36.89487268484094","126.6294488160641"
"경기도 이천시 경충대로 2545 (중리동)","백화점약국","031-631-1527","2200","0900","2200","0900","2200","0900","2200","0900","2200","0900","2200","0900","2200","1000","2200","0900","C2101504","173","81","8351","37.27393818368194","127.45000893531903"
"경기도 안양시 동안구 관악대로 91, 대림타워 102호 (비산동)","백화점약국","031-465-9566","2000","0900","2000","0900","2000","0900","2000","0900","2000","0900","1600","0900","C2101609","139","25","8352","37.39890825187054","126.93386379948646"
"서울특별시 성북구 돌곶이로 61 (석관동)","먹는치료제 조제기관 365일 연중무휴입니다.","백화점약국","02-964-6230","2100","0800","2100","0800","2100","0800","2100","0800","2100","0800","1830","0800","1530","0900","1530","0900","C1101504","027","87","8353","37.609163148581","127.058511000257"
"경기도 광주시 곤지암읍 곤지암로50번길 2, 1층","백화점약국","031-761-8181","2200","0800","2200","0800","2200","0800","2200","0800","2200","0800","2200","0800","2100","1000","2200","0800","C2101575","128","04","8354","37.35005847715578","127.34182690366828"
"전북특별자치도 익산시 무왕로 1085 (영등동)","웰메이드(인디안모드)사거리-다비치안경점옆","백화점약국","063-832-0770","2000","0830","2000","0830","2000","0830","2000","0830","2000","0830","1800","0830","C2501144","545","46","8355","35.95880905694509","126.97726651782248"
"경상북도 상주시 상산로 263 (남성동)","백화점약국","054-535-7637","2000","0830","2000","0830","2000","0830","2000","0830","2000","0830","1800","0830","1700","0830","C2700115","371","97","8356","36.4143713035437","128.159139767035"
"경상북도 영덕군 남정면 동해대로 4068, 1층","백화점약국","054-734-6616","2100","0800","2100","0800","2100","0800","2100","0800","2100","0800","2100","0800","2100","0800","2100","0800","C2701660","364","61","8357","36.3221490565312","129.381049068664"
"인천광역시 연수구 비류대로 208","백화점온누리약국","032-831-4787","2000","0900","2000","0900","2000","0900","2000","0900","2000","0900","2230","0900","C1400793","219","39","8358","37.42744191380552","126.65778884231334"
"서울특별시 강서구 공항대로 237, 107호 (마곡동)","밸런스약국","02-3663-5677","1900","0900","1900","0900","1900","0900","1900","0900","1900","0900","1330","0900","C1108438","078","03","8359","37.5594526887597","126.833912548403"
"인천광역시 중구 공항로 272, 인천공항제2여객터미널 지하1층 (운서동)","인천국제공항 제2여객터미널 내","밸런스약국","032-743-0070","2100","0700","2100","0700","2100","0700","2100","0700","2100","0700","2100","0700","2100","0700","2100","0700","C1401692","223","82","8360","37.4583524165","126.4276976981"
"세종특별자치시 한누리대로 350, 뱅크빌딩 1층 109호 (어진동)","어진동","뱅크약국","070-7758-3124","1900","0900","1900","0900","1400","0900","1900","0900","1900","0900","1400","0900","C1800311","301","21","8361","36.4954265027878","127.257230146477"
"부산광역시 서구 대영로 84, (동대신동1가)","1호선 동대신역 7번출구","버드나무약국","051-242-6355","1930","0900","1930","0900","1930","0900","1930","0900","1930","0900","1800","0900","1800","1000","C1200233","492","18","8362","35.11070833333334","129.02008888889011"
"대전광역시 중구 태평로 15, 106,107호 (태평동, 버드내마을아파트)","공휴일","버드내약국","042-537-5556","2000","0900","2000","0900","2000","0900","2000","0900","2000","0900","1900","0900","C1600045","348","90","8363","36.31812311777994","127.39132087946945"
"충청남도 천안시 동남구 버들로 115-2, 101호 (원성동)","버들약국","041-414-7884","1900","0830","1900","0830","1900","0830","1900","0830","1900","0830","1400","0830","C2401738","311","26","8364","36.80653949151","127.159336449894"
"광주광역시 서구 상무버들로 26, 1층 (유촌동)","1층","버들약국","062-374-2270","1900","0900","1900","0900","1900","0900","1900","0900","1900","0900","1700","0900","C1500406","619","10","8365","35.1646067763","126.8605916404"
"경기도 남양주시 진접읍 내각1로 88 (진접읍)","버들약국","031-527-0774","1930","0830","1930","0830","1930","0830","1930","0830","1930","0830","1530","0830","1900","1000","C2102754","120","72","8366","37.70448013066133","127.16653926204194"
"전북특별자치도 고창군 고창읍 중앙로 229","오성예식장맞은편","버들온누리약국","063-561-5611","1900","0830","1900","0830","1900","0830","1900","0830","1900","0830","1300","0830","C2500472","564","33","8367","35.4352908253","126.7006637563"
"대전광역시 동구 동산초교로23번길 5","홍도동치안센터옆","버들온누리약국","042-622-0036","2000","0900","2000","0900","2000","0900","2000","0900","2000","0900","2000","0900","C1600662","345","57","8368","36.34614735009764","127.42654716072289"
"경기도 성남시 분당구 궁내로40번길 39, 104호 (궁내동)","버즈약국","031-717-5675","1800","0900","1800","0900","1800","0900","1800","0900","1800","0900","1300","0900","C2109068","135","50","8369","37.3705097605359","127.101216524428"
"서울특별시 서초구 신반포로15길 29","09001600","신반포상가235호","버클리약국","02-592-4222","1830","0900","1830","0900","1500","0900","1830","0900","1830","0900","1500","0900","C1102906","065","03","8370","37.5054705759651","126.99469582286"
"서울특별시 강북구 오현로32길 4-3","번동약국","02-985-3423","2100","0900","2100","0900","2100","0900","2100","0900","2100","0900","1600","0900","C1101598","012","24","8371","37.6284326046261","127.039850568403"
"서울특별시 강북구 오현로34길 23-4, 104호 (번동, 현대하니타운)","강북구번3동 번동초등학교 킴스마트뒤","번동종로약국","02-981-2030","2200","0900","2200","0900","2200","0900","2200","0900","2200","0900","2200","0900","C1103330","012","24","8372","37.6279488306073","127.039952264984"
"충청남도 예산군 광시면 예당로 179","현대의원","번영약국","041-333-1241","1800","0800","1800","0800","1800","0800","1800","0800","1800","0800","1530","0800","C2400762","324","57","8373","36.55051897758229","126.77528717579625"
"제주특별자치도 제주시 번영로 500, 1층 (봉개동)","번영약국","064-900-4395","1900","0830","1900","0830","1900","0830","1900","0830","1900","0830","1500","0830","C2900480","633","13","8374","33.490149872474","126.594819609272"
"전라남도 보성군 벌교읍 채동선로 222-1","공공심야약국 운영(08:00~23:00) 연중무휴","벌교365약국","061-858-0566","2300","0800","2300","0800","2300","0800","2300","0800","2300","0800","2300","0800","2300","0800","2300","0800","C2601332","594","27","8375","34.8422682849756","127.344268759718"
"전라남도 보성군 벌교읍 남하로 8","보성군립 노인전문병원, 벌교 삼호병원 근처","벌교우리약국","061-858-5666","1700","0800","1700","0800","1700","0800","1700","0800","1700","0800","1200","0800","C2600750","594","31","8376","34.834352132403104","127.34467461169922"
"전라남도 보성군 벌교읍 채동선로 232","일요일 전화 후 방문(당번제 운영)","벌교역에서농협과새마을금고가는길 역전 삼거리 근처","벌교희망약국","061-857-7532","1730","0730","1730","0730","1730","0730","1730","0730","1730","0730","1230","0800","C2600057","594","25","8377","34.8425935449","127.3442884821"
"경기도 안양시 동안구 시민대로 138, 104호 (호계동)","범계백두산약국","031-427-1440","1800","0900","1800","0900","1800","0900","1800","0900","1800","0900","1300","0900","C2109797","140","77","8378","37.3880997219687","126.947388261811"
"경기도 안양시 동안구 동안로 120, 평촌스포츠센타 7층 710호 일부호 (호계동)","범계세명약국","031-381-6092","1800","0900","1800","0900","1800","0900","1800","0900","1800","0900","C2109022","140","72","8379","37.3895593693986","126.952248598691"
"경기도 안양시 동안구 평촌대로 221, 센터프라자 604호 (호계동)","범계수한약국","031-383-4000","1930","1030","1930","1030","1930","1030","1930","1030","1930","1030","1700","1030","C2108503","140","72","8380","37.3911280704226","126.955296940679"
"경기도 안양시 동안구 시민대로 167, 안양벤처텔 108호 일부호 (비산동)","범계역국민은행옆","범계약국","031-388-5575","2000","0900","2000","0900","2000","0900","2000","0900","2000","0900","1600","0900","C2103321","140","48","8381","37.3914751571458","126.95348790006636"
"경기도 안양시 동안구 동안로 120, 평촌스포츠센타 104호 (호계동)","범계역홈약국","031-388-1823","1800","1000","1800","1000","1800","1000","1800","1000","1800","1000","C2108522","140","72","8382","37.3895593693986","126.952248598691"
"부산광역시 부산진구 중앙대로 604-1 (범천동)","범내골 로타리 춘해병원 건너편","범내골약국","0516320950","1830","0850","1830","0850","1830","0850","1830","0850","1830","0850","1300","0900","C1200288","473","58","8383","35.146732114326895","129.0588990455912"
"전북특별자치도 익산시 평동로 750 (동산동)","익산 구경찰서 사거리에서 창인성당옆","범생종합약국","063-855-5953","2000","0830","2000","0830","2000","0830","2000","0830","2000","0830","2000","0830","2000","1000","2000","1000","C2500247","546","76","8384","35.939439050677656","126.9536024171322"
"충청남도 천안시 서북구 불당25로 8, 나동 145-1호 (불당동, 불당호반써밋플레이스 센터시티)","범약국","041-565-2065","1900","0900","1900","0900","1900","0900","1900","0900","1900","0900","C2401520","311","56","8385","36.8020424270876","127.104062210694"
"대구광역시 수성구 달구벌대로 2403, 1층 (범어동)","범어역4번출구20m","범어로타리약국","053-744-6888","1800","0900","1800","0900","1800","0900","1800","0900","1800","0900","1500","0900","C1300111","420","19","8386","35.85989279999664","128.62550835490256"
"대구광역시 수성구 동대구로 346, B3-1호 (범어동, 범어서한포레스트)","범어류약국","053-759-0309","2100","0900","2100","0900","2100","0900","2100","0900","2100","0900","1600","0900","C1301855","420","28","8387","35.8612187886377","128.627209069812"
"경상남도 양산시 물금읍 동중1길 5, 1층","양산부산대학병원 후문","범어무궁화약국","055-382-5849","2100","0830","2100","0830","2100","0830","2100","0830","2100","0830","1700","0830","1300","0830","C2800598","505","98","8388","35.32910981101566","129.00396505556077"
"부산광역시 금정구 중앙대로 2107, 범어사지하철역 지하1층 상가1호 (청룡동)","주말운영 010-7418-5242 유선확인 요망","1호선 범어사역 7번출구","범어사메트로약국","051-000-0000","2100","0800","2100","0800","2100","0800","2100","0800","2100","0800","1800","0800","1800","0800","C1202710","462","18","8389","35.2731447038522","129.092674852109"
"대구광역시 수성구 동대구로 300, 401동 403호 (범어동, 범어 롯데캐슬)","범어삼성약국","053-742-0111","1800","0900","1800","0900","1800","0900","1800","0900","1800","0900","1300","0900","C1300577","420","98","8390","35.857128437779814","128.62628438936483"
"대구광역시 수성구 달구벌대로 2477, 수성엠타워 1층 (범어동)","범어온약국","053-744-7586","1800","0900","1800","0900","1800","0900","1800","0900","1800","0900","C1301873","420","29","8391","35.8591306335725","128.633611589008"
"대구광역시 수성구 청호로 438, 지하3층 106호 (범어동, 범어라온프라이빗2차)","범어현약국","053-753-0129","1830","0900","1830","0900","1830","0900","1830","0900","1830","0900","1300","0900","C1301568","420","81","8392","35.855523804492606","128.6410572041318"
"부산광역시 동구 범일로 97 (범일동)","1호선 범일역 1번출구","범일사약국","051-642-4939","1900","0900","1900","0900","1900","0900","1900","0900","1900","0900","1400","0900","C1200733","487","35","8393","35.13866252","129.0590213607"
"서울특별시 영등포구 영중로 54","서울시영등포구대림3동681-13","범일약국","02-2634-2250","1830","0840","1830","0840","1830","0840","1830","0840","1830","0840","1600","0840","C1100735","072","50","8394","37.5209650327087","126.905166616194"
"경기도 파주시 탄현면 약산로 80","통일동산이주단지내","범진약국","031-945-1585","2100","0900","2100","0900","2100","0900","2100","0900","2100","0900","1400","0900","C2103447","108","61","8395","37.771421082043574","126.70508197140595"
"부산광역시 부산진구 범일로 178, 1층 (범천동)","1호선 범내골역 2번 출구","범천약국","051-632-8457","1930","0900","1930","0900","1930","0900","1930","0900","1930","0900","1400","0900","C1200568","473","57","8396","35.1459912230838","129.059769610193"
"경상남도 함안군 법수면 법정로 7","일요일과 연이은 공휴일은 휴무, 방문 전 전화 확인 필요","석무사거리 부근","법수약국","055-584-2922","1900","0900","1900","0900","1900","0900","1900","0900","1900","0900","1800","0900","1800","0900","C2800730","520","57","8397","35.31829893140024","128.3840156256354"
"경기도 파주시 법원읍 사임당로 827 (법원읍)","법원신세계약국","031-958-2237","1900","0900","1900","0900","1900","0900","1900","0900","1900","0900","1430","0900","C2106372","108","26","8398","37.849488477695985","126.87272145151115"
"서울특별시 서초구 서초대로 270, 서보빌딩 1층 2호 (서초동)","법원약국","02-522-4312","2000","0900","1930","0900","1930","0900","1930","0900","2000","0900","1630","0900","C1109746","066","45","8399","37.4926696448571","127.011339971113"
"경기도 수원시 영통구 광교중앙로 256, 1층 112호 (하동)","법원약국","031-211-7022","1900","0830","2000","0900","1900","0830","2000","0900","1900","0830","1400","0900","C2107738","165","12","8400","37.292697451559036","127.0679964576458"
"경기도 파주시 법원읍 술이홀로 873, 102호","법원천하약국","031-959-9002","2100","0900","2100","0900","2100","0900","2100","0900","2100","0900","2100","0900","2100","0900","2100","0900","C2100010","108","26","8401","37.84926494372209","126.87263093905219"
"충청북도 보은군 속리산면 법주사로 241","법주약국","043-543-3802","1830","0900","1830","0900","1830","0900","1830","0900","1830","0900","1830","0900","1800","1300","1830","0900","C2300161","289","08","8402","36.530152967039704","127.82054029140133"
"경상남도 창원시 진해구 진해대로1026번길 4, 더연리지 1층 108호 (풍호동)","벚꽃약국","055-609-2209","1800","0900","1800","0900","1800","0900","1800","0900","1800","0900","1300","0900","1700","0900","C2802288","516","52","8403","35.1380587119559","128.707117881861"
"서울특별시 영등포구 국제금융로 10, 서울 국제금융 센터 지하2층 (여의도동)","벚꽃약국","02-6137-5207","2200","0900","2200","0900","2200","0900","2200","0900","2200","0900","2200","1000","2200","1000","2200","1000","C1109045","073","26","8404","37.5251775245928","126.924876706923"
"경기도 오산시 궐리사로 41, 보성학원 1층 (궐동)","벚꽃약국","031-377-9775","1800","0900","1800","0900","1800","0900","1800","0900","1800","0900","1300","0900","C2109316","181","21","8405","37.1602318253979","127.057227084604"
"서울특별시 강동구 올림픽로 664, 3층 342,343호 (천호동, 대우한강베네시티)","천호역3번출구전방100m 한강베네시티상가","베네시티약국","02-420-8181","2100","0900","2100","0900","2100","0900","2100","0900","2100","0900","1800","0900","1800","0900","1800","0900","C1103649","053","28","8406","37.540555377209","127.124975762766"
"대전광역시 대덕구 계족로 538, 101호 (중리동)","베니스약국","050-71323-5174","1800","0800","1800","0800","1800","0800","1800","0800","1800","0800","1300","0800","C1601433","344","22","8407","36.3597306889685","127.432425521995"
"충청남도 천안시 동남구 충절로 1737 (병천면)","일요일 격주근무","아우내농협 옆","베데스다병천약국","041-564-1173","2200","0900","2200","0900","2200","0900","2200","0900","2200","0900","2200","0900","2200","0900","2200","0900","C2400788","312","54","8408","36.76292067291496","127.29802646416101"
"경기도 안양시 동안구 흥안대로 415, 139호 (평촌동, 두산벤처다임)","베데스다약국","031-478-2799","1930","1000","1930","1000","1930","1000","1930","1000","1930","1000","C2101089","140","59","8409","37.39126859138613","126.97304682369452"
"경기도 성남시 분당구 황새울로342번길 11","베델약국","031-706-8885","1900","0900","1900","0900","1900","0900","1900","0900","1900","0900","1600","0900","C2100613","135","91","8410","37.38622292715879","127.12362616747622"
"경기도 용인시 수지구 문인로 57","공휴일 방문 전 전화확인 필요","베델약국","031-276-0050","2000","0900","2000","0900","2000","0900","2000","0900","2000","0900","1800","0900","C2101178","169","25","8411","37.333008536187315","127.09626481383609"
"인천광역시 계양구 안남로554번길 1, 대정프라자 (효성동)","효성동2번버스종점 한정거장전","베드로약국","032-549-7617","2130","0900","2130","0900","2130","0900","2130","0900","2130","0900","2000","0900","2000","0900","C1400816","210","97","8412","37.53243504800758","126.71074004301062"
"대구광역시 달서구 장기로 136, (성당동)","베드로약국","053-622-0994","1830","0900","1830","0900","1830","0900","1830","0900","1830","0900","1500","0900","C1300803","426","57","8413","35.84373679403247","128.54559593348915"
"경기도 용인시 처인구 고림로 88, 102호 (고림동)","베드로약국","031-335-9571","2200","0830","2200","0830","2200","0830","2200","0830","2200","0830","2200","0830","2200","1000","2200","1000","C2100957","171","51","8414","37.2397527011","127.2152742314"
"서울특별시 강남구 개포로 615, 석탑프라자 1층 112,113,114호 (개포동)","매주 화요일 19시 마감","베리타스약국","02-451-1833","2030","0830","2030","0830","2030","0830","2030","0830","2030","0830","1300","0830","1800","0830","1800","0830","C1109884","063","35","8415","37.4926580850327","127.07558248914"
"경기도 파주시 새꽃로 62, 107호 (금촌동)","* 공공심야약국(22시~익일 새벽 1시까지)","베스트소망약국","031-943-2729","2500","2200","2500","2200","2500","2200","2500","2200","2500","2200","2500","2200","2400","2100","2500","2200","C2102714","109","26","8416","37.75545597793961","126.76884344110496"
"부산광역시 수영구 수영로 710, 1층 (광안동)","2호선 수영역 5번 출구","베스트약국","051-753-7503","2200","0900","2200","0900","2200","0900","2200","0900","2200","0900","2200","0900","2200","1100","2200","1100","C1202573","482","66","8417","35.1677181810151","129.117065518144"
"대구광역시 동구 안심로22길 56, 느티타워 106호 (율하동)","베스트약국","053-964-9110","1800","0900","1800","0900","1800","0900","1800","0900","1800","0900","1600","0900","1300","0900","1300","0900","C1301632","411","05","8418","35.86315888012431","128.69780628474237"
"경기도 오산시 발안로 1356-3, 1층 (누읍동)","베스트약국","031-377-1812","2100","0900","2100","0900","2100","0900","2100","0900","2100","0900","C2106601","181","27","8419","37.14107881250124","127.04766848918633"
"제주특별자치도 제주시 중앙로 354 (이도이동)","서울정형외과, 채움치과 1층(제주소방서에서 한라산쪽으로 70m, 제주은행옆)","베스트약국","064-752-7525","1900","0840","2000","0840","1900","0840","1900","0840","1830","0840","1240","0840","C2900417","632","32","8420","33.49008489074469","126.53771692168347"
"광주광역시 남구 효우로 85","광주은행 진월뉴타운지점 옆건물 1층","베스트약국","062-672-7585","1830","0830","1830","0830","1830","0830","1830","0830","1830","0830","1330","0830","1300","0900","C1500472","617","46","8421","35.10586150422833","126.90460343493116"
"인천광역시 남동구 서창남순환로 222, 108호 (서창동, 센타프라자)","베스트약국","032-468-0365","1300","0900","1300","0900","1300","0900","1300","0900","1300","0900","1500","0830","1300","0830","C1401434","216","17","8422","37.4241916102798","126.74955229952937"
"서울특별시 동대문구 전농로 126, 1층 102호 (전농동)","베스트약국","0507-1358-6911","1830","0800","1830","0800","1830","0800","1830","0800","1830","0800","1300","0800","C1110902","025","31","8423","37.5762219934037","127.057948964709"
"경기도 수원시 장안구 덕영대로535번길 38, 로얄프라자 301호 (천천동)","베스트약국","031-258-1667","2100","0900","2100","0900","2100","0900","2100","0900","2100","0900","1600","0900","1400","1000","C2106435","163","29","8424","37.29718121790333","126.98241452006508"
"서울특별시 송파구 백제고분로 214 (삼전동, 서울외과빌딩)","베스트약국","02-422-5296","1900","0900","1900","0900","1900","0900","1900","0900","1900","0900","1400","0900","C1107838","055","82","8425","37.5034191870878","127.090304813685"
"경기도 안산시 단원구 라성안길 17, 베스트플라자 117호 (원곡동)","베스트약국","070-4571-6019","1800","0900","1800","0900","1800","0900","1800","0900","1800","0900","1300","0900","C2109979","153","82","8426","37.3277508260703","126.802342280248"
"경기도 군포시 군포로 454, 다동 1층 (당동)","베스트약국","031-360-5595","1800","0900","1800","0900","1800","0900","1800","0900","1800","0900","1300","0900","C2109946","158","56","8427","37.3471567033337","126.943240234016"
"전북특별자치도 군산시 월명로 216, 102동 1호 (수송동)","평09~19:30,월,목,21/토16시까지진료/일,공휴무","남부교회 옆,롯데마트 앞","베스트약국","063-471-6101","1800","0900","1800","0900","1800","0900","1800","0900","1800","0900","1300","0900","C2500780","541","00","8428","35.963138672500314","126.71607766861673"
"서울특별시 강서구 등촌로 15, 105호 (화곡동)","베스트약국","02-2646-3678","1900","0900","1900","0900","1900","0900","1900","0900","1900","0900","1900","0900","1900","1000","C1110371","077","86","8429","37.5312876904054","126.863468300138"
"전북특별자치도 전주시 완산구 홍산로 250","도청근처 우리들정형외과 1층","베스트약국","063-223-2003","1900","0830","1900","0830","1900","0830","1900","0830","1900","0830","1800","0830","C2500392","549","69","8430","35.81605343299287","127.10645021398096"
"서울특별시 강동구 양재대로 1325 (성내동)","둔촌역3번출구에서10분거리","베스트약국","02-474-2447","1930","0830","1930","0830","1930","0830","1930","0830","1930","0830","1930","0830","C1102437","054","05","8431","37.5248196548049","127.134585326904"
"경기도 시흥시 목감우회로 51, 109호 (목감동)","베스트약국","031-482-2588","2000","0900","2000","0900","2000","0900","2000","0900","2000","0900","1500","0900","1500","1000","1500","1000","C2107255","149","85","8432","37.3822457106","126.8619260545"
"경기도 의정부시 평화로 389, 1층 102호 쪽 코너호 (호원동)","베스트약국","031-878-8783","1800","0900","1800","0900","1800","0900","1800","0900","1800","0900","1300","0900","C2109673","117","03","8433","37.726541192523","127.047835801758"
"광주광역시 광산구 임방울대로 138, 103호 베스트온누리약국 (운남동)","베스트온누리약국","062-959-1200","2030","0830","2030","0830","2030","0830","2030","0830","2030","0830","1600","0830","C1501363","623","18","8434","35.1734192896565","126.818014675945"
"부산광역시 북구 화명대로 5, 1층 101호 (화명동)","2호선 화명역 1번 출구","베스트정약국","051-363-8270","1900","0900","1900","0900","1900","0900","1900","0900","1900","0900","1400","0900","C1202448","465","24","8435","35.23490798000002","129.00852443530232"
"경기도 안양시 동안구 귀인로 198, 111,112호 (평촌동, 베스트상가)","베스트팜약국","031-388-7879","2030","0900","2030","0900","2030","0900","2030","0900","2030","0900","1600","0900","C2102232","141","03","8436","37.38542664592599","126.9611338800502"
"대전광역시 유성구 대학로 61, 1층 (봉명동)","베스트힐링약국","042-824-9333","2000","0900","2000","0900","2000","0900","2000","0900","2000","0900","1600","0900","C1601272","341","68","8437","36.3592409789097","127.343065958444"
"서울특별시 강남구 봉은사로114길 12, 지하 1층 (삼성동)","베어약국","02-550-8189","1400","0930","1400","0930","1400","0930","1400","0930","1400","0930","C1108436","061","70","8438"
"인천광역시 남동구 구월로 212, 216호 (구월동, 힐캐슬프라자)","벧엘약국","0324629934","1830","0830","1830","0830","1830","0830","1830","0830","1830","0830","1330","0900","C1401546","215","61","8439","37.455993577861264","126.71402869325854"
"경상북도 구미시 1공단로 197-3","벧엘약국","054-465-9608","1940","0840","1940","0840","1940","0840","1940","0840","1940","0840","1300","0840","C2700819","393","71","8440","36.10232318576422","128.38447174326603"
"인천광역시 부평구 경인로701번길 58 (십정동)","동암중학교 근처 건물1층","벧엘약국","032-422-6617","2100","0900","2100","0900","2100","0900","2100","0900","2100","0900","2100","0900","2200","0900","C1400202","214","38","8441","37.472339747438724","126.7053749215005"
"경기도 성남시 중원구 둔촌대로 277, 1층 (하대원동)","아튼빌아파트후문건너편","벧엘참조은약국","031-751-4061","2100","0900","2100","0900","2100","0900","2100","0900","2100","0900","2100","0900","C2104463","133","89","8442","37.429604579596905","127.14889885584807"
"경기도 고양시 일산동구 강송로 33, 지하1층 일부호 (백석동, 일산요진와이시티)","벨라시타약국","031-849-5780","2200","1100","2200","1100","2200","1100","2200","1100","2200","1100","2200","1100","2200","1100","2200","1100","C2107789","104","50","8443","37.644069857500874","126.79280116489467"
"대전광역시 서구 관저동로 170, 건양 타워 129,130호 (관저동)","2023.5.18.(목)부터 오픈","건양대병원 앞","벨라약국","042-545-4580","1800","0830","1800","0830","1800","0830","1800","0830","1800","0830","1330","0830","C1601384","353","65","8444","36.3073011518925","127.341157141043"
"경기도 안산시 단원구 선부광장1로 66, 용현빌딩 105호 (선부동)","주말 운영 변동적","벨뷰약국","031-413-9759","1930","0900","1930","0900","1930","0900","1930","0900","1930","0900","C2108768","152","39","8445","37.3361191422159","126.811618755208"
"대구광역시 수성구 동대구로 111, 황금빌딩 1층 (황금동)","벨약국","053-763-7533","2000","0840","1900","0840","1900","0840","1900","0840","2000","0840","1600","0900","1400","0900","C1301618","421","49","8446","35.8403271219939","128.62353670611506"
"부산광역시 북구 만덕대로90번길 13","점심시간 12-13시","3호선 숙등역 1번출구","벳전문약국","051-341-8090","1800","0900","1800","0900","1800","0900","1800","0900","1800","0900","C1201183","465","68","8447","35.21237353595952","129.01531524997483"
"서울특별시 강서구 허준로 12, 1층 103호 (가양동)","점심시간 13-14시","벼리약국","02-3662-0072","2000","0900","2000","0900","2000","0900","2000","0900","2000","0900","1500","0900","C1108834","075","29","8448","37.5704427974905","126.843096522641"
"서울특별시 금천구 금하로 793, A상가동 206호,207호 (시흥동, 벽산아파트)","벽산온누리약국","02-803-7440","2000","0900","2000","0900","2000","0900","1800","0900","2000","0900","1500","0900","C1109970","086","55","8449","37.45178150653723","126.92030325230417"
"서울특별시 금천구 금하로 763, 213호,214호 (시흥동,벽산중심상가)","동일여고 인근","벽산프라자약국","02-895-2247","1900","0830","1900","0830","1900","0830","1900","0830","1900","0830","1300","0830","C1101691","086","56","8450","37.4503452637179","126.914588261631"
"경기도 고양시 덕양구 통일로 797, (관산동)","벽제하나로약국","031-969-8908","1830","0900","1830","0900","1830","0900","1830","0900","1830","0900","1530","0900","C2102428","102","87","8451","37.688555555555553","126.861975000000001"
"전북특별자치도 부안군 변산면 지서로 74","토요일 1, 3주만 운영","변산면사무소앞 / 우체국앞","변산온누리약국","063-581-3928","1800","0830","1800","0830","1800","0830","1800","0830","1800","0830","1230","0830","C2500262","563","42","8452","35.664310091632586","126.52870037397012"
"경기도 남양주시 별내3로 328, 광장프라자 102호 (별내동)","1/28일 개원예정","별가람약국","031-522-6585","1930","0900","1930","0900","1930","0900","1930","0900","1930","0900","1430","0830","C2109011","120","97","8453","37.6666922412984","127.117329411662"
"경기도 남양주시 별내중앙로 10, 별내역 아이파크 스위트 제판매영화관동 제2층 224호 (별내동)","별내고운약국","031-572-7689","1800","0900","1800","0900","1800","0900","1800","0900","1800","0900","1300","0900","C2109604","121","13","8454","37.6448465284725","127.127292049599"
"경기도 남양주시 별내중앙로 10, 별내아이플레이스 2층 225호 (별내동)","운영시간 변경 가능성 있음","별내아이파크약국","031-571-3880","1800","0900","1800","0900","1800","0900","1800","0900","1800","0900","1300","0900","C2108745","121","13","8455","37.6448465284725","127.127292049599"
"경기도 남양주시 별내5로5번길 3, 마들프라자 102호 (별내동)","별내약국","031-529-5450","1300","0900","1300","0900","1300","0900","1300","0900","1300","0900","1400","0900","1300","0900","C2100014","121","02","8456","37.64968428652852","127.11329125472552"
"경기도 남양주시 별내3로 334, 1층 103호 (별내동, 다우프라자)","별내오약국","031-572-1127","2000","0900","2000","0900","2000","0900","2000","0900","2000","0900","1600","0900","C2106996","120","97","8457","37.66700294608356","127.11710094897519"
"경기도 남양주시 별내중앙로 54, 예스프라자프론티어 103호 (별내동)","별내온누리약국","031-527-1400","1800","1000","1800","1000","1800","1000","1800","1000","1800","1000","C2108478","121","12","8458","37.6473160736326","127.123868559782"
"경기도 남양주시 별내5로5번길 1, 103호 (별내동)","별내우리약국","031-527-5078","1900","0900","1900","0900","1900","0900","1900","0900","1900","0900","1600","0900","C2106392","121","02","8459","37.64964994014994","127.11352010439863"
"경기도 남양주시 순화궁로 167, 이마트 2층 (별내동)","2, 4째 주 수요일 휴업","별내이마트3층입니다.","별내이마트약국","031-572-8116","2200","1000","2200","1000","2200","1000","2200","1000","2200","1000","2100","1000","2200","1000","2200","1000","C2100137","121","13","8460","37.64279344086003","127.12596422959016"
"경기도 남양주시 별내중앙로 63, 106호 (별내동, 예스프라자)","별내종로약국","031-527-0081","1930","0900","1930","0900","1930","0900","1930","0900","1930","0900","1400","0900","C2100161","121","12","8461","37.647851169166536","127.12294726020582"
"경기도 남양주시 별내중앙로 49, 103호 (별내동)","별내중앙약국","031-573-3309","1500","0900","1500","0900","1500","0900","1500","0900","1500","0900","C2106797","121","12","8462","37.64684670056215","127.12365951315112"
"경기도 남양주시 순화궁로 339, 101호 (별내동)","운영시간 확인요망","별내해밀약국","031-575-7479","1800","0900","1800","0900","1800","0900","1800","0900","1800","0900","C2107752","121","05","8463","37.65703264627259","127.12589308676672"
"충청남도 천안시 서북구 불당33길 24, 102호 (불당동)","약국입니다.","스타벅스 신불당점 건물","별님온누리약국","041-555-3764","2100","0900","2100","0900","2100","0900","2100","0900","2100","0900","1700","0900","1300","0900","1300","0900","C2401404","311","56","8464","36.8123771009","127.1081924159"
"서울특별시 영등포구 국회대로54길 10, 판매시설 13동 3층 8호 (영등포동7가, 아크로타워 스퀘어)","별담은약국","02-2633-0308","2100","0900","2100","0900","2100","0900","2100","0900","2100","0900","1400","0900","1400","0900","C1107959","072","46","8465","37.522991250888786","126.9061237979469"
"강원특별자치도 춘천시 춘주로 143 (퇴계동)","남부초등학교, 농협옆","별동별약국","033-244-5482","1830","0900","1830","0900","1830","0900","1830","0900","1830","0900","1300","0900","C2200023","244","42","8466","37.8590085817358","127.72445139008482"
"전라남도 순천시 별량면 별량길 73","별량면사무소근처,기독의원앞","별량사랑약국","061-744-9827","1800","0800","1800","0800","1800","0800","1800","0800","1800","0800","1300","0800","C2600346","580","33","8467","34.874258376072305","127.45289378120748"
"전라남도 순천시 별량면 별량길 125","남부의원맞은편위치","별량우리들약국","061-742-0970","1200","0830","1200","0830","1200","0830","1200","0830","1200","0830","1200","0830","C2601002","580","33","8468","34.87104652685187","127.45075881913768"
"울산광역시 동구 방어진순환도로 1137 (서부동)","별빛약국","052-996-9000","1930","0900","1930","0900","1930","0900","1930","0900","1930","0900","1400","0900","C1700728","440","16","8469","35.5393493357214","129.424516111681"
"경기도 파주시 가람로 129, 105, 106호 (와동동)","별빛약국","031-947-5560","1800","0900","1800","0900","1800","0900","1800","0900","1800","0900","1300","0900","C2110207","108","96","8470","37.7374495351877","126.762458430931"
"인천광역시 부평구 시장로 48, 1층 101호 (부평동)","- 신규 기관으로 운영 시간 확인 후 방문 권장","별빛약국","032-505-8465","1800","0900","C1402205","213","92","8471","37.4946960566007","126.727248185617"
"경기도 하남시 하남대로802번길 5-4, 청봉기념병원 1층 (신장동)","별빛약국","031-793-8370","1900","0900","1900","0900","1900","0900","1900","0900","1900","0900","C2108488","129","49","8472","37.541401240879","127.208755026407"
"경기도 김포시 통진읍 마송1로84번길 53, 핵심프라자Ⅲ 111호","별빛약국","031-984-8886","1800","0900","1800","0900","1800","0900","1800","0900","1800","0900","1400","0900","C2109532","100","31","8473","37.6886210955445","126.598829496092"
"경기도 평택시 지제동삭1로 41, 130동 2층 33호 (지제동, 지제역 더샵 센트럴시티)","별빛약국","031-616-4412","1800","0900","1800","0900","1800","0900","1800","0900","1800","0900","1300","0900","C2109371","178","40","8474","37.0209548248916","127.07272761315"
"서울특별시 강남구 봉은사로 204, 1층 (역삼동)","별빛약국","02-539-7717","1930","0900","1930","0900","1830","0900","1930","0900","2000","0900","1600","0900","C1109375","061","35","8475","37.5071708171619","127.034472786737"
"경기도 고양시 덕양구 삼송로 88, 오성프라자 103호 (삼송동)","별빛약국","02-381-9354","1900","0900","2100","0900","1900","0900","2100","0900","1900","0900","1600","0900","C2106916","105","89","8476","37.650735931518035","126.88401698110706"
"서울특별시 마포구 동교로27길 8, 호성빌딩 1층 (동교동)","별빛약국","02-332-3909","2030","0900","2030","0900","2030","0900","2030","0900","2030","0900","1800","0900","1900","1000","C1109807","039","93","8477","37.5587808318798","126.92304276804"
"경기도 남양주시 별내중앙로 24, 111~112호 (별내동)","별빛약국","0315226283","2000","0900","2030","0900","2000","0900","2030","0900","2000","0900","1430","0900","C2108840","121","13","8478","37.645449802714","127.126224455286"
"경기도 부천시 옥길로 1, 스타필드시티 부천 2층 일부호 (옥길동)","별빛약국","02-6386-1254","1800","0900","1800","0900","1800","0900","1800","0900","1800","0900","C2108094","147","89","8479","37.4614756956083","126.813913375415"
"경기도 의정부시 호동로 67, 화성프라자 1층 111호,112호 (호원동)","별빛온누리약국","031-871-7234","1800","0900","1800","0900","1800","0900","1800","0900","1800","0900","1300","0900","C2110230","116","31","8480","37.7279310712492","127.043302572756"
"대전광역시 서구 배재로 196, 평강빌딩 1층 (도마동)","별약국","042-525-1921","1900","0830","1900","0830","1900","0830","1900","0830","1900","0830","1500","0830","C1601239","353","28","8481","36.32594559845707","127.37063687228843"
"경기도 성남시 수정구 청계산로 689, 1층 103호 (고등동)","별약국","031-757-8426","1800","1000","1800","1000","1800","1000","1800","1000","1800","1000","C2108604","131","05","8482","37.4274725456696","127.094860735327"
"제주특별자치도 제주시 건주로 27, 1층 102호 (도련일동)","별약국","064-723-0085","2030","0830","2030","0830","2030","0830","2030","0830","2030","0830","1630","0830","C2900500","633","23","8483","33.5170887510796","126.58114025414748"
"대전광역시 동구 옥천로 177, 1층 103호 (판암동)","별약국","042-721-0600","1850","0900","1850","0900","1850","0900","1850","0900","1850","0900","1300","0900","C1601284","346","75","8484","36.3176137255453","127.459740838955"
"경기도 평택시 고덕국제5로 145, 106호 (고덕동)","별약국","031-647-0745","1800","0900","1800","0900","1800","0900","1800","0900","1800","0900","1300","0900","C2109707","180","22","8485","37.0344449868082","127.025737341435"
"인천광역시 남동구 인하로507번길 24, 1층일부호 (구월동)","별약국","032-426-1100","2030","1000","2030","1000","2030","1000","2030","1000","2030","1000","1600","1000","C1401971","215","74","8486","37.4443932713347","126.70329314339"
"경기도 고양시 덕양구 삼송로 12, 112호 (원흥동, 반도유스퀘어)","별약국","070-4232-5443","2000","0900","2000","0900","2000","0900","2000","0900","2000","0900","1700","0900","2000","1200","2000","1200","C2107397","105","64","8487","37.6496172707","126.875529083"
"경기도 부천시 원미구 부흥로303번길 8, 1층 일부호 (중동)","별약국","032-212-7771","1800","0900","1800","0900","1800","0900","1800","0900","1800","0900","1300","0900","C2110094","145","82","8488","37.4950928959543","126.776562456423"
"충청북도 청주시 상당구 중고개로 336, 102호 (금천동, 엔젤타워)","엔젤타워102호","별약국","043-297-7333","1900","0900","1900","0900","1900","0900","1900","0900","1900","0900","1400","0900","C2300150","287","44","8489","36.63070798506199","127.50384266544981"
"충청남도 천안시 서북구 충무로 155, 우리척병원 108호 (쌍용동)","별약국","070-8770-2080","1900","0900","1900","0900","1900","0900","1900","0900","1900","0900","1500","0900","C2401912","311","74","8490","36.7939322552038","127.124572049729"
"충청북도 증평군 증평읍 중앙로 206 (서울빌딩 102호)","우체국 옆","별약국","043-838-7524","1900","0900","1900","0900","1900","0900","1900","0900","1900","0900","1600","0900","C2300912","279","30","8491","36.784143862636974","127.58165584931576"
"서울특별시 영등포구 여의대방로65길 20, 신관동 지하2층 201호 (여의도동)","별약국","02-785-5550","2000","0830","2000","0830","1830","0830","2000","0830","2000","0830","1430","0830","C1110772","073","33","8492","37.5202190104628","126.929509648217"
"서울특별시 강동구 풍성로38길 9, 바로빌딩 102호 (성내동)","별약국","02-473-7542","1830","0900","1830","0900","1830","0900","1830","0900","1830","0900","1300","0900","C1103936","053","93","8493","37.5316068000518","127.12559371975"
"경기도 안산시 단원구 원포공원1로 35, 제일프라자 111호 (초지동)","초지동이마트후문주차장건너편10m","별약국","031-414-3181","1900","0930","1900","0930","1900","0930","1900","0930","1900","0930","1500","0930","C2100116","154","55","8494","37.30186721647339","126.81253482224286"
"서울특별시 양천구 오목로 345, 목동 슬로우스퀘어 108호 (목동)","02)2062-1100 오픈시간이 바뀔수 있어요 야간엔 전화 주세요~","별약국","02-2062-1100","2000","0900","2000","0900","2000","0900","2000","0900","2000","0900","1500","0900","C1108339","079","99","8495","37.5247775349288","126.875820730078"
"서울특별시 동작구 상도로 104 (상도동)","별약국","02-823-3189","1830","0900","1830","0900","1830","0900","1830","0900","1830","0900","1300","0900","C1103599","069","59","8496","37.500457198608","126.932137335821"
"대전광역시 대덕구 계족로 617","별약국","042-631-2100","1830","0900","1830","0900","1830","0900","1830","0900","1830","0900","1300","0900","C1600538","343","89","8497","36.36649910794174","127.4299192063408"
"경기도 양평군 양평읍 시민로 37-1","양평김동우내과옆","별약국","031-771-7887","1800","0830","1800","0830","1800","0830","1700","0830","1800","0830","1230","0830","C2102970","125","57","8498","37.49048031401056","127.4958447567354"
"서울특별시 송파구 백제고분로 460, 쿠피아타워 102호 (방이동)","별온누리약국","02-417-8816","2100","0900","2100","0900","2100","0900","2100","0900","2100","0900","1800","0900","1900","1100","C1109394","056","41","8499","37.5114786473939","127.113331548837"
"경상북도 포항시 남구 지곡로 253, 102동 126호 (지곡동)","별온누리약국","054-278-3536","2100","0930","2100","0930","2100","0930","2100","0930","2100","0930","1930","0930","1930","0930","C2701442","376","70","8500","36.0289760967","129.324035717"
"인천광역시 연수구 하모니로 158, 송도타임스페이스 A-110,111,112호 (송도동)","인천시 연수구 최초 공공심야약국입니다. 365일 연중무휴, 새벽 1시까지 운영하고 있습니다.","별온누리약국","032-832-9933","2500","0830","2500","0830","2500","0830","2500","0830","2500","0830","2500","0830","2500","0900","2500","0900","C1401860","219","98","8501","37.3832947004154","126.64225604799"
"서울특별시 금천구 금하로24길 40, (시흥동)","심야시간에는 전화 후 방문 부탁드립니다.","은행나무오거리에서별장길쪽으로100m","별장약국","02-807-6360","0100","1000","0100","1000","0100","1000","0100","1000","0100","1000","2430","1000","2430","1000","0100","1000","C1101692","086","43","8502","37.4491663734881","126.908212616407"
"경기도 부천시 원미구 석천로 188, (주)신세계이마트중동점 지하1층 일부호 (중동)","별품은약국","032-218-7700","1800","0900","1800","0900","1800","0900","1800","0900","1800","0900","1300","0900","C2109734","145","47","8503","37.5040650740343","126.763949320638"
"서울특별시 성동구 금호로 105, 래미안하이리버 상가동 B305호 (금호동2가)","별하나약국","02-2256-7134","1900","0900","1900","0900","1300","0900","1900","0900","1900","0900","1400","0900","C1108966","047","28","8504","37.5523702207152","127.024628226229"
"서울특별시 강남구 봉은사로 117, 이건빌딩 1층 (논현동)","일요일 및 공휴일은 휴무입니다.","별하약국","02-3443-1002","2100","0930","2100","0930","2100","0930","2100","0930","2100","0930","1800","0930","C1107704","061","20","8505","37.5053395204016","127.026451623327"
"경기도 양평군 강상면 강남로 737","분엽예외지역 약국으로서 처방전없이 조제도 가능하니 많은 이용바랍니다.","병산약국","031-773-2112","2000","0900","2000","0900","2000","0900","2000","0900","2000","0900","1900","0900","1900","0900","2000","0900","C2104147","125","71","8506","37.49402789868602","127.46030734298589"
"세종특별자치시 한누리대로 2129, 스타힐타워2 105호 (보람동)","보람동","병아리약국","044-863-8273","2100","0830","2100","0830","2100","0830","2100","0830","2100","0830","1430","0830","1430","0900","C1800264","301","50","8507","36.4785748475","127.2897521867"
"전라남도 강진군 병영면 병영성로 117","병영한국의원 근처","병영약국","061-433-7557","1800","0800","1800","0800","1800","0800","1800","0800","1800","0800","1400","0800","C2600382","592","14","8508","34.715174392077365","126.81553993006056"
"경기도 화성시 경기대로 1014, 1층 104호 (병점동, 밀레스트프라자)","병원약국","031-221-8088","1930","0900","1900","0900","1900","0900","1900","0900","1900","0900","1700","0900","C2101070","184","11","8509","37.20639547322969","127.0367266819803"
"경기도 화성시 병점노을5로 28, 우남퍼스트빌더펜트 105호 (병점동)","병점365약국","031-237-2001","1800","0900","1800","0900","1800","0900","1800","0900","1800","0900","1300","0900","C2110167","183","71","8510","37.2062954856401","127.031629270265"
"경기도 화성시 병점노을4로 29, 1층 101~102호 (병점동)","병점역약국","031-232-8828","1800","0900","1800","0900","1800","0900","1800","0900","1800","0900","1300","0900","C2109634","183","71","8511","37.2058707494187","127.031893706092"
"경기도 화성시 떡전골로 60, 107동 203호 (병점동, 효성해링턴플레이스)","병점중앙약국","031-232-1114","1900","0900","1900","0900","1900","0900","2000","0900","1900","0900","1400","0900","C2106631","184","12","8512","37.20449573394879","127.03572268177002"
"울산광역시 중구 병영로 10, (남외동)","병영파출소에서병영성방향으로20m위에위치","보강약국","052-293-3826","1900","0900","1900","0900","1730","0900","1900","0900","1900","0900","1300","0900","C1700255","444","94","8513","35.570219444444447","129.346283333333332"
"경기도 안성시 보개면 보개원삼로 257","보개약국","031-675-7178","2100","0800","2100","0800","2100","0800","2100","0800","2100","0800","1900","0830","1900","0830","1900","0830","C2101631","175","09","8514","37.02627695376684","127.28836673777505"
"전라남도 나주시 남교1길 1 (이창동, 보건당약국)","영산포터미널에서 영산강 방향으로 100m지점.","보건당약국","061-333-3350","2000","0900","2000","0900","2000","0900","2000","0900","2000","0900","1900","0900","1900","0900","1900","0900","C2600460","582","70","8515","34.99592923097311","126.71450685975051"
"경상남도 함안군 칠원읍 구성길 34 (칠원읍)","일요일은 장날 운영, 전화 확인 필요","칠원시장입구","보건당약국","055-587-0024","1800","0900","1800","0900","1800","0900","1800","0900","1800","0900","1300","0900","C2800493","520","23","8516","35.305611136860755","128.51799393217524"
"경상북도 경주시 금성로 289","경주아랫시장","보건당약국","054-772-5652","1900","0900","1900","0900","1900","0900","1900","0900","1900","0900","1700","0900","C2700272","381","56","8517","35.843360453030755","129.20683327588338"
"대전광역시 대덕구 대덕대로 1590 (석봉동)","보건당약국","042-932-3815","1830","0900","1830","0900","1830","0900","1830","0900","1830","0900","1400","0900","C1601006","343","17","8518","36.45020848937354","127.42506820381737"
"경기도 군포시 광정로 25-57, 108호 (금정동, 율곡아파트 상가)","보건당약국","031-394-1151","1900","0900","1900","0900","1900","0900","1900","0900","1900","0900","1600","0900","C2100633","158","64","8519","37.35407527120001","126.93106331529998"
"부산광역시 연제구 중앙대로 1092, (연산동)","신정 (1월 1일), 구정, 추석 명절 ( 경우에 따라 명절 당일, 차일 2일간 / 혹은 명절 전일, 당일, 차일 3일간)은 휴무입니다.","연산동 지하철역 2번 출구 바로 앞 약국입니다.","연산로타리.시청방향","보건당약국","051-862-6942","2100","0930","2100","0930","2100","0930","2100","0930","2100","0930","1900","0930","1900","1300","1900","0930","C1201010","475","96","8520","35.185036111111110","129.081161111111101"
"충청북도 옥천군 옥천읍 삼양로 91, 1층","농협군지부앞","보건약국","043-731-9911","1800","0800","1800","0800","1800","0800","1800","0800","1800","0800","1300","0800","C2300266","290","32","8521","36.30349206642683","127.56950658750344"
"부산광역시 동래구 충렬대로459번길 21","버스정류장: 안락SK아파트 후문 상가 맞은편","보건약국","051-525-8001","2100","0900","2100","0900","2100","0900","2100","0900","2100","0900","2030","0900","1900","0900","C1200229","477","95","8522","35.195966148337","129.1094798657194"
"강원특별자치도 삼척시 척주로 72, 보건약국 (남양동)","보건약국","033-575-1947","2000","0900","2000","0900","2000","0900","2000","0900","1700","0900","C2201179","259","29","8523"
"부산광역시 연제구 연제로8번길 30, 201호 (연산동, 브라운스톤2단지 상가)","버스정류장: 연제구보건소입구","보건약국","051-865-1373","1800","0900","1800","0900","1800","0900","1800","0900","1800","0900","C1201181","475","99","8524","35.177375806118754","129.07954133767947"
"서울특별시 노원구 덕릉로 662 (중계동, 주공3단지아파트)","시영A3단지상가104호","보건약국","02-949-7740","1800","0900","1800","0900","1800","0900","1800","0900","1800","0900","1500","0900","C1101611","017","11","8525","37.656621433164474","127.07571076187838"
"부산광역시 금정구 온천장로 132, 1층 (장전동)","버스정류장: 동래홈플러스 윗길","보건약국","051-514-0666","1900","0900","1900","0900","1900","0900","1900","0900","1900","0900","1600","0900","C1200834","463","01","8526","35.222283333333330","129.085450000000009"
"서울특별시 동작구 장승배기로10길 43 (상도동)","동작문화원(장승배기1번출구)","보건약국","02-824-9447","1830","0830","1830","0830","1830","0830","1830","0830","1830","0830","1300","0830","C1104362","069","64","8527","37.5046575727308","126.941346950842"
"서울특별시 영등포구 국제금융로7길 22, 114호 (여의도동,대교빌딩상가)","대교b상가 1층 114호","보건약국","02-785-1005","2000","0830","2000","0830","2000","0830","2000","0830","2000","0830","1800","0900","1900","1000","1900","1000","C1101794","073","40","8528","37.5232504350637","126.933074070061"
"서울특별시 서대문구 통일로 435, 1층 (홍제동)","보건약국","02-391-1336","2100","0900","2100","0900","2100","0900","2100","0900","2100","0900","1600","0900","2100","1600","2100","1730","C1107395","036","46","8529","37.5877538083191","126.94506490372"
"경기도 수원시 팔달구 정조로 764 (팔달로3가)","보건약국","031-247-4131","2100","0830","2100","0830","2100","0830","2100","0830","2100","0830","2100","0830","2100","0900","C2101021","162","62","8530","37.276179892790736","127.01691311013815"
"경기도 파주시 중앙로 303, 재성빌딩 (금촌동)","보건약국","031-942-3229","1800","0900","1800","0900","1800","0900","1800","0900","1800","0900","C2109191","109","29","8531","37.762661532994","126.775369375011"
"서울특별시 은평구 증산로9길 3","보건약국","02-373-9508","2000","0900","2000","0900","2000","0900","2000","0900","2000","0900","1500","0900","C1102901","034","99","8532","37.5846619505596","126.909859009186"
"충청남도 천안시 동남구 문화1길 3, 1층 (문화동)","보건약국","041-907-6663","1830","0830","1830","0830","1830","0830","1830","0830","1830","0830","1200","0900","C2401604","311","28","8533","36.80823234990689","127.15088294327626"
"전북특별자치도 장수군 산서면 비행로 24","산서파출소 앞","보건약국","063-351-3440","1800","0900","1800","0900","1800","0900","1800","0900","1800","0900","C2500658","556","47","8534","35.58477945662455","127.39526585600626"
"충청남도 청양군 청양읍 중앙로 141, 보건약국","토요일, 공휴일, 일요일은 전화확인 후 방문","보건약국","0419423232","2000","0900","2000","0900","2000","0900","2000","0900","2000","0900","2000","0900","2000","0900","2000","0900","C2401746","333","30","8535","36.4522207981977","126.803091743522"
"경기도 포천시 영중면 양문로 97, A동 1층","양문버스정거장앞","보건약국","031-532-4251","2200","0730","2200","0730","2200","0730","2200","0730","2200","0730","2200","0730","2200","0830","C2103873","111","29","8536","38.00146231837989","127.24245558360488"
"전북특별자치도 임실군 임실읍 봉황로 162-2,","동절기 08:00~17:50 하절기 08:00~18:30","(1,6일장날만근무) 일요일은12:30분,토요일은 15시/당직은 홀수달 3주재 토요일,일요일18:00까지 문열음","임실내과의원 앞","보건약국","063-642-2360","1750","0800","1750","0800","1750","0800","1750","0800","1750","0800","1500","0800","C2500611","559","26","8537","35.61456662352573","127.28039720718938"
"경상남도 양산시 삼성1길 17 (북정동)","보건약국","055-382-4050","1830","0900","1830","0900","1830","0900","1830","0900","1830","0900","1300","0900","C2800639","505","72","8538","35.355465905340694","129.04084895066217"
"전북특별자치도 무주군 무주읍 한풍루로 411","보건의료원 옆","보건약국","063-322-8070","1800","0900","1800","0900","1800","0900","1800","0900","1800","0900","C2500077","555","15","8539","36.005196879822705","127.67094723686722"
"경상남도 진주시 진주대로 1081, (평안동)","갤러리아백화점 근처","보건약국","055-741-0808","1900","0900","1900","0900","1900","0900","1900","0900","1900","0900","1600","0900","C2800084","526","83","8540","35.195961111111110","128.082969444444444"
"경상남도 창녕군 남지읍 동포로 10","SK흥국주유소 부근","보건약국","055-526-5753","1800","0900","1800","0900","1800","0900","1800","0900","1800","0900","1300","0900","1400","1000","C2800549","503","57","8541","35.39007337357642","128.48197885607252"
"대구광역시 달서구 월성로 36, 나동 105호 (월성동, 월성주공4단지)","진료시간 유동적일 수 있음. 전화확인 후 방문","달서구월성동주공4단지상가","보건약국","053-644-5637","2000","0900","2000","0900","2000","0900","2000","0900","2000","0900","1900","0900","1800","0900","C1301081","427","28","8542","35.83152202610696","128.53152806563162"
"대구광역시 서구 평리로 158 (중리동)","대구의료원 정문 건너편","대구의료원건너편","보건약국","053-551-0789","1830","0830","1830","0830","1830","0830","1830","0830","1830","0830","C1300556","418","46","8543","35.85902346572697","128.54181129974023"
"인천광역시 연수구 원인재로 216, 연수1차,승기마을,원인재마을 115호 (연수동)","적십자병원주변,연수중학교맞은편","보건약국","032-811-8755","2100","0900","2100","0900","2100","0900","2100","0900","2100","0900","1900","0900","C1400292","219","32","8544","37.4213220037","126.690875056"
"인천광역시 서구 거북로 104","공휴일 유동적 운영","거북시장내, 천이비인후과와 같은층","보건약국","032-582-2761","2000","1200","2000","1200","2000","1200","2000","1200","2000","1200","2100","0900","C1400091","227","96","8545","37.502989987569975","126.6733617493237"
"강원특별자치도 강릉시 하평길 31 (포남동)","포남오거리에서 포남새마을금고부근","보건약국","033-652-2216","1930","0900","1930","0900","1930","0900","1930","0900","1930","0900","1800","0900","C2200431","255","66","8546","37.77064836947905","128.91213514546828"
"전라남도 해남군 해남읍 해남로 39, 고기나라","보건약국","061-536-6055","1730","0830","1730","0830","1730","0830","1730","0830","1730","0830","1300","0830","C2601217","590","24","8547","34.571289393031","126.611451734482"
"강원특별자치도 횡성군 횡성읍 읍상서로 6,","횡성 신협 옆","보건약국","033-343-2851","1600","0900","1600","0900","1600","0900","1600","0900","1600","0900","1100","0900","C2200065","252","32","8548","37.4895356337","127.9879450163"
"경상북도 영주시 구성로 355 (영주동)","아디다스매장옆20m","보건약국","054-632-6668","2100","0810","2100","0810","2100","0810","2100","0810","2100","0810","2100","0810","C2700194","360","96","8549","36.823367657486564","128.6226479379164"
"전라남도 곡성군 곡성읍 중앙로 89","보건약국","061-363-2580","1930","0730","1930","0730","1930","0730","1930","0730","1930","0730","1930","0730","C2601222","575","37","8550","35.280183515621","127.292671354458"
"강원특별자치도 속초시 중앙로 86","보건약국","033-632-6984","2030","0830","2030","0830","2030","0830","2030","0830","2030","0830","2030","0830","C2200286","248","37","8551","38.201507303772566","128.5854846184762"
"경상북도 성주군 성주읍 성주로 3260","대구은행성주지점맞은편","보건약국","054-933-1356","2200","0830","2200","0830","2200","0830","2200","0830","2200","0830","2100","0830","2100","0830","C2700427","400","31","8552","35.91771332600397","128.29066007135384"
"경상북도 문경시 가은읍 대야로 2482","보건약국","054-571-4463","1800","0900","1800","0900","1800","0900","1800","0900","1800","0900","1300","0900","C2700402","369","96","8553","36.64605740454955","128.0618150021927"
"충청북도 충주시 충인5길 13-1, (충인동)","충주중앙병원옆","보건약국","043-857-0100","2100","0830","2100","0830","2100","0830","2100","0830","2100","0830","1600","0830","C2300564","273","86","8554","36.973961111111109","127.933158333333338"
"충청북도 제천시 의림대로 236 (청전동)","유로스파맞은편","보건약국","043-642-5485","1800","0900","1800","0900","1800","0900","1800","0900","1800","0900","C2300300","271","52","8555","37.148288605819054","128.21475903993917"
"경기도 부천시 옥산로 156, (도당동)","디지털프라자 건너편건물 1층(도당동 강남시장입구)","보건약국","032-675-4609","1930","0800","1930","0800","1930","0800","1930","0800","1930","0800","1500","0900","C2100227","145","26","8556","37.5075183327951","126.7804847652368"
"경기도 안양시 만안구 안양로314번길 26 (안양동)","보건약국","031-449-9793","2230","0830","2230","0830","2230","0830","2230","0830","2230","0830","2200","0900","2230","0930","2200","0900","C2104010","139","92","8557","37.40072819895224","126.92185891041538"
"경기도 광명시 철산로30번길 9 (철산동, 광명프라자 114호)","보건약국","02-2688-3338","2100","0900","2100","0900","2100","0900","2100","0900","2100","0900","1500","0900","C2102053","142","39","8558","37.475639948050635","126.87015521353025"
"전북특별자치도 전주시 덕진구 안덕원로 102 (진북동)","전라북도교육청교차로,스타상호저축은행앞","보건약국","063-255-3293","1800","0840","1800","0840","1800","0840","1800","0840","1800","0840","1340","0840","C2500797","549","93","8559","35.82951231318354","127.14133766399749"
"경상남도 거제시 연초면 죽토2길 2","보건약국","055-636-7734","1700","1000","1700","1000","1700","1000","1700","1000","1700","1000","C2800647","532","02","8560","34.913755394905344","128.65461622561347"
"경기도 용인시 처인구 양지면 남평로 32","보건약국","031-334-3889","1800","0900","1800","0900","1800","0900","1800","0900","1800","0900","1300","0900","C2109275","171","61","8561","37.2309549558703","127.28786784981"
"경기도 평택시 탄현로 287 (신장동, (신장동 227))","보건약국","031-666-3948","1400","0900","1400","0900","1400","0900","1400","0900","1400","0900","1500","0900","1500","0900","C2101778","177","61","8562","37.07811100346998","127.05505206930125"
"경상북도 영양군 영양읍 동서대로 62","일요일 랜덤 운영_전화확인 후 방문(장날운영)","영양읍재래시장입구(영해통로)","보건약국","054-683-2204","2200","0800","2200","0800","2200","0800","2200","0800","2200","0800","2200","0800","2200","0800","C2700329","365","40","8563","36.66233106872775","129.11577693754194"
"제주특별자치도 제주시 연동3길 37, 1층 (연동)","보건약국","070-8286-8866","1800","1000","1800","1000","1800","1000","1800","1000","1800","1000","C2900401","631","31","8564","33.48599132903174","126.49093456761497"
"부산광역시 동래구 명륜로187번길 55 (명륜동)","동래구 보건소 정문 앞","보건온누리약국","051-555-8323","2100","0800","2100","0800","2100","0800","2100","0800","2100","0800","2030","0900","1800","0900","C1200372","477","43","8565","35.211224999999999","129.079544444444451"
"인천광역시 미추홀구 석바위로 42, (주안동)","공휴일 유동적","남구보건소앞","보건온누리약국","032-874-4971","2000","0900","2000","0900","2000","0900","2000","0900","2000","0900","2000","0900","C1400467","221","39","8566","37.4605812792777","126.67753878399934"
"대구광역시 북구 팔거천동로 209, 1층 (동천동)","보건정문약국","053-322-9909","1900","0900","1900","0900","1900","0900","1900","0900","1900","0900","1400","0900","C1301500","414","22","8567","35.9427545317","128.5576729329"
"경기도 연천군 전곡읍 전곡로 166 (전곡읍)","전곡1리강피부비뇨기과1층","보경약국","031-832-2042","1830","0700","1830","0700","1830","0700","1830","0700","1830","0700","C2102739","110","33","8568","38.02677547232019","127.06804453610123"
"충청북도 충주시 중앙로 49, (문화동)","주변의료기관:충주아산연합의원","무학시장입구","보경약국","043-847-9661","2030","0820","2030","0820","2030","0820","2030","0820","2030","0820","1800","0830","1700","0900","C2300323","274","05","8569","36.973072222222221","127.928794444444449"
"부산광역시 사상구 대동로 159 (학장동)","버스정류장: 학장 삼성아파트","보경약국","051-317-1729","1830","0900","1830","0900","1830","0900","1830","0900","1830","0900","1330","0900","C1200221","470","50","8570","35.14156532264572","128.98352631680297"
"대전광역시 서구 둔산로 61, 1층 (둔산동)","보고약국","042-716-0039","1830","0930","1830","0930","1830","0930","1830","0930","2030","0930","1500","0900","C1601313","352","33","8571","36.3515724316254","127.380763616119"
"서울특별시 종로구 대학로 93-3, 1층 (연건동)","1,3주 토요일 영업(서울대 신경과 진료시)/짝수 휴무","보광약국","02-762-2515","1800","0900","1800","0900","1800","0900","1800","0900","1800","0900","1330","0900","C1102823","030","82","8572","37.5794827564199","127.001722938869"
"광주광역시 광산구 풍영로 271 ,1층","수완지구 성덕중학교 옆 부영아파트2차 버스승강장 뚜레쥬르옆","보광약국","062-376-9017","2000","0900","2000","0900","2000","0900","2000","0900","2000","0900","1400","0900","C1500634","622","20","8573","35.1954267024","126.8153565385"
"광주광역시 동구 충장로58번길 20, (충장로4가)","밀리오레백화점 후문","보광약국","062-223-3735","2300","0800","2300","0800","2300","0800","2300","0800","2300","0800","2100","1400","C1500131","614","80","8574","35.148964728809","126.91250701429415"
"강원특별자치도 평창군 봉평면 기풍로 152","봉평면사무소 위쪽으로 100m 인접","보광약국","033-335-8842","1900","0900","1900","0900","1900","0900","1900","0900","1900","0900","1900","0900","1600","0900","1900","0900","C2200589","253","03","8575","37.6162316416689","128.37809542354995"
"대구광역시 동구 해동로 15 (지저동)","보광약국","053-981-7209","1900","0900","1900","0900","1900","0900","1900","0900","1900","0900","1400","0900","C1301137","410","44","8576","35.896837852172624","128.63808651173346"
"경상남도 김해시 분성로 320(서상동)","일요일은 전화 확인 후 방문","내동하나은행건너편","보광약국","055-334-7887","2000","0900","2000","0900","2000","0900","2000","0900","2000","0900","1900","0900","1800","0900","1800","0900","C2800986","509","20","8577","35.23329628296206","128.8809359790583"
"부산광역시 서구 자갈치로 10, (충무동1가)","다사랑병원 앞 1호선 자갈치역 2번 출구","보광약국","051-242-4315","1900","0700","1900","0700","1900","0700","1900","0700","1900","0700","1900","0700","C1200054","492","54","8578","35.096498299395606","129.02502636895457"
"경기도 파주시 광탄면 부흥로 125","보광약국","031-946-3347","1800","1000","1800","1000","1800","1000","1800","1000","1800","1000","C2108664","108","31","8579","37.8066137704069","126.863196227404"
"충청남도 금산군 추부면 서대산로 550","보광약국","041-751-3383","1930","0800","1930","0800","1930","0800","1930","0800","1930","0800","1930","0800","C2401743","327","10","8580","36.2273080583181","127.505245639925"
"인천광역시 남동구 경인로 586, (간석동)","주원고개.김세중신경외과옆","보광약국","032-427-9729","2100","0900","2100","0900","2100","0900","2100","0900","2100","0900","2100","0900","C1400135","215","50","8581","37.464158333333330","126.702830555555551"
"경기도 오산시 오산로 209 (오산동)","보광온누리약국","031-373-1729","2100","0900","2100","0900","2100","0900","2100","0900","2100","0900","1800","0900","C2100044","181","37","8582","37.14540467921226","127.06820205624558"
"부산광역시 부산진구 당감서로 88, (부암동)","버스정류장:화승삼성아파트 앞/성우빌딩","보광프라자약국","051-818-9410","1900","0840","1900","0840","1900","0840","1900","0840","1900","0840","1420","0840","C1200884","471","42","8583","35.168433333333326","129.03679444444572"
"서울특별시 용산구 보광로 35, (보광동)","보광프라자약국","02-796-5244","1800","0900","1800","0900","1800","0900","1800","0900","1800","0900","1300","0900","C1101789","043","94","8584"
"경상북도 포항시 남구 운하로36번길 7 (송도동)","보금당약국","054-283-3727","1900","0930","1900","0930","1900","0930","1900","0930","1900","0930","1600","0900","C2700434","378","03","8585","36.02820326281161","129.37631396556463"
"전북특별자치도 전주시 완산구 유연로 158, 101호 (효자동3가)","목요일 저녁8시까지 근무합니다","호남제일고맞은편 농협 옆","보금약국","063-229-8270","1900","0840","1900","0840","1900","0840","2000","0840","1900","0840","1330","0840","C2500377","549","62","8586","35.813386216656724","127.10164013099312"
"충청북도 청주시 상당구 수영로 293 (금천동)","보나약국","043-284-6789","1900","0900","1900","0900","1900","0900","1900","0900","1900","0900","1300","0900","C2300060","287","44","8587","36.63064056306022","127.50593074540776"
"서울특별시 강남구 삼성로 14, 상가동 3층 303 일부호 (개포동, 개포자이 프레지던스)","보나약국","050-713-0801","1900","0900","1900","0900","1900","0900","1900","0900","1900","0900","1400","0900","C1109952","063","31","8588","37.487679464648","127.07360641883673"
"서울특별시 송파구 송파대로 385, 성룡빌딩 102호 (석촌동)","보니약국","02-416-8408","1800","0830","1800","0830","1800","0830","1800","0830","1800","0830","1300","0830","C1108021","056","97","8589","37.5016662990031","127.109755559722"
"강원특별자치도 원주시 서원대로 507","아우렛 사거리 신세계 타워","보당약국","033-761-3150","1900","0830","1900","0830","1900","0830","1900","0830","1900","0830","1300","0830","1300","0830","C2200575","264","50","8590","37.325107354971166","127.95941247833997"
"인천광역시 중구 영종대로 118, 뉴에어포트오피스텔 102호 (운서동)","인천광역시 경제자유구역청 관리약국","화림요양병원 1층","보듬약국","032-751-0660","1900","0900","1900","0900","1900","0900","1900","0900","1900","0900","1300","0900","C1400972","223","71","8591","37.49486535817913","126.49088906276836"
"경기도 화성시 수노을중앙로 136, 106호 (새솔동)","보듬약국","031-8055-8669","1950","0930","1950","0930","1950","0930","1950","0930","1950","0930","1430","0930","2000","1400","2000","1400","C2109350","182","44","8592","37.2847226058721","126.818221887063"
"서울특별시 동작구 보라매로5길 23, 101호 (신대방동, 삼성보라매옴니타워)","보라매병원 맞은편 삼성옴니타워1층","보라매대학약국","02-831-1922","1800","0900","1800","0900","1800","0900","1800","0900","1800","0900","1300","0900","C1101790","070","71","8593","37.4925785474735","126.923610211198"
"서울특별시 영등포구 신풍로 93, 메트하임 1층 114,116,117호 (신길동)","보라매미소약국","02-831-4515","1900","0900","1900","0900","1900","0900","1900","0900","1900","0900","1500","0900","1600","0900","1500","0900","C1108023","073","92","8594","37.5002672614192","126.916644177905"
"서울특별시 동작구 보라매로5길 15, 전문건설회관빌딩 지하1층 C-5호 (신대방동)","공휴일 및 일요일 휴무","보라매서울약국","02-833-1358","1900","0830","1900","0830","1900","0830","1900","0830","1900","0830","1300","0830","C1108326","070","71","8595","37.4921758625358","126.924271334879"
"서울특별시 영등포구 신풍로 113, 7층 (신길동,시원빌딩)","시원빌딩 103호","보라매약국","02-831-6687","1800","0900","1800","0900","1800","0900","1300","0900","1800","0900","1300","0900","C1104533","073","92","8596","37.5001399657337","126.918867891098"
"서울특별시 동작구 보라매로 93 (신대방동)","보라매온누리약국","02-812-4881","2100","0900","2100","0900","2100","0900","2100","0900","2100","0900","1900","0900","C1107121","070","60","8597","37.4977975981503","126.927714337339"
"서울특별시 동작구 보라매로5길 23, 지하122호 (신대방동, 삼성보라매옴니타워)","보라매조은약국","028339505","1830","0830","1830","0830","1830","0830","1830","0830","1830","0830","1300","0830","C1106959","070","71","8598","37.4925785474735","126.923610211198"
"경기도 용인시 기흥구 사은로126번길 25 (보라동, 제일은행)","신정은 휴무입니다","보라동제일은행옆","보라시민약국","031-286-8681","2000","0900","2000","0900","2000","0900","2000","0900","2000","0900","1500","0900","1500","0900","C2100674","170","79","8599","37.254019632626246","127.11990347295854"
"경기도 하남시 미사강변동로 100-1, 미사역 파라곤 스퀘어 B195호 (망월동)","보라약국","031-8027-8003","1800","0900","1800","0900","1800","0900","1800","0900","1800","0900","C2108879","129","12","8600","37.5639612578823","127.193600096193"
"전라남도 목포시 백년대로 258, 1층 (상동)","보라약국","061-285-2637","1830","0830","1830","0830","1830","0830","1830","0830","1830","0830","1400","0830","C2601298","586","97","8601","34.8016549075709","126.41673283239"
"대구광역시 동구 동부로 59, 송원빌딩 1층 103호 (신천동)","보라약국","053-741-1133","1900","0900","1900","0900","1900","0900","1900","0900","1900","0900","1330","0900","C1301526","412","26","8602","35.8751654365","128.6189815028"
"경상남도 진주시 향교로 3, 102호 (평안동, 진주롯데인벤스)","보라약국","055-745-8420","1900","0830","1900","0830","1900","0830","1900","0830","1900","0830","1500","0830","C2801997","527","51","8603","35.1978680418","128.0832449353"
"경기도 군포시 삼성로 6, 105호 (부곡동, 웅신프라자)","보라약국","031-392-1002","2100","0900","2100","0900","2100","0900","2100","0900","2100","0900","1700","0900","C2106360","158","74","8604","37.33647296795484","126.93441605584536"
"울산광역시 남구 화합로194번길 15 (삼산동)","보람병원, 본동파출소 인근","보라약국","052-261-6385","1800","0830","1800","0830","1800","0830","1800","0830","1800","0830","1800","0830","1800","0830","1800","0830","C1700220","680","817","8605","35.541794994936346","129.34143284022573"
"부산광역시 해운대구 해운대로 814, 세종월드프라자 B동 6층 603 일부호 (좌동)","보라약국","051-704-7321","1900","0930","2000","0930","1900","0930","1900","0930","1900","0930","1500","0930","C1202903","481","11","8606","35.1695768343535","129.177677812121"
"경기도 용인시 기흥구 한보라1로 6","보라온누리약국","031-285-8598","1900","0900","1900","0900","1900","0900","1900","0900","1900","0900","1500","0900","C2100466","170","80","8607","37.254236564097695","127.1092641743769"
"경기도 용인시 기흥구 한보라1로 8, 104호 (보라동, 스카이프라자)","보라동스카이프라자","보라품안에약국","031-285-1673","2000","0830","2000","0830","2000","0830","2000","0830","2000","0830","1600","0830","C2100118","170","80","8608","37.2539865476","127.109420367"
"경기도 고양시 일산동구 고봉로 20-5, 503호의 일부호 (장항동, 포오스프라자)","보람약국","031-919-8789","1800","0900","1800","0900","1800","0900","1800","0900","1800","0900","C2108754","103","64","8609","37.664262957864","126.765129754361"
"경기도 광명시 시청로 95, 103호 (철산동)","보람약국","02-2686-9333","2100","0800","2100","0800","2100","0800","2100","0800","2100","0800","1900","0900","1900","0900","1900","0900","C2101319","142","14","8610","37.484463888888889","126.866872222222227"
"경기도 수원시 권선구 동수원로242번길 22, 센타프라자 101호 (권선동)","보람약국","031-222-4514","2000","0900","2000","0900","2000","0900","2000","0900","2000","0900","1300","0900","1300","0900","C2107639","165","53","8611","37.2507194718","127.035749001"
"충청북도 진천군 진천읍 백사천길 47-2","일요일 장날 운영하는 경우만 운영합니다","보람약국","043-532-2778","1800","0830","1800","0830","1800","0830","1800","0830","1800","0830","1300","0830","1300","0900","C2300143","278","49","8612","36.86025431549622","127.44501241638285"
"부산광역시 금정구 부곡로 120-1, 1층 (부곡동, 명성빌딩)","일요일, 공휴일 전화 후 방문요망","버스정류장: 부곡 하나로 마트","보람약국","051-583-6697","1930","0900","1930","0900","1930","0900","2000","0900","1930","0900","1600","0900","C1200143","462","71","8613","35.22657448448675","129.09210086768797"
"서울특별시 서초구 서초중앙로 239, (반포동)","삼호가든사거리","보람약국","02-3477-2783","1930","0930","1930","0930","1930","0930","1930","0930","1930","0930","1600","0900","C1101590","065","93","8614","37.503204616056","127.010876972267"
"서울특별시 종로구 종로 326, (창신동)","첫째, 셋째주 일요일만 운영","보람약국","02-766-3366","1930","0800","1930","0800","1930","0800","1930","0800","1930","0800","1500","0900","1500","0900","C1103421","031","21","8615","37.5723050685068","127.013987643923"
"경상남도 창원시 의창구 읍성로 46 (중동, 덕산메디칼)","재건교회 근처","보람약국","055-256-4857","2100","0900","2100","0900","2100","0900","2100","0900","2100","0900","1700","0900","C2800759","511","95","8616","35.2648005494","128.6231796522"
"울산광역시 동구 방어진순환도로 745(전하동)","현대중공업중전기문앞","보람약국","052-236-0835","1900","0900","1900","0900","1900","0900","1900","0900","1900","0900","1300","0900","C1700204","440","47","8617","35.504977777777775","129.429361111111120"
"울산광역시 남구 정동로 73, (삼산동)","농수산물시장부근","보람약국","052-260-3457","1900","0900","1900","0900","1900","0900","1900","0900","1900","0900","1300","0900","C1700083","447","13","8618","35.54047759438298","129.34375373245385"
"강원특별자치도 원주시 북원로 2695 (가현동)","태장동 새마을금고 맞은편","보람약국","033-745-5231","1800","0830","1800","0830","1800","0830","1300","0830","1800","0830","1300","0830","1300","0830","C2200088","263","15","8619","37.38419136591856","127.94721952992137"
"서울특별시 양천구 목동중앙본로 97, (목동)","목2동사무소옆","보람약국","02-2646-7102","2100","0800","2100","0800","2100","0800","2100","0800","2100","0800","2000","0800","1800","0900","C1101589","079","48","8620","37.5443993432268","126.870539422538"
"서울특별시 강서구 강서로 242 (화곡동, 강서힐스테이트)","보람약국","02-2699-7057","1930","0830","1930","0830","1930","0830","1930","0830","1930","0830","1400","0830","C1107190","076","94","8621","37.5471644988463","126.836797010994"
"서울특별시 성동구 한림말길 50 (옥수동, 옥수하이츠아파트)","크리스마스 휴무, 신정, 추석, 설날 중에 당일은 쉰다고 하니 필히 연락하시고 방문 부탁드립니다.","하이츠상가106","보람약국","02-2299-7710","1830","0900","1830","0900","1830","0900","1830","0900","1830","0900","1300","0900","1300","0900","1300","0900","C1101584","047","36","8622","37.54098442270803","127.01605053945175"
"강원특별자치도 강릉시 주문진읍 주문로 105","보람약국","033-662-8242","1800","0900","1800","0900","1800","0900","1800","0900","1800","0900","C2201089","254","14","8623","37.8931113978525","128.82690102842"
"충청남도 태안군 태안읍 중앙로 57","보람약국 주소 충청남도 태안군 태안읍 중앙로 57 입니다","구터미널 K(케이)마트 입구","보람약국","041-675-0200","2100","0800","2100","0800","2100","0800","2100","0800","2100","0800","2100","0800","2100","0900","2100","0900","C2400741","321","42","8624","36.7544768095667","126.29541668291421"
"전북특별자치도 전주시 덕진구 송천중앙로 123 (송천동1가)","송천동 전주농협 맞은편 1층","보람약국","063-276-5955","1830","0830","1830","0830","1830","0830","1830","0830","1830","0830","1330","0830","C2500376","548","38","8625","35.85807226511326","127.12063551501622"
"전북특별자치도 익산시 부송1로 47 (부송동)","주공 2차후문, X마트입구","보람약국","063-834-3739","1830","0830","1830","0830","1830","0830","1830","0830","1830","0830","1300","0830","C2500803","545","62","8626","35.95754156971282","126.98728108728645"
"전라남도 영암군 삼호읍 대불주거로 98","한양 파크빌아파트 근처","보람약국","061-462-0649","2000","0900","2000","0900","2000","0900","2000","0900","2000","0900","1800","0900","C2600378","584","54","8627","34.74943680663678","126.4622355840649"
"세종특별자치시 남세종로 454, 강남제일타워 1층 102호 (보람동)","공휴일 휴무","공휴일 휴무","보람동","보람약국","070-7799-6423","1900","0900","1900","0900","1900","0900","1900","0900","1900","0900","1500","0900","C1800363","301","50","8628","36.47725251081851","127.289705642538"
"제주특별자치도 제주시 고마로 53","보람약국","064-723-8518","1930","0900","1930","0900","1930","0900","1930","0900","1930","0900","1930","0900","1200","0900","C2900203","632","53","8629","33.50945409579364","126.53962042094417"
"전북특별자치도 군산시 대학로 234-1, (나운동)","나운동 보람아파트 근처 구 소방서 자리","보람약국","063-463-8133","1900","0830","1900","0830","1900","0830","1900","0830","1900","0830","1300","0830","C2500546","541","26","8630","35.9719266854296","126.69922424615544"
"경상북도 구미시 금오대로 291 (오태동)","오태동 롯데리아 맞은편 (성기태정형외과옆)","보람약국","054-461-3339","2020","0900","2020","0900","2020","0900","2020","0900","2020","0900","1630","0900","1300","0900","1300","0900","C2700464","393","60","8631","36.071118310438635","128.3484278146258"
"대구광역시 달서구 와룡로 46, (본동)","보람약국","053-524-8288","1730","0900","1730","0900","1730","0900","1730","0900","1730","0900","1230","0900","C1300046","427","33","8632","35.836578941156254","128.5373062989973"
"인천광역시 서구 원적로 120, 인성프라자 103호 (가좌동)","보람약국","032-577-3733","2000","0900","2000","0900","2000","0900","2000","0900","2000","0900","1400","0900","C1401975","228","07","8633","37.4964509771087","126.684555352911"
"서울특별시 중랑구 신내로21길 6 상가동 204호 (묵동)","보람온누리약국","02-3421-0021","1900","0900","1900","0900","1900","0900","1900","0900","1900","0900","1500","0900","C1101680","020","23","8634","37.617397644272","127.090127713018"
"경상남도 창원시 진해구 냉천로 91, 103호 (석동, 벚꽃메디칼상가)","진해시석동대동아파트맞은편","보람온누리약국","055-544-3554","2000","0900","2000","0900","1900","0900","2000","0900","2000","0900","1800","0900","C2800541","515","95","8635","35.15334452202731","128.70672582566527"
"경기도 성남시 분당구 성남대로 170, 303호 (금곡동, 한국프라자)","토요일 2,4주만 운영(1,3주 휴무)","보람온누리약국","031-717-8532","1830","0900","1830","0900","1830","0900","1830","0900","1830","0900","1300","0900","C2101174","136","18","8636","37.35116854883355","127.10953870158981"
"경상북도 김천시 부곡길 201, 부곡빌딩 104호 (부곡동)","약국","보람온누리약국","054-430-9014","2000","0830","2000","0830","2000","0830","2000","0830","2000","0830","1300","0830","C2700075","396","29","8637","36.125591035353686","128.09930650275368"
"전북특별자치도 익산시 무왕로 1101 (영등동)","영등육교 근처 장문외과 옆","보람찬약국","063-832-0760","1900","0900","1900","0900","1900","0900","1900","0900","1900","0900","1300","0900","C2500184","545","46","8638","35.958864375309396","126.97927182886202"
"충청남도 보령시 대흥로 47 , 103호","대천동구역전롯데시네마옆","보령건강약국","041-931-1201","1900","0830","1900","0830","1900","0830","1900","0830","1900","0830","1430","0830","C2400603","334","49","8639","36.34966644863527","126.593361300967"
"대전광역시 서구 도산로 74 (도마동)","보령당약국","042-527-7592","2030","0930","2030","0930","2030","0930","2030","0930","2030","0930","2000","0930","C1600217","353","32","8640","36.31511470693058","127.37941814273279"
"전북특별자치도 전주시 덕진구 반촌1길 37","공휴일 연락 후 방문","보령당한약국","063-254-8505","1800","0900","1800","0900","1800","0900","1800","0900","1800","0900","1500","0900","1500","0900","C2500851","550","03","8641","35.832058843989195","127.14474099562513"
"충청남도 보령시 번영로 38","송민영내과 옆","보령서울약국","041-936-3200","1900","0830","1800","0830","1800","0830","1800","0830","1900","0830","1300","0830","C2400593","334","55","8642","36.35092171839803","126.5921071687468"
"울산광역시 남구 북부순환도로 13 (무거동)","신복로타리부근남운프라자옆1층","보령약국","052-247-3388","1900","0900","1900","0900","1900","0900","1900","0900","1900","0900","1300","0900","1300","0900","C1700084","446","32","8643","35.551438557602566","129.26517472314484"
"경기도 포천시 군내면 청군로 3285","보령약국","031-536-7880","2100","0900","2100","0900","2100","0900","2100","0900","2100","0900","2000","0800","2000","0800","C2107217","111","52","8644","37.8874018059","127.2174096952"
"경기도 화성시 정남면 발안로 1013","보령약국","031-8059-0125","1800","0900","1800","0900","1800","0900","1800","0900","1800","0900","1800","0900","C2107219","185","15","8645","37.1292044095","127.0136393046"
"충청남도 홍성군 홍성읍 조양로 220-10","* 공공심야약국(22시~익일 새벽 1시까지)","보령약국","041-631-6797","1830","0800","1830","0800","1830","0800","1830","0800","1830","0800","C2401311","322","48","8646","36.599086347591495","126.67361876200051"
"충청북도 제천시 용두천로 86","보령약국","043-651-1253","1800","0800","1800","0800","1800","0800","1800","0800","1800","0800","1300","0800","C2300969","271","72","8647","37.13543697104437","128.2112088778514"
"서울특별시 종로구 종로 203, (종로5가)","첫째, 셋째 일요일 휴무","보령약국","02-763-8181","1930","0800","1930","0800","1930","0800","1930","0800","1930","0800","1930","0800","1800","0900","1800","0900","C1102772","031","29","8648","37.57115316351005","127.00033110157608"
"충청남도 보령시 웅천읍 장터중앙길 153","보령약국","041-933-8630","1900","0830","1900","0830","1900","0830","1900","0830","1900","0830","1400","0830","C2401812","335","20","8649","36.2339109976945","126.598742322288"
"충청북도 보은군 보은읍 삼산남로 9-1","혜민의원, 민들레안과 옆","보령약국","043-544-2920","1830","0900","1830","0900","1830","0900","1830","0900","1830","0900","1400","0900","C2300079","289","50","8650","36.482837095993276","127.72155724809735"
"대구광역시 수성구 수성로 375-1","공휴일은 랜덤 전화 요망","보령약국","053-741-7620","2000","0900","2000","0900","2000","0900","2000","0900","2000","0900","2000","0900","2000","1400","2000","0900","C1300379","421","22","8651","35.85906645503971","128.61380177758008"
"경상북도 문경시 중앙로 138 (점촌동)","농협중앙회맞은편","보령약국","054-555-2044","1830","0830","1830","0830","1830","0830","1830","0830","1830","0830","1300","0830","C2700570","369","68","8652","36.59762197542887","128.20132852468194"
"경상남도 남해군 남면 남서대로 782-1","남면주민센터 부근","보령약국","055-862-5401","1800","0800","1800","0800","1800","0800","1800","0800","1800","0800","1300","0800","C2800246","524","37","8653","34.7714532235767","127.8863582924966"
"전북특별자치도 군산시 대학로 103-1","보령약국","063-464-7234","1730","0830","1730","0830","1730","0830","1730","0830","1730","0830","1300","0830","C2500781","540","24","8654","35.981299934111455","126.70777431681362"
"전북특별자치도 전주시 덕진구 무삼지로 77 (인후동1가)","인후초등학교 옆, 마트앤마트 건너편","보령약국","063-246-5050","1900","0840","1900","0840","1900","0840","1900","0840","1900","0840","1500","0840","C2500493","561","827","8655","35.8325056965025","127.16271250090134"
"경기도 성남시 수정구 남문로 66, 1층 (태평동, 이수빌딩)","태평오거리","보령온누리약국","031-753-3993","2000","0900","2000","0900","2000","0900","2000","0900","2000","0900","2000","0900","C2102189","133","01","8656","37.44592335000937","127.13419493617971"
"충청남도 보령시 대천로 20 (대천동)","대남초등학교 옆","보령종로약국","041-933-0114","1800","0830","1800","0830","1800","0830","1800","0830","1800","0830","1300","0830","C2400275","334","66","8657","36.35108056236058","126.59474429209183"
"서울특별시 양천구 목동중앙북로 11, 105,106호 (목동)","13;00~13:30 휴게시간","등촌역6번출구 50m SC제일은행옆","보룡약국","02-2642-8345","2000","0855","2000","0855","2000","0855","2000","0855","2000","0855","1700","0900","1500","0900","C1103966","079","46","8658","37.5486566688707","126.864767649096"
"경기도 부천시 경인로 206-1","부천남부역자유시장건너편","보룡약국","032-661-0651","2000","1000","2000","1000","2000","1000","2000","1000","2000","1000","2030","1030","C2100346","147","11","8659","37.483232774001344","126.7783300107177"
"충청남도 서산시 성연면 성연3로 45, 103호","일요일, 공휴일 휴무","평일 점심시간: 오후 1시 ~ 2시","보룡약국","041-666-0995","1930","0830","1930","0830","1930","0830","1930","0830","1930","0830","1430","0830","C2401615","319","31","8660","36.8232844395072","126.450568444096"
"충청남도 천안시 서북구 봉정로 362 (두정동)","일요일 공휴일 휴게시간 알림 12:30~13:00 17:30~18:00","두정역 근방, 한성아파트3차 정문 오른쪽, 대우1차 맞은편에 있습니다.","두정역 근방, 한성아파트3차 입구 왼쪽, 대우1차 맞은편.","보룡약국","041-567-3801","2100","0900","2100","0900","2100","0900","2100","0900","2100","0900","2000","0900","2000","0900","2000","0900","C2400474","311","03","8661","36.83426271081845","127.14579978617767"
"경기도 여주시 세종로 77, 1층 (홍문동)","여주읍시외버스터미널옆버스정류장앞","보룡약국","031-886-5147","2230","0930","2230","0930","2130","0800","2230","0930","2230","0930","2230","0830","2230","0900","C2101438","126","31","8662","37.29096426945224","127.63546218000103"
"서울특별시 중랑구 공릉로2길 8-4, 101~104호 (묵동, 칼튼테라스)","보룡약국","02-973-6000","2100","0800","2100","0800","2100","0800","2100","0800","2100","0800","2100","0800","C1109657","020","37","8663","37.6118425179795","127.078245490703"
"서울특별시 노원구 동일로 1380, 상계동 국민은행 (상계동)","일요일 정상영업합니다.","보룡약국","02-979-6000","2100","0800","2100","0800","2100","0800","2100","0800","2100","0800","2100","0800","1900","0900","C1109236","017","51","8664","37.6517379130228","127.061655342952"
"서울특별시 은평구 통일로 707, 1층 (대조동)","마감시간 이휴에도 1-2시간 연장근무(전화확인 부탁드립니다)","보룡약국","02-356-6321","2000","0900","2000","0900","2000","0900","2000","0900","2000","0900","2000","0900","C1109849","033","97","8665","37.6089750706722","126.930912545355"
"경기도 안산시 상록구 평안로1길 14 (사동, 삼성빌딩)","정비단지쌍둥이주유소옆","보룡약국","031-409-4626","2200","0900","2200","0900","2200","0900","2200","0900","2200","0900","2100","0900","C2102088","156","29","8666","37.2834899401878","126.84789832169271"
"인천 연수구 독배로40번길 11 (옥련동)","공휴일 사전 문의할 것","삼성아파트 정문 맞은편","보룡약국","032-833-1376","2000","0800","2000","0800","2000","0800","2000","0800","2000","0800","1600","0830","2100","0900","C1400581","219","49","8667","37.4245267307736","126.645636090343"
"경기도 의정부시 시민로131번길 66","보룡약국","031-845-5567","2100","0830","2100","0830","2100","0830","2100","0830","2100","0830","2100","0830","2100","0900","C2102653","116","95","8668","37.7410818482","127.0498250673"
"경기도 시흥시 함송로 24 (정왕동)","보룡온누리약국","031-433-8307","1900","0900","1900","0900","1900","0900","1900","0900","1900","0900","1530","0900","C2101044","150","20","8669","37.362443299260235","126.72996395438696"
"경기도 성남시 중원구 산성대로 586, 1층 (은행동)","성남시단대오거리지하철8호선2번출구","보륭약국","031-747-2083","2100","0800","2100","0800","2100","0800","2100","0800","2100","0800","2100","0800","2100","0800","2100","0800","C2100114","131","49","8670","37.461740823828975","127.16851704826442"
"전북특별자치도 익산시 선화1로 76, 104호 (마동, 익산자이 그랜드파크)","보름달약국","063-723-4600","2030","0900","2030","0900","1630","0900","2030","0900","2030","0900","1630","0900","C2501532","545","97","8671"
"경기도 오산시 경기대로 178, 비전탑 1동 305호 (원동)","보름달약국","031-372-7566","1800","0900","1800","0900","1800","0900","1800","0900","1800","0900","1300","0900","C2109579","181","44","8672","37.1406430311108","127.073904527399"
"광주광역시 북구 비엔날레로 93, (용봉동)","비엔날레전시관정문근처","보리수약국","062-526-1744","2100","0830","2100","0830","2100","0830","2100","0830","2100","0830","1900","0830","C1500370","611","08","8673","35.180093395395154","126.88988199386733"
"경기도 고양시 일산동구 동국로 30, 1층 (식사동)","동국대일산병원앞","보리수약국","031-965-2126","1900","0900","1900","0900","1900","0900","1900","0900","1900","0900","1300","0900","C2102687","103","25","8674","37.6767708017459","126.80761788780731"
"인천광역시 남동구 문화로145번길 35, 1층 일부(102)호 (구월동)","13:00~14:00 휴게시간","보리수한약국","032-218-3138","2000","1000","2000","1000","2000","1000","2000","1000","1700","1000","1700","1000","1700","1000","C1402203","215","59","8675"
"충청북도 청주시 상당구 중고개로 286 (금천동, 장자마을9단지부영아파트)","보리약국","043-288-2626","2000","0930","2000","0930","2000","0930","2000","0930","2000","0930","1900","0930","C2301071","287","52","8676","36.6286239121","127.5097232899"
"인천광역시 남동구 남동대로837번길 23, 수경프라자 1층 102호 (간석동)","신규등록/ 운영시간 전화문의 필요","보리약국","070-4827-3758","1800","0900","1800","0900","1800","0900","1800","0900","1800","0900","C1402148","215","51","8677","37.457660125778","126.707164867042"
"전라남도 순천시 중앙5길 5, 보리약국 (장천동)","보리약국","061-743-3005","1900","0830","1900","0830","1900","0830","1900","0830","1900","0830","C2601304","579","56","8678","34.952020832486","127.484535991369"
"인천광역시 부평구 마장로 86, 1층 일부호 (십정동)","보리약국","032-528-5282","2050","0840","2050","0840","2050","0840","2050","0840","2050","0840","2050","0840","1800","1000","C1401960","214","05","8679","37.486417179738","126.708096959503"
"경기도 부천시 원미구 길주로 91, 4층 413호 (상동, 비잔티움 상동)","보리약국","032-326-3356","1800","0900","1800","0900","1800","0900","1800","0900","1800","0900","1300","0900","C2110089","145","43","8680","37.5064075397063","126.752564635817"
"광주광역시 동구 남문로 746 (학동)","김정길내과 옆","보림당약국","050-71321-9800","1800","0830","1800","0830","1800","0830","1800","0830","1800","0830","1300","0830","C1500132","614","54","8681","35.13651209778847","126.92595916181821"
"제주특별자치도 제주시 동문로 35","공휴일과 일요일3주째 방문전 전화 확인 바랍니다 (방문시 전화 확인 바랍니다.)","동문파출소 맞은편","보림약국","064-722-3788","1900","0830","1900","0830","1900","0830","1900","0830","1900","0830","1600","0830","1400","1030","1600","0830","C2900131","632","78","8682","33.513105013839166","126.53038352294138"
"경기도 이천시 서희로 57 (창전동)","중앙통트루젠앞","보림약국","031-633-5574","2200","0900","2200","0900","2200","0900","2200","0900","2200","0900","2200","0830","2200","0930","2200","0900","C2101936","173","68","8683","37.28059554632233","127.4426677112189"
"서울특별시 동대문구 장한로 115 (장안동)","장안동 경남호텔 맞은편","보림약국","02-2248-2082","2600","1400","2600","1400","2600","1400","2600","1400","2600","1400","2500","0900","2500","0900","2600","0900","C1101787","026","24","8684","37.5709408102064","127.070536882497"
"서울특별시 성북구 동소문로 15, 1층 (동소문동1가)","한성대입구역7번출구100미터.횡단보도앞.맥도날드옆.","보림약국","02-762-7521","1830","0830","1830","0830","1830","0830","1830","0830","1830","0830","1400","0830","C1101785","028","33","8685","37.5893839805739","127.007732908993"
"광주광역시 북구 매곡로 45, (매곡동)","보림온누리약국","062-573-4704","2000","0930","2000","0930","2000","0930","2000","0930","2000","0930","1300","0930","C1500026","610","61","8686","35.18901522791264","126.89416902988847"
"대구광역시 동구 동부로 21, 1층 (신천동)","대구시동구송라시장입구","보명당약국","053-424-0015","1930","0900","1930","0900","1930","0900","1930","0900","1930","0900","1830","0900","C1300325","412","63","8687","35.874221120585304","128.61505659286308"
"대구광역시 남구 봉덕로 77","보명당약국","053-472-9186","1800","0830","1800","0830","1800","0830","1800","0830","1800","0830","1400","0830","C1300332","424","38","8688","35.84499017062511","128.59927020774768"
"대전광역시 중구 대종로 313","부사네거리농협맞은편","보명당약국","042-255-3169","2200","0830","2200","0830","2200","0830","2200","0830","2200","0830","2200","0830","2200","0900","2200","0900","C1600046","350","23","8689","36.31368204324456","127.43430229818725"
"경상북도 안동시 광명로 161","4.13~4.22 휴가_180403","옥동사거리에서 이마트방면 1층 2층은 미래태권도","보명당한약국","054-855-3358","2300","1000","2300","1000","2300","1000","2300","1000","2300","1000","2300","1000","1800","1000","2300","1000","C2700738","366","57","8690","36.562348449950676","128.70088832186576"
"대전광역시 동구 대전로 782-1, 1층 (원동)","보명사약국","042-285-4900","1920","0720","1920","0720","1920","0720","1920","0720","1920","0720","1920","0720","1800","0900","1800","0900","C1601279","346","29","8691","36.3296171027799","127.433830094136"
"충청북도 청주시 서원구 분평로 36","분평동분평파출소(분평지구대)앞","보명약국","043-293-5757","1930","0900","1930","0900","1930","0900","1930","0900","1930","0900","1700","0900","1700","0900","1700","0900","C2300458","287","99","8692","36.6084089602265","127.48928108216386"
"서울특별시 서대문구 거북골로 120, 상가2동 2-12호 (남가좌동, DMC센트레빌)","보명약국","02-308-5197","1830","0830","1830","0830","1830","0830","1830","0830","1830","0830","1330","0830","C1103957","036","90","8693","37.5754832622486","126.916097519773"
"대전광역시 유성구 노은로 166","보명약국","042-823-8838","1900","0900","1900","0900","1900","0900","1900","0900","1900","0900","1400","0900","C1601028","340","86","8694","36.37445329007736","127.31840631775283"
"서울 성동구 독서당로 278 1층 (금호동4가)","보명약국","02-2282-6236","1900","0900","1900","0900","1900","0900","1900","0900","1900","0900","1500","0900","C1103336","047","37","8695","37.547063617024","127.020331013984"
"부산광역시 영도구 동삼로 32, (동삼동)","일요일 운영 유동적 ㅡ> 전화 후 방문 요망","버스정류장:동삼동우체국","보명약국","051-405-4515","1900","0900","1900","0900","1900","0900","1900","0900","1900","0900","1700","0900","C1201323","491","07","8696","35.0764611111111","129.07175277777924"
"경기도 고양시 덕양구 혜음로 9 (고양동)","일요일, 공휴일 전화 확인 후 방문.","고양일고정류장앞","보명약국","031-962-9625","2200","0900","2200","0900","2200","0900","2200","0900","2200","0900","2100","0900","1300","0900","1800","0900","C2102794","102","75","8697","37.70152836234574","126.90158557836403"
"인천광역시 동구 송림로 97, 1층 (송림동)","송림로타리 부근","보명약국","032-762-4970","2000","0830","2000","0830","2000","0830","2000","0830","2000","0830","2000","0830","1800","0900","1800","0900","C1400259","225","44","8698","37.47636211749546","126.64535815211286"
"경기도 가평군 가평읍 가화로 123","보명약국","031-582-7639","1800","0900","1800","0900","1800","0900","1800","0900","1800","0900","C2108583","124","18","8699","37.830606010847","127.51320867024"
"경상남도 창원시 마산회원구 내서읍 중리2길 9, 보명약국","일요일 2,4주 운영, 공휴일은 성민약국과 돌아가면서함","청아병원 뒤","보명약국","055-232-8340","1830","0900","1830","0900","1830","0900","1830","0900","1830","0900","1830","0900","1830","0900","C2800787","512","30","8700","35.247870446055565","128.50910000503953"
"경상남도 밀양시 중앙로 119-1","사정에 따라 운영시간이 단축될 수도 있으니 방문 전 전화 확인 요함 일요일, 공휴일 운영은 유동적으로 전화 확인 요함","공휴일 전화확인요망","세종병원 맞은편(가곡동시장), 동양치과건물 1층","보명약국","055-354-3266","1800","0900","1800","0900","1800","0900","1800","0900","1800","0900","1600","0900","C2801064","504","44","8701","35.476477745550284","128.7654218053397"
"대전광역시 중구 중앙로 134-1 (대흥동)","대전중앙로역4번출구우리안과1층","보문당약국","042-254-0809","2000","0900","2000","0900","2000","0900","2000","0900","2000","0900","2000","0900","C1600237","349","14","8702","36.328074999999998","127.424802777777771"
"부산광역시 사상구 모라로110번길 96 (모라동)","보문약국","051-303-6616","1900","0900","1900","0900","1900","0900","1900","0900","1900","0900","1300","0900","C1200484","469","34","8703","35.1841728979","128.9960698412"
"서울특별시 성북구 보문로 123, 1층 (보문동2가)","마지막주 토요일 휴무 13:00~14:00 휴게시간","보문역2번출구옆","보문약국","02-921-3844","1930","0900","1930","0900","1930","0900","1930","0900","1930","0900","1300","0900","C1101663","028","71","8704","37.5859942042235","127.018731048851"
"전라남도 순천시 황전면 괴목길 87,","번호 수정","괴목삼거리 순천농협 황전지점 근처","보문약국","061-754-9798","2100","0830","2100","0830","2100","0830","2100","0830","2100","0830","2100","0830","1300","0900","2100","0830","C2600038","579","02","8705","35.10313238061021","127.42963286682759"
"서울특별시 서초구 잠원로 24, 414호 (반포동, 반포자이플라자)","보물섬약국","02-596-4587","1900","0900","1900","0900","1900","0900","1900","0900","1900","0900","1330","0900","C1107479","065","44","8706","37.5071156980651","127.009873208557"
"충청북도 음성군 대소면 오태로 173,","서울연합의원앞,대소엘지마트건너편.","보물약국","043-877-5977","2000","0830","2000","0830","2000","0830","2000","0830","2000","0830","1400","0830","C2300194","276","66","8707","36.966365421387586","127.4941608386448"
"서울특별시 양천구 등촌로 224 (목동)","등촌삼거리역6번출구전방50m정원상가1층 B동106호","보미진온누리약국","02-2648-8876","1830","0900","1830","0900","1830","0900","1830","0900","1830","0900","1530","0900","C1100848","079","46","8708","37.5495569263704","126.86404437345"
"부산광역시 사상구 새벽로 165-1, (감전동)","감전시장 버스 정류소.","보민당약국","051-325-2220","1900","0820","1900","0820","1900","0820","1900","0820","1900","0820","1500","0820","C1201353","469","80","8709","35.1559877805","128.9831263015"
"충청북도 청주시 청원구 내수읍 내수로 727","내수읍택시골목앞쪽","보민약국","043-214-7324","2030","0830","2030","0830","2030","0830","2030","0830","2030","0830","1900","0830","1900","0900","C2300312","281","44","8710","36.726579910741385","127.53585735614656"
"경기도 시흥시 능곡로 174, 103호 (능곡동, 미래도프라자)","보민약국","031-435-8881","2130","0900","2130","0900","2130","0900","2130","0900","2130","0900","1600","0900","C2101197","149","95","8711","37.368063888888891","126.811658333333327"
"광주광역시 서구 월드컵4강로 84-1","보민약국","062-374-7575","1900","0900","1900","0900","1400","0900","1900","0900","1900","0900","1300","0900","C1501027","620","37","8712","35.14440926457919","126.87389539798357"
"대구광역시 달서구 월배로 138","보민약국","053-631-8833","1830","0900","1830","0900","1830","0900","1830","0900","1830","0900","1400","0900","C1301307","427","88","8713","35.8154525355312","128.52951363959244"
"경상남도 양산시 신기서길 31 (신기동)","양산우체국","보민약국","055-387-3988","2000","0800","2000","0800","2000","0800","2000","0800","2000","0800","2000","0800","2000","0800","C2800560","505","74","8714","35.35269810042942","129.04109215763051"
"대구광역시 북구 침산남로 50, 1층(노원동1가)","보민약국","053-359-0580","1800","0800","1800","0800","1800","0800","1800","0800","1800","0800","1230","0800","C1300984","415","89","8715","35.889068638730855","128.58155506750867"
"대구광역시 동구 동부로 8-1, (신천동)","일, 공휴일 가급적 운영함, 통화 후 방문 요망","대구시동구신천1.2동596-7(신천교동쪽)","보민약국","053-426-0615","1900","1000","1900","1000","1900","1000","1900","1000","1900","1000","1900","1000","1900","1500","1900","1000","C1300743","412","66","8716","35.87379745146948","128.61356054267284"
"경기도 남양주시 별내중앙로 59, 예스프라자프라이드 102호 (별내동)","보배약국","070-479-9084","1800","0900","1800","0900","1800","0900","1800","0900","1800","0900","C2109100","121","12","8717","37.6476324235836","127.123165977859"
"부산광역시 사하구 옥천로 5, 1층 (감천동)","버스정류장:감천1동 주민센터","보배약국","051-201-0788","1900","0800","1900","0800","1900","0800","1900","0800","1900","0800","1300","0800","C1202165","493","74","8718","35.08811372203653","129.0050798269508"
"경기도 구리시 경춘로 216","보배약국","031-563-4830","2130","0900","2130","0900","2130","0900","2130","0900","2130","0900","2130","0900","2130","0900","C2102800","119","27","8719","37.60026120027465","127.13956148714354"
"경기도 화성시 동탄대로 551-16, 동탄역 푸르지오시티 B동 328호 (오산동)","보배약국","070-4647-2494","1800","1000","1800","1000","1800","1000","1800","1000","1800","1000","C2108512","184","78","8720","37.2031678570961","127.096891334834"
"경상남도 창원시 마산합포구 교방시장2길 31","벽산블루밍A 부근, 신우빌라상가 1층","보배약국","055-241-0477","1930","0900","1930","0900","1930","0900","1930","0900","1930","0900","1400","0900","C2801101","512","70","8721","35.21641748348604","128.56282594092033"
"전라남도 광양시 공영로 77, (중동)","환자분들에게 친절하게 상담해드립니다.","중동 박안과 건물1층,이안경 바로 옆에 위치","보배약국","061-795-0077","1800","0900","1800","0900","1800","0900","1800","0900","1800","0900","1230","0900","C2600598","577","88","8722","34.93601431547045","127.69774988791434"
"인천광역시 계양구 봉오대로 659, 1층 일부호 (작전동)","보배약국","070-4090-3156","2000","0900","2000","0900","2000","0900","2000","0900","2000","0900","1300","0900","C1401992","210","47","8723","37.5309344041076","126.722098246469"
"대구광역시 수성구 동대구로 203, 1층 (황금동)","보배약국","053-767-7337","1800","0900","1800","0900","1300","0900","1800","0900","1800","0900","1300","0900","C1301438","421","40","8724","35.8486167659","128.6244007983"
"강원특별자치도 춘천시 지석로 11 (퇴계동, 춘천축산농협하나로마트 퇴계점)","보배약국","033-264-1104","1900","0830","1900","0830","1900","0830","1900","0830","1900","0830","1300","0830","C2200885","244","13","8725","37.85352919209837","127.73749645562195"
"인천광역시 강화군 강화읍 중앙로 17-9, 강화풍물시장 C-30호","보배약국","032-933-0799","1800","1000","1800","1000","1800","1000","1800","1000","1800","1000","C1402057","230","27","8726","37.7414215493574","126.49286919839"
"대구광역시 중구 동성로1길 68 (봉산동)","보배약국","053-255-3989","2000","0900","2000","0900","2000","0900","2000","0900","2000","0900","1600","0900","C1301094","419","43","8727","35.86538896572853","128.5967835322538"
"경상남도 창원시 의창구 우곡로217번길 36 (명서동)","한솔내과옆, 현대자동차전시장","보배온누리약국","055-288-9231","1930","0900","1930","0900","1930","0900","1930","0900","1930","0900","1530","0900","C2800799","513","88","8728","35.241827855432604","128.65039063797428"
"서울특별시 종로구 종로 226-1, 1층 (종로5가)","보배종로약국","02-2276-1773","2000","0900","2000","0900","2000","0900","2000","0900","2000","0900","1900","0900","1900","0900","1900","0900","C1109955","031","96","8729","37.5707749789069","127.002969485034"
"광주광역시 북구 북문대로 167, 1층 (운암동)","보보약국","062-446-8631","1900","0900","1900","0900","1900","0900","1900","0900","1900","0900","1300","0900","C1501295","612","67","8730","35.183066159377","126.871219900937"
"경상남도 거제시 장평3로 43, 1층 (장평동)","보생당약국","055-637-6484","2100","0900","2100","0900","2100","0900","2100","0900","2100","0900","2100","0900","2100","0900","C2800012","532","64","8731","34.892697420561","128.608771935939"
"부산광역시 동래구 충렬대로 91, (온천동)","버스정류장: 광혜병원","보생당약국","051-556-3130","1830","0850","1830","0850","1830","0850","1830","0850","1830","0850","1400","0850","1700","0830","C1200546","477","31","8732","35.207533333333330","129.071105555555562"
"서울특별시 강동구 천호대로 1015, 지하2층(천호동)","5호선천호역부근","보생당약국","02-483-3690","2000","0930","2000","0930","2000","0930","2000","0930","2000","0930","1600","0930","C1102861","053","28","8733","37.5385041121306","127.125107663778"
"서울특별시 동작구 서달로 150, 108호 (흑석동, 이랜드해가든)","보생당약국","02-825-1688","1830","0830","1830","0830","1830","0830","1830","0830","1830","0830","1400","0830","C1101421","069","80","8734","37.5066265781961","126.962183786625"
"서울특별시 영등포구 영등포로 400 1층 (신길동, 신성빌딩)","주말 휴무","보생사약국","02-833-2289","2200","0900","2200","0900","2200","0900","2200","0900","2200","0900","2200","0900","2200","0900","C1104899","073","54","8735","37.5130360225646","126.922450807959"
"서울특별시 양천구 공항대로 624, (목동)","13:00~13:20 휴게시간","염창역4번출구앞","보생약국","02-2644-1902","2000","0900","2000","0900","2000","0900","2000","0900","2000","0900","1300","0900","C1103425","079","68","8736","37.5466539031566","126.874114547813"
"충청북도 청주시 청원구 율봉로 50, (사천동)","보생약국","043-216-1255","2030","0900","2030","0900","2030","0900","2030","0900","2030","0900","1600","0900","C2300400","283","46","8737","36.66418897211671","127.47588263403497"
"부산광역시 동구 고관로 155, (좌천동)","봉생병원 후문 앞","보생약국","051-642-0700","1900","0830","1900","0830","1900","0830","1900","0830","1900","0830","1500","0830","C1200330","487","73","8738","35.13123181989675","129.0499687042262"
"서울특별시 종로구 종로 197-2 (종로4가)","보생약국","02-763-7877","1900","0900","1900","0900","1900","0900","1900","0900","1900","0900","C1110719","031","30","8739","37.571064865912","126.999648976145"
"경상남도 창원시 마산회원구 합성남9길 47 (합성동)","보생한약국","055-293-5262","1830","0930","1830","0930","1830","0930","1830","0930","1830","0930","C2802008","513","57","8740","35.2389341672","128.5871300347"
"경기도 화성시 동탄반송길 29-1 , 1층 (반송동)","보생한약국","031-8015-1929","1900","1000","1900","1000","1900","1000","1900","1000","1900","1000","1600","1000","C2104616","184","34","8741","37.21094406731633","127.06452194091241"
"경상남도 창원시 마산합포구 합포로 36","어시장 하이투자증권 맞은편 마산어시장 입구옆 시민외과건너편","보선약국","055-246-8827","1900","0700","1900","0700","1900","0700","1900","0700","1900","0700","1900","0700","1900","0700","C2800183","517","21","8742","35.203585554046775","128.5760594742292"
"인천광역시 서구 완정로 179 (왕길동)","검단사거리에 위치한 검단메디컬빌딩 1층(훼미리마트와 같은 건물)","보성메디컬약국","032-567-0167","1800","0900","1800","0900","1800","0900","1800","0900","1800","0900","1800","0900","1800","1000","C1400593","226","16","8743","37.602291963951465","126.65651493175149"
"경기도 수원시 장안구 경수대로 940 , 3층 312호 (조원동)","일호골든타워312호","보성약국","031-303-1566","1900","0900","1900","0900","1900","0900","1900","0900","1900","0900","1700","0900","C2100586","162","95","8744","37.30298804769798","127.00790116028652"
"울산광역시 중구 번영로 580, 1층 103호 (남외동, 스카이엠빌딩)","국민은행 건물","보성약국","052-286-3340","1900","0830","1900","0830","2000","0830","1900","0830","2000","0830","1530","0900","1300","0900","C1700324","444","95","8745","35.56857489594754","129.3453951429049"
"대구광역시 중구 명덕로 63-1, (남산동)","보성약국","053-425-4981","1800","0900","1800","0900","1800","0900","1800","0900","1800","0900","1230","0900","1230","0900","C1301111","419","77","8746","35.85876840544209","128.5779340834937"
"대구광역시 서구 북비산로74길 46 (비산동)","일요일은 유동적으로 운영","보성약국","053-554-3643","2100","0800","2100","0800","2100","0800","2100","0800","2100","0800","2100","0800","2100","0800","C1301118","417","96","8747","35.87685091892374","128.57743745172036"
"충청북도 제천시 내토로 973","보성약국","043-651-7980","1830","0830","1830","0830","1830","0830","1830","0830","1830","0830","1300","0830","C2300036","271","40","8748","37.16197946997955","128.23353450760757"
"경상북도 포항시 남구 중앙로 131","해도육교근처","보성약국","054-273-9200","2100","0900","2100","0900","2100","0900","2100","0900","2100","0900","2100","0900","2000","0900","C2700392","377","75","8749","36.02488929484749","129.3678356089868"
"경기도 고양시 덕양구 삼송로 189-7 (삼송동)","3호선삼송역5번출구앞","보성약국","02-381-8484","1800","1100","1800","1100","1800","1100","1800","1100","1800","1100","2000","0900","1900","0900","C2102355","105","56","8750","37.65371736625606","126.89467259185909"
"경기도 남양주시 와부읍 덕소로97번길 7, 1층","보성약국","031-521-3646","1900","0900","1900","0900","1900","0900","1900","0900","1900","0900","1500","0900","2100","0900","C2102254","122","09","8751","37.585955158613096","127.21284355423046"
"강원특별자치도 화천군 사내면 사내로 36-1","일요일 공휴일 확인후 방문","보성약국","033-441-7363","2000","0800","2000","0800","2000","0800","2000","0800","2000","0800","1800","0800","C2200263","241","54","8752","38.07204992586705","127.52118855045941"
"전라남도 보성군 보성읍 현충로 92,","공휴일 전화 후 방문","보성군농협앞보성리 888-46","보성약국","061-852-3989","1700","0800","1700","0800","1700","0800","1700","0800","1700","0800","1300","0800","C2600702","594","58","8753","34.76752393307432","127.08181714912365"
"경기도 의왕시 포일로 81, 삼우상가 1층 102호 (포일동)","내손동두산위브맞은편","보성약국","031-425-6343","2130","0900","2130","0900","2130","0900","2130","0900","2130","0900","2100","0900","1800","1100","1800","1100","C2103849","160","18","8754","37.39115129761864","126.9816066490535"
"서울특별시 송파구 성내천로 212, 삼정빌딩 (마천동)","삼정빌딩 101호","보성약국","02-443-3532","2000","0930","2000","0930","2000","0930","2000","0930","2000","0930","1400","0930","C1104305","057","52","8755","37.5000178377774","127.151182041019"
"경상북도 김천시 양금로 257-1","토요일 일요일 대표자 사정에 따라 운영시간 유동적이다 함 / 방문 시 사전 연락 필요","약국","황금한의원 옆","보성약국","054-434-8827","2200","0830","2200","0830","2200","0830","2200","0830","2200","0830","2200","0830","2200","0830","2200","0830","C2700415","395","94","8756","36.11720884800529","128.12399196357893"
"경상북도 영양군 입암면 입암로 130-1","입암농협하나로마트앞","보성약국","054-682-3228","1900","0830","1900","0830","1900","0830","1900","0830","1900","0830","1300","0830","1800","0830","C2700174","365","48","8757","36.59650067611078","129.08915050064792"
"서울특별시 종로구 명륜길 22","일요일 셋째주만 운영","4호선헤화역1,2번출구마을버스타고보성온누리약국하차","보성온누리약국","02-762-4125","2100","0900","2100","0900","2100","0900","2100","0900","2100","0900","2000","0900","1800","1000","C1104818","030","70","8758","37.5884238766653","126.99567113472"
"경기도 안산시 상록구 광덕1로 355, 데코스포텔 101,102호 (이동)","보세온누리약국","031-415-7755","2100","0900","2100","0900","2100","0900","2100","0900","2100","0900","1800","0900","C2104025","154","94","8759","37.307074008954494","126.8487464523864"
"부산광역시 중구 흑교로 38, 1층 (부평동2가)","보수사거리약국","051-242-8550","1800","0900","1800","0900","1800","0900","1800","0900","1800","0900","1230","0900","C1202878","489","77","8760","35.1028460848602","129.025464774216"
"전북특별자치도 김제시 금성로 90 (신풍동)","보신약국","063-544-8100","2000","0800","2000","0800","2000","0800","2000","0800","2000","0800","1500","0800","C2501281","544","04","8761","35.7991326913","126.9000351744"
"전북특별자치도 군산시 하나운로 67, 보신약국 (나운동)","나운동 삼성아파트 후문 앞","보신약국","063-462-5888","2200","0800","2200","0800","2200","0800","2200","0800","2200","0800","2200","0800","2200","0800","C2500042","541","39","8762","35.964575000000004","126.701655555555561"
"인천광역시 계양구 주부토로 517, 도우프라자 1층 (계산동)","보약국","032-556-0419","2200","0900","2200","0900","2200","0900","2200","0900","2200","0900","2000","1000","2000","1000","C1401882","210","50","8763","37.5404250536503","126.728052976792"
"경기도 부천시 부일로 753","공휴일 유동적 전화요망","역곡역 앞","보영약국","032-349-9777","2200","0900","2200","0900","2200","0900","2200","0900","2200","0900","2130","0900","2100","0900","C2100263","146","70","8764","37.48661663223449","126.813357561936"
"경기도 고양시 일산서구 대화2로 137","일요일, 공휴일 방문 시 전화 요망","보영약국","031-915-8961","2030","0830","2030","0830","2030","0830","2030","0830","2030","0830","2030","0830","2030","0900","2030","0900","C2104041","102","17","8765","37.6731233353784","126.73618063159229"
"부산광역시 사상구 백양대로 430","보훈병원 올라가기전 고가다리밑 대성상가.","보운온누리약국","051-322-6886","1750","0850","1750","0850","1750","0850","1750","0850","1750","0850","C1201204","469","94","8766","35.15275061011006","129.00522022029918"
"충청남도 홍성군 홍성읍 홍성천길 196","신정 휴무, 설 추석 당일만 휴무","성모병원 옆","보원당약국","041-631-5333","1830","0830","1830","0830","1830","0830","1830","0830","1830","0830","1300","0830","1300","0830","C2400757","322","31","8767","36.600195962820486","126.66689945412312"
"경기도 김포시 김포대로 835 (사우동)","국민건강보험공단 같은건물 1층에 위치.","보원약국","031-982-1047","2030","0900","2030","0900","2030","0900","2030","0900","2030","0900","1700","0900","C2100288","101","10","8768","37.61925971286767","126.72058737613057"
"경기도 수원시 권선구 세권로 197","보원약국","031-238-4767","2200","0900","2200","0900","2200","0900","2200","0900","2200","0900","2000","0900","C2100951","165","68","8769","37.25544724865615","127.0257568386962"
"경기도 남양주시 와부읍 덕소로 93, 1층 (희빌딩)","우리은행앞맥도날드빌딩1층","보원약국","031-577-4227","1900","0830","1900","0830","1900","0830","1900","0830","1900","0830","1530","0830","C2102255","122","09","8770","37.58585305120751","127.21244747957685"
"경기도 고양시 일산서구 원일로 69, 씨티프라자 123호 (일산동)","보원약국","031-977-1919","1900","0930","1900","0930","1900","0930","1900","0930","1900","0930","1900","0930","1900","0930","C2102904","103","50","8771","37.68662308931447","126.77040974579441"
"경기도 용인시 수지구 신봉2로 3, 102호 (신봉동,홍천말프라자)","공휴일 전화 확인 후 방문","보원약국","031-264-7090","2030","0900","2030","0900","2030","0900","2030","0900","2030","0900","2000","0900","1500","0900","C2101803","168","15","8772","37.3233305033","127.0773613887"
"인천광역시 중구 우현로 86, (인현동)","하나은행동인천지점 옆건물 1층","보원약국","032-772-7764","1930","0900","1930","0900","1930","0900","1930","0900","1930","0900","1730","0900","C1400320","223","18","8773","37.4744136627","126.6307849589"
"서울특별시 노원구 동일로192길 20, 1층 (공릉동)","보윤약국","02-979-3353","1930","0900","1930","0900","1930","0900","1930","0900","1930","0900","1600","0900","C1107940","018","42","8774","37.6259010439689","127.074257813726"
"서울특별시 영등포구 당산로 163, (당산동4가)","보은당약국","02-2676-7632","1830","0800","1830","0800","1830","0800","1830","0800","1830","0800","1400","0800","C1101476","072","19","8775","37.5291903122758","126.897858745084"
"충청북도 옥천군 옥천읍 중앙로 35, 1층","국민은행옆","보은당약국","043-733-3205","1800","0830","1800","0830","1800","0830","1800","0830","1800","0830","1300","0830","C2300425","290","38","8776","36.300541867086395","127.56831838239746"
"서울특별시 은평구 응암로22길 28-6, 1층 (응암동)","보은당온누리약국","02-374-8683","2000","0900","2000","0900","2000","0900","2000","0900","2000","0900","1300","0900","C1104532","034","68","8777","37.5932805752432","126.921059123007"
"경기도 용인시 처인구 중부대로 1294, 1층 129호 (역북동)","보은약국","031-321-9914","2100","1000","2100","1000","2100","1000","2100","1000","2100","1000","2100","1000","2100","1000","C2109817","170","54","8778","37.235473912519","127.188304185908"
"부산광역시 영도구 절영로13번길 72, 1층 조표35614-2호 (영선동1가)","보은약국","051-415-0203","1830","0830","1830","0830","1830","0830","1830","0830","1830","0830","1300","0830","C1202859","490","36","8779","35.0916584513182","129.043785913157"
"충청북도 청주시 상당구 영운로 53 (영운동)","동부소방서 부근 한국병원 뒷편","보은약국","043-225-4588","1900","0830","1900","0830","1900","0830","1900","0830","1900","0830","1400","0830","C2301137","287","12","8780","36.6202538121759","127.495486377605"
"인천광역시 미추홀구 인주대로 130, 1층 (용현동)","보은약국","032-888-5319","1800","0830","1800","0830","1800","0830","1800","0830","1800","0830","C1401714","221","83","8781","37.4562291642","126.6514264934"
"경상북도 경주시 동대로 112 (석장동)","보은약국","054-776-9927","1800","0830","1800","0830","1800","0830","1800","0830","1800","0830","1300","0830","C2701722","380","67","8782","35.859229329206","129.196610395051"
"부산광역시 사하구 신산로 197(신평동)","강동병원앞육교오른편","보은약국","051-205-2085","1900","0900","1900","0900","1900","0900","1900","0900","1900","0900","1500","0900","C1201365","494","42","8783","35.08980320480631","128.97680826150895"
"부산광역시 북구 만덕대로 55(덕천동)","부민병원 정문 옆","보은약국","051-331-7581","1800","0900","1800","0900","1800","0900","1800","0900","1800","0900","1400","0900","C1200472","465","55","8784","35.2117603963","129.0108220208"
"울산광역시 동구 방어진순환도로 927-1, (서부동)","일요일 공휴일은 방문전 전화 확인 요망","상계동돼지국밥집옆","보은약국","052-232-6631","2200","0930","2200","0930","2200","0930","2200","0930","2200","0930","2100","0930","1700","1000","C1700155","440","30","8785","35.523922222222225","129.432627777777782"
"대전광역시 대덕구 대청로82번길 140 (신탄진동)","보은약국","042-931-5234","1800","0900","1800","0900","1800","0900","1800","0900","1800","0900","C1601105","343","08","8786","36.44773360031479","127.43860486864714"
"서울특별시 광진구 영화사로 64-1 (구의동)","보은약국","02-444-4145","2100","1000","2100","1000","2100","1000","2100","1000","2100","1000","2100","1000","C1102859","049","55","8787","37.5547505278968","127.093278979836"
"경기도 파주시 해올로 50-47, 운정 신성 프라자 107호 (다율동)","보은약국","031-946-7102","1800","0900","1800","0900","1800","0900","1800","0900","1800","0900","1300","0900","C2109870","108","65","8788","37.7384942393952","126.730706920548"
"서울특별시 강동구 천호대로157길 30-1 (천호동)","보은약국","02-484-2606","2200","0830","2200","0830","2200","0830","2200","0830","2200","0830","2200","0830","C1104335","053","35","8789"
"대구광역시 수성구 달구벌대로 2436, 2층 210호 (범어동, 수성 범어W)","보은약국","053-751-9666","1900","0900","1900","0900","1900","0900","1900","0900","1900","0900","1500","0900","C1301862","420","85","8790","35.8583856427031","128.628303515435"
"전북특별자치도 군산시 문화로 160, (수송동)","미래와여성산부인과 옆","보은약국","063-442-3553","1830","0830","1830","0830","1830","0830","1830","0830","1830","0830","1500","0830","1300","0900","C2500474","540","87","8791","35.96967232624296","126.72342054599936"
"제주특별자치도 제주시 서광로 175","보은약국","064-757-5763","1800","0900","1800","0900","1800","0900","1800","0900","1800","0900","1300","0900","2200","1000","C2900428","631","84","8792","33.50031667487387","126.51520104321452"
"부산광역시 남구 장고개로 6, 제에이호 (우암동)","보은약국","051-632-8818","1800","0900","1800","0900","1800","0900","1800","0900","1800","0900","1300","0900","C1202523","484","74","8793","35.12583660932108","129.07110618571798"
"충청북도 보은군 보은읍 삼산로 35","보은읍","보은약국","043-544-2178","1800","0830","1800","0830","1800","0830","1800","0830","1800","0830","1300","0830","C2300164","289","49","8794","36.48343418369371","127.7181748674895"
"충청북도 보은군 보은읍 삼산로 20","보은중앙약국","043-542-5333","1900","0830","1900","0830","1900","0830","1900","0830","1900","0830","1400","0830","C2301063","289","48","8795","36.4843876983","127.7196178837"
"경기도 광명시 모세로 40 (철산동, 마동종합상가 127호)","보인당약국","02-2683-8473","2100","0930","2100","0930","2100","0930","2100","0930","2100","0930","1900","0930","C2100597","142","32","8796","37.48067418093891","126.86964893999503"
"경상남도 진주시 일반성면 동부로 1952 (일반성면)","보인한약국","055-758-7989","1830","0900","1830","0900","1830","0900","1830","0900","1830","0900","1830","0900","C2802038","526","16","8797","35.17154855741906","128.27589313747578"
"경기도 용인시 기흥구 신촌로47번길 2, 보정프라자 1층 103호 (보정동)","보정해맑은 약국","031-897-0700","1900","0900","1900","0900","1900","0900","1900","0900","1900","0900","1500","0900","C2102025","169","04","8798","37.307666847856176","127.11026983941868"
"서울특별시 마포구 신촌로 266-1, 1층 (아현동)","아현역4번출구","보천약국","02-313-2190","1900","0900","1900","0900","1900","0900","1900","0900","1900","0900","1400","0900","C1103752","041","16","8799","37.5571046482647","126.955276520811"
"서울특별시 양천구 목동중앙남로4길 9 (목동)","보현약국","02-847-4995","1900","0900","1900","0900","1900","0900","1900","0900","1900","0900","1400","0900","C1103992","079","60","8800","37.5367178023483","126.867630621267"
"서울특별시 영등포구 신풍로 77 (신길동, 래미안에스티움)","신풍역 6번 출구","보현약국","02-833-2623","1900","0900","1900","0900","1900","0900","1900","0900","1900","0900","1500","0900","1500","0900","C1104174","073","90","8801","37.5004196071802","126.911544544308"
"인천광역시 계양구 장제로 859 (임학동)","임학역 3번출구쪽 계양연세정형외과 1층.","보현약국","032-541-7779","1730","1030","1730","1030","1730","1030","1730","1030","1730","1030","C1400305","210","34","8802","37.544054400409095","126.7374689753291"
"대구광역시 중구 동성로5길 26","보현약국","053-425-5995","1900","1000","1900","1000","1900","1000","1900","1000","2000","1000","1600","1000","C1300172","419","37","8803","35.867555670784","128.59594128332583"
"충청북도 청주시 상당구 꽃산동로 25, 1층 6호 (금천동, 우미린상가)","공휴일 전화요망","수정아파트 상가","보현약국","043-268-7706","2100","0900","2100","0900","2100","0900","2100","0900","2100","0900","2000","0900","2000","0900","C2300129","287","29","8804","36.62315338950826","127.50819257961706"
"서울특별시 용산구 신흥로20길 1 (용산동2가, 세명치과)","공휴일: 전화연락후 방문필요","보현온누리약국","02-775-1981","2100","0900","2100","0900","2100","0900","2100","0900","2100","0900","2100","0900","2000","1000","C1104853","043","28","8805","37.5459159240089","126.985101719264"
"서울특별시 도봉구 노해로69길 15","일요일 우천시 휴무","창동역 1번 출구 농협하나로마트에서 노원세무서쪽 상업업무지역 세정빌딩 내","보화당약국","02-995-2929","2130","0800","2130","0800","2130","0800","2130","0800","2130","0800","1400","0800","2130","0800","2200","0830","C1101652","014","14","8806","37.6529808344235","127.050643136271"
"대전광역시 대덕구 대덕대로1470번길 30, (목상동)","상록수아파트정문앞","보화당약국","042-933-1889","2000","0900","2000","0900","2000","0900","2000","0900","2000","0900","1700","0900","C1600407","343","23","8807","36.44763617086101","127.41233390599245"
"광주광역시 서구 화운로 277, 1층 (내방동)","보화약국","062-371-4344","1800","0830","1800","0830","1800","0830","1800","0830","1800","0830","1230","0830","C1501320","619","09","8808","35.1635742884308","126.865227443707"
"경기도 시흥시 신현로 27 (포동)","공휴일 방문 전 전화확인 필요","보화약국","031-315-8154","2000","0900","2000","0900","2000","0900","2000","0900","2000","0900","1700","0900","2000","0900","C2101304","149","57","8809","37.406669444444447","126.786383333333333"
"경상북도 경산시 자인면 일연로 80","* 공공심야약국(22시~익일 새벽 1시까지)","자인 면사무소 맞은편","복광당약국","053-857-1150","2500","2200","2500","2200","2500","2200","2500","2200","2500","2200","2500","2200","2500","2200","2500","2200","C2700596","385","56","8810","35.82032620348801","128.82292619772173"
"울산광역시 중구 번영로 485, 1층 (약사동)","중구 홈플러스 건너편 하나은행 건물 1층","복산약국","052-281-2400","1900","0800","1900","0800","1900","0800","1900","0800","1900","0800","1400","0800","1300","0800","1300","0800","C1700577","444","79","8811","35.564847458945714","129.33624128739515"
"경상북도 상주시 중앙로 178-24 (남성동)","복약국","054-535-4345","1700","0830","1700","0830","1700","0830","1700","0830","1700","0830","1300","0830","C2701516","371","97","8812","36.41470561181998","128.1577472169819"
"경상북도 안동시 경북대로 171, 1층 (수상동)","복약국","054-858-0011","1800","0830","1800","0830","1800","0830","1800","0830","1800","0830","1300","0830","C2701675","367","43","8813","36.5472891424014","128.701490141975"
"충청남도 당진시 송악읍 신복운로3길 23 (복은약국)","복운온누리약국","041-357-0381","1930","0900","1930","0900","1930","0900","1930","0900","1930","0900","1430","0900","C2401431","317","24","8814","36.9410548541","126.7819901908"
"전라남도 목포시 백년대로297번길 8","복음사랑약국","061-281-6900","2200","0800","2200","0800","2200","0800","2200","0800","2200","0800","2100","0800","1800","0900","1800","0900","C2601058","586","66","8815","34.80453126929421","126.4199022929634"
"대구광역시 중구 달성로 29 (대신동)","복음약국","053-252-1325","2400","1000","2400","1000","2400","1000","2400","1000","2400","1000","2400","1000","2400","1200","2400","1000","C1300669","419","27","8816","35.86783960291422","128.5820948333121"
"서울특별시 노원구 마들로 31, 214호 (월계동, 그랑빌아파트상가)","그랑빌아파트상가214호","복음약국","02-949-0682","1930","0900","1930","0900","1930","0900","1930","0900","1930","0900","1400","0900","C1102612","019","13","8817","37.6187253727752","127.067084588448"
"인천광역시 연수구 먼우금로 88, 상산빌딩 304호 (동춘동)","농협(동춘점)옆건물3층","복음약국","032-814-3608","1300","0900","1300","0900","1300","0900","1300","0900","1300","0900","C1400214","219","72","8818","37.40671697462761","126.67036033880271"
"경상남도 창원시 의창구 도계로60번길 1","도계 새마을금고 앞","복음약국","055-277-3954","2000","0900","2000","0900","2000","0900","2000","0900","2000","0900","1400","0900","C2800399","511","67","8819","35.25901458830203","128.6377383647824"
"전라남도 영광군 영광읍 신남로 270, 1층","영광기독병원 앞","복음약국","061-353-9977","1700","0800","1700","0800","1700","0800","1700","0800","1700","0800","1300","0800","C2601088","570","45","8820","35.2745470406","126.5110492508"
"광주광역시 동구 제봉로 187, 1층 102호 (대인동)","복있는약국","062-451-8501","1900","0830","1900","0830","1900","0830","1900","0830","1900","0830","1300","0900","C1501197","614","73","8821","35.15268815978506","126.91650413063351"
"서울특별시 강동구 천호대로187길 61, 1층 (길동)","복조리약국","02-477-1024","1900","0830","2000","0830","1900","0830","2000","0830","1900","0830","1400","0830","C1107889","053","51","8822","37.5371277989944","127.142774744888"
"서울특별시 동작구 사당로 194, 1층 1호 (사당동)","공휴일은 대부분 운영하나 불특정하므로 사전에 연락하시고 방문하시기 바랍니다. *신정은 운영 안함","7호선남성역2번출구에서80m위치","복지약국","02-584-5031","2000","0900","2000","0900","2000","0900","2000","0900","2000","0900","1700","0900","2100","1000","C1104364","070","09","8823","37.4850997125148","126.969631179353"
"대전광역시 동구 동부로 73, 상가동 107호 (판암동, 주공아파트)","판암 주공아파트 상가내","복지약국","042-283-8338","2000","0830","2000","0830","2000","0830","2000","0830","2000","0830","1730","0830","C1600014","346","64","8824","36.322441535539646","127.46036951288502"
"경상남도 창원시 마산회원구 내서읍 호원로 151, C동 1층","국제아파트 맞은편, 한국한센복지협회 옆","복지약국","055-231-9911","1800","0800","1800","0800","1800","0800","1800","0800","1800","0800","1200","0800","C2800344","512","44","8825","35.262732531945275","128.52100080539617"
"인천광역시 동구 금곡로 66","동구청 앞","복지약국","032-772-2910","2000","0830","2000","0830","2000","0830","2000","0830","2000","0830","1930","0830","C1400436","225","62","8826","37.473124757072455","126.64271173725068"
"서울특별시 동대문구 천호대로 227 (답십리동)","복지약국","02-2217-3606","2000","0900","2000","0900","2000","0900","2000","0900","2000","0900","1600","0900","C1101555","025","97","8827","37.5705388914743","127.048090154848"
"인천광역시 서구 탁옥로 37, 1층 107호 (심곡동, 우리타워)","인천서구보건소앞","복지온누리약국","032-568-5538","2130","0900","2130","0900","2130","0900","2130","0900","2130","0900","2130","0900","2000","1000","2000","1000","C1400857","227","26","8828","37.54412958674496","126.67367143892701"
"대구광역시 북구 동북로 241, 301동 104-1호 (복현동, 복현아이파크)","복현가까운약국","070-8657-1558","1800","0900","1800","0900","1800","0900","1800","0900","1800","0900","C1301915","415","26","8829","35.8966118702241","128.617551151541"
"대구광역시 북구 동북로 268-1, 1층일부 (복현동)","복현동시티병원앞","복현성모약국","053-942-1622","1830","0830","1830","0830","1830","0830","1830","0830","1830","0830","1300","0830","C1300838","415","64","8830","35.89371313091833","128.61961276953067"
"전북특별자치도 순창군 복흥면 정산1길 9,","복흥 박의원 앞","복흥건강약국","063-652-3001","1800","0700","1800","0700","1800","0700","1800","0700","1800","0700","1300","0700","C2500207","560","05","8831","35.432127777777779","126.931491666666673"
"경기도 고양시 일산서구 일현로 91, 1층 일부(내부호수 102호)호 (탄현동)","본그린약국","031-923-3858","1800","1000","1800","1000","1800","1000","1800","1000","1800","1000","C2108412","102","42","8832","37.6951944697371","126.764583098824"
"대구광역시 달서구 장기로 217, 1층 (본리동)","본리사랑약국","053-567-7488","1800","0900","1800","0900","1800","0900","1800","0900","1800","0900","C1301764","426","90","8833","35.8433630256224","128.536510946417"
"대구광역시 달서구 와룡로 138, 숭조빌딩 1층 101호 (감삼동)","본리선약국","053-556-7900","2000","0900","2000","0900","2000","0900","2000","0900","2000","0900","1600","0900","C1301692","426","53","8834","35.844914100478","128.537517624734"
"대구광역시 달서구 용산로 52, 1층 (장기동)","본리심야약국","053-523-1101","2500","1600","2500","1600","2500","1600","2500","1600","2500","1600","2500","1600","2400","1400","C1301769","426","90","8835","35.8422306894658","128.530866169465"
"충청남도 천안시 서북구 불당25로 226, 골든스퀘어2 1층 111호 (불당동)","공휴일은 전화문의","본약국","041-557-7588","1900","0900","1900","0900","1900","0900","1900","0900","1900","0900","1300","0900","C2401528","311","56","8836","36.8212772100055","127.10993046032"
"경상남도 진주시 촉석로201번길 8, 1층 (평안동)","일요일, 공휴일은 개인사정상 휴무 할수 있음","롯데시네마 근처","본약국","055-743-1555","1930","0900","1930","0900","1930","0900","1930","0900","1930","0900","1900","0900","1800","1200","1800","1200","C2800663","527","53","8837","35.19630124240855","128.0838873214321"
"경상남도 김해시 진영읍 본산로 17, 101호","본약국","055-343-8887","2030","0900","2030","0900","2030","0900","2030","0900","2030","0900","2000","0900","1700","0930","1900","0900","C2802002","508","58","8838","35.3071666086","128.7379541405"
"경기도 안산시 단원구 광덕대로 244, 1층 (고잔동)","본약국","031-439-2347","1800","0900","1800","0900","1800","0900","1800","0900","1800","0900","1300","0900","C2110079","153","59","8839","37.3184154666754","126.831430039113"
"경기도 고양시 덕양구 중앙로557번길 11, 삼정플라자 101호 (행신동)","본약국","031-970-1088","1800","0900","1800","0900","1800","0900","1800","0900","1800","0900","C2108917","105","18","8840","37.6229523104023","126.835014801534"
"경기도 구리시 건원대로99번길 134 (인창동)","본약국","031-565-7377","1800","0900","1800","0900","1800","0900","1800","0900","1800","0900","1500","0900","C2102929","119","18","8841","37.60441524311949","127.13938274683535"
"경기도 안양시 동안구 흥안대로456번길 11, 105호 (평촌동, 본프라자상가)","안양시평촌동69-1인덕원전자랜드맞은편","본약국","031-421-5810","2000","0830","2000","0830","2000","0830","2000","0830","2000","0830","1600","0830","C2101426","140","61","8842","37.39474925835056","126.97645556433557"
"경기도 수원시 영통구 중부대로 293-3, 101호 (원천동)","본약국","031-212-9566","2000","0900","2000","0900","2000","0900","2000","0900","2000","0900","1600","0900","C2107359","165","03","8843","37.2740306782","127.0475853163"
"부산광역시 동래구 아시아드대로 213, 류엔미즈메디컬 1층 (온천동)","본약국","051-502-1122","1830","0900","1830","0900","1830","0900","1830","0900","1830","0900","1330","0900","C1202807","478","51","8844","35.2033210677986","129.066144294067"
"충청북도 청주시 상당구 상당로 112 101호","본약국","043-225-0501","1830","0900","1830","0900","1830","0900","1830","0900","1830","0900","1400","0900","C2300124","285","14","8845","36.6382133821","127.4904825344"
"경기도 안산시 상록구 석호로 320 (본오동)","본오중사거리신안코아맞은편","본약국","031-419-6780","2000","0930","2000","0930","2000","0930","2000","0930","2000","0930","2100","0900","C2101689","155","51","8846","37.293284074436066","126.86602042205763"
"경기도 안산시 상록구 샘골로 149, 녹원프라자 101호 (본오동)","본오메디컬약국","031-407-1015","1800","0900","1800","0900","1800","0900","1800","0900","1800","0900","1300","0900","C2109560","155","39","8847","37.2972041690087","126.862859979513"
"서울특별시 강서구 강서로45길 49-5, 1층 101호,102호 (화곡동)","발산동성당옆","본초당약국","02-2602-4593","2000","0900","2000","0900","2000","0900","2000","0900","2000","0900","1300","0900","C1102927","076","40","8848","37.5475940572917","126.833351329423"
"광주광역시 서구 하남대로 668 (동천동)","본초당한약국","062-251-3002","1830","0900","1830","0900","1830","0900","1830","0900","1830","0900","1500","0900","C1500624","619","03","8849","35.1716141022","126.8655282382"
"전라남도 순천시 오천2길 27-1 (오천동)","본초당한약국","061-752-2902","1600","1000","1600","1000","1600","1000","1600","1000","C2601247","579","99","8850","34.9305611874123","127.494916599268"
"경상남도 창원시 성산구 동산로 124, 성원아파트 1층 132-2호 (상남동)","본초약국","055-275-6373","2100","1000","2100","1000","2100","1000","2100","1000","2100","1000","2000","1000","1800","1400","2000","1000","C2801797","514","99","8851","35.21937199306102","128.69159387520716"
"전북특별자치도 남원시 남문로 404-5(금동)","본초한약국","063-632-6263","1800","0900","1800","0900","1800","0900","1800","0900","1800","0900","1800","0900","1800","0900","C2501251","557","68","8852","35.4064178407","127.3749711654"
"경상남도 창원시 성산구 가양로124번길 17-13 (대방동)","본한약국","055-262-7582","1900","0900","1900","0900","1900","0900","1900","0900","1900","0900","1400","0900","C2802066","514","65","8853","35.20814327749484","128.70798986975993"
"서울특별시 강서구 곰달래로 134, 102호 (화곡동)","봄꽃약국","02-2620-2678","2100","0900","2100","0900","1900","0900","2100","0900","2100","0900","1400","0900","C1110877","077","81","8854","37.5304994050392","126.847770481039"
"서울특별시 은평구 수색로 200, 401동 212호 (증산동)","13:00~14:00 휴게시간","봄나라약국","02-3152-5958","1900","0800","1900","0800","1900","0800","1900","0800","1900","0800","1400","0900","C1109714","035","06","8855","37.5794195375926","126.900673276716"
"서울특별시 강서구 강서로 48, 1층 (화곡동)","봄날약국","02-2606-9909","2000","0930","1900","0930","1900","0930","2000","0930","1900","0930","1300","0930","C1110480","077","57","8856","37.5322065422689","126.846734512832"
"경기도 성남시 분당구 성남대로331번길 9-3, 우정오피스텔 101호 (정자동)","봄날약국","031-719-8717","C2109003","135","58","8857","37.3652730508786","127.107091018713"
"경기도 파주시 경의로 1070, 호수프라자 1층 105호 (야당동)","봄날약국","031-942-3104","1800","0900","1800","0900","1800","0900","1800","0900","1800","0900","1300","0900","C2109339","109","08","8858","37.7128701904586","126.759706492558"
"서울특별시 강동구 고덕로 380, 고덕아르테온아파트(상가2동) 2층 206호 (상일동)","대중교통이용시 상일동역 5번출구에서 보입니다. 차량으로 오실때는 고현초등학교쪽 아르테온아파트출입구로 진입하여 지하주차장내에서 333동옆 Mall 2 주차장에 주차하시면 됩니다.","봄날약국","02-6285-3691","2100","0830","2100","0830","2100","0830","2100","0830","2100","0830","1400","0830","1400","0830","1400","0830","C1108725","052","74","8859","37.5564805599914","127.1681332798"
"경기도 시흥시 배곧4로 99, 109호 (정왕동, 로얄페스타)","홀수 일요일은 휴무","봄날약국","031-432-7912","2130","0830","2130","0830","2130","0830","2130","0830","2130","0830","1300","0830","C2107421","150","10","8860","37.3740735144","126.7342555318"
"경기도 평택시 영신2길 87, 영신빌딩 104호 (세교동)","봄날약국","031-000-0000","1800","0900","1800","0900","1800","0900","1800","0900","1800","0900","1300","0900","C2109997","180","26","8861","37.0201645920218","127.082748864709"
"서울특별시 동대문구 답십리로 9, 1층 A호 (전농동)","주중 13:00~14:00 점심시간입니다.","봄날약국","02-3295-5458","2000","0830","2000","0830","1900","0830","1900","0830","2000","0830","1600","0830","C1109097","025","59","8862","37.5784693244422","127.043528549832"
"경기도 오산시 궐리사로 34, 백충빌딩 102호 (궐동)","봄날약국","031-378-5206","2100","0900","2100","0900","2100","0900","2100","0900","2100","0900","1800","0900","C2108380","181","22","8863","37.1600552447742","127.05623004482"
"강원특별자치도 원주시 능라동길 59, 6층 602호 (무실동)","하나로클럽 맞은편, 연세리더스의원 1층건물","봄날약국","033-742-8277","1800","0900","1800","0900","1300","0900","1800","0900","1800","0900","1300","0800","C2200330","263","92","8864","37.3344235275605","127.930817739225"
"인천광역시 서구 청라한내로100번길 24, 쓰리엠파크2 109호 (청라동)","봄날약국","032-565-3355","2100","0900","2100","0900","2100","0900","2100","0900","2100","0900","2100","0900","2100","0900","2100","0900","C1401965","227","58","8865","37.5338281907037","126.630217094259"
"경기도 고양시 일산동구 탄중로 311-8, 삼성프라자 1층 일부호 (중산동)","봄날약국","031-976-5025","1800","0900","1800","0900","1800","0900","1800","0900","1800","0900","1300","0900","C2110147","103","36","8866","37.6939272518943","126.78007786839"
"광주광역시 남구 서문대로 692, 은평빌딩 1층 102호 (진월동)","우리은행 옆","봄날약국","050-71487-0614","1830","0900","1830","0900","1830","0900","1830","0900","1830","0900","1300","0900","C1500268","617","09","8867","35.12046265827445","126.89912731357487"
"대구광역시 달서구 월배로 203, 1층 (상인동)","봄날약국","053-269-2100","1800","0900","1800","0900","1800","0900","1800","0900","1800","0900","C1301866","427","81","8868","35.8185986767502","128.535695596325"
"충청남도 천안시 서북구 노태산로 73, 102호 (백석동)","봄날약국","041-522-8754","1930","0830","1930","0830","1300","0830","1930","0830","1930","0830","1300","0830","C2401732","310","91","8869","36.831403270663","127.126988510956"
"제주특별자치도 제주시 조천읍 신북로 46, 1층","봄날온누리약국","064-784-5040","2000","0830","2000","0830","2000","0830","2000","0830","2000","0830","1400","0830","C2900070","633","37","8870","33.532867261547","126.619214304059"
"강원특별자치도 춘천시 서부대성로227번길 15-6 (효자동)","봄내약국","033-254-2794","1800","0830","1800","0830","1800","0830","1800","0830","1800","0830","C2200889","242","89","8871","37.87397091161815","127.74471963264916"
"서울특별시 관악구 신림동5길 31, 1층 (신림동)","*공휴일 운영시간은 변동 가능하니 사전에 연락하시고 방문하시기 바랍니다.","신림역6번출구","봄내약국","02-882-8234","2200","1300","2200","1300","2200","1300","2200","1300","2200","1300","2200","1500","C1101577","087","60","8872","37.4858919115747","126.927636033729"
"전북특별자치도 군산시 계산로 51, 109호 (지곡동)","봄봄약국","063-462-0555","1830","0830","1830","0830","1230","0830","1830","0830","1830","0830","1200","0830","C2501486","541","06","8873","35.9520993177443","126.709830830175"
"경기도 성남시 수정구 위례광장로 5, 남위례역아이파크 111호 (창곡동)","봄봄약국","031-753-5450","1800","0900","1800","0900","1800","0900","1800","0900","1800","0900","1300","0900","C2109488","136","46","8874","37.4650279721555","127.141607308176"
"울산광역시 중구 화합로 361, 1층 (반구동)","H병원 옆","봄봄약국","052-282-8858","2100","0900","2100","0900","2100","0900","2100","0900","2100","0900","2100","0900","2100","0900","2100","0900","C1700311","445","13","8875","35.55804465559145","129.34069536369495"
"경기도 수원시 팔달구 효원로 278, 파비오더씨타 3층 334,335호 (인계동)","봄봄약국","031-8002-5077","1800","0900","1800","0900","1800","0900","1800","0900","1800","0900","1300","0900","C2109948","164","91","8876","37.2610199796381","127.03244509152"
"서울특별시 강북구 도봉로 323, 용신빌딩 102호 (수유동)","매달 1번째 일요일 정기 휴무","봄봄약국","02-998-8283","2030","0830","2100","0830","2030","0830","2100","0830","2030","0830","1730","0900","1600","1000","1600","1000","C1109233","010","73","8877","37.6371279409738","127.024202760308"
"경기도 화성시 동탄순환대로 257, 종산타워 109,110호 (산척동)","봄봄약국","031-376-0793","2100","0900","2100","0900","2100","0900","2100","0900","2100","0900","C2108373","185","01","8878","37.1706228689522","127.118518805977"
"서울특별시 강서구 강서로 341, 창대교회 1층 5호 (내발산동)","봄봄약국","02-2662-6788","2030","0840","2030","0840","2030","0840","2030","0840","2030","0840","1700","0840","C1108308","076","32","8879","37.5562711193722","126.837232792972"
"서울특별시 노원구 동일로 1645, 바이크종합매장 A동 1층 (상계동)","봄봄약국","02-932-3400","1830","0900","1830","0900","1830","0900","1830","0900","1830","0900","1430","0900","C1109100","016","08","8880","37.6753641032854","127.055023769169"
"서울특별시 양천구 오목로 281, 1층 102호 (목동)","봄봄약국","02-2645-2725","1930","0930","2000","0930","1930","0930","1930","0930","1930","0930","1630","0930","C1109716","079","93","8881","37.5258249034772","126.868778553638"
"전북특별자치도 익산시 고현로 96, (모현동1가)","모현 현대 2차 아파트 정문 앞","봄봄약국","063-851-8777","1830","0900","1830","0900","1830","0900","1830","0900","1830","0900","1230","0900","C2500335","546","61","8882","35.945390129847325","126.94349955682008"
"서울특별시 강남구 강남대로122길 47, 보령빌딩 1층 (논현동)","봄봄약국","02-512-1777","1900","0900","1900","0900","1900","0900","1900","0900","1900","0900","1500","0900","C1108813","061","14","8883","37.5089689839277","127.026695849559"
"서울특별시 강동구 명일로 248, 1층 (길동)","봄봄약국","02-477-4670","1930","0900","1930","0900","1930","0900","1930","0900","1930","0900","1500","0900","1400","0900","1400","0900","C1108011","053","00","8884","37.5408000456068","127.147287990397"
"경기도 수원시 장안구 송원로 83, 메가플러스 B동 2층 203호 (조원동)","봄봄약국","031-000-0000","1800","0900","1800","0900","1800","0900","1800","0900","1800","0900","1300","0900","C2109663","162","95","8885","37.3024483402569","127.009523801531"
"광주광역시 광산구 월계로 223-8, 110동 114호 (쌍암동, 중흥S클래스 리버시티 주상복합 아파트)","봄봄약국","062-447-1637","2000","0830","2000","0830","2000","0830","2000","0830","2000","0830","1800","0830","1400","0830","1400","0830","C1501120","622","79","8886","35.2136432595","126.8508428792"
"광주광역시 남구 입하길 12, 1층 (송하동)","봄봄약국","062-652-3246","1800","0900","1800","0900","1800","0900","1800","0900","1800","0900","1300","0900","C1501359","617","55","8887","35.107679214822","126.877490613671"
"제주특별자치도 서귀포시 대청로25번길 4 (강정동)","봄봄약국","064-738-8266","2000","0900","2000","0900","2000","0900","1330","0900","2000","0900","1400","0900","C2900463","635","59","8888","33.2528005661","126.5026563217"
"경기도 평택시 비전5로 20-18, 가로수빌딩 105호 (비전동)","봄봄약국","031-618-3927","1800","1000","1800","1000","1800","1000","1800","1000","1800","1000","C2108563","178","54","8889","36.9988772877865","127.113577234561"
"전라남도 순천시 봉화3길 14-28, 1층 105호 (조례동)","봄봄약국","061-725-1006","2000","0830","2000","0830","2000","0830","2000","0830","2000","0830","1600","0830","1300","0900","1300","0900","C2601211","579","34","8890","34.9637769982011","127.521021751802"
"부산광역시 남구 수영로 151-1, 1층 1호 (대연동)","2호선 못골역 4번출구","봄봄약국","051-632-5777","1900","0900","1900","0900","1900","0900","1900","0900","1900","0900","1400","0900","C1202563","484","53","8891","35.1348741962723","129.083267417486"
"경기도 평택시 중앙로 96, 101, 102호 (합정동)","공휴일 상황에 따라 변경/ 연락 후 방문 요망","봄봄온누리약국","031-654-1377","2100","0830","2100","0830","2100","0830","2100","0830","2100","0830","2000","0830","1500","0830","C2107683","179","09","8892","36.9934269591","127.0937054758"
"경기도 수원시 팔달구 인계로 104, 1층 (인계동)","봄봄온누리약국","031-222-2813","1800","0900","1800","0900","1800","0900","1800","0900","1800","0900","C2108803","164","89","8893","37.2677820561243","127.028864619667"
"강원특별자치도 원주시 남원로 562-8, 개운동우체국 (개운동)","봄봄온누리약국","033-766-3234","1930","0830","1930","0830","1930","0830","1930","0830","1930","0830","1930","0900","1930","0900","1930","0900","C2201047","264","48","8894","37.3336461606775","127.948399686145"
"인천광역시 부평구 열우물로 90, 상가F동 3층 312호 (십정동, 더샵부평센트럴시티)","봄빛가득약국","032-422-2104","1730","0830","1730","0830","1730","0830","1730","0830","1730","0830","C1402116","214","43","8895","37.4773624178744","126.700993091846"
"충청남도 천안시 서북구 오성6길 40, 성광빌딩 104호 (두정동)","봄빛약국","041-415-0480","1900","0900","1900","0900","1900","0900","1900","0900","2200","0900","2200","0900","2200","0900","2200","0900","C2401894","310","90","8896","36.8316854897821","127.131716828359"
"전북특별자치도 정읍시 중앙로 122 (수성동)","우체국 앞 파크랜드 2층","봄빛약국","063-533-7710","1700","0830","1700","0830","1700","0830","1700","0830","1700","0830","1200","0830","C2500141","561","62","8897","35.5668374694","126.8518899356"
"경상남도 양산시 물금읍 황산로 366, 101호","봄빛약국","055-388-9996","1800","0900","1800","0900","1800","0900","1800","0900","1800","0900","1300","0900","C2802367","506","57","8898","35.3090174209206","128.986393068513"
"전북특별자치도 전주시 덕진구 가련산로 10 (덕진동2가)","봄빛약국","063-254-8625","1930","0830","1930","0830","1930","0830","1930","0830","1930","0830","1600","0830","C2500714","548","92","8899","35.84044515727536","127.11027223526891"
"인천광역시 서구 이음1로 377, 검단 눈담봄 101 1층 101호 (원당동)","봄빛약국","032-561-8913","1930","0930","1930","0930","1930","0930","1930","0930","1930","0930","1600","1900","C1402096","228","65","8900","37.5941673507821","126.717179782954"
"인천광역시 연수구 원인재로 180, 101호 (연수동, 연수우성2차아파트상가)","우성2차아파트 상가101호","봄빛약국","032-817-9082","1930","0900","1930","0900","1930","0900","1930","0900","1930","0900","1430","0900","2100","0900","C1400402","219","31","8901","37.41302464536138","126.68445843769672"
"인천광역시 남동구 구월남로 190, 104호 (구월동, 퍼스트프라자)","구월현대힐스테이트길병원쪽출구앞농협건물1층","봄빛약국","032-462-7873","1930","0900","1930","0900","1930","0900","1930","0900","1930","0900","1600","0900","C1400392","215","65","8902","37.45268415667654","126.71069598162833"
"경기도 오산시 수청로 193, 302호 (금암동, P&P세교프라자 )","봄빛약국","031-372-3666","1900","0900","1900","0900","1900","0900","1900","0900","1900","0900","1500","0900","C2102111","181","09","8903","37.17660760996039","127.04536090751098"
"경기도 김포시 김포한강8로 172, 104호 (마산동)","봄빛약국","031-996-2386","1800","0900","1800","0900","1800","0900","1800","0900","1800","0900","1600","0830","C2109497","100","68","8904","37.6374841584353","126.644426368232"
"서울특별시 강남구 논현로 546, 1층 (역삼동)","봄빛약국","02-6956-1087","1930","1000","1930","1000","1930","1000","2030","1000","2030","1000","1600","1000","C1110434","061","36","8905","37.5048885081885","127.035295988153"
"충청북도 청주시 서원구 복대로 5, 1층 (개신동)","봄빛약국","043-284-0888","1930","0900","1930","0900","1930","0900","1930","0900","1930","0900","1700","0900","C2301026","286","12","8906","36.6176294977","127.4460712628"
"경기도 수원시 권선구 금곡로102번길 48, 104호 (금곡동)","봄빛약국","031-227-5430","2000","0900","2000","0900","2000","0900","2000","0900","2000","0900","C2106869","163","85","8907","37.27203263104938","126.94138921253361"
"경기도 광명시 오리로 940 (광명동)","봄빛약국","02-2683-9128","2100","0930","2100","0930","2100","0930","2100","0930","2100","0930","C2101619","142","17","8908","37.47838733316085","126.8587046105325"
"경기도 의정부시 평화로 630, 플러스빌딩 1층 106호 (의정부동)","봄빛약국","031-848-8868","1800","0900","1800","0900","1800","0900","1800","0900","1800","0900","1300","0900","C2110034","116","86","8909","37.7481146317677","127.045588532131"
"경기도 평택시 소사5길 24, 202호 (소사동)","봄빛약국","031-651-0524","1800","0900","1800","0900","1800","0900","1800","0900","1800","0900","1300","0900","C2109383","180","34","8910","36.9905310418967","127.126974202992"
"서울특별시 금천구 가산디지털1로 171, 가산 에스케이 브이원 센터 2층 202-1호 (가산동)","봄빛약국","02-6244-8275","2000","0830","2000","0830","2000","0830","2000","0830","2000","0830","C1108323","085","03","8911","37.4808318534376","126.880662051163"
"경기도 수원시 영통구 영통로154번길 74, B03호 (망포동)","봄빛약국","031-204-7996","2000","0900","2000","0900","2000","0900","2000","0900","2000","0900","1600","0900","1600","0900","1600","0900","C2107102","166","91","8912","37.24129930420788","127.05970498487612"
"경기도 수원시 장안구 송원로 81, 402호 (조원동, 메가플러스2차)","북수원홈플러스옆메가플러스빌딩4층, 메가플러스2차402호","봄빛약국","031-268-7707","2000","0900","2000","0900","2000","0900","2000","0900","2000","0900","1500","0900","C2101165","162","95","8913","37.30205811091546","127.00915983664672"
"경기도 용인시 수지구 풍덕천로 89 (풍덕천동)","봄빛약국","031-276-3141","1900","0900","1900","0900","1900","0900","1900","0900","1900","0900","1300","0900","C2100709","168","36","8914","37.32128412518026","127.09200804793394"
"인천광역시 부평구 마장로 320","산곡동 롯데마트 옆 새봄여성병원 바로 옆건물 1층","봄빛약국","032-518-5575","2000","0900","2000","0900","2000","0900","2000","0900","2000","0900","1600","0900","1400","0900","C1400248","213","62","8915","37.506454221626235","126.70358899112593"
"서울특별시 영등포구 국회대로70길 12, 대산빌딩 1층 101호 (여의도동)","봄빛약국","02-785-3331","2000","0830","2000","0830","2000","0830","2000","0830","2000","0830","1600","0900","1600","0900","C1108007","072","37","8916","37.5293662362147","126.9198725529"
"경기도 부천시 소사로 697, MG새마을금고빌딩A동 1층 103호 (원종동)","성곡동사무소주변센트로병원1층입니다.","봄빛온누리약국","032-664-3635","2200","0800","2200","0800","2200","0800","2200","0800","2200","0800","2000","0800","C2100250","144","65","8917","37.51797000853253","126.8051678544712"
"경기도 고양시 일산서구 중앙로 1568, 하성프라자 101,102호 (대화동)","봄사랑약국","031-913-1021","1830","0930","1830","0930","1830","0930","1830","0930","1830","0930","1600","0930","C2107463","103","81","8918","37.6763781159","126.7479219091"
"서울특별시 구로구 도림로 65, 한정빌딩 103호 (구로동)","봄사랑약국","02-868-2285","1930","0900","1930","0900","2030","0900","2030","0900","1930","0900","1700","0900","C1110787","083","13","8919","37.4893828291582","126.890871429168"
"충청북도 충주시 사직로 234 (성남동)","봄사랑약국","043-848-9778","1700","0800","1700","0800","1700","0800","1700","0800","1700","0800","1300","0800","C2301153","273","93","8920","36.9691245706228","127.937013514243"
"강원특별자치도 강릉시 율곡로 2745 (노암동)","봄약국","033-646-0515","1800","0830","1800","0830","1800","0830","1800","0830","1800","0830","1500","0830","C2201180","255","89","8921","37.7516862247813","128.9052221566"
"전북특별자치도 전주시 완산구 거마평로 150, 1층 (효자동1가)","봄약국","063-223-2236","1800","0900","1800","0900","1800","0900","1800","0900","1800","0900","1300","0900","C2501295","550","81","8922","35.805930874326314","127.11699403047913"
"전북특별자치도 진안군 진안읍 진무로 1119","시외버스터미널 맞은편","봄약국","063-433-2475","1800","0800","1800","0800","1800","0800","1800","0800","1800","0800","1300","0900","1300","0900","C2500351","554","30","8923","35.7924140880307","127.43091313305827"
"경기도 의정부시 회룡로 188, 109호 (장암동, 장암골드프라자)","봄약국","0318720691","2000","0840","2000","0840","2000","0840","2000","0840","2000","0840","1300","0900","C2106551","117","18","8924","37.72636869631078","127.05458846655178"
"부산광역시 부산진구 중앙번영로 12, 1층 (범천동)","봄약국","051-647-8450","1830","0900","1830","0900","1830","0900","1830","0900","1830","0900","1330","0900","C1203006","473","61","8925","35.1447270492139","129.060385489421"
"제주특별자치도 제주시 중앙로 546, 1층 (아라일동)","봄약국","064-722-1303","1900","0900","1900","0900","1400","0900","1900","0900","1900","0900","1400","0900","C2900589","632","37","8926","33.4747614494832","126.545194600785"
"강원특별자치도 원주시 치악로 1626, 1층 102호 (단구동)","봄약국","033-813-1275","1830","0830","1830","0830","1830","0830","1830","0830","1830","0830","1400","0900","C2201177","264","51","8927","37.3280064376342","127.960485463395"
"경상남도 창원시 마산회원구 3·15대로 653, 102호 (석전동)","봄약국","055-255-8539","1900","0900","1900","0900","1900","0900","1900","0900","1900","0900","1330","0900","C2801852","513","04","8928","35.231656392333086","128.57688300019492"
"서울특별시 구로구 경인로 204, 1층 103호 (오류동)","봄약국","02-2617-7773","2100","0800","2100","0800","2100","0800","2100","0800","2100","0800","1500","0900","C1109498","082","71","8929","37.4956897995191","126.843855441547"
"경상남도 창원시 의창구 태복산로23번길 39, 1층 101호 (도계동)","봄약국","055-288-0022","1900","0900","1900","0900","1900","0900","1900","0900","1900","0900","1400","0900","C2802267","511","67","8930","35.2564202883138","128.638134219135"
"경상북도 경산시 대학로 46 (정평동)","봄약국","053-811-1844","1900","0900","2030","0900","1900","0900","1900","0900","2030","0900","1400","0900","1300","0900","C2701507","386","57","8931","35.8337408508","128.7277483972"
"경상북도 포항시 남구 희망대로 354(이동)","봄약국","054-274-4236","1800","0900","1800","0900","1800","0900","1800","0900","1800","0900","1300","0900","C2701677","376","59","8932","36.035058992676","129.332195042035"
"대전광역시 동구 동대전로 161-1, 1층 (자양동)","봄약국","042-624-7800","2000","0900","2000","0900","2000","0900","2000","0900","2000","0900","2000","1030","C1601358","346","08","8933","36.3364779354354","127.44705894866"
"인천광역시 계양구 봉오대로555번길 14, 썬프라자 205호 (효성동)","봄약국","032-555-9939","1500","0900","1500","0900","1500","0900","1500","0900","1500","0900","1500","0900","C1400018","210","98","8934","37.53188458751355","126.71010068747259"
"인천광역시 서구 중봉대로 588 (청라동)","봄약국","032-565-3419","1730","1000","1730","1000","1730","1000","1730","1000","1730","1000","C1402009","227","36","8935","37.5320476910542","126.650256298043"
"경상북도 구미시 야은로 311 (도량동)","봄약국","054-455-0195","1900","0800","1900","0800","1900","0800","1900","0800","1900","0800","1700","0800","1300","0900","C2700560","392","02","8936","36.13896473671125","128.31714255221308"
"부산광역시 해운대구 재반로 237-1(반여동)","봄약국","051-784-0303","1900","0900","1900","0900","1900","0900","1900","0900","1900","0900","1400","0900","C1202727","480","28","8937","35.1985164797908","129.131056622831"
"대구광역시 중구 달구벌대로447길 6, B동 1층 (삼덕동3가)","봄약국","053-255-8038","1730","0900","1730","0900","1730","0900","1730","0900","1730","0900","1300","0900","C1301361","419","48","8938","35.862453463134486","128.6076126709297"
"대구광역시 수성구 동대구로 311, 범어 애플타워 A-102, 103호 (범어동)","봄약국","053-743-7533","2000","0900","2000","0900","2000","0900","2000","0900","2000","0900","1630","0900","C1301280","421","17","8939","35.85812511209725","128.62523685199105"
"대구광역시 달서구 구마로 218(송현동)","봄약국","053-651-8276","1900","0900","1900","0900","1900","0900","1900","0900","1900","0900","1400","0900","C1301042","427","36","8940","35.85979833355901","128.56192945962655"
"인천광역시 미추홀구 독배로 498 (숭의동)","봄약국","032-887-1733","1800","0900","1800","0900","1800","0900","1800","0900","1800","0900","C1401901","221","72","8941","37.4618930435853","126.643829682137"
"충청북도 진천군 덕산읍 연미로 76, 다인리치빌딩 1층 101호","점심 13시~14시","봄약국","043-537-8245","1900","0900","1900","0900","1900","0900","2000","0900","1900","0900","1300","0900","C2301140","278","75","8942","36.9025677670416","127.527972745358"
"경기도 고양시 일산동구 장백로 56, 204-2호 (백석동, 크리스탈빌딩)","마지막주 토요일 휴무","봄약국","031-901-7896","1830","0900","1830","0900","1830","0900","1830","0900","1830","0900","1500","0900","C2103799","104","47","8943","37.6429647821606","126.78683582357291"
"충청남도 천안시 서북구 불당22대로 67, 1층 106호 (불당동)","봄약국","0415664569","1900","0900","1900","0900","1900","0900","1900","0900","1900","0900","1400","0900","C2401548","311","56","8944","36.816530884716556","127.10656643432111"
"서울특별시 노원구 동일로 1392, 1층 (상계동)","봄약국","02-939-8139","2100","0900","2100","0900","2100","0900","2100","0900","2100","0900","1700","0900","C1107050","017","51","8945","37.6530537904638","127.061324512782"
"서울특별시 서초구 서초중앙로8길 13, 아진빌딩 1층 (서초동)","일요일 및 공휴일 휴무","봄약국","02-3487-3414","2000","0900","2000","0900","2000","0900","2000","0900","2000","0900","1700","0900","C1109172","066","40","8946","37.486745765636","127.016186144862"
"부산광역시 금정구 구서로 10, 1층 103호 (구서동)","1호선 구서역 1번 출구","봄약국","051-583-8270","1900","0900","1900","0900","1900","0900","1900","0900","1900","0900","1400","0900","1300","0900","C1202439","462","43","8947","35.2468664631","129.090122021"
"부산광역시 기장군 정관면 정관로 393","버스정류장: 정관부산은행 옆/롯데프라자 107호","봄약국","051-728-6357","1900","0900","1900","0900","1900","0900","1300","0900","1900","0900","1300","0900","C1201229","460","08","8948","35.334297632188274","129.16590880576123"
"대구광역시 북구 칠곡중앙대로 519, 1층 (읍내동)","봄약국","053-311-4070","1900","0900","1900","0900","1900","0900","1900","0900","1900","0900","1300","0900","C1301316","414","42","8949","35.94212986266789","128.5502404526834"
"경기도 수원시 권선구 금호로 234 (탑동)","봄약국","031-294-7846","1900","0900","1900","0900","1900","0900","1900","0900","1900","0900","1500","0900","C2103732","166","04","8950","37.275342434867824","126.97566799060863"
"경기도 화성시 봉담읍 와우로73번길 6, 태천센타 2층 202호","봄약국","031-222-5624","1900","0900","1900","0900","1900","0900","1900","0900","1900","0900","1330","0830","C2103589","183","21","8951","37.214034771916076","126.97405944388217"
"경기도 안산시 단원구 신길로 8, 107호 (신길동)","봄약국","031-493-4590","2100","0900","2100","0900","2100","0900","2100","0900","2100","0900","1400","0900","C2107607","154","02","8952","37.3308874161","126.7868310369"
"충청북도 청주시 서원구 신화로 33 (성화동)","봄약국","043-237-2300","2100","0900","2000","0900","2000","0900","2000","0900","2000","0900","1900","0900","1900","0900","C2301066","286","36","8953","36.6175693436","127.4553044777"
"서울특별시 종로구 지봉로 37-1, 1층 (창신동)","봄약국","02-741-9737","1930","0800","1930","0800","1930","0800","1930","0800","1930","0900","1600","0800","C1107422","031","04","8954","37.5732588741937","127.015338641567"
"서울특별시 동대문구 장한로32길 7, 장안동의료시설 1층 (장안동)","봄약국","02-2212-1620","1900","0900","1900","0900","1900","0900","1900","0900","1900","0900","1600","0900","C1101578","025","22","8955","37.5754686901664","127.072583233437"
"서울특별시 중랑구 신내역로 165 상가동 203호 (신내동, 신내우디안2단지)","우디안2단지 상가동","봄약국","02-3423-2201","1930","0900","1930","0900","1930","0900","1930","0900","1930","0900","1500","0930","C1104788","020","55","8956","37.6165826807685","127.109631685269"
"경기도 군포시 용호2로 33, 302호 (당동, 한우리교육문화센타)","봄약국","031-391-7744","1300","0900","1300","0900","1300","0900","1300","0900","1300","0900","1300","0900","C2103118","158","75","8957","37.34343919057983","126.9422411308615"
"서울특별시 영등포구 영등포로34길 12, 1층 (영등포동4가)","봄약국","02-2678-6787","1800","0830","1800","0830","1800","0830","1800","0830","1800","0830","1400","0830","C1108761","073","01","8958","37.5192599372783","126.902029279404"
"경기도 하남시 대청로116번길 30-1, 은행아파트 상가동 104호 (창우동)","봄약국","031-791-5456","1700","0900","1700","0900","1700","0900","1700","0900","1700","0900","1600","0900","C2106748","129","54","8959","37.53791334665399","127.22397178592213"
"경기도 평택시 안중읍 안현로서8길 57, 붐붐프라자 3층 305호","봄약국","031-000-0000","1800","0900","1800","0900","1800","0900","1800","0900","1800","0900","1300","0900","C2109349","179","44","8960","36.9790858343848","126.919416463803"
"서울특별시 금천구 가산디지털1로 1, 더루벤스밸리 208-1호 (가산동)","봄약국","02-839-0492","1940","0910","1910","0910","1910","0910","1940","0910","1910","0910","1400","1000","C1109117","085","94","8961","37.4662798253977","126.887172931767"
"경기도 성남시 중원구 도촌남로 33, 203호 (도촌동, 세일프라자)","봄약국","031-758-3035","1930","0900","1930","0900","1930","0900","1930","0900","1930","0900","C2106808","134","26","8962","37.41456556684758","127.15114183407793"
"서울특별시 성동구 아차산로 126 (성수동2가)","병원 운영상황에 따라 변경가능/전화 요망","더리브세종타워 2층","봄약국","02-466-8383","1800","0900","1800","0900","1800","0900","1800","0900","1800","0900","1300","0900","C1103982","047","83","8963","37.543706342489","127.058368941624"
"서울특별시 양천구 등촌로 188, 102호 (목동)","봄약국","070-8871-7092","1830","0830","1830","0830","1830","0830","1330","0830","1830","0830","1330","0830","C1109838","079","51","8964","37.5464047208659","126.863053728176"
"서울특별시 광진구 뚝섬로 596, 1층 (자양동)","봄약국","02-454-6088","2000","0830","2000","0830","2000","0830","2000","0830","2000","0830","1700","0830","C1104090","050","98","8965","37.5329550774725","127.075940379167"
"서울특별시 강북구 도봉로 34 (미아동, 트레지오상가 1층)","봄약국","02-945-7765","1900","0900","1800","0900","1900","0900","1800","0900","1900","0900","1500","0900","C1104791","012","20","8966","37.6120685327599","127.03072164571"
"강원특별자치도 춘천시 후석로 318, 102호 (후평동)","봄약국","033-255-8277","1900","0830","1900","0830","1900","0830","1900","0830","1900","0830","1300","0830","C2201181","243","04","8967"
"서울특별시 송파구 백제고분로39길 14-17(석촌동)","일요일 및 공휴일 휴무","봄약국","02-413-3113","1800","0830","1800","0830","1800","0830","1800","0830","1800","0830","1600","0830","C1103325","056","16","8968","37.5061326187621","127.105562286547"
"서울특별시 은평구 증산서길 73","봄약국","02-372-3915","2030","0900","2030","0900","2030","0900","2030","0900","2030","0900","2030","0900","C1102760","034","93","8969","37.5831776487991","126.90603865082"
"서울특별시 강남구 압구정로29길 72-1 (압구정동)","신사시장 A동 109호","봄약국","02-543-2251","1930","0900","1930","0900","1930","0900","1930","0900","1930","0900","1820","0900","C1102761","060","04","8970","37.5322879837639","127.028402026126"
"경기도 남양주시 다산중앙로123번길 22-8, 리더스퀘어 104호 (다산동)","봄약국","031-558-3118","1800","1000","1800","1000","1800","1000","1800","1000","1800","1000","C2108552","122","48","8971","37.6242893190323","127.151031115002"
"대전광역시 중구 대종로 299 (부사동)","봄약국","042-255-1122","1800","0830","1800","0830","1800","0830","1800","0830","1800","0830","1330","0830","C1601348","350","48","8972","36.3125744147835","127.43536101966"
"서울특별시 도봉구 도봉로 684, 116호 (방학동)","봄약국","02-955-2486","1930","0830","1930","0830","1930","0830","1930","0830","1930","0830","1430","0830","C1109700","013","34","8973","37.6653558357799","127.043607120894"
"대전광역시 서구 동서대로 1072, (변동)","공휴일 08:30 ~ 14:00 유동적으로 전화후 방문 요망","봄약국","042-532-1344","1830","0830","1830","0830","1830","0830","1830","0830","1830","0830","1400","0830","C1600221","353","21","8974","36.329130555555558","127.379724999999993"
"대구광역시 서구 팔달로 188, 1층 (원대동3가)","봄약국","053-355-0718","1900","0900","1900","0900","1900","0900","1900","0900","1900","0900","1400","0900","C1301714","417","16","8975"
"경기도 양주시 평화로1435번길 5-3 (덕계동)","봄약국","031-868-4182","1800","0900","1800","0900","1800","0900","1800","0900","1800","0900","1300","0900","C2109630","114","43","8976","37.8192192512675","127.04577272021"
"경기도 이천시 부발읍 경충대로 2058, 302호","봄약국","031-638-4631","1930","0900","1930","0900","1930","0900","1930","0900","1930","0900","C2101867","173","32","8977","37.24888501062283","127.49189254554136"
"경기도 광주시 신현로 72, 101호","봄약국","031-726-1705","2000","0900","2000","0900","2000","0900","2000","0900","2000","0900","1600","0900","C2103532","127","71","8978","37.36042833922137","127.15480214654514"
"경기도 수원시 영통구 센트럴타운로 111, 303호 (이의동, 광교스타힐스 오피스텔)","봄약국","031-214-8681","1800","0900","1800","0900","1800","0900","1800","0900","1800","0900","1300","0900","C2109355","165","07","8979","37.2925440566621","127.049135270702"
"인천광역시 부평구 경원대로 1366, 스테이션 타워 105호 (부평동)","봄약국","032-710-4770","1900","0930","1900","0930","1900","0930","1900","0930","1900","0930","1600","0930","C1401927","214","04","8980","37.4909877488855","126.720636000362"
"서울특별시 마포구 백범로31길 8 상가2동 203호 (공덕동, 공덕 SK 리더스뷰)","봄약국","02-703-6380","1930","0930","1900","0930","1930","0930","1900","0930","1900","0930","1500","0930","1800","1000","C1109108","041","47","8981","37.5449942729365","126.949333367033"
"서울특별시 중구 남대문로10길 9, 경기빌딩 2층 204호 (삼각동)","휴게시간 13:00-14:00","봄약국","02-720-6774","1900","0900","1900","0900","1900","0900","1900","0900","1900","0900","C1107424","045","40","8982","37.5672075049558","126.983233108359"
"서울특별시 서대문구 증가로 98, 1층 (남가좌동)","점심시간 13-14시","봄약국","02-304-4088","1830","0900","1830","0900","1830","0900","1830","0900","1830","0900","1300","0900","C1107180","036","66","8983","37.5760220095323","126.926139622738"
"전북특별자치도 완주군 삼례읍 삼봉중앙로 9, 동원빌딩","봄에핀온누리약국","063-262-8575","1900","0830","1900","0830","1900","0830","1900","0830","1900","0830","1330","0830","C2501449","553","34","8984","35.9219393346369","127.12374562619"
"제주특별자치도 제주시 신설로7길 57, 제이힐링센터 지하 1층 (이도이동)","봄여울약국","064-726-8845","1900","0900","1900","0900","1900","0900","1900","0900","1900","0900","1300","0900","C2900538","632","27","8985","33.4956872529164","126.54722579155"
"경상북도 포항시 북구 침촌마을길 12-9 (장성동, 바로정형외과내과의원)","봄온누리약국","054-283-1981","1900","0900","1900","0900","1900","0900","1900","0900","1900","0900","1330","0900","C2700591","375","78","8986","36.0789996665","129.3796403247"
"경기도 파주시 문산읍 문향로 71, 109,110호","봄온누리약국","031-000-0000","1800","0900","1800","0900","1800","0900","1800","0900","1800","0900","1300","0900","C2110086","108","21","8987","37.858356411959","126.785229925816"
"경기도 안산시 상록구 건건로 122, 2층 204일부호 (건건동)","봄온누리약국","031-438-6282","1900","0900","1900","0900","1900","0900","1900","0900","1900","0900","1400","0900","C2106722","155","21","8988","37.31165114757442","126.90509332170326"
"경기도 군포시 금산로 106, 1층 (산본동)","금정역부근","봄온누리약국","031-396-4001","1900","0900","1900","0900","1900","0900","1900","0900","1900","0900","1300","0900","C2104612","158","06","8989","37.371430156155476","126.9365164025885"
"인천광역시 중구 자연대로 47, 대지스타타워2 1층 111호 (중산동)","봄온누리약국","032-752-7562","1830","0900","1830","0900","1830","0900","1830","0900","1830","0900","1400","0900","C1401820","224","02","8990","37.4887511885611","126.558981917193"
"울산광역시 남구 번영로 160, 1층 (달동)","봄온누리약국","052-267-8840","1900","0930","2100","0930","1900","0930","1900","0930","2100","0930","1700","0930","C1700573","447","03","8991","35.53948224866576","129.32760296879567"
"경기도 부천시 삼작로 278","KT북부천지사 옆건물 1층","봄온누리약국","032-683-1355","2100","0900","2100","0900","2100","0900","2100","0900","2100","0900","C2104667","144","83","8992","37.520002410675005","126.7923257555023"
"서울특별시 성북구 돌곶이로 191, 1층 (장위동)","휴게시간 평일 12:30~13:30","봄온누리약국","02-909-0211","1800","0900","1800","0900","1800","0900","1800","0900","1800","0900","1300","0900","C1104159","027","54","8993","37.6172349157154","127.048168691706"
"경기도 안양시 동안구 흥안대로 127, 105호 (호계동, 한신빌딩)","호계신사거리뱅뱅건물에서인덕원쪽으로국민은행옆","봄온누리약국","031-451-5622","1800","0900","1800","0900","1800","0900","1800","0900","1800","0900","1300","0900","C2100977","141","12","8994","37.3708761801329","126.95897377392"
"강원특별자치도 홍천군 홍천읍 꽃뫼로 54-3","홍천여고 옆","봄한약국","033-435-0020","1830","0930","1830","0930","1830","0930","1830","0930","1830","0930","1300","0900","C2200619","251","35","8995","37.69117682443466","127.88209578660132"
"서울특별시 은평구 통일로 833(대조동)","봄햇살약국","02-353-0909","1830","0900","1830","0900","1830","0900","1830","0900","1830","0900","1500","0900","C1106950","033","85","8996","37.6176901569588","126.921957587078"
"경기도 성남시 분당구 판교로 376, 504호 (삼평동,마크시티퍼플)","봇들약국","031-8017-3039","1800","0900","1800","0900","1800","0900","1800","0900","1800","0900","1330","0900","C2100087","134","92","8997","37.40393343590494","127.11616173879518"
"전라남도 여수시 좌수영로 676 (봉계동)","봉계약국","061-684-1616","1800","0900","1800","0900","1800","0900","1800","0900","1800","0900","C2601258","596","32","8998","34.7837048480938","127.694391397192"
"경상남도 진주시 진주대로 1161-1","간혹 일요일,공휴일 사정에 의해 휴무할때도 있으니 전화통화 요함","서부시장입구","봉곡현대약국","055-741-3952","2100","0830","2100","0830","2100","0830","2100","0830","2100","0830","2100","0830","2100","0900","2100","0900","C2801048","526","81","8999","35.195190308420806","128.07607145453815"
"경기도 화성시 봉담읍 상리2길 55, 110,111호","봉담매일온누리약국","031-298-8757","1800","0900","1800","0900","1800","0900","1800","0900","1800","0900","C2109014","183","09","9000","37.2250766059125","126.946957598813"
"경기도 화성시 봉담읍 동화길 81-10","봉담메디컬약국","031-295-4566","1900","0900","1900","0900","1900","0900","1900","0900","1900","0900","1600","0900","C2107097","183","02","9001","37.21718428414045","126.95862000635146"
"경기도 화성시 봉담읍 삼천병마로 1276 (봉담읍)","봉담읍상리양지빌딩1층","봉담약국","031-227-5329","1900","0900","1900","0900","1900","0900","1900","0900","1900","0900","1300","0900","C2101038","183","16","9002","37.21965653757119","126.94885246288248"
"경기도 화성시 봉담읍 와우로 20, 미래프라자 107호 (봉담읍)","봉담중앙약국","031-222-8175","1800","1000","1800","1000","1800","1000","1800","1000","1800","1000","C2108483","183","20","9003","37.2152484977339","126.969039817115"
"대구광역시 남구 대봉로 61, 103호 (봉덕동)","봉덕정약국","053-474-4946","1800","0900","1800","0900","1800","0900","1800","0900","1800","0900","C1301709","424","42","9004","35.8441814278463","128.603755851719"
"전북특별자치도 완주군 봉동읍 봉동로 145,","일요일/ 공휴일 전화 확인 후 방문","당번제 일요일(3주)만 가능","봉동약국","063-261-3301","2200","0900","2200","0900","2200","0900","2200","0900","2200","0900","2200","0900","2200","0900","1900","0900","C2500186","553","26","9005","35.938069444444444","127.167994444444446"
"전북특별자치도 완주군 봉동읍 봉동로 155","공휴일 전화 후 방문","우체국 옆 건물 (봉동 로타리)","봉동종로약국","063-262-0211","1700","0900","1700","0900","1700","0900","1700","0900","1700","0900","1700","0900","1700","0900","C2500433","553","26","9006","35.93913402424767","127.167738527539"
"부산광역시 영도구 태종로 137, 1층 (봉래동3가)","해동병원 옆","봉래약국","051-416-1234","2100","0830","2100","0830","2100","0830","2100","0830","2100","0830","1800","0900","1800","0900","1800","0900","C1200736","490","35","9007","35.09223385739501","129.04416564207847"
"대전광역시 유성구 계룡로 120, 1층 102호 (봉명동)","365일 운영","봉명메디칼약국","042-543-7572","2300","0800","2300","0800","2300","0800","2300","0800","2300","0800","2200","0800","2000","0900","2000","0900","C1601232","341","88","9008","36.35264680162126","127.34372718867579"
"대전광역시 유성구 온천북로13번길 21, 지상1층 109호 (봉명동)","봉명심야약국","042-822-8469","0100","1600","0100","1600","0100","1600","0100","1600","0200","1600","0200","1600","0100","1600","0200","1600","C1601428","341","85","9009","36.35805561808","127.344397508854"
"충청남도 천안시 동남구 봉명4길 15, 101동 상가동 31, 32호 (봉명동, 봉명역센트럴시티아파트)","봉명우리약국","041-571-8802","1800","0830","1800","0830","1800","0830","1800","0830","1800","0830","1300","0830","C2401881","311","51","9010","36.8053705924728","127.136260255089"
"충청북도 청주시 흥덕구 직지대로667번길 1, 1층 (봉명동)","봉명피보약국","043-272-9734","1900","0900","1900","0900","1900","0900","1900","0900","1900","0900","1500","0900","1900","1000","C2300459","284","76","9011","36.64317408546257","127.46693270183283"
"울산광역시 북구 호계로 298, 1층 (호계동)","봉봉약국","052-293-9366","1830","0900","1830","0900","1830","0900","1830","0900","1830","0900","1300","0900","C1700175","442","27","9012","35.62980130242441","129.35138019337293"
"대구광역시 서구 북비산로74길 8-1 (비산동)","봉산약국","053-554-6598","2000","0700","2000","0700","2000","0700","2000","0700","2000","0700","2000","0700","2000","0700","C1301080","417","94","9013","35.87853909230706","128.57404282033917"
"광주광역시 남구 제석로 104, 201동 101호 (봉선동)","봉선본약국","062-673-6338","1900","0900","1900","0900","1900","0900","1900","0900","1900","0900","1400","0900","C1501279","617","02","9014","35.1237104491106","126.907462351856"
"광주광역시 남구 봉선중앙로 51, 1층 102-3, 102-4호 (봉선동)","봉선친한약국","062-681-1296","2100","0900","2100","0900","2100","0900","2100","0900","2100","0900","2100","0900","1900","1300","C1501463","616","84","9015"
"경상북도 봉화군 봉성면 봉명로 566, 약국","봉성약국","054-673-5435","1800","0900","1800","0900","1800","0900","1800","0900","1800","0900","1800","0900","C2701696","362","30","9016","36.8834854791235","128.81620273193"
"경기도 양주시 은현면 은현로 521, 1층 일부","봉암약국","031-865-9742","1930","0900","1930","0900","1930","0900","1930","0900","1930","0900","1500","0900","1700","1000","C2102861","114","25","9017","37.90779260312641","127.00471002163059"
"경기도 광명시 하안로 309, 세인빌딩 101호 (하안동)","봉약국","02-6941-0956","1800","0900","1800","0900","1800","0900","1800","0900","1800","0900","1300","0900","C2110238","142","48","9018","37.4629665279646","126.879144149199"
"경기도 이천시 이섭대천로 1218 (창전동)","봉약국","031-0000-0000","1800","0900","1800","0900","1800","0900","1800","0900","1800","0900","1300","0900","C2110217","173","70","9019","37.2790123246855","127.447022527838"
"충청북도 증평군 증평읍 중앙로 184-1, 102호","봉약국","043-836-4172","2000","0900","2000","0900","2000","0900","2000","0900","2000","0900","2000","0900","1900","0900","1900","0900","C2301150","279","37","9020","36.7827031739936","127.579977802451"
"경기도 파주시 조리읍 봉천로 43-1","봉일천약국","031-941-1246","1500","0900","1500","0900","1500","0900","1500","0900","1500","0900","1900","0900","C2102717","109","37","9021","37.74357272514741","126.8068454951059"
"서울특별시 관악구 봉천로 518 (봉천동)","사랑의병원뒤","봉천당약국","02-883-7425","1730","0930","1730","0930","1730","0930","1730","0930","1730","0930","1330","0930","C1100266","087","89","9022","37.4796032680323","126.955610599239"
"서울특별시 관악구 남부순환로 1733, 2층 (봉천동)","평일 휴게시간 13:00-14:00","봉천미래약국","02-877-4985","1830","0900","1830","0900","1830","0900","1830","0900","1830","0900","1400","0900","C1108029","087","57","9023","37.48255505144243","126.94279844064408"
"서울특별시 관악구 봉천로 488, 서호빌딩 1층 (봉천동)","봉천온누리약국","02-6959-8006","2000","0800","2000","0800","2000","0800","2000","0800","2000","0800","1330","0800","C1109366","087","38","9024","37.481503464762845","126.95388211805619"
"서울특별시 관악구 남부순환로 1734, 1층 (봉천동, 주원빌딩)","공휴일은 일요일과 동일하게 영업합니다.","봉천역 1번 출구 국민은행 옆 / 주원빌딩 1층","봉천프라자약국","02-875-1711","2100","0900","2100","0900","2100","0900","2100","0900","2100","0900","2000","0900","2000","1000","2000","1000","C1102986","087","84","9025","37.48204144106271","126.94272534154106"
"강원특별자치도 평창군 봉평면 기풍로 145","봉평농협 옆","봉평약국","033-334-3152","2100","0830","2100","0830","2100","0830","2100","0830","2100","0830","2100","0830","2100","0830","2100","0830","C2200062","253","04","9026","37.61551590931025","128.3782228639913"
"강원특별자치도 고성군 토성면 토성로 125","봉포약국","033-633-3752","2000","0900","2000","0900","2000","0900","2000","0900","2000","0900","2000","0900","2000","0900","2000","0900","C2200595","247","64","9027","38.25648349605624","128.56005481700058"
"경상북도 봉화군 봉화읍 신시장1길 3-13","연중무휴","봉화경북약국","054-672-7406","1900","0830","1900","0830","1900","0830","1900","0830","1900","0830","1800","0830","1800","0830","1800","0830","C2700877","362","39","9028","36.8907733193783","128.735555268817"
"서울특별시 중랑구 신내로 211 (신내동)","둘째주 토요일 14시까지 근무합니다. 평일 휴게시간 13:00~14:00 공휴일 및 일요일 휴무","봉화산역 3번 출구 사우나 건물 주차장 쪽(뒤) 1층","봉화신세계약국","02-3423-3323","1930","0830","1930","0830","1930","0830","1930","0830","1930","0830","1700","0900","C1101760","020","24","9029","37.616328386206746","127.09287209214"
"대구광역시 동구 동부로30길 63, (신천동)","금, 토는 일찍 퇴근할때가 많음","구동대구약사회관에서고속터미널쪽30m사거리신천4동사무소입구","봉화약국","053-756-8832","1930","0900","2130","0900","1930","0900","1930","0900","2130","0900","1700","0900","C1300270","412","52","9030","35.871459876197164","128.62911522947851"
"전라남도 나주시 봉황면 봉황로 767 (봉황면)","봉황 종로 약국","061-335-5252","1630","0830","1630","0830","1630","0830","1630","0830","1630","0830","C2601132","583","07","9031","34.9588292354","126.7855123838"
"전라남도 나주시 봉황면 봉황로 757,","봉황면사무소 옆.","봉황약국","061-331-1957","1730","0800","1730","0800","1730","0800","1730","0800","1730","0800","1300","0900","C2600016","583","07","9032","34.95816225414758","126.78478440350736"
"강원특별자치도 삼척시 봉황마을4길 6 (정상동)","정상동 삼척병원 옆","봉황약국","033-574-6711","1800","0900","1800","0900","1800","0900","1800","0900","1800","0900","1300","0900","C2200402","259","28","9033","37.437207983084924","129.1728032273699"
"울산광역시 남구 삼산로 257, (달동,금양빌딩)","달동 금양빌딩 내","부강약국","052-257-7795","1820","0900","1820","0900","1820","0900","1820","0900","1820","0900","1300","0900","C1700086","447","07","9034","35.539160465363565","129.33510774847474"
"경기도 안산시 상록구 본오로 55 (본오동)","부강약국","031-501-7575","1800","0900","1800","0900","1800","0900","1800","0900","1800","0900","C2106364","155","62","9035","37.28916726918788","126.86647643144944"
"경기도 수원시 장안구 경수대로994번길 14 (송죽동)","송죽동무봉리순대집(한일타운점)옆","부강약국","031-243-0331","2200","0900","2200","0900","2200","0900","2200","0900","2200","0900","2200","0900","2200","0900","C2104519","162","98","9036","37.30603425391489","127.00351931305981"
"서울특별시 구로구 중앙로14길 27, 104호 (고척동)","점심시간 13:10-14:00","부강약국","02-2625-0861","1830","0900","1830","0900","1830","0900","1830","0900","1830","0900","1330","0900","C1104118","082","18","9037","37.50723095585035","126.86287412573782"
"대구광역시 달서구 계대동문로 106, 1층 (이곡동)","부강약국","053-588-9665","1900","0900","1900","0900","1900","0900","1900","0900","1900","0900","C1301723","426","12","9038","35.8550985482727","128.503790511111"
"광주광역시 동구 계림로30번길 15, 상가동 1층 109호 (계림동, 푸른길 두산위브)","부강한약국","062-224-2405","2000","1030","2000","1030","2000","1030","2000","1030","2000","1030","2000","1030","C1500244","614","14","9039","35.15552237321757","126.91702256842401"
"인천광역시 부평구 경인로1104번길 18, 1층 일부호 (부개동)","일신시장근처 동물약취급,셀메드 정회원약국","부개바른약국","032-523-3370","1930","0900","1930","0900","1930","0900","1930","0900","1930","0900","1700","0900","1800","1100","C1402016","214","19","9040","37.4849359936557","126.742002906675"
"인천광역시 부평구 부개로 71-12, 2동 157,158,160,161호 (부개동)","부개시장온누리약국","032-502-1946","0900","0900","C1402093","213","45","9041","37.5043601987309","126.739370838497"
"인천광역시 부평구 경인로 1076 (부개동)","부개사거리에 위치한 건물 1층","부개약국","032-529-8721","1800","0900","1800","0900","1800","0900","1800","0900","1800","0900","1600","0900","C1400155","214","20","9042","37.48614593933872","126.73941300434654"
"인천광역시 부평구 부일로 85, 1층 일부호 (부개동)","부개하늘약국","032-506-3334","2000","0900","2000","0900","2000","0900","2000","0900","2000","0900","1600","0900","C1402015","214","01","9043","37.4889749252386","126.739536017368"
"경상북도 경주시 외동읍 산업로 1767, 상가 101호 (경주외동사랑으로부영2단지)","부경약국","054-624-0185","2030","0900","2030","0900","2030","0900","2030","0900","2030","0900","1700","0900","C2701624","382","08","9044","35.6728011094428","129.328888166108"
"경기도 안산시 상록구 시낭북로4길 1, 1층 (부곡동, 도원빌딩)","월피동동사무소안쪽300m지점","부곡늘푸른약국","031-411-6325","2130","0900","2130","0900","2130","0900","2130","0900","2130","0900","2100","0900","C2103249","152","76","9045","37.3352706944178","126.85815064545707"
"경기도 안산시 상록구 부곡로 130, 1층 (부곡동)","부곡라성약국","031-8044-8180","1900","0830","1900","0830","1900","0830","1900","0830","1900","0830","1530","0830","C2103250","153","04","9046","37.33333046721237","126.86389939368468"
"충청남도 예산군 삽교읍 삽교로 66","부곡약국","041-337-0641","1800","0900","1800","0900","1800","0900","1800","0900","1800","0900","1300","0900","C2401644","324","14","9047","36.6860105839903","126.736243097838"
"부산광역시 금정구 부곡로 128, 1층 일부호 (부곡동)","부곡온누리약국","051-715-0133","1800","0900","1800","0900","1800","0900","1800","0900","1800","0900","1300","0900","C1202931","462","71","9048","35.2272073241602","129.092119519996"
"경상남도 창녕군 부곡면 원앙로 237","부곡하와이 부근","부곡종합약국","055-521-5115","1900","0800","1900","0800","1900","0800","1900","0800","1900","0800","1600","0800","C2801051","503","65","9049","35.436927452883246","128.59401148185367"
"경기도 양주시 장흥면 가마골로 143, 1동 일부","부곡프라자약국","070-8657-4412","1800","0900","1800","0900","1800","0900","1800","0900","1800","0900","1300","0900","C2109721","115","21","9050","37.7311276350235","126.977339752937"
"부산광역시 금정구 가마실로 21, 이데아호텔 1층 일부호 (부곡동)","부곡햇살약국","051-868-7582","C1202879","463","02","9051","35.2249537078189","129.091281818327"
"울산광역시 중구 반구정4길 52 (반구동)","구경진역부근","부광약국","052-281-4071","2100","0900","2100","0900","2100","0900","2100","0900","2100","0900","1900","0900","C1700235","444","99","9052","35.557873488845544","129.34412628834153"
"서울특별시 도봉구 덕릉로 398, 주공아파트17단지상가 120호 (창동)","녹천역 사거리에서 주공 아파트 19단지 쪽 주공 17단지 상가 120호","부광약국","02-902-3654","1900","0900","1900","0900","1900","0900","1900","0900","1900","0900","1600","0900","C1101564","014","89","9053","37.64580836005675","127.05334083027373"
"충청남도 천안시 서북구 쌍용대로 296-1, 1층 일부 (성정동)","화요일은 휴무입니다.","주공6단지 맞은편","부광약국","041-578-6770","2130","0830","2130","0830","2130","0830","2130","0830","2130","0830","2130","0830","2100","0830","2100","0830","C2400048","311","34","9054","36.823241666666668","127.137055555555563"
"세종특별자치시 부강면 부강4길 5-1","부강면 부강리","부광약국","044-905-3010","2000","0800","2000","0800","2000","0800","2000","0800","2000","0800","1900","0800","1900","0900","2000","0800","C1800262","300","75","9055","36.529103789","127.3671865736"
"서울특별시 종로구 종로 223-1 (종로5가)","매달 1,3,4번째 일요일 정기 휴무","종로5가역 4번 출구","부광약국","02-762-8844","2000","0800","2000","0800","2000","0800","2000","0800","2000","0800","2000","0800","1930","0900","1900","0900","C1103727","031","26","9056","37.57122296227174","127.00260919605117"
"대구 서구 서대구로 66 1층 (평리동)","공휴일은 날마다 시간이 다 다름","부광약국","053-566-2589","2000","0900","2000","0900","2000","0900","2000","0900","2000","0900","1900","0900","1900","0900","C1300788","418","29","9057","35.86397659121","128.556406384147"
"부산광역시 부산진구 전포대로 170 (전포동, 유성헤네스타워 B102)","당감시장 사거리","부광약국","051-897-5283","1900","0900","1900","0900","1900","0900","1900","0900","1900","0900","1700","0900","C1200205","473","06","9058","35.15181823253885","129.0658912976753"
"경상북도 청송군 부남면 대전로 144","하절기 운영시간 07:00~20:00","부남터미널파출소방향50m","부남약국","054-872-0770","2000","0800","2000","0800","2000","0800","2000","0800","2000","0800","2000","0800","C2700328","374","43","9059","36.346674261314696","129.06441618067143"
"부산광역시 금정구 장전온천천로 48, 부산대지하철역 1층 (장전동)","부산대지하철역 내 위치","부대약국","051-000-0000","2200","0900","2200","0900","2200","0900","2200","0900","2200","0900","1900","1000","1900","1100","C1202622","462","91","9060","35.2296168581211","129.08934228090052"
"경상남도 의령군 부림면 신번로 149 (부림약국)","신반시외버스터미널 부근","부림약국","055-574-6105","1930","0800","1930","0800","1930","0800","1930","0800","1930","0800","1630","0800","C2800190","521","03","9061","35.466618137378426","128.3240484227333"
"경상남도 창녕군 창녕읍 당산1길 26-22, 부림빌딩 (창녕읍)","부림약국","055-532-8047","2030","0800","1730","0800","1730","0800","1730","0800","1730","0800","1300","0800","C2802079","503","23","9062","35.54194281965667","128.49635265799986"
"부산광역시 부산진구 부전로66번길 50 (부전동)","서면역 7번출구/롯데백화점 뒤 어린이 놀이터근처","부민약국","051-806-8074","2130","0900","2130","0900","2130","0900","2130","0900","2230","0900","2230","0900","2100","0900","C1200462","472","87","9063","35.15577907884329","129.0574381334587"
"부산광역시 서구 대청로 6, 1층 101호 (부민동1가)","부민약국","0512451500","1730","0800","1730","0800","1730","0800","1300","0800","1730","0800","1300","0800","C1203063","492","24","9064","35.1031297314126","129.020392559882"
"울산광역시 동구 방어진순환도로 787(전하동)","베스킨라빈스 맞은편(우리은행옆)","부민약국","052-251-0614","2100","0900","2100","0900","2100","0900","2100","0900","2100","0900","1900","0900","C1700203","440","42","9065","35.512091666666670","129.430491666666654"
"경기도 수원시 권선구 상탑로 101 (서둔동)","부민약국","031-291-5385","2100","0900","2100","0900","2100","0900","2100","0900","2100","0900","1900","0900","C2101286","166","16","9066","37.27114472677945","126.98206431865181"
"서울특별시 성북구 화랑로13길 9, 1층 (하월곡동)","매월 2번째 일요일 영업함 10:00~19:00","부민약국","02-912-7393","2040","0900","2040","0900","2040","0900","2040","0900","2040","0900","2000","0900","1900","1000","C1102709","027","51","9067","37.60384706915955","127.04242785324057"
"부산광역시 북구 만덕대로65번길 9, 1층 (덕천동)","3호선 숙등역 6번 출구","부민온누리약국","051-341-3309","1800","0900","1730","0900","1730","0900","1730","0900","1730","0900","1330","0900","C1202433","465","55","9068","35.2122756174","129.0117043836012"
"경기도 이천시 부발읍 무촌로 124","부발약국","031-634-4486","1300","0900","1300","0900","1300","0900","1300","0900","1300","0900","1600","0900","1330","0830","C2101773","173","24","9069","37.28299551514326","127.48784074015589"
"울산광역시 중구 다운로 46, (다운동)","다운동 농협 맞은편 푸른유통옆","부부약국","052-249-1527","1920","0900","1920","0900","1920","0900","1920","0900","1920","0900","1700","0900","C1700056","444","06","9070","35.558691666666668","129.272147222222230"
"강원특별자치도 원주시 평원로 50 (평원동)","원흥주차장 앞","부부약국","033-746-8438","1800","0800","1800","0800","1800","0800","1800","0800","1800","0800","1300","0830","C2200182","264","30","9071","37.350781603406695","127.95141401140063"
"서울특별시 강북구 오패산로 112 (미아동)","창문여고 사거리","부부약국","02-989-6060","1800","0800","1800","0800","1800","0800","1800","0800","1800","0800","1300","0800","C1103578","142","804","9072","37.611913347353266","127.03505078880632"
"인천광역시 부평구 육동로 30, (부평동,부부약국)","일요일 공휴일 운영 유동적, 방문 전 확인 필요","부평역1번출구전방50m","부부약국","032-501-2034","2000","0900","2000","0900","2000","0900","2000","0900","2000","0900","1500","1000","2100","0900","C1400601","214","06","9073","37.48794856278257","126.7253633086483"
"전라남도 고흥군 고흥읍 고흥로 1754,","그린파크모텔 근처","부부약국","061-835-7344","1800","0800","1800","0800","1800","0800","1800","0800","1800","0800","1300","0800","C2600340","595","43","9074","34.607358333333330","127.286097222222224"
"서울특별시 도봉구 도봉로181길 46 (도봉동)","도봉구 도봉봉 574-37","부부약국","02-955-5665","2000","0830","2000","0830","2000","0830","2000","0830","2000","0830","1900","0830","C1101569","013","03","9075","37.6845577156904","127.04352811802"
"충청북도 청주시 상당구 영운로 55(영운동)","한국병원 신관 대각선 뒤편, 청주사회서비스센터 옆옆집","부부약국","043-259-4621","1800","0900","1800","0900","1800","0900","1800","0900","1800","0900","1400","0900","C2301197","287","12","9076","36.6203461400868","127.495387139768"
"충청북도 영동군 영동읍 중앙로 18-1, 약국","배일훈내과 1층","부부약국","043-745-5050","1830","0830","1830","0830","1830","0830","1830","0830","1830","0830","1300","0830","C2300352","291","45","9077","36.174109349710065","127.77573374032198"
"경기도 부천시 범안로 1 (괴안동)","괴안삼거리에 위치한 건물 1층","부부약국","032-343-8871","2100","0900","2100","0900","2100","0900","2100","0900","2100","0900","2100","0900","1800","0900","C2100230","146","82","9078","37.481173351095904","126.80539910985004"
"경기도 이천시 장호원읍 장터로 45-10","이천상회건너편","부부약국","031-641-6628","1400","0900","1400","0900","1400","0900","1400","0900","1400","0900","1700","0830","C2100526","174","20","9079","37.11746082070375","127.63105224260937"
"강원특별자치도 속초시 중앙로 35, (교동)","부부약국","033-632-9135","1800","0900","1800","0900","1800","0900","1800","0900","1800","0900","1300","0900","C2200483","248","35","9080","38.19965935807759","128.58051641362465"
"제주특별자치도 서귀포시 일주동로 8640","동홍동 열린병원옆","부부약국","064-767-6013","2200","0830","2200","0830","2200","0830","2200","0830","2200","0830","2200","0830","1900","0830","2200","0830","C2900179","635","85","9081","33.25428045273143","126.56530125563322"
"충청남도 논산시 강경읍 계백로 86","강경법원 맞은편","부부약국","041-745-0606","1830","0900","1830","0900","1830","0900","1830","0900","1700","0900","C2400442","329","39","9082","36.153644444444446","127.011480555555551"
"경상남도 양산시 서창로 186","서창시장","부부약국","055-365-1195","1900","0900","1900","0900","1900","0900","1900","0900","1900","0900","1700","0900","C2800304","505","27","9083","35.41577196552227","129.1723918158666"
"전북특별자치도 정읍시 우암로 25 (시기동)","명동사거리 구시장입구","부부약국","063-533-2584","1800","0830","1800","0830","1800","0830","1800","0830","1800","0830","1300","0830","C2500295","561","62","9084","35.565681066255074","126.85409271651002"
"경상남도 진주시 망경로 294, (망경동)","제일예식장 근처","부부약국","055-752-1248","1830","0830","1830","0830","1830","0830","1830","0830","1830","0830","1300","0830","1200","0830","C2800113","527","10","9085","35.185252777777777","128.085363888888878"
"경상남도 거제시 서문로 65","고현시외버스터미널 거제아동병원 옆","부부약국","055-637-8922","2100","0900","2100","0900","2100","0900","2100","0900","2100","0900","1500","0900","C2800307","532","51","9086","34.889819982206134","128.6228799403287"
"경상남도 창원시 마산회원구 3·15대로 728 (합성동)","마산역 삼성프라자와 시외주차장 중간지점","부부약국","055-293-8275","1930","0900","1930","0900","1930","0900","1930","0900","1930","0900","1300","0900","1300","0900","C2800260","513","62","9087","35.23700729789632","128.58182847056264"
"충청북도 진천군 광혜원면 중리1길 17","광혜원의원 옆","부부약국","043-535-7153","2000","0900","2000","0900","2000","0900","2000","0900","2000","0900","2000","0900","C2300524","278","05","9088","36.989811806594446","127.4420341586943"
"서울특별시 구로구 오류로8길 60, (오류동)","오류동역 2번 출구","부부약국","02-2688-0151","1900","0900","1900","0900","1900","0900","1900","0900","1900","0900","1500","0900","C1101571","083","44","9089","37.4922309550669","126.843672332293"
"전라남도 여수시 중앙로 61-1, (교동)","5월 30(수) 23:00까지 운영","부부약국","061-665-2468","1800","0800","1800","0800","1800","0800","1800","0800","1800","0800","1300","0800","C2600265","597","36","9090","34.74027616717256","127.73445099641563"
"전라남도 영암군 영암읍 오리정길 2 (영암읍)","부부약국","061-472-5555","1800","0830","1800","0830","1800","0830","1800","0830","1800","0830","1300","0830","C2601218","584","21","9091","34.7950512091834","126.701010694692"
"전라남도 구례군 구례읍 북문길 4","세브란스병원 옆.","부부약국","061-782-2041","1200","0900","1200","0900","1200","0900","1200","0900","1200","0900","1200","0800","C2600625","576","43","9092","35.21100121384962","127.46502071958992"
"경상북도 안동시 풍산읍 풍산중앙길 117","추석당일, 설 당일 휴무","풍산우체국옆","부부온누리약국","054-856-2049","2130","0700","2130","0700","2130","0700","2130","0700","2130","0700","2030","0700","1930","0800","2030","0800","C2700122","366","21","9093","36.5794014667","128.5736485279"
"제주특별자치도 제주시 신대로16길 41","공공 심야 약국 - 새벽 3시까지 영업함.","신제주 종합시장 남동측사거리","부부온누리약국","064-742-5252","2700","1500","2700","1500","2700","1500","2700","1500","2700","1500","2700","1700","2700","1700","2700","1700","C2900233","631","23","9094","33.48677881062849","126.49212643832976"
"경기도 안양시 동안구 관악대로 133, 201호 (비산동, 삼성래미안아파트상가)","명절 등 법정공휴일은 꼭 전화문의 후 방문할 것","비산동삼성래미안아파트신한은행2층","부부온누리약국","031-449-1873","2130","0900","2130","0900","2130","0900","2130","0900","2130","0900","2100","0900","1400","1000","2130","0900","C2102233","139","22","9095","37.39919903787409","126.93841720250002"
"서울특별시 동작구 성대로 68 (상도동)","3째주 일요일만 운영합니다. 공휴일은 운영시간이 변동 가능하니 사전에 연락하시고 가시길 바랍니다.","성대시장 입구에서 100m 직진 오른쪽에 위치","부산약국","02-823-7339","2000","0900","2000","0900","2000","0900","2000","0900","2000","0900","2000","0900","2000","1000","1900","0900","C1103474","070","44","9096","37.4979174164543","126.934322768351"
"울산광역시 울주군 온산읍 덕신로 258 (온산읍)","덕신사거리롯데리아건너편양주동내과쪽으로100M","부산약국","052-238-6677","1900","0850","1900","0850","1900","0850","1900","0850","1900","0850","1300","0850","C1700245","450","05","9097","35.43342404192783","129.30965665307758"
"대구광역시 남구 대명로 125","KT남대구지사 맞은편","부산약국","053-652-5326","1900","0840","1900","0840","1900","0840","1900","0840","1900","0840","1700","0840","C1300870","424","74","9098","35.839602913994895","128.57153408871645"
"부산광역시 서구 구덕로185번길 24, 1-2층 (아미동2가)","1호선 토성역 2,4번출구","부산약국","051-256-2203","1800","0830","1800","0830","1800","0830","1800","0830","1800","0830","C1202564","492","41","9099","35.1013430225104","129.018491005214"
"부산광역시 금정구 부곡로 115","부산은행 밑","부산약국","051-583-1884","1830","0900","1830","0900","1830","0900","1830","0900","1830","0900","1300","0900","C1200157","462","72","9100","35.226127949741795","129.09167825993273"
"부산광역시 동구 중앙대로 197, 1층 (초량동)","부산역온누리약국","051-467-1009","1700","0830","1700","0830","1700","0830","1700","0830","1700","0830","1430","0830","C1201284","488","16","9101","35.1151165783653","129.03921383624126"
"부산광역시 부산진구 동성로 152 (전포동)","동물의약품 취급(백신, 심장사상충약, 구충제, 레볼루션 넥스가드 등 취급) 처방전 조제,일반의약품 상담 *지하철 부전역 2번 출구 앞","1호선 부전역 2번출구","부산진약국","051-817-5711","1930","0900","1930","0900","1930","0900","1930","0900","1930","0900","1800","0900","1730","0930","C1200887","472","41","9102","35.1617094938","129.0629030983"
"부산광역시 북구 백양대로1050번길 2 (구포동)","2호선 구남역 4번출구","부산탑약국","051-335-4376","2000","0900","2000","0900","2000","0900","2000","0900","2000","0900","2000","0900","C1202066","466","36","9103","35.19883288331518","128.99674036400907"
"경상남도 창원시 마산회원구 3·15대로 686 (석전동)","365병원 1층","부성약국","055-255-4300","1900","0900","1900","0900","1900","0900","1900","0900","1900","0900","1400","0900","C2800572","513","16","9104","35.2337611255067","128.57947639308207"
"광주광역시 동구 화산로 355, (용산동)","토요일 비정기적마감으로 유선연락 후 방문 요함","화순방향 삼양예식장 근처","부성약국","062-234-7148","1940","0900","1940","0900","1940","0900","1940","0900","1940","0900","1940","0900","C1500288","615","04","9105","35.12015102712898","126.93251544097627"
"전북특별자치도 익산시 무왕로26길 8-1 (부송동)","운암콤비@맞은편 우리들의원 아래층","부송우리약국","063-832-5083","2000","0900","2000","0900","2000","0900","2000","0900","2000","0900","1500","0900","C2500862","545","57","9106","35.95996836258407","126.99785611221122"
"전북특별자치도 익산시 무왕로 1202, (부송동)","백제문화웨딩홀사거리","부송종로약국","063-838-8275","1830","0900","1830","0900","1830","0900","1830","0900","1830","0900","1230","0900","C2500327","545","62","9107","35.95944255036307","126.99009754862652"
"전북특별자치도 부안군 부안읍 석정로 224","국민은행 옆","부안신세계약국","063-581-9600","1800","0900","1800","0900","1800","0900","1800","0900","1800","0900","1300","0900","C2500451","563","13","9108","35.72565015991464","126.73706065077604"
"전북특별자치도 부안군 부안읍 시장1길 5-31","부안약국","5818858","1900","0830","1900","0830","1900","0830","1900","0830","1900","0830","1400","0830","C2501362","563","08","9109","35.7270077230129","126.736093697176"
"전북특별자치도 부안군 부안읍 석정로 198","공휴일(일정하지않음) 전화후 방문","전북은행과 우체국 사이","부안종로약국","063-583-3233","1830","0800","1830","0800","1830","0800","1830","0800","1830","0800","1500","0830","C2500244","563","08","9110","35.728014967321904","126.73700862469539"
"부산광역시 부산진구 가야대로 지하 719, 지하철 부암역 (부전동)","2호선 부암역 지하철","부암역약국","051-819-8222","1950","0810","1950","0810","1950","0810","1950","0810","1950","0810","1400","0810","C1202493","472","61","9111","35.15743719776673","129.05042644543175"
"충청남도 부여군 규암면 흥수로 878, 218동 1층 106호 (부여센트럴휴엔하임)","방문시 전화확인요망","부여규암약국","041-833-1530","2130","0830","2130","0830","2130","0830","2130","0830","2130","0830","2130","0830","2130","0830","2130","0830","C2401741","331","25","9112","36.274054199347","126.877497807595"
"충청남도 부여군 부여읍 사비로 76-1, 부여약국","9월 14일(토) 정상근무: 08:00~16:00 9월 15일(일) 근무: 10:00~16:00 이용에 참고바랍니다.","부여 터미널 건너편 성요셉병원 옆건물 부여약국입니다. 버스정류장앞에 있습니다. 병의원처방전 조제, 일반의약품판매 뿐아니라, 부여동물약국도 같이 운영하고 있습니다.","터미널 맞은편","부여약국","041-835-2700","2200","0800","1900","0800","1900","0800","1830","0800","1900","0800","1600","0800","1600","1000","C2400376","331","51","9113","36.28081113896805","126.9107999346377"
"광주광역시 광산구 사암로 251","부영소망약국","062-430-9631","2000","0900","2000","0900","2000","0900","2000","0900","2000","0900","1300","0900","C1500515","623","46","9114","35.1664259825345","126.80851353633771"
"경기도 평택시 세교공원로 66 101호 (세교동, 부영아파트)","부영약국","031-651-3083","2000","0900","2000","0900","2000","0900","2000","0900","2000","0900","1600","0900","C2103315","178","36","9115","37.0023749786241","127.08511701037605"
"부산광역시 부산진구 백양대로 298","신개금 엘지아파트 상가","부영약국","051-894-3990","2000","0900","2000","0900","2000","0900","2000","0900","2000","0900","1700","0900","C1200030","471","74","9116","35.154785974225746","129.01897720572356"
"부산광역시 사하구 낙동대로 325, 1층 (괴정동)","1호선 사하역 2번출구","부영약국","051-292-2565","1900","0900","1900","0900","1900","0900","1900","0900","1900","0900","1300","0900","C1200257","493","99","9117","35.09995395290001","128.98148714650108"
"인천광역시 미추홀구 한나루로 411 (학익동)","학익시장 맞은편","부영약국","032)875-2391","2230","0900","2230","0900","2230","0900","2230","0900","2230","0900","2200","0900","2200","1900","2230","1300","C1400582","222","10","9118","37.444405233539015","126.66502942918848"
"경상북도 포항시 남구 오천읍 남원로 86-28 (오천읍)","부영약국","054-292-7004","1800","0800","1800","0800","1230","0800","1800","0800","1800","0800","1230","0800","C2701450","378","81","9119","35.9715974477","129.400476474"
"전북특별자치도 김제시 동서로 260, 1동 101호 (요촌동)","시외버스터미널 맞은편","부영약국","063-547-2031","1800","0830","1800","0830","1800","0830","1800","0830","1800","0830","1300","0830","C2500200","543","94","9120","35.80323766137524","126.89445403568058"
"경기도 하남시 대청로 119-1, 101호 (창우동, 부영아파트상가동)","부영아파트단지","부영약국","031-791-1668","1930","0900","1930","0900","1930","0900","1930","0900","1930","0900","1430","0900","C2104447","129","44","9121","37.5396787917","127.2261314291"
"서울특별시 강서구 강서로56나길 110","1, 3째주 토요일은 휴무입니다. 일요일, 공휴일 은 쉽니다.","부영아파트 상가 112호","부영약국","02-3663-1809","1800","0900","1800","0900","1800","0900","1800","0900","1800","0900","1200","0900","C1104281","075","80","9122","37.5629278970328","126.84250923702506"
"경기도 남양주시 도농로 24, 211호 (다산동, 부영애시앙사랑관)","부영정다운약국","031-556-5355","1820","0900","1820","0900","1820","0900","1820","0900","1820","0900","1420","0900","C2102733","122","56","9123","37.60820320687045","127.15775088107193"
"경상남도 김해시 김해대로 2352, 3층 302호 (부원동)","부원아이약국","055-724-1277","1800","0830","1800","0830","1800","0830","1800","0830","1800","0830","1300","0830","C2802445","509","40","9124","35.225850688158","128.8841858189"
"경상남도 김해시 호계로 411, 101호 (부원동)","부원약국","055-327-7740","2100","0830","2100","0830","2100","0830","2100","0830","2100","0830","2100","0830","1300","0830","C2802265","509","25","9125","35.227216209765","128.884975647569"
"제주특별자치도 제주시 우정로8길 2, 1층 (외도일동)","부원약국","064-900-4338","1900","0830","1900","0830","1900","0830","1900","0830","1900","0830","1400","0830","C2900460","630","69","9126","33.4893652814","126.4306786436"
"서울특별시 성동구 성덕정길 80, 부원약국 (성수동2가)","부원약국","02-463-4247","1930","0830","1930","0830","1930","0830","1930","0830","1930","0830","1500","0830","C1102675","047","75","9127","37.53780238218912","127.05236711315635"
"경기도 안양시 만안구 병목안로 14, 우남 리치빌 1층 104호 (안양동)","부원약국","031-429-1030","1700","0900","1700","0900","1700","0900","1700","0900","1700","0900","1800","0900","C2103853","140","01","9128","37.35265757988198","126.97188678461599"
"경상남도 진주시 진양호로123번길 6 (평거동)","평거농협 근처","부원약국","055-746-8610","1900","0830","1900","0830","1900","0830","1900","0830","1900","0830","1330","0830","C2800624","526","49","9129","35.168380555555558","128.053094444444440"
"부산광역시 해운대구 선수촌로 102-2, 부원메디칼센타 2층 (반여동)","버스정류장: 반여1동 국민은행 2층","부원약국","051-531-5310","1830","0900","1830","0900","1830","0900","2000","0900","1830","0900","1400","0900","C1200065","480","37","9130","35.2027775366","129.1196226484"
"경상남도 김해시 김해대로 2342 (부원동)","공휴일 휴무","부원참약국","055-312-3555","1900","0900","1900","0900","1900","0900","1900","0900","1900","0900","1330","0900","1600","1000","C2801703","509","40","9131","35.22571574540114","128.8832386368366"
"충청북도 음성군 대소면 대동로 528","일요일 공휴일 유동적 운영, 전화후방문(필히 확인)","부윤사랑약국","043-882-8622","1930","0900","1930","0900","1930","0900","1930","0900","1930","0900","C2301073","276","77","9132","36.9508856358","127.5226136668"
"서울특별시 중구 청구로14길 45, (신당동)","공휴일이 일요일인 경우 휴무이오니 방문전 전화 확인후 이용바랍니다","부일M약국","02-2238-6974","2100","0900","2100","0900","2100","0900","2100","0900","2100","0900","2100","0930","2100","0930","C1103275","046","13","9133","37.56277317002582","127.01314920225903"
"부산광역시 사상구 냉정로 115-1, (주례동)","냉정시장","부일약국","051-325-2332","1900","0900","1900","0900","1900","0900","1900","0900","1900","0900","1400","0900","C1200514","470","06","9134","35.14966659880186","129.0126468572504"
"서울특별시 성동구 왕십리로 275-1 (행당동)","공휴일은 구정, 신정, 추석 제외하고 운영합니다. 일요일, 공휴일 경우에는 시간 변동될 수 있으므로 꼭 사전에 연락하시고 방문하시길 바랍니다.","부일약국","02-2292-8620","1900","0600","1900","0600","1900","0600","1900","0600","1900","0600","1700","0600","1500","0600","1500","0600","C1101548","047","45","9135","37.55886223708493","127.03714802026605"
"부산광역시 동구 중앙대로 227","1호선 부산역 7번출구","부일약국","051-441-0239","1830","0900","1830","0900","1830","0900","1830","0900","1830","0900","1300","0900","C1200995","488","15","9136","35.11742433714784","129.04067939430217"
"부산광역시 부산진구 중앙대로755번길 16 (부전동)","부전시장 입구","부일약국","051-809-7211","2100","0900","2100","0900","2100","0900","2100","0900","2100","0900","2100","0900","2100","0900","C1201294","472","51","9137","35.16032272240032","129.06008962994102"
"경상북도 경주시 원화로 312 (성동동)","부일온누리약국","054-741-6969","1930","0830","1930","0830","1930","0830","1930","0830","1930","0830","1600","0830","1200","0900","1200","0900","C2701530","381","47","9138","35.84860026521339","129.21771157099883"
"서울특별시 금천구 범안로 1183 (독산동)","설, 추석 연휴는 휴무 / 공휴일은 유동적입니다.","부자약국","02-809-8361","1930","0830","1930","0830","1930","0830","1930","0830","1930","0830","1330","0830","1400","0830","C1101688","085","86","9139","37.4666934155115","126.893113094685"
"인천광역시 부평구 원적로 392, 백마타운 1층 105호 (산곡동)","부자약국","032-710-5475","1730","0830","1730","0830","1730","0830","1730","0830","1730","0830","C1402114","213","77","9140","37.5036893838285","126.709983213173"
"서울특별시 서대문구 홍은중앙로 91, 1층 (홍은동)","부자약국","02-793-7715","2000","0900","2000","0900","2000","0900","2000","0900","2000","0900","1700","0900","1700","1300","1700","1300","C1110305","036","04","9141","37.5992202327237","126.947536648274"
"부산광역시 부산진구 새싹로 10, 1층 (부전동)","부전대형약국","051-715-8750","2100","0700","2100","0700","2100","0700","2100","0700","2100","0700","2100","0700","2100","0700","2100","0700","C1203043","472","54","9142","35.158907806116105","129.05842660484936"
"부산광역시 부산진구 중앙대로 751, 부전메디컬빌딩 1층 (부전동)","1,2호선 서면역 15번출구","부전백세약국","051-818-0330","1800","0900","1800","0900","1800","0900","1800","0900","1800","0900","1300","0900","C1202154","472","54","9143","35.15974949302615","129.06030779004254"
"부산광역시 부산진구 중앙대로783번길 11, 103, 104호 (부전동, 서면동원시티비스타)","부전사랑약국","051-803-1949","1900","0900","1900","0900","1900","0900","1900","0900","1900","0900","1800","0900","C1202972","472","51","9144","35.1621579956415","129.061686371153"
"부산광역시 부산진구 중앙대로 757-1, (부전동)","매일 08:00 - 21:00","부전시장약국","051-816-7282","2100","0800","2100","0800","2100","0800","2100","0800","2100","0800","2100","0800","2100","0800","2100","0800","C1202887","472","51","9145","35.1602090056682","129.060688525238"
"부산광역시 부산진구 중앙대로 755, (부전동)","부전시장 입구 하이프라자 맞은편 1,2호선 서면역 15번 출구","부전약국","051-804-3818","2130","0800","2130","0800","2130","0800","2130","0800","2130","0800","2130","0800","2130","0800","C1200301","472","51","9146","35.160036111111111","129.060563888888879"
"전라남도 목포시 남악1로52번가길 3","부주약국","061-242-3021","1830","0930","1830","0930","1830","0930","1830","0930","1830","0930","1500","0930","C2601048","586","76","9147","34.8104925792","126.4480835613"
"충청남도 논산시 중앙로 249, (내동)","연중무휴","내동 정신아파트 사거리","부창약국","041-734-3197","2200","0830","2200","0830","2200","0830","2200","0830","2200","0830","2200","0830","2200","0900","2200","0830","C2400729","329","83","9148","36.189261391251904","127.09900817064923"
"경기도 부천시 소사구 경인로 470, 1층 (괴안동)","부천대형약국","032-345-0999","2300","0900","2300","0900","2300","0900","2300","0900","2300","0900","2300","0900","2300","0900","2300","0900","C2110084","146","82","9149","37.482517004854","126.808248525795"
"경기도 부천시 부천로90번길 8, (원미동)","대성병원 맞은편","부천메디칼약국","032-611-4040","2130","0900","2130","0900","2130","0900","2130","0900","2130","0900","1500","0900","C2100185","145","70","9150","37.49201102449205","126.78482709643059"
"경기도 부천시 계남로242번길 35-4, 1층 (중동)","부천보룡약국","032-321-4536","2000","0900","1840","0900","1840","0900","2000","0900","1840","0900","1530","0900","C2106897","145","34","9151","37.50500962584942","126.77647036255528"
"경기도 부천시 원미구 석천로112번길 8, 1, 2층 (중동)","순청향대학교병원 정문 앞 건물 1층","부천사랑약국","032-652-9155","1800","0900","1800","0900","1800","0900","1800","0900","1800","0900","1300","0900","C2100222","145","85","9152","37.49746353736682","126.76208125422897"
"경기도 부천시 오정구 소사로 802-1, 성운빌딩 103호 (원종동)","부천수약국","032-252-1010","2100","0800","2100","0800","2100","0800","2100","0800","2100","0800","2100","0800","2100","0900","2100","0900","C2108603","144","19","9153","37.5276955844436","126.805156683247"
"경기도 부천시 소사구 경인로 232, 이테크 에비뉴스타 104호 (심곡본동)","부천안강약국","031-000-0000","1800","0900","1800","0900","1800","0900","1800","0900","1800","0900","1300","0900","C2109910","147","11","9154","37.482836728976","126.781253106016"
"경기도 부천시 오정구 소사로 722, 103호 (원종동, 제이디 스카이빌)","부천우리365약국","032-673-0424","2230","0900","2230","0900","2230","0900","2230","0900","2230","0900","2230","0900","2230","0900","2230","0900","C2108080","144","66","9155","37.5205632755384","126.805111544372"
"경기도 부천시 중동로 143 (중동) 2층일부","부천이약국","032-663-1944","1900","0830","1900","0830","1900","0830","1900","0830","1900","0830","C2106469","146","08","9156","37.49272237398472","126.76655608562686"
"경기도 부천시 여월로 72, 107호 (여월동, 여월프라자)","부천이화약국","032-676-6433","1900","0900","1900","0900","1900","0900","1900","0900","1900","0900","C2106945","144","79","9157","37.51175494729351","126.8062924406963"
"경기도 부천시 원미구 송내대로 239, 소풍(부천터미널) 지하1층 BF14~19호 (상동)","부천제일큰약국","032-321-8704","2100","1000","2100","1000","2100","1000","2100","1000","2100","1000","2100","1000","2100","1000","2100","1000","C2109960","145","45","9158","37.5041446553817","126.756721807955"
"경기도 부천시 자유로 52, (심곡본동)","부천남부역 자유시장입구 1층","부천종로약국","032-612-8175","2130","0900","2130","0900","2130","0900","2130","0900","2130","0900","2130","1000","2130","1000","2200","1000","C2100332","147","09","9159","37.483608132467545","126.78182106275343"
"경기도 부천시 원미구 길주로 288, 105호 (중동, 다운타운)","롯데백화점근처건물 1층(고가도로 옆)","부천중동약국","032-324-0399","2030","0900","2030","0900","2030","0900","2030","0900","2030","0900","2000","0900","C2100266","145","48","9160","37.50270600340345","126.77423347636969"
"경기도 부천시 원미구 장말로 316-1, 1층 (심곡동)","부천힐링팜약국","032-612-7575","1930","0930","1930","0930","1930","0930","1930","0930","1930","0930","1430","0930","C2108101","146","15","9161","37.490834793943","126.777113380599"
"충청남도 서산시 대사동4길 7-4 (동문동)","일요일, 공휴일은 비정기적으로 운영합니다. 전화 후 방문해주세요.","수협본점에서 동부시장 입구쪽","부춘약국","041-665-3253","2030","0830","2030","0830","2030","0830","2030","0830","2030","0830","2030","0830","2000","0900","2000","0900","C2400043","319","82","9162","36.783270959705064","126.45631417765969"
"인천광역시 부평구 광장로 지하 15 (부평동)","부평365약국","070-4281-1997","1730","0930","1730","0930","1730","0930","1730","0930","1730","0930","C1401841","214","04","9163","37.49012467976385","126.72350994711543"
"인천광역시 부평구 주부토로 112, 삼진빌딩, 1층 일부 (부평동)","부평건강약국","050-71354-1326","1830","0930","1830","0930","1830","0930","1830","0930","1830","0930","1530","0930","C1401970","213","55","9164","37.5049804121039","126.725782927949"
"인천광역시 부평구 경원대로 1286 (부평동)","2001아울렛건너편 메디아나센터 104호","부평그랜드약국","032-521-0720","2100","0900","2100","0900","2100","0900","2100","0900","2100","0900","1800","0900","C1400217","214","05","9165","37.490322222222225","126.711886111111113"
"부산광역시 중구 부평2길 54 (부평동1가)","부평깡통큰약국","070-861-1969","C1203049","489","78","9166"
"인천광역시 부평구 동수로 61, 공익스포렉스빌딩 108~112,207호 (부평동)","부평대학약국","032-527-5119","1800","0830","1800","0830","1800","0830","1800","0830","1800","0830","C1402217","214","25","9167","37.485591916614","126.725409001374"
"인천광역시 부평구 장제로 82, (부평동)","부평 농협로타리 힘찬병원 옆","부평드림약국","032-507-1834","1700","0900","1700","0900","1700","0900","1700","0900","1700","0900","1800","0900","C1400230","213","99","9168","37.4928250457","126.7301580532"
"인천광역시 부평구 부평대로 113 (부평동)","부평맑은약국","032-719-7358","2000","0900","2000","0900","1830","0900","2000","0900","2000","0900","2000","0900","C1402215","213","79","9169","37.5015555236635","126.721509507395"
"인천광역시 부평구 마곡로 14, 근린생활시설 상가동 B110일부호 (산곡동, 부평두산위브더파크)","부평새천년약국","070-7585-5913","1800","0900","1800","0900","1800","0900","1800","0900","1800","0900","C1402147","213","07","9170","37.5131805980736","126.699129074708"
"인천광역시 부평구 시장로 55 (부평동)","시장로터리에서 원예농협방향으로 내려오는 길목에 위치한 건물 1층","부평시장약국","032-523-7670","1900","0900","1900","0900","1900","0900","1900","0900","1900","0900","1900","0900","C1400386","213","91","9171","37.49508961267428","126.72756261252535"
"인천광역시 부평구 부평대로 83, 강남타워 1층 102호 (부평동)","부평시장역4번출구약국","032-527-5553","2100","0830","2100","0830","2100","0830","2100","0830","2100","0830","1800","0830","C1401812","213","79","9172","37.4989467472541","126.721734062719"
"부산광역시 중구 흑교로 34 (부평동2가)","부평아파트 1층","부평약국","051-245-5885","2000","0900","2000","0900","2000","0900","2000","0900","2000","0900","1700","0900","C1200727","489","77","9173","35.10239737920135","129.02535666796004"
"인천광역시 부평구 부평대로 90, 여산빌딩, 101호 일부 (부평동)","부평구보건소에서 부평시장역 1번출구 쪽으로","부평온누리약국","032-506-1101","2030","0900","2030","0900","2030","0900","2030","0900","2030","0900","1800","0900","C1400270","213","59","9174","37.49878960808083","126.72323316637983"
"인천광역시 부평구 장제로 74 (부평동)","부평우리약국","032-522-8868","1830","0900","1830","0900","1830","0900","1830","0900","1830","0900","1320","0900","C1400802","213","99","9175","37.49210769685742","126.7300927874659"
"인천광역시 부평구 경원대로 1270, 101호 (부평동)","부평이화약국","032-512-5566","1800","1000","1800","1000","1800","1000","1800","1000","1800","1000","C1401889","214","05","9176","37.4896380425467","126.710493572989"
"인천광역시 부평구 장제로 137, 1층 101호 (부평동)","부평정약국","032-330-1248","1900","0900","1900","0900","1900","0900","1900","0900","1900","0900","1400","0900","C1402192","213","92","9177","37.4974528756587","126.729882888599"
"인천 부평구 부평문화로 48 (부평동)","부평 롯데백화점 정문입구쪽에 위치한 건물 1층","부평제일약국","032-522-8119","1930","0900","1930","0900","2010","0900","1600","0900","1930","0900","1530","0900","C1400521","213","89","9178","37.493730958379054","126.72140695881504"
"인천광역시 부평구 부평대로 6","부평조은약국","032-507-0858","2100","0900","2100","0900","2100","0900","2100","0900","2100","0900","1900","0900","C1400727","213","94","9179","37.49206165153783","126.72352498829349"
"인천광역시 부평구 세월천로 46 (청천동)","공휴일 사전 문의 필요","영아다방 부근","부평종로약국","032-514-7038","2200","0830","2200","0830","2200","0830","2200","0830","2200","0830","2200","0830","1800","1200","C1400474","213","12","9180","37.51318686955007","126.70421898023275"
"인천광역시 부평구 대정로 28, 104호 (부평동)","운영시간 정보 필요","부평중앙약국","032-000-0000","1800","0900","C1402178","213","93","9181","37.4963383374826","126.724229887682"
"인천광역시 부평구 시장로 53, 1층 (부평동)","부평큰약국","032-511-4788","2100","0900","2100","0900","2100","0900","2100","0900","2100","0900","2100","0900","2100","0900","C1401964","213","91","9182","37.4953183415695","126.727231447996"
"인천광역시 부평구 경인로 947 (부평동, 태성메디칼 109호110호)","부평판도라약국","032-584-7595","2230","0830","2230","0830","2230","0830","2230","0830","2230","0830","1830","0830","C1401620","214","07","9183","37.4878466485","126.7249294688"
"인천광역시 부평구 시장로 32, 1층 103호 (부평동)","부평평화약국","032-710-9415","1800","0900","1800","0900","1800","0900","1830","0900","1800","0900","1430","0900","1330","0900","1800","0900","C1401987","213","95","9184","37.4935727211125","126.726173491415"
"인천광역시 부평구 동수북로158번길 3, (부평동)","부평남부역 2번출구에 위치한 건물 1층","부평하나로약국","032-503-7341","2030","0900","2030","0900","2030","0900","2030","0900","2030","0900","2030","0900","C1400412","214","07","9185","37.48881756644752","126.72400325818375"
"인천광역시 부평구 산청로 97, 근린생활시설4동 1층 404호 (청천동, e편한세상부평그랑힐스)","부평해약국","032-501-0730","1900","0830","1900","0830","1900","0830","1900","0830","1900","0830","1430","0830","C1402075","213","03","9186","37.5190171850883","126.700972539435"
"서울특별시 서대문구 통일로 189-1 (영천동, 동성건물)","일요일 당번제로 운영(매달에 2째주 근무,격달에 4째주 근무)","독립문 로터리에서 서대문 로터리 방향 버스 정류소 앞","부활약국","02-363-8939","1900","0900","1900","0900","1900","0900","1900","0900","1900","0900","1800","0900","C1101649","037","34","9187","37.57039917747311","126.96186144553818"
"경상북도 구미시 구미중앙로 58 (원평동)","경북구미시원평2동105-7","부활약국","054-452-8338","2100","0900","2100","0900","2100","0900","2100","0900","2100","0900","1700","0900","1700","0900","C2700191","392","22","9188","36.12968476759051","128.3290733355493"
"인천광역시 강화군 내가면 강화서로 223","내가면사무소에서 올라가면 내가시장 나옴. 내가시장 안에 위치.","부흥생명약국","032-932-5918","2100","0800","2100","0800","2100","0800","2100","0800","2100","0800","2100","0800","C1400670","230","18","9189","37.71668001276168","126.39085445104459"
"경상북도 포항시 북구 학전로 24","부흥연합약국","054-247-4915","2130","0800","2130","0800","2130","0800","2130","0800","2130","0800","2130","0900","2130","1530","2130","0800","C2700347","377","14","9190","36.054838362499645","129.37455969061492"
"인천광역시 부평구 장제로 160","공휴일 유동적 운영(0900~2100)","부흥온누리약국","032-362-1125","2000","0900","2000","0900","2000","0900","2000","0900","2000","0900","1700","0900","A1402768","213","53","9191","37.49979201390258","126.73120893951338"
"서울특별시 서대문구 응암로 60, 경원빌딩 1층 (북가좌동)","북가좌수약국","070-8243-0365","1900","0900","1900","0900","1900","0900","1900","0900","1900","0900","1300","0900","C1104715","036","91","9192","37.5784638098937","126.910533956998"
"서울특별시 서대문구 증가로 241","토요일 14:30 이후에는 약국 운영시간 유동적으로 운영하오니 사전에 연락하시고 방문바랍니다.","북가좌 소방서 맞은편, 기업은행 옆 건물","북가좌온누리에약국","02-303-9155","2100","0900","2100","0900","2100","0900","2100","0900","2100","0900","2100","0900","C1104910","036","78","9193","37.58258384602914","126.91278527644911"
"대구광역시 북구 침산로 93","칠성동이마트2층(메가박스2층)","북구21세기약국","053-213-2319","2100","1000","2100","1000","2100","1000","2100","1000","2100","1000","2100","1000","2000","1000","2100","1000","C1300763","415","93","9194","35.88518739650105","128.58981449591613"
"광주광역시 북구 군왕로 80-1 (두암동)","언제든지 상담가능합니다","북구두암동 농협삼거리 옆","북구종로약국","062-262-7990","2000","0830","2000","0830","2000","0830","2000","0830","2000","0830","1700","0830","C1500496","611","56","9195","35.168381031007044","126.93280958949059"
"전북특별자치도 전주시 덕진구 명륜4길 21, 1층 (덕진동1가)","북대365약국","050-71315-6475","2230","1000","2230","1000","2230","1000","2230","1000","2230","1000","2230","1000","2230","1000","2230","1000","C2501522","548","98","9196","35.8438795599032","127.126956850261"
"경상북도 울진군 북면 장터길 102","부구시장 내","북면소망약국","054-781-0025","1900","0800","1900","0800","1900","0800","1900","0800","1900","0800","C2700036","363","05","9197","37.10354682870336","129.37505632976894"
"충청북도 충주시 중앙로 19, 1층 (문화동)","주변의료기관 : 충주병원","북문약국","043-847-2747","1900","0900","1900","0900","1900","0900","1900","0900","1900","0900","1700","0930","1600","1100","1700","1100","C2300261","274","06","9198","36.972994198122755","127.92513665183715"
"서울특별시 강북구 도봉로 150 (미아동)","미아역 4번 출구 8분 거리","북부약국","070-4240-4836","1800","0900","1800","0900","1800","0900","1800","0900","1800","0900","1300","0900","C1103491","011","60","9199","37.62229457935711","127.02814874263692"
"경기도 의정부시 가능로119번길 20 (가능동)","북부약국","031-871-3553","2200","0830","2200","0830","2200","0830","2200","0830","2200","0830","2200","0830","2100","1030","2100","1030","C2102759","116","78","9200","37.74781072183243","127.0442187228977"
"대구광역시 서구 달서로 201 (비산동)","서구북비산네거리농협건물1층","북비산약국","053-551-4020","1830","0900","1830","0900","1830","0900","1830","0900","1830","0900","1330","0900","C1300697","417","44","9201","35.880364736741335","128.57143028546204"
"경상북도 칠곡군 북삼읍 인강1길 16","북삼제일큰약국","054-977-9997","2200","0900","2200","0900","2200","0900","2200","0900","2200","0900","2200","0900","2200","0900","2200","0900","C2701666","398","10","9202","36.0661555726242","128.342221191483"
"경상남도 통영시 중앙로 285 (북신동)","일요일 휴무, 공휴일은 전화 확인 필요","농협 근처","북신무궁화약국","055-645-2086","1900","0850","1900","0850","1900","0850","1900","0850","1900","0850","1400","0850","1400","0850","C2800669","530","42","9203","34.855766121637686","128.42847392667878"
"강원특별자치도 원주시 서원대로 163","일요일과 공휴일은 약국사정에따라 변동있습니다","시외버스터미널과 SKT건물 사이 위치","북원약국","033-742-3624","1840","0900","1840","0900","1840","0900","1840","0900","1840","0900","1600","0900","C2200331","264","36","9204","37.34450595733686","127.92976684863604"
"강원특별자치도 원주시 북원상가길 13, 북원상가 1층 34호 (태장동)","공휴일이 일요일일 경우 운영안함","북원우리약국","033-763-3434","1900","0900","1900","0900","1900","0900","1900","0900","1900","0900","1900","0900","1900","0900","C2201189","263","16","9205","37.3843973419388","127.948844475535"
"경상북도 칠곡군 북삼읍 금오대로 247, 1층","북일약국","054-973-3345","2100","0900","2100","0900","2100","0900","2100","0900","2100","0900","1700","0900","1300","0900","1300","0900","C2700429","398","10","9206","36.06712918341204","128.3464018772492"
"경상남도 양산시 북정로 59-1 (북정동)","북정약국","055-386-6544","2000","0800","2000","0800","2000","0800","2000","0800","2000","0800","1300","0800","1300","0900","C2800895","505","70","9207","35.35917036054536","129.04693562348407"
"서울특별시 종로구 율곡로3길 71, 1층 (소격동)","북촌약국","02-720-8081","2000","1000","2000","1000","2000","1000","2000","1000","2000","1000","2000","1100","2000","1100","2000","1100","C1109428","030","62","9208","37.57875618957222","126.98201963954942"
"경기도 성남시 분당구 돌마로 482, 1층 (서현동, 주영빌딩)","분당21세기약국","031-705-0303","1900","0830","1900","0830","1900","0830","1900","0830","1900","0830","1500","0830","C2101715","135","86","9209","37.37729153915184","127.13365707078381"
"경기도 성남시 분당구 중앙공원로31번길 42, 서현파크플라자 123호 (서현동)","분당경희한약약국","031-708-8133","2100","0900","2100","0900","2100","0900","2100","0900","2100","0900","2000","1200","2000","1200","C2107746","135","88","9210","37.38313192125106","127.12549245670253"
"경기도 성남시 분당구 정자일로 100, 상가동 1층 106호 (정자동, 미켈란쉐르빌)","분당그린약국","031-717-7504","1900","0900","1900","0900","1900","0900","1900","0900","1900","0900","1300","0900","C2108593","135","62","9211","37.3587352007253","127.107488086879"
"경기도 성남시 분당구 서현로180번길 19, 비전월드 1층 101-30호 (서현동)","분당대학약국","031-604-5001","1800","0900","1800","0900","1800","0900","1800","0900","1800","0900","1300","0900","C2109695","135","90","9212","37.3873395397425","127.12246451531"
"경기도 성남시 분당구 돌마로 68, 1층 112,113호 (구미동, 분당프라자)","분당메디칼약국","미금역 3.4번출구","분당메디칼약국","031-717-4151","2200","0900","2200","0900","2200","0900","2200","0900","2200","0900","2200","0900","2200","0900","2200","0900","C2101713","136","27","9213","37.349752770507166","127.10933280671013"
"경기도 성남시 분당구 정자일로 55, 109동 3층 313호 (금곡동, 두산위브상가)","두산위브상가 109-305호","분당무지개약국","031-609-7575","1800","0900","1800","0900","1800","0900","1830","0900","1800","0900","1400","0900","C2103192","136","13","9214","37.35461078670412","127.10563309692506"
"경기도 성남시 분당구 돌마로90번길 4","엘레강스프라자 3층 308호","분당미금약국","031-713-1617","1900","0900","1900","0900","1900","0900","1900","0900","1900","0900","1700","0900","C2103193","136","27","9215","37.349714524876305","127.11172544484856"
"경기도 성남시 분당구 분당로263번길 39, 1층 (서현동,레이디파크)","분당미래약국","031-707-3374","2200","0900","2200","0900","2200","0900","2200","0900","2200","0900","1800","0900","C2100954","135","87","9216","37.37203282433315","127.14017319583036"
"경기도 성남시 분당구 서현로210번길 17, 106호 (서현동, 광림프라자)","AK플라자옆기업은행맞은편","분당백화점약국","031-701-2231","2230","1000","2230","1000","2230","1000","2230","1000","2230","1000","2230","1000","2230","1000","2230","1000","C2101206","135","91","9217","37.38551153944329","127.12461568723509"
"경기도 성남시 분당구 돌마로 80, 2층 (구미동,현대벤처빌)","분당봄약국","031-728-2131","1800","0900","1800","0900","1800","0900","1800","0900","1800","0900","1700","0900","1300","0900","C2101316","136","27","9218","37.34971920659672","127.11006479829247"
"경기도 성남시 분당구 분당로263번길 35, 서현굿모닝프라자 101호 (서현동)","분당비타민약국","031-709-5550","1800","0900","1800","0900","1800","0900","1800","0900","1800","0900","C2108980","135","87","9219","37.371745235428","127.139786082127"
"경기도 성남시 분당구 중앙공원로40번길 4, 202-2호 (서현동, 현대카스올림픽골드파크)","올림픽스포츠센타맞은편","분당새봄약국","031-701-3007","1900","0900","1900","0900","1900","0900","1900","0900","1900","0900","1600","0900","C2104073","135","89","9220","37.38034169145526","127.12943966413718"
"경기도 성남시 분당구 중앙공원로39번길 49, 서현 지엔느 202호 (서현동)","분당서현약국","031-709-1101","1800","0900","1800","0900","1800","0900","1800","0900","1800","0900","1400","0900","C2103991","135","88","9221","37.38404472596625","127.12492340792589"
"경기도 성남시 분당구 야탑로75번길 9, 금호프라자 1층 101호 (야탑동)","분당세계로약국","031-701-1217","1800","0900","1800","0900","1800","0900","1800","0900","1800","0900","1300","0900","C2109305","134","97","9222","37.4108437603366","127.126817211327"
"경기도 성남시 분당구 정자로 13, 108호 (정자동, 월드비터)","분당수약국","031-719-6600","2030","0900","2030","0900","2030","0900","2030","0900","2030","0900","1700","0900","C2101295","135","58","9223","37.363713780935534","127.1063284315014"
"경기도 성남시 분당구 성남대로331번길 3-9, 백궁프라자3 1층 107호 (정자동)","분당스마일약국","031-711-1113","1800","0900","1800","0900","1800","0900","1800","0900","1800","0900","1300","0900","C2109892","135","58","9224","37.3648461371195","127.107694692996"
"경기도 성남시 분당구 야탑로65번길 6","분당시민의약국","031-703-9373","2100","0900","2100","0900","2100","0900","2100","0900","2100","0900","2000","0900","C2101550","134","97","9225","37.41036354462341","127.12645303788122"
"경기도 성남시 분당구 불곡로 4, 107호 (정자동, 리더스프라자)","분당약국","070-8839-0636","1900","0900","1900","0900","1900","0900","1900","0900","1900","0900","1300","0900","C2106437","136","04","9226","37.3594051706","127.1229696186"
"경기도 성남시 분당구 장안로 27, 101호 (분당동)","분당우리약국","031-703-5248","2100","0900","2100","0900","2100","0900","2100","0900","2100","0900","1800","0900","C2101482","135","83","9227","37.3697306667","127.1424764395"
"경기도 성남시 분당구 분당로263번길 39, 210호 (서현동, 레이디파크빌딩)","분당이층약국","031-702-1271","1800","0900","1800","0900","1800","0900","1800","0900","1800","0900","C2108862","135","87","9228","37.3720222019753","127.140173946113"
"경기도 성남시 분당구 성남대로 385, 204호 (정자동, 분당클리닉빌딩)","분당이화약국","031-710-9630","2000","0900","2000","0900","2000","0900","2000","0900","2000","0900","1600","0900","C2104464","135","55","9229","37.37057134153251","127.10748963804796"
"경기도 성남시 분당구 서현로321번길 10, 별동 1층 (서현동)","분당정문약국","031-704-1021","1800","0900","1800","0900","1800","0900","1800","0900","1800","0900","1300","0900","C2110124","135","77","9230","37.3799779371768","127.136041376461"
"경기도 성남시 분당구 돌마로 87, 101~104호 (금곡동, 골드프라자)","미금역2번출구100M국민은행건물1층","분당종로약국","031-717-6117","2100","0900","2100","0900","2100","0900","2100","0900","2100","0900","1900","0900","C2101739","136","18","9231","37.350280264615485","127.11183462096821"
"경기도 성남시 분당구 성남대로 912, 분당BYC빌딩 3층 315호 (야탑동)","분당햇살약국","031-707-0365","1900","0900","1900","0900","1900","0900","1900","0900","1900","0900","1600","0900","C2106455","135","06","9232","37.4109658139","127.1292618885"
"서울특별시 양천구 중앙로 291, 1층 1호 (신월동)","분수광장약국","02-2693-7778","1930","0830","2030","0830","1930","0830","1930","0830","2030","0830","1600","0830","1330","0900","1330","0900","C1109697","080","28","9233","37.52219197600326","126.85157969688869"
"경상북도 안동시 서동문로 155 (북문동)","공공심야약국 월,수,금 월,수,금 18:00 ~20:00 휴게시간","안동보건소옆","분수대약국","054-858-1636","2300","0800","1800","0800","2300","0800","1800","0800","2300","0800","1300","0800","C2700271","366","94","9234","36.566712775156034","128.7292347908152"
"인천광역시 부평구 광장로 16, 부평민자역사 지하2층 39호, 40호 (부평동)","분수대약국","032-362-5317","2230","1000","2230","1000","2230","1000","2230","1000","2230","1000","2230","1000","2230","1000","C1401886","214","04","9235","37.4895676659869","126.72335064425"
"충청북도 청주시 서원구 1순환로1063번길 97, 벤처타워 102호 (분평동)","분평온누리약국","043-716-1259","1900","0840","1900","0840","1900","0840","1900","0840","1900","0840","1400","0840","C2301308","287","97","9236","36.6108884373723","127.485793211796"
"충청북도 청주시 서원구 1순환로 1037","분평우리들약국","043-288-3008","1900","0900","2000","0900","1900","0900","2000","0900","1900","0900","1400","0900","C2300125","287","98","9237","36.60746378568987","127.4823810999583"
"충청북도 청주시 서원구 1순환로1107번길 42","굿모닝빌딩 105호","분평푸른약국","043-262-6277","2100","0830","2100","0830","2100","0830","2100","0830","2100","0830","1700","0830","C2300023","288","00","9238","36.60829429353816","127.48999570156066"
"서울특별시 서초구 강남대로69길 10, 1층 102호 (서초동)","분홍약국","070-7608-6910","2100","1000","2100","1000","2100","1000","2100","1000","2100","1000","1800","1000","C1110571","066","11","9239","37.50168129411401","127.02417910300724"
"서울특별시 은평구 통일로 728, 1층 (불광동)","불광다올약국","02-351-3090","2100","0900","2100","0900","2100","0900","2100","0900","2100","0900","1500","0900","1700","1000","C1109995","033","68","9240","37.61055542672664","126.93018284232825"
"서울특별시 은평구 통일로 725-2, 1층 (대조동)","불광보광사약국","02-308-9982","1900","0900","1900","0900","1900","0900","1900","0900","1900","0900","1600","0900","C1102268","033","97","9241","37.5889526117","126.9123102304"
"서울특별시 은평구 통일로 741, 신흥빌딩 4층 (대조동)","불광새봄약국","02-388-6148","1800","0900","1800","0900","1800","0900","1800","0900","1800","0900","1300","0900","C1109718","033","96","9242","37.61144646515233","126.92861055264608"
"서울특별시 은평구 통일로 732 (불광동)","불광역 9번 출구 사거리 코너","불광온누리약국","02-359-0391","2100","0900","2100","0900","2100","0900","2100","0900","2100","0900","2100","0900","2100","0900","2100","0900","C1102666","033","68","9243","37.61090210412022","126.9298399148668"
"서울특별시 은평구 통일로 710, (불광동)","불광역 2번 출구","불광우리들약국","02-354-5775","1830","0900","1830","0900","1830","0900","1830","0900","1830","0900","1400","0900","C1101747","033","68","9244","37.60933067418074","126.93119195611251"
"서울 은평구 불광로 25 1층 (대조동)","불광일등약국","02-352-1046","2100","0900","2100","0900","2100","0900","2100","0900","2100","0900","1800","0900","1800","1000","1800","1000","C1110766","033","96","9245","37.61066718032387","126.92872738592482"
"서울특별시 은평구 불광로 17 (대조동)","휴게시간 평일 13:00~14:00 / 토요일 13:30~14:00","NC백화점 맞은편","불광프라자약국","02-388-1222","2000","0830","2030","0830","2000","0830","2030","0830","2000","0830","1600","0830","C1103528","122","837","9246","37.610045115216586","126.92809657726188"
"충청남도 천안시 서북구 불당21로 71 (불당동)","불당설약국","041-556-7445","2100","0900","2100","0900","2100","0900","2100","0900","2100","0900","1630","0900","C2401532","311","56","9247","36.81296464048112","127.10817531137911"
"충청남도 천안시 서북구 불당33길 34, 105호 (불당동)","불당아름약국","041-418-9638","2000","0900","2000","0900","2000","0900","2000","0900","2000","0900","C2401816","311","56","9248","36.8119742802678","127.106924007786"
"충청남도 천안시 서북구 공원로 176, 천안불당 시티프라디움 3차 3동 B층 202호 (불당동)","월~토 공휴일도 운영합니다. 일요일은 항상 휴무입니다.","불당호수약국","041-533-2296","2000","0900","2000","0900","2000","0900","2000","0900","2000","0900","1700","0900","1700","0900","C2401515","311","68","9249","36.7974230754","127.0989699809"
"인천광역시 서구 검단로 759, 103호 (불로동)","불로스타약국","032-566-2624","2200","1000","2200","1000","2200","1000","2200","1000","2200","1000","2200","1000","2000","1400","2000","1400","C1401912","226","20","9250","37.6134053924791","126.684677107211"
"광주광역시 북구 서하로 187, (오치동)","오치동국민은행옆","뷰티온누리약국","062-267-5755","1830","0900","1830","0900","1830","0900","1830","0900","1830","0900","1330","0900","C1500031","610","55","9251","35.187375152491455","126.90102724476463"
"서울특별시 서초구 서초대로 334, 1층(서초동,브라운스톤)","브라운스톤","브라운스톤약국","02-598-2545","2000","0930","2000","0930","2000","0930","2000","0930","2000","0930","1700","1000","C1104088","066","32","9252","37.49476264401134","127.0181580977108"
"서울특별시 영등포구 국제금융로 39, 3층 305호 (여의도동, 브라이튼 여의도)","브라이튼약국","02-2135-4560","2000","0930","2000","0930","2000","0930","2000","0930","2000","0930","1600","0930","C1110514","073","39","9253","37.524516965611404","126.92995200209558"
"강원특별자치도 원주시 양지로 50, 103호 (반곡동)","브로콜리약국","033-731-1030","1700","1100","1700","1100","1700","1100","1700","1100","1700","1100","C2201161","264","62","9254","37.3261029267808","127.984119665428"
"경기도 안양시 동안구 엘에스로 136, 금정역2차 SK V1 tower 1층 110호 (호계동)","브이원약국","031-342-4372","1800","0900","1800","0900","1800","0900","1800","0900","1800","0900","C2108849","141","18","9255","37.3750194367103","126.947731701015"
"대전광역시 서구 도산로253번길 51, 1층 (내동)","일반약 구매","블루밍약국","042-525-8383","2130","0900","2130","0900","2130","0900","2130","0900","2130","0900","2130","0900","2100","1200","2100","1200","C1600392","353","15","9256","36.33157419266706","127.38062004946562"
"서울특별시 강남구 강남대로 492, 한맥빌딩 1층 일부호 (논현동)","블루밍약국","02-517-9096","2100","0920","2000","0920","2000","0920","2000","0920","2100","0920","1900","0920","C1108602","061","19","9257","37.50621562652032","127.02407029382783"
"인천광역시 서구 중봉대로 610, 105호 (청라동)","일요일 운영 사전 문의","블루팜약국","032-263-5116","1930","0900","1930","0900","1930","0900","1930","0900","1930","0900","1700","0900","C1401806","227","36","9258","37.53389582952668","126.6502914528564"
"대전광역시 대덕구 비래동로 7 (비래동)","비래동성모약국","042-719-7724","1900","0900","1900","0900","1900","0900","1900","0900","1900","0900","1400","0900","C1601146","344","17","9259","36.3549890301","127.4493408334"
"대전광역시 유성구 온천로 45, 유성 푸르지오 시티 3층 305호 (봉명동)","비범한약국","042-822-4275","1830","1000","1830","1000","1830","1000","1830","1000","1830","1000","1400","1000","C1601416","341","86","9260","36.3558166482127","127.34301917889"
"경상북도 김천시 농소면 농남로 32","비보약국","054-433-3039","1800","0900","1800","0900","1800","0900","1800","0900","1800","0900","1300","0900","C2700414","396","59","9261","36.10695618809686","128.17268228466605"
"경상북도 구미시 선산읍 남문로4길 11 (선산읍)","비봉약국","054-481-2020","1830","0830","1830","0830","1830","0830","1830","0830","1830","0830","1330","0830","C2701566","391","18","9262","36.241292296850965","128.30284624946924"
"부산광역시 연제구 반송로 50, 1층 (연산동)","연산역 17번 출구 150m","비비비약국","051-851-0871","1730","0830","1730","0830","1730","0830","1730","0830","1730","0830","1230","0830","C1201344","475","51","9263","35.188897222222224","129.085586111111098"
"경상남도 창녕군 창녕읍 창녕시장길 85 (창녕읍)","창녕시장 롯데리아 부근","비사벌약국","055-533-9757","1900","0900","1900","0900","1900","0900","1900","0900","1900","0900","1500","0900","C2800215","503","23","9264","35.54113683154651","128.49694959947362"
"경상북도 안동시 경북대로 486 (송현동)","송현오거리 안동삼성연합안과의원 1층, 장세나네과의원 건물","비손약국","054-853-3997","1300","0900","1300","0900","1300","0900","1300","0900","1300","0900","1700","0830","C2701351","366","42","9265","36.57153546641844","128.697725784638"
"전북특별자치도 군산시 미장안길 54, 101호 (미장동)","한약국","비손한약국","063-468-0710","1900","0900","1900","0900","1900","0900","1900","0900","1900","0900","1400","1000","C2501382","540","85","9266","35.9690169774297","126.726887033694"
"대구광역시 달성군 유가읍 테크노상업로 98","비슬약국","053-616-8267","1900","0900","1900","0900","1900","0900","1900","0900","1900","0900","1530","0900","C1301352","430","18","9267","35.69323314999929","128.4600981036391"
"광주광역시 광산구 비아중앙로31번길 9 (비아동)","비아미래약국","062-959-6071","1900","0800","1900","0800","1900","0800","1900","0800","1900","0800","1300","0740","C1500946","622","38","9268","35.22156852951814","126.82440966919483"
"대전광역시 서구 대덕대로 183 (둔산동)","비엔씨약국","042-471-0755","1900","0900","1900","0900","1900","0900","1900","0900","1900","0900","1700","0900","C1600130","352","30","9269","36.34968478085252","127.37698255903935"
"경기도 성남시 분당구 성남대로779번길 50, 1층 (이매동, MDG)","비엠디온누리약국","031-707-1959","2000","0900","2000","0900","2000","0900","2000","0900","2000","0900","C2104199","135","23","9270","37.399500896875374","127.12302880960081"
"서울특별시 마포구 월드컵로 111, (망원동)","365일 연중 무휴이며 매일 새벽 1시까지 운영됩니다.(공공야간약국) 설날과 추석 당일만 10:00에 문을 열고 그 외 공휴일엔 09:00에 문을 엽니다. 영업 종료 시간은 동일하게 새벽 1시입니다.","공공야간약국운영으로 새벽1시까지 운영되고 있습니다. 망원역 2번 출구로 나오셔서 왼쪽, 마포구청 방향으로 330미터만 내려오시면 4거리 코너에 있습니다. (교촌치킨옆, 구 망원우체국건물에 있습니다)","망원우체국 사거리/풍성BD 105호","비온뒤숲속약국","02-332-3250","2500","0900","2500","0900","2500","0900","2500","0900","2500","0900","2500","0900","2500","0900","2500","0900","C1102658","039","63","9271","37.55821720850769","126.9078734861674"
"전북특별자치도 익산시 동서로 465, 1층 103호 (어양동, 동남아파트)","비움한약국","070-7698-0501","1800","0900","1800","0900","1800","0900","1800","0900","1800","0900","1800","1000","C2501185","545","65","9272","35.95226363016867","126.98474805392048"
"서울특별시 강서구 공항대로 525, 102호 (등촌동, 비원오피스텔)","비원약국","02-2658-7575","1900","0930","1900","0930","1900","0930","1900","0930","1900","0930","1400","0930","C1102659","075","63","9273","37.551373485303166","126.86503683126709"
"경기도 수원시 팔달구 덕영대로 923-10, 407호 (매산로1가, 비젼포에버)","비전굿모닝약국","031-257-3326","1900","0930","1900","0930","1900","0930","1900","0930","1900","0930","1500","0930","C2104679","164","61","9274","37.265901744321404","127.00169294032565"
"경기도 평택시 비전5로 37, 102호 (비전동)","비전미소약국","031-651-9166","1400","0900","1400","0900","1400","0900","1400","0900","1400","0900","C2107582","178","54","9275","37.0015867376","127.1147154085"
"경기도 평택시 비전4로 142, 110-111호 (비전동)","비전상상약국","031-8094-1485","1800","0900","1800","0900","1800","0900","1800","0900","1800","0900","1300","0900","C2109876","178","46","9276","37.0087498582236","127.107223378656"
"경기도 평택시 평남로 937 (비전동, 폴리프라자)","비전약국","031-653-1774","1400","0900","1400","0900","1400","0900","1400","0900","1400","0900","1400","0900","1200","0900","C2107281","178","52","9277","37.0043931712","127.1044507232"
"경기도 화성시 병점2로 65, 우남프라자 105호 (병점동)","곰돌이소아과 밑","비전약국","031-226-6714","2130","0830","2130","0830","2130","0830","2130","0830","2130","0830","1300","0900","C2101064","184","09","9278","37.20808292991501","127.04343433171314"
"서울특별시 강서구 공항대로 627","비전약국","02-3665-8274","2000","0900","2000","0900","2000","0900","2000","0900","2000","0900","1500","0900","C1101741","075","58","9279","37.54724601881699","126.87443379739192"
"서울특별시 강동구 아리수로93나길 80, 성산타워2 108호 (강일동)","비전약국","02-6478-7388","1900","0830","1900","0830","1900","0830","1900","0830","1900","0830","1330","0830","C1109895","054","15","9280","37.57260497520141","127.17633050457606"
"전라남도 목포시 영산로 246 (산정동)","2호광장","비전약국","061-279-5633","1900","0800","1900","0800","1900","0800","1900","0800","1900","0800","1400","0800","C2600136","587","07","9281","34.80261226300322","126.39325431493665"
"서울특별시 광진구 동일로18길 73, 1층 (자양동)","매월 첫째 주 일요일만 영업합니다","비전약국","02-464-8127","2200","0830","2200","0830","2200","0830","2200","0830","2200","0830","2200","0830","2100","0900","C1102660","050","72","9282","37.5389605331421","127.066818560431"
"경기도 용인시 수지구 문정로 13, 103호 (풍덕천동, 중수프라자)","비전약국","031-276-0048","1930","0900","1930","0900","1930","0900","1930","0900","1930","0900","1630","0900","1700","1100","C2101938","168","41","9283","37.32197654445554","127.09606593544056"
"경기도 평택시 비전5로 16, 프라우빌딩 1층 111-나호 (비전동)","비전중앙약국","031-657-7888","2100","0900","2100","0900","2100","0900","2100","0900","2100","0900","2100","0900","C2108008","178","54","9284","36.99985444837805","127.11326580839345"
"경기도 평택시 평남로 941 (비전동, 우성메디피아)","비전하늘약국","031-655-2481","2100","0900","2100","0900","2100","0900","2100","0900","2100","0900","2100","0900","C2107185","178","52","9285","37.0046168761","127.1041813855"
"경기도 남양주시 퇴계원읍 퇴계원로 46-1","신한은행건물4층","비젼약국","031-574-1008","1830","0900","1830","0900","1830","0900","1830","0900","1830","0900","1400","0900","C2102526","121","22","9286","37.6507363034","127.142009836"
"서울특별시 금천구 시흥대로 214","106호","비즈메드약국","02-807-9284","1900","0900","1900","0900","1900","0900","2000","0900","1900","0900","1530","0900","C1102757","086","28","9287","37.45295899959389","126.90159457877888"
"서울특별시 강동구 고덕비즈밸리로2가길 60, s 그라운드 1층 (고덕동)","비즈엘약국","02-442-8530","1930","0900","1930","0900","1930","0900","1930","0900","1930","0900","1300","0900","C1110792","052","03","9288","37.5679035549427","127.159702711319"
"경기도 안양시 만안구 덕천로152번길 25, 안양아이에스BIZ타워센트럴 162호 (안양동)","비즈타워약국","031-420-2117","1800","0900","1800","0900","1800","0900","1800","0900","1800","0900","1300","0900","C2109756","140","84","9289","37.3926558152071","126.93822186211"
"경기도 안양시 동안구 관악대로263번길 34, 금호빌딩 302호 (비산동)","비채원한약국","031-386-7977","1800","0900","1800","0900","1800","0900","1800","0900","1800","0900","1300","0900","C2109787","139","35","9290","37.403883507421","126.951935688216"
"경상남도 통영시 충렬로 11","일요일 휴무, 공휴일 전화 확인 필요","충무비치호텔","비치약국","055-644-8266","1800","0830","1800","0830","1800","0830","1800","0830","1800","0830","1230","0830","C2800858","530","62","9291","34.84305004421908","128.41926807353883"
"서울특별시 양천구 신월로 177, 도이치빌딩 1층 101호 (신월동)","비타민약국","02-2690-7585","1830","0830","1830","0830","1830","0830","1830","0830","1830","0830","1400","0900","C1101640","080","30","9292","37.518991031106914","126.84277130366488"
"충청북도 충주시 사직로 281 , (안림동)","2015.10.1 상호및 장소변경","비타민약국","043-847-8130","1800","0900","1800","0900","1800","0900","1800","0900","1800","0900","1400","0900","C2300565","273","82","9293","36.96899697565647","127.94218324818787"
"서울특별시 강남구 논현로 839","휴게시간 13:00-14:00","비타민약국","02-2668-1805","1800","0900","1800","0900","1800","0900","1800","0900","1800","0900","1600","0900","C1101375","060","31","9294","37.52366724472037","127.0278288323503"
"경기도 군포시 엘에스로 143, 1011호의 일부호 (금정동, 힐스테이트 금정역)","비타민약국","031-429-7579","2200","1000","2200","1000","2200","1000","2200","1000","2200","1000","2200","1000","2200","1000","2200","1000","C2109279","158","09","9295","37.3728500250828","126.944923276711"
"인천광역시 부평구 길주남로10번길 21 (부평동, 래미안부평상가1동 101호)","부평래미안 아파트 나은내과 아래","비타민약국","032-330-7588","1900","0900","1900","0900","1900","0900","1900","0900","1900","0900","1400","0900","A1402750","213","57","9296","37.502778322610446","126.72348591074821"
"서울특별시 서대문구 연세로 36 (창천동, 독수리빌딩)","일요일, 공휴일은 주변 약국과 당번제 운영하니, 방문 전 필히 연락바랍니다.","신촌역 3번 출구 독수리빌딩 1층","비타민약국","02-313-2484","1900","0830","1900","0830","1900","0830","1900","0830","1900","0830","1300","0900","C1103810","037","76","9297","37.558804050204294","126.93714918847172"
"경기도 부천시 소사로 663 (여월동, 부천여월홈플러스 지하2층)","홈플러스 내","비타민약국","032-682-2392","2200","1000","2200","1000","2200","1000","2200","1000","2200","1000","2200","1000","2200","1000","2200","1000","C2100321","144","85","9298","37.515866565654264","126.80233939028366"
"충청북도 청주시 서원구 산남로 48 (산남동, 대운프라자 101호)","볼링장 건물","비타민약국","043-283-1197","2100","0900","2100","0900","2100","0900","2100","0900","1900","0900","1900","0900","1900","0900","C2301034","286","25","9299","36.6114754958","127.468883164"
"서울특별시 은평구 응암로 162, (응암동)","응암동 대림시장 인정병원 옆","비타민약국","02-308-6464","1840","0830","1840","0830","1840","0830","1840","0830","1840","0830","1330","0900","C1101536","034","78","9300","37.5863914798597","126.916195440947"
"서울특별시 성동구 고산자로 253, 401호 (도선동)","다남매타워 401호","비타민약국","02-2299-3226","1800","0900","1800","0900","1800","0900","1800","0900","1800","0900","1300","0900","C1104213","047","09","9301","37.56239686483289","127.03563028182916"
"서울특별시 송파구 석촌호수로 61 (잠실동, 트리지움상가 305호)","휴게시간 13:00~14:00","비타민약국","02-414-5145","2000","0900","2000","0900","2000","0900","2000","0900","2000","0900","1500","0900","C1107281","055","55","9302","37.510765924870064","127.08627997087498"
"서울특별시 강동구 올림픽로 651, 3층 (천호동, 예경빌딩)","평일 휴게시간 13:00-14:00","비타민약국","02-478-2537","1900","0900","1900","0900","2000","0900","1900","0900","1900","0900","1410","0900","C1109984","052","48","9303","37.53978811892669","127.12331616135734"
"경기도 성남시 분당구 벌말로 35 (야탑동)","비타민약국","031-701-1594","2000","0900","2000","0900","2000","0900","2000","0900","2000","0900","1500","0900","C2106456","135","04","9304","37.4111793896791","127.1380005223954"
"경기도 평택시 평택2로20번길 31, (평택동)","비타민약국","031-657-7602","1900","0900","1900","0900","1900","0900","1900","0900","1900","0900","1400","0900","C2101929","179","09","9305","36.99195574152161","127.08986190350747"
"서울특별시 마포구 백범로 90, 1층 (대흥동)","동보빌딩 1층","비타민약국","02-713-6563","2100","0830","2100","0830","2100","0830","2100","0830","2100","0830","1730","0830","C1103527","041","10","9306","37.54782092210027","126.94160567047713"
"울산광역시 동구 진성14길 118(전하동)","전하e편한세상아파트 맞은편","비타민약국","070-8829-8245","1900","0900","1900","0900","1900","0900","1900","0900","1900","0900","1500","0900","C1700557","440","43","9307","35.510902913339365","129.4262101930869"
"경기도 용인시 수지구 성복2로 38, 롯데몰성복점,지하1층 (성복동)","비타민약국","0507-1329-4029","1800","0900","1800","0900","1800","0900","1800","0900","1800","0900","C2108290","168","47","9308","37.3127975899328","127.081666875865"
"경기도 수원시 팔달구 중부대로143번길 29","동수원사거리월드메르디앙후문","비타민약국","031-214-7233","1800","0900","1800","0900","1800","0900","1800","0900","1800","0900","1300","0900","C2101487","162","40","9309","37.2796656004139","127.03205200486661"
"서울특별시 영등포구 신길로 29(대림동, e편한세상 영등포 아델포레)","비타민약국","02-842-3100","2000","0900","2000","0900","2000","0900","2000","0900","2000","0900","1600","0900","1500","1000","1500","1000","C1109552","074","40","9310","37.49537040538459","126.90828433498612"
"전북특별자치도 익산시 무왕로9길 3, 1층 (영등동)","비타민약국","063-724-3355","2030","0830","2030","0830","1830","0830","2030","0830","2030","0830","1400","0830","C2501380","545","45","9311","35.9587587791772","126.975493015827"
"충청남도 보령시 대천로 17","최기원내과 맞은편","비타민약국","041-933-7087","1800","0810","1800","0810","1800","0810","1800","0810","1800","0810","1300","0810","C2400605","334","65","9312","36.350555566180475","126.59678800696017"
"경상남도 양산시 물금읍 가촌서로 20","비타민약국","055-381-8327","2000","0900","2000","0900","2000","0900","2000","0900","2000","0900","1300","0900","C2802177","506","03","9313","35.3194331580045","128.98998132494"
"제주특별자치도 제주시 일주동로 250, 1층 (화북일동)","비타민약국","064-702-4824","2000","0830","2000","0830","2000","0830","2000","0830","2000","0830","1300","0830","C2900488","633","00","9314","33.5197225525","126.5719824851"
"전북특별자치도 군산시 월명로 260, (수송동)","수송동 외환은행 옆","비타민약국","063-471-0357","1830","0830","1830","0830","1830","0830","1830","0830","1830","0830","1300","0900","C2500580","540","88","9315","35.9672040885137","126.71619201160754"
"울산광역시 중구 번영로 582 (남외동)","롯데리아 뚜레주르 옆","비타민약국","052-292-2688","2000","0900","2000","0900","2000","0900","2000","0900","2000","0900","1600","0900","C1700116","444","95","9316","35.568667780035064","129.34562282291017"
"경상남도 김해시 진영읍 진영로 211","진영시외버스터미널 근처","비타민약국","055-345-7570","1900","0900","1900","0900","1900","0900","1900","0900","1900","0900","1300","0900","C2800373","508","68","9317","35.30277929956873","128.73613870282304"
"경상남도 사천시 중앙로 122 (벌리동)","비타민약국","055-835-5677","1800","0900","1800","0900","1800","0900","1800","0900","1800","0900","1300","0900","C2801987","525","60","9318","34.9365393053","128.0788473738"
"강원특별자치도 원주시 능라동길 63, 법조타워 106,107호 (무실동)","비타민약국","033-813-2617","1900","0830","1900","0830","1900","0830","1900","0830","1900","0830","1300","0830","C2201190","263","92","9319","37.33376905667","127.930999001974"
"서울특별시 구로구 구로동로 115, 청보빌딩 지하1층 (구로동)","비타민약국","02-864-7508","1900","0830","1900","0830","1900","0830","1900","0830","1900","0830","1400","0830","1600","1000","C1109659","083","16","9320","37.48880355908391","126.88432378047506"
"전라남도 목포시 하당로 278, (옥암동)","전라남도 목포시 공공심야약국입니다.","이마트주차장출구맞은편","비타민약국","061-284-7571","2400","0830","2400","0830","2400","0830","2400","0830","2400","0830","2400","0830","2400","1800","2400","1800","C2600627","586","63","9321","34.811109870265696","126.42641665569022"
"경상북도 포항시 남구 오천읍 충무로 5","오천 원용교 앞 하나메디칼1층","비타민약국","054-293-8889","1900","0830","1900","0830","1900","0830","1900","0830","1900","0830","1600","0900","1300","0900","1300","0900","C2700021","379","04","9322","35.97645366901366","129.41316958661355"
"광주광역시 남구 서문대로 704","구해태마트 옆건물, ( 아이크리닉빌딩) 1층 102호","비타민약국","062-674-4125","2000","0900","2000","0900","2000","0900","2000","0900","2000","0900","1530","0900","1130","0900","1130","0900","C1500501","617","09","9323","35.122142590609606","126.89888824883485"
"인천광역시 미추홀구 인주대로 51, 더스테이프라임월드 108호 (숭의동)","일요일은 사전 문의 필요","일요일은 사전 문의 필요","비타민약국","032-887-5707","2200","0830","2200","0830","2200","0830","2200","0830","2200","0830","1800","0830","C1401830","221","73","9324","37.4592188435731","126.643946125236"
"세종특별자치시 절재로 194, 104호 (어진동, 세종드림)","어진동","비타민약국","044-865-8838","2000","0830","2000","0830","2000","0830","2000","0830","2000","0830","1500","0830","C1800204","301","03","9325","36.50832946469931","127.26238425097895"
"서울특별시 관악구 남부순환로 1933, 101호 (봉천동)","비타민약국","02-882-3778","2000","0900","2000","0900","2000","0830","2000","0900","2000","0900","1600","0800","C1110393","088","01","9326","37.47712134767465","126.96409651557792"
"전라남도 여수시 신월로 655","비타민약국","061-642-7755","1800","0900","1800","0900","1800","0900","1800","0900","1800","0900","1300","0900","C2601042","597","58","9327","34.7303580856431","127.71483147111894"
"인천광역시 서구 가정로 375 (신현동) 금강아미움","서경백화점 인근","비타민약국","032-575-8899","1700","0900","1700","0900","1700","0900","1700","0900","1700","0900","1500","0830","1300","0900","C1401459","227","78","9328","37.51847348173835","126.67262033595465"
"강원특별자치도 강릉시 주문진읍 주문로 15","주문진 터미널에서 30M방향, 명주도서관 들어가는 입구 건너편","비타민약국","033-661-5905","2030","0830","2030","0830","2030","0830","2030","0830","2030","0830","1900","0830","1900","0830","C2200508","254","19","9329","37.88531848055732","128.82502635623027"
"부산광역시 해운대구 세실로 30","2호선 장산역 1,3번출구/경동G plus상가 106호","비타민약국","051-702-9108","2130","0900","2130","0900","2130","0900","2130","0900","2130","0900","2130","0900","2130","0900","C1201134","481","10","9330","35.168880501009156","129.17898927304287"
"부산광역시 사상구 학감대로 120, (학장동)","학장벽산아파트 건너편","비타민약국","051-312-9131","1940","0900","1940","0900","1940","0900","1940","0900","1940","0900","1300","0900","C1200518","470","48","9331","35.141573324582296","128.98884895998606"
"부산광역시 동래구 충렬대로 222, 1층 (수안동)","4호선 수안역 4번출구","비타민약국","051-558-9333","2000","0900","2000","0900","2000","0900","2000","0900","2000","0900","1600","0900","C1202282","478","18","9332","35.20114612280003","129.083833387103"
"부산광역시 북구 금곡대로 222","버스정류장: 북부경찰서","비타민약국","051-361-0553","1830","0900","1830","0900","1830","0900","1830","0900","1830","0900","1300","0900","C1201029","465","37","9333","35.22832404599103","129.01271338913284"
"대구광역시 수성구 달구벌대로 3261, 1층 (신매동)","비타민약국","053-791-9267","1900","0900","1900","0900","1300","0900","1900","0900","1900","0900","1300","0900","C1301331","422","71","9334","35.839653070592306","128.57121046985029"
"충청북도 제천시 풍양로 99 (중앙로1가)","중앙시장앞군농협사거리방향","비타민약국","043-648-8484","1830","0900","1830","0900","1830","0900","1830","0900","1830","0900","1300","0900","C2300119","271","73","9335","37.13754199268703","128.21082830768944"
"충청남도 공주시 번영1로 130, (신관동)","이솔아파트 옆","비타민약국","041-858-5269","1900","0830","1900","0830","1900","0830","1900","0830","1900","0830","1400","0830","C2400733","325","81","9336","36.47423183274904","127.1419492017018"
"경기도 부천시 원미구 상일로 100, 404호 (상동,부건프라자)","송내역 상1동주민센터 맞은편 부건프라자 404호","비타민약국","032-322-1924","2000","0900","2000","0900","2000","0900","2000","0900","2000","0900","C2103820","145","98","9337","37.4913005385071","126.75323562658163"
"서울특별시 서초구 방배로 32, 2층2호 (방배동,방배쇼핑센터)","비타민약국","02-584-1308","1800","0900","1800","0900","1800","0900","1800","0900","1800","0900","1400","0900","C1103988","067","15","9338","37.47774849849908","127.00037873787296"
"부산광역시 강서구 명지국제8로 259, 103호 (명지동)","비타민약국","051-271-3678","2000","0830","2000","0830","2000","0830","2000","0830","2000","0830","1700","0800","C1202458","467","73","9339","35.0984756671","128.9192342116"
"경기도 수원시 장안구 경수대로976번길 32, A동 1층 (송죽동)","비타민약국","031-253-5288","1900","0900","1900","0900","1900","0900","1900","0900","1900","0900","1600","0900","1600","0900","C2104028","162","98","9340","37.3058900622","127.0043043824"
"경기도 김포시 풍무로 105, 풍무프라자 1층 102호 (풍무동)","풍무사거리 S-oil 맞은편건물 풍무프라자 1층","비타민약국","031-981-4743","1930","0900","1930","0900","1930","0900","1930","0900","1930","0900","1600","0900","C2100291","101","16","9341","37.60493702185673","126.72179636534426"
"경기도 안양시 만안구 안양로 494-1, 1층 (석수동)","비타민약국","031-349-6676","1900","0900","1900","0900","1900","0900","1900","0900","1900","0900","1500","0900","C2103412","139","64","9342","37.41366252855975","126.90937886484497"
"경기도 안산시 상록구 반석로 66, (본오동)","본오동 신안프라자 사거리 코너 1층(신한은행 맞은편)","반월중앙교회옆사거리코너,신안프라자사거리","비타민약국","031-409-1569","2030","0900","2030","0900","2030","0900","2030","0900","2030","0900","1930","0900","1930","0900","C2100487","155","42","9343","37.29651295879227","126.86687400316791"
"경기도 화성시 수노을중앙로 118, 106~107호 (새솔동)","비타민온누리약국","031-357-8598","1800","1000","1800","1000","1800","1000","1800","1000","1800","1000","C2108421","182","44","9344","37.285689867196","126.81693389284"
"인천광역시 계양구 새벌로 112, 마스터즈 115호 (효성동)","비타민온누리약국","032-545-0102","1900","0900","1900","0900","1900","0900","1900","0900","1900","0900","1600","0900","1600","0900","1600","0900","C1401678","211","11","9345","37.5270633756744","126.717512850295"
"인천광역시 부평구 길주남로 124 (부개동, 동성빌딩)","비타민온누리약국","032-528-8002","2030","0830","2030","0830","2030","0830","2030","0830","2030","0830","1500","0830","C1401573","213","52","9346","37.50385363998064","126.73559363904316"
"대전광역시 유성구 한밭대로492번길 16-18 (봉명동,1층)","비타민태평양약국","042-826-2276","2030","0900","2030","0900","2030","0900","2030","0900","1830","0900","1600","0900","C1600659","305","301","9347","36.35916397368939","127.35244094585225"
"경상남도 창원시 의창구 평산로219번길 7, 1층 (서상동)","비타민플러스약국","055-294-0525","1830","0900","1830","0900","1830","0900","1830","0900","1830","0900","1330","0900","C2801949","513","70","9348","35.2609378941","128.6254627935"
"경기도 남양주시 금곡로 72, 103호 (금곡동, 센타프라자)","비타민플러스약국","031-595-2772","1400","0830","1400","0830","1400","0830","1400","0830","1400","0830","1600","0900","C2102689","122","37","9349","37.63447233410219","127.21111202727232"
"충청북도 청주시 상당구 중고개로 137, 222호 (용암동)","점심 13~14시","비타약국","043-287-1005","1900","0830","1900","0830","1900","0830","1900","0830","1900","0830","1540","0815","C2301179","288","08","9350","36.6171979862162","127.517762472115"
"서울특별시 은평구 통일로82길 11, 1층 (불광동)","평일 휴게시간 13:00-14:00","비타약국","02-382-2645","1900","0900","1900","0900","1900","0900","1900","0900","1900","0900","1330","0900","C1110357","033","44","9351","37.620865560433614","126.92041761416245"
"경기도 구리시 검배로 76, 103호 (수택동, 더 바임)","비타약국","031-564-8512","1800","0900","1800","0900","1800","0900","1800","0900","1800","0900","1300","0900","C2109649","119","32","9352","37.5955834905119","127.146652634222"
"서울특별시 강남구 논현로 561, 1층 (역삼동)","비타약국","02-2135-6705","2000","0900","2000","0900","2000","0900","2000","0900","1700","0900","1400","0900","C1108652","061","25","9353","37.50615907972492","127.03415869824181"
"경상남도 양산시 삼호로 74, 116동 (삼호동, 웅상신도시푸르지오아파트)","■ 토요일 방문 전 전화 확인 필요","홈플러스익스프레스 삼호점 매장입구 옆","비타약국","055-367-5335","1930","0830","1930","0830","1930","0830","1930","0830","1930","0830","1630","0830","C2800655","505","33","9354","35.40752413075005","129.17164222920232"
"경상남도 창원시 마산합포구 삼호로 45 (산호동)","비타약국","055-244-6238","1800","1000","1800","1000","1800","1000","1800","1000","1800","1000","C2801956","513","29","9355","35.2214516288","128.585374956"
"대구광역시 서구 국채보상로 258 (평리동)","비타약국","053-557-8345","1900","0900","1900","0900","1900","0900","1900","0900","1900","0900","1600","0900","C1301555","418","25","9356","35.871016847984414","128.5593009268087"
"서울특별시 성동구 왕십리광장로 17 (행당동, 비트플랙스내 2층 A05,06)","설 명절 당일 휴무입니다.","왕십리민자역사 2층 이마트 옆 공차 앞","비트플렉스약국","02-2200-1549","2230","1000","2230","1000","2230","1000","2230","1000","2230","1000","2230","1000","2230","1000","2230","1000","C1101641","047","50","9357","37.561569286924446","127.03853868085405"
"경기 수원시 팔달구 중부대로 104 (인계동)","주말 휴무","빈센트대성약국","031-225-7997","1800","0830","1800","0830","1800","0830","1800","0830","1800","0830","C2101623","164","71","9358","37.2772455336538","127.028007118842"
"서울특별시 용산구 서빙고로 17, 센트럴파크 제몰동 제2층 제2016호 (한강로3가)","신용산역 2번 출구 / 용산 해링턴스퀘어 105동 상가 2층","빙고약국","02-797-9990","2000","0910","2000","0910","2000","0910","2000","0910","2000","0910","1600","0910","C1101612","043","87","9359","37.52647254143078","126.96702273024651"
"경기도 남양주시 진건읍 사릉로442번길 27, 105호","빙그레약국","031-574-4574","2100","0900","2100","0900","2100","0900","2100","0900","2100","0900","1700","0900","C2103006","121","33","9360","37.659386478120936","127.1778222634347"
"전라남도 나주시 빛가람로 685, 비전타워 404호 (빛가람동)","빛가람약국","061-331-2974","1830","0900","1830","0900","1830","0900","1830","0900","1830","0900","1300","0900","C2601040","582","17","9361","35.02151702664263","126.78666366042184"
"전라남도 나주시 중야2길 29, 103,104,105호 (빛가람동)","빛가람포도약국","061-820-8484","2200","0900","2200","0900","2200","0900","2200","0900","2200","0900","2200","0900","1700","0900","1700","0900","C2601174","583","25","9362","35.01712555293789","126.78464590774638"
"경기도 광명시 양지로 21, 티타워 1층 105호 (일직동)","빛가온약국","070-8691-0370","2030","0930","2030","0930","2030","1000","2030","0930","2030","0930","1700","0900","C2108875","143","45","9363","37.417690389449","126.882210419136"
"광주광역시 남구 덕남길 106 (덕남동)","빛고을전남대병원 앞에 위치한 빛고을건강약국입니다. 신속하고 정확하게 조제하고 친절하고 전문적인 복약지도및 건강상담을 시행하고 있습니다","빛고을 건강약국","062-675-0688","1800","0830","1800","0830","1800","0830","1800","0830","1800","0830","C1500863","617","48","9364","35.093804627248275","126.89866630333816"
"광주광역시 남구 덕남길 108 (덕남동)","빛고을다나약국","062-675-5777","1800","0830","1800","0830","1800","0830","1800","0830","1800","0830","C1500862","617","48","9365","35.09377240133063","126.89893393415254"
"광주광역시 북구 서하로 379, (문흥동)","문흥동광주은행맞은편","빛고을문흥종로약국","062-251-2794","2200","0900","2200","0900","2200","0900","2200","0900","2200","0900","2200","0900","2200","1000","2200","0900","C1500407","611","29","9366","35.18577880911532","126.92193355823852"
"광주광역시 광산구 임방울대로 134, 104호 (운남동)","빛고을사랑약국","062-954-7577","2100","0830","2100","0830","2100","0830","2100","0830","2100","0830","2100","0830","2100","0830","2100","0830","C1501248","623","18","9367","35.1730764327352","126.817847374914"
"광주광역시 북구 북문대로242번길 5 (동림동)","동림동 푸른마을 입구상가 광주은행인근","빛고을약국","062-513-3593","2000","0900","2000","0900","2000","0900","2000","0900","2000","0900","1300","0900","C1500609","610","96","9368","35.187734310814534","126.8658706109098"
"광주광역시 동구 금남로169번길 8-13 (금남로5가)","빛고을약국","07050258875","1730","0830","1730","0830","1730","0830","1730","0830","1730","0830","1230","0830","C1500235","614","71","9369","35.152621639949565","126.91326035643736"
"광주광역시 동구 갈마로 2, (산수동)","공휴일 유동운영으로 사전 유선연락 후 방문 요함","두암타운 입구 삼거리","빛고을열린약국","062-267-1578","1900","0800","1900","0800","1900","0800","1900","0800","1900","0800","1630","0800","1300","0830","C1500342","614","07","9370","35.16008485976864","126.93108937984215"
"광주광역시 남구 독립로 108 (백운동, 프라임에셋)","광주대성초등학교사거리","빛고을우리네약국","062-651-9114","1930","0830","1930","0830","1930","0830","1930","0830","1930","0830","1600","0830","C1500458","616","45","9371","35.14330061264049","126.90336311199951"
"광주광역시 북구 설죽로 496, 1층 (일곡동)","일곡파출소 근접","빛고을종로약국","062-571-5882","2200","0900","2200","0900","2200","0900","2200","0900","2200","0900","2200","0900","2100","1000","2100","1000","C1500376","610","41","9372","35.203491666666665","126.898708333333332"
"광주광역시 남구 봉선중앙로 84","봉선중학교근처","빛고을종로약국","062-676-4401","2100","0900","2100","0900","2100","0900","2100","0900","2100","0900","1900","0900","1900","0900","1900","0900","C1500577","616","71","9373","35.12977417572595","126.91107032868328"
"전북특별자치도 익산시 궁동로2길 13(부송동)","빛과소금약국","063-831-0402","2030","0930","2030","0930","2030","0930","2030","0930","2030","0930","1930","0930","C2501396","545","55","9374","35.9619577082941","126.990697282219"
"대전광역시 서구 문정로2번길 145, 1층 일부호 (탄방동)","빛나약국","042-348-0854","1900","0900","1900","0900","1900","0900","1900","0900","1900","0900","1400","0900","C1601413","352","63","9375","36.3427040222667","127.38797443627"
