"서울특별시 서대문구 증가로 150, DMC2차아이파크상가 B205호 (남가좌동)","평일 점심시간 13:20~14:00","파크약국","02-372-3585","1900","0830","1900","0830","1900","0830","1900","0830","1900","0830","1400","0830","C1108261","036","70","21876","37.5780547612815","126.92101916232"
"경기도 성남시 분당구 정자일로 227, 백궁지엔느주차전용빌딩 108호 (정자동)","공휴일 전화 후 방문.","수내역3번출구맥도날드옆","파크약국","031-717-0325","2100","0900","2100","0900","2100","0900","2130","0900","2100","0900","1800","0900","C2101217","135","56","21877","37.37793646290175","127.11313190106961"
"서울특별시 광진구 천호대로 666, 그랜드파크 오피스텔 지하1층 B105-2호 (구의동)","파크온누리약국","02-447-0708","2000","0830","2000","0830","2000","0830","2000","0830","2000","0830","1600","0830","C1108894","049","91","21878","37.5513571934247","127.08931299554"
"서울특별시 영등포구 여의대로 108, 파크원 2층 (여의도동)","더현대 게이트 2번으로 나온 후 맞은편 파크원타워1에서 2층(1층 노란색 엘레베이터 이용하면 쉽게 찾음)","파크원온누리약국","02-2118-0149","2000","0830","1900","0830","1900","0830","2000","0830","1900","0830","1400","0900","C1109546","073","35","21879","37.526457045050535","126.92733689603311"
"경기도 수원시 영통구 반달로35번길 30, 영통역 아이파크 252호 (영통동)","파크자연약국","031-376-7123","1800","1000","1800","1000","1800","1000","1800","1000","1800","1000","C2108333","167","05","21880","37.2517808748298","127.07746040642"
"대구광역시 동구 아양로 81, 호창메디타워 1층 101호 (신암동)","파티마미소약국","053-959-0122","2000","0900","2000","0900","2000","0900","2000","0900","2000","0900","1700","0900","C1301664","411","98","21881","35.8833542450998","128.622781433481"
"대구광역시 동구 아양로15길 5, 1층 (신암동)","파티마병원옆[서편","파티마삼성약국","053-942-4029","1830","0900","1830","0900","1830","0900","1830","0900","1830","0900","1300","0900","C1301040","411","98","21882","35.883173310497064","128.62269238365246"
"경상북도 영주시 구성로 342 (영주동)","이기훈정형외과옆파란의원1층","파티마약국","054-633-0146","1800","0830","1800","0830","1800","0830","1800","0830","1800","0830","1300","0830","C2700531","360","96","21883","36.82262023327049","128.62407116634893"
"충청북도 충주시 봉계1길 52 (칠금동)","롯데마트 맞은편","파티마약국","043-851-8582","1830","0900","1830","0900","1830","0900","1830","0900","1830","0900","1300","0900","C2300324","273","61","21884","36.981094444444444","127.915602777777778"
"대구광역시 달서구 학산로7길 39, 110호 (월성동,월성주공3단지 상가)","대구달서구월성2동주공3단지상가","파티마약국","053-635-6446","1900","0900","1900","0900","1900","0900","1900","0900","1900","0900","1700","0900","C1300618","427","26","21885","35.83205934008231","128.53104854860854"
"경기도 수원시 장안구 만석로19번길 29, 104호 (천천동, 부강프라자)","파티마약국","031-271-9119","2030","0900","2030","0900","2030","0900","2030","0900","2030","0900","C2106865","163","29","21886","37.29660826077391","126.98311842821267"
"경기도 성남시 분당구 분당내곡로 117, 101-2호 (백현동)","공휴일 일요일 운영시간이 변경퇼 수 있으니 전화 후 방문 바랍니다.","안녕하세요 매일 여는 판교 365 약국 입니다. 현대백화점 맞은편 크래프톤 타워 1층에 위치하고 있습니다.","판교365약국","031-622-7566","2200","0900","2200","0900","2200","0900","2200","0900","2200","0900","2100","0900","2100","1000","2100","1000","C2107825","135","29","21887","37.394256850756186","127.11203161683156"
"경기도 성남시 분당구 운중로 242, 리버스토리 1층 106호 (판교동)","리버스토리 107호","판교기린약국","031-708-6325","2100","0900","2100","0900","2100","0900","2100","0900","2100","0900","2100","0900","2100","0900","2100","0900","C2103126","134","84","21888","37.389186781495134","127.08972275184301"
"경기도 성남시 분당구 대왕판교로606번길 58, 판교푸르지오월드마크 지하1층 약국코너호 (삼평동)","판교마트약국","031-781-0778","1800","0900","1800","0900","1800","0900","1800","0900","1800","0900","C2108712","135","25","21889","37.3954205092827","127.113554546191"
"경기도 성남시 분당구 판교로 375","판교온누리약국","031-703-1711","2030","0930","2030","0930","2030","0930","2030","0930","2030","0930","C2103130","134","89","21890","37.40423708599081","127.11532008320748"
"경기도 성남시 분당구 판교원로 207","판교원마을 상가동 1층 104호일부","판교원약국","031-709-7577","1900","0900","1900","0900","1900","0900","1900","0850","1900","0900","1500","0900","1300","0900","1300","0900","C2103264","134","85","21891","37.38791116966274","127.08941863153566"
"경기도 성남시 분당구 운중로 239, 105호 (판교동, 도메인타워)","도메인빌딩 1층 105호","판교이화약국","031-8017-0707","1900","0900","1900","0900","1900","0900","1900","0900","1900","0900","1500","0900","C2103129","134","77","21892","37.38981029489415","127.08986823210051"
"경기도 성남시 분당구 판교역로192번길 16 (삼평동) 판교타워 118호","판교이화자연약국","031-703-8285","2000","0930","2000","0930","2000","0930","2000","0930","2000","0930","1600","0930","C2106443","135","24","21893","37.39776419799229","127.11142698417527"
"경기도 성남시 분당구 분당내곡로 151, 1층 110호 (삼평동)","판교태평양약국","031-8016-6300","2100","0900","2100","0900","2100","0900","2100","0900","2100","0900","1900","0900","1900","1100","C2106702","135","24","21894","37.39736671394061","127.11251960818062"
"경기도 성남시 수정구 창업로 18, 파미어스몰 3층 305호 (시흥동)","판교파미어스약국","0507-1372-7566","1900","0900","1900","0900","1900","0900","1900","0900","1900","0900","1600","0900","C2109296","134","49","21895","37.4134038262846","127.098334109561"
"경기도 성남시 수정구 창업로 17, F동 3층 314호 (시흥동)","판교풀잎약국","070-7622-8973","1800","0900","1800","0900","1800","0900","1800","0900","1800","0900","1300","0900","C2110196","134","49","21896","37.4120131608179","127.097830310006"
"경기도 성남시 분당구 운중로 233 (판교동) 한솔프라자 1층","판교한솔약국","031-8017-8868","1930","0900","1930","0900","1930","0900","1930","0900","1930","0900","1500","0900","C2106440","134","77","21897","37.39003444417794","127.08896169813246"
"경기도 화성시 동탄순환대로12길 8, 105호 (산척동)","판다약국","031-372-7150","1800","0900","1800","0900","1800","0900","1800","0900","1800","0900","1300","0900","C2110206","185","02","21898","37.1688634409327","127.119352746025"
"서울특별시 중구 명동7길 13, 명동증권빌딩 1층 (명동1가)","공휴일은 전화확인하세요","판다약국","02-6080-4977","2300","1030","2300","1030","2300","1030","2300","1030","2300","1030","2300","1030","2300","1030","2230","1200","C1110353","045","34","21899","37.5643525309057","126.983969236251"
"인천광역시 계양구 오조산로7번길 6-14, 람세스빌2 1층 (작전동)","판도라계양메디칼약국","032-542-3858","1800","0840","1800","0840","1800","0840","1800","0840","1800","0840","1300","0840","C1401613","210","80","21900","37.5320823917","126.7376693172"
"경기도 화성시 동탄반석로 130, 1층 104호 (반송동, 드림프라자)","법정공휴일 신정은 휴진","판도라동탄약국","031-613-8542","2100","0900","2100","0900","2100","0900","2100","0900","2100","0900","2100","0900","2100","0900","2100","0900","C2107032","184","55","21901","37.200468121608374","127.07140101282442"
"경기도 수원시 영통구 삼성로 130, 삼성전자공업단지 2층 (매탄동)","판도라바른약국","031-8061-5855","1800","1000","1800","1000","1800","1000","1800","1000","1800","1000","C2108339","166","78","21902","37.2546717373253","127.057454899363"
"경기도 오산시 경기대로 534, 1층 105호 (수청동)","판도라봄약국","031-376-6171","2200","0800","2200","0800","2200","0800","2200","0800","2200","0800","1800","0900","C2107902","181","14","21903","37.17062579750105","127.06407664682578"
"서울특별시 중구 세종대로 13, 1층 (남대문로5가)","판도라숭례문약국","02-3789-2638","2000","0800","2000","0800","2000","0800","2000","0800","2000","0800","1430","0930","C1108523","045","12","21904","37.5583260419142","126.973107617589"
"대전광역시 동구 옥천로 170 (판암동)","판암늘사랑약국","042-272-8250","1800","0830","1800","0830","1800","0830","1800","0830","1800","0830","1300","0830","C1600183","346","76","21905","36.316806115537936","127.45933066917993"
"대전광역시 동구 옥천로 183, 1층 119,120,121호 (판암동)","판암제일약국","042-285-4800","1930","0830","1930","0830","1930","0830","1930","0830","1930","0830","1400","0830","C1601214","346","75","21906","36.3179236452","127.4602547898"
"강원특별자치도 원주시 북원로 2574","원주우리병원 옆(우산공담삼거리)","판치생모약국","033-746-3680","1830","0900","1830","0900","1830","0900","1830","0900","1830","0900","1300","0900","C2200091","263","37","21907","37.37374981720662","127.94372415899264"
"서울특별시 서초구 강남대로 525, 세영제이타워 1층 (반포동)","판티오약국","02-548-3603","2000","0900","2000","0900","2000","0900","2000","0900","2000","0900","1800","0900","C1110873","065","36","21908","37.5089481636579","127.02191327685"
"대구광역시 북구 구암로 137 (동천동)","신수현소아과옆","팔공약국","053-325-8030","2100","0830","2100","0830","2100","0830","2100","0830","2100","0830","2100","0830","2100","0930","C1300613","414","31","21909","35.932040207585665","128.55591812153727"
"대구광역시 수성구 지범로 161, 1층 (지산동)","팔공약국","053-781-8020","2000","0800","2000","0800","2000","0800","2000","0800","2000","0800","1500","0800","C1301693","421","96","21910","35.8226971877085","128.637770777698"
"경기도 수원시 팔달구 정조로 766, 1층 팔달문올리비아약국 (팔달로3가)","팔달문올리비아약국","031-207-8288","1800","0900","1800","0900","1800","0900","1800","0900","1800","0900","1300","0900","C2109925","162","62","21911","37.2763992223629","127.016889911837"
"경기도 수원시 팔달구 정조로 797-1 (팔달로2가)","팔달약국","031-246-8998","1830","0900","1830","0900","1830","0900","1830","0900","1830","0900","1600","0900","1600","1000","C2101489","162","61","21912","37.279225478045134","127.01641765427527"
"대구광역시 북구 팔달로 163, 1층 (노원동3가)","팔달온누리약국","053-356-8887","1930","0900","1930","0900","1930","0900","1930","0900","1930","0900","1700","0900","1300","0930","1300","0900","C1301458","415","57","21913","35.8890799672","128.5678410887"
"부산광역시 수영구 수영성로 27, 1층 (수영동)","팔도새시장약국","051-752-2828","2130","0900","2130","0900","2130","0900","2130","0900","2130","0900","2130","0900","C1202980","482","28","21914","35.1701439054219","129.11686393235"
"전라남도 광양시 광양읍 신재로 48,","피부사랑 화장품 근처","팔마약국","061-762-3288","1800","0840","1800","0840","1800","0840","1800","0840","1800","0840","1230","0840","1300","0900","C2600128","577","44","21915","34.97544919089019","127.58926267720699"
"경기도 수원시 팔달구 고매로 1, 106호 (고등동, 엘리시아)","팔선약국","070-8299-0774","1800","0900","1800","0900","1800","0900","1800","0900","1800","0900","1300","0900","C2109239","164","54","21916","37.269970167553","127.004138406016"
"부산광역시 금정구 중앙대로 2101, 1층 (남산동)","1호선 범어사역 1번출구","팔송보건약국","051-581-0661","1830","0900","1830","0900","1830","0900","1830","0900","1830","0900","1400","0900","C1200430","462","19","21917","35.27187960026865","129.09235574017535"
"경상남도 창원시 의창구 의창대로 72 (팔용동, 현대메디칼)","창원 역 근처","팔용약국","055-252-3650","1900","0900","1900","0900","1900","0900","1900","0900","1900","0900","1400","0900","C2800486","513","76","21918","35.25750390716503","128.60816969108774"
"경상남도 창원시 의창구 팔용로 438 (팔용동, 팔용종합상가)","팔용동 국민은행 근처","팔용온누리약국","055-293-2090","1900","0900","1900","0900","1900","0900","1900","0900","1900","0900","1300","0900","C2800444","513","73","21919","35.25556825690172","128.6135766807215"
"경상남도 창원시 의창구 남산로17번길 2 (팔용동)","창원역 건너편 목화예식장 부근","팔용프라자약국","055-294-3830","2030","0830","2030","0830","2030","0830","2030","0830","2030","0830","2000","0830","2030","0830","2030","0830","C2800322","513","68","21920","35.25946440369428","128.61227820056098"
"서울특별시 용산구 청파로 74, 전자랜드 1층 A147호 (한강로3가)","전자랜드신관101호","팜그린약국","02-3273-1553","1900","0900","1900","0900","1900","0900","1900","0900","1900","0900","1600","0900","C1102785","043","72","21921","37.5327888550584","126.959558538475"
"경상남도 김해시 경원로55번길 12, 1층 (내동)","팜라임약국","055-323-4959","1900","0900","1900","0900","1900","0900","1900","0900","1900","0900","1530","0830","C2801755","509","48","21922","35.2382288414212","128.86660820164"
"부산광역시 동구 중앙대로 517","버스정류장: 한성기린 맨션 맞은편","팜마트기린약국","051-644-8800","1800","0900","1800","0900","1800","0900","1800","0900","1800","0900","1300","0900","C1200480","487","23","21923","35.139417094947824","129.05620924590937"
"경기도 용인시 기흥구 신갈로 52","팜메드약국","031-282-2755","2030","0830","2030","0830","2030","0830","2030","0830","2030","0830","2000","0830","C2101368","169","69","21924","37.27131603365172","127.10585201792367"
"경기도 광명시 오리로 374, 1층 (소하동)","여성회관근처","팜메이트광명그랜드약국","02-897-0608~9","2000","0900","2000","0900","2000","0900","2000","0900","2000","0900","1500","0900","C2104479","143","27","21925","37.4357892648988","126.87968516489786"
"서울특별시 관악구 난곡로35길 2 (신림동)","건영2차아파트입구","팜메이트난곡종합약국","02-838-2527","1800","0900","1800","0900","1800","0900","1800","0900","1800","0900","1800","0900","C1100202","088","58","21926","37.4729601510711","126.91859283848"
"서울특별시 서초구 서초중앙로22길 40, (서초동)","교대역1번출구남쪽100m흰돌빌딩1층","팜메이트대학당약국","02-585-3092","2000","0900","2000","0900","2000","0900","2000","0900","2000","0900","2000","0900","C1104596","066","33","21927","37.4932227490529","127.016187316348"
"전북특별자치도 무주군 설천면 무설로 1588","새마을금고 앞","팜메이트설천약국","063-324-9797","1900","0900","1900","0900","1900","0900","1900","0900","1900","0900","1300","0900","C2500331","555","48","21928","36.00916709747508","127.78724953761048"
"서울특별시 양천구 오목로 68, (신월동)","팜메이트하나로약국","02-2699-1461","1900","0830","1900","0830","1900","0830","1900","0830","1900","0830","1300","0830","C1102580","080","28","21929","37.5225803712156","126.8451721729"
"서울특별시 양천구 목동중앙본로 40, 1층 (목동)","팜빌편안약국","02-2645-3130","2000","0900","2000","0900","2000","0900","2000","0900","2000","0900","1500","0900","C1104049","079","75","21930","37.5396690796033","126.869051879039"
"경상남도 김해시 내외중앙로 84","서울이비인후과 서울안과건물1층","팜서울약국","070-4123-5891","1900","0900","1900","0900","1900","0900","1900","0900","1900","0900","1400","0900","C2800699","509","48","21931","35.23743148059113","128.86746216765656"
"경기도 화성시 정남면 세자로 299","팜서울약국","031-353-1268","2100","0900","2100","0900","2100","0900","2100","0900","2100","0900","2100","0900","C2101645","185","16","21932","37.19387406042343","126.97904154448082"
"경기도 파주시 초롱꽃로 109, 1층 105호 (동패동)","팜스약국","031-000-0000","1800","0900","1800","0900","1800","0900","1800","0900","1800","0900","1300","0900","C2109905","109","56","21933","37.7123988440704","126.716375923258"
"서울특별시 강남구 논현로 509, 1층 (역삼동)","역삼역 6번출구","팜스약국","02-552-8284","1900","0900","1900","0900","1900","0900","1900","0900","1900","0900","1400","0900","C1108821","061","32","21934","37.501931889086","127.036089184436"
"경기도 성남시 수정구 창업로 18, 파미어스몰 3층 305호 (시흥동)","010-9139-1343 약국 대표전화번호입니다. 핸드폰이기에 따로 소개에 안내합니다.","팜스퀘어약국","031-000-0000","1800","0900","1800","0900","1800","0900","1800","0900","1800","0900","C2108836","134","49","21935","37.4134038262846","127.098334109561"
"경기도 광주시 곤지암읍 평촌길 35-7, 주은빌딩 1층","팜스타약국","031-762-1875","2030","0900","2030","0900","2030","0900","2030","0900","2030","0900","1600","1000","C2101944","128","00","21936","37.35621516924757","127.32610225804524"
"강원특별자치도 원주시 치악로 1489, 홈플러스 2층 (관설동)","2, 4주 수요일 휴무","팜스토리약국","033-765-8300","2200","1000","2200","1000","2200","1000","2200","1000","2200","1000","2200","1000","2200","1000","2200","1000","C2201012","264","71","21937","37.31771520171944","127.96731225847049"
"경기도 양평군 양평읍 남북로 76, 롯데마트 지하1층","롯데마트 휴점시 휴무","팜스토리약국","031-773-9412","2200","1000","2200","1000","2200","1000","2200","1000","2200","1000","2200","1000","2200","1000","C2108039","125","60","21938","37.489458204056255","127.502651734915"
"서울특별시 은평구 은평로 111, 은평이마트 8층 (응암동)","공휴일은 전화확인하세요","팜스토리약국","02-356-8352","2000","1000","2000","1000","2000","1000","2000","1000","2000","1000","2000","1000","1800","1000","1800","1000","C1108358","034","61","21939","37.60037015824173","126.92018748823249"
"경기도 파주시 송화로 11, 팜스프링아파트 (아동동)","팜스프링약국","031-948-5590","2100","0900","2100","0900","2100","0900","2100","0900","2100","0900","1900","0900","C2102315","108","51","21940","37.77175226239921","126.77710699247052"
"광주광역시 동구 서석로 41-1, 1층 (충장로1가)","일요일, 공휴일 비정기적 운영으로 전화후 방문 필요","충장로1가입구(스타벅스충장1가점옆)","팜약국","062-232-0121","1900","0700","1900","0700","1900","0700","1900","0700","1900","0700","1400","0700","C1500903","614","83","21941","35.146761786593565","126.91793240775033"
"대구광역시 중구 달구벌대로 2094, 1층 (남산동)","팜약국","053-425-3321","1930","0930","1930","0930","1930","0930","1930","0930","1930","0930","1500","0930","C1301514","419","67","21942","35.8652849079","128.5925914727"
"서울특별시 영등포구 국제금융로2길 7","IFC빌딩맞은편,콘래드호텔맞은편","팜약국","02-783-4920","2030","0830","2030","0830","2030","0830","2030","0830","2030","0830","1530","0830","C1104253","073","27","21943","37.5246490570692","126.926838629184"
"경기도 시흥시 수인로 3378, 1층 (신천동)","팜약국","031-313-7764","1800","0900","1800","0900","1800","0900","1800","0900","1800","0900","1430","0900","C2107694","149","10","21944","37.441372374","126.7837743484"
"부산광역시 사하구 낙동대로 214(괴정동)","괴정사거리괴정역5번출구","팜약국","051-203-0633","1900","0900","1900","0900","1900","0900","1900","0900","1900","0900","1300","0900","C1201004","493","38","21945","35.100456800362366","128.9934476660348"
"서울특별시 구로구 구로동로26길 8, 기산빅프라자 4층 402호 (구로동)","매달 4번째 일요일 정기휴무","팜어스약국","02-855-5780","1900","0830","1900","0830","1800","0830","1900","0830","1900","0830","1400","0830","1300","0900","C1109768","083","11","21946","37.4902530613756","126.884745689064"
"인천광역시 미추홀구 아암대로 109, 청솔프라자 1층 110호 일부호 (용현동)","일요일, 공휴일 휴무여부 전화확인 필요 / 일요일 문여는 경우 09:00~13:00","팜어스약국","032-888-5780","2200","0900","2200","0900","2200","0900","2200","0900","2200","0900","2100","0900","1300","0900","C1402102","221","90","21947","37.4520218349827","126.632256901271"
"서울특별시 강남구 봉은사로 524 (삼성동)","공휴일은 전화확인하세요.","팜엑스약국","02-6002-3060","2100","0900","2100","0900","2100","0900","2100","0900","2100","0900","2100","0900","2000","1000","2200","1000","C1107161","061","64","21948","37.511675145383535","127.05809187292337"
"서울특별시 성북구 돌곶이로 60, 1층 (석관동)","팜케어건강약국","02-957-2583","1930","0830","1930","0830","1930","0830","1930","0830","1930","0830","1530","0830","C1109225","027","84","21949","37.6092046293874","127.058983078546"
"경기도 수원시 팔달구 인계로 154, 동수원뉴코아아울렛 9층 (인계동)","팜케어약국","031-231-6953","1800","1000","1800","1000","1800","1000","1800","1000","1800","1000","C2108460","164","88","21950","37.2663068577779","127.034316011963"
"경기도 구리시 안골로 110, 현민빌딩 1층 (수택동)","백병원사거리","팜코리아약국","031-565-8906","1700","0900","1700","0900","1700","0900","1700","0900","1700","0900","1700","0900","1900","0900","C2103654","119","32","21951","37.5977115528856","127.14341394324438"
"서울특별시 중랑구 면목로 352, (면목동)","사가정 1번출구에서 면목역방향","팜코리아약국","02-433-8421","2200","0830","2200","0830","2200","0830","2200","0830","2200","0830","2100","0900","1900","0900","1900","0900","C1100330","022","10","21952","37.583335754749","127.088626152995"
"경기도 용인시 기흥구 구갈로60번길 1","기흥구청근처기흥구보건소옆건물","팜코리아약국","031-281-2935","2100","0900","2100","0900","2100","0900","2100","0900","2100","0900","1930","0900","1930","1730","C2101954","169","72","21953","37.27981663688924","127.11153775439527"
"서울특별시 양천구 등촌로 26, 1층 101호 (목동)","팜코리아약국","02-2648-8003","2100","0900","2100","0900","2100","0900","2100","0900","2100","0900","2000","0900","C1102500","079","66","21954","37.5323056846465","126.8640529534"
"서울특별시 도봉구 도봉로 733, 1층 (도봉동)","공휴일은 전화확인하세요.","팜코리아약국","02-955-7017","2100","0900","2100","0900","2100","0900","2100","0900","2100","0900","2100","0900","2000","0900","1900","1000","C1110091","013","49","21955","37.669923827815","127.043304550233"
"서울특별시 송파구 가락로 99 (석촌동)","팜코리아약국","02-424-6167","2200","0830","2200","0830","2200","0830","2200","0830","2200","0830","2200","0900","2200","1200","C1103145","056","88","21956","37.5011513260496","127.106959641237"
"서울특별시 동작구 여의대방로 250, 104호 (대방동, 대림쇼핑)","대림쇼핑타운 104호","팜팜약국","02-827-0686","2000","0900","2000","0900","2000","0900","2000","0900","2000","0900","1800","0900","C1100364","069","43","21957","37.5087434455459","126.924517791265"
"광주광역시 광산구 장신로 98","롯데마트휴무시 동시 휴무","롯데마트수완점1층","팜프라자수완약국","062-975-2805","2100","1000","2100","1000","2100","1000","2100","1000","2100","1000","2100","1000","2100","1000","2100","1000","C1500621","622","25","21958","35.190226396023895","126.82096977424604"
"경기도 수원시 영통구 도청로 10, 롯데아울렛광교점 지하1층 (이의동)","팜프라자아울렛약국","031-8064-2080","1800","1000","1800","1000","1800","1000","1800","1000","1800","1000","C2108442","165","08","21959","37.2866141836502","127.055948104864"
"경기도 수원시 영통구 광교호수공원로 80, A동 209호 (원천동, 광교아이파크)","팜프라자앨리약국","031-212-7507","1900","0900","1900","0900","1900","0900","1900","0900","1900","0900","C2108248","165","14","21960","37.2730876685805","127.061262679777"
"서울특별시 은평구 통일로 1050, 롯데몰 은평점 4층 (진관동)","팜프라자약국","02-6975-5424","2100","1030","2100","1030","2100","1030","2100","1030","2100","1030","2100","1030","2100","1030","2100","1030","C1109309","033","06","21961","37.6375366740938","126.917900261732"
"충청북도 청주시 상당구 무농정로 32 (방서동)","방서동 하나로클럽 안","팜프라자약국","070-4135-9532","2130","0900","2130","0900","2130","0900","2130","0900","2130","0900","2130","0900","2130","0900","2130","0900","C2300921","287","83","21962","36.60481878317","127.50739384784685"
"전북특별자치도 전주시 완산구 우전로 240, 롯데마트 1층 (효자동2가)","전원 꺼져 있음(확인 불가)","팜프라자약국","0632226475","2200","1000","2200","1000","2200","1000","2200","1000","2200","1000","2200","1000","C2501150","549","66","21963","35.81633384256121","127.1025092792507"
"서울특별시 노원구 동일로 1066, 1층 (공릉동)","공휴일 전화확인하세요","팜프라자약국","02-6396-3003","2200","1000","2200","1000","2200","1000","2200","1000","2200","1000","2200","1100","2200","1100","2200","1100","C1109617","018","42","21964","37.6252572652872","127.073431821839"
"서울특별시 구로구 디지털로 300, 지밸리비즈플라자 지하1층 16호 (구로동)","점심시간 13:30~14:30","팜프라자약국","02-6344-3990","2000","0900","2000","0900","2000","0900","2000","0900","2000","0900","1400","1000","C1107400","083","79","21965","37.4849270383011","126.896538036905"
"대구광역시 동구 안심로 80, 지하1층 (율하동, 롯데쇼핑프라자)","둘째 넷째 일요일 10:00~21:00","팜프라자약국","053-607-2733","2100","1000","2100","1000","2100","1000","2100","1000","2100","1000","2200","1000","2200","1000","2200","1000","C1300440","410","97","21966","35.86846177313724","128.6933317433975"
"경상남도 창원시 마산회원구 삼호로 80, 1층 (양덕동, 메트로시티 2단지)","마트 휴무일에 따라 휴무함","팜프라자약국","055-255-3334","2200","1000","2200","1000","2200","1000","2200","1000","2200","1000","2200","1000","2200","1000","2200","1000","C2802094","513","19","21967","35.2236728605877","128.584565894733"
"경기도 안산시 단원구 선부광장북로 67 (선부동) 수정한양아파트","팜프라자약국","070-881-5344","1900","1000","1900","1000","1900","1000","1900","1000","1900","1000","C2106491","152","35","21968","37.338118945187034","126.81571730361993"
"서울특별시 영등포구 여의나루로 50, 한국교직원공제회관 B1층 3호 (여의도동)","팜프라자약국","02-761-6700","1830","0830","1830","0830","1830","0830","1830","0830","1830","0830","1300","0950","C1108055","073","28","21969","37.5218052926703","126.925651244211"
"서울특별시 관악구 신림로 150 (신림동)","서울대벤처타운역 1번출구 바로앞","팜프라자약국","02-872-4002","2000","0900","2000","0900","2000","0900","2000","0900","2000","0900","1700","0900","C1100365","088","38","21970","37.4725300199234","126.933752502857"
"서울특별시 동작구 남부순환로 2055 (사당동)","공휴일은 전화확인하세","팜프라자약국","02-523-9496","2100","0830","2100","0830","2100","0830","2100","0830","2100","0830","1400","0830","1200","0900","1200","0900","C1104691","070","24","21971","37.4768743718646","126.977094087349"
"인천광역시 연수구 앵고개로 266, 한양2차아파트(롯데슈퍼) 상가A동 1층 일부호 (동춘동)","팜프라자연수제일약국","032-822-3138","2200","0900","2200","0900","2200","0900","2200","0900","2200","0900","2200","0900","C1401855","219","73","21972","37.4069721358084","126.672819572061"
"경기도 이천시 부발읍 경충대로 2252, 101호","팜프라자하나로약국","031-694-8772","1930","0900","1930","0900","1930","0900","1930","0900","1930","0900","1400","0900","C2107961","173","27","21973","37.260675684316084","127.47653874650922"
"충청남도 보령시 지장골길 69, 101호 (죽정동)","매주 2 4 일요일 오전 09:00 ~ 12:30 운영","보령중앙병원 옆","팜플러스 약국","041-933-0092","2000","0850","2000","0850","2000","0850","2000","0850","2000","0850","1700","0900","1700","0900","1700","0900","C2401190","334","43","21974","36.358861098863755","126.60273031719988"
"전북특별자치도 전주시 완산구 평화로 115 (평화동2가)","팜플러스약국","063-225-0771","2100","0900","2100","0900","2100","0900","2100","0900","2100","0900","2100","0900","2100","0900","2100","0900","C2501236","551","23","21975","35.7871051331","127.1343768857"
"울산광역시 동구 방어진순환도로 637, 홈플러스 (일산동)","홈플러스 동구점 지하1층","팜플러스약국","052-234-6664","2130","1000","2130","1000","2130","1000","2130","1000","2130","1000","2130","1000","2130","1000","2130","1000","C1700272","440","68","21976","35.49897271053177","129.42747215672355"
"서울특별시 송파구 송파대로28길 43, 1층 101-2호 (가락동, 송파KCC웰츠타워 101-2호)","경찰병원 정문 맞은편","팜플러스약국","02-431-9655","2100","0900","2100","0900","2100","0900","2100","0900","2100","0900","2100","0900","2100","0900","2100","0900","C1104007","057","17","21977","37.4957322035314","127.12212959012"
"대구광역시 수성구 동대구로 95 (두산동, (홈플러스 대구수성점 지하1층))","2,4주 일요일 휴무","팜플러스약국","053-766-9114","2230","1000","2230","1000","2230","1000","2230","1000","2230","1000","2230","1000","2230","1000","2230","1000","C1301609","421","70","21978","35.83791279315047","128.62268182750523"
"부산광역시 동래구 중앙대로 1523 (온천동)","홈플러스 휴무일 휴무","1호선 온천장역 3,5번출구, 홈플러스 안","팜플러스온누리약국","051-553-5548","2200","1000","2200","1000","2200","1000","2200","1000","2200","1000","2200","1000","2200","1000","2200","1000","C1201489","477","10","21979","35.22129102114556","129.085578347718"
"서울특별시 중랑구 동일로 932, 202동 216,217호 (묵동)","공휴일: 소아과 일정에 따라 운영시간 변동있습니다","팜필리아약국","02-948-0204","2245","0900","2245","0900","2245","0900","2245","0900","2245","0900","1745","0900","1745","0900","C1107356","020","33","21980","37.6138393830212","127.077557139207"
"대구광역시 동구 아양로 187, 1층 (신암동)","대체공휴일09:00~12:50","동구청옆동서시장입구왼쪽","패밀리약국","053-958-2458","1800","0900","1800","0900","1800","0900","1800","0900","1800","0900","1300","0900","C1300655","411","84","21981","35.88590855988539","128.63361375910557"
"서울특별시 마포구 마포대로 143 (공덕동)","파크팰리스 2223","팰리스약국","02-719-5472","1900","0900","1900","0900","1900","0900","1900","0900","1900","0900","1300","0900","C1100368","041","43","21982","37.5474542024771","126.953094314075"
"경기도 부천시 원미구 중동로 100, 113,114호 (중동, 팰리스카운티 아이파크상가)","팰리스약국","032-611-2010","2100","0900","2100","0900","2100","0900","2100","0900","2100","0900","1900","0900","C2104005","146","13","21983","37.48861100187178","126.76588521462045"
"서울특별시 송파구 오금로 300, 김해빌딩 1층 103호 (가락동)","퍼스트송파약국","02-6012-5107","2000","0900","2000","0900","2000","0900","2000","0900","2000","0900","1700","0900","C1109636","057","00","21984","37.503299100149","127.125670011631"
"인천광역시 남동구 호구포로 812, 102호(구월동,한빛하이존)","인천남동구구월동모래네시장농협1층","퍼스트시티경도약국","032-462-7976","1900","0900","1900","0900","1900","0900","1900","0900","1900","0900","1400","0900","C1400291","215","34","21985","37.454768021542506","126.71959627938318"
"경기도 안양시 동안구 경수대로 607, 1층 (호계동)","퍼스트약국","031-429-0525","1800","0900","1800","0900","1800","0900","1800","0900","1800","0900","C2108215","141","14","21986","37.3765640233185","126.955566732726"
"대전광역시 서구 계백로 1440, 1층 (도마동)","도마사거리에서유천동방향으로50m도로변건강한크리닉1층","퍼스트약국","042-581-1151","2000","0830","2000","0830","2000","0830","2000","0830","2000","0830","1400","0830","C1600587","354","02","21987","36.313296070960696","127.38112860347922"
"인천광역시 연수구 컨벤시아대로230번길 42, 송도아라플라자 102-1호 (송도동)","공휴일 및 일요일 사전 문의","365일 운영","스퀘어원 3층","퍼스트약국","032-832-5975","1900","0900","1900","0900","1900","0900","1900","0900","1900","0900","1400","0900","1900","1030","1900","1030","C1400812","220","09","21988","37.406001745521394","126.68362511779671"
"충청북도 청주시 상당구 교서로 1, 101호 (영동)","12:30~13:30","퍼스트약국","043-222-4854","1800","0900","1800","0900","1800","0900","1800","0900","1800","0900","1700","0900","1700","0900","C2301260","285","46","21989","36.6369008097845","127.485883905446"
"서울특별시 강남구 삼성로 155","대치역7번출구 대치퍼스트상가 129호","퍼스트약국","02-565-3501","2100","0900","2100","0900","2100","0900","2100","0900","2100","0900","C1100560","062","91","21990","37.4938813994708","127.062951852624"
"서울특별시 광진구 아차산로 402, 판매시설 B2층 11a호 (자양동)","공휴일은 전화확인하세요","퍼스트온누리약국","02-457-7778","2100","1000","2100","1000","2100","1000","2100","1000","2100","1000","1700","1000","1700","1000","1900","1000","C1110680","050","50","21991","37.5366104651759","127.087852468702"
"부산광역시 강서구 명지국제2로 41, 1층 152호 (명지동, 더샵 명지퍼스트월드 3단지)","퍼스트온누리약국","070-7585-8058","1800","0900","1800","0900","1800","0900","1800","0900","1800","0900","1300","0900","C1202751","467","26","21992","35.0947910774996","128.906652133701"
"경기도 성남시 중원구 산성대로 338-2, 1층 101호 (중앙동)","퍼스트케어약국","070-7622-8979","1830","0900","1830","0900","1830","0900","1830","0900","1830","0900","1300","0900","C2100468","132","48","21993","37.44321771316027","127.15427476813969"
"서울특별시 서초구 강남대로 381, 두산베어스텔 304호 (서초동)","퍼스트케어약국","02-597-8979","1900","0930","1900","0930","1900","0930","1900","0930","1900","0930","1400","0930","C1107975","066","20","21994","37.4966853439159","127.027693858427"
"경기도 수원시 권선구 곡반정로 160, 라퍼스트 3층 322, 323호 (곡반정동)","퍼스트하늘약국","031-302-8055","1800","0900","1800","0900","1800","0900","1800","0900","1800","0900","1300","0900","C2109368","166","68","21995","37.2417059659341","127.034202972576"
"경기도 과천시 과천대로2길 48, 펄어비스 B108 (갈현동)","펄약국","070-4141-1204","1800","0900","1800","0900","1800","0900","1800","0900","1800","0900","C2109195","138","24","21996","37.4064441964513","126.983646700421"
"서울특별시 광진구 아차산로 563, 대한제지(주) 사옥 지하2층 B204호 (광장동)","페이퍼약국","070-8656-3362","1930","0830","1900","0830","1900","0830","1900","0830","1930","0830","1430","0830","C1110872","049","83","21997","37.5441340657514","127.10293064906"
"경상북도 경산시 펜타힐즈로 74, 1층 120호 (중산동)","펜타약국","053-801-2933","1900","0900","1900","0900","2000","0900","1900","0900","1900","0900","1500","0900","C2701472","386","62","21998","35.8300941117","128.7198879498"
"서울특별시 강북구 도봉로 지하50, 미아사거리역 B1층 416-115호 (미아동)","펜타약국","02-501-7337","2200","1030","2200","1030","2200","1030","2200","1030","2200","1030","2200","1000","2100","1200","2100","1200","C1109426","012","15","21999","37.6132861094991","127.030098418544"
"부산광역시 사하구 승학로 12, 1층 (당리동)","공휴일 운영 병원운영시간과 동일함","1호선 하단역 11번 출구 : 본병원 옆건물","펜타약국","051-201-4565","1800","0900","1800","0900","1800","0900","1800","0900","1800","0900","1300","0900","C1202303","493","26","22000","35.1064905798","128.9701351442"
"경상북도 포항시 북구 새천년대로 1222 (장성동)","일요일은 격주 운영","펭귄 온누리약국","054-615-2902","2100","0900","2100","0900","2100","0900","1700","0900","2100","0900","1700","0900","1330","0900","2100","0900","C2701419","376","05","22001","36.0728290719","129.3814875136"
"울산광역시 동구 바드래1길 45, 현대중공업임원숙소 101호 (전하동)","편리한주차약국","052-234-7890","1830","0830","1830","0830","1830","0830","1830","0830","1830","0830","C1700651","440","35","22002","35.517134370152746","129.42854466151562"
"전북특별자치도 전주시 완산구 용리로 54, 102호 (삼천동1가)","편안약국","063-714-3101","1930","0830","1930","0830","1930","0830","1930","0830","1930","0830","1400","0830","C2501456","550","86","22003","35.7983806817813","127.115734186586"
"경상남도 창원시 마산회원구 3·15대로 770, 1층 (합성동)","편안약국","055-294-2600","1830","0900","1830","0900","1830","0900","1830","0900","1830","0900","1400","0900","C2802099","513","56","22004","35.240161917507","128.584275753435"
"경기도 이천시 중리천로 98, 1층 103호 (중리동)","편안약국","031-632-2138","1800","0900","1800","0900","1800","0900","1800","0900","1800","0900","1300","0900","C2109724","173","73","22005","37.2775627417636","127.447809667984"
"경상남도 의령군 의령읍 의병로22길 13-8","공휴일은 당번제로 운영","편안약국","055-574-0019","1930","0800","1930","0800","1930","0800","1930","0800","1930","0800","1600","0800","C2802122","521","48","22006","35.3187778479724","128.26379562123"
"경기도 김포시 고촌읍 김포대로 337, 101호","편안약국","031-981-2773","2000","0900","2000","0900","2000","0900","2000","0900","2000","0900","1600","0900","C2109689","101","29","22007","37.6007025382833","126.770365000536"
"경상북도 상주시 상산로 255, (남성동)","농협시지부 앞","편안약국","054-532-9911","1800","0830","1800","0830","1800","0830","1800","0830","1800","0830","C2700766","371","98","22008","36.4137795801","128.1592006539"
"대구광역시 북구 칠곡중앙대로 393, 3층 (태전동)","편안약국","053-261-7901","1900","0830","1900","0830","1900","0830","1900","0830","1900","0830","1400","0830","C1301298","414","51","22009","35.93090053542259","128.54781401396542"
"경기도 안산시 단원구 화랑로 102, 1동 107호 (원곡동)","편안약국","031-508-6297","1800","0900","1800","0900","1800","0900","1800","0900","1800","0900","1300","0900","C2109842","153","89","22010","37.3262158258929","126.800621604984"
"인천광역시 부평구 시장로 55-1, 1층 (부평동)","편안약국","032-511-6369","1400","0900","1400","0900","1400","0900","1400","0900","1400","0900","C1401574","213","91","22011","37.495611989310085","126.72747022833167"
"경기도 성남시 중원구 자혜로 40, 삼복빌딩 1층 (금광동)","편안우리약국","031-734-2755","2100","0900","2100","0900","2100","0900","2100","0900","2100","0900","2000","0900","1230","1000","2000","1000","C2101339","131","67","22012","37.450318839017314","127.16392565032812"
"부산광역시 부산진구 가야대로 484 (개금동)","버스정류장: 개금골목시장입구","편안한약국","051-898-9585","2000","0900","2000","0900","2000","0900","2000","0900","2000","0900","1800","0900","C1200106","473","24","22013","35.152888628992336","129.02490016023384"
"서울특별시 중랑구 사가정로 398, JS빌딩 1층 (면목동)","사가정역4번출구바로앞","편안한약국","02-495-1050","1915","0900","1915","0900","1915","0900","1915","0900","1915","0900","1530","0900","C1100562","022","49","22014","37.5802876412794","127.088816583304"
"울산광역시 남구 삼산로 112 (달동)","달동굿모닝병원앞","편안한약국","052-269-2265","1830","0900","1830","0900","1830","0900","1830","0900","1830","0900","1300","0900","C1700219","447","22","22015","35.5351784147181","129.31995606359572"
"경상북도 구미시 구미대로 389-20, 1층 (신평동)","편안한약국","054-465-7335","1900","1000","1900","1000","1900","1000","1900","1000","1900","1000","1600","1000","C2701739","392","37","22016","36.1218356847867","128.361352031505"
"전라남도 여수시 망마로 40, 1층 1호 (학동)","365열린의원 1층","편안한약국","061-692-6267","2200","0830","2200","0830","2200","0830","2200","0830","2200","0830","2200","0830","C2601152","596","89","22017","34.7656859542","127.6631599221"
"대구광역시 달서구 달구벌대로205길 7, 1, 2층 (호산동)","편안한약국","053-585-5799","1800","0900","1800","0900","1800","0900","1800","0900","1800","0900","C1301773","426","02","22018","35.8536419525699","128.478530344204"
"부산광역시 부산진구 가야대로 786 (부전동)","1,2호선 서면역 7번 출구","편안한약국","051-807-2700","2000","0930","2000","0930","2000","0930","2000","0930","2100","0930","1700","0900","1400","1000","C1202411","472","85","22019","35.1573751237","129.0574870984"
"인천광역시 서구 원적로27번길 11 (가좌동)","편안한약국","032-583-1133","2000","0800","2000","0800","2000","0800","2000","0800","2000","0800","1400","0800","C1401698","228","19","22020","37.4894387395","126.6788711388"
"대전광역시 유성구 죽동로279번길 101, 104호 (죽동, 죽동프라자)","일요일은 불규칙하니, 반드시 전화 확인 후 방문 바랍니다","편안한약국","042-826-8885","2130","0930","2130","0930","2130","0930","2130","0930","2130","0930","2100","1000","2100","1000","C1601100","341","27","22021","36.372576092223646","127.33905878454055"
"전북특별자치도 군산시 동아로 148, 102 (산북동,소룡프라자)","삼북아파트 앞","편약국","063-466-1710","1900","0830","1900","0830","1900","0830","1900","0830","1900","0830","1300","0900","C2500188","541","64","22022","35.968302777777780","126.684519444444447"
"서울특별시 관악구 신림로 318, 1층 101호 (신림동, 청암두산위브센티움)","청암두산위브센티움 1층 101호","편한M약국","02-882-0072","2100","0900","2030","0900","2030","0900","2000","0900","2100","0900","1600","0900","C1100110","087","77","22023","37.4825754320038","126.930252917369"
"경기도 부천시 원미구 부흥로 471-10, 1층 (소사동)","편한성모약국","031-000-0000","1800","0900","1800","0900","1800","0900","1800","0900","1800","0900","1300","0900","C2109660","146","47","22024","37.4859960857688","126.791505521508"
"경기도 부천시 부흥로 471-10, 1층 (소사동)","편한성모약국","031-000-0000","1800","0900","1800","0900","1800","0900","1800","0900","1800","0900","1300","0900","C2109509","146","47","22025","37.4860003254679","126.791508336434"
"경기도 부천시 경인로 74, 1층 일부호 (송내동)","송내사거리에 위치한 건물 1층(롯데슈퍼 맞은편)","편한약국","032-667-8030","1920","0900","1920","0900","1920","0900","1920","0900","1920","0900","C2100255","147","28","22026","37.48355307198816","126.76332776990472"
"경기도 평택시 동삭로 370-4 (동삭동)","편한약국","031-654-2249","1900","0830","1900","0830","1900","0830","1900","0830","1900","0830","1400","0830","C2108651","180","31","22027","37.0183727326185","127.095883637117"
"대구광역시 북구 원대로 42","공휴일 전화요망","편한약국","053-341-0405","1830","0900","1830","0900","1830","0900","1830","0900","1830","0900","1300","0900","C1300610","415","96","22028","35.88112971141625","128.58099027149396"
"부산광역시 수영구 광안해변로295번길 3, 1층 101호 (민락동, 드림팰리스)","주말 유선문의 후 방문요망","편한약국","051-711-9090","1830","0830","1830","0830","1830","0830","1830","0830","1830","0830","1330","0830","1330","0830","C1202865","482","87","22029","35.1566275137307","129.125591644369"
"부산광역시 금정구 두실로 26, 진경빌딩 1층 (남산동)","버스정류장 : 샘골공원","편한약국","051-583-8123","1830","0900","1830","0900","1830","0900","1830","0900","1830","0900","1330","0900","C1202642","462","27","22030","35.2609069205411","129.088525425824"
"충청북도 청주시 청원구 주성로 263, 107-1호 (주중동)","국민은행 건물","편한약국","043-715-1782","1830","0830","1830","0830","1830","0830","1830","0830","1830","0830","1400","0830","C2301143","283","25","22031","36.6708951653814","127.495479417179"
"경기도 안산시 상록구 샘골로 140 (본오동)","본오동871-3","편한약국","031-417-6630","1900","0900","1900","0900","1900","0900","1900","0900","1900","0900","1600","0900","C2100818","155","41","22032","37.29622061746255","126.86335566514992"
"전라남도 순천시 중앙로 53, 1층 (저전동)","편한약국","061-746-4800","2030","0900","2030","0900","2030","0900","2030","0900","2030","0900","1500","0900","1300","0900","C2601076","579","57","22033","34.95156417637917","127.48404295500626"
"강원특별자치도 삼척시 도계읍 도계우회로1길 4, 편한약국","일요일 유동적 운영 전화확인후 방문","고려의원 옆 건물 1층","편한약국","033-541-3677","1930","0900","1930","0900","1930","0900","1930","0900","1930","0900","1930","0900","1930","0900","C2200517","259","48","22034","37.233487687195165","129.04676685597482"
"대구광역시 수성구 동대구로 337","편한약국","053-741-6808","2000","0800","1900","0800","1900","0800","1900","0800","2000","0800","1600","0800","C1300434","420","19","22035","35.86059683239064","128.62595666314732"
"대구광역시 달서구 달구벌대로 1525, 101호 (죽전동, 진도골드타워)","편한약국","053-743-5658","1900","0900","1900","0900","1900","0900","1900","0900","1900","0900","1700","0900","C1300357","426","33","22036","35.8500835803","128.5339286576"
"울산광역시 중구 학성로 150, 1층 (학산동)","편한약국","052-244-2500","2000","0820","2000","0820","2000","0820","2000","0820","2000","0820","1400","0820","C1700683","445","20","22037","35.5561666136593","129.327374354372"
"대전광역시 중구 중앙로 10","편한약국","042-222-1023","1800","0800","1800","0800","1800","0800","1800","0800","1800","0800","1400","0800","C1600536","349","44","22038","36.32241383142765","127.41355245880229"
"광주광역시 서구 염화로 27, 2층 (화정동)","편한약국","062-373-9202","1800","0830","1800","0830","1800","0830","1800","0830","1800","0830","1230","0830","C1501171","620","25","22039","35.1369696727","126.8724102045"
"광주광역시 북구 매곡로 74, 1층103호 (매곡동,매곡중앙빌딩)","공휴일 전화 연락 후 내원 요함","매곡중앙빌딩1층","편한약국","062-573-5739","1830","0800","1830","0800","1830","0800","1830","0800","1830","0800","1300","0800","1200","0900","1230","0900","C1500035","610","59","22040","35.190021020067085","126.89403212570671"
"광주광역시 동구 남문로744번길 23 (학동)","편한약국","062-233-6200","1800","0900","1800","0900","1800","0900","1800","0900","1800","0900","C1501106","614","54","22041","35.1379663209","126.9263902669"
"경상북도 포항시 남구 오천읍 정몽주로 619","오천읍 용덕사거리 성모의원1층","편한약국","054-291-5507","1900","0900","1900","0900","1900","0900","1900","0900","1900","0900","1600","0900","1300","0900","1400","0900","C2700343","379","06","22042","35.97326014002926","129.41472896672568"
"전북특별자치도 김제시 남북로 205, (요촌동)","김제시장 안쪽","편한약국","063-545-7100","1900","0800","1900","0800","1900","0800","1900","0800","1900","0800","1700","0800","1700","0800","C2500372","543","85","22043","35.802316666666670","126.884330555555550"
"전북특별자치도 군산시 미장서로 66 (수송동)","수송동 믿음내과 옆","편한약국","063-452-3694","1730","0830","1730","0830","1730","0830","1730","0830","1730","0830","1300","0830","C2500062","540","91","22044","35.965027176309334","126.72200406357038"
"전북특별자치도 전주시 완산구 평화로 139","편한약국","063-221-0633","1900","0900","1900","0900","1900","0900","1900","0900","1900","0900","1400","0900","C2501080","551","23","22045","35.78916274536688","127.13515908326076"
"충청남도 금산군 금산읍 금산로 1491, 101호","편한약국","041-752-2212","1800","0800","1800","0800","1800","0800","1800","0800","1800","0800","1300","0900","1300","0900","C2401801","327","36","22046","36.1068314995993","127.489354768259"
"경상남도 창원시 마산합포구 아구찜길 1 (동성동)","아구찜거리 입구","편한약국","055-245-5550","1900","0900","1900","0900","1900","0900","1900","0900","1900","0900","1600","0900","C2800715","517","28","22047","35.20562162720145","128.57833000148648"
"충청남도 아산시 온천대로1740번길 9, 아람메디컬빌딩 1층 104-1호 (풍기동)","편한약국","041-545-5356","1830","0830","1830","0830","1830","0830","1830","0830","1830","0830","C2401787","315","28","22048","36.7742099177697","127.029933852352"
"서울특별시 용산구 서빙고로 17, 용산센트럴파크 해링턴스퀘어 1층 47호 (한강로3가)","금강아산병원맞은편","편한약국","02-793-8887","2000","0830","2000","0830","2000","0830","2000","0830","2000","0830","1600","0830","1800","1400","C1100604","043","87","22049","37.5269056148241","126.966566172294"
"경기도 안양시 동안구 경수대로 430, 상가A동 107일부호 (호계동, 호계e-편한세상아파트)","편한약국","031-452-7030","2000","0900","2000","0900","2000","0900","2000","0900","2000","0900","1530","0900","C2103215","141","26","22050","37.3623338646163","126.96185943942228"
"경기도 군포시 번영로 502, 5층 507-1호 (금정동, 산본역사상가)","편한약국","031-392-3959","1900","0900","1900","0900","1900","0900","1900","0900","1900","0900","1300","0900","C2100580","158","62","22051","37.357594213776","126.93340341447562"
"광주광역시 광산구 신창로 68, 파라다이스빌딩 1층 (신창동)","안녕하세요 365일 연중무휴 편한 온누리 약국입니다. 항상 친절한 마음으로, 내 가족을 대하듯 성심성의껏 상담해드리겠습니다. 신창 전지역 병원, 의원, 응급실 약 처방 조제 가능 합니다^_^","편한온누리약국","062-951-0778","2100","0830","2100","0830","2100","0830","2100","0830","2100","0830","2100","0830","2100","0900","2100","0900","C1501179","622","52","22052","35.1913047991","126.8373476659"
"대구광역시 동구 동부로 72, 1층 (신천동)","편한온누리약국","053-792-3131","1800","0900","1800","0900","1800","0900","1800","0900","1800","0900","C1301734","412","54","22053","35.8750142630809","128.620368527797"
"경기도 부천시 중동로 256, 삼성프라자 203호일부호 (중동)","편한우리약국","032-326-1620","1800","0900","1800","0900","1800","0900","1800","0900","1800","0900","1300","0900","C2109228","145","48","22054","37.5025796581472","126.769228101662"
"부산광역시 동래구 시실로24번길 5, 1층 102호 (명륜동)","버스정류장: 온천장 입구 교차로","편한이웃약국","051-938-8000","2000","0900","2000","0900","2000","0900","2000","0900","2000","0900","1700","0900","1300","0900","C1202167","477","44","22055","35.216410689725386","129.08639780891988"
"부산광역시 해운대구 선수촌로 7, (반여동)","버스정류장: 왕자맨션옆","편한이웃약국","051-528-9200","2000","0800","2000","0800","2000","0800","2000","0800","2000","0800","2000","0800","1200","0800","C1201310","480","43","22056","35.194450000000003","129.118497222222231"
"대구광역시 중구 달구벌대로 지하 2100, 반월당역 W204,205,304,305호 (덕산동)","편한현대약국","053-257-5515","2030","0830","2030","0830","2030","0830","2030","0830","2030","0830","2030","0830","2030","0830","2030","0830","C1301420","419","57","22057","35.8644206926","128.5933402685"
"서울특별시 노원구 동일로 1545 (상계동)","현대골드시티빌딩 1층","평강상록수약국","02-935-6644","2100","0830","2100","0830","2100","0830","2100","0830","2100","0830","2100","0830","1800","0900","1900","1000","C1100605","016","20","22058","37.6663907694807","127.056973759982"
"강원특별자치도 원주시 남원로 548-5","원주의료원 사거리","평강약국","033-766-7797","1800","0830","1800","0830","1800","0830","1800","0830","1800","0830","1300","0830","C2200029","264","48","22059","37.332821833886236","127.94796981257649"
"서울특별시 서초구 서초중앙로24길 55 (서초동, 중앙서초플라자)","매월 첫 번째 토요일은 9시부터 15시까지 운영합니다","교대역 4번 출구/유원서초아파트 근처","평강약국","070-7458-0303","1830","0900","1830","0900","1830","0900","1830","0900","1830","0900","1300","1000","C1106970","066","03","22060","37.4961037770348","127.019390243646"
"경기도 남양주시 와부읍 덕소로 87","덕소역1번출구5분거리덕소삼거리에위치","평강약국","031-576-3002","1700","1000","1700","1000","1700","1000","1700","1000","1700","1000","1730","0830","C2102932","122","09","22061","37.58649576319923","127.21233786725804"
"경기도 고양시 덕양구 호국로 822, 1층 119호 (성사동, 명지캐럿86)","평강약국","031-818-7176","1500","0900","1500","0900","1500","0900","1500","0900","1500","0900","1500","0900","C2107296","104","63","22062","37.6585286321","126.8388543621"
"경상남도 진주시 새평거로 136, 탑마트 진주평거점 1층 (평거동)","평거마트약국","055-747-5558","2200","1000","2200","1000","2200","1000","2200","1000","2200","1000","2200","1000","2200","1000","2200","1000","C2802271","527","03","22063","35.1703727338615","128.061903855215"
"경상남도 진주시 진양호로 255-1, (평거동)","보람산부인과 옆","평거한빛약국","055-741-7508","1830","0900","1830","0900","1830","0900","1830","0900","1830","0900","1600","0900","C2800141","526","77","22064","35.176683333333337","128.062583333333322"
"경상남도 진주시 진양호로115번길 12","주민센터 뒷편","평거한약국","055-746-6125","1930","0900","1930","0900","1930","0900","1930","0900","1930","0900","1900","0900","C2801146","526","49","22065","35.168521246846616","128.05198997568402"
"경기도 남양주시 평내로29번길 41, 메인프라자 202-1호 (평내동)","평내성심약국","031-511-2101","1800","0900","1800","0900","1800","0900","1800","0900","1800","0900","1500","0900","C2100030","122","23","22066","37.64540863468827","127.23496927784028"
"경기도 남양주시 평내로29번길 49, 108호 (평내동, 엠투프라자)","평내약국","031-594-3002","2100","1000","2100","1000","2100","1000","2100","1000","2100","1000","2200","0900","2100","1000","2100","1030","C2102515","122","23","22067","37.6457643500066","127.23550974232602"
"경기도 남양주시 경춘로 1316, 1층 (평내동, 제일빌딩)","평내연약국","031-591-7890","1600","0900","1600","0900","1600","0900","1600","0900","1600","0900","C2102466","122","18","22068","37.650693154723775","127.23857787955464"
"경기도 남양주시 경춘로1308번길 2 (평내동)","평내온누리약국","031-592-4288","1900","0900","1900","0900","1900","0900","1900","0900","1900","0900","1330","0900","C2103372","122","18","22069","37.650098489559824","127.23799362057603"
"경기도 남양주시 경춘로1308번길 8-8, 9-1,9-2호 (평내동, 대명아파트)","평내진약국","031-595-8279","1700","1100","1700","1100","1700","1100","1700","1100","1700","1100","C2107331","122","18","22070","37.6493012372","127.238529213"
"광주광역시 광산구 평동로 773","(평동공단내)","평동약국","062-943-4833","1700","0800","1700","0800","1700","0800","1700","0800","1700","0800","1230","0800","C1500114","624","20","22071","35.12533273698461","126.7590479556991"
"광주광역시 광산구 평동산단로 196-14(월전동)","평동종로약국","062-000-0000","2130","1030","2130","1030","2130","1030","2130","1030","2130","1030","2000","1030","2000","1030","2000","1030","C1501346","624","18","22072"
"대구광역시 서구 문화로49길 31 (평리동)","대평리시장안","평리약국","053-561-8114","2000","0900","2000","0900","2000","0900","2000","0900","2000","0900","1700","0900","1500","0900","1700","1000","C1300830","417","70","22073","35.87842924821644","128.55895977408167"
"대구광역시 서구 서대구로 192, 1층 (평리동)","평리제일약국","053-523-2240","1830","0900","1830","0900","1830","0900","1830","0900","1830","0900","1230","0900","C1301036","417","74","22074","35.875061452225054","128.5551794203112"
"경기도 김포시 초당로16번길 130-9, 세명 104호 일부호 (장기동)","평산한약국","070-8835-2358","1800","1000","1800","1000","1800","1000","1800","1000","1800","1000","C2108496","100","88","22075","37.6420422115744","126.678524357585"
"인천광역시 강화군 강화읍 강화대로 440","평생약국","032-933-6511","1300","1000","1300","1000","1300","1000","1300","1000","1300","1000","C1402101","230","32","22076","37.747774245211","126.483045667388"
"서울특별시 성동구 고산자로6길 40 (행당동)","평안약국","02-2294-8111","1900","0900","1900","0900","1900","0900","1900","0900","1900","0900","1500","0900","C1100449","047","45","22077","37.5582206987955","127.035482520519"
"경기도 의정부시 가능로 97, 1층 (가능동)","평안약국","031-875-7562","1830","0900","1830","0900","1830","0900","1830","0900","1830","0900","1400","0900","C2103441","116","83","22078","37.7469736098","127.0420498995"
"경기도 수원시 권선구 정조로 558, (세류동)","공휴일유연근무","유천사거리신곡초등학교입구","평안약국","031-235-6216","2100","0900","2100","0900","2100","0900","2100","0900","2100","0900","1900","0900","2000","0900","C2100666","165","77","22079","37.25885521419084","127.01248127582636"
"경상북도 김천시 자산로 33-1 (용두동)","일요일은 필요시 운영","약국","용두동 새마을금고옆","평안약국","054-434-2235","1900","0900","1900","0900","1900","0900","1900","0900","1900","0900","1900","0900","1930","0900","C2700354","395","91","22080","36.11941732685699","128.12797774275435"
"대구광역시 동구 아양로 85","평안약국","053-585-2203","1830","0840","1830","0840","1830","0840","1830","0840","1830","0840","1300","0900","C1300084","411","99","22081","35.883317821939315","128.62316952784917"
"경상남도 진주시 도동로 233","탑마트 옆","평안온누리약국","055-742-3002","2100","0800","2100","0800","2100","0800","2100","0800","2100","0800","1700","0800","C2800049","527","68","22082","35.19113816652245","128.12181002448278"
"전북특별자치도 전주시 완산구 공북로 22, 2층 (태평동)","점심시간(11:30~13:30)","한약국(처방전, 일반약품판매 불가),전화 후 방문","평안한약국","063-275-5450","1700","1300","1800","1000","1700","1300","1800","1000","1700","1300","1730","1000","C2500842","549","98","22083","35.82959083687469","127.14435736092864"
"강원특별자치도 원주시 평원로 54, 1층 (평원동)","평원약국","033-732-1722","1800","0730","1800","0730","1730","0730","1800","0730","1800","0730","1230","0730","C2201084","264","30","22084","37.3508071216185","127.951392152214"
"인천광역시 남동구 백범로180번길 93","평원약국","032-463-0508","1800","0930","1800","0930","1800","0930","1800","0930","1800","0930","1800","0930","C1400737","215","24","22085","37.461073220335514","126.73232494538888"
"서울특별시 동대문구 약령시로 51 (제기동)","평제약국","02-963-6919","2100","0900","2100","0900","2100","0900","2100","0900","2100","0900","2000","0900","2000","0900","C1100450","024","78","22086","37.58306383410247","127.03579412250843"
"강원특별자치도 평창군 평창읍 노성로 8 (평창읍)","일요일(09:00~18:00) 일요일은 대성약국→보건약국→삼성약국→중앙약국 순으로 돌아갑니다.","평창보건약국","033-334-2334","1830","0900","1830","0900","1830","0900","1830","0900","1830","0900","C2201010","253","76","22087","37.36858815435659","128.39039673731745"
"경기도 안양시 동안구 동안로 162, 홈플러스 지하1층 일부(X11, YB)호 (비산동)","2째, 4째주 수요일은 휴무","홈플러스 평촌점 지하1층에 위치","평촌공감약국","070-7537-3433","2200","1000","2200","1000","2200","1000","2200","1000","2200","1000","2200","1000","2200","1000","2200","1000","C2109886","140","46","22088","37.3932688505883","126.950426506671"
"경기도 안양시 동안구 관평로182번길 53, 108~110호 (관양동, 광장빌딩)","평촌역광장앞","평촌광장약국","031-388-3371","2200","0830","2200","0830","2200","0830","2200","0830","2200","0830","2200","0830","C2101722","140","66","22089","37.394264492829485","126.96304913696424"
"경기도 의왕시 포일로 43, 대림프라자 501-1호 (내손동)","평촌규약국","031-421-3819","1800","0900","1800","0900","1800","0900","1800","0900","1800","0900","C2108676","160","22","22090","37.3900446690729","126.977429944362"
"경기도 안양시 동안구 관평로170번길 33, 105호 (관양동)","평촌대학약국","031-476-8838","1800","0900","1800","0900","1800","0900","1800","0900","1800","0900","C2108288","140","66","22091","37.3929829998683","126.962259358156"
"경기도 안양시 동안구 시민대로 311, 금강스마트빌딩 2층 210호 (관양동)","평촌대형약국","031-360-3063","1800","0900","1800","0900","1800","0900","1800","0900","1800","0900","1300","0900","C2109989","140","55","22092","37.3960785735488","126.964662720477"
"경기도 안양시 동안구 시민대로 311, 314호 (관양동, 금강스마트빌딩)","평촌라임약국","031-426-7001","1900","0900","1900","0900","1900","0900","1900","0900","1900","0900","1300","0900","C2106628","140","55","22093","37.396088672559074","126.9646880127956"
"경기도 안양시 동안구 시민대로 202, 103호 (호계동, 에메랄드빌딩)","평촌범계약국","031-388-9561","1800","0900","1800","0900","1800","0900","1800","0900","1800","0900","1300","0900","C2108634","140","72","22094","37.391479298647","126.953453547632"
"경기도 안양시 동안구 관평로170번길 15, 1층 (관양동)","평촌역1번출구한림대성심병원앞","평촌성신약국","031-383-0734,5","1800","0830","1800","0830","1800","0830","1800","0830","1800","0830","1330","0900","C2103881","140","66","22095","37.3926421966764","126.96161800454497"
"경기도 안양시 동안구 경수대로 548, 4층 일부호 (호계동)","평촌센텀약국","031-429-1791","1800","0900","1800","0900","1800","0900","1800","0900","1800","0900","1300","0900","C2109207","141","12","22096","37.3716280144431","126.958253987197"
"경기도 안양시 동안구 시민대로 214, 다운타운빌딩 1층 106, 107호 (호계동)","안양시청사거리(범계역)아웃백건물1층","평촌수약국","031-387-3375","2030","0900","2030","0900","2030","0900","2030","0900","2030","0900","1600","0900","C2103325","140","72","22097","37.39202522222594","126.95479268739074"
"경기도 안양시 동안구 시민대로 187, 안양건설타워 106호 (비산동)","평촌시민약국","031-381-1312","1800","0900","1800","0900","1800","0900","1800","0900","1800","0900","C2108966","140","47","22098","37.3917835288652","126.951767135916"
"대전광역시 서구 벌곡로 417 (평촌동)","평촌약국","042-583-9520","1600","0900","1600","0900","1600","0900","1600","0900","1600","0900","1600","0900","C1601068","354","25","22099","36.24143282499999","127.3219332257"
"경기도 안양시 동안구 관평로170번길 33, 108호 (관양동, 주공공이빌딩)","평촌열린약국","031-387-5335","1900","0800","1900","0800","1900","0800","1900","0800","1900","0800","1400","0830","C2102182","140","66","22100","37.39298661500009","126.96225435655187"
"경기도 안양시 동안구 흥안대로434번길 19-21, 1층 (평촌동)","인덕원대림1차아파트옆","평촌온누리약국","031-421-5918","1800","0900","1800","0900","1800","0900","1800","0900","1800","0900","1400","0900","2100","0900","C2100568","140","62","22101","37.39349502431124","126.97635660472177"
"경기도 안양시 동안구 평촌대로223번길 64, 제일빌딩 307-1호 (호계동)","범계역2번출구제일빌딩3층","평촌제일약국","031-385-8856","1930","0900","1930","0900","1930","0900","1930","0900","1930","0900","1730","0900","C2100518","140","72","22102","37.390506878655366","126.9522460635039"
"경기도 안양시 동안구 평촌대로 141 (호계동, 트윈프라자 1층)","일요일은 전화문의후 방문할 것 : 사정에 따라 운영여부가 달라짐","평촌학원가사거리파리바게트건물1층","평촌종로약국","031-385-9600","2230","0900","2230","0900","2230","0900","2230","0900","2230","0900","2200","0900","2100","0900","C2101610","140","99","22103","37.384602357545305","126.958776423821"
"경기도 안양시 동안구 관평로186번길 53, 씨티빌딩 102호 (관양동)","평촌중앙약국","031-000-0000","1800","0900","1800","0900","1800","0900","1800","0900","1800","0900","1300","0900","C2110032","140","66","22104","37.3945677324273","126.962874489415"
"경기도 안양시 동안구 평촌대로227번길 50, 3호 (호계동)","평촌엔씨백화점후문앞","평촌태평양약국","031-384-2890","2000","1000","2000","1000","2000","1000","2000","1000","2000","1000","2100","0900","2000","1000","2100","0900","C2100812","140","72","22105","37.391033333333333","126.952533333333335"
"경기도 안양시 동안구 관평로182번길 54, 평촌벌말프라자 1층 103호 (관양동)","평촌하늘약국","031-385-1649","C2109137","140","66","22106","37.3938614539689","126.963268285745"
"경기도 평택시 안중읍 성해1길 18-20, B동","평택대형약국","031-681-1170","2000","0800","2000","0800","2000","0800","2000","0800","2000","0800","2000","0800","2000","0800","2000","0800","C2110049","178","15","22107","36.9903525710063","126.904060895179"
"경기도 평택시 진위면 진위서로 142","평택백화점약국","070-8287-3650","1900","0800","1900","0800","1900","0800","1900","0800","1900","0800","1900","0800","1900","0800","C2109292","177","14","22108","37.1060050852209","127.078646872173"
"경기도 평택시 서동대로 3708 (합정동)","평택봄약국","031-653-9492","1800","0900","1800","0900","1800","0900","1800","0900","1800","0900","1300","0900","C2110027","178","77","22109","36.9893299499708","127.120438924316"
"경기도 평택시 지제동삭1로 208 (동삭동)","평택예스약국","031-654-9616","2000","0900","2000","0900","2000","0900","2000","0900","2000","0900","1500","0900","1500","0900","C2109774","180","29","22110","37.0171024210414","127.088900271339"
"경기도 평택시 평택로 282 (세교동)","평택정문약국","031-618-9111","1800","0830","1800","0830","1800","0830","1800","0830","1800","0830","1500","0830","C2106524","178","25","22111","37.00835595826622","127.07340514377111"
"경기도 평택시 중앙로 82-1","성동초등학교건너편경찰서방향","평택제일약국","031-655-8788","1900","0900","1900","0900","1900","0900","1900","0900","1900","0900","1400","0900","C2100159","179","09","22112","36.993701388022146","127.09225649267182"
"경기도 평택시 경기대로 267 (비전동)","명절연휴는 명절당일과 그다음날만 휴무입니다","평택종합약국","031-657-8383","2200","0900","2200","0900","2200","0900","2200","0900","2200","0900","2100","0900","1700","0900","2000","0900","C2107688","178","85","22113","36.9944878109","127.1130466563"
"경기도 평택시 세교8길 30, 세교디오네프라자 125호 (세교동)","평택튼튼약국","031-618-2300","1800","0900","1800","0900","1800","0900","1800","0900","1800","0900","C2108213","178","42","22114","37.0090505223853","127.090722217873"
"경기도 평택시 중앙로 84","평택프라자약국","031-658-6116","2100","0900","2100","0900","2100","0900","2100","0900","2100","0900","2100","0900","C2100819","179","09","22115","36.99364002208416","127.09237774109874"
"전북특별자치도 전주시 완산구 모악로 4746, 태양빌딩 105호 (평화동1가)","평화다나약국","063-229-5979","2000","0900","2000","0900","2000","0900","2000","0900","2000","0900","1700","0900","2000","1400","C2501246","551","22","22116","35.7929151823","127.1323025707"
"충청북도 청주시 서원구 장구봉로 94, 상가동 101호 (개신동, 우평 원더라움아파트)","평화당한약국","043-233-8164","1800","0930","1800","0930","1800","0930","1800","0930","1800","0930","1600","0900","C2301258","286","08","22117","36.6238951684507","127.444622158843"
"전북특별자치도 전주시 완산구 모악로 4750, 1층 (평화동1가)","연중무휴","평화동 국민은행2층","평화대성약국","063-231-4477","2200","0800","2200","0800","2200","0800","2200","0800","2200","0800","1800","0900","1800","0900","C2500651","551","22","22118","35.79291625324995","127.13230045673644"
"전북특별자치도 전주시 완산구 모악로 4774, 106호 (평화동1가)","평화백제약국","063-223-4789","1830","0830","1830","0830","1830","0830","1830","0830","1830","0830","1230","0830","C2501427","551","22","22119","35.7951922540311","127.133093545545"
"대구광역시 동구 아양로 39, 우진빌딩 1층 (신암동)","평화사랑약국","053-944-0102","2000","0800","2000","0800","2000","0800","2000","0800","2000","0800","1400","0800","1400","0800","C1301879","411","98","22120","35.8822647853464","128.618500155831"
"전라남도 고흥군 도양읍 녹동남문길 8-23 (도양읍)","평화약국","061-843-1110","1730","0800","1730","0800","1730","0800","1730","0800","1730","0800","1230","0800","C2600998","595","57","22121","34.52789508373593","127.13496219972023"
"서울특별시 강서구 강서로 259, 우장산역엠버리움빌딩 103호 (내발산동)","평화약국","02-2601-4308","1900","0900","1900","0900","1900","0900","1900","0900","1900","0900","1400","0900","1630","1300","1700","1300","C1109470","076","39","22122","37.5488727643728","126.835997635372"
"서울특별시 중랑구 면목로 418 (면목동)","평화약국","02-439-0709","2000","0830","2000","0830","2000","0830","2000","0830","2000","0830","1600","0830","C1107249","021","61","22123","37.5892429567325","127.087628742548"
"서울특별시 마포구 양화로 64, 서교제일빌딩 2층 202호 (서교동)","평화약국","02-336-6307","1930","0830","2000","0830","1730","0830","1930","0830","2000","0830","1430","0800","C1100891","040","45","22124","37.5503095776344","126.915802998181"
"경기도 양평군 용문면 용문로 349 (용문면)","시내버스터미널과파출소사이에위치","평화약국","031-773-3201","2000","0830","2000","0830","2000","0830","2000","0830","2000","0830","1300","0830","1700","0900","C2102919","125","21","22125","37.483915406883526","127.59266162860211"
"경기도 광주시 중앙로 85, 신흥빌딩 1층 (역동)","평화약국","031-768-5952","2230","0830","2230","0830","2230","0830","2230","0830","2230","0830","1800","0830","1800","0900","C2107376","127","59","22126","37.4074289741","127.2593924598"
"경기도 고양시 일산서구 호수로856번길 74-1, 1층·지하1층(일부) (대화동)","평화약국","031-916-4688","1800","0830","1800","0830","1800","0830","1800","0830","1800","0830","1300","0830","C2102302","103","83","22127","37.67361489874276","126.75007590371494"
"경기도 양주시 평화로 1440 (덕계동)","덕계육교옆","평화약국","031-861-1061","2000","0800","2000","0800","2000","0800","2000","0800","2000","0800","2030","0800","2030","0800","2100","0800","C2103749","114","44","22128","37.81884712449366","127.0465427513338"
"경기도 평택시 청북읍 청북산단로 48-8, 4호","평화약국","031-686-6910","2100","0800","2100","0800","2100","0800","2100","0800","2100","0800","2100","0800","2100","0800","C2104619","177","92","22129","37.05045646142923","126.97547463987283"
"경기도 수원시 장안구 정조로933번길 6, (영화동)","동성아울렛(북문쪽)옆코너","평화약국","031-243-6845","1940","0930","1940","0930","1940","0930","1940","0930","1940","0930","1800","0930","C2103327","162","71","22130","37.290878211932366","127.01231514449156"
"경기도 성남시 중원구 산성대로518번길 7-1, 2층 (은행동)","평화약국","031-733-8811","1800","0900","1800","0900","1800","0900","1800","0900","1800","0900","C2107741","131","57","22131","37.45689902930575","127.16450963505349"
"서울특별시 동작구 남부순환로 2059, 1층 (사당동)","평화약국","02-582-5353","2100","0830","2100","0830","2100","0830","2100","0830","2100","0830","2100","0830","1800","1100","1800","1100","C1104836","070","24","22132","37.47691652741231","126.97750208934853"
"인천광역시 부평구 동수로120번길 11, 101호 (부개동, 한국상가)","부개동 한국아파트 상가 내","평화약국","032-501-1239","2130","0900","2130","0900","2130","0900","2130","0900","2130","0900","2130","0900","C1400446","214","58","22133","37.48466581997762","126.73267901897874"
"경상북도 영주시 봉화로 2 (상망동)","평화약국","054-635-1705","1730","0900","1730","0900","1730","0900","1730","0900","1730","0900","C2700263","360","65","22134","36.838583633469994","128.6522990151049"
"서울특별시 서대문구 증가로 226","평화약국","02-304-5181","1730","1100","1730","1100","1730","1100","1730","1100","1730","1100","1730","1100","C1103072","036","67","22135","37.5817480671525","126.914361159217"
"서울특별시 관악구 남부순환로 1784, 1층 (봉천동)","서울대입구역 4번 출구 400미터","평화약국","02-885-3575","2100","0900","2100","0900","2000","0900","2100","0900","2100","0900","2100","0900","C1100452","087","86","22136","37.4814200385593","126.948449672402"
"울산광역시 남구 거마로118번길 17 (신정동)","월요일~금요일 점심시간 13:00~13:30","평화상가1층","평화약국","052-275-0970","1830","0900","1830","0900","1300","0900","1830","0900","1830","0900","1300","0900","C1700046","446","51","22137","35.538595407937954","129.30311152083848"
"경상남도 양산시 중앙로 141-1","경남은행 부근","평화약국","055-374-6322","2000","0900","2000","0900","2000","0900","2000","0900","2000","0900","1500","0900","C2800484","506","21","22138","35.34362713442283","129.0379425365844"
"경상남도 통영시 중앙로 293 (북신동)","평화약국","055-648-0619","2100","0900","2100","0900","2100","0900","2100","0900","2100","0900","2100","0900","1800","0930","2000","0900","C2800124","530","42","22139","34.8564413331676","128.428359732488"
"부산광역시 남구 용호로232번길 25-5 (용호동)","성모병원후문","평화약국","051-621-8042","1800","0900","1800","0900","1800","0900","1800","0900","1800","0900","1300","0900","C1200458","485","74","22140","35.11112405506068","129.1097307920899"
"서울특별시 송파구 양재대로 932, 5층 7호 (가락동, 가락동도매시장 내 가락몰업무동)","가락시역 3번 출구 가락시장 가락몰 업무동","평화약국","02-407-2218","1830","0840","1830","0840","1830","0840","1830","0840","1830","0840","1430","0840","C1104192","056","99","22141","37.49504300292582","127.11570563167909"
"서울특별시 은평구 불광로 8 (대조동)","평화약국","02-6339-3944","1900","0930","1900","0930","1900","0930","1900","0930","1900","0930","1800","0930","1800","0900","C1109124","033","97","22142","37.6093214974958","126.927599971546"
"서울특별시 중구 동호로 180, 대승빌딩 202호 (신당동)","약수역 3번 출구 뒤돌아서 1분 거리 동양빌딩 202호","평화약국","02-2233-0373","1800","0900","1800","0900","1800","0900","1800","0900","1800","0900","1400","0900","C1100558","045","90","22143","37.5544192245189","127.011312653525"
"서울특별시 중구 남대문시장길 21, 1층 (남대문로4가)","평화약국","02-755-6059","1900","0800","1900","0800","1900","0800","1900","0800","1900","0800","1900","0800","1700","0900","1700","0900","C1109373","045","28","22144","37.5602436669039","126.977110579295"
"경기도 안산시 단원구 광덕대로 168, 110호(고잔동,신화타운)","평화약국","031-475-5936","1800","0900","1800","0900","1800","0900","1800","0900","1800","0900","1230","0830","C2104027","154","70","22145","37.3112871553808","126.83083118188105"
"충청북도 진천군 진천읍 상산로 83,","진천군농협중앙회앞","평화약국","043-533-3919","2030","0930","1930","0930","2030","0930","1930","0930","1930","0930","1630","0930","1730","0930","C2300411","278","33","22146","36.85478821847849","127.44323839612171"
"부산광역시 해운대구 재반로 221","버스정류장: 해운대농협 반산지점","평화약국","051-781-7064","1900","0900","1900","0900","1900","0900","1900","0900","1900","0900","1400","0900","C1202044","480","28","22147","35.19700496817673","129.13080206589183"
"대구광역시 남구 두류공원로17길 32, 1,2층 (대명동)","가톨릭대병원앞","평화약국","053-625-6660","1800","0900","1800","0900","1800","0900","1800","0900","1800","0900","1230","0900","C1300661","424","71","22148","35.84426306951995","128.56854023255408"
"경기도 부천시 원미구 중동로248번길 52, 104호 (중동, 네이버시티빌딩)","평화약국","032-321-6867","2000","0900","2000","0900","2000","0900","2000","0900","2000","0900","1400","0900","C2107590","145","48","22149","37.5011837287","126.7716369424"
"대구광역시 달서구 와룡로 218 (죽전동)","죽전네거리알리앙스예식장옆","평화약국","053-553-0023","1830","0900","2000","0900","1830","0900","2000","0900","1830","0900","1300","0900","C1300358","426","39","22150","35.85204193051614","128.5375452973812"
"대구광역시 중구 중앙대로 303","평화약국","053-427-7772","1830","0900","1830","0900","1830","0900","1830","0900","1830","0900","1330","0900","C1300014","419","68","22151","35.86043732829426","128.59181347051253"
"전북특별자치도 익산시 황등면 황등로 85","황등역전주변","평화약국","063-856-6691","1830","0830","1830","0830","1830","0830","1830","0830","1830","0830","1300","0830","C2500119","545","33","22152","35.999516666666665","126.944544444444446"
"전북특별자치도 남원시 용성로 106, 남원정형외과,평화약국,클레오파트라, (죽항동)","남원시외버스터미널 건너편","평화약국","063-634-7770","1830","0830","1830","0830","1830","0830","1830","0830","1830","0830","1300","0830","C2500733","557","72","22153","35.40937930918275","127.38797483062422"
"전북특별자치도 전주시 덕진구 안덕원로 53","노블레스예식장 건너편","평화약국","063-277-5290","1800","0800","1800","0800","1800","0800","1800","0800","1800","0800","1300","0800","C2500440","549","39","22154","35.82821242172773","127.13611668553045"
"충청남도 천안시 동남구 일봉로 8, 105호 (신방동,학산빌딩)","평화약국","041-574-2443","2000","0900","2000","0900","2000","0900","2000","0900","2000","0900","1400","0900","C2400485","311","84","22155","36.793309941410385","127.12945363599698"
"경상남도 함양군 함양읍 한들로 143","함양보건소옆","평화약국","055-964-1213","1800","0900","1800","0900","1800","0900","1800","0900","1800","0900","1300","0830","1300","0830","C2800226","500","39","22156","35.51972089972679","127.73210728242173"
"전라남도 함평군 함평읍 광남길 90","천지의원옆. 함평농협 옆, 영수장 목욕탕 근처","평화약국","061-323-3653","1900","0800","1900","0800","1900","0800","1900","0800","1900","0800","1400","0800","C2600284","571","54","22157","35.063475216669204","126.52059452880688"
"경상북도 구미시 칠성로 4 (신평동)","구.금오공대(현.비즈니스지원센타)신평시장쪽100m신평정형외과건물","평화약국","054-463-8575","2000","0900","2000","0900","2000","0900","2000","0900","2000","0900","1300","0900","C2700154","392","37","22158","36.122086344648665","128.36311518137595"
"경상북도 영천시 강변로 51, (금노동)","영천 시외버스터미널 길 건너편 대동정형외과 옆 건물","평화약국","054-331-7007","1900","0830","1900","0830","1900","0830","1900","0830","1900","0830","1500","0830","C2700679","388","87","22159","35.961182544957566","128.92840326517543"
"경상북도 안동시 단원로 118 (평화동)","운안동입구에서 안동MBC 방변 좌측 근처에 유내과소재","평화약국","054-856-2459","1900","0830","1900","0830","1500","0830","1900","0830","1900","0830","1300","0830","C2700283","366","53","22160","36.570549099693245","128.71664853890297"
"경상북도 김천시 평화11길 29","일요일, 공휴일, 명절 연휴는 항상 휴무입니다.","약국","김천역 대로변 김천메가박스영화관과 제일재활의학과의원 옆","평화약국","054-432-4007","1800","0900","1800","0900","1800","0900","1800","0900","1800","0900","1300","0900","C2700043","396","08","22161","36.12576013835331","128.11032660104286"
"광주광역시 서구 풍금로 171","평화약국","062-682-5970","1800","0830","1800","0830","1800","0830","1800","0830","1800","0830","1230","0830","C1500371","620","14","22162","35.1310224174948","126.85924709668443"
"대전광역시 중구 목중로54번길 50, (중촌동)","금호아파트앞삼거리","평화약국","042-223-2288","1800","0900","1800","0900","1800","0900","1800","0900","1800","0900","1230","0900","C1600171","348","07","22163","36.34037354576929","127.4087424416345"
"전북특별자치도 완주군 봉동읍 봉동로 135, 1층","평화약국","063-262-7582","1840","0830","1840","0830","1250","0830","1840","0830","1840","0830","1250","0830","C2501502","553","26","22164","35.9371033782097","127.16809380723"
"경상남도 함안군 칠원읍 용산2길 8","농협부근","평화약국","055-587-2939","2000","0900","2000","0900","2000","0900","2000","0900","2000","0900","1700","0900","1900","1300","1800","0900","C2800546","520","17","22165","35.30760373670162","128.51720435423155"
"대구광역시 달서구 월배로 120, 서호메디칼타워 1층 102호 (진천동)","평화온누리약국","053-638-5050","1900","0900","1900","0900","1900","0900","1900","0900","1900","0900","1700","0900","1300","0900","C1301527","428","01","22166","35.8145024758","128.5274065628"
"경기도 고양시 일산동구 숲속마을1로 73, 신성메디칼 타운 1층 106호 (풍동)","평화온누리약국","031-906-9599","1900","0900","1900","0900","1900","0900","1900","0900","1900","0900","1500","0900","1330","0930","C2102527","103","06","22167","37.66770047978617","126.79993281650397"
"경기도 의정부시 둔야로 36","신마사회옆","평화온누리약국","031-876-1549","1830","0930","1830","0930","1830","0930","1830","0930","1830","0930","1400","0930","C2102968","116","74","22168","37.73913232657433","127.03991812635346"
"경상북도 포항시 남구 중흥로 98, 1층 (상도동, 탑클리닉빌딩)","탑클리닉빌딩 1층","평화온누리약국","054-276-1937","1900","0900","1300","0900","1900","0900","1300","0900","1900","0900","1300","0900","C2700085","377","69","22169","36.013654844212915","129.3512108072437"
"전북특별자치도 전주시 완산구 모악로 4746, 태양빌딩 2층 (평화동1가)","평화우리약국","063-000-0000","0001","0000","C2501355","551","22","22170","35.7929159009291","127.132304673652"
"전북특별자치도 전주시 완산구 소대배기로 16 (평화동2가)","공휴일 전화 후 방문","새나산부인과 1층","평화프라자약국","063-229-3330","2000","0900","2000","0900","2000","0900","2000","0900","2000","0900","1400","0900","1400","1000","C2500003","551","26","22171","35.78705495698553","127.13184840238742"
"경기도 수원시 영통구 권선로908번길 25, 103호 (신동)","포근약국","031-203-7975","2000","0930","2100","0930","2000","0930","2100","0930","2000","0930","C2106958","166","83","22172","37.247432841822864","127.04518362008926"
"경기도 용인시 기흥구 흥덕2로87번길 18, 이씨티 C동 207호 (영덕동)","포근약국","031-893-1171","1800","0900","1800","0900","1800","0900","1800","0900","1800","0900","1300","0900","C2110131","169","54","22173","37.275912222227","127.071589469754"
"경기도 파주시 문산읍 방촌로 1675-34","무척조은병원옆","포도나무약국","031-954-7501","2100","0900","2100","0900","2100","0900","2100","0900","2100","0900","1900","0900","1800","0900","1800","0900","C2100051","108","16","22174","37.86410615715178","126.78065471781777"
"전라남도 목포시 비파로 106, 삼성전자사옥 1층 (상동)","포도나무약국","061-287-5707","1900","0830","1900","0830","1900","0830","1900","0830","1900","0830","1330","0830","C2601293","586","62","22175","34.8075270493338","126.423999088036"
"서울특별시 영등포구 선유로 70, 우리벤처타운2 2동 2층 209-1호 (문래동3가)","우리벤처타운2 209-1호","포도나무약국","02-2679-5100","1900","0830","1900","0830","1900","0830","1900","0830","1900","0830","1400","0830","1400","0900","C1104248","072","94","22176","37.5201626485833","126.890145748505"
"서울특별시 송파구 송파대로32길 15, 209호 (가락동, 가락금호아파트)","가락금호아파트 상가","포도나무약국","02-406-7990","2000","0900","2000","0900","2000","0900","2000","0900","2000","0900","1400","0930","C1107197","057","10","22177","37.4965824118518","127.11575708533"
"인천광역시 서구 청라에메랄드로 134 (청라동, 호반베르디움2차 아파트)","포도나무약국","050-71326-3625","2000","0900","2000","0900","2000","0900","2000","0900","2000","0900","1600","0900","C1401863","227","35","22178","37.5367132869845","126.657002700075"
"경기도 성남시 분당구 돌마로 87, 골드프라자 3층 301일부호 (금곡동)","포도나무약국","031-0000-0000","1800","0900","1800","0900","1800","0900","1800","0900","1800","0900","1300","0900","C2110259","136","18","22179","37.3503895426853","127.111741798479"
"인천광역시 부평구 부평문화로 55","병의원처방조제,양약,한약,건강기능식품,비쉬,유리아쥬화장품,메디팜체인약국","부평북부역 롯데백화점입구,부평지하상가 31번출구에서 동아아파트쪽 코너","포도나무약국","032-653-0130","2100","0900","2100","0900","2100","0900","2100","0900","2100","0900","1700","0830","1500","1000","1400","0900","C1400362","213","88","22180","37.49427160111908","126.72229553692063"
"경기도 화성시 동탄중앙로 376, 화성 동탄 이마트 1층 (석우동)","마트 휴무일에만 미운영","이마트 1층","포도나무약국","031-8003-2347","2200","1000","2200","1000","2200","1000","2200","1000","2200","1000","2200","1000","2200","1000","2200","1000","C2100537","184","51","22181","37.214376152060375","127.07972183067852"
"경상남도 양산시 동면 금오로 253, 동현빌딩 102호","포도나무약국","055-785-2723","2000","0900","2000","0900","2000","0900","2000","0900","2000","0900","1800","0900","C2802009","506","50","22182","35.3160180102","129.0269544019"
"인천광역시 중구 우현로 90, 1층 (인현동)","동인천역에서 신포시장가는방향 우리은행건물 맞은편","포도나무약국","032-765-8177","1500","0900","1500","0900","1500","0900","1500","0900","1500","0900","1500","0900","C1400721","223","18","22183","37.473881109046204","126.6297301269583"
"경기도 안산시 단원구 대남로 6 (대부북동)","포도나무약국","032-884-3428","1800","0800","1800","0800","1800","0800","1800","0800","1800","0800","C2103181","156","45","22184","37.24230961027409","126.58437428199215"
"부산광역시 수영구 남천동로 36, 케이엠타워 104호 (남천동)","포도나무약국","051-622-1772","1900","0900","1900","0900","1900","0900","1900","0900","1900","0900","1400","0900","C1202757","483","09","22185","35.141195699551","129.111669104187"
"경기도 부천시 원미구 조마루로 137, 1층 (중동, 포도마을삼보상가 )","부천 포도마을에서 30년 넘게 운영 중인 포도마을약국입니다","포도마을약국","032-321-6451","2000","0900","2000","0900","2000","0900","2000","0900","2000","0900","1600","0900","C2100170","145","83","22186","37.4999266907","126.759314041"
"충청북도 영동군 영동읍 중앙로3길 2","포도알약국","043-745-5332","1830","0800","1830","0800","1830","0800","1830","0800","1830","0800","1600","0800","1300","0900","C2300448","291","45","22187","36.17487816603752","127.77715941924279"
"경상북도 경산시 하양읍 하양로 94","경산시 하양읍 하양초등학교앞","포도약국","053-853-1900","2000","0900","2000","0900","2000","0900","2000","0900","2000","0900","1500","0900","C2700821","384","36","22188","35.91275543986179","128.81826209763645"
"경기도 김포시 걸포2로 33, SH1012타워 101호 (걸포동)","포근한 마음의 온도 포도약국 입니다.","포도약국","031-996-6505","2100","0830","2100","0830","2100","0830","2100","0830","2100","0830","1600","0900","1400","0900","1400","0900","C2108597","100","99","22189","37.6332939788634","126.70369178031"
"경상남도 양산시 동면 내송큰들로 16, 1층 108호","약국 전용 휴대전화 번호 : 010-2600-8595","포도약국","055-000-0000","1920","0900","1920","0900","1920","0900","1920","0900","1920","0900","1430","0900","C2802319","506","37","22190","35.3166735795899","129.066901618405"
"제주특별자치도 제주시 아연로 603, 1층 (아라일동)","포도약국","070-8780-4125","2200","0900","2200","0900","2200","0900","2200","0900","2200","0900","2200","0900","2200","0900","2200","0900","C2900556","632","36","22191","33.4777476702248","126.543587346335"
"서울특별시 마포구 마포대로 44, 진도빌딩 1층 (도화동)","마포역 3번 출구에서 직진","포도약국","050-4403-7703","1900","0900","1900","0900","1900","0900","1900","0900","1900","0900","1400","0900","C1108657","041","74","22192","37.539973013511","126.947098319374"
"경기도 고양시 덕양구 충장로 14, 1층 (행신동)","포도약국","031-972-7999","1800","0900","1800","0900","1800","0900","1800","0900","1800","0900","1300","0900","C2110218","105","26","22193","37.6140363794407","126.834476120236"
"전북특별자치도 전주시 완산구 쑥고개로 351(효자동2가)","포도약국","063-229-7500","1830","0900","1830","0900","1830","0900","1830","0900","1830","0900","1300","0900","C2501437","550","65","22194","35.8035140201691","127.103563868112"
"경기도 의왕시 포도원로 40 (오전동)","가구단지,,대명구름채@상가","포도원약국","031-477-0388","1800","0900","1800","0900","1800","0900","1800","0900","1800","0900","2100","0900","2100","0900","C2101321","160","45","22195","37.362432610195185","126.96640175736127"
"전라남도 고흥군 포두면 우주로 587","고흥군포두면흥양농협앞","포두약국","061-834-7575","1800","0830","1800","0830","1800","0830","1800","0830","1800","0830","1300","0830","C2600452","595","24","22196","34.572136424","127.3398306665"
"부산광역시 북구 만덕대로 81, 501동 2호 (덕천동, 포레나부산덕천)","포레나약국","051-338-9522","1950","0900","1950","0900","1950","0900","1950","0900","1950","0900","1700","0900","C1202833","465","55","22197","35.2127277626477","129.012184959817"
"서울특별시 영등포구 국회대로50길 20, 215호 (영등포동7가, 포레나 영등포 센트럴)","일요일, 공휴일 휴무","포레나영등포센트럴 주상복합상가 2층 215호 건물 중앙 입구로 오시면 상가 전용 엘리베이터 있습니다","포레나약국","02-6012-2636","1915","0900","1915","0900","1915","0900","1915","0900","1915","0900","1300","0900","1300","0900","C1109547","072","46","22198","37.5238208014076","126.905668672663"
"경기도 용인시 수지구 고기로45번길 40, 상업시설동 209호 (동천동, 한화 포레나 수지동천)","포레나약국","031-276-7378","1800","0900","1800","0900","1800","0900","1800","0900","1800","0900","1300","0900","C2109232","168","24","22199","37.3401906166844","127.092876981329"
"서울특별시 중랑구 봉화산로 301, 511동 지하1층 105호 (망우동, 신내역 힐데스하임 참좋은아파트)","포레스트약국","02-6949-0227","1830","0900","1830","0900","1830","0900","1830","0900","1830","0900","1400","0900","C1109610","020","57","22200","37.609494415001045","127.10619372606195"
"경기도 성남시 수정구 수정로 291, 산성역포레스티아아파트 서문상가 405-1호 (신흥동)","포레스티아튼튼약국","07086911460","1900","0900","1900","0900","1900","0900","1900","0900","1900","0900","1400","0900","C2108978","132","60","22201","37.4510900877003","127.147173393044"
"대구광역시 달서구 달구벌대로 1624(감삼동)","포레약국","053-323-0770","1900","0900","1900","0900","1900","0900","1900","0900","1900","0900","C1301740","426","42","22202","35.852424778259","128.544198164214"
"경기도 안산시 단원구 화랑로 102, 1동 307,308호 (원곡동)","포레약국","031-362-5805","1800","0900","1800","0900","1800","0900","1800","0900","1800","0900","C2108894","153","89","22203","37.3263064411963","126.800390969543"
"서울특별시 강남구 도산대로 134, 지하2층 일부호 (논현동)","포레약국","02-543-2007","2000","1000","2100","1000","1930","1000","1930","1000","2100","1000","1730","1000","C1109092","060","39","22204","37.5173531693456","127.023380583993"
"서울특별시 강동구 양재대로 1360, 포레온스테이션5 1층 1026호 (둔촌동)","포레온2번출구약국","02-475-2252","2300","1000","2300","1000","2300","1000","2300","1000","2300","1000","2300","1000","2300","1000","2300","1000","C1110730","054","09","22205","37.5274758605763","127.137046059861"
"서울특별시 강동구 양재대로 1300, 3층 3306호 (둔촌동, 올림픽파크포레온)","포레온누리약국","02-6081-8275","1900","0900","1900","0900","1900","0900","1950","0900","1900","0900","1330","0900","1330","0930","C1110569","054","10","22206","37.5249677176279","127.140290598327"
"서울특별시 강동구 양재대로 1300, 316(일부)호 (둔촌동)","포레온봄약국","02-473-5553","1900","0900","1900","0900","1900","0900","1900","0900","1400","0900","1400","0900","C1110617","054","10","22207","37.5249677176279","127.140290598327"
"서울특별시 강동구 양재대로 1360, 3층 3084호 (둔촌동)","포레온새싹약국","02-489-1194","1930","0820","1900","0820","1900","0820","1900","0820","1930","0830","1530","0820","C1110568","054","09","22208"
"서울특별시 강동구 양재대로 1360, 2층 2071호 (둔촌동)","포레온서울약국","02-476-7700","2000","0900","2100","0900","2000","0900","2100","0900","2000","0900","1730","0900","1330","0930","C1110564","054","09","22209","37.5274758605763","127.137046059861"
"서울특별시 강동구 양재대로 1360, 1층 1005호 (둔촌동)","포레온이화약국","02-473-1701","2100","0900","2100","0900","2100","0900","2100","0900","2100","0900","2100","0900","2100","0900","C1110519","054","09","22210"
"경기도 성남시 수정구 수정로 291, 산성역포레스티아아파트 서문상가동 지1층 B107호 (신흥동)","포레이든약국","031-8039-5388","2000","0900","2000","0900","2000","0900","2000","0900","2000","0900","1500","0900","1500","0900","C2109799","132","60","22211","37.4510900877003","127.147173393044"
"전라남도 목포시 용해지구로 12 (용해동)","주공포미타운입구","포미약국","061-273-1100","1900","0730","1900","0730","1900","0730","1900","0730","1900","0730","1230","0730","1200","0830","C2600229","586","10","22212","34.817372196214954","126.39812085318101"
"부산광역시 남구 용소로 15, 로티보이까페 1층 (대연동)","공공심야약국(22시-25시)","처방약 조제와 일반의약품, 건강기능식품, 동물약 등을 취급하는 약국입니다. 저녁-심야시간, 주말, 공휴일도 영업합니다 ^^","2호선 경성대부경대역 3번출구","포미약국","051-924-4242","2500","1100","2500","1100","2500","1100","2500","1100","2500","1100","2500","1100","2500","1300","2500","1300","C1202654","485","12","22213","35.1359235770862","129.10094150259"
"대구광역시 달성군 유가읍 테크노상업로 112","포산약국","053-617-5989","1900","0900","1900","0900","1900","0900","1900","0900","1900","0900","1300","0900","C1301402","430","18","22214","35.6932542483","128.4619234784"
"강원특별자치도 춘천시 보안길 65, 엠타워 1층 101호 (후평동)","포스코아파트 정문 건너편","포스코약국","033-243-7117","1900","0900","1900","0900","1900","0900","1900","0900","1900","0900","1400","0900","C2200609","243","04","22215","37.880005965985156","127.75016953466795"
"부산광역시 수영구 연수로315번길 24, 306호 (망미동)","3호선 망미역 8번출구/더샾파크리치아파트 상가","포스코약국","051-755-3258","2030","0930","2030","0930","2030","0930","2030","0930","2030","0930","1400","0930","C1200957","482","11","22216","35.1734577726","129.1053705696"
"경기도 평택시 포승읍 여술로 37","포승종로약국","031-611-5252","2400","0700","2400","0700","2400","0700","2400","0700","2400","0700","2400","0700","2400","0800","2400","0800","C2102144","179","55","22217","36.9889240585593","126.84643349541525"
"경기도 평택시 포승읍 여술로 22, 101호","포승중앙약국","031-686-7533","1800","1000","1800","1000","1800","1000","1800","1000","1800","1000","C2108498","179","55","22218","36.988006417542","126.84525734686"
"서울특별시 강남구 도산대로 118","신사역 1번 출구","포인트약국","02-547-3196","2100","1030","2100","1030","2000","1030","2100","1030","2100","1030","1700","1030","C1103559","060","38","22219","37.5166049160019","127.021810432013"
"경기도 포천시 포천로 1642, 103호 (신읍동, 현대아파트상가)","포천정문약국","031-531-4468","1840","0840","1840","0840","1840","0840","1840","0840","1840","0840","C2102485","111","42","22220","37.902578602474556","127.1988537353196"
"경상북도 포항시 남구 냉천로 10 (인덕동, 이마트)","인덕 이마트포항점 1층약국코너","포항마더스약국","054-274-7923","2200","1000","2200","1000","2200","1000","2200","1000","2200","1000","2200","1000","2200","1000","2200","1000","C2700768","378","78","22221","35.991356275092514","129.3989535331768"
"경상북도 포항시 북구 중앙로 242 (죽도동)","포항세명약국","054-244-9801","1900","0600","1900","0600","1900","0600","1900","0600","1900","0600","1800","0600","C2700874","377","41","22222","36.034557569207884","129.36572050200488"
"경상북도 포항시 북구 용흥로 33, (용흥동)","포항의료원 정문 맞은편","포항약국","054-252-5219","1800","0900","1800","0900","1800","0900","1800","0900","1800","0900","C2700750","376","89","22223","36.03371504983918","129.35561642847895"
"경상북도 포항시 북구 중흥로 325 (죽도동)","포항제일약국","054-278-7575","2000","0900","2000","0900","2000","0900","2000","0900","2000","0900","1600","0900","C2701496","377","45","22224","36.0312957717","129.3644537553"
"경상북도 포항시 북구 흥해읍 도음로877번길 8","삼도미래타운1차앞베스트프라자상가","포항한사랑약국","054-283-1583","1900","0900","1900","0900","1900","0900","1900","0900","1900","0900","1300","0900","1230","0900","C2700435","791","944","22225","36.0793281241221","129.33042864984768"
"제주특별자치도 서귀포시 표선면 표선중앙로80번길 1","표선한사랑약국","064-787-0060","2000","0700","2000","0700","2000","0700","2000","0700","2000","0700","2000","0700","C2900413","636","29","22226","33.32602923597715","126.83243982861123"
"경기도 시흥시 승지로60번길 17, 현대프라자 110호 (능곡동)","푸르미약국","031-315-5880","2100","0900","2100","0900","2100","0900","2100","0900","2100","0900","C2108250","149","95","22227","37.3687372909634","126.812561839965"
"인천광역시 미추홀구 인하로 296, 쌍용아파트상가 107호 (주안동)","푸르미약국","032-425-5780","2000","0900","2000","0900","2000","0900","2000","0900","2000","0900","1500","0900","1500","0900","C1401752","222","30","22228","37.44768445810329","126.6809392338798"
"서울특별시 관악구 청림6길 3, 202호 (봉천동, 관악푸르지오아파트상가)","관악푸르지오아파트상가 202호","푸르지오약국","02-882-2177","1900","0900","1900","0900","1900","0900","1900","0900","1900","0900","1400","0900","C1100315","087","34","22229","37.4875621618116","126.959937748135"
"경기도 부천시 중동로 48","송내사거리에 위치한 신한은행건물 1층","푸르지오약국","032-665-1330","2100","0830","2100","0830","2100","0830","2100","0830","2100","0830","2000","0830","C2103766","147","22","22230","37.48450637735332","126.76424735487734"
"경기도 안산시 단원구 광덕4로 180, 122호 (고잔동,부원프라자)","푸르지오3차아파트정문앞,2001아울렛옆하이마트골목으로300m","푸르지오약국","031-487-1218","2000","0930","2000","0930","2000","0930","2000","0930","2000","0930","2000","1000","C2101868","154","62","22231","37.314652394428244","126.8326466707061"
"서울특별시 동대문구 왕산로 86, 푸르지오시티오피스텔동 1층 101호 (용두동)","제기동역 6번 출구","푸르지오약국","02-928-7600","1900","0800","1900","0800","1900","0800","1900","0800","1900","0800","1500","0800","C1107733","025","85","22232","37.5777504650845","127.032477193881"
"서울특별시 강동구 명일로 176 (둔촌동)","푸르지오진흥약국","02-482-0179","1930","0900","1930","0900","1930","0900","1930","0900","1930","0900","1700","0900","1900","1400","C1104750","053","60","22233","37.5344998328347","127.145302522709"
"경기도 광주시 이배재로 120, 신주빌딩 1층 (회덕동)","푸른365약국","031-798-0326","2000","0830","2000","0830","2000","0830","2000","0830","2000","0830","2000","0830","1800","1000","1800","1000","C2101884","127","66","22234","37.42730583370133","127.24219319428584"
"전북특별자치도 전주시 완산구 기린대로 151, (중노송동)","서은옥피부과건물1층","푸른건강약국","063-284-3080","1800","0900","1800","0900","1800","0900","1800","0900","1800","0900","1300","0900","C2500285","550","00","22235","35.821594444444443","127.151172222222229"
"인천광역시 서구 가정로 370, (가정동)","서경백화점쪽 롯데리아옆","푸른건강약국","032-571-9206","2000","0900","2000","0900","2000","0900","2000","0900","2000","0900","2000","0900","1800","1400","C1400124","227","77","22236","37.51790931772655","126.6732234680083"
"인천광역시 부평구 마장로 156, (산곡동)","백운역1번출구566,567마을버스탑승현대프라자하차","푸른건강약국","032-508-2268","2000","0900","2000","0900","2000","0900","2000","0900","2000","0900","1800","0900","C1400497","213","82","22237","37.49221501385123","126.70489196502865"
"광주광역시 동구 경양로 349, 1층 푸른길약국 (산수동)","푸른길약국","062-716-2245","1900","0900","1900","0900","1900","0900","1900","0900","1900","0900","1430","0900","C1501347","614","17","22238","35.1539537398314","126.927386769683"
"경기도 수원시 영통구 매영로345번길 7, 125호 (영통동, 영통트리플렉스)","푸른나무 한약국","031-202-1511","1900","0900","1900","0900","1900","0900","1900","0900","1900","0900","1700","0900","C2107422","167","03","22239","37.25276883430001","127.0709002696"
"경기도 고양시 일산동구 무궁화로 39, 110호 (장항동, 삼라마이다스3차)","라페스타 F동 일산소방서 사이","푸른나무아래약국","031-919-3103","2200","1000","2200","1000","2200","1000","2200","1000","2200","1000","1700","1000","C2103109","103","64","22240","37.66337866942009","126.7685934425078"
"인천광역시 계양구 계양대로 202, 1층 (계산동)","푸른나무약국","032-545-0041","2000","0830","2000","0830","2000","0830","2000","0830","2000","0830","1500","0900","C1401818","210","49","22241","37.5418355274217","126.722959275283"
"대구광역시 북구 동변로 91","푸른동변약국","053-959-5669","1940","0900","1940","0900","1940","0900","1940","0900","1940","0900","1500","0900","C1300107","414","13","22242","35.9210235101535","128.60312043008105"
"대전광역시 중구 수침로 107-1 (태평동)","푸른뫼약국","042-535-0339","1900","0830","1900","0830","1900","0830","1900","0830","1900","0830","1300","0830","C1600172","348","77","22243","36.328908333333331","127.398522222222226"
"경기도 고양시 일산서구 중앙로 1559","푸른바다약국","031-924-3110","1830","0830","2000","0830","1830","0830","1830","0830","1830","0830","1400","0830","C2102304","103","81","22244","37.67535198555439","126.74820216997423"
"경기도 고양시 덕양구 꽃마을로 68, 로데오프라자 111호 (향동동)","푸른봄약국","02-6053-0608","1800","0900","1800","0900","1800","0900","1800","0900","1800","0900","1300","0900","C2109924","105","46","22245","37.6009616503181","126.893770162165"
"경기도 의정부시 시민로 31 (의정부동, 네오타워빌딩)","푸른샘약국","031-872-3595","1900","0800","1900","0800","1900","0800","1900","0800","1900","0800","1500","0900","C2107171","116","73","22246","37.7385524952","127.0387141991"
"충청북도 청주시 서원구 1순환로 767","충대병원사창동방면버스정류장앞","푸른샘약국","043-277-0277","1900","0900","1900","0900","1900","0900","1900","0900","1900","0900","1300","0900","C2300428","286","66","22247","36.625484181627556","127.46378714295955"
"서울특별시 종로구 삼봉로 81, 207호 (수송동, 두산위브파빌리온)","두산위브파빌리온 207호","푸른소나무약국","02-2198-5333","1900","0830","1900","0830","1900","0830","1900","0830","1900","0830","1300","0930","C1103452","031","50","22248","37.5725639351805","126.981506298154"
"충청남도 태안군 태안읍 동백로 310","공휴일, 일요일에는 부정기적으로 운영합니다.","신터미널 버스내리는곳에서 전방10미터/엔젤리너스카페 건물","푸른솔약국","041-674-7923","2000","0800","2000","0800","1930","0800","2000","0800","2000","0800","1600","0800","1330","0900","C2400266","321","44","22249","36.74769469052168","126.30397153189796"
"충청남도 논산시 중앙로 483, 1층 (화지동)","푸른솔약국","041-736-7781","2200","0830","2200","0830","2200","0830","2200","0830","2200","0830","2200","0900","2200","0830","C2401676","329","50","22250","36.2058685102337","127.083492187383"
"광주 남구 서문대로 686 교육타워 1층 110호 (진월동)","푸른솔약국","062-671-1400","1800","0830","1800","0830","1800","0830","1800","0830","1800","0830","1230","0830","C1501452","617","09","22251","35.1205078353901","126.899133936306"
"서울특별시 은평구 통일로87길 12 (갈현동)","푸른솔약국","02-389-2999","1930","0900","1930","0900","1930","0900","1930","0900","1930","0900","1500","0900","C1108681","033","28","22252","37.623499946914","126.918423859494"
"경기도 부천시 원미구 상동로 113, 106호 (상동, 승재프라자)","공휴일 유동적 운영(전화요망)","부천상3동라일락마을서해아파트앞농협건물1층","푸른솔약국","032-322-4556","2130","0900","2130","0900","2130","0900","2130","0900","2130","0900","2100","0900","2100","0900","C2100307","145","43","22253","37.50747314969807","126.75302305621362"
"충청북도 음성군 금왕읍 대금로 1499, 3층 1호 (금왕읍)","DC마트 옆","푸른솔약국","043-883-5933","1800","0900","1800","0900","1800","0900","1230","0900","1800","0900","1230","0900","C2301040","276","36","22254","36.9896451445","127.5984350877"
"충청북도 청주시 상당구 문의면 문의시내로 43 (문의면)","문의우체국옆","푸른솔약국","043-296-3956","1900","0830","1900","0830","1900","0830","1900","0830","1900","0830","1600","0830","C2300457","282","08","22255","36.5170906245187","127.49723721127586"
"서울특별시 중랑구 봉우재로 66, 103,104호 (면목동)","중랑전화국사거리","푸른솔약국","02-2207-6464","2100","0900","2100","0900","2100","0900","2100","0900","2100","0900","2000","0900","C1100425","021","40","22256","37.5912387239779","127.080443853518"
"서울특별시 노원구 공릉로58가길 14, 1층(하계동)","푸른솔약국","02-977-7267","1900","0900","1900","0900","1900","0900","1900","0900","1900","0900","1600","0900","C1104414","018","09","22257","37.6362657148589","127.072812729456"
"서울특별시 서초구 서초대로 317, 1층(서초동,건원빌딩)","교대역 4번 출구 전방 70m. 지파이브 앞 건원빌딩 1층","푸른솔약국","02-532-7820","2100","0830","2100","0830","2100","0830","2100","0830","2100","0830","2100","0830","C1100318","066","06","22258","37.4947503903421","127.016304685617"
"부산광역시 북구 만덕대로 58, (덕천동)","푸른솔약국","051-335-0312","1830","0900","1830","0900","1830","0900","1830","0900","1830","0900","1300","0900","C1201282","465","67","22259","35.21137170270399","129.01143611692493"
"대전광역시 유성구 지족동로 150, 1층 104호 (지족동)","푸른솔약국","042-823-7335","1900","0900","1900","0900","1900","0900","1900","0900","1300","0900","1800","0900","1800","0900","C1601082","340","73","22260","36.38705898619697","127.30875657177817"
"대전광역시 서구 월평중로 24, (월평동)","푸른솔약국","042-488-5203","1830","0900","1830","0900","1830","0900","1830","0900","1830","0900","1430","0900","1300","0900","C1600222","352","23","22261","36.35679290038171","127.36417408204389"
"경기도 구리시 동구릉로 64 , 106호 (인창동, 인창e-편한세상)","e편한세상 상가 지하1층 106호","푸른솔약국","031-553-8319","2100","0900","2100","0900","2100","0900","2100","0900","2100","0900","1800","0900","1300","0900","1300","0900","C2103958","119","20","22262","37.6055730293","127.1347167554"
"경기도 용인시 수지구 광교중앙로 301, 401호 (상현동, 드림타워)","광교마을 중심 상가","푸른솔약국","031-215-5413","1900","0900","1900","0900","1900","0900","1900","0900","1900","0900","1500","0900","1200","0900","C2103524","169","44","22263","37.296957162974614","127.06867700127185"
"경기도 수원시 영통구 태장로 77 (망포동)","약국","태장초등학교 남측, 방죽어린이집 동남측 인근","푸른솔약국","031-273-7557","1800","0900","1800","0900","1800","0900","1800","0900","1800","0900","1300","0900","C2106493","166","88","22264","37.23935181333364","127.05479878657944"
"강원특별자치도 원주시 서원대로 396","롯데시네마 1층","푸른솔약국","033-766-0545","1830","0900","1830","0900","1830","0900","1830","0900","1830","0900","1400","0900","C2200089","264","84","22265","37.330904988287365","127.94881230510624"
"경상북도 경산시 경청로221길 3","백천동월드메르디앙정문근처","푸른솔약국","053-811-0229","1930","0900","1930","0900","1930","0900","1930","0900","1930","0900","1500","0900","C2700057","386","51","22266","35.804102466570455","128.73861623881734"
"경상남도 창원시 진해구 풍호로3번길 4, 푸른솔약국 (풍호동)","푸른솔약국","055-543-0312","2200","0900","2200","0900","2200","0900","2200","0900","2200","0900","2200","0900","2200","0900","C2800813","516","50","22267","35.1399064519","128.701836446"
"경기도 시흥시 은행로 130, 정철어학원 104호 (은행동)","푸른솔온누리약국","031-312-2142","2100","0900","2100","0900","2100","0900","2100","0900","2100","0900","C2108268","149","16","22268","37.4427132945172","126.800014918814"
"부산광역시 동래구 충렬대로182번길 9, 지하1,지상1층 (명륜동)","주말 유선문의 후 방문요망","푸른솔한약국","051-555-1981","1900","0930","1900","0930","1900","0930","1900","0930","1900","0930","1400","0930","1400","0930","C1201707","478","15","22269","35.216947222222224","129.084397222222236"
"경상남도 김해시 번화1로68번길 15 (대청동)","푸른솔한약국","055-313-7573","1800","1000","1800","1000","1800","1000","1800","1000","1800","1000","C2801128","509","89","22270","35.194055481334324","128.80152159862482"
"전북특별자치도 전주시 덕진구 솔내로 177","송천주공2단지(송천보석사우나 건너편)","푸른숲약국","063-275-0005","1900","0830","1900","0830","1900","0830","1900","0830","1900","0830","1400","0830","C2500277","548","29","22271","35.86600992307832","127.12698627101041"
"전라남도 여수시 둔덕2길 6-3, 1층 (미평동)","푸른숲약국","061-654-5557","1800","0900","1800","0900","1800","0900","1800","0900","1800","0900","1300","0900","C2601146","596","97","22272","34.7672755738","127.7024568724"
"광주광역시 북구 임방울대로1041번길 3, 106호 (신용동,주공아파트상가)","주공아파트상가 106호","푸른숲약국","062-572-9929","1900","0830","1900","0830","1900","0830","1900","0830","1900","0830","1300","0900","C1500081","610","18","22273","35.2130003886006","126.87108655615446"
"경기도 고양시 덕양구 도래울로 42, 센트럴타워 111호 (도내동)","평일 8:30~ 오후 7:30까지. 토요일과 일반 공휴일만 오후 2시까지 운영하며 매주 일요일과 명절 연휴는 쉽니다.","푸른숲약국","031-964-3022","1930","0830","1930","0830","1930","0830","1930","0830","1930","0830","1400","0830","1400","0830","C2109093","105","51","22274","37.6296556054547","126.869118123378"
"경기도 안산시 상록구 용신로 390, 현대프라자 105호 (본오동)","푸른숲약국","031-407-1377","1800","0900","1800","0900","1800","0900","1800","0900","1800","0900","1300","0900","C2110067","155","37","22275","37.3013826079393","126.865507052778"
"부산광역시 강서구 신호산단2로 41 (신호동)","버스정류장:부산신호동 우체국","푸른신호약국","051-831-8575","2100","0830","2100","0830","2100","0830","2100","0830","2100","0830","1800","0830","C1202075","467","59","22276","35.08523993542667","128.87773578713768"
"경기도 이천시 경충대로 2566 (중리동)","푸른약국","031-636-6205","1700","0900","1700","0900","1700","0900","1700","0900","1700","0900","1700","0900","C2101845","173","73","22277","37.27496416422343","127.44794764565313"
"울산광역시 중구 번영로 487 (약사동)","울산시중구홈플러스옆","푸른약국","052-291-8001","1900","0800","1900","0800","1900","0800","1900","0800","1900","0800","1400","0800","C1700074","444","79","22278","35.564884306261604","129.33647876367525"
"경기도 의정부시 효자로 10, 1층 105호 (민락동)","푸른약국","031-852-3194","2100","0900","2100","0900","2100","0900","2100","0900","2100","0900","1800","0900","C2102655","118","03","22279","37.74353228936453","127.08610868486786"
"경기도 동두천시 삼육사로 1007 (생연동)","푸른약국","031-861-2702","1300","0900","1300","0900","1300","0900","1300","0900","1300","0900","1300","0900","C2103402","113","18","22280","37.89943456443762","127.06175830656538"
"대전광역시 대덕구 대전로 1209(오정동)","푸른약국","042-622-3663","2000","0900","2000","0900","2000","0900","2000","0900","2000","0900","1700","0900","C1600319","343","80","22281","36.362097222222225","127.417052777777783"
"서울특별시 마포구 마포대로 190, 1층 (공덕동)","마포경찰서 맞은편","푸른약국","02-704-4516","1930","0900","1930","0900","1930","0900","1930","0900","1930","0900","1500","0900","C1103969","042","07","22282","37.5509175098526","126.955790712131"
"서울특별시 용산구 후암로 41, 1층 (후암동)","푸른약국","02-3789-1460","2000","0900","2000","0900","2000","0900","2000","0900","2000","0900","1500","0900","C1102421","043","32","22283","37.5495789552531","126.977306560055"
"전라남도 고흥군 고흥읍 여산당촌길 7,","KT전화국건너편","푸른약국","061-832-8008","1800","0830","1800","0830","1800","0830","1800","0830","1800","0830","1300","0830","C2600207","595","40","22284","34.607443012815075","127.28220563609233"
"서울특별시 동작구 상도로 93 (상도동)","신대방삼거리역 6번 출구/성대시장 버스정류장 앞","푸른약국","02-813-1233","2000","0800","2000","0800","2000","0800","2000","0800","2000","0800","1600","0900","C1100248","069","52","22285","37.5001237923409","126.930835747931"
"서울특별시 관악구 난곡로 351 (신림동)","신대방역 2번 출구","푸른약국","02-851-2525","2000","0900","2000","0900","2000","0900","2000","0900","2000","0900","1600","0900","C1102980","087","01","22286","37.4853709286826","126.913654830593"
"서울특별시 도봉구 도봉로180나길 34, 1층 (도봉동)","도봉2파출소 인근","푸른약국","02-956-3388","1800","0900","1800","0900","1800","0900","1800","0900","1800","0900","C1107116","013","19","22287","37.6837686884789","127.049566885158"
"강원특별자치도 태백시 번영로 359-1(황지동)","한마음신협 맞은편(이화코난 소아과 1층)","푸른약국","033-553-2288","2300","0900","2300","0900","2300","0900","2300","0900","1830","0850","2300","0900","2300","0900","C2200227","260","12","22288","37.17180201171697","128.99281020660015"
"부산광역시 서구 대티로 181-1","서대신 지하철 역","푸른약국","051-253-8892","1820","0830","1820","0830","1820","0830","1820","0830","1820","0830","1200","0830","1730","0830","1200","0830","C1201368","492","10","22289","35.11148843248685","129.01214492146156"
"대구광역시 달서구 송현로 113","송현초등학교맞은편본동주공상가","푸른약국","053-636-1646","1900","0900","1900","0900","1900","0900","1900","0900","1900","0900","1500","0900","C1300493","427","46","22290","35.82713062609651","128.5437308963151"
"인천광역시 남동구 구월남로342번길 3 (만수동)","공휴일 유동적","문성여자상업고등학교 부근","푸른약국","032-466-1762","1800","0900","1800","0900","1800","0900","1800","0900","1800","0900","2100","0900","2100","0900","C1400163","215","38","22291","37.451647469353844","126.72792593850772"
"부산광역시 동래구 명안로85번길 52","4호선 명장역 2번출구/조양맨션 앞 피자헛 건물","푸른약국","051-526-5533","1900","0900","1900","0900","1900","0900","1900","0900","1900","0900","1330","0900","C1200461","477","72","22292","35.20485823003264","129.1017981383549"
"대구광역시 수성구 달구벌대로 2583, 202호 (만촌동, 월드메르디앙)","푸른약국","053-744-1225","1830","0900","1830","0900","1830","0900","1830","0900","1830","0900","1300","0900","1300","0900","C1300310","420","62","22293","35.859362808556135","128.64539222866892"
"서울특별시 노원구 한글비석로 264, 중계그랜드프라자 3층 312호 (중계동)","중계그랜드프라자 3층 312호","푸른약국","02-935-4167","1900","0830","1900","0830","2000","0830","1900","0830","1900","0830","1500","0830","C1103398","017","20","22294","37.6511587125973","127.077337907538"
"부산광역시 수영구 수영로611번길 5, 1층 (광안동)","2호선 광안역 2번출구","푸른약국","051-759-4279","1800","0830","1800","0830","1800","0830","1800","0830","1800","0830","1300","0830","C1202213","482","54","22295","35.16036173567431","129.1132628545898"
"서울특별시 중랑구 봉우재로 40 (면목동)","면목2동 주민센터 인근","푸른약국","02-437-8949","2100","0900","2100","0900","2100","0900","2100","0900","2100","0900","1900","0900","C1100246","021","31","22296","37.5903909117034","127.077722681025"
"충청북도 청주시 서원구 산남로 4, 푸른타워 1층 102호 (산남동)","푸른약국","043-284-8207","1900","0900","1900","0900","1900","0900","1900","0900","1900","0900","1300","0900","C2301196","286","26","22297","36.6125252287308","127.473190890225"
"부산광역시 연제구 과정로 180, 1층 102호 (연산동)","버스정류장: 태광아파트 앞","푸른약국","051-758-5566","1900","0900","1900","0900","1900","0900","1900","0900","1900","0900","1400","0900","C1202619","475","69","22298","35.1875404105149","129.107431816031"
"부산광역시 기장군 장안읍 해맞이로 427, 1층","버스정류장: 길천정류소 앞 건물 1층","푸른약국","051-727-2024","1800","0900","1800","0900","1800","0900","1800","0900","1800","0900","1300","0900","1200","0900","1200","0900","C1200451","460","35","22299","35.3296894684294","129.28225707296147"
"경기도 용인시 기흥구 죽전로 53, 야후빌딩 403호 (보정동)","푸른약국","031-261-8047","2000","0900","2000","0900","2000","0900","2000","0900","2000","0900","1400","0900","C2107851","168","98","22300","37.32073769607182","127.1146661885569"
"경기도 안산시 상록구 광덕1로 376, 301호(이동,한대프라자)","푸른약국","031-484-5320","1930","0900","1930","0900","1930","0900","1930","0900","1930","0900","1400","0900","C2103889","154","95","22301","37.30790621317946","126.8514441473584"
"경기도 부천시 신흥로 379, 1층 (내동)","푸른약국","032-672-9938","2000","0900","2000","0900","2000","0900","2000","0900","2000","0900","1700","0900","1700","0900","C2100379","144","93","22302","37.51749658609942","126.7749114821504"
"충청북도 음성군 맹동면 장성4길 5, 포스사우나빌딩 1층 106호 (맹동면)","충북혁신도시버스터미널 부근 사우나건물 1층","푸른약국","043-878-7798","1900","0900","1900","0900","1900","1300","1900","0900","1230","0900","1730","1130","1900","1300","C2300954","277","38","22303","36.90538840248141","127.54592448881601"
"경기도 용인시 기흥구 죽전로 53, 403호 (보정동,야후빌딩)","/ 야후빌딩 403호","푸른약국","031-261-7037","2000","0900","2000","0900","2000","0900","2000","0900","2000","0900","1400","0900","C2103150","168","98","22304","37.320699783903024","127.1147248176508"
"경기도 오산시 궐리사로 57","화성등기소맞은편","푸른약국","031-377-9907","2200","0900","2200","0900","2200","0900","2200","0900","2200","0900","2000","0900","C2100731","181","21","22305","37.159467518821664","127.05878849183148"
"경기도 평택시 점촌로19번길 59 (서정동, 고려빌딩)","이룬병원앞푸른약국","푸른약국","031-663-5452","2000","0900","2000","0900","2000","0900","2000","0900","2000","0900","1900","0900","C2100916","177","77","22306","37.06601978832882","127.05627054498359"
"경기도 수원시 장안구 화산로125번길 5, 천천 푸르지오 3층 303-2, 304호 (천천동)","푸른약국","031-278-7947","1900","0900","1900","0900","1900","0900","1900","0900","1900","0900","C2107078","164","20","22307","37.29426152683979","126.98031747471093"
"경기도 광명시 광명로 892, 1층 (광명동)","푸른약국","02-2683-6579","2000","0900","2000","0900","2000","0900","2000","0900","2000","0900","2200","0830","C2100863","142","62","22308","37.478491666666663","126.854233333333340"
"경기도 구리시 건원대로34번길 135","푸른약국","031-557-7267","2000","0900","2000","0900","2000","0900","2000","0900","2000","0900","C2102803","119","21","22309","37.60509564672994","127.14429510670281"
"서울특별시 서대문구 거북골로 67 (남가좌동)","공휴일 휴무","명지대사거리","푸른약국","02-373-0547","2030","0800","2030","0800","2030","0800","2030","0800","2030","0800","1900","0800","1500","1000","C1100681","036","92","22310","37.5774466854957","126.921161539281"
"경기도 군포시 번영로 502, 502-2호 (금정동, 역사상가 )","푸른약국","031-399-3191","1900","0900","1900","0900","1900","0900","1900","0900","1900","0900","1300","0900","C2103121","158","62","22311","37.35756803183836","126.93331087965737"
"인천광역시 부평구 부영로189번길 51, 1층 104호 (산곡동, 오남프라자)","오남프라자, 산곡고등학교 뒷편","푸른약국","032-505-8575","1300","0900","1300","0900","1300","0900","1300","0900","1300","0900","C1400725","213","77","22312","37.502118803","126.7129164599"
"서울특별시 강서구 공항대로41길 65 (등촌동)","등현초사거리","푸른약국","02-2063-3997","1800","0900","1800","0900","1800","0900","1800","0900","1800","0900","1300","0900","C1102422","075","86","22313","37.5607934244622","126.846120366466"
"서울특별시 서초구 서초대로 3-4, 1층 101-3호(방배동,방배디오슈페리움)","이수역 3,4번 출구 바로 앞/디오슈페리움 1차","푸른약국","02-599-5388","2030","0900","2030","0900","2030","0900","2030","0900","2030","0900","1600","0900","C1100245","065","68","22314","37.4860317945544","126.983083699338"
"서울특별시 성동구 아차산로 41, 2층(성수동1가,삼성빌딩)","뚝섬역 4번 출구 바로 앞","푸른약국","02-469-9700","1900","0830","1900","0830","1900","0830","1900","0830","1900","0830","1400","0830","1200","1000","C1104556","047","90","22315","37.5469652009623","127.048975538142"
"서울특별시 송파구 백제고분로 279, 1층 (석촌동)","푸른약국","02-554-4458","2100","0900","2100","0900","2100","0900","2100","0900","2100","0900","2000","0900","1800","1000","C1104632","056","13","22316","37.5027264915884","127.097668980012"
"서울특별시 은평구 서오릉로 203, (구산동)","구산사거리 근처","푸른약국","02-358-8141","1800","0900","1800","0900","1800","0900","1800","0900","1800","0900","1330","0900","C1103892","034","26","22317","37.6137967980213","126.910877979622"
"서울특별시 강북구 삼양로 309, 미성빌딩 (수유동)","수유1동주민센터 인근","푸른약국","02-989-1801","1800","0830","1800","0830","1800","0830","1800","0830","1800","0830","1300","0830","C1104411","010","99","22318","37.6309905219163","127.017557345774"
"서울특별시 중구 명동8길 47, (충무로2가)","명동역 6번 출구","푸른약국","02-775-7428","2200","1000","2200","1000","2200","1000","2200","1000","2200","1000","2000","1000","2000","1300","C1103451","045","36","22319","37.5616633804346","126.985065987479"
"서울특별시 강동구 구천면로 305, (천호동,덕송빌딩)","천호초등학교 사거리","푸른약국","02-473-0437","2030","0930","2030","0930","2030","0930","2030","0930","2030","0930","1300","0900","C1101223","053","20","22320","37.5469886729228","127.134344875218"
"경기도 시흥시 역전로301번길 34 (정왕동, 시흥성심메디칼)","푸른약국","031-432-0250","2100","0900","2100","0900","2100","0900","2100","0900","2100","0900","1900","0900","C2101450","150","25","22321","37.35306833007595","126.73758242823192"
"경기도 남양주시 화도읍 비룡로 341","푸른약국","031-523-2088","2000","0900","2000","0900","2000","0900","2000","0900","2000","0900","C2107608","120","35","22322","37.6814527799","127.3039072227"
"경기도 하남시 더우개로 29, 대명상가(지우제) 404-1호 (신장동)","푸른약국","031-699-2380","1800","0900","1800","0900","1800","0900","1800","0900","1800","0900","1300","0900","C2110169","129","45","22323","37.5410487422687","127.220904352467"
"전북특별자치도 군산시 공단대로 461","공휴일 전화 후 방문","하이마트 앞","푸른약국","063-463-1888","1800","0900","1800","0900","1800","0900","1800","0900","1800","0900","1300","0900","C2500558","541","41","22324","35.963203101774255","126.69119675821943"
"충청남도 보령시 주공로 65 (명천동)","주공3차 아파트","푸른약국","041-936-1658","1850","0830","1850","0830","1850","0830","1850","0830","1850","0830","1330","0830","C2400693","334","79","22325","36.34160553717221","126.60550938045432"
"충청남도 청양군 청양읍 중앙로 178","청양군 보건의료원 앞","푸른약국","041-944-0346","1830","0830","1830","0830","1830","0830","1830","0830","1830","0830","C2400706","333","27","22326","36.45526665339792","126.80396944461327"
"경상남도 거창군 거창읍 강남로1길 94-90, 1층","푸른약국","055-942-1300","1830","0900","1830","0900","1830","0900","1830","0900","1830","0900","1330","0900","C2802074","501","42","22327","35.6809893540068","127.90559869870924"
"경상남도 밀양시 밀성로 14","밀성여중 맞은편","푸른약국","055-354-9927","1800","0900","1800","0900","1800","0900","1800","0900","1800","0900","1230","0900","C2800303","504","22","22328","35.501614495229326","128.74972310816995"
"충청남도 논산시 중앙로 258 (취암동)","K마트 맞은편","푸른약국","041-735-8275","2030","0900","2030","0900","2030","0900","2030","0900","2030","0900","1900","0900","1900","0900","1900","0900","C2400731","329","84","22329","36.19023433982897","127.09943184664243"
"경상남도 김해시 내외중앙로 57 , 경남프라자 102호 (내동)","푸른약국","055-327-4788","1910","0900","2100","0900","1910","0900","1910","0900","2100","0900","1610","1000","C2800740","509","48","22330","35.235194444444446","128.866380555555565"
"제주특별자치도 제주시 화삼북로 63, 삼화빌딩 1층 102호 (삼양이동)","푸른약국","064-722-0599","1930","0830","1930","0830","1930","0830","1930","0830","1930","0830","1300","0830","1330","0830","C2900462","633","22","22331","33.5174991756","126.5798681591"
"전북특별자치도 무주군 무주읍 주계로 74,","천흥주유소 앞에 위치.","푸른약국","063-322-9672","1900","0830","1900","0830","1900","0830","1900","0830","1900","0830","1300","0830","C2500330","555","16","22332","36.0060757482684","127.65829159278668"
"서울특별시 구로구 남부순환로 775, 상가106동 103호 (개봉동, 개봉푸르지오)","푸른약국","02-2689-9856","1900","0830","1900","0830","1900","0830","1900","0830","1900","0830","1400","0830","C1108683","082","36","22333","37.5015678689641","126.847162335199"
"충청남도 서산시 율지19길 21 (동문동)","2024년 설 연휴 영업시간 2월9일 오전 11시 ~ 오후5시 까지. 2월10일(설) 오전 11시 ~ 오후6시 까지. 2월11일~2월12일 휴무","전국대학병원처방 및 서산 전지역 처방 조제가 가능합니다.","푸른약국","041-664-8633","1930","0830","1930","0830","1930","0830","1930","0830","1930","0830","1700","0830","C2401564","319","93","22334","36.77370445691","126.46337129049364"
"충청남도 아산시 음봉면 음봉로 515-46, 109호 (레이크시티플라자)","월랑초등학교 앞","푸른약국","041-544-0321","1900","0900","1900","0900","1900","0900","1900","0900","1900","0900","1330","0900","C2401316","314","16","22335","36.844522067549185","127.06853484519746"
"전북특별자치도 전주시 덕진구 시천로 49","송천동 대명 아파트 앞","푸른약국","063-278-8300","1900","0830","1900","0830","1900","0830","1900","0830","1900","0830","1500","0830","C2500401","548","31","22336","35.86373331840508","127.11432092088874"
"경상남도 고성군 동외로 169-1 (고성읍)","푸른약국","055-674-4898","1900","0900","1900","0900","1900","0900","1900","0900","1900","0900","C2801692","529","42","22337","34.97639040984411","128.32591010920572"
"전북특별자치도 부안군 부안읍 석정로 233,","365운영 약국","진성아파트근처, 홈마트 옆","푸른약국","063-584-4500","2000","0800","2000","0800","2000","0800","2000","0800","2000","0800","1800","0830","1800","1000","1800","1000","C2500443","563","15","22338","35.7248038432","126.7376188237"
"충청남도 당진시 신평면 거산3거리길 13, 푸른약국","새마을금고 옆","푸른약국","041-363-1102","2000","0830","2000","0830","2000","0830","2000","0830","2000","0830","1900","0830","1800","1000","C2400180","317","48","22339","36.87889879460634","126.7534277041402"
"부산광역시 남구 동명로 137, (용호동)","부산은행 사거리 원진빌딩 1층","푸른약국","051-621-0040","2130","0900","2130","0900","2130","0900","2130","0900","2130","0900","2000","0900","2130","0900","2130","0900","C1200863","485","28","22340","35.119813037982475","129.11193941004907"
"충청남도 천안시 서북구 월봉로 85 (쌍용동)","소방서 건너편","푸른약국","041-572-0331","2200","0900","2200","0900","2200","0900","2200","0900","2200","0900","1800","0900","1800","0900","1800","0900","C2400069","311","71","22341","36.798375410383834","127.11788519727152"
"전북특별자치도 정읍시 우암로 15-1","구시장 우리 마트 옆에위치.","푸른약국","063-536-9500","1730","0830","1730","0830","1730","0830","1730","0830","1730","0830","1230","0900","C2500499","561","62","22342","35.565004130670566","126.85397085861682"
"경상남도 거제시 거제대로 3744","일요일: 13시-16시 휴무","파티마정형외과 옆","푸른약국","055-688-3044","2100","0900","2100","0900","2100","0900","2100","0900","1800","0900","2100","0900","C2800079","532","28","22343","34.89074182066448","128.68994018433284"
"광주광역시 동구 남문로 638-3 (소태동)","광주광역시 동구문화센터 옆","푸른약국","062-225-8186","1830","0800","1830","0800","1830","0800","1830","0800","1830","0800","1330","0800","C1500047","614","98","22344","35.12798432062344","126.93088548237418"
"경상남도 창원시 성산구 원이대로 776 (상남동, (상남동 ,성원2단지상가103호))","토요일, 공휴일은 약국사정에 따라 불규칙 적으로 휴무함","성원APT사거리 주변","푸른약국","0552896665","2030","1000","2030","1000","2030","1000","2030","1000","2030","1000","2000","1000","2100","0930","C2801002","514","99","22345","35.216422471250084","128.6939662085425"
"경상남도 진주시 대신로475번길 16-1 (초전동)","청구아파트 후문","푸른약국","055-762-0079","2000","1000","2000","1000","2000","1000","2000","1000","2000","1000","C2800111","527","38","22346","35.20244738470397","128.1144018389472"
"전라남도 장흥군 장흥읍 중앙로 15,","김종필내과1층","푸른약국","061-864-4111","1500","0900","1500","0900","1500","0900","1500","0900","1500","0900","1600","0800","C2600386","593","27","22347","34.67743874587657","126.90867476130486"
"대전광역시 동구 동서대로1668번길 33, 청암빌딩 1층 (성남동)","효촌마을아파트앞,청사초롱마트건너편","푸른약국","042-631-7578","1900","0900","1900","0900","1900","0900","1900","0900","1900","0900","1300","0900","C1600076","345","79","22348","36.34690544886232","127.43523591334528"
"울산광역시 울주군 범서읍 구영로 100 (범서읍)","구영프라자 102호","푸른약국","052-211-9965","1900","0900","1900","0900","1900","0900","1900","0900","1900","0900","1300","0900","C1700025","449","24","22349","35.5736346536","129.2413692398"
"광주광역시 서구 화운로199번길 28, (내방동)","내방주공아파트정문입구","푸른약국","062-374-0080","1900","0830","1900","0830","1900","0830","1900","0830","1900","0830","1500","0830","C1500250","619","72","22350","35.15699707905072","126.87378654205903"
"광주광역시 북구 동문대로 152, 1층 (두암동)","푸른약국","062-265-0110","1900","0830","1900","0830","1900","0830","1900","0830","1900","0830","1400","0830","C1500911","611","95","22351","35.17621029398684","126.92818692395065"
"경상북도 예천군 예천읍 중앙로 42, 유경 팰리스 상가동 102호","푸른약국","054-653-6262","1830","0840","1830","0840","1830","0840","1830","0840","1830","0840","1530","0840","C2700195","368","28","22352","36.65643434661876","128.45590696748732"
"강원특별자치도 속초시 청학로 47, (청학동)","푸른약국","033-631-8818","1800","0830","1800","0830","1800","0830","1800","0830","1800","0830","1300","0830","C2200169","248","29","22353","38.20232672500125","128.58285267032704"
"전라남도 영암군 영암읍 동문로 8","영암종합버스터미널 내","푸른약국","061-471-7070","2400","0800","2400","0800","2400","0800","2400","0800","2400","0800","2400","0800","2400","0800","2400","0800","C2600370","584","18","22354","34.79663976720742","126.70276809938287"
"경상북도 안동시 경동로 609","신시장 입구, 배전골목입구 사거리","푸른약국","054-859-7578","1930","0830","1930","0830","1930","0830","1930","0830","1930","0830","1600","0830","C2700609","366","98","22355","36.56355063674957","128.7243481105475"
"강원특별자치도 원주시 백간길 25 (단계동, (주)SG프라자 내 1층)","푸른약국","033-733-2123","1900","0900","1900","0900","1900","0900","1900","0900","1900","0900","1330","0900","C2200955","264","09","22356","37.3520831458","127.9263006823"
"인천광역시 서구 심곡로194번길 1","드림마트건너편","푸른약국","032-563-6490","2100","0900","2100","0900","2100","0900","2100","0900","2100","0900","1700","0900","C1400551","227","09","22357","37.55030566642521","126.6822890445274"
"인천광역시 연수구 먼우금로 96","나사렛국제병원 옆","푸른약국","032-814-6888","1600","0900","1600","0900","1600","0900","1600","0900","1600","0900","1300","0900","C1400544","219","72","22358","37.40756582999417","126.67046671099786"
"대구광역시 달성군 다사읍 서재로 117 (다사읍)","서재롯데리아옆","푸른약국","053-585-4965","1900","0900","1900","0900","1900","0900","1900","0900","1900","0900","1400","0900","C1301266","429","24","22359","35.87387454832317","128.49703435785773"
"경기도 화성시 동탄솔빛로 44, 신성프라자 1층 104호 (반송동)","푸른약국","031-8003-3355","1900","0830","1900","0830","1900","0830","1900","0830","1900","0830","1600","0830","C2102149","184","42","22360","37.19286348308382","127.07296892582758"
"인천광역시 미추홀구 수봉로182번길 45, (주안동)","독쟁이지나10번버스종점.","푸른약국","032-862-3785","2030","0900","2030","0900","2030","0900","2030","0900","2030","0900","2030","0900","2030","0900","C1400199","221","81","22361","37.45739297795427","126.66727059472976"
"서울특별시 서대문구 문화촌길 6, 승희빌딩 1층 (홍제동)","푸른온누리약국","02-395-3523","1930","0900","1930","0900","1930","0900","1930","0900","1930","0900","1500","0900","C1100417","036","25","22362","37.5927066918433","126.947730427999"
"경상북도 김천시 김천로 139","약국","신한은행 맞은편","푸른온누리약국","054-439-2771","1830","0900","1830","0900","1830","0900","1830","0900","1830","0900","1230","0900","C2700244","395","97","22363","36.1219745679","128.1165614545"
"서울특별시 강남구 도산대로 511, 1층 102호 (청담동)","푸른온누리약국","02-3442-7003","2000","0840","2000","0840","2000","0840","2000","0840","2000","0840","1600","0900","C1110288","060","12","22364","37.5247542812645","127.049179349883"
"경기도 고양시 덕양구 통일로 773, (관산동)","벽제농협 옆건물","푸른온누리약국","031-963-3030","1700","0900","1700","0900","1700","0900","1700","0900","1700","0900","1700","0900","C2102361","102","87","22365","37.68757055590387","126.8644855607204"
"경상북도 칠곡군 석적읍 유학로 18","푸른온누리약국","054-977-7556","2000","0830","2000","0830","2000","0830","2000","0830","2000","0830","1500","0900","C2701642","398","36","22366","36.0791707678765","128.411899359002"
"서울특별시 서초구 바우뫼로35길 22, 1층 (양재동)","푸른온누리약국","02-571-8279","2200","0900","2200","0900","2200","0900","2000","0900","2200","0900","2100","0900","2100","1000","2100","0900","C1107391","067","44","22367","37.4795385736716","127.039035125242"
"서울특별시 광진구 천호대로 527 (중곡동, 거산빌딩)","군자역 1번 출구","푸른온누리약국","02-466-7675","2100","0900","2100","0900","2100","0900","2100","0900","2100","0900","1700","0900","C1104809","049","19","22368","37.5583973140118","127.077315045243"
"경기도 수원시 권선구 서수원로 515, 1층 101호 (금곡동)","푸른온누리약국","031-294-1800","1800","0900","1800","0900","1800","0900","1800","0900","1800","0900","C2108282","163","93","22369","37.2721160996955","126.959823085152"
"경기도 김포시 고촌읍 수기로 67-39, 수기마을힐스테이트아파트 상가동 102호","푸른온누리약국","031-985-0081","2100","0900","2100","0900","2100","0900","2100","0900","2100","0900","C2100273","101","29","22370","37.596506075644605","126.76753834640972"
"경기도 용인시 수지구 풍덕천로 122","푸른온누리약국","031-264-2820","2000","0900","2000","0900","2000","0900","2000","0900","2000","0900","1800","0900","C2101150","168","41","22371","37.32252113044467","127.09560630308916"
"서울특별시 강서구 방화대로34길 92, 불해빌딩 1층 (방화동)","마곡푸르지오아파트 정문 앞","푸른온누리약국","02-2664-6643","1950","0900","1950","0900","1950","0900","1950","0900","1950","0900","1750","0900","C1103584","075","95","22372","37.5708840128695","126.821409394955"
"부산광역시 중구 샘길 1, 2층 (동광동5가)","버스정류장: 메리놀병원맞은편","푸른지산약국","051-442-4046","1800","0840","1800","0840","1800","0840","1800","0840","1800","0840","1300","0840","C1201194","489","25","22373","35.10691424063685","129.03288590294284"
"대전광역시 동구 충정로139번길 3","대주파크빌정문맞은편","푸른태평양약국","042-632-8800","2100","0900","2100","0900","2100","0900","2100","0900","2100","0900","1700","0900","C1600242","345","12","22374","36.34267397779088","127.44912179162282"
"전북특별자치도 전주시 덕진구 세병로 26, 101호 (송천동2가)","푸른하늘약국","063-255-3412","1900","0830","1900","0830","1900","0830","1900","0830","1900","0830","1300","0830","C2501264","551","49","22375","35.8741090919","127.1277024608"
"경기도 파주시 금빛로 27, 107호 (금촌동, 광장프라자)","푸름약국","031-943-5179","1900","0900","1900","0900","1900","0900","1900","0900","1900","0900","1400","0900","C2102814","109","15","22376","37.752220016911096","126.76627275744498"
"전북특별자치도 군산시 진포로 238","공휴일 전화 후 방문","최영가정의학과 건물 1층 도로변","푸름약국","063-442-3275","1830","0900","1830","0900","1830","0900","1830","0900","1830","0900","1500","0900","C2500088","540","33","22377","35.97966355458179","126.733248908674"
"경기도 수원시 장안구 조원로 87 (조원동)","푸름약국","031-255-0615","2030","0900","2030","0900","2030","0900","2030","0900","2030","0900","1500","0900","1300","0900","C2106781","162","86","22378","37.30078922841889","127.0157455763616"
"인천광역시 계양구 장제로 822, 롯데마트 계양점 2층 일부호 (계산동)","푸름약국","032-542-6020","2100","1000","2100","1000","2100","1000","2100","1000","2100","1000","2100","1000","C1402079","210","60","22379","37.5408492649713","126.736003459808"
"서울특별시 서대문구 연희로 119, 1층 (연희동)","서대문구 연희삼거리 대로변 우리은행 맞은편입니다.","푸름약국","02-3143-3030","1830","0830","1830","0830","1830","0830","1830","0830","1830","0830","1300","0830","C1104376","037","08","22380","37.568501032015","126.931965400764"
"광주광역시 북구 첨단연신로107번길 45-3 (신용동)","일요일, 공휴일 전화 연락 후 방문 요함","풀려라약국","062-575-6947","1830","0830","1830","0830","1830","0830","1830","0830","1830","0830","1300","0830","1200","0830","1200","0830","C1500912","610","87","22381","35.20733700143264","126.85954782983573"
"경기도 고양시 일산서구 중앙로 1559, 씨티타워 301호 일부호 (대화동)","풀잎약국","031-913-4553","1800","0900","1900","0900","1800","0900","1800","0900","1300","0900","C2109683","103","81","22382","37.675418007671","126.74820446417"
"경기도 고양시 일산동구 중앙로1275번길 60-14, 고일프라자 1층 일부호 (장항동)","품안에약국","070-4116-3784","2000","0900","2000","0900","2000","0900","2000","0900","2000","0900","1700","0900","C2106991","104","01","22383","37.652791052965","126.77682591047102"
"경상북도 청도군 풍각면 송서11길 6","풍각약국","054-373-7961","2000","0830","2000","0830","2000","0830","2000","0830","2000","0830","1600","0830","C2700643","383","07","22384","35.64065185395515","128.6157340975014"
"서울특별시 금천구 시흥대로 426, 영진빌딩 1층 (독산동)","평일 휴게시간 13:15~13;;40","풍경약국","02-869-6888","1900","0900","1900","0900","1900","0900","1900","0900","1900","0900","1400","0900","1300","0900","C1109832","085","45","22385","37.4715689911066","126.89877216735"
"경기도 하남시 미사강변서로 65, 상가동 113호 (풍산동, 미사강변센트럴풍경채)","풍경채 현담 약국","031-793-0531","1800","0900","1800","0900","1800","0900","1800","0900","1800","0900","C2107931","129","16","22386","37.55589305669832","127.18243193420476"
"경상북도 영주시 풍기읍 기주로 102","풍기소백산약국","054-633-9034","1900","0830","1900","0830","1900","0830","1900","0830","1900","0830","1400","0830","C2700003","360","26","22387","36.87049684566652","128.5248731048412"
"경상북도 영주시 풍기읍 동양대로 3 (풍기읍)","4/5 정상운영","풍기신세계약국","054-638-1235","1830","0830","1830","0830","1830","0830","1830","0830","1830","0830","1300","0830","C2700474","360","25","22388","36.8714455225066","128.52677596894097"
"충청남도 아산시 남부로 321-21, 1층 (풍기동)","평일 21:00~22:00 저녁시간 토요일: 13:30~22:00 휴게시간","처방전 조제 및 일반약 판매 전문 약국입니다. 동물의약품 취급합니다.","풍기온누리약국","041-531-6555","2500","0830","2500","0830","2500","0830","2500","0830","2500","0830","0100","0830","0100","2200","0100","2200","C2401472","315","79","22389","36.7737061867","127.0159507571"
"경기도 고양시 일산동구 숲속마을1로 77","풍동메디칼약국","031-909-5335","2000","0900","2000","0900","2000","0900","2000","0900","2000","0900","1700","0900","C2102580","103","06","22390","37.66777187660795","126.79993933307652"
"경기도 고양시 일산동구 숲속마을로 40, 1(일부)층 (풍동, 유진프라자)","풍동약국","031-906-8111","2000","0830","2000","0830","2000","0830","2000","0830","2000","0830","1500","0830","1500","0900","C2106542","103","06","22391","37.66739049921133","126.79884780229066"
"경기도 고양시 일산동구 숲속마을로 26, 304-A호(풍동,풍동프라자)","약국 전화번호 아님(19.06.05) -> 심평원 대표번호(070-8878-8098) 부재중","풍동조은약국","031-000-0000","1930","0830","1930","0830","1930","0830","1930","0830","1930","0830","1600","0830","C2102816","103","05","22392","37.66727324639683","126.80036466583613"
"경기도 고양시 일산동구 숲속마을1로 76, 102,103호 (풍동,힘찬프라자)","백마역부근","풍동태평양약국","031-905-7985","2200","1000","2200","1000","2200","1000","2200","1000","2200","1000","2200","0900","2200","1000","C2103633","103","05","22393","37.66769237240871","126.80046555226383"
"인천광역시 연수구 함박뫼로 250, 101호 (연수동, 풍림1차아파트상가)","신연수역3번출구앞풍림1차아파트정문,인천적십자병원주변","풍림약국","032-813-1398","1930","0845","1930","0845","1930","0845","1930","0845","1930","0845","1430","0900","C1400519","219","34","22394","37.41841196588181","126.69269901869802"
"경기도 시흥시 월곶중앙로 58, 108호 (월곶동, 중앙프라자)","풍림약국","031-318-2315","2100","0900","2100","0900","2100","0900","2100","0900","2100","0900","2100","0900","2100","0900","C2104023","149","66","22395","37.388867056000066","126.73900175554972"
"경기도 성남시 분당구 서현로 170, 237호 (서현동, 풍림아이원오피스텔)","제생병원바로옆건물","풍림약국","031-783-6783","2000","0900","2000","0900","2000","0900","2100","0900","2000","0900","2000","0900","2000","0900","C2100990","135","90","22396","37.388980873337125","127.1225120355931"
"경기도 고양시 일산서구 현중로 8, 상가동 114호 (탄현동, 탄현마을16단지)","풍림약국","031-922-1809","1930","0900","1930","0900","1930","0900","1930","0900","1930","0900","1630","0900","C2102806","103","45","22397","37.6915572989","126.7688049511"
"경기도 김포시 김포대로 681, 1층 (풍무동)","풍무메디컬약국","031-997-7408","2100","0900","2100","0900","2100","0900","2100","0900","2100","0900","1730","0830","C2107774","101","13","22398","37.611219006478265","126.73472325054543"
"경기도 김포시 김포대로 715, 트레이더스 김포점 2층 (풍무동)","매월 둘재, 넷째주 수요일 휴무","풍무열시약국","031-988-1069","2200","1000","2200","1000","2200","1000","2200","1000","2200","1000","2200","1000","2200","1000","2200","1000","C2108050","101","13","22399","37.61247523124803","126.73085437735355"
"경기도 김포시 풍무로 104, 103호 (풍무동)","풍무온누리약국","031-984-8813","1930","0900","1930","0900","1930","0900","1930","0900","1930","0900","1900","0900","C2107943","101","14","22400","37.60486612161506","126.72256487269756"
"경기도 김포시 유현로238번길 31, 웅신타워 3층 301호 (풍무동)","풍무우리들약국","031-996-4321","2100","0830","2100","0830","2100","0830","2100","0830","2100","0830","1700","0900","1700","0900","1700","0900","C2100416","101","13","22401","37.60965349937735","126.73250901046117"
"경기도 김포시 풍무로 76, 103호 (풍무동, 오성프라자)","풍무우리약국","031-983-5055","2000","0830","2000","0830","2000","0830","2000","0830","2000","0830","1530","0830","C2107109","101","15","22402","37.6024284762071","126.72198052607727"
"경기도 고양시 일산동구 무궁화로 237 (중산동, 4층 일부(중산동, 이마트 풍산점))","풍산사랑약국","031-976-1470","2100","1000","2100","1000","2100","1000","2100","1000","2100","1000","2100","1000","2100","1000","2100","1000","C2106540","103","11","22403","37.67385339529199","126.78714142031701"
"경기도 하남시 덕풍동로 111, 108호 (덕풍동, 풍산캐슬)","풍산캐슬 108호","풍산온누리약국","031-794-1288","1900","0900","1900","0900","1900","0900","1900","0900","1900","0900","1530","0900","C2101883","129","27","22404","37.55119374348746","127.20845686830765"
"인천광역시 부평구 마장로 446, 1층 (청천동)","연중무휴 365 인천 부평구 풍산원약국입니다. 주차장 완비이니 편하게 방문하세요.","풍산원약국","032-512-6622","2100","0900","2100","0900","2100","0900","2100","0900","2100","0900","2100","0900","2100","0900","2100","0900","C1400762","213","11","22405","37.51769862335223","126.70403374095532"
"충청남도 천안시 동남구 풍세면 풍년길 46-1","면사무소 앞","풍세서울약국","041-551-8002","1900","0830","1900","0830","1900","0830","1900","0830","1900","0830","1500","0830","C2400639","312","17","22406","36.72235195164764","127.11942559063564"
"충청남도 천안시 동남구 풍세면 풍세산단로 287, 1층 105호","풍세일번약국","041-523-4947","2000","0900","2030","0900","2000","0900","2000","0900","2000","0900","1900","0900","1900","0900","C2401863","312","17","22407","36.7262774383517","127.10639950737"
"광주광역시 서구 풍암중앙로 51, (풍암동)","호암산부인과1층","풍암상록수약국","062-682-7882","1800","0830","1800","0830","1800","0830","1800","0830","1800","0830","1230","0830","C1500163","620","58","22408","35.125447222222220","126.879769444444449"
"광주광역시 서구 풍암중앙로 41 (풍암동)","풍암동농협중앙회건너편","풍암약국","062-682-7766","2100","0830","2100","0830","2100","0830","2100","0830","2100","0830","1900","0830","1800","0900","C1500251","620","58","22409","35.12518649434206","126.87891358471523"
"광주광역시 서구 풍암2로 14, 1층 (풍암동)","우미광장상가건너편","풍암종로약국","062-655-2266","1830","0900","1830","0900","1830","0900","1830","0900","1830","0900","1300","0900","C1500576","620","58","22410","35.12639662659827","126.87987067751275"
"서울특별시 강남구 자곡로 172, 1층 122호 (자곡동)","프라임365약국","02-3434-2277","2300","1000","2300","1000","2300","1000","2300","1000","2300","1000","2300","0900","2300","0900","2300","0900","C1109989","063","73","22411","37.4732536264997","127.102566346886"
"광주광역시 동구 백서로 145 (남동)","프라임누가약국","050-71346-0582","1800","0830","1800","0830","1800","0830","1800","0830","1800","0830","C1501425","614","68","22412","35.1428067529741","126.920992803737"
"광주광역시 동구 중앙로 211 (대인동)","프라임약국","062-226-8496","2000","0900","2000","0900","2000","0900","2000","0900","2000","0900","1900","0900","C1501185","614","73","22413","35.15187735187348","126.91711075877117"
"제주특별자치도 서귀포시 대정읍 에듀시티로 102, 104,105호 (한신더휴)","프라임약국","064-794-9997","2130","0830","2130","0830","2130","0830","2130","0830","2130","0830","1400","0830","2100","2000","C2900475","636","44","22414","33.2869152165","126.2803434879"
"경기도 고양시 일산동구 고봉로 32-6, 102호 (장항동, 엔트리원프라자)","강선동문마을 1603동 건너편. 먹자골목 입구. 만선횟집 건물","프라임약국","031-924-7965","2100","0930","2100","0930","2100","0930","2100","0930","2100","0930","2100","0930","C2102772","103","64","22415","37.66454070512381","126.76566091121898"
"부산광역시 연제구 안연로 38, 1층 (연산동)","버스정류장: 더샾파크시티아파트","프라임약국","051-752-2544","1900","0900","1900","0900","1900","0900","1900","0900","1900","0900","1430","0900","C1202219","475","65","22416","35.190799682200144","129.09996490066024"
"강원특별자치도 춘천시 퇴계농공로 22 (석사동)","CGV영화관 맞은편","프라임약국","033-262-6233","1900","0900","1900","0900","1900","0900","1900","0900","1900","0900","1400","0900","C2200114","244","14","22417","37.851275023890714","127.74409134719542"
"대구광역시 북구 침산로 138, (침산동)","공휴일 진료는 병원 진료시 운영함.(랜덤임)","침산네거리하나은행옆1층","프라임약국","053-341-7731","2000","0900","2000","0900","2000","0900","2000","0900","2000","0900","1800","0900","C1300719","415","60","22418","35.8888070679","128.5918709008"
"울산광역시 남구 수암로 113, (신정동)","수암시장맞은편","프라임약국","052-269-1758","1830","0900","1830","0900","1830","0900","1830","0900","1830","0900","1300","0900","C1700171","447","39","22419","35.52883336159986","129.3200378582111"
"전북특별자치도 전주시 덕진구 만성로 140, 107,108호 (만성동)","공휴일 전화 후 방문","프라임약국","063-252-7733","2030","0830","2030","0830","2030","0830","2030","0830","2030","0830","1400","0830","1800","1400","1300","0900","C2501272","548","59","22420","35.8434843556","127.0770586978"
"서울특별시 강남구 삼성로 352 창원빌딩 (대치동)","대치사거리 인근","프라임엠약국","02-3288-9772","2000","0900","2000","0900","2000","0900","2000","0900","2000","0900","1500","0900","C1104105","061","86","22421","37.5030433027391","127.059072270556"
"서울특별시 성북구 월계로40길 7, 1층 109호,110호 (장위동, 센트럴타운상가)","센트럴타운상가 1층 109, 110호","프라임온누리약국","02-916-9472","2100","0900","2100","0900","2100","0900","2100","0900","2100","0900","1800","0900","C1102467","027","59","22422","37.6229473543321","127.048397229405"
"경기도 성남시 분당구 대왕판교로606번길 41, 프라임스퀘어 4층 401호 (삼평동)","프라임정약국","031-706-3628","1800","0900","1800","0900","1800","0900","1800","0900","1800","0900","1300","0900","C2109416","135","24","22423","37.3964807575672","127.111931027754"
"경기도 의정부시 평화로 611-1","가능역2번출구","프라임종로약국","031-842-3573","2030","0900","2030","0900","2030","0900","2030","0900","2030","0900","1700","0900","C2103680","116","90","22424","37.74655790284812","127.04549979336366"
"대전광역시 중구 목중로 50 (중촌동)","제일프라자상가내","프라자 약국","042-242-1002","1830","0830","1830","0830","1830","0830","1830","0830","1830","0830","1400","0830","C1600173","348","12","22425","36.337850000000003","127.409499999999994"
"강원특별자치도 원주시 능라동길 70 (무실동)","센텀병원 1층","프라자건강약국","033-734-9570","1930","0900","1900","0900","1900","0900","1930","0900","1900","0900","1400","0900","C2200982","263","92","22426","37.3337947026","127.9302013422"
"서울특별시 송파구 백제고분로 438, 1층 (송파동)","프라자사랑약국","02-2205-8080","2000","0900","2000","0900","2000","0900","2000","0900","2000","0900","C1108999","056","62","22427","37.5097139452876","127.112194332317"
"서울특별시 광진구 능동로 315, DM빌딩 1층 (중곡동)","프라자사랑약국","02-2205-4000","2040","0900","2040","0900","2040","0900","2040","0900","2040","0900","1500","0900","C1110071","049","19","22428","37.5578571749942","127.079606886803"
"경기도 수원시 권선구 수인로 291, 1층 (구운동, 서수원터미널)","마트휴무일(둘째,넷째 일요일)휴무, 공휴일(명절당일등) 운영시간 변동가능","프라자약국","031-296-0102","2230","1000","2230","1000","2230","1000","2230","1000","2230","1000","2230","1000","2230","1000","2230","1000","C2103683","164","05","22429","37.28242337547704","126.97021697120762"
"서울특별시 송파구 양재대로 1222 (방이동)","올림픽공원역 1번 출구 바로 앞/올림픽선수촌아파트 중심 상가","프라자약국","02-3012-0002","2020","0900","2020","0900","2020","0900","2000","0900","2000","0900","1730","0900","C1100748","056","48","22430","37.515552664053075","127.13235359129281"
"경기도 용인시 기흥구 흥덕중앙로 41","흥덕웰프라자103호","프라자약국","031-211-1401","2030","0900","2030","0900","2030","0900","2030","0900","2030","0900","C2103382","169","53","22431","37.2765090872","127.0715629739"
"충청남도 공주시 웅진로 188, 1층 (산성동)","하나은행 옆","프라자약국","041-858-7789","1830","0830","1830","0830","1830","0830","1830","0830","1830","0830","1300","0900","C2400161","325","55","22432","36.457200758512414","127.1250284614837"
"전북특별자치도 익산시 무왕로 1069","우리들안과같은건물 ,하나은행옆","프라자약국","063-831-9923","1900","0900","1900","0900","1900","0900","1900","0900","1900","0900","1230","0900","C2500596","545","45","22433","35.95874549554397","126.97549762561691"
"서울특별시 강서구 강서로 267, 송화쇼핑센터 1층 (내발산동)","프라자약국","02-2664-8707","2000","0800","2100","0800","2000","0800","2000","0800","2000","0800","1500","0800","C1109038","076","39","22434","37.5496000614643","126.835941270275"
"대구광역시 북구 칠성남로 226, (칠성동1가)","칠성시장농협4거리백악관나이트입구버스정류장","프라자약국","053-426-5640","1900","0700","1900","0700","1900","0700","1900","0700","1900","0700","1900","0700","C1300912","415","83","22435","35.87591273522402","128.60486191498634"
"대구광역시 중구 국채보상로 447 (대신동)","서문시장큰장네거리","프라자약국","053-563-8828","1930","0830","1930","0830","1930","0830","1930","0830","1930","0830","1900","0830","1700","1000","1900","0830","C1300542","419","25","22436","35.87062112473724","128.57971878575086"
"인천광역시 서구 원당대로 660 (당하동)","프라자약국","032-565-8106","2100","0900","1930","0900","2100","0900","1930","0900","2100","0900","1530","0900","C1402010","226","77","22437","37.5932888053233","126.67429761223"
"강원특별자치도 화천군 화천읍 중앙로7길 5,","일요일 당직표 참고 및 확인후 방문","시내버스터미널 맞은편 화천내과 골목사이","프라자약국","033-442-7733","1800","0800","1800","0800","1800","0800","1800","0800","1800","0800","1300","0900","2000","0900","C2200118","241","24","22438","38.10438303447634","127.70648232954701"
"강원특별자치도 춘천시 중앙로 136 (소양로4가)","춘천보건소 앞","프라자약국","033-241-5255","1920","0830","1920","0830","1920","0830","1920","0830","1920","0830","1630","0830","1700","1000","C2200150","242","76","22439","37.876092047828436","127.72014670469363"
"경상북도 안동시 복주5길 41","공휴일(운영이 일정하지 않아 전화 확인이 필요)","옥동, 롯데리아맞은편","프라자약국","054-855-4811","1900","0830","1900","0830","1900","0830","1900","0830","1900","0830","1400","0830","1230","0800","C2700118","366","59","22440","36.56626818130139","128.6989725651158"
"경상북도 칠곡군 왜관읍 중앙로 207-1","왜관기업은행맞은편","프라자약국","054-973-2510","1800","0900","1800","0900","1800","0900","1800","0900","1800","0900","1400","0900","C2700469","398","91","22441","35.99346758209869","128.3989139164786"
"충청남도 당진시 서부로 242 (채운동)","폐문 시각은 개인 사정에 의해 변동될 수 있습니다.","한우리병원 옆","프라자약국","041-356-6670","1830","0830","1830","0830","1830","0830","1830","0830","1830","0830","1300","0830","C2400634","317","84","22442","36.89408008014391","126.62449693907601"
"제주특별자치도 서귀포시 대정읍 신영로 109","프라자약국","064-792-5557","2000","0800","2000","0800","2000","0800","2000","0800","2000","0800","1900","0800","C2900204","635","08","22443","33.2217954420598","126.253928613019"
"충청남도 천안시 서북구 동서대로 65 (두정동, 두정이진병원,이수병원)","설날 그리고 추석 당일 휴무","두정이진병원 1층","프라자약국","041-561-8119","2300","0830","2300","0830","2300","0830","2300","0830","2300","0830","1800","0830","1300","0830","1300","0830","C2400121","310","99","22444","36.826196668520645","127.13067081491589"
"충청북도 음성군 대소면 오태로 96,","대소초등학교정문입구사거리 / 조은내과","프라자약국","043-877-3663","2100","0800","2100","0800","2100","0800","2100","0800","2100","0800","1800","0800","1800","0900","1800","0900","C2300015","276","68","22445","36.96758263285266","127.4856791277642"
"충청남도 계룡시 엄사면 엄사중앙로 96","계룡프라자 옆","프라자약국","042-841-0713","1830","0900","1830","0900","1830","0900","1830","0900","1830","0900","1300","0900","C2400213","328","04","22446","36.289138888888886","127.242286111111113"
"서울특별시 마포구 신촌로 238, 1층 (아현동)","아현역 4번 출구에서 이대역 방향","프라자약국","02-365-5569","2030","0800","2030","0800","2030","0800","2030","0800","2030","0800","2030","0830","C1100752","041","15","22447","37.5569480905685","126.952149798377"
"전북특별자치도 부안군 부안읍 번영로 156,","부안터미널부근 사거리","프라자약국","063-581-1157","1830","0800","1830","0800","1830","0800","1830","0800","1830","0800","1300","0800","C2500105","563","15","22448","35.72635218737906","126.73760934155302"
"전북특별자치도 전주시 덕진구 백제대로 671 (금암동)","ATDPS 5기 보유 전자동 산제기 보유","전북대학교병원정문앞쪽도로변 연평도해물탕 맞은편","프라자약국","063-255-3344","1830","0800","1830","0800","1830","0800","1830","0800","1830","0800","1200","0930","C2500478","549","07","22449","35.843967863078376","127.14262519053281"
"서울특별시 관악구 봉천로 391, 115호 (봉천동, 두산아파트에이상가)","프라자약국입니다.","두산아파트 상가 115호","프라자약국","02-3285-7294","2030","0900","2030","0900","2030","0900","2030","0900","2030","0900","1400","0900","C1102153","087","50","22450","37.4834714149035","126.943250339993"
"경기도 동두천시 중앙로 211 (생연동)","명절 당일 휴무, 공휴일 내원 시 유선 연락 바람","프라자약국","031-864-2557","1900","0800","1900","0800","1900","0800","1900","0800","1900","0800","1300","0800","C2103040","113","32","22451","37.90057772795227","127.05248596176793"
"경기도 가평군 청평면 청평중앙로 35 (청평면)","일요일,공휴일 전화 학인 후 방문.","프라자약국","031-584-0315","2030","0900","2030","0900","2030","0900","2030","0900","2030","0900","1900","0900","1900","1000","C2102575","124","52","22452","37.737364370062934","127.41855592223015"
"경기도 포천시 일동면 화동로 1064-1","일동농협과일동연세의원사이","프라자약국","031-532-1128","1830","0830","1830","0830","1830","0830","1830","0830","1830","0830","1400","0830","C2103879","111","17","22453","37.95825807989657","127.31830159792557"
"서울특별시 양천구 중앙로32길 55, (신정동)","프라자약국","02-2648-2823","2000","0900","2000","0900","2000","0900","2000","0900","2000","0940","1700","0900","C1100751","080","86","22454","37.519845811447624","126.85972611819537"
"경기도 고양시 일산서구 호수로 817, 지하1층 일부호 (대화동, 레이킨스몰 홈플러스킨텍스점)","운영시간: 매일 10:00~21:30 (둘째, 넷째 수요일 휴무)","일운영홈플러스킨텍스점 지하1층","프라자약국","031-917-3137","2130","1000","2130","1000","2130","1000","2130","1000","2130","1000","2130","1000","2130","1000","2130","1000","C2100105","103","91","22455","37.667923728207405","126.75150042958128"
"서울특별시 금천구 가산디지털1로 168 (가산동)","우림라이온스밸리A동 115호 가산디지탈단지역 9번 출구","프라자약국","02-2026-0011","2010","0845","2010","0845","2010","0845","2010","0845","2010","0845","1400","1000","C1100750","085","07","22456","37.48042869999443","126.88205570526507"
"경기도 안성시 안성맞춤대로 1049, 1층 (서인동)","프라자약국","031-672-2274","1900","0900","1900","0900","1900","0900","1900","0900","1900","0900","1600","0900","1300","0900","C2100806","175","81","22457","37.00645451487597","127.26942089629901"
"대전광역시 서구 문예로 19, 스카이빌딩 1층 (탄방동)","365일 연중무휴 운영","프라자약국","042-477-0222","2300","0900","2300","0900","2300","0900","2300","0900","2300","0900","2300","0900","2300","0900","2300","0900","C1601217","352","60","22458","36.3484355482","127.389841985"
"경기도 양주시 고암길 306-77 (덕정동)","프라자약국","031-858-8464","2200","0900","2200","0900","2200","0900","2200","0900","2200","0900","2200","0900","2200","0900","C2102757","114","56","22459","37.83674330927762","127.06860968562586"
"경기도 파주시 금빛로 24-27, 105,106호 (금촌동, 제일메디칼)","신주공 4,6단지 사이 보행자 도로. 제일메디컬빌딩 1층. 정문옆.","프라자약국","031-957-8275","1800","0900","1800","0900","1800","0900","1800","0900","1800","0900","2100","0900","1800","0900","1300","0900","C2104137","109","15","22460","37.75196817686931","126.76830393261457"
"경기도 부천시 원미구 부천로10번길 14, 1층일부 (심곡동)","대표번호 및 사업자 개인번호 연결x/ 보건소 통해 실제 운영중 확인","부천북부역 광장 안에서 소신여객 가는 일반통행로(택시승강로쪽) 편의점","프라자온누리약국","032-207-7573","2330","0800","2330","0800","2330","0800","2330","0800","2330","0800","2330","0800","2330","0900","2330","0900","C2100322","146","44","22461","37.48520807634202","126.7836480972832"
"전북특별자치도 전주시 완산구 용머리로 57 (효자동1가)","상산고 사거리 1001 안경원건너편 대건신협 옆","프랜드팜남대문약국","063-222-2106","1900","0840","1900","0840","1900","0840","1900","0840","1900","0840","1300","0840","C2500773","550","56","22462","35.80693809029976","127.11635152255187"
"광주광역시 동구 제봉로 48(남동)","프렌즈약국","062-233-0966","1800","0900","1800","0900","1800","0900","1800","0900","1700","0900","C1501360","614","68","22463","35.142792717672","126.920756449928"
"서울특별시 송파구 올림픽로4길 42, 109호 (잠실동, 프리마상가 109호)","프리마상가 109호","프리마약국","02-412-1212","1800","0900","1800","0900","1800","0900","1800","0900","1800","0900","C1100753","055","71","22464","37.50660686783735","127.07438559299179"
"부산광역시 기장군 기장읍 기장해안로 147, 롯데몰 동부산점 1층","13:40~14:10 휴게시간 18:40~19:10 휴게시간","프리미엄아울렛약국","051-901-2552","2100","1030","2100","1030","2100","1030","2100","1030","2100","1030","2100","1030","2100","1030","C1202640","460","84","22465","35.1922144989539","129.212780451607"
"경기도 수원시 권선구 삼천병마로1566번길 11, 103, 104호 (오목천동)","플래티넘약국","031-298-4533","2000","0830","2000","0830","2030","0830","2000","0830","2000","0830","1700","0830","C2109401","166","36","22466","37.2427827087659","126.963657754055"
"광주광역시 남구 회재로 1148 (주월동)","플러스약국","062-412-3533","1900","0900","1900","0900","1900","0900","1900","0900","1900","0900","1330","0900","C1501436","617","29","22467","35.130427633793","126.887380064166"
"울산광역시 북구 호계로 332-1, 현대하이플러스 104호 (신천동)","공휴일 근무는 변동될 수 있습니다.","기업은행, 엔젤리너스건물 1층","플러스약국","052-286-6780","2000","0900","2000","0900","2000","0900","2000","0900","2000","0900","1600","0900","1300","0900","C1700127","442","24","22468","35.63315667094232","129.35009220157582"
"울산광역시 중구 시계탑거리 19 (옥교동)","플러스약국","052-211-5580","2030","0930","2030","0930","2030","0930","2030","0930","2030","0930","2030","0930","1940","0930","1940","0930","C1700645","445","31","22469","35.5543987318","129.3218860654"
"경기도 의정부시 청사로 38","의정부 홈플러스 2층 약국 저녁 10시까지 운영합니다. 동물의약품도 이용 가능합니다.","플러스약국","031-850-8231","2200","1000","2200","1000","2200","1000","2200","1000","2200","1000","2200","1000","2200","1000","2200","1000","C2103639","117","57","22470","37.75216402167281","127.07099785574329"
"경기도 안양시 동안구 흥안대로 524, 삼우프라자 1층 101호 (관양동)","플러스약국","031-425-4215","1800","0900","1800","0900","1800","0900","1800","0900","1800","0900","1300","0900","C2109446","139","43","22471","37.4007473524975","126.977338867378"
"서울특별시 종로구 종로 78, 1층 (종로2가, 미려빌딩)","일요일과 공휴일이 겹치는 경우 운영하지않습니다.","플러스약국","02-733-4163","2200","0900","2200","0900","2200","0900","2200","0900","2200","0900","2200","0900","2000","0900","C1104214","031","90","22472","37.5698795927378","126.986041334865"
"서울특별시 강남구 테헤란로 111, 대건빌딩 1층 일부호 (역삼동)","플러스약국","070-7783-4101","2200","0900","2200","0900","2200","0900","2200","0900","2200","0900","C1107716","061","34","22473","37.4989136957534","127.029260610601"
"서울특별시 마포구 월드컵로 240, 홈플러스 월드컵점 2층 X11, YW호 (성산동)","231108 격주 일요일 휴무","플러스약국","070-4121-9393","2130","1000","2130","1000","2130","1000","2130","1000","2130","1000","2130","1000","2130","1000","2130","1000","C1109934","039","32","22474","37.5682884450841","126.897273034482"
"경기도 성남시 수정구 수정로 162, 1층 일부 (신흥동)","플러스약국","031-757-7447","1830","0900","1830","0900","1830","0900","1830","0900","1830","0900","1500","0900","1300","0900","C2101363","133","38","22475","37.44254913995829","127.13803101257878"
"경상남도 양산시 양산역1길 24, 영동프라자 107호 (중부동)","이마트 부근","플러스약국","055-381-9706","1900","0900","1900","0900","1900","0900","1900","0900","1900","0900","1500","0900","C2800662","506","29","22476","35.336969233705254","129.0276667683717"
"전북특별자치도 군산시 나운안2길 13, (나운동)","현대3차아파트와 나운2동우체국 중간","플러스약국","063-461-4988","1800","0800","1800","0800","1800","0800","1800","0800","1800","0800","1300","0800","C2500594","541","35","22477","35.968183333333336","126.705397222222217"
"서울특별시 구로구 경인로 661 (신도림동, 신도림1차푸르지오)","신도림푸르지오 1차상가 123호","플러스약국","02-3439-8855","2200","0900","2200","0900","2200","0900","2200","0900","2200","0900","2200","0900","C1103917","082","08","22478","37.5096619486431","126.887986372819"
"광주광역시 북구 동문대로 200","광주시북구두암동575번지 홈플러스 지하1층약국","플러스약국","062-266-2664","2200","1000","2200","1000","2200","1000","2200","1000","2200","1000","2200","1000","2200","1000","2200","1000","C1500284","611","65","22479","35.17933994136845","126.9304162927514"
"대전광역시 서구 문정로48번길 58, 1층 (탄방동)","플러스약국","042-482-5525","1900","0800","1900","0800","1900","0800","1900","0800","1900","0800","1700","0800","1300","0900","C1600685","352","62","22480","36.343973187530324","127.38419655303082"
"전라남도 강진군 강진읍 평동2길 30","강진 버스터미널 근처","플러스약국","061-433-4242","1830","0830","1830","0830","1830","0830","1830","0830","1830","0830","1500","0830","1500","0830","C2600667","592","34","22481","34.63774329973186","126.76795249009905"
"전라남도 화순군 화순읍 진각로 125, 동화빌딩 1층","플러스약국","061-374-8272","1800","0700","1800","0700","1800","0700","1800","0700","1800","0700","1300","0700","C2601279","581","19","22482","35.0624701354856","126.986049686114"
"경상북도 경주시 공단로 97 (용강동)","홈플러스 휴점일에 휴업","플러스약국","054-772-3759","2200","1000","2200","1000","2200","1000","2200","1000","2200","1000","2200","1000","2200","1000","2200","1000","C2701399","380","71","22483","35.87344118902905","129.22486480825296"
"경상북도 경산시 경안로 288, 홈플러스 경산점 지하1층 (중방동)","홈플러스 안에 위치한 약국으로 마트 휴무와 동일.","플러스약국","053-817-6475","2200","1000","2200","1000","2200","1000","2200","1000","2200","1000","2200","1000","2200","1000","2200","1000","C2701609","386","12","22484","35.8328253100051","128.735644623423"
"전라남도 목포시 용해지구로 11 (용해동)","파리바게트 근처","플러스약국","061-279-1412","1930","0900","1930","0900","1930","0900","1930","0900","1930","0900","1700","0900","C2600230","586","13","22485","34.81695142292962","126.39815670289468"
"강원특별자치도 강릉시 경강로 2120, 5층 508,509호 (옥천동)","옥천동 홈플러스 5층 508호","플러스약국","033-641-5673","1900","0900","1800","0900","1800","0900","1800","0900","1800","0900","1600","0900","C2200390","255","41","22486","37.75573196041942","128.89847229009197"
"인천광역시 남동구 서창남순환로 223, 130,131호 (서창동, 아페리온 A동)","플러스약국","032-465-0131","2000","0900","1900","0900","1900","0900","2000","0900","2000","0900","1500","0900","1300","0900","C1401638","216","14","22487","37.4248365428","126.7489212937"
"인천광역시 서구 칠천왕로33번길 18 1층","플러스약국","032-575-9917","1830","0900","1830","0900","1830","0900","1830","0900","1830","0900","1330","0900","C1401524","227","89","22488","37.50947728019713","126.6698094237368"
"대구광역시 서구 달구벌대로 1691, 303호 (내당동, M플라자)","광장롯데시네마3층","플러스약국","053-567-5900","1800","0830","1800","0830","1300","0830","1800","0830","1800","0830","1300","0830","C1300985","418","56","22489","35.85569950522684","128.55077842218858"
"인천광역시 연수구 신송로 166, 플러스원프라자 107호 (송도동)","플러스약국","070-4141-8628","1500","0830","1500","0830","1500","0830","1500","0830","1500","0830","C1401470","220","01","22490","37.39844021715328","126.64845530685788"
"대구광역시 달서구 조암로 149, 105호 (대천동)","플러스약국","053-639-8866","1900","0830","1900","0830","1900","0830","1900","0830","1900","0830","1430","0830","C1301518","427","59","22491","35.81810320600001","128.51661478710017"
"대구광역시 남구 중앙대로 230, (대명동)","명덕역2번출구 건너","플러스약국","053-471-0686","1900","0900","1900","0900","1900","0900","1900","0900","1900","0900","1300","0900","1300","0900","C1300492","424","24","22492","35.853737250037135","128.59091925716223"
"대구광역시 중구 공평로 20 (삼덕동2가)","플러스약국","053-257-3717","2000","0930","2000","0930","2000","0930","2000","0930","2000","0930","1700","0900","C1300147","419","40","22493","35.86482281434883","128.60140857047762"
"경기도 평택시 경기대로 1103, 홈플러스 B1층 (장당동)","플러스약국","070-8633-3358","2130","1000","2130","1000","2130","1000","2130","1000","2130","1000","2130","1000","2130","1000","2130","1000","C2109399","177","84","22494","37.0449937580023","127.059471869768"
"충청남도 천안시 서북구 봉정로 370 (두정동)","점심시간은 오후 1:00 ~ 오후 2:00 입니다.","두정초 근처에 위치","플러스약국","041-523-2688","2000","0830","2000","0830","2000","0830","2000","0830","2000","0830","1500","0830","C2400014","311","03","22495","36.834893467558295","127.14581443561555"
"경기도 수원시 권선구 권광로139번길 11, 105(권선동,동양덱스빌상가)","플러스약국","031-898-8172","1900","1000","1900","1000","1900","1000","1900","1000","1900","1000","1500","1000","C2103988","165","71","22496","37.260023364111895","127.03024769209725"
"충청북도 청주시 상당구 사직대로 346, 홈플러스 (서문동)","둘째,넷째주 일요일 휴무","홈플러스 청주성안점 지하2층 내","플러스약국","043-221-2135","2200","1000","2200","1000","2200","1000","2200","1000","2200","1000","2200","1000","2200","1000","2200","1000","C2300932","285","24","22497","36.636015814624145","127.48579482407751"
"경기도 부천시 상동로 90, 313호(상동,메가플러스)","홈플러스 옆 플러스안과건물 3층","플러스약국","032-328-8361","2000","0800","2000","0800","2000","0800","2000","0800","2000","0800","1700","0800","C2100224","145","45","22498","37.50515183237783","126.75374195709928"
"경기도 수원시 장안구 장안로 308(파장동)","수원시장안구율전동이안@사거리","플러스약국","031-546-0095","1900","0830","1900","0830","1300","0830","1900","0830","1900","0830","1400","0900","C2106644","163","47","22499","37.29681433197081","126.9685691527635"
"경기도 고양시 일산동구 일산로316번길 5-5","국립암센터정문맞은편","플러스약국","031-932-1516","2100","0900","2100","0900","2100","0900","2100","0900","2100","0900","1500","0930","C2102944","104","07","22500","37.6640619997911","126.78487555345602"
"경기도 화성시 향남읍 향남로 402","마트 휴무일에만 미운영","플러스약국","031-366-5174","2200","1000","2200","1000","2200","1000","2200","1000","2200","1000","2200","1000","2200","1000","2200","1000","C2103558","186","00","22501","37.130732869031924","126.92185377214818"
"서울특별시 서초구 강남대로53길 7","강남역 5번출구","플러스엔약국","02-511-7255","2100","0900","2100","0900","2100","0900","2100","0900","2100","0900","1800","0900","C1106971","066","26","22502","37.4942643848404","127.028259839376"
"대구광역시 수성구 달구벌대로 2319","플러스온누리약국","053-476-7085","1800","0900","1800","0900","1800","0900","1800","0900","1800","0900","1230","0900","C1300696","420","06","22503","35.859980629174004","128.6165877797947"
"경기도 성남시 중원구 양현로 409, 어반스퀘어 1층 102,103호 (여수동)","플러스온누리약국","031-751-5114","2100","0900","2100","0900","2100","0900","2100","0900","2100","0900","1800","0900","C2108568","134","38","22504","37.4171197166796","127.127403122464"
"경기도 화성시 동탄중앙로 200, 상가동 B1층 (반송동, 메타폴리스)","마트 휴무일에만 미운영","플러스온누리약국","070-8847-7700","2130","1000","2130","1000","2130","1000","2130","1000","2130","1000","2130","1000","2130","1000","2130","1000","C2108031","184","45","22505","37.202776266794636","127.0689475340624"
"부산광역시 남구 수영로 340, (대연동)","대연혁신지구맞은편","플러스온누리약국","051-627-6200","1900","0900","1900","0900","1900","0900","1900","0900","1900","0900","1500","0900","1300","0900","C1200028","485","09","22506","35.13845567852968","129.102954694863"
"경기도 고양시 덕양구 지축로 66, 청우스타시티 103호 (지축동)","플러스유진약국","02-2666-5092","1800","0900","1800","0900","1800","0900","1800","0900","1800","0900","1300","0900","C2110095","105","85","22507","37.6493772478106","126.915382612167"
"전라남도 순천시 신월큰길 7 (조례동) 가동1층","조례동 홈플러스 앞","플러스조은약국","061-727-6900","2100","0900","2100","0900","2100","0900","2100","0900","2100","0900","1600","0900","1600","1000","1800","1000","C2601000","579","46","22508","34.96047839495071","127.52033189425988"
"경기도 용인시 수지구 성복2로 10, 201동 513, 514호 (성복동, 성복역롯데캐슬골드타운)","플러스하야약국","031-5174-4810","1800","0900","1800","0900","1800","0900","1800","0900","1800","0900","C2108901","168","47","22509","37.3112644829202","127.08321416053"
"경기도 시흥시 죽율로 38 (죽율동)","플로라약국","031-319-2703","1900","0830","1730","0830","1900","0830","1730","0830","1900","0830","1230","0830","C2107365","150","50","22510","37.348001426","126.7612851022"
"서울특별시 송파구 송파대로 201, 송파 테라타워2 B동 144호 (문정동)","휴게시간 14:00-15:00","피나팜맑은약국","02-881-5594","1900","1000","1900","1000","1900","1000","1900","1000","1900","1000","C1108032","058","54","22511","37.4877387829749","127.120685887596"
"광주광역시 광산구 수등로 211, 세영빌딩 1층 103호 (신가동)","공휴일 전화 연락 후 방문 요함","피보약국","062-951-6947","1930","0600","1930","0600","1930","0600","1930","0600","1930","0600","1800","0600","1800","0600","C1500570","623","05","22512","35.182285262634714","126.82695092651137"
"울산광역시 남구 삼산로 136 (달동)","처방전조제 및 일반의약품, 의약외품 등 판매","동평사거리 우리은행 건물","피엔비약국","052-248-7973","2100","0900","2100","0900","2100","0900","2100","0900","2100","0900","1500","0900","1500","0900","1500","0900","C1700614","447","25","22513","35.5357992753","129.3223418288"
"경기도 안양시 동안구 평촌대로 371, 1층 (비산동)","안양종합운동장파출소맞은편","피영온누리약국","031-388-5900","2200","0900","2200","0900","2200","0900","2200","0900","2200","0900","2200","0900","2200","0900","C2100594","139","19","22514","37.40383690635338","126.94902972742771"
"서울특별시 마포구 양화로 61, 두암빌딩 1층 (서교동)","합정역 1번출구 바로앞","피크약국","02-3143-6191","1930","0900","1930","0900","1930","0900","1930","0900","1930","0900","1700","0900","1700","1000","1700","1000","C1108719","040","37","22515","37.5508291995608","126.915070906412"
"서울특별시 영등포구 당산로 34","로데오왁 106호","피플팜문래약국","02-2672-9672","1900","0900","1900","0900","2100","1000","2000","0900","1900","0900","1500","0900","C1103596","072","97","22516","37.5174631210953","126.896493699106"
"충청남도 아산시 온천대로 1472 (온천동)","아르방 1층","필그림약국","041-542-8855","1830","0830","1830","0830","1830","0830","1830","0830","1830","0830","1300","0830","C2400589","315","13","22517","36.781644085777096","127.00111815958441"
"경기도 용인시 수지구 대지로 46, 103호 (죽전동,명성빌딩)","필리아약국","031-263-8994","2100","0900","2100","0900","2100","0900","2100","0900","2100","0900","2000","0900","2000","0830","C2103492","168","73","22518","37.32830651052522","127.11451972526713"
"경기도 성남시 중원구 둔촌대로 283 (하대원동)","필리아약국","031-759-9259","2100","0900","2100","0900","2100","0900","2100","0900","2100","0900","C2107533","133","89","22519","37.4297624598","127.1494595477"
"광주광역시 광산구 장신로 141, 115호 (수완동)","필리아약국","062-419-7575","1900","0900","1900","0900","1900","0900","1900","0900","1900","0900","1800","0900","1230","0900","1230","0900","C1500957","622","47","22520","35.19101447146354","126.82562172971688"
"전북특별자치도 정읍시 우암로 11-1 (시기동)","필리아약국","063-538-3021","1700","0830","1700","0830","1700","0830","1700","0830","1700","0830","C2501216","561","62","22521","35.5646228163","126.853972179"
"경기도 동두천시 중앙로 112 (지행동)","지행역1번출구","필약국","031-858-2280","2000","0900","2000","0900","2000","0900","2000","0900","2000","0900","1700","0900","1300","0900","C2103737","113","50","22522","37.891470983947734","127.05263429619697"
"경기도 의정부시 월유로 13, 지석프라자 109호 (산곡동)","필약국","031-822-7749","1800","0900","1800","0900","1800","0900","1800","0900","1800","0900","1300","0900","C2109159","118","00","22523","37.7292347590187","127.110467506587"
"서울특별시 강동구 올림픽로 664, 2층 214,205호 (천호동, 대우 한강 베네시티)","휴게시간 13:00-14:00","필약국","02-485-2812","1330","0800","1330","0800","1330","0800","1330","0800","1700","0800","1300","0800","C1107637","053","28","22524","37.540555377209","127.124975762766"
"대구광역시 수성구 달구벌대로 3117, (시지동)","고산걍북아파트맞은편파티마여성병원옆유스외과의원1층","필약국","053-792-3903","1800","0900","1800","0900","1800","0900","1800","0900","1800","0900","1300","0900","C1300545","422","68","22525","35.84272057493945","128.69817068686297"
"대전광역시 서구 둔산남로 87 1층 4호 (둔산동)","필약국","042-488-6363","1930","0900","1930","0900","1930","0900","1930","0900","1930","0900","1700","0900","1700","0900","1700","0900","C1601301","352","41","22526","36.349309194496","127.387416663153"
"서울특별시 강북구 오현로 193","필약국","02-988-2280","1800","0830","1300","0830","1800","0830","1800","0830","1800","0830","1300","0830","1300","0900","C1100107","011","43","22527","37.6289788662752","127.039332582306"
"서울특별시 관악구 남부순환로 1605, 1층 (신림동)","병의원처방전, 비대면진료, 일반의약품, 동물의약품 판매","필약국","02-6954-0579","1930","0930","1930","0930","1930","0930","1930","0930","1930","0930","1420","0930","C1108454","087","59","22528","37.4843862961147","126.929071163537"
"경기도 김포시 김포한강4로 530, 우승프라자 104호 (구래동)","필약국","070-8899-8009","2100","0900","2100","0900","2100","0900","2100","0900","2100","0900","1500","0900","1500","0900","C2107928","100","71","22529","37.64627585127875","126.62499557251743"
"서울특별시 서대문구 신촌로 91 (창천동)","법정공휴일 휴무","2호선신촌역1번출구앞","필온누리약국","02-332-5935","2130","0900","2130","0900","2130","0900","2130","0900","2150","0900","2100","0900","C1103053","037","89","22530","37.5556018673523","126.936403913793"
"전북특별자치도 익산시 배산로 139 (모현동1가)","필온누리약국","063-855-1248","2100","0900","2100","0900","2100","0900","2100","0900","2100","0900","1800","0900","C2501132","546","54","22531","35.95026695409391","126.94016422269972"
"서울특별시 영등포구 여의대로 108, 파크원 지하1층 (여의도동)","핏타민약국","02-3277-0772","2000","1030","2000","1030","2000","1030","2000","1030","2030","1030","2030","1030","2030","1030","2030","1030","C1110476","073","35","22532","37.5251913154781","126.929112756574"
"경기도 화성시 동탄순환대로 707, 대성프라자 103호,104호 (영천동)","핑크온누리약국","031-376-8276","1800","1000","1800","1000","1800","1000","1800","1000","1800","1000","C2108398","184","72","22533","37.207613336571","127.109644356777"
"전북특별자치도 전주시 완산구 관선1길 7, 1층 (남노송동)","하경약국","063-277-2670","1800","0900","1800","0900","1800","0900","1800","0900","1800","0900","1300","0900","C2501413","550","33","22534","35.8261115420477","127.14109147059"
"서울특별시 노원구 공릉로58가길 8, (하계동)","연촌초등학교후문부근","하계약국","02-949-3016","2000","0900","2000","0900","2000","0900","2000","0900","2000","0900","2000","0900","C1104515","018","09","22535","37.6359214507093","127.072954918979"
"충청남도 서천군 마서면 장산로 851","매주 목요일 휴무","하구둑 입구","하구둑약국","041-956-8920","2030","0930","2030","0930","2030","0930","2030","0930","2030","0930","2030","0930","2030","0930","C2400117","336","57","22536","36.018764217404254","126.73736749850607"
"제주특별자치도 제주시 애월읍 하귀로 35","하귀농협옆","하귀약국","064-713-2927","1800","0830","1800","0830","1800","0830","1800","0830","1800","0830","1230","0900","C2900138","630","51","22537","33.48026162037569","126.40097159699732"
"제주특별자치도 제주시 애월읍 일주서로 7136","야간 및 토요일은 전화 확인 후 내방 부탁드립니다.","하귀 하나로마트","하귀하나로약국","064-742-8434","2000","0800","2000","0800","2000","0800","2000","0800","2000","0800","1900","0800","1800","0900","C2900022","630","54","22538","33.485050362721836","126.41214568290798"
"충청남도 아산시 시장길 32, 103~104호 (온천동)","하나둘약국","041-545-5661","1900","0830","1900","0830","1900","0830","1900","0830","1900","0830","1400","0830","C2401847","315","13","22539","36.7828426952421","127.004246272901"
"광주광역시 북구 설죽로 517","킴스마트앞","하나로21세기약국","062-575-2125","1800","0830","1800","0830","1800","0830","1800","0830","1800","0830","1300","0830","C1500156","610","40","22540","35.20532517268267","126.89712335217067"
"광주광역시 광산구 임방울대로 261, 농수산물유통센터 1층 (신가동)","하나로365약국","050-71356-9385","2100","1000","2100","1000","2100","1000","2100","1000","2100","1000","2100","1000","2100","1000","2100","1000","C1501400","623","07","22541","35.1850279996827","126.818659511821"
"경상북도 구미시 산업로 310, 구미농협파머스마켓 (원평동)","연중무휴","하나로365약국","050-71326-8877","2200","0900","2200","0900","2200","0900","2200","0900","2200","0900","2200","0900","2200","0900","2200","0900","C2701786","392","34","22542","36.1222069595","128.353734832489"
"광주광역시 북구 서하로 386, 1층 (문흥동)","문흥지구사거리슈퍼마트옆","하나로문흥약국","062-267-0089","1900","0830","1900","0830","1900","0830","1900","0830","1900","0830","1700","0830","C1500220","611","33","22543","35.18505671062779","126.92210854191258"
"경상북도 경산시 장산로 263","사동롯데마트옆","하나로약국","053-818-1949","2000","0900","2000","0900","2000","0900","2000","0900","2000","0900","1800","0900","C2700458","385","88","22544","35.81758466145899","128.7531734319282"
"전라남도 강진군 칠량면 칠량로 71","면사무소 옆","하나로약국","061-434-8278","1700","0800","1700","0800","1700","0800","1700","0800","1700","0800","C2600134","592","61","22545","34.57252766000435","126.79900203271292"
"경상북도 문경시 흥덕로 2 (흥덕동)","하나로약국","054-555-0670","1900","0830","1900","0830","1900","0830","1900","0830","1900","0830","1400","0830","C2700161","369","67","22546","36.601759310307536","128.20387359640168"
"대전광역시 서구 계백로 1436, 지하1층 (도마동)","하나로약국","042-582-2411","1800","0830","1800","0830","1800","0830","1800","0830","1800","0830","1230","0830","C1600589","354","02","22547","36.31306999895199","127.38080681384679"
"전라남도 함평군 함평읍 내바람길 42 1층","하나로약국","061-322-0789","1900","0800","1900","0800","1900","0800","1900","0800","1900","0800","1400","0800","C2601169","571","53","22548","35.062593615991354","126.52103379962512"
"전라남도 완도군 완도읍 청해진동로 66","전남완도군완도읍청해진동로66","하나로약국","061-554-2526","2000","0800","2000","0800","2000","0800","2000","0800","2000","0800","2200","0800","2030","0830","2000","0800","C2600503","591","09","22549","34.31766578305958","126.73595662409609"
"경상북도 의성군 의성읍 문소3길 104-1","의성시외버스터미날맞은편","하나로약국","054-832-9909","1900","0830","1900","0830","1900","0830","1900","0830","1900","0830","1400","0830","C2700527","373","37","22550","36.35523534179413","128.69452953316505"
"전라남도 광양시 중마중앙로 75 (중동)","광양중동광양피부과1층","하나로약국","061-793-0076","1830","0900","1830","0900","1830","0900","1830","0900","1830","0900","1240","0900","C2600130","577","88","22551","34.936638584992146","127.69773020444833"
"전북특별자치도 완주군 이서면 이서로 59","이서농협 맞은편","하나로약국","063-222-8814","1800","0900","1800","0900","1300","0900","1800","0900","1800","0900","1230","0900","C2500672","553","66","22552","35.82038731516383","127.02305056857814"
"경상남도 창원시 진해구 진해대로776번길 28, 진해농협종합회관(하나로마트, 약국코너) (석동)","하나로약국","055-551-8079","2000","0900","2000","0900","2000","0900","2000","0900","2000","0900","2000","0900","2000","0900","2000","0900","C2802254","516","58","22553","35.1566068522976","128.698127976239"
"전북특별자치도 정읍시 중앙로 160, 정읍하나로약국 (시기동)","하나로약국","0635368575","1730","0830","1730","0830","1230","0830","1730","0830","1730","0830","1230","0830","C2501289","561","64","22554","35.56505748408441","126.85567011461963"
"경상남도 창녕군 남지읍 낙동로 498-2, 2층 (남지읍)","하나로약국","055-526-0447","1830","0830","1830","0830","1830","0830","1830","0830","1830","0830","1300","0830","1400","1000","C2802107","503","60","22555","35.3888156937934","128.47878223449"
"충청북도 청주시 청원구 충청대로 176 (주성동)","다나여성병원 맞은편","하나로약국","043-216-0055","1830","0900","1830","0900","1830","0900","1830","0900","1830","0900","1300","0900","C2300992","283","18","22556","36.67186520719215","127.49652195158589"
"전북특별자치도 익산시 하나로 432, (어양동)","일요일(1,3,5주)","고려정형외과 건물1층","하나로약국","063-832-9991","1830","0800","1830","0800","1830","0800","1830","0800","1830","0800","1600","0800","1600","0800","C2500131","545","53","22557","35.958941666666668","126.981949999999998"
"전북특별자치도 군산시 중앙로 194","기업은행 앞","하나로약국","063-442-5533","1800","0900","1800","0900","1800","0900","1800","0900","1800","0900","1200","0900","C2500194","540","21","22558","35.988469629624994","126.70976764756415"
"충청남도 당진시 당진중앙3로 72 (읍내동)","하나로약국","041-354-0468","1830","0830","1830","0830","1830","0830","1830","0830","1830","0830","1330","0830","C2401301","317","77","22559","36.89224628803199","126.62982497538627"
"충청북도 보은군 보은읍 보은로 97","충북보은군보은읍삼산리99-3","하나로약국","043-542-1339","1800","0830","1800","0830","1800","0830","1800","0830","1800","0830","1300","0830","C2300353","289","51","22560","36.4833334360497","127.717544566551"
"경상남도 김해시 칠산로 128 (신문동, 김해농수산물종합유통센타)","하나로약국","055-314-0778","2100","0930","2100","0930","2100","0930","2100","0930","2100","0930","2100","0930","2100","0930","2100","0930","C2801866","510","11","22561","35.183848972608835","128.83637943100413"
"충청북도 단양군 단양읍 삼봉로 299","단양","하나로약국","043-423-8833","1900","0900","1900","0900","1900","0900","1900","0900","1900","0900","1800","0900","2000","0900","2000","0900","C2300185","270","10","22562","36.98357168620757","128.36892529780232"
"경기도 남양주시 퇴계원읍 퇴계원로 117, 염광빌딩 101호","하나로약국","031-571-7579","1800","0900","1800","0900","1800","0900","1800","0900","1800","0900","1600","0900","C2102342","121","20","22563","37.656610802124845","127.14360493868449"
"경기도 양주시 고덕로 280 (고읍동)","하나로약국","031-821-3471","2200","1000","2200","1000","2200","1000","2200","1000","2200","1000","2200","1000","2200","1000","2200","1000","C2107506","114","59","22564","37.8011756436","127.071811816"
"대전광역시 대덕구 계족로664번길 27 101호","한마음아파트 상가","하나로약국","042-673-5049","1900","0900","1900","0900","1900","0900","1900","0900","1900","0900","1500","0900","C1600033","343","97","22565","36.37094855156785","127.43130473950869"
"경기도 성남시 중원구 산성대로 526","하나로약국","031-732-1082","2000","0900","2000","0900","2000","0900","2000","0900","2000","0900","1730","0900","1400","0900","1400","0900","C2103770","131","57","22566","37.45764882311788","127.16461197716579"
"울산광역시 남구 번영로180번길 2 (달동)","명안과후문","하나로약국","052-260-9162","1800","0900","1800","0900","1800","0900","1800","0900","1800","0900","1230","0900","1130","0900","C1700047","680","805","22567","35.54126630026294","129.32723121820456"
"울산광역시 울주군 범서읍 장검길 10, 2층 (범서읍)","굴화리 원예농협마트 2층","하나로약국","052-221-1229","2030","1000","2030","1000","2030","1000","2030","1000","2030","1000","2030","1000","2030","1000","2030","1000","C1700283","449","33","22568","35.55754463624849","129.2539932737825"
"경기도 고양시 덕양구 충장로 134, 106호(행신동,아이프라자)","하나로약국","031-971-9052","1900","0900","1900","0900","1900","0900","1900","0900","1900","0900","1430","0900","1300","0900","C2102310","104","95","22569","37.624393971126175","126.83494638814071"
"서울특별시 영등포구 영등포로 208-1 (영등포동4가)","하나로약국","02-2679-9696","1900","0900","1900","0900","1900","0900","1900","0900","1900","0900","1400","0900","C1104068","073","01","22570","37.5196670871439","126.904432418117"
"대전광역시 서구 구봉로 111, 하나로마트 1층 (관저동)","5월 1일(근로자의 날), 설.추석 당일만 휴무 2025년 10월 3일~10월 9일(10월 6일 추석당일 제외) 약국운영 합니다.","남대전 하나로 마트 내","하나로약국","070-4110-1757","2000","1000","2000","1000","2000","1000","2000","1000","2000","1000","2000","1000","2000","1000","2000","1000","C1601332","353","82","22571","36.2967284388253","127.33565906342"
"경기도 파주시 후곡로 1 (금촌동, 경기빌딩)","원형로타리우리은행빌딩내","하나로약국","031-949-7053","2100","0830","2100","0830","2100","0830","2100","0830","2100","0830","2000","0830","2000","0900","C2102321","109","24","22572","37.757349032183654","126.77400486701589"
"서울특별시 도봉구 마들로11길 20 (창동)","하나로약국","02-903-0903","2100","0900","2100","0900","2100","0900","2100","0900","2100","0900","2100","0900","2100","0900","2100","0900","C1107631","014","13","22573","37.655110585923","127.050831341385"
"인천광역시 부평구 경원대로 1436, 1층 (부평동)","부평굴다리오거리","하나로약국","032-528-4196","2100","0900","2100","0900","2100","0900","2100","0900","2100","0900","1930","0900","C1400798","214","04","22574","37.49087148444929","126.728505132332"
"서울특별시 서초구 청계산로 10 (양재동)","양재동 현대자동차본사뒤 농협하나로클럽 1층","하나로약국","02-578-4955","2030","0830","2030","0830","2030","0830","2030","0830","2030","0830","2030","0930","2030","0930","2030","0930","C1100672","067","97","22575","37.4632288044056","127.043530153585"
"서울특별시 강서구 양천로 677, 1층 (염창동, 염창하이츠빌딩)","하나로약국","02-3662-3500","1930","0900","1930","0900","1930","0900","1930","0900","1930","0900","1400","0900","C1100670","075","42","22576","37.5513728079184","126.871952248872"
"서울특별시 은평구 연서로 277-1","하나로약국","02-388-6397","1830","0840","1830","0840","1830","0840","1830","0840","1830","0840","1400","0840","C1102392","033","42","22577","37.6211500612626","126.925190629065"
"경기도 평택시 팽성읍 부용로55번길 3","하나로약국","031-655-1112","1900","0900","1900","0900","1900","0900","1900","0900","1900","0900","1900","0900","C2102109","179","88","22578","36.96500198515532","127.0610140857755"
"경기도 이천시 이섭대천로 1278 (창전동)","공휴일은 유동적으로 운영함","금강병원옆","하나로약국","031-633-4696","2100","0900","2100","0900","2100","0900","2100","0900","2100","0900","2230","0730","2200","1000","C2101128","173","57","22579","37.28444843606138","127.44744886138122"
"경기도 화성시 봉담읍 동화길 81-16, 수원농협하나로마트 봉담점 1층","하나로약국","031-291-3477","1800","1000","1800","1000","1800","1000","1800","1000","1800","1000","C2107827","183","02","22580","37.217602529039866","126.95907495131247"
"충청북도 괴산군 괴산읍 괴강로 24","아성교통건물1층","하나로약국","043-832-3004","1900","0830","1900","0830","1900","0830","1900","0830","1900","0830","1400","0830","C2300373","367","805","22581","36.80922290643728","127.7972672695152"
"충청북도 청주시 서원구 모충로 1 (개신동)","충북대병원앞","하나로약국","043-272-3635","2000","0830","2000","0830","2000","0830","2000","0830","2000","0830","1330","0900","C2300121","286","66","22582","36.624945770219846","127.46413273212367"
"경기도 부천시 중동로 258, 금강프라자 101호 (중동)","하나로약국","032-326-5358","2100","0900","2100","0900","2100","0900","2100","0900","2100","0900","2100","0900","2100","0900","C2109179","145","48","22583","37.50285421315","126.769284029652"
"충청남도 천안시 서북구 직산읍 직산로 33","직산농협 옆","하나로약국","041-583-5475","1800","0800","2100","0800","1700","0800","1800","0800","2100","0800","1300","0800","C2400432","330","816","22584","36.88032246189415","127.15314622705912"
"경기도 수원시 권선구 서부로 1937, 수원 농수산물 종합유통센터 지하1층 (구운동)","하나로약국","031-293-3113","2100","0900","2100","0900","2100","0900","2100","0900","2100","0900","2100","0900","2100","0900","2100","0900","C2106576","164","04","22585","37.28300286325828","126.96725781264806"
"충청북도 청주시 상당구 낭성면 무성길 10","하나로약국","043-283-5760","1900","0900","1900","0900","1900","0900","1900","0900","1800","0900","1800","0900","C2300277","281","92","22586","36.640868835853766","127.57709758247658"
"경기도 수원시 영통구 중부대로448번길 100","하나로약국","031-213-3998","2000","0900","2000","0900","2000","0900","2000","0900","2000","0900","1400","0900","C2104414","165","19","22587","37.26689687956801","127.05913582291478"
"경기도 용인시 기흥구 구갈로 70, 107호 (구갈동, 메가타운)","구갈메가타운107호 / 기흥구청 앞에서 하나은행 건물 1층","하나로약국","031-274-4146","2000","0900","2000","0900","2000","0900","2000","0900","2000","0900","1600","0900","C2103359","169","72","22588","37.28055433017919","127.11167796051376"
"경기도 수원시 장안구 경수대로 971, 103호 (송죽동, 봉주빌딩)","북수원한일타운앞경기일보와한국병원사이","하나로약국","031-242-0121","2200","0900","2200","0900","2200","0900","2200","0900","2200","0900","2200","0900","2200","0900","2200","0900","C2101013","163","04","22589","37.30413121856446","127.00454794078754"
"경기도 용인시 처인구 백암면 백암로 217, 1층(유진빌딩)","하나로약국","031-321-9129","2000","0830","2000","0830","2000","0830","2000","0830","2000","0830","1800","0830","1700","0900","C2101405","449","862","22590","37.165455555555553","127.373644444444437"
"경기도 김포시 감정로 1, 1층 (감정동, 원정빌딩)","감정동홈플러스 옆 하나로사거리에 위치한 건물 1층","하나로약국","031-985-3289","2000","0900","2000","0900","2000","0900","2000","0900","2000","0900","1300","0900","C2103555","101","05","22591","37.62320930865161","126.70010438828915"
"경기도 군포시 광정로 68, 109~111호 (산본동, 산본시네마빌딩)","산본중심상가(구)산본시네마","하나로약국","031-399-0445","2000","1000","2000","1000","2000","1000","2000","1000","2000","1000","2100","0900","2000","1000","2100","0900","C2100881","158","65","22592","37.35923233603498","126.93036780530742"
"대구광역시 중구 달구벌대로 지하 2100, 반월당역 W129, 130호 (덕산동)","하나로약국","053-525-4989","2100","0900","2100","0900","2100","0900","2100","0900","2100","0900","2100","0900","2100","0900","2100","0900","C1301633","419","57","22593","35.8644213158621","128.593340834492"
"대구광역시 동구 아양로50길 113, 1층 (효목동)","효목시장내대구은행맞은편","하나로약국","053-952-4030","2100","0900","2100","0900","2100","0900","2100","0900","2100","0900","2000","0900","1900","1500","2100","0900","C1301032","411","72","22594","35.88255321303209","128.6426512156326"
"대구광역시 남구 중앙대로 228","대구교육대학맞은편","하나로약국","053-472-8275","2000","0900","2000","0900","2000","0900","2000","0900","2000","0900","1600","0900","C1300792","424","24","22595","35.853595600460615","128.59101708667254"
"부산광역시 사하구 낙동남로 1408, 1층 (하단동)","버스정류장: 강서프라임병원옆","하나로약국","051-206-8880","1915","0900","1915","0900","1915","0900","1915","0900","1915","0900","1600","0900","C1201163","494","27","22596","35.1058810208916","128.96571643442252"
"서울특별시 중랑구 망우로 192 (상봉동)","하나로약국","02-439-0323","2100","0900","2100","0900","2100","0900","2100","0900","2100","0900","2100","0900","2100","0900","2100","0900","C1100668","021","19","22597","37.5931925050475","127.074144907488"
"서울특별시 노원구 초안산로 7, 105호(월계동, 월계2단지주공아파트종합상가)","주공아파트주공2단지상가 104호","하나로약국","02-908-6994","2030","0840","2030","0840","2000","0900","2030","0840","2030","0840","2030","0840","C1100671","018","81","22598","37.6285961166942","127.054923907821"
"경상북도 김천시 자산로 147 (평화동)","구정, 추석 당일만 휴무. 제외한 모든요일 운영","약국","하나로마트안","하나로약국","054-434-8875","2200","0900","2200","0900","2200","0900","2200","0900","2200","0900","2200","0900","2200","0900","2200","0900","C2701398","395","85","22599","36.124010594904405","128.1173989305908"
"전라남도 장흥군 장흥읍 동교1길 33,","토요일 14:00-17:00 잠시 닫음","장흥읍광주은행사거리","하나로약국","061-863-1588","2130","0830","2130","0830","2130","0830","2130","0830","2130","0830","2200","0900","2200","0830","2130","0900","C2600193","593","24","22600","34.67790501623826","126.90898305145128"
"경상북도 안동시 강남5길 10","강남동, 안동농협마트 강남지점 건물","하나로약국","054-852-4819","2100","0900","2100","0900","2100","0900","2100","0900","2100","0900","2100","0900","C2700366","367","51","22601","36.55099172980009","128.7356880115202"
"전라남도 담양군 담양읍 추성로 1303","하나의원 옆.","하나로약국","061-381-7588","1800","0830","1800","0830","1230","0830","1800","0830","1800","0830","1200","0830","C2600516","573","41","22602","35.319803693132805","126.98062610638313"
"전라남도 목포시 원산중앙로 46 (산정동)","중앙시장 근처","하나로약국","061-274-8780","2100","0830","2100","0830","2100","0830","2100","0830","2100","0830","1800","0830","C2600268","586","36","22603","34.80910174948349","126.37704418191879"
"전라남도 나주시 봉황면 봉황로 759","봉황면사무소입구아래20M","하나로약국","061-331-0032","1630","0800","1630","0800","1630","0800","1630","0800","1630","0800","1230","0800","C2600709","583","07","22604","34.95831687445631","126.78492989133194"
"강원특별자치도 강릉시 연곡면 진고개로 2742, 북강릉농협하나로마트 1층","하나로약국","033-662-0525","1800","0900","1800","0900","1800","0900","1800","0900","1800","0900","1800","0900","2000","0900","C2201024","254","28","22605","37.85854281542298","128.83875238387938"
"전라남도 순천시 연향중앙상가길 29, 1층 (연향동)","동부상설시장4거리/현대2차아파트건너편","하나로약국","061-723-0313","2300","0830","2300","0830","2300","0830","2300","0830","2300","0830","2300","0830","2200","0900","2200","0900","C2600315","579","67","22606","34.95103816125171","127.52014306711483"
"세종특별자치시 조치원읍 도원2로 39","일요일 및 공휴일 휴무 휴게시간 13:00-14:00","일요일 및 공휴일 휴무 휴게시간 13:00-14:00","조치원읍 신흥리","하나로약국","044-863-2231","1930","0830","1930","0830","1930","0830","1930","0830","1930","0830","1400","0830","C1800032","300","31","22607","36.59270664117913","127.28701797365343"
"강원특별자치도 춘천시 동내면 공지로 76","로데오거리 부근","하나로약국","033-264-5959","1900","0900","1900","0900","1900","0900","1900","0900","1900","0900","1300","0900","C2200578","244","04","22608","37.85414994620154","127.75103779703036"
"대구광역시 달성군 화원읍 성천로 9 (달성하나로클럽)","하나로약국","053-636-6009","2150","0950","2150","0950","2150","0950","2150","0950","2150","0950","2150","0950","2150","0950","2150","0950","C1301291","429","45","22609","35.79929061130134","128.4871823276214"
"인천광역시 미추홀구 토금중로 13, (용현동)","인하대병원근방","하나로약국","032-882-9796","1930","0900","1930","0900","1930","0900","1930","0900","1930","0900","1500","0900","C1400553","221","86","22610","37.45390724534063","126.63559194015441"
"부산광역시 북구 금곡대로 469 (금곡동)","버스정류장: 금곡동하나로클럽","하나로약국","051-868-9810","2030","0930","2030","0930","2030","0930","2030","0930","2030","0930","2030","0930","2030","0930","2030","0930","C1202192","465","19","22611","35.25002436515667","129.01121750083541"
"전북특별자치도 전주시 덕진구 비석날로 20, 농협하나로마트 1층 (여의동)","하나로약국","063-000-0000","2100","0900","2100","0900","2100","0900","2100","0900","2100","0900","2100","0900","2100","0900","2100","0900","C2501350","548","54","22612","35.8532223090871","127.078084165862"
"부산광역시 남구 용호로 134","용호동 사거리 부산은행옆/버스정류장:용호3동 주민센터","하나로약국","051-621-0528","2100","0900","2100","0900","2100","0900","2100","0900","2100","0900","2100","0900","C1201419","485","28","22613","35.12023134584159","129.11189144352073"
"대전광역시 유성구 테크노4로 133","365일 영업합니다.","관평초등학교 맞은편 우리은행 건물 1층","하나로약국","042-935-3467","2100","0830","2100","0830","2100","0830","2100","0830","2100","0830","2100","0830","1800","0930","1800","0930","C1600079","340","19","22614","36.42297832035386","127.38824045629228"
"제주특별자치도 제주시 서광로 189","한국병원옆신호등사거리","하나로약국","064-726-0282","1700","0900","1700","0900","1700","0900","1700","0900","1700","0900","1300","0900","C2900023","631","83","22615","33.500195410104844","126.51664861497238"
"광주광역시 북구 북문대로 37, (운암동)","운암동문예회관맞은편","하나로약국","062-515-5566","1900","0800","1900","0800","1900","0800","1900","0800","1900","0800","1600","0800","C1500413","612","61","22616","35.17490856774428","126.88129342665441"
"경상북도 포항시 북구 흥해읍 초곡지구로71번길 6-3, (주)알마트","매 2주, 4주 마트 휴일만 휴무","하나로약국","054-262-2611","2200","1000","2200","1000","2200","1000","2200","1000","2200","1000","2200","1000","2200","1000","C2700860","375","58","22617","36.08216716535075","129.3984368144512"
"광주광역시 북구 서하로 175 (오치동)","광주북구오치4거리","하나로오치약국","062-251-5877","1830","0900","1830","0900","1230","0900","1830","0900","1830","0900","1230","0900","C1500085","610","55","22618","35.18744992158556","126.89985453763961"
"서울특별시 관악구 은천로 38 (봉천동)","국회단지 입구","하나로온누리약국","02-875-8005","2000","0900","2000","0900","2000","0900","2000","0900","2000","0900","1530","0900","C1102152","087","49","22619","37.4860441474069","126.93942599805"
"경기도 남양주시 진접읍 해밀예당1로 28, 진접농협 103-4호","하나로온누리약국","0315225588","1800","0900","1800","0900","1800","0900","1800","0900","1800","0900","C2108922","120","67","22620","37.7112459531024","127.186171542711"
"광주광역시 북구 북문대로 39(운암동)","공휴일 유동적 운영으로 전화후 방문 필요","문화예술회관맞은편","하나로운암약국","062-511-3001","1830","0830","1830","0830","1830","0830","1830","0830","1830","0830","1320","0830","1200","0900","C1500588","612","61","22621","35.17508748061607","126.8810571449819"
"경기도 부천시 신흥로 187, 1층 (중동, 부천농업협동조합)","부천농협 부근","하나로이화약국","032-329-0702","2000","0900","2000","0900","2000","0900","2000","0900","2000","0900","1800","0900","C2100188","145","80","22622","37.500284661036396","126.77642113860443"
"광주광역시 북구 무등로 264, (중흥동)","하나로중흥약국","062-514-0975","1800","0900","1800","0900","1800","0900","1800","0900","1800","0900","1200","0900","C1500046","612","35","22623","35.16320922898723","126.91200195136682"
"서울특별시 송파구 오금로 504, 1층 (거여동)","하나메디칼약국","02-449-7230","2000","0900","2000","0900","2000","0900","2000","0900","2000","0900","1800","0900","C1110439","057","73","22624","37.4928541028823","127.144647366813"
"서울특별시 강서구 금낭화로 91-2 (방화동)","대승프라자 105호","하나메디칼약국","02-2661-1210","1830","0900","1830","0900","1830","0900","1830","0900","1830","0900","1330","0900","C1102393","075","16","22625","37.5736503862521","126.811081371114"
"경기도 광주시 경충대로1422번길 12-1, 동성CMA상가 104호 (쌍령동)","동성아파트 CMA상가 1동 104호","하나약국","031-765-0199","2000","0900","2000","0900","2000","0900","2000","0900","2000","0900","1700","0900","C2103531","127","92","22626","37.3973475477301","127.27663832494113"
"경기도 평택시 포승읍 서동대로 1124, 1층(우일빌딩)","하나약국","031-681-0641","1600","0900","1600","0900","1600","0900","1600","0900","1600","0900","1600","0900","1400","0900","C2102065","179","65","22627","36.98067265723646","126.87989787538627"
"울산광역시 동구 바드래1길 46, 108동 101호 (전하동, 전하 KCC스위첸)","울산대학교 병원 신관 주차타워에서 가장 가깝습니다. 한마음회관 바로 맞은편에 있는 하나약국 입니다. 조제되는 동안 편하게 대기하실 수 있는 넉넉한 공간과 편안한 소파가 준비되어 있습니다. 영양제 전문회사인 그린스토어도 입점되어 있어 전문 상담 영양사에게 영양제 관련 상담을 받으실 수 있습니다.","하나약국","052-236-7004","1830","0830","1830","0830","1830","0830","1830","0830","1830","0830","C1700678","440","33","22628","35.5177435958737","129.427742290223"
"경기도 남양주시 화도읍 맷돌로 93, 104호","하나약국","031-595-9846","1900","0900","1900","0900","1900","0900","1900","0900","1900","0900","1600","0900","1400","0900","C2106999","121","65","22629","37.658291400346506","127.30073024185307"
"울산광역시 울주군 언양읍 읍성로 7","평화요양병원 옆","하나약국","052-254-5332","1930","0830","1930","0830","1930","0830","1930","0830","1930","0830","1500","0900","C1700026","449","45","22630","35.5653979342843","129.11719172195558"
"경기도 의정부시 태평로 6, 1층 (의정부동)","하나약국","031-829-0966","1830","0900","1830","0900","1830","0900","1830","0900","1830","0900","1530","0900","C2103454","116","98","22631","37.7336006755879","127.04867653855484"
"울산광역시 북구 화봉로 67 (화봉동, 경남은행)","화봉시장 사거리 경남은행 옆","하나약국","052-287-4441","1900","0900","1900","0900","1900","0900","1900","0900","1900","0900","1400","0900","C1700142","442","41","22632","35.588583333333332","129.366191666666680"
"경기도 용인시 수지구 수지로296번길 47 (풍덕천동)","하나약국","031-304-8914","2130","0900","2130","0900","2130","0900","2130","0900","2130","0900","2100","0900","C2101785","168","41","22633","37.32172947381571","127.09402582182332"
"대전광역시 대덕구 계족산로 5 (중리동)","하나약국","042-638-1919","1900","0830","1900","0830","1900","0830","1900","0830","1900","0830","1630","0830","C1600415","344","11","22634","36.361757220612496","127.43212756212605"
"서울특별시 강북구 삼양로 613, 우암빌딩 1층 (우이동)","우이동덕성여대지나그린파크중간올림픽웨딩홀앞(현하나은행)","하나약국","02-900-0455","1900","0900","1900","0900","1900","0900","1900","0900","1900","0900","1500","0900","C1100801","010","05","22635","37.6576624493687","127.013381129301"
"서울특별시 동작구 여의대방로24길 30 (신대방동)","보라매역 2번출구/참새어린이공원 앞","하나약국","02-823-8336","1930","0900","1930","0900","1930","0900","1930","0900","1930","0900","1500","0900","C1100815","070","56","22636","37.4978168241412","126.921826141155"
"경기도 이천시 안흥로 70, 1층 (갈산동)","연중무휴, 점심(12:00~13:00), 저녁(17:00~18:00) 휴게시간 있습니다","하나약국","031-634-9399","2100","0800","2100","0800","2100","0800","2100","0800","2100","0800","2100","0800","2100","0800","2100","0800","C2107278","173","59","22637","37.2840923797","127.4553106791"
"대전광역시 서구 월평서로 11, 신신빌딩 (월평동)","하나약국","042-719-7530","1930","0900","1930","0900","1930","0900","1930","0900","1930","0900","1400","0900","C1601197","352","26","22638","36.3545344478","127.3576527709"
"서울 도봉구 마들로 697 (도봉동)","하나약국","02-954-1504","2000","0830","2000","0830","2000","0830","2000","0830","2000","0830","1800","0830","C1106925","013","28","22639","37.6727319939767","127.046404978167"
"경기도 군포시 산본로323번길 16-15, 301호 (산본동, 광림프라자)","하나약국","031-399-2357","1830","0930","1830","0930","1830","0930","1830","0930","1830","0930","1600","0930","C2100953","158","65","22640","37.359406044571635","126.931586730476"
"인천광역시 부평구 길주로 378, 문명빌딩 1층 일부호 (산곡동)","하나약국","032-508-7414","1910","0900","1910","0900","1910","0900","1910","0900","1910","0900","1410","0900","C1401930","213","61","22641","37.5083194912292","126.704040916536"
"서울특별시 중랑구 면목로 419, 1층 (면목동)","면목역1번출구건너편","하나약국","02-495-0222","2100","0900","2100","0900","2100","0900","2100","0900","2100","0900","2000","0900","C1103865","021","46","22642","37.5893716462554","127.086982040873"
"서울특별시 서초구 서초중앙로 147 (서초동)","하나약국","02-591-3619","1930","0900","1930","0900","1930","0900","1930","0900","1930","0900","1400","0930","C1100679","065","96","22643","37.4948756733211","127.013058470945"
"서울특별시 광진구 천호대로 632, 노블레스 빌 1층 101 일부호 (능동)","하나약국","02-446-5898","1830","0900","1830","0900","1830","0900","1830","0900","1830","0900","1330","0900","C1109905","049","87","22644","37.5536949418835","127.087359969705"
"서울특별시 동대문구 천호대로 273, 1층 2호 (답십리동)","답십리역 1번출구 바로앞","하나약국","02-2212-0034","1800","0900","1800","0900","1800","0900","1800","0900","1800","0900","1300","0900","C1108313","026","03","22645","37.5678368392544","127.052048442916"
"서울특별시 송파구 송파대로 111, 205동 305호 (문정동, 파크하비오)","하나약국","02-2043-1204","2010","0900","2110","0900","2010","0900","2010","0900","1410","0900","C1107790","058","37","22646","37.481408355417386","127.12255874499704"
"서울특별시 강남구 압구정로 224 (신사동)","우미빌딩 207호","하나약국","02-543-6650","1900","0900","1900","0900","1600","0900","1900","0900","1900","0900","1330","0900","C1100677","060","23","22647","37.5285627338967","127.032148474509"
"서울특별시 은평구 진관3로 20 (진관동)","하나약국","02-388-1600","1930","0830","1930","0830","1930","0830","1930","0830","1930","0830","1500","0830","C1107570","033","06","22648","37.6389140677896","126.918896464275"
"서울특별시 중구 무교로 32, 4층 (무교동, 효령빌딩)","청계광장 인근","하나약국","02-755-5155","1900","0900","1900","0900","1900","0900","1900","0900","1900","0900","1200","0900","C1104504","045","21","22649","37.5687660094097","126.97956155404"
"서울특별시 강동구 양재대로 1466, 1층 102호 (길동)","하나약국","02-436-2666","2100","0900","2100","0900","2100","0900","2100","0900","2100","0900","2100","0900","C1107598","053","52","22650","37.5367597031589","127.139869723538"
"경기도 시흥시 장곡로37번길 16 (장곡동)","연성중앙병원옆,한사랑산부인과건물1층","하나약국","031-318-4613","2230","0900","2230","0900","2230","0900","2230","0900","2230","0900","2230","0900","2200","0900","C2102137","150","02","22651","37.37802805918847","126.7844318858013"
"전북특별자치도 남원시 동림로 28-1 (동충동)","동문사거리에서 중앙초 방향(코사마트 옆)","하나약국","063-625-1569","1715","0815","1715","0815","1230","0815","1715","0815","1715","0815","1215","0815","C2500677","557","59","22652","35.41113824522368","127.3897040638976"
"경기도 고양시 덕양구 행신로 266, 1층 103호 (행신동, 월드타워)","가라뫼사거리 코너 기업은행건물 1층","하나약국","031-970-3040","1900","0900","1300","1000","1300","1000","1300","1000","1300","1000","1500","0900","1900","1000","C2103371","104","86","22653","37.618761878724754","126.84467220078616"
"경기도 성남시 분당구 미금일로 71, 101호 (구미동, 하나빌딩)","하나약국","031-716-3459","1900","0900","1900","0900","1900","0900","1900","0900","1900","0900","1600","0900","C2103518","136","32","22654","37.34560889320632","127.11180581419383"
"부산광역시 연제구 아시아드대로46번길 15 (거제동, 현대타운아파트)","오전10오후15시 20250128","버스정류장: 거제2동새마을금고","하나약국","051-503-8102","1830","0830","1830","0830","1830","0830","1830","0830","1830","0830","1200","0830","C1201355","475","25","22655","35.1889184496374","129.06896089448813"
"충청북도 청주시 청원구 내수읍 내수로 643","하나약국","043-218-7582","1930","0900","1930","0900","1930","0900","1930","0900","1930","0900","1430","0900","C2300336","281","43","22656","36.720800029267735","127.53066367503133"
"충청북도 영동군 영동읍 중앙로4길 8, 하나약국","영동읍군농협맞은편","하나약국","043-744-7785","1900","0830","1900","0830","1900","0830","1900","0830","1900","0830","C2300001","291","45","22657","36.17489422942025","127.77746190962384"
"충청북도 진천군 진천읍 중앙동로 87, 하나빌딩 1층 104호","하나약국","043-533-3798","2000","0900","2000","0900","2000","0900","2000","0900","2000","0900","1900","0900","C2301141","278","33","22658","36.8577155374269","127.444565917579"
"경기도 안산시 상록구 해양1로 15, 상가1동 211호 (사동, 안산고잔6차푸르지오)","하나약국","031-501-0448","2200","0900","2200","0900","2200","0900","2200","0900","2200","0900","2100","0900","C2100558","155","94","22659","37.296348765456344","126.82100998752965"
"충청남도 천안시 서북구 검은들3길 46, 110호 (불당동)","하나약국","041-569-3488","1900","0830","1900","0830","1900","0830","1900","0830","1900","0830","1400","0830","C2401454","311","63","22660","36.8106176898","127.1086785542"
"경기도 부천시 경인로 565 (괴안동)","메디홀스의원 옆","하나약국","032-347-0303","2000","0900","2000","0900","2000","0900","2000","0900","2000","0900","1700","0900","1700","1000","C2100440","146","77","22661","37.486948095543546","126.81736952850284"
"경기도 남양주시 진접읍 장현로 101","하나로마트에서20미터","하나약국","031-572-6665","1900","0900","1900","0900","1900","0900","1900","0900","1900","0900","1530","0900","C2102276","120","14","22662","37.7191703007362","127.18299040249974"
"경기도 화성시 봉담읍 와우로 24, 1층 108,109호 (봉담읍)","하나약국","031-225-2570","2100","0800","2100","0800","2100","0800","2100","0800","2100","0800","1600","0900","1600","0900","C2108032","183","20","22663","37.21457803276734","126.96906296150941"
"경기도 안양시 만안구 삼덕로 6 (안양동)","하나약국","031-441-8466","1830","0830","1830","0830","1830","0830","1830","0830","1830","0830","1330","0830","C2100640","139","99","22664","37.393755555555558","126.924258333333327"
"경기도 수원시 권선구 삼천병마로 1601 (오목천동)","하나약국","031-292-5146","1900","0900","1900","0900","1900","0900","1900","0900","1900","0900","1600","0900","C2101838","166","34","22665","37.24548590663563","126.96332026742958"
"경기도 평택시 서정북로 79, 신광빌딩 (서정동)","365일 연중 무휴임.","서정성세병원옆","하나약국","031-611-4048","2200","0900","2200","0900","2200","0900","2200","0900","2200","0900","2200","0900","2200","0900","C2101342","177","66","22666","37.07102881715747","127.05819938070387"
"경기도 하남시 미사강변동로 73 , 미사강변 노블레스 112호 (망월동)","하나약국","031-8027-9191","2200","0830","2200","0830","2200","0830","2200","0830","2200","0830","1600","0830","1600","0830","C2107483","129","13","22667","37.5615453153","127.1930033719"
"경기도 수원시 영통구 동수원로 524 (매탄동)","하나약국","031-211-1181","1800","0900","1800","0900","1800","0900","1800","0900","1800","0900","C2101527","165","25","22668","37.27306466986431","127.04778316706685"
"경기도 안성시 공도읍 승두길 43-1,","하나약국","031-652-6368","1900","0830","1900","0830","1900","0830","1900","0830","1900","0830","1300","0830","C2103400","175","62","22669","36.99893707732092","127.17121106685198"
"부산광역시 동래구 온천장로 123-1, 1층 일부호 (온천동, 드림메디컬)","1호선 온천장역 5번출구","하나약국","051-555-0200","1930","0900","1930","0900","1930","0900","1930","0900","1930","0900","1400","0900","C1202234","477","08","22670","35.22170855481113","129.08477639757422"
"부산광역시 사하구 감천로 46, 1층 (감천동)","버스정류장: 삼성여고","하나약국","051-201-0215","2000","0900","2000","0900","2000","0900","2000","0900","2000","0900","1600","0900","C1200889","494","45","22671","35.09084497063683","128.9968363808873"
"대구광역시 동구 송라로 3, (신천동)","청구네거리","하나약국","053-421-5401","1830","0830","1830","0830","1800","0830","1830","0830","1830","0830","1230","0800","C1300903","412","68","22672","35.86829162515603","128.61850619739667"
"인천광역시 연수구 먼우금로188번길 12, 이리옴3빌딩 106,107,108호 (연수동)","하나약국","032-815-0153","1930","0900","1930","0900","1930","0900","1930","0900","1930","0900","1500","0900","C1401884","219","27","22673","37.4134105785596","126.676505994809"
"부산광역시 강서구 신호산단2로 21, 106호 (신호동)","공휴일 전화 후 방문요망","버스정류장: 신호농협","하나약국","051-973-1175","2100","0900","2100","0900","2100","0900","2100","0900","2100","0900","1800","0900","1400","0900","C1202355","467","59","22674","35.0870735943","128.8778129108"
"부산광역시 해운대구 해운대로 409, 부산성모안과병원 104호 (우동)","공휴일근무는 변동가능","성모안과 1층","하나약국","051-744-1888","1830","0900","1830","0900","1830","0900","1830","0900","1830","0900","1500","0900","C1200347","480","64","22675","35.167511111111111","129.140713888888882"
"부산광역시 금정구 수림로 13, 1층 (부곡동, 동원빌딩)","1호선 장전역 4번 출구","하나약국","051-582-1300","2000","0900","2000","0900","2000","0900","2000","0900","2000","0900","1700","0900","C1202365","462","76","22676","35.239275539173484","129.0909376878683"
"부산광역시 금정구 식물원로 59, 1층 102호 (장전동, BK오피스텔)","버스정류장: 장전2동사무소 맞은편","하나약국","051-512-2420","1800","0900","1800","0900","1800","0900","1800","0900","1800","0900","1430","0900","C1200312","462","99","22677","35.225237406293246","129.08185947644202"
"부산광역시 해운대구 좌동순환로 174 (좌동)","버스정류장: 해운대교육청","하나약국","051-704-9393","2000","0900","2000","0900","2000","0900","2000","0900","2000","0900","1800","0900","1800","0900","C1201331","480","78","22678","35.177621964239805","129.17505827064525"
"부산광역시 수영구 수영로 621 (광안동, 부광)","2호선 광안역 2번출구","하나약국","051-517-6373","1800","0830","1800","0830","1800","0830","1800","0830","1800","0830","1300","0830","C1200011","482","53","22679","35.16124937841649","129.11362380287338"
"서울특별시 노원구 동일로203가길 29, 258호,259호 (중계동, 브라운스톤중계)","브라운스톤 238,239호","하나약국","02-976-7258","1900","0900","1900","0900","1900","0900","1900","0900","1900","0900","1400","0830","C1103418","017","79","22680","37.6398759609875","127.06428375943"
"부산광역시 부산진구 복지로 77 (개금동)","토요일 2, 4째주만 운영함","버스정류장: 백병원 정문앞","하나약국","051-896-9393","1800","0800","1800","0800","1800","0800","1800","0800","1800","0800","1300","0800","C1200112","473","92","22681","35.14637016743083","129.01999383964377"
"부산광역시 기장군 기장읍 차성로 436","일, 공휴일 전화 후 방문요망","버스정류장: 기장 교리초등학교 정문에서 이진캐스빌방향","하나약국","051-724-7761","1920","0820","1920","0820","1920","0820","1920","0820","1920","0820","1420","0820","C1201198","460","55","22682","35.254401272870695","129.21782470492008"
"부산광역시 영도구 태종로 107, 영도오션트라움 105호 (영선동1가)","하나약국","0519751200","1830","0830","1830","0830","1830","0830","1830","0830","1830","0830","1300","0830","C1202821","490","36","22683","35.0913073200108","129.042740161086"
"충청북도 충주시 탄금대로 138","롯데마트 근처 김훈신경외과 옆","하나약국","043-852-1107","1900","0830","1900","0830","1900","0830","1900","0830","1900","0830","1400","0830","1300","0830","C2300239","273","61","22684","36.98000049702054","127.91538741837954"
"부산광역시 기장군 장안읍 월내2길 3","버스정류장: 월내농협","하나약국","051-923-8899","1830","0900","1830","0900","1730","0900","1830","0900","1830","0900","1300","0900","C1202455","460","37","22685","35.32784679550505","129.2787406926787"
"전북특별자치도 전주시 덕진구 호성1길 10 (우아동3가)","에프엠마트옆,소망가정의학과의원아래","하나약국","063-242-1166","2100","0900","2100","0900","2100","0900","2100","0900","2100","0900","1330","0900","C2500811","549","05","22686","35.85598480316721","127.1553062095484"
"부산광역시 동래구 안락로 12 (안락동)","4호선 충렬사역 4번출구","하나약국","051-528-4477","2030","0900","2030","0900","2030","0900","2030","0900","2030","0900","1900","0900","1900","1030","C1200193","477","86","22687","35.2007926266","129.0984524291"
"경상북도 상주시 중앙로 196 (남성동)","하나약국","054-536-0119","1800","0900","1800","0900","1800","0900","1800","0900","1800","0900","1300","0900","C2700100","371","96","22688","36.415571174162125","128.15992299855776"
"경상북도 경산시 백자로 77, 1층 (사동)","2021.04.01 전화연결 안됨","하나약국","053-811-1090","1900","0900","1900","0900","1900","0900","1900","0900","1900","0900","1400","0900","C2701625","386","00","22689","35.8127383847071","128.75521617563"
"광주광역시 광산구 목련로 89, 101호 (월곡동)","하나약국","062-951-0200","2000","1000","2000","1000","2000","1000","2000","1000","2000","1000","1400","1000","C1501326","623","33","22690","35.1723828487636","126.807479145962"
"광주광역시 남구 봉선로 2","백운로타리국제호텔쪽","하나약국","062-653-7581","1900","0900","1900","0900","1900","0900","1900","0900","1900","0900","1300","0900","C1500184","616","97","22691","35.13279898325089","126.90168372540302"
"전라남도 영광군 영광읍 신남로 186-29","보훈병원 근처 삼성병원 앞.","하나약국","061-351-7722","1300","0800","1300","0800","1300","0800","1300","0800","1300","0800","1300","0800","C2600188","570","43","22692","35.27719588977413","126.50097184983733"
"강원특별자치도 원주시 문막읍 문막시장1길 41, 1층 (문막읍)","문막시장 연세신경외과 건너편","하나약국","033-735-6633","2000","0800","2000","0800","2000","0800","2000","0800","2000","0800","1900","0800","1900","1100","1900","0900","C2200500","263","73","22693","37.306269517863036","127.81608777004007"
"전라남도 보성군 벌교읍 홍암로 80","벌교터미널 앞에 있습니다.회정리 440-3","하나약국","061-857-6076","1800","0800","1800","0800","1800","0800","1800","0800","1800","0800","1230","0800","C2600532","594","26","22694","34.84691310831878","127.35131331732518"
"서울특별시 금천구 가산디지털2로 144, 101-1호 (가산동)","하나약국","02-851-1125","2000","0830","2000","0830","2000","0830","2000","0830","2000","0830","1430","0900","C1110464","085","03","22695","37.4810281626186","126.879311225819"
"강원특별자치도 삼척시 중앙로 178 (남양동)","강남정형외과 옆","하나약국","033-575-5688","1800","0900","1800","0900","1800","0900","1800","0900","1800","0900","1300","0900","C2200453","259","29","22696","37.43923079710166","129.16821612265787"
"강원특별자치도 춘천시 남춘천새길 42, 상가동 101호 (석사동, 세경5차아파트)","하나약국","033-264-0019","1900","0830","1900","0830","1900","0830","1900","0830","1900","0830","1630","0830","C2200994","243","81","22697","37.86234527480002","127.73727975179999"
"경상북도 구미시 금오대로 292 (오태동)","하나약국","054-451-7778","1930","0850","1930","0850","1930","0850","1930","0850","1930","0850","1300","0850","1300","0850","1300","0850","C2700576","393","62","22698","36.07076039094864","128.34884350565142"
"인천광역시 남동구 포구로 75, 101호 (논현동, 송원빌딩)","소래초등학교옆신메디칼1층","하나약국","032-426-0617","1500","0900","1500","0900","1500","0900","1500","0900","1500","0900","1500","0900","C1400458","216","69","22699","37.405132093381916","126.73575995681813"
"강원특별자치도 강릉시 강릉대로 163 (교동)","교1동 교동사거리 터미널방향 이종화외과 옆","하나약국","033-641-5796","1800","0830","1800","0830","1800","0830","1800","0830","1800","0830","1300","0830","C2200335","255","05","22700","37.75744059175051","128.88851178482562"
"전라남도 화순군 화순읍 칠충로 141-7, 114동 106호 (힐스테이트 화순)","하나약국","061-371-2223","1900","0830","1900","0830","1900","0830","1900","0830","1900","0830","1400","0830","C2601301","581","20","22701","35.0611415349641","126.983387234764"
"인천광역시 서구 단봉로 107, 성우프라자 102호 (왕길동)","단봉초등학교 맞은편","하나약국","032-563-1558","1400","0900","1400","0900","1400","0900","1400","0900","1400","0900","1400","0900","C1400792","226","57","22702","37.5973910803","126.639694525"
"대구광역시 수성구 달구벌대로 2570, 215호 (만촌동, 수성아크로타워)","하나약국","053-741-8258","1840","0830","1830","0830","1830","0830","1930","0830","1830","0830","1400","0830","C1301131","420","90","22703","35.8583726183","128.6441313298"
"세종특별자치시 조치원읍 새내로 68","조치원읍 남리","하나약국","044-866-8569","1830","0900","1830","0900","1830","0900","1830","0900","1830","0900","1300","0900","C1800030","300","27","22704","36.5979004865","127.298883628"
"대구광역시 달서구 월배로 218","상인역3번출구앞","하나약국","053-639-3616","1900","0900","1900","0900","1900","0900","1900","0900","1900","0900","1600","0900","C1300580","427","85","22705","35.8185072694909","128.5373459258652"
"경상북도 칠곡군 왜관읍 중앙로 240","하나약국","054-974-0812","2000","0900","2000","0900","2000","0900","2000","0900","2000","0900","1700","0900","1500","0900","C2700961","398","87","22706","35.99635726691412","128.39920947401765"
"전라남도 목포시 청호로 8, (호남동)","그린산부인과옆","하나약국","061-243-5355","1800","0830","1800","0830","1800","0830","1800","0830","1800","0830","1500","0830","1500","0830","C2600524","587","12","22707","34.79612952260099","126.3865751063289"
"대구광역시 서구 달서로 188 (비산동)","북비산네거리","하나약국","053-557-0075","1800","0900","1800","0900","1800","0900","1800","0900","1800","0900","1300","0900","C1300691","417","94","22708","35.879121215714484","128.57150917717556"
"인천광역시 계양구 경명대로 1116, 104호(계산동,하나상가)","계산역 4번출구 앞에 천냥부페웨딩홀 부근에 하나아파트 상가 1층","하나약국","032-541-7005","1900","0900","1900","0900","1900","0900","1900","0900","1900","0900","1900","0900","2000","0900","C1400150","210","56","22709","37.542733333333331","126.731155555555560"
"부산광역시 북구 덕천로 235-1 (만덕동)","버스정류장: 그린코아 사거리","하나약국","051-342-5820","1930","0900","1930","0900","1930","0900","1930","0900","1930","0900","1600","0900","C1200175","465","63","22710","35.21083037015237","129.0300408861344"
"대구광역시 중구 달구벌대로 2109, 1층 (덕산동,현대빌딩)","반월당역12번출구외환은행건물1층","하나약국","053-422-2368","1900","0900","1900","0900","1900","0900","1900","0900","1900","0900","1500","0900","C1300394","419","43","22711","35.8655054329831","128.59451115356808"
"서울특별시 구로구 구로동로 179 (구로동)","구로119안전센터 옆","하나약국","02-851-9945","2100","0900","2100","0900","2100","0900","2100","0900","2100","0900","2100","0900","2100","0900","C1100676","082","82","22712","37.4944529165006","126.882542067811"
"충청북도 옥천군 옥천읍 금장로 21,","하나약국","043-731-0600","1800","0800","1800","0800","1800","0800","1800","0800","1800","0800","1300","0800","1230","0800","C2300520","290","38","22713","36.30225344907442","127.56693689676243"
"광주광역시 북구 용주로30번길 10, (용봉동)","용봉환화꿈에그린아파트 방향","하나약국","062-512-1127","2000","0900","2000","0900","2000","0900","2000","0900","2000","0900","1900","0900","C1500086","611","81","22714","35.18135283220236","126.90141001375741"
"경상남도 진주시 초장로14번길 20 1층 (초전동)","하나약국","055-754-2945","2130","0830","2130","0830","2130","0830","2130","0830","2130","0830","2130","0830","C2800300","527","34","22715","35.2050731594","128.1144127617"
"경상남도 산청군 신안면 지리산대로 3464-1, 1층 좌측호","하나약국","055-972-4933","1900","0900","1900","0900","1900","0900","1900","0900","1900","0900","C2802296","522","49","22716","35.3036604138104","127.970864363682"
"경상북도 포항시 북구 포스코대로 288, 1층 (죽도동)","하나약국","054-614-7575","2000","0900","2000","0900","2000","0900","2000","0900","2000","0900","1600","0900","C2700793","377","55","22717","36.020083955367014","129.3552702121426"
"대전광역시 중구 계백로 1626-1, (유천동)","유천동고가도로옆(현대아파트건너편)","하나약국","042-586-3669","1830","0830","1830","0830","1830","0830","1830","0830","1830","0830","1300","0830","C1600309","349","66","22718","36.31897085082347","127.40067965101362"
"대전광역시 동구 우암로 172, (성남동)","성남동4거리농협1층","하나약국","042-635-9639","1830","0900","1830","0900","1830","0900","1830","0900","1830","0900","1300","0900","C1600077","345","93","22719","36.3408267310561","127.43654769341893"
"전라남도 무안군 일로읍 일로로 69-1","읍내 일로초등학교 앞.","하나약국","061-282-0236","1720","0820","1720","0820","1720","0820","1720","0820","1720","0820","1230","0820","C2600592","585","74","22720","34.849873025279216","126.49462033065865"
"경기도 파주시 가람로 49, 104호 (와동동)","하나약국","031-946-1011","2000","0900","2000","0900","2000","0900","2000","0900","2000","0900","1300","0900","C2106529","108","70","22721","37.73452143888241","126.75560707875411"
"경상북도 성주군 초전면 대장길 74 (초전면)","하나약국","054-933-7586","1900","0830","1900","0830","1900","0830","1900","0830","1900","0830","1400","0830","C2701431","400","14","22722","35.9715154021","128.2643462838"
"경상북도 경주시 화랑로 105(동부동)","신한은행사거리","하나약국","054-744-7216","1800","0900","1800","0900","1800","0900","1800","0900","1800","0900","1230","0900","C2700826","381","45","22723","35.8448181349346","129.212361616283"
"경상북도 영천시 강변로 38","하나약국","054-332-1639","1800","0900","1800","0900","1800","0900","1800","0900","1800","0900","1230","0900","C2700205","388","85","22724","35.9607429614222","128.9267380610801"
"전라남도 광양시 진상면 학연로 10","진상의원 근처","하나약국","061-772-1989","1300","0800","1300","0800","1300","0800","1300","0800","1300","0800","1300","0800","C2600568","577","07","22725","35.019127300450045","127.71939513673462"
"강원특별자치도 동해시 삼화로 9-1 (이로동, 하나약국)","하나약국","070-7722-8240","1700","1000","1700","1000","1700","1000","1700","1000","1700","1000","1600","1000","C2200449","257","45","22726","37.48733894602266","129.0684365660623"
"경상북도 예천군 예천읍 효자로 123,","하나약국","054-652-7575","1800","0900","1800","0900","1800","0900","1800","0900","1800","0900","1330","0900","C2700801","368","21","22727","36.6583071245","128.4569811751"
"전북특별자치도 익산시 서동로 157, 1층 (마동)","하나약국","063-722-1112","1800","0900","1800","0900","1800","0900","1800","0900","1800","0900","1300","0800","C2501518","545","97","22728"
"제주특별자치도 제주시 연북로 99, 1층 (연동, 365빌딩)","연북로95... 연동 365의원 서측","하나약국","0647482800","2300","0900","2300","0900","2300","0900","2300","0900","2300","0900","2300","0900","2300","0900","2300","0900","C2900213","631","36","22729","33.48207552973677","126.49198181152539"
"서울특별시 관악구 쑥고개로 70, 1층 (봉천동)","하나약국","02-533-5287","2000","0900","2000","0900","2000","0900","2000","0900","2000","0900","1600","0900","C1110496","088","30","22730","37.4793603701447","126.944171484048"
"전북특별자치도 김제시 요촌1길 97, (요촌동)","장외과 맞은편","하나약국","063-544-0106","1740","0810","1740","0810","1600","0810","1740","0810","1740","0810","1230","0810","C2500159","543","90","22731","35.800683333333332","126.885711111111107"
"경상남도 창원시 진해구 신항4로 47-26, 마린타워 105.106호 (용원동)","하나약국","055-544-3431","1830","0900","1830","0900","1830","1400","1830","0900","1830","0900","1300","0900","C2802179","516","11","22732","35.0877131478174","128.815382921209"
"경기도 안산시 단원구 삼일로 310, 서울프라자 346,347호 (선부동)","하나약국","031-410-9556","1800","0900","1800","0900","1800","0900","1800","0900","1800","0900","1300","0900","C2109993","153","68","22733","37.3338266949984","126.812099422926"
"경상남도 밀양시 중앙로 227-1 (삼문동)","하나약국","055-352-6540","1400","0900","1400","0900","1400","0900","1400","0900","1400","0900","C2801878","504","40","22734","35.484049439","128.758004067"
"전북특별자치도 정읍시 우암로 20 (시기동, 농협중앙회)","하나약국","063-538-6656","1800","0800","1800","0800","1800","0800","1800","0800","1800","0800","C2501234","561","62","22735","35.5652613451","126.8543107663"
"경상남도 양산시 평산로 11, 104호 (평산동)","하나약국","055-363-8828","1830","0900","1830","0900","1830","0900","1830","0900","1830","0900","C2801970","505","49","22736","35.3813010842","129.1537456266"
"전북특별자치도 군산시 공단대로 388 (나운동)","군산우리들소아과 1층, 보건소사거리,","하나약국","063-465-4555","1800","0830","1800","0830","1800","0830","1800","0830","1800","0830","1230","0900","C2500313","541","39","22737","35.96243649913751","126.6995107728429"
"충청남도 서산시 고운로 157, 서산 축협 1층 (동문동)","하나약국","041-681-7210","2000","0830","2000","0830","2000","0830","2000","0830","2000","0830","1800","0830","1400","0830","C2401711","319","82","22738","36.7835421793574","126.453455900553"
"충청남도 공주시 무령로 301 (옥룡동)","설, 추석당일만 휴무","GS수퍼마켓 대각선 맞은편","하나약국","041-856-2333","1900","0900","1900","0900","1900","0900","1900","0900","1900","0900","1500","0900","1800","1000","1800","1000","C2400345","314","805","22739","36.45621158530363","127.13308117106214"
"충청남도 서천군 서천읍 충절로49번길 11-5, 1층 (서천읍)","서천특화시장 앞 신농씨 한의원2층","하나약국","041-953-2034","1800","0815","1800","0815","1800","0815","1800","0815","1800","0815","1300","0815","C2400644","336","42","22740","36.07559483342527","126.68831352218612"
"전북특별자치도 부안군 부안읍 부령로 29,","혜선병원 밑","하나약국","063-582-5656","1730","0830","1730","0830","1730","0830","1730","0830","1730","0830","1330","0830","C2500444","563","04","22741","35.731995844189626","126.74638730552641"
"충청남도 보령시 번영로 32 (대천동)","경남사거리","경남사거리","하나약국","041-936-1164","1900","0810","1900","0810","1900","0810","1900","0810","1900","0810","1430","0810","C2400446","334","55","22742","36.351345265821","126.592494196323"
"부산광역시 남구 용호로198번길 2 (용호동)","버스정류장: 용호2동주민센터","하나약국","051-624-4780","1900","0900","1900","0900","1900","0900","1900","0900","1900","0900","1700","0900","C1200810","485","68","22743","35.11481315284466","129.1108177877349"
"대구광역시 북구 동북로 163, 201/212(산격동,대우아파트)","일요일은 정해져있지 않으므로 하게 되면 보건소에 보고함 (09:00~14:00)","하나온누리약국","053-383-8766","1830","0900","1830","0900","1830","0900","1830","0900","1830","0900","1300","0900","C1300780","415","19","22744","35.89950859083088","128.6110875244469"
"경기도 화성시 남양읍 남양로930번길 2-5, 102,103호","하나온누리약국","031-357-1751","1830","0900","1830","0900","1830","0900","1830","0900","1830","0900","1400","0900","C2108561","182","55","22745","37.2184609107729","126.832526112975"
"경기도 용인시 수지구 현암로 128, 센타프라자 106호 (죽전동)","하나온누리약국","031-266-8778","2000","0900","2000","0900","2000","0900","2000","0900","2000","0900","C2108366","168","80","22746","37.3314735249199","127.123499318147"
"인천광역시 부평구 마장로 430, 102호 (청천동)","하나온누리약국","032-501-0598","1900","0900","1900","0900","1900","0900","1900","0900","1900","0900","1400","0900","C1401995","213","12","22747","37.5165076141119","126.704510809357"
"서울특별시 성북구 화랑로 95 (하월곡동, 새서울신용협동조합)","동덕여대입구","하나온누리약국","02-914-0035","2030","0830","2030","0830","2030","0830","2030","0830","2030","0830","1600","0830","C1102395","027","51","22748","37.6032755633561","127.042449271849"
"인천광역시 서구 가정로 309, 1층 (석남동)","강남시장 입구","하나온누리약국","032-571-6956","2100","0900","2100","0900","2100","0900","2100","0900","2100","0900","1900","0900","C1400757","227","85","22749","37.51205763023198","126.6723588271092"
"경상남도 창원시 진해구 진해대로776번길 25, 103호 (이동, 상보빌딩)","연중무휴 365일 09시~20시","주말, 공휴일, 명절 9시~20시 연중무휴 365 운영합니다","하나온누리약국","055-545-2112","2000","0900","2000","0900","2000","0900","2000","0900","2000","0900","2000","0900","2000","0900","2000","0900","C2801896","516","59","22750","35.156409342","128.6985237491"
"경상북도 구미시 야은로 267, 연세빌딩 1층 (봉곡동)","하나온누리약국","054-456-2019","1900","0900","1900","0900","1900","0900","1900","0900","1900","0900","1600","0900","1300","0900","C2701539","392","11","22751","36.13978372192443","128.31253309858"
"경기도 구리시 경춘로 239, 리맥스빌딩 6층 605-2호 (인창동)","하나온누리약국","031-557-9731","1800","0830","1800","0830","1800","0830","1800","0830","1800","0830","1400","0830","C2106753","119","22","22752","37.60131048204601","127.14010395175305"
"경기도 김포시 김포한강8로 165, 107호 (마산동, 하모니프라자)","하나온누리약국","031-989-1768","1900","0900","1900","0900","1900","0900","1900","0900","1900","0900","C2107413","100","68","22753","37.6372155206","126.6435719184"
"경기도 남양주시 늘을1로16번길 25, 1003호 (호평동, 성보빌딩)","일요일,공휴일 전화확인","하나온누리약국","031-593-2961","1830","0840","1830","0840","1830","0840","1830","0840","1830","0840","1330","0840","1330","0840","C2103369","121","49","22754","37.65407445655306","127.24290172553005"
"충청북도 청주시 흥덕구 2순환로 1256, 강서밀레니엄타워 102호, 103호 (강서동)","하나정문약국","043-237-2053","1900","0830","1900","0830","1900","0830","1900","0830","1900","0830","1300","0830","C2301277","283","78","22755","36.624075506304","127.431080126385"
"전북특별자치도 전주시 덕진구 조경단로 97, 105호 (금암동)","하나큰약국","063-271-2647","1915","0830","1915","0830","1915","0830","1915","0830","1915","0830","1330","0830","C2501244","548","99","22756","35.8429352037","127.1386373705"
"강원특별자치도 강릉시 경강로 2110 (임당동)","임당동 롯데리아 옆 동아빌딩1층(하나은행 옆)","하나태평양약국","033-647-7989","2000","0830","2000","0830","2000","0830","2000","0830","2000","0830","1300","0830","1300","0830","C2200338","255","40","22757","37.755385311034445","128.89762267918297"
"충청남도 천안시 서북구 불당대로 260, 105호 (쌍용동, 하이렉스타운)","하이렉스파 건물 1층","하나팜약국","041-571-9799","1900","0900","1900","0900","1900","0900","1900","0900","1900","0900","1300","0900","C2400087","311","73","22758","36.799761196881704","127.12453084749745"
"경기도 김포시 돌문로 50-20, 102호 (사우동, 로얄프라자)","사우동 연세내과건물 후문 앞 위치 (로얄프라자 건물1층)","하나팜약국","031-989-7354","1930","0830","1930","0830","1930","0830","1930","0830","1930","0830","1530","0830","C2100350","101","08","22759","37.620088888888887","126.718113888888894"
"충청남도 홍성군 홍성읍 내포로 8,","하나빌딩 1층","하나프라자약국","041-632-1636","1830","0800","1830","0800","1830","0800","1830","0800","1830","0800","1300","0800","C2400297","322","30","22760","36.6009184885","126.6661810471"
"경기도 의정부시 평화로 228 (호원동)","하나프라자약국","031-875-4952","1900","0900","1900","0900","1900","0900","1900","0900","1900","0900","1500","0900","C2108858","117","10","22761","37.7122035905653","127.047778043264"
"충청남도 당진시 당진중앙1로 111","구터미널 롯데리아 건너편","하나프라자약국","041-354-3543","1830","0830","1830","0830","1830","0830","1830","0830","1830","0830","1400","0830","C2400658","317","70","22762","36.89501714618447","126.63020051905045"
"경기도 하남시 하남대로 843, 신정프라자 109호 (덕풍동)","하남다나약국","031-794-3378","1800","0900","1800","0900","1800","0900","1800","0900","1800","0900","C2108756","129","67","22763","37.5426602605211","127.20429314697"
"경기도 하남시 미사대로 750, 스타필드 하남 2층 2119호 (신장동)","휴업: 2018.10.15~12.27","하남스타약국","031-8072-8578","2200","1000","2200","1000","2200","1000","2200","1000","2200","1000","2200","1000","2200","1000","2200","1000","C2107201","129","42","22764","37.545435315507106","127.22374081417725"
"광주광역시 광산구 용아로379번길 49 (산정동)","하남애플약국","062-954-9242","2100","0900","2100","0900","2100","1300","2100","0900","2100","0900","2100","0830","2100","0900","C1501136","623","35","22765","35.1763899086","126.8015542523"
"경기도 하남시 신장로 143, 1층 우측호 (덕풍동)","하남올리브약국","031-791-4882","1800","0900","1800","0900","1800","0900","1800","0900","1800","0900","1300","0900","C2110024","129","76","22766","37.5387461375941","127.202412811421"
"부산광역시 사하구 하신번영로 199, 1층 (신평동)","신평메디칼1층","하남우리들약국","051-206-4422","1900","0900","1900","0900","1900","0900","1900","0900","1900","0900","1400","0900","C1201132","494","31","22767","35.09879574168846","128.95843307918508"
"광주광역시 광산구 손재로110번길 24, (산정동)","하남역 부근","하남종로약국","062-952-0567","2100","0900","2100","0900","2100","0900","2100","0900","2100","0900","2100","0900","2100","1700","2100","1700","C1500514","623","39","22768","35.17573800328841","126.79842717235212"
"경기도 하남시 덕풍서로 70, 하남풍산지구 이마트 3층 (덕풍동)","하남시이마트내 2층","하남중앙약국","031-794-7588","2200","1000","2200","1000","2200","1000","2200","1000","2200","1000","2200","1000","2200","1000","2200","1000","C2101158","129","27","22769","37.552752435193554","127.20536036938327"
"광주광역시 광산구 용아로399번길 51, 1층 102호 (하남동)","하남중앙약국","062-953-9975","2130","0900","1930","0900","2130","0900","2130","0900","2130","0900","1430","0900","C1501112","623","36","22770","35.1771532147","126.8031244487"
"경기도 하남시 하남대로 851, 2층 (덕풍동)","덕풍시장입구 (신길쪽)","하남태평양약국","031-795-3004","2100","0900","2100","0900","2100","0900","2100","0900","2100","0900","1500","0900","C2101109","129","66","22771","37.543085064191764","127.20356968543947"
"경기도 하남시 대청로 29 (신장동, 대유빌딩)","1층","하남프라자약국","031-796-2259","1900","0900","1900","0900","1900","0900","1900","0900","1900","0900","1400","0900","C2103099","129","47","22772","37.54101579105366","127.21557394309164"
"인천광역시 중구 하늘달빛로 84, 파크원 105호 (중산동)","영종도 하늘신도시 유일, 365일 연중무휴 약국입니다.","하늘365약국","032-751-0365","2400","0900","2400","0900","2400","0900","2400","0900","2400","0900","2400","0900","2400","0900","2400","0900","C1401923","224","02","22773","37.4867502659962","126.558143403016"
"경기도 수원시 장안구 이목로 24","평일 9:00~19:00, 토요일 9:00~13:30, 일요일 및 공휴일 휴무 매달 첫번째 목요일 9:00~13:00 (오후휴무) 입니다","정자동 SK스카이뷰아파트 단지내 2상가 (1번Gate","하늘M약국","031-306-6199","1900","0900","1900","0900","1900","0900","1900","0900","1900","0900","1330","0900","C2103493","163","36","22774","37.30859865038571","126.98482246070405"
"인천광역시 중구 신도시남로 137, 1층 (운서동)","공휴일 유동적 운영","인천광역시 경제자유구역청 관리약국","검암역 근처","하늘그린약국","032-752-3112","2100","1300","2100","1300","2100","1300","2100","1300","2100","1300","2230","0900","2200","1000","C1400147","223","71","22775","37.493653583971174","126.49017953107241"
"서울특별시 구로구 서해안로 2096, 청솔프라자 101호 (항동)","하늘꿈약국","02-2616-4737","2000","0900","2000","0900","1800","0900","2000","0900","2000","0900","1400","0900","C1109489","083","68","22776","37.479763405519","126.822891045092"
"경기도 광명시 오리로 518","하늘다래온누리약국","02-899-5572","1830","0900","1830","0900","1830","0900","1830","0900","1830","0900","1330","0830","C2100090","143","16","22777","37.44818633016363","126.88201961690541"
"인천광역시 중구 하늘별빛로65번길 8-11, 메이채프라자 102호 (중산동)","하늘바다약국","032-746-8956","2000","0900","2000","0900","2000","0900","2000","0900","2000","0900","1400","0900","1400","0900","C1401792","223","97","22778","37.489457684391446","126.56242840793723"
"경기도 용인시 수지구 광교중앙로 338, 광교우미뉴브 R202호 (상현동)","하늘빛약국","050-71408-0095","1800","1000","1800","1000","1800","1000","1800","1000","1800","1000","C2108484","169","42","22779","37.3002908790829","127.071317060091"
"전라남도 순천시 조례1길 10-27, 1층 (조례동)","하늘빛약국","061-726-0895","1930","0830","1930","0830","1930","0830","1930","0830","1930","0830","1630","0830","C2601241","579","47","22780","34.959629207577","127.521991509044"
"경기도 성남시 중원구 광명로 176, 상가동 1층 106호 (중앙동, 신흥역하늘채랜더스원아파트)","하늘빛약국","031-733-3507","1800","0900","1800","0900","1800","0900","1800","0900","1800","0900","1300","0900","C2109426","132","56","22781","37.4390780520767","127.147743782372"
"충청북도 청주시 청원구 오창읍 과학산업2로 385 (오창읍)","스타벅스 과학단지점","하늘샘약국","043-213-0225","1900","0900","1900","0900","1900","0900","1900","0900","1900","0900","1400","0900","C2301102","281","15","22782","36.71649408417013","127.4232712745325"
"경상남도 거제시 연초면 거제대로 4469","공휴일은 전화문의 후 방문","하늘샘약국","055-635-2338","1900","0830","1900","0830","1900","0830","1900","0830","1900","0830","1400","0830","C2800024","532","09","22783","34.89878688755428","128.64400705282614"
"경기도 성남시 중원구 산성대로 356, 1층 (중앙동)","하늘샘약국","031-731-0515","2000","0900","2000","0900","2000","0900","2000","0900","2000","0900","C2101309","132","49","22784","37.44401918261411","127.15598954273804"
"인천광역시 계양구 장제로 907, 1층 (병방동)","하늘약국","032-545-7675","1400","0900","1400","0900","1400","0900","1400","0900","1400","0900","1600","0900","C1400750","210","27","22785","37.54765918624294","126.74048282069768"
"인천광역시 서구 가정로 372, 1층 일부호 (가정동)","하늘약국","032-576-2020","2100","0900","2100","0900","2100","0900","2100","0900","2100","0900","2000","0900","C1401652","227","77","22786","37.5181399679","126.6732190482"
"강원특별자치도 양구군 양구읍 청춘로 13","하늘약국","033-481-8274","1830","0900","1830","0900","1830","0900","1830","0900","1830","0900","1300","0900","2000","0900","C2200985","245","43","22787","38.1010563762","127.9883524085"
"인천광역시 남동구 인주대로 664 (구월동) 112호","하늘약국","032-467-1230","1700","0900","1700","0900","1700","0900","1700","0900","1700","0900","1700","0830","C1401478","215","78","22788","37.44917051159883","126.71081346463955"
"세종특별자치시 한누리대로 253, 에스빌딩 112호 (나성동)","나성동","하늘약국","044-868-5482","2000","0900","2100","0900","2000","0900","2000","0900","2000","0900","1600","0900","C1800216","301","27","22789","36.486799405604344","127.25725396155626"
"대구광역시 수성구 청수로 235, 3층 305호 (황금동, 캐슬골드파크 2단지)","하늘약국","053-767-7578","1900","0900","1900","0900","1900","0900","1900","0900","1900","0900","1400","0900","C1301681","421","13","22790","35.8414481807691","128.633426593421"
"인천광역시 중구 운남로 167, 허브빌딩 101,102호 (운남동)","인천광역시 경제자유구역청 관리약국 공휴일은 불규칙적으로 운영하기에 사전 문의하고 방문하길 권장합니다.","하늘약국","032-777-2812","2030","0830","2030","0830","2030","0830","2030","0830","2030","0830","1900","0830","1800","1200","C1401537","223","72","22791","37.4926028443268","126.53295109797679"
"전북특별자치도 전주시 덕진구 견훤로 215","하늘약국","063-246-0329","1800","0900","1800","0900","1800","0900","1800","0900","1800","0900","1600","0900","C2501156","550","09","22792","35.83081194011332","127.1586747205994"
"충청남도 당진시 당진중앙2로 103-8, 103호 (읍내동, 진원스타타워)","하늘약국","041-357-0280","1800","0830","1800","0830","1800","0830","1800","0830","1800","0830","1300","0830","C2401701","317","70","22793","36.8945223671586","126.630522235664"
"대전광역시 동구 은어송로 62, 105호 (가오동, 지오빌딩)","가오동홈플러스맞은편하나은행건물1층","하늘약국","042-286-2275","1830","0900","1830","0900","1230","0900","1830","0900","1830","0900","1230","0900","C1600442","346","95","22794","36.3063530082022","127.45636114124295"
"광주광역시 북구 동문대로 208, 청연재활병원 1층 (각화동)","하늘약국","062-412-5004","1800","0900","1800","0900","1800","0900","1800","0900","1800","0900","1330","0900","C1501254","611","65","22795","35.1807506340511","126.930550776868"
"광주광역시 동구 무등로 405, 102-1호 (계림동)","하늘약국","062-524-9111","2000","0830","2000","0830","2000","0830","2000","0830","2000","0830","1500","0830","C1501319","614","05","22796","35.1597006299143","126.926936708619"
"서울특별시 양천구 중앙로 298, 문화트윈타워 101호 (신정동)","신정네거리역 3번출구","하늘약국","02-2607-8016","1900","0830","1900","0830","1900","0830","1900","0830","1900","0830","1400","0830","C1108445","080","26","22797","37.5228118188206","126.851901551011"
"경상북도 구미시 송동로 79 (도량동)","하늘약국","054-453-8575","2000","0800","2000","0800","2000","0800","2000","0800","2000","0800","1700","0800","1300","0900","1300","0900","C2701344","392","00","22798","36.139768921207214","128.32337589489631"
"경상북도 경산시 경안로 203","세명병원앞제일신경외과1층","하늘약국","053-812-3335","1900","0900","1900","0900","1900","0900","1900","0900","1900","0900","1300","0900","C2700099","386","22","22799","35.82567324249556","128.73651920349184"
"경상남도 창원시 마산회원구 양덕로 145-1, 1층 (양덕동)","하늘약국","055-256-5323","1800","0900","1800","0900","1800","0900","1800","0900","1800","0900","1300","0900","C2802157","513","66","22800","35.2313653141578","128.583404013877"
"충청남도 천안시 서북구 쌍용대로 188 (성정동)","성정동 하늘약국은 평일 밤10시까지 운영되며 공휴일도 저녁7시까지 영업합니다.","전자랜드 사거리 국민은행 옆","하늘약국","041-572-2266","2200","0900","2200","0900","2200","0900","2200","0900","2200","0900","1800","0900","1900","0900","C2400365","311","41","22801","36.81407278477407","127.13483220293267"
"경상남도 밀양시 무안면 사명로 480,","주유소 맞은편","하늘약국","055-352-1782","1800","0830","1800","0830","1800","0830","1800","0830","1800","0830","1300","0830","C2800447","504","08","22802","35.467459930919766","128.65113389186305"
"전북특별자치도 군산시 수송안길 50 (수송동)","공휴일 탄력 운영 전화 확인 필요","롯데마트 앞 택시승강장 건너편","하늘약국","063-466-8763","2000","0830","2000","0830","2000","0830","2000","0830","2000","0830","1600","0830","1600","0830","1800","0900","C2500214","541","00","22803","35.96373610997023","126.71718409399637"
"충청북도 음성군 음성읍 시장로 53, 1층 2호","하늘약국","043-872-0290","1900","0900","1900","0900","1300","0900","1900","0900","1900","0900","1300","0900","C2301081","277","02","22804","36.9325014058","127.6940461751"
"충청남도 천안시 서북구 성거읍 성거길 81 (성거읍)","성거파출소 앞","하늘약국","041-622-4803","2100","0900","2100","0900","2100","0900","2100","0900","2100","0900","1800","0900","C2400254","310","46","22805","36.87254243064414","127.20075266977105"
"충청남도 천안시 동남구 청수4로 10, 104호 (청당동)","신정, 구정, 추석은 운영안함.","하늘약국","041-551-3260","1830","0850","1830","0850","1830","0850","1830","0850","1830","0850","1300","0850","1300","0850","C2401477","311","98","22806","36.782760672","127.1529435804"
"전북특별자치도 완주군 삼례읍 삼봉1로 2, 삼봉메디칼프라자 1층 111호","코아로아파트 사거리 파리바게트 옆에 위치","하늘약국","063-2620518","2000","0830","2000","0830","2000","0830","2000","0830","2000","0830","1330","0830","C2500772","553","34","22807","35.96212165248576","127.12632196806177"
"서울특별시 구로구 시흥대로 547 (구로동, 금강빌딩)","하늘약국","02-856-7724","1900","0900","1900","0900","1900","0900","1900","0900","1900","0900","1530","0900","C1103791","083","92","22808","37.4821357843577","126.900393590898"
"경기도 광주시 양벌로 332, 1층 (양벌동)","하늘약국","031-765-9152","1900","0900","1900","0900","1900","0900","1900","0900","1900","0900","1400","0900","C2101930","127","95","22809","37.37011633975111","127.24568054316165"
"경기도 파주시 청암로17번길 17, 홈플러스 파주운정점 2층 19호 (목동동)","2,4째주 수요일은 휴진.","하늘약국","031-949-5267","2100","1000","2100","1000","2100","1000","2100","1000","2100","1000","1800","1000","1800","1000","1800","1000","C2107287","108","92","22810","37.7295831462","126.7367382236"
"경기도 고양시 일산서구 일현로 48, 현해프라자 105호 (탄현동)","하늘약국","031-911-4398","1800","0900","1800","0900","1800","0900","1800","0900","1800","0900","1300","0900","C2109308","103","43","22811","37.6912678160526","126.763219996235"
"서울특별시 금천구 금하로 720, 306호 (시흥동, 에벤에셀프라자)","시흥5동주민센터 인근/에벤에셀프라자 3층 303호","하늘약국","02-809-8019","1800","0830","1800","0830","1800","0830","1800","0830","1800","0830","1400","0830","C1100808","086","44","22812","37.4504425566682","126.909481684032"
"경기도 의정부시 충의로 55, 1층 (용현동)","하늘약국","031-852-3369","2000","0900","2000","0900","2000","0900","2000","0900","2000","0900","1600","0900","C2103145","117","89","22813","37.736750524026185","127.08720648922792"
"서울특별시 광진구 광나루로 604, 진넥스 베르디엠 1층 103호 (구의동)","하늘약국","02-2201-0955","1900","0830","1900","0830","1900","0830","1900","0830","1900","0830","1400","0830","C1107145","050","34","22814","37.5415780693025","127.094914025322"
"서울특별시 용산구 한강대로 95, 상가동 2층 228호 (한강로2가, 래미안용산 더 센트럴)","평일 점심시간 13:10~14:00","하늘약국","02-3785-2202","1900","0850","1900","0850","2000","0900","1900","0850","1900","0850","1400","0850","C1109323","043","78","22815","37.5288173852679","126.966653789116"
"부산광역시 부산진구 서면로 48, 1층 일부 (부전동)","하늘약국","051-808-3916","2000","0930","2000","0930","2000","0930","2000","0930","2000","0930","1800","0930","C1202997","472","86","22816","35.1549519363845","129.058036362593"
"서울특별시 성북구 정릉로 364, 3층 (돈암동)","하늘약국","02-928-9331","1830","0830","1830","0830","1830","0830","1830","0830","1830","0830","1430","0830","C1109227","028","07","22817","37.6014747915421","127.023654320416"
"서울특별시 마포구 독막로 2, 2층 (합정동)","점심시간 13:00~14:00","성도빌딩 2층","하늘약국","02-322-2365","1900","0900","1900","0900","1900","0900","1900","0900","1900","0900","1400","0900","C1100129","040","71","22818","37.5484943057246","126.913639782796"
"인천광역시 부평구 부평북로 446 (삼산동)","삼산동 후정초등학교 건너편","하늘약국","032-330-7107","2200","0830","2200","0830","2200","0830","2200","0830","2200","0830","1500","0830","C1400496","213","19","22819","37.521739874154086","126.7430256864026"
"경기도 군포시 대야1로22번길 3, 105호 (대야미동)","대야미역앞","하늘약국","031-437-1535","2000","0830","2000","0830","2000","0830","2000","0830","2000","0830","1700","0830","C2101392","158","87","22820","37.32769882239335","126.91748906655776"
"서울특별시 중랑구 망우로 198 (상봉동)","중랑역 4번출구","하늘약국","02-435-8813","1900","0900","2100","0900","1900","0900","1900","0900","2100","0900","1400","0900","1400","0900","C1103362","021","20","22821","37.5933277359226","127.074871189969"
"서울특별시 강서구 금낭화로 136, 118호 (방화동, 에어뷰)","하늘약국","02-2661-1278","2000","0900","2000","0900","2000","0900","2000","0900","2000","0900","1800","0900","C1100811","075","11","22822","37.5773556196369","126.812998103224"
"서울특별시 강남구 논현로 841 (신사동)","제이비미소빌딩 111호","하늘약국","02-549-9119","1900","0930","1900","0930","1900","0930","1900","0930","1900","0930","1800","1000","C1103757","060","31","22823","37.5239684663137","127.027758806248"
"서울특별시 동대문구 전농로 91 (답십리동)","답십리 사거리","하늘약국","02-2214-5180","1800","0900","1800","0900","1800","0900","1800","0900","1800","0900","1430","0900","C1109155","025","40","22824","37.5733020510431","127.057022081587"
"서울특별시 은평구 서오릉로 41-17 (녹번동)","하늘약국","02-358-4290","1900","0900","1900","0900","1900","0900","1900","0900","1900","0900","1400","0900","C1102988","034","59","22825","37.6044508802179","126.923942720083"
"서울특별시 송파구 백제고분로 276, 202호 (석촌동)","송파구석촌동배명사거리","하늘약국","02-412-1804","1900","0830","1900","0830","1900","0830","1900","0830","1900","0830","1500","0830","C1103243","056","79","22826","37.5021081097948","127.097258552535"
"서울특별시 관악구 장군봉1길 56, 101호 (봉천동, 우형쇼핑센타)","봉천역 1번출구","하늘약국","02-877-6431","2130","0900","2130","0900","2130","0900","2130","0900","2130","0900","2130","0900","C1104641","087","85","22827","37.4814092068578","126.943105937162"
"서울특별시 중구 다산로 245","6호선신당역7번출구바로앞","하늘약국","02-2237-3530","2000","0900","1900","0900","1900","0900","1900","0900","1900","0900","1400","0900","C1100809","046","11","22828","37.5650227116885","127.015884329104"
"경기도 의왕시 경수대로 262, 2층 238,241호 (오전동, 서해그랑블)","의왕서해그랑블(이마트의왕점)상가 2층","경기도 의왕시 오전동 의왕서해그랑블 상가(이마트의왕점) 2층에 위치한 하늘약국입니다.","하늘약국","031-429-5824","1930","0900","1930","0900","1930","0900","1930","0900","1930","0900","1300","0900","1300","0900","1300","0900","C2107899","160","58","22829","37.34995849201446","126.97359881194919"
"경기도 시흥시 복지로 3, 402호 (신천동, 유암타워)","하늘약국","031-314-5155","1900","0930","1900","0930","1900","0930","1900","0930","1900","0930","1400","0900","C2101519","149","10","22830","37.44031402311109","126.78688270778686"
"경기도 하남시 미사대로 520, 현대지식산업센터 C동 3층 CC03-041호 (덕풍동)","하늘약국","031-8018-4577","1900","0900","1900","0900","1900","0900","1900","0900","1900","0900","1400","0900","C2108733","129","25","22831","37.5588656331626","127.20458060367"
"경기도 과천시 별양상가3로 14, e편한세상 시티 과천 2층 211호 (별양동)","하늘약국","031-02-504-4546","1800","0900","1800","0900","1800","0900","1800","0900","1800","0900","1300","0900","C2109511","138","37","22832","37.4258421392212","126.991248273288"
"경기도 성남시 분당구 야탑로81번길 10, 분당아미고타워 406-1호 (야탑동)","하늘약국","0316220727","C2109083","134","97","22833","37.4105972729335","127.128208288628"
"경기도 부천시 삼작로 205, 1층 (내동)","하늘약국","032-683-2297","1900","0900","1900","0900","1900","0900","1900","0900","1900","0900","1400","0900","C2100251","144","54","22834","37.51907756821461","126.78504350619917"
"경기도 안산시 상록구 건건1길 27, 104호 (건건동, 한일프라자)","건건동반월제일의원옆","하늘약국","031-502-1090","2000","0830","2000","0830","2000","0830","2000","0830","2000","0830","1600","0830","C2100792","155","21","22835","37.3028525125249","126.90179917897163"
"경기도 화성시 동탄반석로 196 (반송동)","하늘약국","031-613-8229","1900","0900","1900","0900","1900","0900","1900","0900","1900","0900","C2102043","184","53","22836","37.20609113314959","127.07244969354026"
"경기도 용인시 기흥구 죽전로 20, A동 209호 (보정동, 죽전누리에뜰)","하늘약국","070-4647-0610","1800","1000","1800","1000","1800","1000","1800","1000","1800","1000","C2108444","168","97","22837","37.3200359097767","127.110372232953"
"경기도 광명시 오리로 351, 1층 (소하동)","* 공공심야약국(22시~익일 새벽 1시까지)","하늘약국","02-898-7290","2500","2200","2500","2200","2500","2200","2500","2200","2500","2200","2500","2200","2500","2200","2500","2200","C2103733","143","33","22838","37.43409876731346","126.87907265288737"
"경기도 평택시 중앙로 165 (비전동, 외 1필지)","하늘약국","031-653-5707","1400","0900","1400","0900","1400","0900","1400","0900","1400","0900","1700","0830","C2101674","178","99","22839","36.9921734725356","127.10145495222119"
"인천광역시 연수구 컨벤시아대로 177 (송도동)","설날(2월12일) 11:00~17:00","롯데마트 송도점 2층에 위치한 하늘약국입니다.","롯데마트 송도점 2층에 위치","하늘약국","070-4159-8817","2100","1000","2100","1000","2100","1000","2100","1000","2100","1000","2100","1000","2100","1000","2100","1000","C1401450","219","98","22840","37.388315437322035","126.64332628515429"
"부산광역시 부산진구 가야대로 462-1 (개금동)","2호선 개금역 1번출구","하늘약국","051-898-4621","2000","0830","2000","0830","2000","0830","2000","0830","2000","0830","1600","0830","C1202096","473","23","22841","35.1528550513233","129.0225951147583"
"부산광역시 사하구 사하로 184-2, 1층 (괴정동)","공휴일 운영 확인 후 방문요망","1호선 괴정역 8번출구","하늘약국","051-743-7661","1700","0900","1700","0900","1600","0900","1700","0900","1700","0900","1200","0900","C1202399","493","58","22842","35.0982086752","128.9942697848"
"대구광역시 북구 구리로34길 49 (국우동)","둘째 넷째 목요일 운영안함","하늘약국","053-290-7941","2100","1100","2100","1100","2100","1100","2100","1100","C1301082","414","18","22843","35.94711807712635","128.57713850890707"
"부산광역시 수영구 황령대로 483, 한나빌딩 2층 (남천동)","주말 유선문의 후 방문요망","하늘약국","051-626-7200","1930","0900","1930","0900","1930","0900","1930","0900","1930","0900","1300","0900","1300","0900","C1202850","483","12","22844","35.1388925078792","129.10711646596"
"부산광역시 부산진구 범일로 131, (범천동)","공휴일 운영 가변적으로 전화 후 방문 요망","현대백화점과 성가병원 사이 대로변","하늘약국","051-642-4529","1800","0900","1800","0900","1800","0900","1800","0900","1800","0900","1300","0900","C1201068","473","60","22845","35.14177678827088","129.0590296176454"
"서울특별시 서초구 사임당로 158, 리더스원 상가 5층 501호 (서초동)","서이초등학교 맞은편 리더스원상가 5층","하늘약국","02-588-9225","2000","0930","2000","0930","2000","0930","2000","0930","2000","0930","1400","0930","C1109351","066","29","22846","37.4918503001644","127.027176779785"
"서울특별시 노원구 동일로 1361, 206,207호 (상계동, 상계주공2단지아파트)","노원역7번출구200미터","하늘약국","02-932-8321","1800","0830","1800","0830","1800","0830","1800","0830","1800","0830","1300","0830","C1103676","017","63","22847","37.6500649811573","127.061284207288"
"충청북도 청주시 상당구 사직대로 363 (북문로2가)","하늘약국","043-222-0202","1800","0900","1800","0900","1800","0900","1800","0900","1800","0900","1300","0900","C2300108","285","45","22848","36.637075000000003","127.487677777777776"
"서울특별시 종로구 종로 19, 르메이에르종로타운1 2층 226-2호 (종로1가)","하늘약국","02-733-9006","2010","0930","2010","0930","2010","0930","2010","0930","2010","0930","1600","0900","C1109449","031","57","22849","37.5708444878121","126.979923668151"
"강원특별자치도 원주시 남원로 589-5, (명륜동)","처방조제 전문약국입니다.","미래산부인과뒤","하늘약국","033-766-6681","1900","0900","1900","0900","1900","0900","1900","0900","1900","0900","1600","0900","C2200321","264","41","22850","37.33627545029019","127.94910664378736"
"강원특별자치도 춘천시 금강로 65","안디옥교회 건너편","하늘약국","033-261-3067","1830","0900","1830","0900","1830","0900","1830","0900","1830","0900","1300","0900","C2200221","243","52","22851","37.87951140942071","127.7290366411174"
"인천광역시 미추홀구 낙섬중로32번길 15 (용현동)","일요일 및 공휴일은 유동적 운영 사전 연락 후 방문 요청","하늘온누리약국","032-891-8575","2100","0900","2100","0900","2100","0900","2100","0900","2100","0900","1500","0900","C1401700","221","87","22852","37.4510963458","126.6380150438"
"서울특별시 강남구 영동대로 602, 1층 102호 (삼성동, 삼성동 미켈란 107)","하늘온누리약국","02-3443-3359","2000","0900","2000","0900","2000","0900","2000","0900","2000","0900","1700","0900","C1106933","060","83","22853","37.5147215906749","127.060483947525"
"대구광역시 달서구 상화북로 209 (상인동)","월배정형외과옆","하늘온누리약국","053-642-4556","1800","0900","1800","0900","1800","0900","1800","0900","1800","0900","1300","0900","C1300369","428","06","22854","35.81454847195447","128.54789876884035"
"광주광역시 북구 첨단연신로 105","첨단2지구 호반베르디움 2차 정문 세상빌딩 1층(엔젤리","하늘온누리약국","062-575-5690","2230","0900","2230","0900","2230","0900","2230","0900","2230","0900","2230","0900","C1500650","610","87","22855","35.20733639747984","126.86402975154076"
"경기도 수원시 권선구 곡반정로 160, 라퍼스트 3층 309호 (곡반정동)","하늘온누리약국","031-222-0652","1800","0900","1800","0900","1800","0900","1800","0900","1800","0900","1300","0900","C2109377","166","68","22856","37.2417399462448","127.034165232558"
"대구광역시 서구 달서로 118 (비산동)","공휴일 운영시간 전화 확인 필요","하늘온누리약국","053-527-5093","2000","0900","2000","0900","2000","0900","2000","0900","2000","0900","1830","0900","1800","0900","C1300302","417","99","22857","35.87273789257195","128.57139935825518"
"전북특별자치도 익산시 고봉로30길 22 (영등동)","공휴일 연락 후 방문","제일1차아파트근처 홍내과아래층","하늘온누리약국","063-833-8300","1830","0830","1830","0830","1830","0830","1830","0830","1830","0830","1300","0830","C2500402","546","43","22858","35.955777777777776","126.972405555555554"
"경기도 평택시 안중읍 안현로 417, 세정빌딩 (102호)","하늘온누리약국","070-8866-7963","1800","1000","1800","1000","1800","1000","1800","1000","1800","1000","C2108548","179","36","22859","36.987289194309","126.931268998073"
"부산광역시 해운대구 재반로 221-1, 1층 (반여동)","버스정류장 : 수협장산지점","하늘온누리약국","051-912-4242","2000","0900","2000","0900","2000","0900","2000","0900","2000","0900","1600","0900","C1202578","480","28","22860","35.1971190021357","129.130820304775"
"충청남도 천안시 서북구 동서대로 119 (성정동)","성정동 서울 하나 안과 아래 위치한 약국 입니다.","하늘조은약국","0415791001","1830","0900","1830","0900","1830","0900","1830","0900","1830","0900","1330","0900","C2401435","311","08","22861","36.8262862275","127.1365932511"
"인천광역시 중구 하늘중앙로225번길 11, 107호 (중산동)","하늘중앙로약국","050-71344-8120","2100","0930","2100","0930","2100","0930","2100","0930","2100","0930","2100","0930","2100","0930","2100","0930","C1402145","224","02","22862","37.4878314538035","126.559225224358"
"강원특별자치도 춘천시 삭주로 75 (교동)","춘천성심병원 앞","하늘천온누리약국","033-242-8000","1900","0830","1900","0830","1900","0830","1900","0830","1900","0830","1800","0900","1800","0900","C2200124","242","53","22863","37.88365056510376","127.73899260339574"
"서울특별시 동대문구 황물로 168, 한성아펠시티 122,123호 (답십리동)","하늘후문약국","02-2215-5716","2010","0830","2010","0830","2010","0830","2010","0830","2010","0830","1500","0900","1510","0900","C1108579","026","22","22864","37.565186080444","127.056237500341"
"서울특별시 노원구 동일로 1099, (공릉동)","공릉역 4번 출구","하니약국","02-978-8583","2000","0900","2000","0900","2000","0900","2000","0900","2000","0900","1700","0900","C1100812","018","52","22865","37.6279248911589","127.071549981192"
"서울특별시 노원구 한글비석로 410, 1층 (상계동)","하님약국","02-939-1827","2000","0900","2000","0900","2000","0900","2000","0900","2000","0900","2000","0900","2000","0900","C1100813","016","68","22866","37.6612514822701","127.071235040175"
"부산광역시 사하구 낙동대로 453, 1층 (하단동)","일요일 문의","하단365약국","051-202-3365","2100","0830","2100","0830","2100","0830","2100","0830","2100","0830","2100","0830","2100","0830","C1202982","494","08","22867","35.105227556586","128.968915897524"
"부산광역시 사하구 승학로 7 (당리동)","부산본병원 정문 맞은편에 위치한 하단본약국입니다. 연중무휴로 운영되며 지하철 1호선 하단역 9번출구에서 도보 3분거리에 있습니다.","1호선 하단역 9번출구","하단본약국","051-205-2555","2000","0900","2000","0900","2000","0900","2000","0900","2000","0900","1700","0900","1300","0900","1300","0900","C1202548","493","16","22868","35.10660545108497","128.9697211880796"
"부산광역시 사하구 낙동남로 1389, 1층 (하단동)","1호선 하단역 1번출구","하단약국","051-715-7557","2030","0830","2030","0830","2030","0830","2030","0830","2030","0830","1430","0830","C1202584","493","12","22869","35.1065831438721","128.963810332484"
"경상남도 거제시 거제중앙로 1932, (고현동)","국민은행 맞은편","하담약국","055-632-7323","1900","0900","1900","0900","1900","0900","1900","0900","1900","0900","1300","0900","C2801070","532","51","22870","34.89042179353769","128.622391194545"
"전라남도 목포시 백년대로 295 (상동)","하당 맑은 피부과 의원 근처","하당금호약국","061-284-6000","1830","0830","1830","0830","1830","0830","1830","0830","1830","0830","1200","0830","1230","0900","C2600567","586","66","22871","34.803938888888887","126.419930555555553"
"전라남도 목포시 신흥로 28, (상동)","경희한의원, 신한은행 하당지점 근처.","하당약국","061-284-3200","2100","0900","2100","0900","2100","0900","2100","0900","2100","0900","1800","0900","C2600137","586","91","22872","34.80217834850613","126.42402330762928"
"서울특별시 서초구 방배천로2길 7, 102호 (방배동)","하델약국","02-587-7577","2030","0900","2030","0900","2030","0900","2030","0900","2030","0900","1600","0900","1600","1000","C1110482","066","93","22873","37.477244933758","126.983426089727"
"대구광역시 중구 중앙대로 434-14, 1층 (포정동)","2호선성당역에서좌회전성당주공네거리","하동약국","053-621-6633","1800","0900","1800","0900","1800","0900","1800","0900","1800","0900","1600","0900","C1300705","419","09","22874","35.84382293467368","128.5457407705938"
"인천광역시 서구 승학로483번길 18-6(검암동)","하동약국","032-565-5126","1800","0900","1800","0900","1800","0900","1800","0900","1800","0900","1300","0900","C1401966","226","95","22875","37.5647813708088","126.671852875111"
"서울특별시 서대문구 신촌로33길 16, 헤센스마트 더 센트럴 B01호 (북아현동)","하랑약국","02-363-4587","2000","1000","1900","1000","1930","1000","1900","1000","2000","1000","1530","0930","C1110274","037","74","22876","37.5576818113528","126.954762127155"
"서울특별시 양천구 등촌로 32, 목동 태영프라자 2층 204-2호 (목동)","휴게시간 13:00-14:00","하루약국","02-2648-9997","1800","0800","1800","0800","1800","0800","1800","0800","1800","0800","1400","0800","C1109255","079","65","22877","37.5328851583631","126.864166285292"
"경기도 성남시 분당구 야탑로69번길 8, 한주코아 104호 (야탑동)","하루약국","031-724-0806","1800","0900","1800","0900","1800","0900","1800","0900","1800","0900","C2108892","134","97","22878","37.4105252389961","127.126827518054"
"서울특별시 송파구 동남로 200, 1층 102호 (가락동)","하루약국","02-6952-7597","2200","0930","2200","0930","2200","0930","2200","0930","2200","0930","1800","0930","1800","0930","1800","0930","C1110530","057","84","22879","37.4951255164423","127.130915993674"
"경상남도 김해시 삼계중앙로 22, 1층 107호 (삼계동)","연중무휴","하루약국","055-724-0450","2000","0900","2000","0900","2000","0900","2000","0900","2000","0900","1430","0830","1430","0830","1430","0830","C2802456","509","02","22880","35.2600467625409","128.867557022424"
"인천광역시 서구 청라한내로 96, 하엘에스페이스 107호 (청라동)","하엘스페이스(농협건물) 1층 107호, 청라 3동 우체국과 마주보고 있습니다","하루약국","050-71425-6802","1930","0900","1930","0900","1930","0900","1930","0900","1930","0900","1430","0900","C1402198","227","58","22881","37.5338640803655","126.627903201624"
"서울특별시 강남구 강남대로 606, 삼주빌딩 1층 일부호 (논현동)","신사역 2,3번출구 바로앞","하리약국","02-543-3577","2000","0900","2000","0900","2000","0900","2000","0900","2100","0900","1800","1000","C1109103","060","38","22882","37.5158301681278","127.020146985592"
"대구광역시 달성군 현풍면 현풍중앙로 62-1,","하리약국","053-615-2323","2100","0900","2100","0900","2100","0900","2100","0900","2100","0900","1900","0900","C1301075","430","05","22883","35.6949100302","128.4454091224"
"경기도 수원시 팔달구 매산로 3, 1층 (매산로1가)","하린약국","031-257-7771","1800","0900","1800","0900","1800","0900","1800","0900","1800","0900","1300","0900","C2109781","164","55","22884","37.2670939188571","127.00197137839"
"경상북도 예천군 예천읍 효자로 178 (예천읍)","에천동부초교 앞","하림당약국","054-655-9247","1800","0900","1800","0900","1300","0900","1800","0900","1800","0900","1300","0900","C2700999","368","20","22885","36.66176916284011","128.46076299802684"
"부산광역시 영도구 동삼로 25","버스정류장: 동삼동 롯데리아 옆","하림약국","051-403-0877","1830","0900","1830","0900","1830","0900","1830","0900","1830","0900","1330","0900","C1200391","491","08","22886","35.076010278177336","129.0717273375178"
"충청남도 아산시 둔포면 아산밸리중앙로 83, 더원프라자 102호","아이들소아청소년과의원, 둔포상쾌한이비인후과 같은 건물","하마약국","041-531-8276","1930","0850","1930","0850","1930","0850","1930","0850","1930","0850","1400","0850","C2401332","314","06","22887","36.92372399891669","127.05705466817865"
"경기도 화성시 병점2로 30, 명신프라자 307-2호 (병점동)","하마약국","031-231-8875","1930","0830","1930","0830","1930","0830","1930","0830","1930","0830","1230","0850","1300","0900","C2100845","184","14","22888","37.2061089261283","127.04032407153721"
"부산광역시 부산진구 동평로 366, 1층 (양정동)","부산광역시 교육청 인근","하마정약국","051-861-6288","1830","0900","1830","0900","1830","0900","1830","0900","1830","0900","1300","0900","1300","0900","C1200978","472","07","22889","35.1745960972523","129.064097405776"
"충청북도 청주시 청원구 향군로 132, 104호 (내덕동)","하모니약국","043-225-5697","1900","0900","1900","0900","1900","0900","1900","0900","1900","0900","1400","0900","C2301168","284","81","22890","36.6562921979871","127.480698590697"
"서울특별시 동대문구 왕산로 21, 민족통일대통령빌딩 101-1호 (신설동)","신설동역 3번출구","하모니약국","02-926-8800","1930","0900","1930","0900","1930","0900","1930","0900","1930","0900","1400","0900","C1109206","025","80","22891","37.5768030967407","127.025796515924"
"경상남도 창원시 의창구 원이대로285번길 6 (봉곡동)","하모니약국","055-265-2268","2000","0830","2000","0830","2000","0830","2000","0830","2000","0830","1700","0830","1700","1000","C2800952","511","76","22892","35.242647332740866","128.65176564494118"
"경기도 군포시 산본로323번길 16-7, 802호호 (산본동, 롯데프라자)","하박사약국","031-399-7333","1900","0900","1900","0900","1900","0900","1900","0900","1900","0900","1600","0900","C2107373","158","65","22893","37.3592223454","126.9317584516"
"강원특별자치도 원주시 중앙로 11 (인동)","하버드약국","033-765-8276","1830","0830","1830","0830","1830","0830","1830","0830","1830","0830","1330","0830","1800","0900","C2200909","264","29","22894","37.345628119498336","127.95444381477182"
"서울특별시 송파구 송파대로 111, 205동 414호 (문정동, 파크하비오)","하비온누리약국","02-3402-3678","1930","0800","1930","0800","1930","0800","1930","0800","1930","0800","1430","0800","C1107794","058","37","22895","37.48158639806556","127.12246858636244"
"경기도 시흥시 연성로 83, 104호 (하상동, 현대프라자)","하상메디칼약국","031-317-0650","2100","0900","2100","0900","2100","0900","2100","0900","2100","0900","1800","0900","C2100747","149","77","22896","37.39102979413513","126.81284689288088"
"경상남도 창원시 마산회원구 북성로 106 환금프라자 201호 (회원동)","하선약국","070-4242-8575","1800","0900","1800","0900","1800","0900","1800","0900","1800","0900","1600","0900","C2801003","512","96","22897","35.2166965425","128.5707335842"
"대전광역시 대덕구 대전로 1119 (오정동)","하선약국","042-621-7770","2400","0730","2400","0730","2400","0730","2400","0730","2400","0730","2400","0730","2400","0730","2400","0730","C1601051","344","37","22898","36.35447908078778","127.41492138301397"
"경기도 김포시 하성면 태산로 15, 1층","하성의원 건물 1층","하성약국","031-988-7377","2030","0900","2030","0900","2030","0900","2030","0900","2030","0900","1900","0900","C2100427","100","11","22899","37.71836414314225","126.63173261125817"
"부산광역시 부산진구 엄광로44번길 38 (개금동)","백병원 후문","하성약국","051-892-4691","1900","0800","1900","0800","1900","0800","1900","0800","1900","0800","1300","0800","C1200111","473","88","22900","35.1464906401857","129.021590236659"
"충청북도 제천시 하소로 74 (하소동)","의림여중 앞","하소약국","043-642-5198","2000","0900","2000","0900","2000","0900","2000","0900","2000","0900","1600","0900","1600","0900","C2300225","271","61","22901","37.14282838955397","128.199027243845"
"경기도 광명시 범안로 1060, 남전빌딩 1층 2호 (하안동)","하안365별약국","02-895-3366","1930","0830","1930","0830","1930","0830","1930","0830","1930","0830","1400","0800","C2109036","143","06","22902","37.462604332239","126.880661976949"
"경기도 광명시 하안로 258, 1층 (하안동)","하안약국","070-7720-0272","1900","0900","1900","0900","1900","0900","1900","0900","1900","0900","1400","0900","C2102076","143","07","22903","37.459413888888889","126.882733333333334"
"경기도 광명시 범안로 1043 (하안동, 원촌빌딩 1층)","하안종로약국","02-805-8275","2300","0900","2300","0900","2300","0900","2300","0900","2300","0900","2300","0900","2300","1000","2300","0900","C2102077","142","48","22904","37.4632801714","126.878881518"
"대구광역시 북구 검단로 114, (검단동)","검단동유성아파트맞은편","하약국","053-383-7388","1930","0930","1930","0930","1930","0930","1930","0930","1930","0930","1700","0930","C1300092","415","22","22905","35.90674827085688","128.62013096435402"
"경상남도 함양군 함양읍 함양로 1128","일요일 장날 오전 운영","함양읍주민센터 부근","하약국","055-963-3535","2030","0800","2030","0800","2030","0800","2030","0800","2030","0800","1700","0800","1300","0800","C2800062","500","40","22906","35.519421008876684","127.7273325787656"
"제주특별자치도 서귀포시 하신상로 32, 1층 (하효동)","점심시간 12:30~13:30","하약국","064-733-3216","1830","0900","1830","0900","1830","0900","1830","0900","1830","0900","1230","0900","C2900579","636","06","22907","33.2634809273589","126.617710314541"
"경상남도 진주시 진주대로 1110, 1층 (계동)","갤러리아백화점 전너편(구 박은희 산부인과 위치)","하얀미소약국","055-747-7488","1900","0900","1900","0900","1900","0900","1900","0900","1900","0900","1600","0900","1300","0900","C2801724","527","50","22908","35.196471856449726","128.08335376554947"
"전북특별자치도 순창군 동계면 동계로 44","하얀삿갓동계약국","063-652-8892","1800","0830","1800","0830","1800","0830","1800","0830","1800","0830","C2501155","560","29","22909","35.43977091286185","127.2419943591872"
"충청북도 청주시 서원구 2순환로 1468, 메디치빌딩 1층 101호 (죽림동)","하얀약국","043-234-1003","1900","0900","1900","0900","1900","0900","1900","0900","1900","0900","1500","0900","C2301282","286","19","22910","36.6081264324412","127.444523692425"
"경상남도 양산시 물금읍 야리로 31, 경남프라자 110호 (물금읍)","양우 내안애아파트 1차 입구","하얀약국","055-388-0172","2100","0900","2100","0900","2100","0900","2100","0900","2100","0900","1800","0900","C2801894","506","13","22911","35.3167420912","129.0018916098"
"경기도 안산시 단원구 라성안길 17, 베스트플라자 403호 (원곡동)","하얀약국","031-362-6800","1800","0900","1800","0900","1800","0900","1800","0900","1800","0900","1300","0900","C2109988","153","82","22912","37.3277508260703","126.802342280248"
"강원특별자치도 강릉시 솔올로 35, 1층 104호 (교동)","교동 금강주차장 이용시 할인권 드립니다.","하얀약국","033-648-3378","1900","0800","1900","0800","1900","0800","1900","0800","1900","0800","1330","0800","C2201052","255","12","22913","37.7651629784109","128.877860149789"
"서울특별시 노원구 동일로197길 21, 우성빌딩 1층 (공릉동)","공릉역 4번출구에서 용원초등학교 방향","하얀약국","02-949-3690","2000","0900","2000","0900","2000","0900","2000","0900","2000","0900","1600","0900","C1108767","018","53","22914","37.62840770972281","127.07023363227898"
"부산광역시 동래구 충렬대로 467 (안락동)","버스정류장: 뜰안채아파트 삼거리","하얀약국","051-522-2638","1800","0900","1800","0900","1800","0900","1800","0900","1800","0900","1400","0900","C1201060","607","102","22915","35.19544611197164","129.1092873838179"
"서울특별시 금천구 남부순환로 1290 1층","가산동 우체국 옆","하얀약국","02-867-4175","1900","0900","1900","0900","1900","0900","1900","0900","1900","0900","1500","0900","C1107610","085","28","22916","37.4783703806288","126.894076669221"
"경기도 광명시 철산로 36, 양정타워 1층 107호 (철산동)","하얀약국","02-2060-9912","2030","0830","2030","0830","2030","0830","2030","0830","2030","0830","C2106352","142","37","22917","37.47631745773606","126.87008750207236"
"경기도 고양시 일산동구 고봉로 270","하얀약국","031-976-2758","2000","0930","2000","0930","2000","0930","2000","0930","2000","0930","1530","0930","C2103418","103","29","22918","37.68329422436737","126.77817184196732"
"서울특별시 성북구 아리랑로 9, 산맥프라자 2층 202호 (동소문동6가)","하얀약국","02-921-9131","1900","0900","1900","0900","1900","0900","1900","0900","1900","0900","1400","0900","C1108352","028","30","22919","37.5937320611385","127.015978183574"
"경기도 광주시 광주대로 49-21 (경안동)","하얀약국","031-766-0711","2100","0900","2100","0900","2100","0900","2100","0900","2100","0900","1700","0900","2000","0900","C2103137","127","56","22920","37.411454962999365","127.26014423582407"
"서울특별시 강동구 성내로 19, (주)서경산업개발 1층 103호 (성내동)","하얀약국","02-483-6667","2100","0830","1930","0830","1930","0830","2100","0830","1930","0830","1400","0830","C1110119","053","92","22921","37.5303607386477","127.122830787843"
"경상남도 진주시 진양호로 288 (신안동)","경남은행 근처","하얀약국","055-746-0083","1300","0900","1300","0900","1300","0900","1300","0900","1300","0900","1700","0830","1300","0830","C2800517","526","97","22922","35.178905555555552","128.064688888888895"
"경상북도 경산시 하양읍 하양로 112, 101호","하양바른온누리약국","053-852-2277","1700","1100","1700","1100","1700","1100","1700","1100","1700","1100","1400","0830","C2701477","384","36","22923","35.91398347159979","128.81957218382166"
"경상북도 경산시 하양읍 대학로 1523, 하양농협 1층","하양하나약국","050-71443-2312","1900","0830","1900","0830","1900","0830","1900","0830","1900","0830","1700","0830","C2701715","384","36","22924","35.9139045052968","128.820958674276"
"대전광역시 유성구 신성로72번길 66, 1층 (신성동)","신성동농협슈퍼앞","하연약국","042-862-0625","2000","0900","2000","0900","2000","0900","2000","0900","2000","0900","1600","0900","C1600023","341","17","22925","36.38714981530266","127.3502439449434"
"전라남도 순천시 기적의도서관1길 3","하영약국","061-727-9966","1830","0900","1830","0900","1830","0900","1830","0900","1830","0900","1330","0900","C2601078","579","68","22926","34.954839631254245","127.5244653121103"
"경상남도 통영시 중앙로 269, 황박신경정신과의원 (북신동)","하와이약국","055-648-0869","1830","0900","1830","0900","1830","0900","1830","0900","1830","0900","1200","0900","C2802033","530","42","22927","34.8544701693375","128.42854433258674"
"부산광역시 사하구 낙동대로 410, 1층일부층 (당리동)","당리역 지하철 3번출구","하윤온누리약국","051-711-7231","1930","0830","1930","0830","1930","0830","1930","0830","1930","0830","1400","0830","C1201381","493","27","22928","35.103907027134525","128.97357806563906"
"충청북도 청주시 청원구 충청대로 174 (주성동)","롯데리아 뒷편","하율약국","043-216-2122","1830","0900","1830","0900","1300","0900","1830","0900","1830","0900","1400","0900","C2301049","283","18","22929","36.6716597941","127.4965116826"
"대구광역시 중구 동덕로30길 29, 1층 (동인동2가)","하은약국","053-431-0091","1800","0830","1800","0830","1800","0830","1800","0830","1800","0830","C1301530","419","44","22930","35.8671460635","128.6054976902"
"서울특별시 동대문구 사가정로 110 (전농동)","하은약국","02-2213-6769","1900","0730","1900","0730","1900","0730","1900","0730","1900","0730","1500","0730","C1100350","025","39","22931","37.5770064547491","127.057280978196"
"충청남도 천안시 서북구 불당25로 182, 1층 109호 (불당동)","공휴일전화확인요망","하은약국","041-621-0907","1900","0900","1900","0900","1900","0900","1900","0900","1900","0900","1300","0900","1300","0900","C2401631","311","56","22932","36.8173065194698","127.108701907543"
"경상북도 구미시 산동읍 신당1로1길 17-7, 106호","하은약국","054-471-7946","2100","0900","2100","0900","2100","0900","2100","0900","2100","0900","1700","0900","C2701638","394","64","22933","36.1553345528964","128.433065544788"
"서울특별시 강북구 노해로 118, 1층 (수유동)","광산사거리에서도봉로400m이광언내과1층","하은약국","02-908-3512","1900","0930","1900","0930","1900","0930","1900","0930","1900","0930","1800","0930","C1104210","010","51","22934","37.6455907972828","127.024641749432"
"서울특별시 강서구 양천로 28, 벽산에어트리움 203호 (방화동)","하은약국","02-2665-7789","1900","0900","1900","0900","1300","0900","1900","0900","1900","0900","1300","0900","C1110739","076","01","22935","37.5723030060453","126.806994113323"
"부산광역시 해운대구 해운대로 650, 상가동 110호 (우동)","13:00~13:30 점심","하이브약국","051-747-1055","1930","0830","1930","0830","1930","0830","1930","0830","1930","0830","1530","0830","C1202867","480","95","22936","35.1646347674204","129.161318999574"
"서울특별시 금천구 가산디지털1로 145, 에이스하이엔드타워3차 1층 105호 (가산동)","하이서울약국","02-2624-0770","1930","0800","1930","0800","1930","0800","1930","0800","1930","0800","C1110835","085","06","22937","37.4781692344362","126.881599455022"
"서울특별시 강남구 언주로 859, 1층 (신사동, 쉬즈.애비뉴빌딩)","일요일, 공휴일 휴무","하이약국","02-545-5170","1800","0900","1800","0900","1800","0900","1800","0900","1800","0900","1300","0900","C1107392","060","23","22938","37.5271890706411","127.033111871256"
"서울특별시 성동구 행당로 87, 107호 (행당동, 행당동 대림아파트)","행당대림아파트리빙프라자동 제1층107호","하이약국","02-2297-5408","1850","0900","1850","0900","1850","0900","1850","0900","1850","0900","1600","0900","C1103497","047","13","22939","37.5572921201611","127.028544269386"
"서울특별시 용산구 한강대로 256, 1층 (남영동)","남영역, 숙대입구역 인근","하이약국","02-792-9248","1830","0930","1830","0930","1830","0930","1830","0930","1830","0930","1300","0930","C1107316","043","52","22940","37.5412889756086","126.973524479551"
"경기도 안양시 만안구 안양로 330-1, 1층 (안양동)","하이약국","031-000-0000","1800","0900","1800","0900","1800","0900","1800","0900","1800","0900","1300","0900","C2109548","139","91","22941","37.4013310558111","126.919668222342"
"경상남도 진주시 동부로169번길 12, 윙스타워 AB125호 (충무공동)","하이약국","055-763-2294","1900","0900","1900","0900","1900","0900","1900","0900","1900","0900","1400","0900","C2802027","528","18","22942","35.16488237454452","128.12728082498666"
"충청북도 청주시 흥덕구 강서로 126, 1층 (강서동)","하이약국","043-288-8750","1900","0830","1900","0830","1900","0830","1900","0830","1900","0830","1400","0830","C2301251","283","78","22943","36.6148063800251","127.486455394746"
"경기도 고양시 일산동구 고양대로 757 (중산동)","하이약국","031-977-6617","2200","0900","2200","0900","2200","0900","2200","0900","2200","0900","2000","0900","C2104145","103","38","22944","37.68265221353805","126.78019641153528"
"경기도 안산시 단원구 선부광장1로 62, 305호 (선부동, 동원상가빌딩)","하이약국","031-485-1357","1900","0900","1900","0900","1900","0900","1900","0900","1900","0900","C2107107","152","39","22945","37.33628469858354","126.81130283118513"
"서울특별시 서초구 신반포로 213, 반포쇼핑타운 7동 1층 13,14호 (잠원동)","논현역 3번 출구","하이온누리약국","02-3478-5530","1950","0900","1950","0900","1950","0900","1950","0900","1950","0900","1650","0900","C1107377","065","12","22946","37.5072710399738","127.007270897569"
"강원특별자치도 정선군 사북읍 하이원길 265, 강원랜드 4층","하이원약국","033-591-2287","1930","0900","1930","0900","1930","0900","1930","0900","1930","0900","1930","0900","1930","0900","C2201087","261","54","22947","37.2118740498975","128.821453729557"
"경기도 이천시 부발읍 경충대로 2091","하이중앙약국","031-631-2403","2000","0800","2000","0800","2000","0800","2000","0800","2000","0800","C2101277","173","36","22948","37.25214568402811","127.48664597856708"
"부산광역시 남구 천제등로 29 (대연동)","매월 첫째 주, 셋째 주 일요일은 휴무입니다. 설날, 추석은 (당일,다음날)휴무입니다.","버스정류장: 부산공고 후문 앞","하이타운약국","051-627-6101","2030","0800","2030","0800","2030","0800","2030","0800","2030","0800","2000","0800","1800","0900","1800","0900","C1200896","484","93","22949","35.13319754675806","129.0885625350731"
"경기도 고양시 덕양구 호국로 783, 문화빌딩 1층 일부호 (주교동)","하이탑약국","031-969-6315","1800","0900","1800","0900","1800","0900","1800","0900","1800","0900","1300","0900","C2110052","104","61","22950","37.6564025128324","126.835601166174"
"인천광역시 계양구 계산새로 71, C동 116호 (계산동)","계양우체국맞은편","하이팜약국","032-553-5411","2030","0900","2030","0900","2030","0900","2030","0900","2030","0900","1600","0900","C1400237","210","60","22951","37.53859989038224","126.73610620889508"
"경기도 이천시 이섭대천로 1229 (창전동, 이천IS타월빌딩)","분수대 오거리 이즈호텔 건물 1층","하이팜약국","031-632-8406","1600","0900","1600","0900","1600","0900","1600","0900","1600","0900","C2101789","173","69","22952","37.280090372415295","127.44667894739266"
"서울특별시 서초구 사임당로 178, 이즈타워 103호 (서초동)","공휴일은 전화확인","강남역 5번출구 인근","하이팜약국","02-568-1417","2030","0900","2030","0900","2030","0900","2030","0900","2030","0900","1300","0900","2000","1700","2000","1700","C1108762","066","27","22953","37.4922279155329","127.029056271279"
"경기도 수원시 권선구 금곡로102번길 15, 비즈웍스 201,202,203호 (금곡동)","하이팜약국","031-227-1751","2000","1000","2000","1000","2000","1000","2000","1000","2000","1000","1400","0830","1500","1000","C2109235","163","88","22954","37.2735010149489","126.941851927412"
"경기도 구리시 검배로 80, (수택동)","경기도 구리시 수택동 행복한외과병원 옆","하이팜약국","031-551-7610","2000","0900","2000","0900","2000","0900","2000","0900","2000","0900","2000","0900","1700","0900","1700","0900","C2102888","119","32","22955","37.59538097615708","127.14684498131001"
"경기도 의정부시 회룡로 111, 104호 (호원동,한신1차상가)","하이팜약국","031-871-8022","1900","0900","1900","0900","1900","0900","1900","0900","1900","0900","1500","0900","C2102380","116","33","22956","37.72596423918508","127.0459616633091"
"경기도 오산시 운암로 92","운암주공3단지아파트 상가 104호","하이팜약국","031-373-7522","2000","0900","2000","0900","2000","0900","2000","0900","2000","0900","1600","0900","C2101982","181","32","22957","37.15442532034968","127.07782286401128"
"경기도 이천시 대월면 대산로288번길 75, 아미가든쇼핑센타 205,206호","하이후문온누리약국","031-000-0000","1800","0900","1800","0900","1800","0900","1800","0900","1800","0900","1300","0900","C2110171","173","36","22958","37.2495909745348","127.474945384505"
"충청북도 청주시 청원구 오창읍 중부로 760, 201동 106호 (오창 롯데캐슬 더 하이스트)","가마지구","하임약국","043-298-8845","1900","0900","1900","0900","1900","1200","1900","0900","1900","0900","1300","0900","C2301039","281","18","22959","36.5993923944","127.4699768103"
"충청남도 아산시 배방읍 고속철대로 61, 지하 1층","일요일은 2~8월 매월 셋째주 / 9~1월 매월 첫째주 셋째주만 운영합니다","하임약국","041-546-8110","2000","0800","2000","0800","2000","0800","2000","0800","2000","0800","1400","0800","1200","0730","1300","0900","C2401503","314","70","22960","36.7897883508","127.107829017"
"서울특별시 마포구 도화길 43, 108호 (도화동, 나눔빌딩)","공덕역 도화동 주민센터 인근","하임온누리약국","02-6329-7767","2000","0830","2000","0830","2000","0830","2000","0830","2000","0830","1300","0900","C1107331","041","68","22961","37.5417888185389","126.950254336175"
"경기도 시흥시 하중로 199, 101호 (하중동, 제일빌딩)","하중약국","031-404-1237","2000","0900","2000","0900","2000","0900","2000","0900","2000","0900","1630","0900","C2101524","149","76","22962","37.3939831868219","126.80502028178692"
"울산광역시 남구 삼산로 167 (달동)","법정 공휴일 중 신정, 석가탄신일, 크리스마스는 휴무, 그 외 공휴일은 운영합니다.","하진약국","052-265-0525","1830","0830","1830","0830","1830","0830","2000","0900","1830","0830","1330","0830","1330","0900","C1700628","446","95","22963","35.5372053148","129.3254999375"
"서울특별시 종로구 대학로 128, 1층 (동숭동)","혜화역 1번출구/맥도날드 옆건물","하트약국","02-766-8991","2200","0900","2200","0900","2200","0900","2200","0900","2200","0900","2200","0900","2100","1200","2100","1200","C1104024","030","86","22964","37.5827050632274","127.002157191151"
"세종특별자치시 한누리대로 2265, 세종메디컬센터 1동 110호 (대평동)","일요일 및 공휴일 휴무","일요일 및 공휴일 휴무","대평동","하트약국","044-555-9225","1900","0900","1900","0900","1900","0900","1900","0900","1900","0900","1300","0900","C1800353","301","53","22965","36.4721012232451","127.277143228236"
"충청북도 청주시 서원구 사직대로 160, 두진 하트리움에덴 1층 118호 (사창동)","하트약국","043-266-0113","1800","0900","1800","0900","1800","0900","1800","0900","1800","0900","1300","0900","C2301105","286","48","22966","36.63481541438986","127.46504406432919"
"경기도 시흥시 정왕대로 230, 4층 403호 (정왕동, 제일프라자)","하트약국","031-319-7568","1900","0900","1900","0900","1900","0900","1900","0900","1900","0900","1500","0900","C2107811","150","66","22967","37.3449654632168","126.7385067456229"
"인천광역시 부평구 열우물로 51 (십정동)","동암역북광장농협건너편동화빌딩1층","하하약국","032-433-8575","2000","0900","2000","0900","2000","0900","2000","0900","2000","0900","1400","0900","C1400472","214","52","22968","37.47240769739763","126.70003871931183"
"인천광역시 강화군 강화읍 강화대로 395 (준프라자 1층 103호 하하약국)","강화읍국민은행건물1층내","하하약국","032-932-7090","1330","0830","1330","0830","1330","0830","1330","0830","1330","0830","1330","0830","C1400678","230","35","22969","37.7453918552","126.4868223303"
"전라남도 순천시 해룡면 향매로 135, 금화빌딩 101호","하하약국","061-725-1412","1930","0830","1930","0830","1930","0830","1930","0830","1930","0830","1330","0830","C2601246","580","11","22970","34.9326454461642","127.55409121308"
"서울특별시 광진구 능동로 295, ES빌딩 1층 101호 (군자동)","하하약국","02-465-1374","2010","0800","2010","0800","2010","0800","2010","0800","2010","0800","1730","0800","C1110203","049","97","22971","37.5561330850616","127.07844286512"
"강원특별자치도 춘천시 동내면 영서로 1832, 1층 101-2호","학곡온누리약국","033-818-0500","1830","0830","1830","0830","1830","0830","1830","0830","1830","0830","1330","0830","C2201186","244","08","22972","37.8404214807996","127.759372673006"
"경기도 연천군 청산면 학담로 101","학담약국","031-835-0090","2130","0900","2130","0900","2130","0900","2130","0900","2130","0900","2130","0900","C2104179","110","23","22973","37.997185405210274","127.07146514660802"
"광주광역시 동구 의재로 23-1, 1층 (학동)","학동 참조은약국","062-228-3335","1800","0900","1800","0900","1300","0900","1800","0900","1800","0900","1300","0900","C1501302","614","59","22974","35.1331077250213","126.930079515482"
"서울특별시 강남구 논현로131길 23, 홍재빌딩 1층 일부호 (논현동)","학동봄약국","02-511-7474","1900","0900","1900","0900","1900","0900","1900","0900","1900","0900","1400","0900","C1108824","060","46","22975","37.5139370480622","127.028552633603"
"서울특별시 강남구 학동로 203, 1층 (논현동)","환자를 먼저 생각하는 마음으로 항상 친절하고 성의있게 최선을 다하겠습니다.","학동역 8,9번출구 사이","학동약국","02-3443-8575","1930","0840","1930","0840","1930","0840","1930","0840","1930","0840","1330","0810","C1108127","060","52","22976","37.514422743867","127.031186730157"
"서울특별시 강남구 학동로 지하180, 학동역 210호 (논현동)","공휴일은 전화확인하세요","학동역약국","02-542-0301","2130","0700","2130","0700","2130","0700","2130","0700","2130","0700","1730","0900","1730","0900","1730","0900","C1109399","061","12","22977","37.5142064294604","127.031463762217"
"광주광역시 동구 남문로 663 (학동)","학동우리들약국","062-229-3200","1900","0830","1900","0830","1900","0830","1900","0830","1900","0830","1600","0830","C1501005","614","64","22978","35.129909879986336","126.9293247636873"
"광주광역시 동구 의재로 57 (학동)","학동배고픈다리농협옆","학동종로약국","062-223-9975","1900","0830","1900","0830","1900","0830","1900","0830","1900","0830","1300","0830","C1500540","614","60","22979","35.13225001052065","126.93616488212372"
"광주광역시 동구 남문로 780, 1층 (학동)","학동프라임약국","062-227-2580","2000","0830","1830","0830","2000","0830","1800","0830","1830","0800","1330","0830","C1501204","614","54","22980","35.13909310126864","126.92360213109986"
"충청남도 천안시 서북구 서부대로 731","고용노동부 맞은편","학산약국","041-554-1808","1900","0900","1900","0900","1300","0900","1900","0900","1900","0900","1300","0900","C2400113","310","90","22981","36.83244753357481","127.13320129576894"
"전북특별자치도 정읍시 학산로 89-19, 107호 (상동)","학산약국","063-535-1233","2100","0900","2100","0900","2100","0900","2100","0900","2100","0900","2100","0900","2100","0900","2100","0900","C2501504","561","92","22982","35.5595239658669","126.875917181248"
"울산광역시 중구 염포로 17 (반구동)","반구동 파밀리에 아파트 맞은편","학성약국","052-286-4333","2000","0900","2000","0900","2000","0900","2000","0900","2000","0900","1800","0900","C1700586","445","15","22983","35.55944265532467","129.3434018101418"
"인천광역시 미추홀구 매소홀로 355","풍림아이원아파트 사거리 신한은행 건물","학익프라자약국","032-865-7755","1600","0900","1600","0900","1600","0900","1600","0900","1600","0900","1600","0900","C1400702","222","02","22984","37.44145202871921","126.66197809220242"
"인천광역시 남동구 남동대로 860","올리브백화점 인근","한가람약국","032-467-5335","2130","0900","2130","0900","2130","0900","2130","0900","2130","0900","1700","0900","C1400619","215","48","22985","37.460372402870256","126.71035016726492"
"경기도 구리시 이문안로 68 (수택동)","한가람약국","031-554-4348","1600","1000","1600","1000","1600","1000","1600","1000","1600","1000","1600","0900","C2107249","119","40","22986","37.5921436798","127.138682728"
"서울특별시 동대문구 망우로 77, 1층 (휘경동)","공휴일은 전화확인하세요","한가람약국","02-3394-4865","2030","0900","2030","0900","2030","0900","2030","0900","2030","0900","2030","0900","2030","0900","C1100814","024","39","22987","37.5901988753682","127.061771664222"
"경기도 부천시 부천로 80","대성병원 건너편","한가람약국","032-666-5003","2200","0900","2200","0900","2200","0900","2200","0900","2200","0900","2000","0900","C2103748","145","73","22988","37.49133192182849","126.78465623144376"
"경기도 용인시 수지구 만현로 110, 원희캐슬프라자 A동 203-1호 (상현동)","한가정약국","031-272-8485","2100","0900","2100","0900","2100","0900","2100","0900","2100","0900","C2108854","169","30","22989","37.3067647044783","127.08462517443"
"경기도 안산시 단원구 광덕동로 55, 112~114호 (고잔동)","고잔동한빛여성병원옆건물","한가족약국","031-411-0944","2000","0900","1800","1130","2100","0900","1300","0900","2200","0900","2000","0900","1800","1130","2000","0900","C2100958","154","77","22990","37.309365707871756","126.83246216514493"
"서울특별시 강남구 남부순환로 2927, 대치 클래시아 1층 133호 (대치동)","한가족약국","02-569-8779","1850","1100","1850","1100","1850","1100","1850","1100","1850","1100","1530","1110","C1110122","062","80","22991","37.4936757916501","127.060358414855"
"전라남도 여수시 여서1로 78","한가족약국","061-652-5275","1800","0830","1800","0830","1800","0830","1800","0830","1800","0830","1230","0830","C2600607","597","12","22992","34.753345493985684","127.70581205046867"
"경기도 수원시 영통구 삼성로 129","한가족약국","031-211-3441","1900","0800","1900","0800","1900","0800","1900","0800","1900","0800","C2101581","166","77","22993","37.257644215156105","127.05313178250083"
"경기도 파주시 후곡로 21, 102호 (금촌동, 그린파워프라자)","금촌로터리 보건소 인근.... 오래 동네주민과 함께하고 있는 18년차 한가족약국 입니다.","한가족약국","031-948-0650","2000","0900","2000","0900","2000","0900","2000","0900","2000","0900","1500","0900","1730","1400","C2102640","109","24","22994","37.75542612934318","126.77389212847856"
"울산광역시 북구 아진로 102 (천곡동)","그린상가 1층 101호","한가족약국","052-298-8111","1830","0900","1830","0900","1830","0900","1830","0900","1830","0900","1230","0900","C1700378","683","500","22995","35.63095385479","129.33782429762235"
"울산광역시 동구 방어진순환도로 711-1 (전하동)","현대중공업-중전기정문앞(가나정형외과옆)","한가족약국","052-252-1781","1930","0900","1930","0900","1930","0900","1930","0900","1930","0900","1300","0900","C1700362","440","51","22996","35.505287168970774","129.42944284561239"
"대구광역시 서구 달서로 159 (비산동)","한가족약국","053-573-1331","1900","0800","1900","0800","1900","0800","1900","0800","1900","0800","1900","0800","C1300335","417","80","22997","35.87645919719247","128.5710166109829"
"서울특별시 강서구 허준로 23, 107호 (가양동)","한강메디칼약국","02-2659-7489","1900","0900","1900","0900","1900","0900","1900","0900","1900","0900","1400","0900","C1103808","075","24","22998","37.5712114625604","126.843591958573"
"경기도 김포시 양촌읍 양곡2로 30, 104호 (김포메디컬시티)","한강약국","031-996-5717","2130","0900","2130","0900","2130","0900","2130","0900","1600","0900","C2107417","100","62","22999","37.6540900878","126.6275717561"
"경기도 안성시 중앙로372번길 21","한강약국","031-672-2265","1900","0900","1900","0900","1900","0900","1900","0900","1900","0900","1700","0900","1700","0900","1700","0900","C2101721","175","81","23000","37.0067910455458","127.26791249725903"
"서울특별시 성북구 도봉로 3, 1층 (길음동)","일요일, 공휴일 휴무","한강약국","02-980-5350","1930","0830","1930","0830","1930","0830","1930","0830","1930","0830","1630","0800","C1108427","027","29","23001","37.6094285887256","127.02984690996"
"서울특별시 영등포구 버드나루로7길 7, 105호 (영등포동2가)","공휴일은 전화확인하세요","카보드B/D105호","한강약국","02-2676-4850","1930","0800","1930","0800","1930","0800","1930","0800","1930","0800","1700","0800","1700","1100","1700","1100","C1100733","072","49","23002","37.522835236452","126.909993627521"
"경기도 부천시 삼작로 391 (원종동)","원종동미성주유소건너편, 새소망정형외과아래","한강프라자온누리약국","032-677-7843","2200","0900","2200","0900","2200","0900","2200","0900","2200","0900","2200","0900","2100","0830","C2100456","144","66","23003","37.52004247563167","126.80526653600907"
"경기도 군포시 오금로 145, 1층 일부호 (금정동)","한건강약국","031-000-0000","1900","1000","1900","1000","1900","1000","1900","1000","1900","1000","C2108530","158","34","23004","37.3596610616917","126.941526575953"
"전라남도 보성군 회천면 남부관광로 2349 (회천면)","한겨레약국","061-852-5678","1700","0800","1700","0800","1700","0800","1700","0800","1700","0800","1300","0800","C2601206","594","71","23005","34.6730434545461","127.086152497485"
"전라남도 강진군 강진읍 연지길 19 (강진읍)","새중앙의원 옆길","한겨레약국","061-434-0568","1800","0800","1800","0800","1800","0800","1800","0800","1800","0800","1100","0800","C2601024","592","29","23006","34.64095062924706","126.76893549761779"
"광주광역시 북구 북문대로 117 (운암동)","평일근무시간09:00-21:00 토요일 09:00-17:00 공휴일휴무","운암동 로데오 빌딩 상가내 1층에 있습니다","한겨레약국","062-527-8778","2030","0900","1900","0900","1900","0900","1900","0900","2030","0900","1500","0900","C1500420","612","56","23007","35.179676473217874","126.8745452184553"
"경기도 김포시 김포한강3로 287","한결약국","031-982-6177","2000","0900","2000","0900","2000","0900","2000","0900","2000","0900","C2106346","100","86","23008","37.6413755573","126.6598178293"
"인천광역시 미추홀구 독정이로 79, 미지빌딩 102호 (숭의동)","한결약국","032-889-0515","1900","0900","1900","0900","1900","0900","1900","0900","1900","0900","1300","0900","C1401602","221","69","23009","37.462690491","126.6511885198"
"경기도 수원시 장안구 대평로 80, 1동 411호 (정자동, 정연메이져)","한결약국","031-251-1540","1900","0900","1900","0900","1900","0900","1900","0900","1900","0900","1600","0900","C2101045","163","34","23010","37.295571284452755","126.99360748691407"
"서울특별시 노원구 노해로 494","고려빌딩 207호","한결약국","02-936-8055","1900","0900","1900","0900","1900","0900","1900","0900","1900","0900","1600","0900","C1100737","017","51","23011","37.654537708996","127.063033065964"
"인천광역시 서구 고래울로 4, (가좌동)","가좌4동주공아파트2단지수협입구","한결약국","032-584-0457","2100","0900","2100","0900","2100","0900","2100","0900","2100","0900","2100","0900","1800","0900","2200","0900","C1400424","228","21","23012","37.48871693507823","126.68351133811508"
"서울특별시 송파구 올림픽로35길 124, 2동 410,411호 (신천동, 장미아파트 에이상가)","장미B상가 2동 3층 3호","한결약국","02-412-4246","1800","0830","1800","0830","1700","0900","1800","0830","1800","0830","1300","0800","C1104496","055","04","23013","37.5173394829102","127.10071613049"
"강원특별자치도 춘천시 효자로 57 (효자동)","효자사거리","한결약국","033-243-8276","1830","0900","1830","0900","1830","0900","1830","0900","1830","0900","1300","0900","C2200146","243","37","23014","37.86909481710188","127.72992976850267"
"인천광역시 계양구 계산천서로22번길 1, (계산동)","신도브래뉴 아파트 뒤편","한결약국","032-545-4738","2100","0900","2100","0900","2100","0900","2100","0900","2100","0900","2000","0900","2000","0900","C1400023","210","54","23015","37.54164693605661","126.72068054364774"
"대구광역시 수성구 명덕로 406, 1층 (수성동2가)","한결약국","053-202-2266","1830","0900","1830","0900","1300","0900","1830","0900","1830","0900","1300","0900","C1301559","421","32","23016","35.8541935635854","128.61446817380408"
"경상북도 포항시 남구 중흥로 88 (상도동)","한결약국","054-615-0525","1900","0900","1900","0900","1900","0900","1900","0900","1900","0900","1400","0900","C2701731","377","69","23017","36.0129772675011","129.350727850294"
"서울특별시 양천구 오목로 344 (목동, 청학빌딩)","한결약국","02-2646-8842","2200","0800","2200","0800","2200","0800","2200","0800","2200","0800","1900","0800","1900","0800","1900","0800","C1107573","080","06","23018","37.5237518388","126.875141189"
"경기도 광주시 중앙로 340 (송정동)","밀목빌라단지입구","한결약국","031-797-6109","2200","0930","2200","0930","2200","0930","2200","0930","2200","0930","2200","0930","C2101791","127","39","23019","37.42955058582614","127.25945071200517"
"충청북도 청주시 흥덕구 증안로 24, 102호 (복대동)","한결약국","043-236-3679","2100","0900","2100","0900","2100","0900","2100","0900","2100","0900","1500","0900","C2300422","284","16","23020","36.636322222222219","127.426038888888883"
"경기도 부천시 경인로 240 (심곡본동)","부천 남부역 출구, 국민연금공단바로옆","한결약국","032-663-1979","2300","0900","2300","0900","2300","0900","2300","0900","2300","0900","2200","0900","C2100356","147","11","23021","37.482912114765405","126.78207069603887"
"충청북도 음성군 금왕읍 무극로 290","한결약국","043-877-2767","1900","0900","1900","0900","1900","0900","1900","0900","1900","0900","1600","0900","1500","0900","C2300252","276","34","23022","36.99289658336643","127.5937723826656"
"경기도 남양주시 별내중앙로 50, 101호 (별내동)","한결약국","031-575-9774","1800","0900","1800","0900","1800","0900","1800","0900","1800","0900","1300","0900","C2109238","121","12","23023","37.6471015044565","127.123997266055"
"경기도 하남시 신평로 70, 1층(신장동)","한결약국","031-791-5667","2000","0900","2000","0900","2000","0900","2000","0900","2000","0900","1500","0900","C2100047","129","57","23024","37.53963641024265","127.20595567930704"
"울산광역시 울주군 언양읍 반구대로 818","일요일 장날(2일,7일)인 경우 09:00 ~ 14:00 까지 근무","언양시외버스터미널후문맞은편(이상구내과옆)","한결약국","052-254-7798","2000","0830","2000","0830","2000","0830","2000","0830","2000","0830","1700","0830","C1700115","449","40","23025","35.562957343590334","129.12766137169825"
"경상남도 창원시 의창구 중동로5번길 22, H202타워 111,112호 (중동)","한결약국","055-715-6500","1800","0800","1800","0800","1800","0800","1800","0800","1800","0800","1300","0800","C2802448","513","82","23026","35.2575789178598","128.62547833365"
"대구광역시 중구 국채보상로 458, 서남빌딩 1층 101호 (대신동)","한결약국","053-422-0132","C1301920","419","26","23027","35.8702661450981","128.580908225291"
"경기도 고양시 일산동구 강송로 169","한결온누리약국","031-902-0526","1900","0830","1900","0830","1900","0830","1900","0830","1900","0830","1430","0830","1230","0830","C2102447","104","15","23028","37.653788653348926","126.78364980224237"
"인천광역시 계양구 도두리로 52, 204호(작전동,동보아파트상가)","도두리마을동보아파트상가,계산공고건너","한교약국","032-546-4705","1600","0900","1600","0900","1600","0900","1600","0900","1600","0900","1600","0900","C1400222","210","81","23029","37.5314545853","126.7389748518"
"경기도 수원시 장안구 경수대로853번길 4, 유래빌딩 1층 (조원동)","한국건강약국","031-242-8270","1900","0800","1900","0800","1900","0800","1900","0800","1900","0800","1400","0800","C2101835","163","09","23030","37.2920463446","127.0079350326"
"서울특별시 용산구 이촌로 300, 렉스상가 2-2,3-1호 (이촌동)","2,4,5주 토요일 08:00~18:00","한국구일온누리약국","02-792-9290","2000","0830","2000","0830","2000","0830","2000","0830","2000","0830","1800","0830","2000","1000","2000","1000","C1104914","044","25","23031","37.5178439903271","126.980323377172"
"서울특별시 관악구 쑥고개로 71 (봉천동)","관악구청옆쑥고개길","한국생약국","02-878-2743","2130","0930","2130","0930","2130","0930","2130","0930","2130","0930","2130","0930","2130","0930","2130","0930","C1103075","087","85","23032","37.4796240091344","126.94437038462"
"서울특별시 동대문구 약령시로 123, 1층 (청량리동)","한국약국","02-964-0168","1830","0900","1830","0900","1830","0900","1800","0900","1830","0900","1400","0900","C1110047","024","83","23033","37.5832329293348","127.04363378319"
"대구광역시 달서구 달구벌대로 1718, (두류동)","https://www.e-gen.or.kr/emog/changHrmOpenTime.do#","광장코아 건너편쪽","한국약국","053-652-0394","1900","0900","1900","0900","1900","0900","1900","0900","1900","0900","1300","0900","1300","0900","C1300152","426","46","23034","35.856007334205465","128.55345552074883"
"인천광역시 서구 서달로163번길 9","공휴일 사전 문의","문화회관 앞 한국아파트 정문","한국약국","032-581-9297","2000","0900","2000","0900","2000","0900","2000","0900","2000","0900","1800","0900","2100","1000","C1400650","228","00","23035","37.51307568129024","126.67792335446141"
"전북특별자치도 완주군 삼례읍 동학로 25,","삼례터미널맞은편","한국약국","063-291-8670","2200","0830","2200","0830","2200","0830","2200","0830","2200","0830","2200","0830","1700","0830","1900","0830","C2500671","553","42","23036","35.90998024290467","127.07463715542968"
"충청북도 청주시 상당구 영운로 51 (영운동)","한국병원옆","한국약국","043-256-1805","1830","0800","1830","0800","1830","0800","1830","0800","1830","0800","1300","0800","C2300065","287","12","23037","36.61998586493102","127.49558735625419"
"대구광역시 북구 칠성시장로 26, 1층 (칠성동1가)","한국약국","053-424-3213","1800","0900","1800","0900","1800","0900","1800","0900","1800","0900","1800","0900","C1301431","415","83","23038","35.8765665474373","128.604300877167"
"전라남도 여수시 여천체육공원길 10 (신기동)","6월 2(토),7(목),24(일),29(금) 23:00까지","엑스포병원앞","한국약국","061-686-7787","2100","0830","2100","0830","2100","0830","2100","0830","2100","0830","1900","0830","C2600797","596","84","23039","34.76151364171497","127.67476225483791"
"경기도 고양시 덕양구 호국로 778-28, 성산빌딩 1층 (성사동)","공휴일 유동적 휴무","원당시장옆 5거리","한국약국 원당점","031-968-9992","2100","0900","2100","0900","2100","0900","2100","0900","2100","0900","2100","0900","2100","0900","2100","0900","C2103012","104","64","23040","37.655832226367295","126.83705493647113"
"경기도 여주시 영릉로 26","연세새로운병원옆1층","한글약국","031-881-5837","1800","0900","1800","0900","1800","0900","1800","0900","1800","0900","1800","0830","1800","0900","2000","0900","C2100746","126","26","23041","37.29009693900357","127.63253632405775"
"서울특별시 성동구 동일로 261, 건국빌딩 1층 (송정동)","한길약국","02-467-8231","2200","0930","2200","0930","2200","0930","2200","0930","2200","0930","2200","1000","2200","1000","2200","1000","C1108850","048","00","23042","37.5548644589556","127.070927789885"
"울산광역시 남구 남산로354번길 23 (신정동)","제일병원응급실앞","한길약국","052-276-6121","1900","0900","1900","0900","1900","0900","1900","0900","1900","0900","1500","0900","C1700251","446","23","23043","35.54855966874037","129.30669210307087"
"서울특별시 관악구 남부순환로 1739 (봉천동)","지하철2호선봉천역6번출구버스정류장","한길약국","02-876-2861","2100","0900","2100","0900","2100","0900","2100","0900","2100","0900","2100","0900","C1102174","087","57","23044","37.4824589368985","126.943407698244"
"충청북도 청주시 청원구 충청대로 98, 105호 (율량동, 한길빌딩)","율량교사거리","한길약국","043-214-1536","2000","0900","2000","0900","2000","0900","2000","0900","2000","0900","1400","0900","C2301004","283","20","23045","36.664870090269254","127.49363143359142"
"인천광역시 계양구 봉오대로 739 (작전동)","작전동수협은행옆","한길온누리약국","032-544-2138","1930","0900","1930","0900","1930","0900","1930","0900","1930","0900","1400","0900","C1400282","210","85","23046","37.53070830176784","126.73123107486978"
"경상남도 창원시 의창구 용동로 45, 현대썬앤빌더스퀘어 H동 1층 101호 (사림동)","일요일, 공휴일 시간은 변경 될 수 있음","한길정문약국","055-261-6003","1900","0900","1900","0900","1900","0900","1900","0900","1900","0900","1300","0900","1800","0900","1800","0900","C2802165","511","39","23047","35.23692883763973","128.69794714625039"
"부산광역시 서구 충무시장길 1 (충무동1가)","충무동로타리구세여성의원맞은편 / 2호선 자갈치역 2번 출구","한나라약국","051-255-8504","1900","0830","1900","0830","1900","0830","1900","0830","1900","0830","1600","0830","1600","0900","C1200862","492","53","23048","35.09623716666662","129.02382693527858"
"경기도 시흥시 마유로 226, 107호 (정왕동, 파인힐오피스텔)","파인힐오피스텔 107호","한나약국","031-319-4100","1900","0900","1900","0900","1900","0900","1900","0900","1900","0900","1400","0900","C2103360","150","79","23049","37.337666666666664","126.728463888888882"
"경기도 고양시 일산서구 중앙로 1406, 106호 (주엽동, 한솔코아)","한나약국","031-915-7501","2000","1000","2000","1000","2000","1000","2000","1000","2000","1000","2100","0900","2000","1300","2100","1300","C2107189","103","86","23050","37.6693690877","126.7638729794"
"울산광역시 북구 명촌로 85, 103호 (명촌동, 평창리비에르아파트2차상가)","명촌평창리비에르아파트2차상가","한나약국","052-288-1085","1900","0900","1900","0900","1900","0900","1900","0900","1900","0900","1300","0900","1300","0900","C1700286","442","56","23051","35.55328659865084","129.35514392639115"
"인천광역시 부평구 동수로 168-1 (부개동, 승민빌딩)","부개초등학교입구","한나약국","032-503-9443","1900","0800","1900","0800","1900","0800","1900","0800","1900","0800","1600","0830","C1400647","214","21","23052","37.48564308001592","126.73733430587268"
"경상남도 김해시 분성로727번길 11(지내동)","한나약국","055-331-6519","2100","0900","2100","0900","2100","0900","2100","0900","2100","0900","2100","0900","C2802115","508","27","23053"
"경기도 부천시 소사로 750 (원종동)","한나약국","032-677-3747","2000","0900","2000","0900","2000","0900","2000","0900","2000","0900","2000","0900","1200","0900","C2100190","144","24","23054","37.52292428403656","126.80516680838778"
"대전광역시 동구 한남로 13-1 (홍도동)","운영시간 마감 30분전에는 변동이 있을 수 있으니 반드시 전화문의 후 방문하기 바랍니다.","전문의약품은 판매하지 않으며, 일반의약품 구매가능합니다.","한남약국","042-626-8275","2200","1100","2200","1100","2200","1100","2200","1100","2200","1100","2200","1100","2200","1100","2200","1100","C1601325","345","54","23055","36.3510772106727","127.426549988776"
"경기도 평택시 중앙로 7-1, (통복동)","평택시통복동86-5","한남약국","031-655-2787","1500","0900","1500","0900","1500","0900","1500","0900","1500","0900","1700","0900","2130","0900","C2100725","178","93","23056","36.99559303412723","127.08423578752644"
"서울특별시 용산구 독서당로 71, 지하2층 (한남동)","한남햇살약국","02-790-2356","1900","0800","1900","0800","1900","0800","1900","0800","1900","0800","1400","0800","1800","1000","C1110755","044","19","23057","37.534088057004","127.008397217401"
"충청남도 예산군 고덕면 고덕중앙로 69-1","한내온누리약국","041-337-7966","1730","0800","1730","0800","1730","0800","1730","0800","1730","0800","1200","0800","C2401545","324","03","23058","36.74572086248971","126.70368831468689"
"서울특별시 종로구 새문안로5가길 33, 한누리빌딩 1층 (내자동)","한누리약국","02-736-7980","1900","0900","1900","0900","1900","0900","1900","0900","1900","0900","1600","1000","C1109177","031","70","23059","37.5749585598862","126.972903532517"
"경상북도 구미시 야은로 443, 1층 3호 (도량동)","2,4째 일요일 운영","한누리약국","054-454-3232","1900","0900","1900","0900","1900","0900","1900","0900","1900","0900","1400","0900","C2701544","391","99","23060","36.13639071270969","128.3313288801181"
"대구광역시 달서구 장기로 267, (장기동)","한누리약국","053-555-4811","1700","0900","1700","0900","1700","0900","1700","0900","1700","0900","2000","0900","C1300781","426","90","23061","35.8433543206","128.5310586532"
"대구광역시 수성구 지범로 207, 1층 (범물동)","동아수성점대각선건너편100M아스토리아목욕탕1층","한누리약국","053-783-8412","1900","0900","1900","0900","1900","0900","1900","0900","1900","0900","1400","0900","C1300362","421","98","23062","35.821560154182855","128.63839842775138"
"광주광역시 광산구 하남대로 92, 103호 (하남동)","한누리약국","062-233-3900","1700","0730","1700","0730","1230","0730","1700","0730","1700","0730","1230","0730","C1501163","623","31","23063","35.1799627171","126.8036665939"
"인천광역시 남동구 호구포로 818, 111호 (구월동, 퍼스트하임프라자)","한누리약국","032-463-8768","2000","0900","2000","0900","2000","0900","2000","0900","2000","0900","1800","0900","C1400051","215","34","23064","37.455356340615126","126.71956500800749"
"세종특별자치시 한누리대로 2281, SM메디컬센터 121,122호 (대평동)","대평동","한누리약국","044-868-4536","2000","0900","2000","0900","2000","0900","2000","0900","2000","0900","1800","0900","C1800268","301","53","23065","36.4712722162","127.2759118181"
"경기도 안산시 상록구 광덕1로 376, 108,109호 (이동, 한대프라자)","한대큰사랑약국","031-409-8844","2200","0900","2200","0900","2200","0900","2200","0900","2200","0900","1800","0900","C2100559","154","95","23066","37.307819444444448","126.851408333333339"
"경기도 안산시 상록구 광덕1로 341, 제스트3 1층 111~113호 (이동)","한대프라자약국","031-409-7533","2200","0900","2200","0900","2200","0900","2200","0900","2200","0900","2200","0800","C2106533","154","94","23067","37.307053926166304","126.84795915867366"
"경기도 안산시 단원구 선부광장1로 182, 104호 (선부동, 송천빌딩)","한도 가까운약국","031-487-9984","1830","0900","1830","0900","1830","0900","1830","0900","1830","0900","1400","0900","C2106985","153","67","23068","37.33353152022407","126.8070624417749"
"경기도 안산시 단원구 선부광장1로 182, 103호 (선부동, 송천빌딩)","한도1번 후문온누리약국","031-405-0551","1300","0900","1800","0900","1800","0900","1800","0900","1800","0900","1300","0900","C2100509","153","67","23069","37.33352462632435","126.80698631289523"
"경기도 안산시 단원구 선부광장1로 186, 한영타워 1층 121호 (선부동)","한도건강약국","031-413-4131","1800","0900","1800","0900","1800","0900","1800","0900","1800","0900","1300","0900","C2110239","153","67","23070","37.3340646975817","126.807030385618"
"대구광역시 중구 달구벌대로 2124 (봉산동)","봉산문화회관입구(구,대구학원옆)","한도약국","053-427-3102","1900","0900","1900","0900","1900","0900","1900","0900","1900","0900","1700","0900","C1300274","419","58","23071","35.86478131489051","128.59585470279802"
"대구광역시 동구 동북로 407 (신암동)","한도약국","053-943-9249","2100","0900","2100","0900","2100","0900","2100","0900","2100","0900","1700","0900","C1300563","411","84","23072","35.8864270025118","128.63228988574812"
"경기도 시흥시 인선길 36 (장곡동)","한도온누리약국","031-317-2033","2130","0900","2130","0900","2130","0900","2130","0900","2130","0900","2130","0900","1900","1000","1900","1000","C2101057","150","02","23073","37.377491820867846","126.78468048331008"
"경기도 안산시 단원구 선부광장로 95, 110, 111호 (선부동)","한도병원앞","한도정문약국","031-401-0020","2100","0830","2100","0830","2100","0830","2100","0830","2100","0830","2100","0830","1900","1100","2100","1000","C2100043","153","67","23074","37.333194532339185","126.80816912505362"
"대전광역시 동구 중앙로 193, (중동)","대전역과동방마트중간대로변에위치","한독약국","042-256-8055","2000","0830","2000","0830","2000","0830","2000","0830","2000","0830","2000","0800","2000","0800","C1600078","346","27","23075","36.3306651974342","127.43055246891433"
"인천광역시 동구 운교로 5 (화수동)","화수동 구름다리 근처","한독약국","032-772-8286","1800","0900","1800","0900","1800","0900","1800","0900","1800","0900","1300","0900","1300","0900","C1400851","225","08","23076","37.47958100151753","126.62807386567246"
"서울특별시 종로구 동숭길 52 (동숭동)","한독약국","02-762-4636","2230","0930","2230","0930","2230","0930","2230","0930","2230","0930","2230","0930","2200","1200","2130","0930","C1103030","030","85","23077","37.5805786545928","127.004436301472"
"대구광역시 서구 달구벌대로 1733 (내당동)","한독약국","053-566-1420","1830","0900","1830","0900","1830","0900","1600","1300","2000","0900","1330","0900","C1300683","418","57","23078","35.857202252877684","128.55475857161778"
"부산광역시 북구 만덕대로155번길 15","3호선 남산정역 4번출구","한독약국","051-332-8626","1800","0930","1800","0930","1800","0930","1800","0930","1800","0930","1300","0930","C1200983","465","54","23079","35.21356131449686","129.0212609274577"
"서울특별시 송파구 중대로 80, 문정프라자 (문정동)","가락시장역 7번출구 바로앞","한독약국","02-409-3559","1830","0900","1830","0900","1830","0900","1830","0900","1830","0900","1500","0900","C1108724","058","33","23080","37.4917620371568","127.117842816756"
"경기도 안양시 동안구 경수대로 707 (호계동)","한독약국","031-452-3127","1900","0830","1900","0830","1900","0830","1900","0830","1900","0830","1400","0830","1800","0900","C2102094","140","78","23081","37.384747148470794","126.9512110103521"
"경기도 동두천시 평화로 2456, (생연동)","한독약국","031-865-4135","2100","0900","2100","0900","2100","0900","2100","0900","2100","0900","2100","0900","2100","0900","C2102556","113","14","23082","37.906978246046414","127.05838082242377"
"경상북도 영덕군 축산면 축산항4길 11","대구출타시 휴무","축산항 내 소재","한독약국","054-732-4201","2100","0900","2100","0900","2100","0900","2100","0900","2100","0900","2100","0900","2100","0900","2100","0900","C2700829","364","21","23083","36.50764945513633","129.44662642942788"
"경상남도 진주시 문산읍 동부로 569","점심시간 12:30~13:30","문산사거리","한독약국","055-761-4027","1830","0830","1830","0830","1830","0830","1830","0830","1830","0830","1330","0830","C2800477","528","38","23084","35.1666140029","128.1630070459"
"전북특별자치도 군산시 월명로 293 (수송동)","수송동 현대아파트 앞","한독약국","063-463-7004","1830","0830","1830","0830","1830","0830","1830","0830","1830","0830","1400","0830","C2500776","540","81","23085","35.97024210101418","126.71540950190612"
"경상남도 창원시 진해구 태평로 3 (태평동)","토요일엔 1~2시간 일찍 닫을 수도 있습니다 ㅡ아플경우엔","진해해군사관학교 앞 남원로터리","한독약국","055-543-4261","2100","0900","2100","0900","2100","0900","2100","0900","2100","0900","1600","0900","2000","0900","C2800100","516","78","23086","35.146397222222220","128.659611111111104"
"경상남도 창원시 마산합포구 합포로 28, (남성동)","공휴일 운영은 전화 확인 필요(신정, 설, 추석명절 등 휴무)","어시장지하도입구","한독약국","055-246-3178","1930","0630","1930","0630","1930","0630","1930","0630","1930","0630","1930","0630","C2800427","517","21","23087","35.203102777777779","128.575327777777773"
"경상남도 김해시 주촌면 서부로 1475","한독약국","055-326-6464","1930","0930","1930","0930","1930","0930","1930","0930","1930","0930","1800","0930","C2801706","508","77","23088","35.23647419878943","128.83002126831235"
"경상북도 김천시 자산로 57 (모암동)","일요일 공휴일은 유동적","약국","모암동삼각로타리중앙시장입구","한독약국","054-434-2958","2000","0830","2000","0830","2000","0830","2000","0830","2000","0830","2000","0830","1800","0900","1800","0900","C2700022","395","90","23089","36.119329674026886","128.12539053095043"
"전라남도 목포시 백년대로 327, 목포복음내과 (상동)","한독약국","061-287-8700","1800","0800","1800","0800","1800","0800","1800","0800","1800","0800","1300","0800","1230","0800","C2600139","586","64","23090","34.80530570125353","126.42315788693322"
"경상북도 포항시 북구 중앙로 228 (죽도동)","툐요일 2째 4째주 휴무.( 1, 3, 5주 운영)","오거리외환은행부근","한독약국","054-231-2174","1730","0900","1730","0900","1730","0900","1730","0900","1730","0900","1230","0900","C2700864","377","41","23091","36.03335174518383","129.36617203374126"
"경상북도 칠곡군 동명면 금암중앙길 45-1","한독약국","054-976-8617","1900","0800","1900","0800","1900","0800","1900","0800","1900","0800","1800","0800","C2700070","398","59","23092","35.98305301240517","128.55323468647282"
"서울특별시 구로구 구로동로26길 133 (구로동)","베다니교회맞은편,구로시장입구","한독프라자약국","02-856-9843","2100","0900","2100","0900","2100","0900","2100","0900","2100","0900","2000","0900","1300","0900","1300","0900","C1100742","083","12","23093","37.4897683724913","126.891264818597"
"경상북도 포항시 북구 대신로 41 (대신동)","경북포항시대신동선린병원옆","한동약국","054-231-9191","1730","0900","1730","0900","1730","0900","1730","0900","1730","0900","1300","0830","C2700719","377","25","23094","36.04790970712093","129.36754838290432"
"충청남도 아산시 탕정면 한들물빛5로 25, 107호","한들물빛약국","041-533-3603","2000","0830","2000","0830","2000","0830","2000","0830","1900","0830","1800","0830","1800","0900","1800","0900","C2401795","314","65","23095","36.7875523718762","127.086107001892"
"경상남도 함양군 함양읍 용평1길 3","함양성심병원 부근","한들약국","055-963-3298","2100","0830","2100","0830","2100","0830","2100","0830","2100","0830","1830","0830","2100","0900","2030","0830","C2801083","500","39","23096","35.520557036705306","127.72905817818685"
"충청남도 천안시 서북구 3공단6로 58-8, 207호 (차암동)","한들약국","041-569-8357","1900","0900","1900","0900","1900","0900","1900","0900","1900","0900","1400","0900","C2401568","310","85","23097","36.84096757491075","127.10403073007713"
"경상남도 거창군 거창읍 거창대로 78-1,","※방문 전 연락 후 방문바랍니다","한들약국","055-945-2995","1830","0850","1830","0850","1830","0850","1830","0850","1830","0850","1300","0900","C2800017","501","34","23098","35.688637850130526","127.91577347211111"
"경기도 시흥시 배곧1로 27-15, 제상가2동 1층 113~114호 (정왕동, 한라비발디캠퍼스)","365일 운영함","한라건강약국","031-319-3467","2100","0900","2100","0900","2100","0900","2100","0900","2100","0900","2100","0900","2100","0900","2100","0900","C2107643","150","11","23099","37.3653410289","126.7127700954"
"제주특별자치도 제주시 성신로 13-4","한라산약국","064-749-6660","1800","0900","1800","0900","1800","0900","1800","0900","1800","0900","C2900025","631","27","23100","33.490958796917276","126.48520676384273"
"경기도 수원시 권선구 권광로27번길 62, 105호 (권선동, 삼천리권선1차아파트)","한라약국","031-237-1733","0930","0900","0930","0900","0930","0900","0930","0900","0930","0900","1800","0900","C2101284","165","83","23101","37.25152991564365","127.02385293204496"
"경기도 평택시 세교3로 8 105호 (세교동, 현대아파트)","현대향촌아파트상가안에","한라약국","031-655-5581","2100","0900","2100","0900","2100","0900","2100","0900","2100","0900","1900","0900","C2101518","178","32","23102","37.00103003077465","127.08065317631107"
"충청북도 제천시 청전대로 177 (청전동)","한라약국","043-642-0717","1900","0830","1900","0830","1900","0830","1900","0830","1900","0830","1300","0830","1300","0830","C2300394","271","47","23103","37.15203090098875","128.21693459143515"
"제주특별자치도 제주시 월랑로 33, 1층 (노형동, 한라빌딩)","한라약국","064-712-7364","2200","0900","2200","0900","2200","0900","2200","0900","2200","0900","2200","0900","2000","1400","2200","0900","C2900571","630","99","23104","33.4885609141354","126.47608257237"
"서울특별시 용산구 보광로 124, (이태원동)","한라약국","02-795-7603","2100","1000","2100","1000","2100","1000","2100","1000","2100","1000","2100","1000","C1104484","044","06","23105","37.5338461180202","126.994278926911"
"제주특별자치도 제주시 삼무로 46, 1층 (연동)","한라프라자약국","064-743-2098","2100","1600","2100","1600","2100","1600","2100","1600","2100","1600","2100","1600","2100","1700","2100","1600","C2900517","631","24","23106","33.48964799609363","126.49154499487851"
"제주특별자치도 제주시 한림읍 한림상로 116, 1층 103호","한림부부약국","064-796-4590","1900","0830","1900","0830","1900","0830","1900","0830","1900","0830","C2900586","630","13","23107","33.4099219825896","126.265486208907"
"경기도 안양시 만안구 만안로 284 204호","한림생약국","031-447-5188","1700","1000","1700","1000","1700","1000","1700","1000","1700","1000","C2104161","139","91","23108","37.40514149300131","126.91930170795605"
"경기도 화성시 큰재봉길 23-11, 동탄 삼성쉐르빌 115호 (석우동)","한림약국","031-8003-4550","1800","0900","1800","0900","1800","0900","1800","0900","1800","0900","1300","0900","C2108570","184","50","23109","37.2175028269828","127.079349688703"
"제주특별자치도 제주시 한림읍 한림로 679","한림약국","064-796-7309","1900","0800","1900","0800","1900","0800","1900","0800","1900","0800","1800","0800","C2900206","630","31","23110","33.415523189869575","126.26494144463673"
"경상남도 김해시 한림면 한림로 405","한림정역앞","한림약국","055-346-1779","1830","0900","1830","0900","1830","0900","1830","0900","1830","0900","1330","0900","C2800137","508","48","23111","35.32299014477594","128.8020355777335"
"서울특별시 강동구 성안로 149 (천호동)","공휴일은 전화확인하세요","한림대학교 성심병원 바로 앞","한림약국","02-486-9743","1830","0830","1830","0830","1830","0830","1830","0830","1830","0830","1300","0830","2100","1300","C1100287","053","39","23112","37.5365990243988","127.134703232614"
"경기도 군포시 군포로 545, 101호 (당동, 한림오피스텔 )","당동하이마트옆고층주상복합1층","한림약국","031-477-5690","2200","0900","2200","0900","2200","0900","2200","0900","2200","0900","2200","0900","2200","1300","C2101637","158","60","23113","37.354667042843246","126.94634104121208"
"경기도 수원시 영통구 봉영로1770번길 21, 122호(영통동,한국신명상가)","한림약국","031-203-1441","2000","0900","2000","0900","2000","0900","2000","0900","2000","0900","1600","0900","C2100763","167","13","23114","37.267419073800006","127.0830809947"
"강원특별자치도 홍천군 홍천읍 꽃뫼로 82","홍천여고","한림약국","033-434-9977","1830","0830","1830","0830","1830","0830","1830","0830","1830","0830","1200","0830","1200","0900","C2200556","251","36","23115","37.69097813351131","127.88264219161519"
"서울특별시 양천구 중앙로32길 61","현대프라자 102호","한림약국","02-2646-5775","1900","0900","1900","0900","1900","0900","1900","0900","1900","0900","1500","0900","C1100743","080","87","23116","37.5200828278632","126.860302811899"
"대전광역시 유성구 대학로 1, 3층 (봉명동)","한약국, 토요일 예약제","한림원한약국","042-483-1069","1900","1000","1900","1000","1900","1000","1900","1000","1900","1000","C1601308","341","68","23117","36.3541141352394","127.341166330541"
"경기도 용인시 기흥구 구성로 102, 푸른종합상가 112호 (언남동)","한마루약국","031-281-8005","2000","0900","2000","0900","2000","0900","2000","0900","2000","0900","C2108324","169","19","23118","37.2934850405222","127.120420222827"
"서울특별시 구로구 경인로 382, 1-110(개봉동,한마을아파트상가)","공휴일은 전화확인하세요","한마을아파트 상가(영등포구치소맞은편)","한마을약국","02-2613-3006","2100","0900","2100","0900","2100","0900","2100","0900","2100","0900","2100","0900","2100","1000","2100","1000","C1100288","082","75","23119","37.4963730035523","126.863082153299"
"대전광역시 유성구 구즉로 16","한마을a.상가114호","한마을약국","042-935-0054","2100","0900","2100","0900","2100","0900","2100","0900","2100","0900","1700","0900","C1600521","340","10","23120","36.430990713353964","127.38398006987768"
"충청북도 증평군 증평읍 중앙로 180","삼성의원 1층 / 증평D마트옆삼성화재1층","한마을약국","043-838-1438","2230","0900","2230","0900","2230","0900","2230","0900","2230","0900","2200","0900","2200","0900","2200","0900","C2300181","279","37","23121","36.7822871957483","127.5795178504967"
"인천광역시 부평구 광장로 16 (부평동)","한마을약국","부평역사2층개찰구앞","한마을약국","032-516-3311","2000","1200","2000","1200","2000","1200","2000","1200","2000","1200","2000","0900","C1400070","214","04","23122","37.490103732365114","126.72341732381323"
"서울특별시 영등포구 의사당대로 1, 국회 국회소통관동 1층 (여의도동)","국회후생관 1층","한마음국회약국","02-761-0311","1900","0900","1900","0900","1900","0900","1900","0900","1900","0900","C1100289","072","33","23123","37.53034645399991","126.91302149579667"
"경상남도 진주시 강남로95번길 16-1, (칠암동)","경상대학병원후문앞","한마음약국","055-753-2233","1900","0900","1900","0900","1900","0900","1900","0900","1900","0900","C2800185","527","27","23124","35.177630555555552","128.095922222222214"
"서울특별시 구로구 도림로 67 (구로동)","남구로역 6번출구에서 대림역 방향","한마음약국","02-865-0511","1930","0830","1930","0830","2100","0830","2130","0830","1930","0830","1700","0900","C1108924","083","13","23125","37.4895224344356","126.891011550623"
"부산광역시 남구 수영로 298 (대연동)","공휴일 전화 후 방문요망","2호선 경성대부경대역 5번출구","한마음약국","051-627-6489","2100","0930","2100","0930","2100","0930","2100","0930","2100","0930","2100","0930","2100","1700","C1200154","484","99","23126","35.13658795444545","129.09903640097107"
"부산광역시 남구 고동골로 16","한마음약국","051-637-9417","1900","0900","1900","0900","1900","0900","1900","0900","1900","0900","1500","0900","1300","0900","C1200322","484","19","23127","35.138389315247956","129.07126983862997"
"충청북도 음성군 금왕읍 무극로244번길 16","연중무휴 09시부터 21시까지 운영하는 약국입니다. 설연휴 추석연휴 쉼없이 운영하고 있습니다","금왕연합정형외과 옆","한마음약국","070-4102-0424","2100","0900","2100","0900","2100","0900","2100","0900","2100","0900","2100","0900","2100","0900","2100","0900","C2300052","276","33","23128","36.9903773002942","127.58940350270314"
"경남 창원시 성산구 동산로 115 (상남동, 대동아파트)","공휴일 확인요망(유동적일 수 있음)","대동아파트 내","한마음약국","055-284-5508","2030","0930","2030","0930","2030","0930","2030","0930","2030","0930","1930","0930","1930","0930","C2800885","514","98","23129","35.2190579361973","128.687615914182"
"경상남도 거제시 옥포로 221, 동흥빌딩 1층 (옥포동)","한마음약국","055-688-6145","1900","0900","1900","0900","1900","0900","1900","0900","1900","0900","1400","0900","1300","0900","C2802030","532","23","23130","34.89451410255474","128.69058917294026"
"제주특별자치도 서귀포시 천제연로 210-1, (중문동)","토요일은 유동적운영(방문 전 전화로 확인필수)","중문초교 서측 200m","한마음약국","064-739-0381","2400","0900","2400","0900","2400","0900","1900","0900","2400","0900","2400","0900","2400","0900","2400","0900","C2900162","635","46","23131","33.251479928494014","126.42707535785708"
"경상남도 산청군 산청읍 중앙로 106-3 (혜원빌)","■ 일요일, 공휴일 매월 27~31 당직일 08:30~21:00 운영","산청군 보건의료원옆","한마음약국","055-974-1242","1900","0830","1900","0830","1900","0830","1900","0830","1900","0830","1300","0830","C2800994","522","25","23132","35.41553463318116","127.88465494099503"
"경상남도 김해시 삼안로 228, 101호 (삼방동, 동원아파트상가동)","김성훈소아과","한마음약국","055-322-4623","2000","0900","2000","0900","2000","0900","2000","0900","2000","0900","1700","0900","C2801020","508","15","23133","35.24843406534317","128.9110633475073"
"경기도 가평군 가평읍 석봉로 198, 1층","한마음약국","031-582-2173","2000","0800","2000","0800","2000","0800","1500","0800","2000","0800","1500","0800","C2107604","124","13","23134","37.8293620653","127.5136859891"
"충청남도 논산시 생뫼길 16 (강산동)","전문 약사의 세심함으로 처방 조제 및 투약 복약지도 건강관련 성실상담을 지향합니다.","논산 세무서 건너편 하나요양 병원앞","한마음약국","041-735-1528","1800","0900","1800","0900","1800","0900","1800","0900","1800","0900","1230","0900","C2400494","329","62","23135","36.18750174431452","127.0904012486076"
"서울특별시 금천구 금하로 720 (시흥동)","에벤에셀101호","한마음약국","02-808-8740","2130","0900","2130","0900","2130","0900","2130","0900","2130","0900","1600","0900","C1100406","086","44","23136","37.4504425566682","126.909481684032"
"경기도 의정부시 평화로 660, 1층 (가능동)","한마음약국","031-821-1474","1900","0900","1900","0900","1900","0900","1900","0900","1900","0900","1530","0900","C2103000","116","85","23137","37.75082337219266","127.04471297648607"
"경상북도 울진군 울진읍 울진중앙로 136, 울진농협","2021년 휴일지킴이약국 - 2.28, 3.28, 4.11, 5.9, 5.23, 6.13, 7.4, 7.25, 8.8, 9.5, 9.26, 10.24, 11.14, 12.5, 12.26","한마음약국","054-781-0778","1930","0830","1930","0830","1930","0830","1930","0830","1930","0830","C2700751","363","24","23138","36.0824483255","129.3845481852"
"서울특별시 영등포구 국제금융로2길 37, 3층 306-1호 (여의도동, 에스트레뉴)","여의도역 3번출구 바로앞","한마음약국","02-761-0336","1900","0900","1900","0900","1900","0900","1900","0900","1900","0900","1400","0900","C1107469","073","27","23139","37.5229451843816","126.924285608734"
"서울특별시 도봉구 도봉로150길 43, 2층 215호 (방학동, ESA 아파트)","롯데마트옆ESA상가2층 215호","한마음약국","02-3492-1255","1930","0900","1930","0900","1930","0900","1930","0900","1930","0900","1500","0900","C1100405","013","32","23140","37.6662934478885","127.045847069683"
"경기도 성남시 분당구 미금로 45, 311호 (구미동, 진도훼미리프라자)","한마음약국","031-711-8235","1800","0900","1800","0900","1300","0900","1800","0900","1800","0900","1400","0900","C2101553","136","25","23141","37.33755700340252","127.11583828304832"
"경기도 고양시 덕양구 삼송로 12 (원흥동)","한마음약국","031-963-1771","2000","0900","2000","0900","2000","0900","2000","0900","2000","0900","1700","0900","C2107348","105","64","23142","37.64967698716306","126.8753654823214"
"울산광역시 중구 장춘로 171, (학산동)","울산교회앞","한마음약국","052-243-2267","1800","0900","1800","0900","1800","0900","1800","0900","1800","0900","1500","0900","C1700073","444","69","23143","35.558944444444442","129.326888888888902"
"울산광역시 북구 호계로 292 (호계동)","김환곤내과1층","한마음약국","052-282-0872","1830","0900","1830","0900","1830","0900","1830","0900","1830","0900","1300","0900","C1700174","442","27","23144","35.629236892575236","129.35130627858942"
"경기도 파주시 경의로 1821, 한마음신경외과내과 1층 (아동동)","한마음약국","031-957-7516","1900","0900","1900","0900","1900","0900","1900","0900","1900","0900","C2102316","108","53","23145","37.76832178048774","126.77729441273958"
"광주광역시 광산구 손재로 1, (산정동)","주로 조제위주로 하는 약국입니다","하남성심병원앞에 있읍니다","한마음약국","062-953-0250","1800","0830","1800","0830","1800","0830","1800","0830","1800","0830","1330","0830","C1500572","623","38","23146","35.1669001674","126.8013929012"
"서울특별시 은평구 은평터널로 196, (신사동)","신사동고개 사거리 인근","한마음약국","02-309-1881","1820","0900","1820","0900","1820","0900","1300","0900","1820","0900","1300","0900","C1100529","034","41","23147","37.5958276437388","126.909113934102"
"서울특별시 중구 마른내로 10(저동2가)","공휴일은 전화확인하세요","한마음약국","02-2271-2861","1920","0840","1920","0840","1920","0840","1920","0840","1920","0840","1700","0900","1800","0900","C1109537","045","52","23148","37.564528069003","126.988879594332"
"경기도 화성시 병점2로 46, 109호 (병점동, 태성빌딩)","한마음약국","031-233-7675","2100","0830","2040","0830","2040","0830","2040","0830","2100","0830","1530","0830","C2106816","184","14","23149","37.20666348976574","127.04176176613964"
"서울특별시 송파구 중대로 68 (문정동)","올림픽훼밀리타운아파트 상가 1층 131","한마음약국","02-404-8075","2000","0900","2000","0900","1900","0900","2000","0900","2000","0900","1800","0900","C1100530","058","33","23150","37.491061189119264","127.11734474632374"
"경기도 평택시 팽성읍 동서촌로 74,","객사리대원아파트앞","한마음약국","031-691-9185","2100","0900","2100","0900","2100","0900","2100","0900","2100","0900","2000","0900","1700","1200","1200","0900","C2101083","179","89","23151","36.96446605195257","127.0603909680979"
"경기 수원시 팔달구 팔달문로 156-1 (우만동)","한마음약국","031-217-7591","1800","0900","1800","0900","1800","0900","1800","0900","1800","0900","1300","0900","C2109956","162","40","23152","37.2828582181244","127.033167582854"
"경기도 안양시 동안구 관악대로 165, 102호 (비산동)","미륭아파트건너편주유소옆건물","한마음약국","031-383-2308","1830","0900","1830","0900","1830","0900","1830","0900","1830","0900","1400","0900","C2100798","139","26","23153","37.39914850871298","126.94240585433559"
"경기도 이천시 부발읍 무촌로 139","한마음약국","031-632-6885","1500","0900","1500","0900","1500","0900","1500","0900","1500","0900","1800","0900","C2101326","173","24","23154","37.2844257836693","127.48797623948735"
"경기도 남양주시 금곡로 72, 302-1호 (금곡동, 센타프라자)","한마음약국","031-595-3999","2000","0900","2000","0900","2000","0900","2000","0900","2000","0900","1600","0900","1330","0900","1300","0900","C2103807","122","37","23155","37.63448989005249","127.21115789805289"
"경기도 성남시 수정구 산성대로 207, 1층 (신흥동)","한마음약국","031-723-6060","1900","0900","1900","0900","1900","0900","1900","0900","1900","0900","1430","0900","C2101562","133","45","23156","37.43809483197429","127.14082513982859"
"경기도 김포시 태장로 800, 109호 (장기동)","한마음약국","031-984-7666","1800","0900","1800","0900","1800","0900","1800","0900","1800","0900","C2107363","100","89","23157","37.638097784","126.678449922"
"인천광역시 부평구 길주남로 159, 101호 (부개동, 새롬프라자14차)","일요일 사전 문의","부개주공2단지 부근, 부평기적의 도서관 사거리 위치","한마음약국","032-362-0158","2100","1000","2100","1000","2100","1000","2100","1000","2100","1000","C1401476","213","45","23158","37.50399703882162","126.73959071422901"
"서울특별시 강서구 등촌로 147, 1층 (등촌동, 유석빌딩)","한마음약국","02-2652-6692","1900","0900","1900","0900","1900","0900","1900","0900","1900","0900","1400","0900","C1107322","076","71","23159","37.5428771879604","126.862405130693"
"충청북도 충주시 국원대로 179 (금릉동)","임광사거리","한마음약국","043-857-4467","1830","0900","1830","0900","1830","0900","1830","0900","1830","0900","1400","0830","C2300246","273","40","23160","36.98770614416593","127.92803219777245"
"충청북도 괴산군 괴산읍 임꺽정로 118, 한마음약국","한마음약국","043-833-0058","1800","0900","1800","0900","1800","0900","1800","0900","1800","0900","1300","0900","C2300426","280","27","23161","36.81536110583036","127.78386836862916"
"경기도 용인시 기흥구 한보라2로 188, 1층 104호 (공세동)","한마음약국","031-283-7002","2100","0900","2100","0900","2100","0900","2100","0900","2100","0900","2100","0900","C2106552","170","83","23162","37.24410711474849","127.10588063624668"
"충청북도 청주시 상당구 쇠내로 126 (금천동)","한마음약국","043-255-5771","1930","0830","1930","0830","1930","0830","1930","0830","1930","0830","1800","0830","C2300166","287","40","23163","36.622533333333337","127.506386111111112"
"충청북도 옥천군 옥천읍 삼금로 6","한마음약국","043-731-5055","1800","0830","1800","0830","1800","0830","1800","0830","1800","0830","1300","0830","C2300144","290","37","23164","36.299074403319096","127.56677907867982"
"경기도 부천시 소사구 경인로 231, 2층 (심곡본동, 아이쇼핑)","한마음약국","032-614-8169","1800","0900","1800","0900","1800","0900","1800","0900","1800","0900","C2106902","147","09","23165","37.48348458362482","126.7812696467647"
"대구광역시 동구 화랑로 111, 1층(효목동)","한마음약국","053-752-2335","1830","0900","1830","0900","1830","0900","1830","0900","1830","0900","1300","0900","C1300159","412","38","23166","35.873339032794135","128.63869873903482"
"대구광역시 수성구 명덕로 368, 2층 217호 (수성동1가, 우방한가람타운)","한마음약국","053-764-8761","1900","0900","1900","0900","1900","0900","1900","0900","1900","0900","1300","0900","C1300359","421","30","23167","35.8543563867567","128.61022624457786"
"부산광역시 북구 시랑로 159","버스정류장: 새마을금고 옆","한마음약국","051-337-9955","1930","0900","1930","0900","1930","0900","1930","0900","1930","0900","1400","0900","C1201302","466","24","23168","35.19618043963701","129.01277682459312"
"부산광역시 해운대구 선수촌로 94, 102호 (반여동, 대룡빌딩)","주말,공휴일 방문시 전화문의 요망","한마음약국","051-529-2272","2030","0900","2030","0900","2030","0900","2030","0900","2030","0900","1900","0900","1400","0900","C1200069","480","37","23169","35.20211613724832","129.11956367127428"
"부산광역시 동래구 충렬대로 92, 1층 (온천동)","일요일 10:00 ~ 15:00 영업 합니다. 공휴일 운영시간은 주변 병의원 진료 여부에 따라 변동 될 수 있으니, 전화주시고 방문해주세요!","광혜병원처방 / 대학병원처방 / 인근병의원 처방 조제 약국입니다. 각종 일반의약품, 건강기능식품, 당뇨소모성재료, 의약외품 취급합니다. 친절한 복약상담 및 건강상담을 약속드립니다.","3,4호선 미남역 10번 출구","한마음약국","051-502-8875","1800","0830","1800","0830","1800","0830","1800","0830","1800","0830","1330","0830","1500","1000","1800","0830","C1202469","478","21","23170","35.20718587","129.0709044134"
"서울특별시 종로구 창경궁로 158 (원남동)","격주 토요일 정기 휴무","원남동로터리 서울대학교병원정문","한마음약국","02-3676-4411","1830","0830","1830","0830","1830","0830","1830","0830","1830","0830","1330","0830","1330","0830","C1102177","030","81","23171","37.5764587371697","126.997570843872"
"강원특별자치도 홍천군 홍천읍 연봉로 35","마지막주 일요일 휴무, 개인사정 있을 시 문 닫을때 있음","연봉8층 건물(태영빌딩) 건너편","한마음약국","033-432-1345","2100","0830","2100","0830","2100","0830","2100","0830","2100","0830","2100","0830","2100","0930","2100","0930","C2200156","251","46","23172","37.68176440383895","127.87774460942885"
"강원특별자치도 원주시 단구로 351 (단구동)","프리미엄 아울렛 근처 삼오정 옆 코웰이비이인후과 1층","한마음약국","033-763-7520","1900","0900","1900","0900","1900","0900","1900","0900","1900","0900","1400","0900","1300","0900","C2200580","264","90","23173","37.32447152208639","127.95859878334826"
"인천광역시 남동구 만수로 14-70, (만수동)","만수주공 아파트 국민은행 옆건물","한마음약국","032-461-0972","1900","0930","1900","0930","1900","0930","1900","0930","1900","0930","1300","0930","C1400560","215","25","23174","37.45598237056957","126.73312398589183"
"강원특별자치도 동해시 효자로 691, (효가동)","한마음약국","033-521-9998","1800","0900","1800","0900","1800","0900","1800","0900","1800","0900","1230","0900","C2200373","258","02","23175","37.49295832093189","129.1096920562964"
"인천광역시 계양구 오조산로 3, 한미리빌딩 (작전동)","공휴일 유동적","작전이마트 가기 전, 동부아파트 506동 건너편","한마음약국","032-551-7701","1900","0900","1900","0900","1900","0900","1900","0900","1900","0900","1600","0900","1500","0900","C1400180","210","80","23176","37.53122674961742","126.73796965701385"
"전라남도 목포시 백년대로 331-1 (상동)","명절 당일만 휴일","유달성형외과 근처 하나대투증권 근처","한마음약국","061-284-1820","2000","0800","2000","0800","2000","0800","2000","0800","2000","0800","1800","0800","1800","0900","1800","0900","C2600519","586","64","23177","34.80555721693461","126.42349627907592"
"인천광역시 연수구 송도문화로28번길 28, 203동 208호 (송도동, 송도글로벌캠퍼스푸르지오)","글로벌캠퍼스푸르지오 상가 203동 208호","한마음약국","070-4126-9715","2000","0900","2000","0900","2000","0900","2000","0900","2000","0900","1700","0900","1400","0900","1400","0900","C1401451","219","86","23178","37.37491946914329","126.65381972278607"
"인천광역시 서구 원적로 85, 우신프라자 210호 (가좌동)","가좌 동진주아파트 맞은편 국민은행 건물 2층","한마음약국","032-571-7582","1930","0900","1930","0900","1930","0900","1930","0900","1930","0900","1400","0900","C1400029","228","09","23179","37.494544444444443","126.681302777777773"
"전라남도 순천시 장선배기1길 9-4, 1층 (조례동)","한마음약국","061-725-1616","1900","0900","1900","0900","1900","0900","1900","0900","1900","0900","1900","0900","1300","0900","1300","0900","C2601129","579","68","23180","34.9536061028","127.5220576558"
"강원특별자치도 철원군 갈말읍 두루미로 97, 한마음약국 (갈말읍)","문혜리 버스정류장 앞","한마음약국","033-452-5271","1900","0900","1900","0900","1900","0900","1900","0900","1900","0900","1700","0900","C2200271","240","31","23181","38.18484124933082","127.32048094527256"
"충청남도 서산시 시장6로 5, (동문동)","서울정형외과 맞은편","한마음약국","041-663-8242","1840","0800","1840","0800","1840","0800","1840","0800","1840","0800","1340","0800","C2400764","319","81","23182","36.780213583810294","126.45771140107945"
"울산광역시 동구 봉수로 370(전하동, 전하동현대홈타운)","현대홈타운아파트 상가1층","한마음온누리약국","052-234-7582","1800","0900","1800","0900","1800","0900","1800","0900","1800","0900","C1700334","440","36","23183","35.51816012624338","129.42663013884214"
"서울특별시 강남구 개포로 504, 메트하임 1층 106호 (개포동)","한마음온누리약국","02-445-7582","2000","0900","1930","0900","1900","0900","1900","0900","2000","0900","1500","0900","C1109379","063","29","23184","37.4890546234463","127.067186912363"
"인천광역시 서구 서곶로 355","연희동홈플러스익스프레스옆","한마음온누리약국","032-565-4668","2030","0900","2030","0900","2030","0900","2030","0900","2030","0900","1700","0900","1230","0900","C1400019","227","21","23185","37.5492993845298","126.67671667935213"
"서울특별시 도봉구 노해로70길 46, 주공아파트 19단지종합상가 1층 122호 (창동)","창동주공19단지 상가","한마음온누리약국","02-991-0400","1900","0830","1900","0830","1900","0830","1900","0830","1900","0830","1300","0830","C1103040","014","17","23186","37.6502819830907","127.051377751402"
"경기도 의정부시 용민로 77","한마음이화약국","031-853-9700","1900","0900","1900","0900","1900","0900","1900","0900","1900","0900","1600","0900","C2102959","117","86","23187","37.737713079753476","127.08675380136881"
"경상남도 창원시 의창구 용동로 45, 현대썬앤빌더스퀘어 H동 1층 102호 (사림동)","한마음정문약국","055-266-0182","1900","0900","1900","0900","1900","0900","1900","0900","1900","0900","1400","0900","C2802164","511","39","23188","35.237000605552964","128.69797061126775"
"경상남도 창원시 의창구 용동로57번안길 9-6, 창원중앙역 유탑바이탈시티 1동 1층 118-1호 (사림동)","한마음후문약국","055-267-0153","1930","0900","1930","0900","1930","0900","1930","0900","1930","0900","1500","0900","C2802338","511","39","23189","35.2388926553907","128.698661229901"
"충청북도 청주시 서원구 청남로 2002","한미르약국","043-296-2961","1900","0900","1900","0900","1900","0900","1900","0900","1900","0900","1700","0900","1700","0900","C2300421","287","97","23190","36.61078378997024","127.48499043725445"
"경기도 부천시 원미구 도약로 33, 늘푸른상가 104호 (상동)","한미소약국","070-7718-9927","2100","0900","2100","0900","2100","0900","2100","0900","2100","0900","C2107328","145","04","23191","37.5125682944","126.7534551601"
"서울특별시 중구 청계천로 318 1층 (신당동)","동평화시장1층","한미약국","02-2238-5929","1800","0730","1800","0730","1800","0730","1800","0730","1800","0730","1700","0730","C1100414","045","68","23192","37.5693565845148","127.013791492597"
"서울특별시 강동구 양재대로 1629, (명일동)","명일역1번출구","한미약국","02-3426-4271","1930","0830","1930","0830","1930","0830","1930","0830","1930","0830","1700","0830","C1104308","052","57","23193","37.5510529952601","127.143672912956"
"경기도 하남시 신장로 141 (덕풍동)","한미약국","031-796-0615","1530","0900","1530","0900","1530","0900","1530","0900","1530","0900","1530","0900","C2100546","129","77","23194","37.53862603053012","127.20260186051709"
"경기도 고양시 일산서구 일현로 56","탄현역앞 삼정프라자","한미약국","031-922-9577","1900","0900","1900","0900","1900","0900","1900","0900","1900","0900","1600","0900","C2102874","103","43","23195","37.69193334618554","126.7637512991152"
"서울특별시 성북구 종암로 97 (종암동)","먹는치료제 조제기관 사정에 따라 일찍 폐문하거나 휴무할 수 있습니다.","종암동주민센타건너편","한미약국","02-925-0825","2100","0900","2100","0900","2100","0900","2100","0900","2100","0900","1900","0900","1900","1000","1900","1000","C1100409","028","04","23196","37.5989706836624","127.034242869282"
"서울특별시 서대문구 수색로 30, 지하1층, 1층 (남가좌동)","7-8월 하절기 영업시작 08:30 OPEN 공휴일은 전화확인하세요","가좌역건너편한미약국1층","한미약국","02-375-3548","2000","0900","2000","0900","2000","0900","2000","0900","2000","0900","1900","0900","1800","1100","1800","1100","C1100413","037","12","23197","37.5693738471486","126.915284959107"
"대구광역시 동구 송라로 30","한미약국","053-745-4510","1830","0900","1830","0900","1830","0900","1830","0900","1830","0900","1300","0900","C1300427","412","59","23198","35.87006355973933","128.62025995523845"
"경상남도 창원시 마산회원구 석전동5길 24 (석전동)","마산 우체국 뒷편","한미약국","055-293-9885","2100","0900","2100","0900","2100","0900","2100","0900","2100","0900","1800","0900","C2800507","513","04","23199","35.230797222222222","128.574688888888886"
"광주광역시 동구 백서로 136(학동)","한미약국","062-228-7070","1800","0830","1800","0830","1800","0830","1800","0830","1800","0830","1300","0830","C1501334","614","89","23200","35.1422041521742","126.920106411239"
"충청남도 아산시 고불로 669, 109호 (좌부동, 초원아파트2차상가)","초원아파트 상가","한미약국","041-548-9664","1900","0900","1900","0900","1900","0900","1900","0900","1900","0900","1300","0900","C2400340","315","81","23201","36.7538502629749","127.03059697477639"
"강원특별자치도 철원군 서면 와수1로 18","한미약국","033-458-8067","1900","0900","1900","0900","1900","0900","1900","0900","1900","0900","C2200872","240","59","23202","38.23856720267378","127.43689355710978"
"경기도 김포시 통진읍 김포대로2230번길 24, 1층","일요일, 공휴일 전화확인 후 방문","한미약국","031-989-5612","2000","0830","2000","0830","2000","0830","2000","0830","2000","0830","2000","0830","C2100377","100","18","23203","37.69092103013307","126.5997913653553"
"대구광역시 중구 동성로6길 2-1 (동성로2가)","대구백화점본점옆","한미약국","053-425-4803","2100","1000","2100","1000","2100","1000","2100","1000","2100","1000","2000","1000","2000","1000","C1300504","419","41","23204","35.868972686452764","128.5956375385352"
"광주광역시 광산구 월곡산정로 81, (월곡동)","일요일, 공휴일 쉽니다.","한미약국입니다.","한미약국","062-953-6500","1900","0900","1900","0900","1900","0900","1900","0900","1900","0900","1600","0900","C1500115","623","50","23205","35.16617021024076","126.81107380146122"
"전라남도 목포시 백년대로307번길 7, (상동)","기독병원뒷편","한미약국","061-281-2274","1830","0830","1830","0830","1830","0830","1830","0830","1830","0830","1300","0830","1300","0830","C2600485","586","66","23206","34.80486928702453","126.4208039779357"
"대구광역시 달서구 야외음악당로39길 45 (두류동)","한미약국","053-624-9831","1800","0900","1800","0900","1800","0900","1800","0900","1800","0900","1300","0900","C1300404","426","49","23207","35.85399132670759","128.55414246870376"
"경상북도 포항시 남구 구룡포읍 구룡포길 71","구200번종점","한미약국","054-276-5366","1800","0900","1800","0900","1800","0900","1800","0900","1800","0900","1300","0900","C2700028","379","32","23208","35.990393806838625","129.55383548522366"
"경상북도 안동시 경동로 673","처방전 받지 않음","남부동, 갈비골목 근처, 교보빌딩. 일직식당 건너편, 시내버스정류장","한미약국","054-857-6860","1800","0900","1800","0900","1800","0900","1800","0900","1800","0900","1800","0900","1800","0900","1800","0900","C2700352","760","100","23209","36.56331587530319","128.73159851520506"
"경상남도 창원시 진해구 속천로 36, 1층 일부호 (태평동)","농협중앙회 옆","한바다약국","055-545-3366","1900","0900","1900","0900","1900","0900","1900","0900","1900","0900","1400","0900","C2800523","516","82","23210","35.151839434178605","128.6635443334561"
"부산광역시 기장군 일광읍 해빛로 13, 일광제일프라자 102호","한바다약국","051-722-0017","1930","0840","1930","0840","1930","0840","1930","0840","1930","0840","1500","0840","1500","0840","1500","0840","C1202687","460","48","23211","35.2661852669655","129.226427250021"
"대구광역시 중구 이천로 232-1, 1층 (봉산동)","한방약국청라","0532551333","1800","1000","1800","1000","1800","1000","1800","1000","1800","1000","C1301848","419","49","23212","35.8618505370782","128.59938866255624"
"대전광역시 서구 계백로 1418, 1층 (도마동)","도마2동우체국옆","한밭약국","042-585-6878","1830","0830","1830","0830","1830","0830","1830","0830","1830","0830","1430","0830","C1600144","354","00","23213","36.312372510635704","127.37909754834888"
"대전광역시 중구 계백로 1711-1, 1층 (오류동)","세이백화점맞은편","한밭제일약국","042-533-8575","1830","0900","1830","0900","1830","0900","1830","0900","1830","0900","1400","0900","C1600314","349","09","23214","36.32190745707847","127.40955915163961"
"경기도 김포시 김포대로 847, 중앙프라자 1층 102호 일부호 (사우동)","한별서울약국","031-989-8853","1830","0900","1830","0900","1830","0900","1830","0900","1830","0900","1330","0900","C2109189","101","10","23215","37.6196965776959","126.71964754503"
"충청북도 청주시 서원구 구룡산로 386, 1층 (수곡동)","청주구법원사거리","한별약국","043-284-7706","1830","0830","1830","0830","1830","0830","1830","0830","1830","0830","1300","0830","C2300009","287","08","23216","36.618102777777779","127.487038888888890"
"경기도 이천시 중리천로70번길 42 (중리동)","이천성심의원 앞","한별약국","031-631-1141","1400","0900","1400","0900","1400","0900","1400","0900","1400","0900","1500","0830","C2102089","173","74","23217","37.277794532244805","127.44380146151506"
"전라남도 목포시 청호로 206, 1층 101호 (산정동, 신안비치팔레스)","개천절, 한글날 휴무","한별약국","061-272-7002","1800","0900","1800","0900","1800","0900","1800","0900","1800","0900","1230","0900","C2601184","586","22","23218","34.80848212074054","126.37109761257044"
"충청남도 당진시 합덕읍 운산로 159, 한별약국","합덕읍운산리 제일의원옆","한별약국","041-363-5945","1800","0830","1800","0830","1800","0830","1800","0830","1800","0830","1600","0830","C2400756","318","11","23219","36.809380644005365","126.77118801090342"
"경상남도 진주시 진주대로 558","개양파출소 옆","한별약국","055-757-2511","1900","0900","1900","0900","1900","0900","1900","0900","1900","0900","1300","0900","C2800680","528","23","23220","35.15634462092231","128.1076849211467"
"경상남도 산청군 산청읍 중앙로 19","당직일(1~4일) ~21:00 운영, 전화 확인 후 방문 필요","산청축협 앞","한보당약국","055-973-5300","1830","0900","1830","0900","1830","0900","1830","0900","1830","0900","1300","0900","C2800104","522","19","23221","35.415555555555557","127.876894444444446"
"충청남도 아산시 탕정면 한들물빛5로 5, 젤존메디컬시티 110,111호","한봄약국","0507-1306-3972","1930","0830","1930","0830","1930","0830","1930","0830","1930","0830","1930","0830","C2401814","314","65","23222","36.786796381187","127.083901239269"
"부산광역시 연제구 연수로 137 (연산동)","공공심야약국 운영 심야시간 운영일인지 전화문의바람","신리삼거리","한빛메디칼약국","051-862-6132","2500","0920","2500","0920","2500","0920","2500","0920","2500","0920","1300","0900","2500","2200","C1200563","476","03","23223","35.174924426177","129.08589122843"
"서울특별시 강북구 도봉로 52, 7층 (미아동, 연이빌딩)","미아사거리역 1번출구","한빛약국","02-6312-6351","1930","0930","1930","0930","2100","0930","1930","0930","1930","0930","1500","0900","C1107436","012","15","23224","37.613699372646","127.03052852605"
"서울 서대문구 세검정로1길 95 1층 상가내 (홍은동, 홍은벽산아파트)","한빛약국","02-3216-5738","1900","0900","1900","0900","1900","0900","2000","1400","1900","0900","1400","0900","C1104780","036","12","23225","37.5944921897087","126.945544019326"
"경기도 성남시 중원구 둔촌대로 274, 1층 124호 (하대원동, 태연스카이빌)","한빛약국","031-751-7990","2000","0900","2000","0900","2000","0900","2000","0900","2000","0900","1800","0900","C2102242","134","06","23226","37.4287504331","127.1488926245"
"경기도 시흥시 호현로 49 (대야동)","시흥시보건소옆","한빛약국","031-312-3610","2030","0900","2030","0900","2030","0900","2030","0900","2030","0900","1900","0900","C2103281","149","04","23227","37.444830555555555","126.784824999999998"
"경기도 광주시 초월읍 경충대로 926, 1층","한빛약국","031-762-0039","1800","0900","1800","0900","1800","0900","1800","0900","1800","0900","C2106401","127","99","23228","37.3651677320346","127.31129410015899"
"경기도 고양시 덕양구 용현로 27, 104호 (행신동, 행신프라자)","한빛약국","031-970-6192","2100","0900","2100","0900","2100","0900","2100","0900","2100","0900","2000","0900","C2102769","105","26","23229","37.61516346648306","126.83566789494986"
"대전광역시 유성구 어은로 57","한빛약국","042-862-0110","2130","0900","2130","0900","2130","0900","2130","0900","2130","0900","2130","0900","2100","0930","2100","0930","C1600145","341","40","23230","36.36367977047925","127.3563921836665"
"경기도 수원시 팔달구 매산로 18, (매산로1가)","한빛약국","031-242-2778","2300","0900","2300","0900","2300","0900","2300","0900","2300","0900","2300","0900","2000","1600","C2101023","164","61","23231","37.26728957628057","127.00350850986103"
"경기도 구리시 이문안로 101 (수택동)","수택동럭키아파트맞은편버스정류장앞건물","한빛약국","031-569-9700","1900","0900","1900","0900","1900","0900","1900","0900","1900","0900","1300","0900","C2102263","119","41","23232","37.59190693704666","127.14289759137077"
"경기도 남양주시 퇴계원읍 도제원로 22 (성원상가 105호)","성원아파트앞","한빛약국","031-529-8899","2200","0830","2200","0830","2200","0830","2200","0830","2200","0830","2200","0830","2100","0900","C2103767","121","24","23233","37.64978760267633","127.14494520813852"
"경기도 오산시 운암로 113","운암1,2,3,단지 중간사거리수영장건물1층","한빛약국","031-372-6267","1900","0830","1900","0830","1900","0830","1900","0830","1900","0830","1900","0830","C2101105","181","34","23234","37.156191252529645","127.07802277015662"
"경기도 용인시 처인구 백옥대로 1112","한빛약국","031-337-0330","1900","0900","1900","0900","1900","0900","1900","0900","1900","0900","1600","0900","C2101859","170","51","23235","37.23485357657229","127.20927496309817"
"경기도 광명시 도덕로 39, 2층 (광명동)","광문초교 사거리 베스킨라빈스 건물에서 2층으로 올라오시면 됩니다 (엘레베이터 있습니다). 광명시 고혈압 당뇨병 등록교육사업 등록약국, 당뇨병 소모성재료 공급업소, 금연치료 건강보험 치료사업 참여 기관입니다. 문의사항은 010-2679-5143 으로 문자 또는 카톡으로 연락 주세요.","한빛약국","02-2619-5143","1840","0900","1840","0900","1840","0900","1840","0900","1840","0900","1400","0900","C2101816","142","76","23236","37.46878918800184","126.85217653270806"
"경기도 평택시 중앙2로 13, 1층 114호 (평택동, 센텀스카이빌딩)","한빛약국","031-657-0037","1700","0900","1700","0900","1700","0900","1700","0900","1700","0900","1700","0900","C2103563","179","09","23237","36.9918191007562","127.08856527677833"
"경기도 화성시 향남읍 삼천병마로 207 (향남읍)","발안사거리미니스톱건너편(시내방향)","한빛약국","031-353-3823","1900","0900","1900","0900","1900","0900","1900","0900","1900","0900","1600","0900","C2101918","185","93","23238","37.131113284599486","126.90994306760231"
"경기도 수원시 장안구 대평로 72, 선일프라자 1층 107호 (정자동)","한빛약국","031-269-1650","1800","0900","1800","0900","1800","0900","1800","0900","1800","0900","1300","0900","C2109694","163","34","23239","37.2948042621845","126.993954222808"
"경기도 부천시 원미로143번길 12 (원미동)","원미시장 입구","한빛약국","032-611-6330","2200","0900","2200","0900","2200","0900","2200","0900","2200","0900","2200","0900","C2104004","145","67","23240","37.49556372604462","126.79103085702616"
"서울특별시 노원구 월계로55길 4, 111호 (월계동, 사슴아파트2단지상가)","월계사슴아파트 2단지 상가","한빛약국","02-979-0993","2100","0900","2100","0900","2100","0900","2100","0900","2100","0900","1800","0900","C1100259","018","64","23241","37.6319318700196","127.060914604888"
"충청북도 청주시 흥덕구 비하로 1, 1층 (비하동)","점심 13~14시","한빛약국","043-234-0975","1900","1000","1900","1000","1900","1000","1900","1000","1900","1000","1400","1000","C2301129","283","66","23242","36.62741117755191","127.42565467597606"
"충청남도 서산시 고운로 62, (읍내동)","경찰서사거리","한빛약국","041-663-0031","1900","0800","1900","0800","1900","0800","1900","0800","1900","0800","1300","0800","C2400314","319","89","23243","36.777006564350536","126.44617383050762"
"서울특별시 중랑구 겸재로 225, 1층 (면목동)","한빛약국","02-2207-3588","1900","0900","1900","0900","1900","0900","1900","0900","1900","0900","1300","0900","C1108485","021","62","23244","37.5896886912179","127.092568372609"
"경기도 김포시 중봉1로 51, 101호 (감정동)","감정동 홈플러스에서 신한아파트 방면으로 가면 단지 끝 삼거리에 위치.","한빛약국","031-998-8345","1800","0800","1800","0800","1300","0800","1800","0800","1800","0800","1300","0800","C2100311","101","02","23245","37.625043008233675","126.70267525850758"
"경기도 부천시 중동로 417 (삼정동)","삼정초교정문 건너편에서 기아자동차 방향으로 오다가 BHC치킨 옆건물 1층","한빛약국","032-674-2912","2100","0900","2100","0900","2100","0900","2100","0900","2100","0900","C2100446","144","99","23246","37.5172534562511","126.76995914019346"
"대구광역시 동구 송라로 81, 1층 (신천동)","신천네거리신천역4번출구","한빛약국","053-422-5040","1300","0900","1300","0900","1300","0900","1300","0900","1300","0900","1300","0900","C1300204","412","64","23247","35.874156246403984","128.6174689548376"
"대구광역시 달성군 다사읍 서재로 120, 상가동 102호 (서재화진금봉타운)","한빛약국","053-588-3385","1800","0900","1800","0900","1800","0900","1800","0900","1800","0900","1230","0900","C1301059","429","27","23248","35.874332285094795","128.4975977792298"
"대구광역시 남구 월배로 468, 한영유니죤빌딩 1층 104호 (대명동)","한빛약국","053-657-2269","1800","0900","1800","0900","1800","0900","1800","0900","1800","0900","1300","0900","C1301522","424","98","23249","35.8346392799","128.555959237"
"부산광역시 동구 고관로 155-1 (좌천동)","봉생병원 후문","한빛약국","051-647-1172","1740","0840","1740","0840","1740","0840","1740","0840","1740","0840","1230","0840","C1200329","487","73","23250","35.13126664315273","129.0500419612463"
"부산광역시 사하구 낙동대로 158(괴정동)","13:00~14:00 점심","1호선 대티역 1번출구","한빛약국","051-206-4848","1830","0900","1830","0900","1830","0900","1830","0900","1830","0900","1400","0900","C1201017","493","39","23251","35.102583333333335","128.999202777777782"
"전라남도 영광군 홍농읍 홍농로 546, 사택 종합복지관 1층","밤에도 든든하게 열려있는 영광 홍농읍의 작은 약국 입니다 :)","한빛약국","061-356-3994","2300","1400","2000","1200","2300","1400","2300","1400","2000","1200","2300","1400","2300","1400","2100","1400","C2601338","570","05","23252","35.4028389118953","126.451851271777"
"서울특별시 강서구 강서로62길 98, 101호 (등촌동, 신한은행등촌점)","등촌고등학교 인근","한빛약국","02-2658-7371","1900","0900","1900","0900","1900","0900","1900","0900","1900","0900","1400","0900","C1109039","075","86","23253","37.5616988297823","126.845014067467"
"대구광역시 수성구 달구벌대로 2435, 301-306(범어동,두산위브더제니스)","한빛약국","053-756-2322","1900","0900","1900","0900","1900","0900","1900","0900","1900","0900","1400","0900","C1300888","420","28","23254","35.8609893562","128.6282665581"
"강원특별자치도 홍천군 남면 양덕원2길 15","양덕원파출소 옆","한빛약국","033-432-4443","1730","0800","1730","0800","1730","0800","1730","0800","1730","0800","1730","0800","C2200249","251","08","23255","37.61676704858046","127.76846017608119"
"전라남도 목포시 영산로 343-1, (용당동)","mbc건너편 국민은행옆","한빛약국","061-279-7963","1300","0900","1300","0900","1300","0900","1300","0900","1300","0900","1300","0830","C2600521","586","51","23256","34.8062380670027","126.40303927083462"
"부산광역시 북구 만덕대로 36, (덕천동)","지하철 덕천역 4번출구에서 만덕방향, 부산상호신용은행 옆","한빛약국","051-337-7950","2000","0830","2000","0830","2000","0830","2000","0830","2000","0830","1630","0830","C1201041","465","77","23257","35.21071926304976","129.00899339443714"
"강원특별자치도 동해시 중앙로 214, 1층 (천곡동)","토요일 운영: 21시~24시(둘째주, 넷째주 토요일 운영 제외)","한마음병원과 해람병원 사이","한빛약국","033-535-8060","1900","0900","1900","0900","1900","0900","1900","0900","1900","0900","1300","0900","2400","2100","2400","2100","C2200282","257","70","23258","37.519950000000001","129.115680555555542"
"강원특별자치도 철원군 동송읍 금학로 226","헌병사거리에서 오덕교 방향쪽","한빛약국","033-455-7320","1900","0830","1900","0830","1900","0830","1900","0830","1900","0830","1400","0830","C2200030","240","15","23259","38.20952639018494","127.21815894985663"
"경상북도 경산시 경안로39길 2","한빛약국","053-815-4210","1830","0900","1830","0900","1830","0900","1830","0900","1830","0900","1230","0900","C2700554","386","22","23260","35.82483400454629","128.7367266566393"
"경상북도 구미시 선산대로 115 (지산동)","구미시보건소옆","한빛약국","054-457-5116","1800","0900","1800","0900","1800","0900","1800","0900","1800","0900","C2700250","391","92","23261","36.1405485762765","128.3462186333564"
"경상북도 경주시 황성로 37","한빛약국","054-777-5550","1900","0830","1900","0830","1900","0830","1830","0830","1900","0830","1300","0830","C2700219","380","80","23262","35.86627744771164","129.21496463794037"
"인천광역시 남동구 성말로13번길 15, 125호 (구월동, 메인프라자)","롯데백화점옆,롯데스파싸우나건물1층","한빛약국","032-433-9870","2000","0900","2000","0900","2000","0900","2000","0900","2000","0900","1630","0900","C1400308","215","73","23263","37.44627205992731","126.70179301763727"
"강원특별자치도 원주시 태장둔치길 41, (태장동)","일요일 유동적으로 운영함(11:00~17:00)","한빛약국","033-743-8568","2030","0800","2030","0800","2030","0800","2030","0800","2030","0800","1730","0800","1500","0930","1500","0930","C2200385","263","16","23264","37.38373552826546","127.95199776730773"
"광주광역시 광산구 상무대로 256, 송정빌딩 1층 (송정동)","한빛약국","062-945-9571","1800","0900","1800","0900","1800","0900","1800","0900","1800","0900","1300","0900","C1500003","624","28","23265","35.14129802437275","126.79492825178275"
"광주광역시 남구 회서로22번나길 4 (주월동)","한빛약국","062-672-3868","1800","0900","1800","0900","1800","0900","1800","0900","1800","0900","1300","0900","C1501221","617","30","23266","35.13049971641218","126.89291993715375"
"서울특별시 서초구 효령로 261-1, 1층 (서초동)","한빛약국","02-585-5405","2000","0900","2000","0900","2000","0900","2000","0900","2000","0900","1500","0900","C1110767","066","53","23267"
"제주특별자치도 서귀포시 장수로 36 (동홍동)","서귀포의료원 정문 건너편","한빛약국","064-762-3617","1730","0830","1730","0830","1730","0830","1730","0830","1730","0830","C2900075","635","85","23268","33.25652291923493","126.56430308613078"
"서울특별시 구로구 경인로 164","시티월드옆,오류2동방향지하차도옆","한빛약국","02-2625-6679","1900","0900","1900","0900","1900","0900","1900","0900","1900","0900","1500","0900","C1100260","082","73","23269","37.4940224220979","126.839968378442"
"충청남도 예산군 예산읍 예산로202번길 1","예산경찰서앞","한빛약국","041-331-2001","1900","0830","1900","0830","1900","0830","1900","0830","1900","0830","1330","0830","C2400437","340","804","23270","36.67968678976917","126.84714438295958"
"전북특별자치도 익산시 동서로 491","중앙체육공원SK주유소근처,온누리아동병원앞","한빛약국","063-835-5255","2100","0800","2100","0800","2100","0800","2100","0800","2100","0800","2100","0800","2100","0800","C2500412","545","65","23271","35.95276326588233","126.98724889820255"
"경기도 광명시 소하로 82 (소하동, 한빛프라자 105호)","1층 한빛프라자 105호","한빛온누리약국","02-893-1500","1900","0900","1900","0900","1900","0900","1900","0900","1900","0900","1600","0900","C2103064","143","16","23272","37.44770706762931","126.88336379486598"
"부산광역시 서구 충무대로 169 (남부민동)","송도아랫길 우리은행 건너편","한빛온누리약국","051-255-1230","1900","0900","1900","0900","1900","0900","1900","0900","1900","0900","1600","0900","1300","0900","1400","0900","C1200913","492","56","23273","35.085625000000000","129.024377777777772"
"경상남도 김해시 인제로 190, 선교빌딩 102호 (어방동)","한빛온누리약국","055-322-3345","2000","0800","2000","0800","2000","0800","2000","0800","2000","0800","1700","0800","C2802272","508","19","23274","35.2455606808935","128.904192232425"
"경기도 파주시 미래로408번길 22, 운정프라자 104호 (야당동)","한빛초등학교, 한빛마을 1단지","한빛중앙약국","031-945-3010","1840","0840","1840","0840","1840","0840","1840","0840","1840","0840","1500","0840","1300","0900","C2106370","109","07","23275","37.71396866898017","126.74881987318973"
"서울특별시 동작구 시흥대로 664 (신대방동)","대림성모병원건너편","한빛평화약국","02-848-4566","2000","0830","2000","0830","2000","0830","2000","0830","2000","0830","1830","0830","C1100261","070","68","23276","37.4906941108669","126.908428005132"
"대전광역시 중구 동서대로 1388, 117호 (목동,금호한사랑아파트 상가동)","한사랑대흥약국","042-223-0568","1800","0900","1800","0900","1800","0900","1800","0900","1800","0900","1230","0900","C1600315","348","49","23277","36.333422782763286","127.41243427001228"
"제주특별자치도 제주시 조천읍 신북로 217","조천새마을금고앞","한사랑약국","064-784-3336","1800","0810","1800","0810","1800","0810","1800","0810","1800","0810","1700","0810","C2900076","633","31","23278","33.535730974258364","126.63606829295051"
"경상남도 김해시 능동로155번길 2, 107호 (부곡동, 월드피아)","석봉마을 부산은행 옆","한사랑약국","055-314-1236","2000","0900","2000","0900","2000","0900","2000","0900","2000","0900","1600","0900","1300","0900","C2800129","509","81","23279","35.202671271","128.808251852"
"광주광역시 광산구 임방울대로 727-19, 101호 (월계동, 첨단삼능아파트상가)","첨단초교 맞은 편","한사랑약국","062-971-0468","1850","0900","1850","0900","1850","0900","1850","0900","1850","0900","1250","0900","C1500023","622","58","23280","35.219683163709696","126.83669033808579"
"경상북도 포항시 북구 죽도로 36-1, (죽도동)","한사랑약국","054-282-5661","1800","0800","1800","0800","1800","0800","1800","0800","1800","0800","1200","0800","1800","1530","C2700393","377","43","23281","36.0335029106","129.3645596915"
"대전광역시 동구 대전천동로 574","한사랑약국","042-222-2560","1730","0900","1730","0900","1730","0900","1730","0900","1730","0900","1200","0900","C1600099","346","25","23282","36.331532756670036","127.42819960953356"
"경상남도 통영시 중앙로 303, (북신동)","토요일, 일요일, 공휴일 운영 시간 전화 확인 필요","세종병원","한사랑약국","055-646-0066","1900","0900","1900","0900","1900","0900","1900","0900","1900","0900","1500","0900","C2800916","530","43","23283","34.85741961398906","128.4282060720434"
"전북특별자치도 부안군 부안읍 오정2길 23,","부안성모병원앞","한사랑약국","063-581-1300","2200","0830","2200","0830","2200","0830","2200","0830","2200","0830","2200","0830","2200","0900","2200","0900","C2500102","563","13","23284","35.725156370677844","126.73440080216596"
"충청남도 서천군 장항읍 장서로29번길 1","장봉열내과옆","한사랑약국","041-956-3047","1800","0800","1800","0800","1800","0800","1800","0800","1800","0800","C2400130","336","71","23285","36.01033337742461","126.69816004525129"
"전북특별자치도 익산시 궁동로 93 (어양동)","하나정형외과 1층","한사랑약국","063-835-1400","1900","0900","1900","0900","1900","0900","1900","0900","1900","0900","1400","0900","C2500133","545","52","23286","35.96154768234629","126.98152277892163"
"충청남도 보령시 대청로 12","연합클리닉","한사랑약국","041-936-0156","1800","0830","1800","0830","1700","0830","1800","0830","1800","0830","1300","0830","C2400541","334","71","23287","36.344718407300334","126.600712565462"
"경상남도 밀양시 하남읍 수산중앙로 16","시외버스터미널 부근","한사랑약국","055-391-3349","1800","0900","1800","0900","1800","0900","1800","0900","1800","0900","1300","0900","C2800840","504","59","23288","35.3746227161984","128.7072408470674"
"서울특별시 구로구 신도림로 7, 금강리빙스텔 123호 (신도림동)","구로역사거리에서 오목교 방향 ,미성아파트 맞은편","한사랑약국","02-2675-1081","1900","0900","1900","0900","1900","0900","1900","0900","1900","0900","1400","0900","C1100265","082","06","23289","37.5061633129074","126.877164760067"
"전북특별자치도 전주시 덕진구 안덕원로 373","(연중무휴)","고려병원 앞","한사랑약국","063-244-1251","2200","0900","2200","0900","2200","0900","2200","0900","2200","0900","2100","0900","2100","1030","2100","1030","C2500424","549","15","23290","35.83966953481055","127.16749973082766"
"충청북도 음성군 삼성면 덕정로 73","중앙외과 옆","한사랑약국","043-883-3002","1930","0800","1930","0800","1930","0800","1930","0800","1930","0800","1330","0830","C2300597","276","49","23291","37.02063525537821","127.49952692323778"
"서울특별시 마포구 망원로 78, 1층 (망원동)","망원동성산시장옆","한사랑약국","02-3141-6774","2000","0900","2000","0900","2000","0900","2000","0900","2000","0900","1800","0900","C1100262","040","10","23292","37.5573194051396","126.905529807998"
"인천광역시 부평구 부흥로294번길 4, 101호 (부평동,추인타워)","부평구 보건소 건너편","한사랑약국","032-522-9284","1930","0900","1930","0900","1930","0900","1930","0900","1930","0900","1500","0900","C1400443","213","90","23293","37.49819945151567","126.72427180453947"
"서울특별시 금천구 시흥대로63길 64, 1층 (시흥동)","금천구청역 앞","금천구청역 1번 출구 전방 50m. 금천구청 근처","한사랑약국","02-856-3588","1930","0900","1930","0900","1930","0900","1930","0900","1930","0900","1430","0900","1300","0900","C1104262","086","13","23294","37.4557478886803","126.896102193289"
"울산광역시 동구 대학길 130, 1층 (화정동)","한사랑약국","052-234-7701","1900","0900","1900","0900","2100","1100","1900","0900","1900","0900","1900","1400","C1700707","440","75","23295","35.4977489092898","129.424661980519"
"경기도 파주시 와석순환로 70, 109호 (야당동, 신운정프라자2)","한사랑약국","031-949-2365","1900","0900","1900","0900","1900","0900","1900","0900","1900","0900","1430","0900","C2106368","109","07","23296","37.710496557912215","126.75148081506121"
"경기도 광주시 고산길 4, 1층 3호 (고산동)","한사랑약국","031-767-1235","1900","0900","1900","0900","1900","0900","1900","0900","1900","0900","1300","0900","C2109639","127","90","23297","37.3700973330483","127.231754976338"
"대전광역시 서구 관저동로 164 (관저동)","토요일 격주","한사랑약국","042-543-0561","1800","0830","1800","0830","1800","0830","1800","0830","1800","0830","1300","0830","C1600333","353","65","23298","36.30647568640955","127.3412386277997"
"경기도 고양시 일산서구 중앙로 1416, 703호 (주엽동,한사랑빌딩)","주엽역8번출구뒷쪽","한사랑약국","031-922-8666","1400","0900","1400","0900","1400","0900","1400","0900","1400","0900","1400","0900","C2102524","103","86","23299","37.66980610449251","126.76299544683836"
"경기도 양주시 장흥면 가마골로 9 (장흥면)","송추푸른마을상가 201호","한사랑약국","031-855-5145","1730","0900","1730","0900","1730","0900","1730","0900","1730","0900","1230","0900","C2102908","115","21","23300","37.71976119293162","126.97464061161986"
"울산광역시 중구 번영로 475 (복산동)","둘째주 수요일, 넷째주 일요일 휴무(마트휴무일 동일)","홈플러스울산점","한사랑약국","052-296-9991","2200","1000","2200","1000","2200","1000","2200","1000","2200","1000","2200","1000","2200","1000","C1700100","444","78","23301","35.564304044429136","129.3348033808602"
"경기도 의정부시 평화로 382, (호원동)","회룡역4거리","한사랑약국","031-871-1970","1900","0900","1900","0900","1900","0900","2000","0900","1900","0900","1400","0900","C2102761","117","03","23302","37.725969444444445","127.048405555555561"
"서울특별시 중랑구 신내로 225 (신내동)","점심시간 13:00~14:00","한사랑약국","070-4229-9602","1800","0900","1800","0900","1800","0900","1800","0900","1800","0900","1300","0900","C1107114","020","24","23303","37.6169671050345","127.091360778797"
"서울특별시 강동구 양재대로89길 16, 214호(성내동,파크프라자)","한사랑약국","02-6425-2003","1900","0830","1900","0830","1900","0830","1900","0830","1900","0830","1400","0830","C1102032","054","04","23304","37.5268826423806","127.134695601656"
"부산광역시 남구 석포로 69-1, 1층 (대연동)","광복절 휴무","버스정류장: 남광시장 맞은편","한사랑약국","051-990-9138","2000","0900","2000","0900","2000","0900","1600","0900","2000","0900","C1200576","484","87","23305","35.124394444444441","129.087863888888876"
"서울특별시 송파구 백제고분로48길 17 (방이동)","송파나루역 3번 출구 인근","한사랑약국","02-415-0036","2100","0900","2100","0900","2100","0900","2100","0900","2100","0900","2100","0900","C1104598","056","32","23306","37.511238561472","127.115254335933"
"서울특별시 광진구 자양로 294-1, (구의동)","아차산역 2번 출구 인근","한사랑약국","02-456-5961","2100","0900","2100","0900","2100","0900","2100","0900","2100","0900","2100","0900","C1103210","049","61","23307","37.5518495383993","127.092422531094"
"경기도 이천시 영창로 221-2 (창전동, 인덕빌딩)","한사랑약국","031-635-0153","1300","0900","1300","0900","1300","0900","1300","0900","1300","0900","1300","0900","C2103556","173","63","23308","37.28115223208748","127.44753505071805"
"울산광역시 남구 신복로72번길 26, 101호 (무거동)","에스타운101호","한사랑약국","052-247-6533","1900","0900","1900","0900","1900","0900","1900","0900","1900","0900","1300","0900","C1700181","446","00","23309","35.5518629188515","129.25464578189886"
"경기도 성남시 수정구 희망로 551, 산성역자이푸르지오 C1블록 101, 102호 (신흥동)","한사랑약국","031-741-0059","1900","0900","1900","0900","1900","0900","1900","0900","1900","0900","1300","0900","C2102241","132","61","23310","37.451972222222224","127.149375000000006"
"경기도 김포시 감암로 7, 1층 (걸포동)","심야약국 (pm. 10:00~am.1:00) 운영.","김포우리병원 정문 앞건물 1층","한사랑약국","031-983-1357","1830","0900","1830","0900","1830","0900","1830","0900","1830","0900","1500","0830","C2100428","100","99","23311","37.63191523648275","126.71118983873084"
"서울특별시 강남구 선릉로 513, 1층 (역삼동, 아펙스타워)","한사랑약국","02-567-7850","1900","0900","1900","0900","1900","0900","1900","0900","1900","0900","1400","0900","C1103314","061","50","23312","37.5052784555922","127.048303636953"
"경기도 군포시 광정로 68, 301호 (산본동, 산본시네마빌딩)","한사랑약국","031-398-2865","1900","0900","1900","0900","1900","0900","1900","0900","1900","0900","1400","0900","C2102021","158","65","23313","37.35923233603498","126.93036780530742"
"서울특별시 노원구 동일로 1101, (공릉동)","공릉역 4번 출구에서 하계역 방향","한사랑약국","02-972-4324","1830","0900","1830","0900","1830","0900","1830","0900","1830","0900","1400","0900","C1102214","018","52","23314","37.6282542576144","127.071009933961"
"경기도 안산시 상록구 샘골로 113","한사랑약국","031-319-8799","2000","0900","2000","0900","2000","0900","2000","0900","2000","0900","1700","0900","C2101143","155","40","23315","37.29401556141632","126.86278008099103"
"경기도 부천시 지봉로121번길 6(역곡동)","한사랑약국","032-342-1007","2100","0900","2100","0900","2100","0900","2100","0900","2100","0900","1800","0900","C2100437","146","68","23316","37.48891915100606","126.81254556893623"
"경기도 남양주시 진접읍 봉현로 25","한사랑약국","031-573-7478","2100","0830","2100","0830","2100","0830","2100","0830","2100","0830","2100","0930","C2107751","120","13","23317","37.71585422095558","127.17980201924539"
"경기도 용인시 기흥구 구성로39번길 3 107호 (마북동, 리딩프라자)","한사랑약국","031-283-5505","1930","0900","1930","0900","1930","0900","1930","0900","1930","0900","1530","0900","C2100582","169","17","23318","37.29528721241777","127.11359485945735"
"경기도 파주시 와석순환로 70, 109호 (야당동, 신운정프라자2)","한사랑약국","031-941-2365","C2103444","109","07","23319","37.710496557912215","126.75148081506121"
"경기도 화성시 향남읍 상신하길로 74, 1층 102.103호 (향남읍)","한사랑약국","031-354-8653","2100","0830","2100","0830","2100","0830","2100","0830","2100","0830","2100","0900","1800","0900","1800","0900","C2108033","186","16","23320","37.10088098332308","126.89647439762909"
"인천광역시 미추홀구 석정로 411, 402호 (주안동,금창빌딩)","주안뒷역 주안CGV와 동인아파트 사이로 오다가 사거리에 있는 금창빌딩1층","한사랑약국","032-874-7789","1400","0900","1400","0900","1400","0900","1400","0900","1400","0900","1400","0900","C1400280","221","25","23321","37.466964530037146","126.68138070662695"
"대구광역시 남구 대명로 26 (대명동)","일요일 휴무, 신정 휴무","라온치과~대구은행성명지점 사이","한사랑약국","053-653-4845","1900","0900","1850","0900","1900","0900","1850","0900","1850","0900","1500","0900","1300","0900","C1300298","424","82","23322","35.83808742308567","128.5586355325511"
"부산광역시 수영구 수영로 637-3","토요일 운영 가변적으로 연락 후 방문요망","버스정류장: 수영구 보건소","한사랑약국","051-755-6181","1830","0900","1830","0900","1830","0900","1830","0900","1830","0900","1300","0930","C1200864","482","47","23323","35.162546495464056","129.1139148912224"
"부산광역시 사상구 운산로 52, 한사랑 약국 1층 (괘법동)","2호선 사상역 6번출구/덕포파출소 앞","한사랑약국","051-323-5569","1800","0900","1800","0900","1800","0900","1800","0900","1800","0900","1300","0900","C1200700","469","63","23324","35.16768815255","128.98178530674727"
"부산광역시 서구 감천로 261","복음병원 맞은편","한사랑약국","051-243-6595","1800","0900","1800","0900","1800","0900","1800","0900","1800","0900","C1200053","492","65","23325","35.08129043236742","129.01657350529828"
"부산광역시 연제구 법원북로65번길 3, 1층 (거제동)","동해교대역12번 출구","한사랑약국","051-502-7353","1900","0900","1900","0900","1900","0900","1900","0900","1900","0900","1400","1000","C1202557","475","07","23326","35.1937360746659","129.074024205696"
"부산광역시 부산진구 새싹로 208","공휴일 휴무","버스정류장: 초읍 성곡시장","한사랑약국","051-806-7224","1830","0900","1830","0900","1830","0900","1830","0900","1830","0900","1400","0900","C1200569","471","27","23327","35.174642140569674","129.04915378205567"
"인천광역시 남동구 주안로 231, 1층 일부(1,2)호 (간석동)","한사랑약국","032-424-7890","1900","0830","1900","0830","1900","0830","1900","0830","1900","0830","1400","0830","C1400744","215","06","23328","37.46346715998444","126.69565288678483"
"대구광역시 달성군 다사읍 달구벌대로 875, MA PLAZA (다사읍)","한사랑약국","053-588-7234","1930","0900","1930","0900","1930","0900","1930","0900","1930","0900","1400","0900","1300","0900","1300","0900","C1300361","429","14","23329","35.85819754881144","128.46516074500767"
"세종특별자치시 다정중앙로 51, 더다정빌딩 103-104호 (다정동)","다정동","한사랑약국","044-865-7003","2000","0900","2000","0900","2000","0900","2000","0900","2000","0900","1800","0900","C1800260","301","24","23330","36.4950003445","127.2485575877"
"대구광역시 수성구 청호로 496 (만촌동)","한사랑약국","053-742-6178","1800","0900","1800","0900","1800","0900","1800","0900","1800","0900","C1301777","420","67","23331","35.8583944592864","128.646161970642"
"대구광역시 서구 평리로 150 (중리동)","한사랑약국","053-553-6196","1900","0830","1900","0830","1900","0830","1900","0830","1900","0830","C1300083","418","46","23332","35.858592014543284","128.54088193797384"
"강원특별자치도 춘천시 금강로 35 (소양로3가)","2018년 추석연휴 24일 ~ 25일(휴무), 26일(운영)","인성병원 밑","한사랑약국","033-257-4334","1900","0830","1900","0830","1900","0830","1900","0830","1900","0830","1600","0830","1600","0830","C2200028","242","72","23333","37.88131474649801","127.72635212929793"
"전라남도 목포시 백년대로 391, 1층 (옥암동)","목포소방서 사거리 육교 하당 도미노피자 옆","하당빕스건너편","한사랑약국","061-802-2100","1900","0830","1900","0830","1900","0830","1900","0830","1900","0830","1300","0830","1200","0900","1200","0900","C2600160","586","63","23334","34.808324382496224","126.42896293211136"
"인천광역시 서구 서곶로 281, (심곡동)","연희사거리 서부소방서 건너편에서 SK주유소방향쪽 건물 1층","한사랑약국","032-568-5711","1400","0900","1400","0900","1400","0900","1400","0900","1400","0900","1400","0900","C1400335","227","27","23335","37.54263057615666","126.67638007847066"
"광주광역시 서구 상무대로695번길 1, 1층 (마륵동)","한사랑약국","062-955-3346","1830","0830","1830","0830","1830","0830","1830","0830","1830","0830","1300","0800","C1500980","619","55","23336","35.154291036888694","126.85100835212408"
"경상북도 경산시 성암로 43 (옥산동)","옥산1지구농협맞은편","한사랑약국","053-815-9880","1930","0900","1930","0900","1930","0900","1930","0900","1930","0900","1600","0900","1300","0900","1300","0900","C2700666","386","72","23337","35.82315538379705","128.72234174771194"
"경상북도 구미시 문장로 72, 1층 (도량동)","한사랑약국","054-457-2070","1830","0900","1830","0900","1830","0900","1830","0900","1830","0900","1400","0900","1300","0830","C2701513","391","98","23338","36.1398268856","128.3324512466"
"경상북도 경주시 용담로 92 (황성동)","한사랑약국","054-744-0997","1900","0900","1300","0900","1900","0900","1300","0900","1900","0900","1300","0900","C2701430","380","84","23339","35.8643108218","129.2116538667"
"전라남도 강진군 강진읍 중앙로 95","터미널정문 건너편.","한사랑약국","061-434-1051","1830","0700","1830","0700","1830","0700","1830","0700","1830","0700","1600","0700","C2600149","592","35","23340","34.63883161918366","126.76763533273483"
"인천광역시 동구 송림로 73-1, 1층 103호 (송림동)","한사랑약국","032-766-2611","1001","1000","C1402047","225","43","23341","37.4755776338043","126.642939355281"
"충청남도 천안시 동남구 망향로 181, 1층 (안서동)","단대병원 밑","한사랑약국","041-555-0470","1800","0830","1800","0830","1800","0830","1800","0830","1800","0830","1230","0830","C2400062","311","16","23342","36.83942017454657","127.17409700036865"
"경기도 고양시 일산서구 하이파크3로 84, 104호 (덕이동, 신성프라자)","마지막 주 일요일 휴무","한사랑온누리약국","031-913-8232","2000","0900","2000","0900","2000","0900","2000","0900","2000","0900","1500","0900","1400","0900","1400","0900","C2103550","102","34","23343","37.69901823430764","126.7532290730866"
"경기도 의왕시 포일로 81, 삼우상가 108호 (포일동)","두산위브아파트 옆/삼우상가 101호","한사랑온누리약국","031-425-9512","2130","0900","2130","0900","2130","0900","2130","0900","2130","0900","2200","0900","C2103107","160","18","23344","37.39141640490833","126.98115888741287"
"서울특별시 강북구 인수봉로 142, 수유동 근생빌딩 (수유동)","혜화여고 근처","한사랑온누리약국","02-980-1214","2100","0900","2100","0900","2100","0900","2100","0900","2100","0900","1800","0900","1600","0900","1600","0900","C1100182","011","00","23345","37.6323321365145","127.01381966273"
"서울특별시 서대문구 신촌로 183, 유인빌딩 지하1층 101호 (대현동)","대체공휴일 운영합니다.","호유인빌딩 1층","한사랑온누리약국","02-364-5455","2030","0900","2030","0900","2030","0900","2030","0900","2030","0900","1600","0900","C1103208","037","67","23346","37.5570713640316","126.94632173155"
"서울특별시 동대문구 신이문로 41, 1층 (이문동)","신이문역 1번 출구 앞","한사랑온누리약국","02-969-0976","1800","0900","1800","0900","1800","0900","1800","0900","1800","0900","1300","0900","C1100183","024","09","23347","37.6031649600852","127.066717966292"
"경상남도 거제시 중곡로5길 2","덕산1차상가 맞은편","한사랑온누리약국","055-638-0108","1000","0900","1000","0900","1000","0900","1000","0900","1000","0900","C2800538","532","45","23348","34.896370154559","128.62990896190007"
"경기도 부천시 길주로 87, 108호 (상동,에이플러스)","팔레스 호텔 맞은편","한사랑온누리약국","032-327-4558","1900","0930","1900","0930","1900","0930","1900","0930","1900","0930","C2100259","145","43","23349","37.50633743795982","126.75196467180421"
"인천광역시 서구 원적로 29, 나동 4호 (가좌동, 한샘상가)","한샘약국","032-583-1536","1800","0900","1800","0900","1800","0900","1800","0900","1800","0900","1300","0900","C1401743","228","18","23350","37.489737161933796","126.67993727685351"
"경기도 안산시 상록구 본오로 70, 1층 (본오동)","한샘약국","031-409-5529","1800","0900","1800","0900","1800","0900","1800","0900","1800","0900","C2101764","155","61","23351","37.290738888888889","126.866488888888895"
"서울특별시 노원구 상계로27길 7, 중앙빌딩 1층 (상계동)","한샘약국","02-939-7886","1900","0900","2100","0900","1900","0900","1900","0900","1900","0900","1400","0900","C1102208","016","84","23352","37.658912392654","127.070571523437"
"서울특별시 성동구 무학로2길 7, 1층 102호 (도선동)","한샘약국","02-407-6790","2000","0900","2000","0900","2000","0900","2000","0900","2000","0900","1500","0900","C1107139","047","07","23353","37.5644364853833","127.031038579483"
"경기도 성남시 수정구 수정남로 69, 1층 (수진동)","한샘약국","031-757-8421","2100","0900","2100","0900","2100","0900","2100","0900","2100","0900","2100","0900","C2101806","133","27","23354","37.44048758403175","127.13175981533718"
"대전광역시 중구 대종로 665 (중촌동)","중촌동파출소옆","한샘약국","042-223-1709","1830","0830","1830","0830","1830","0830","1830","0830","1830","0830","1830","0830","C1600293","348","12","23355","36.33966802615019","127.4118700383311"
"광주광역시 서구 운천로 88","한샘약국","062-373-3062","2000","0900","2000","0900","2000","0900","2000","0900","2000","0900","1400","0900","C1500171","620","32","23356","35.14044305161584","126.85894980886728"
"전라남도 광양시 중마중앙로 55 (중동)","중동제일의원옆건물","한샘약국","061-791-9906","1900","0900","1900","0900","1900","0900","1900","0900","1900","0900","1600","0900","C2600299","577","95","23357","34.935166850933555","127.69770221288519"
"광주광역시 북구 삼정로 7, 상가동 106호 (두암동, 율곡타운, 두암주공2단지아파트)","500-100 두암주공1단지 부근","한샘약국","062-261-6038","2000","0900","2000","0900","2000","0900","2000","0900","2000","0900","1800","0900","C1500285","611","61","23358","35.164272714194674","126.93644436974078"
"인천광역시 서구 완정로 36, 1층 (마전동, 한성빌딩)","완정삼거리씨티은행같은건물위치","한성메디칼약국","032-567-5345","1400","0900","1400","0900","1400","0900","1400","0900","1400","0900","1400","0900","1400","1000","C1400509","226","40","23359","37.59595927986094","126.67014121825483"
"경상남도 창원시 의창구 북면 감계로 300 (코아상가 3층 301호)","한성약국","055-299-0897","1830","0900","1830","0900","1830","0900","1830","0900","1830","0900","1300","0900","C2801835","511","12","23360","35.301941741277794","128.5936321888937"
"경기도 수원시 영통구 동탄원천로1109번길 37","한성약국","031-211-0823","2000","0900","2000","0900","2000","0900","2000","0900","2000","0900","1600","0900","C2100668","166","76","23361","37.26976705794365","127.05643216664546"
"강원특별자치도 동해시 발한로 209 (발한동)","발한동 주민센터 앞","한성약국","033-535-5320","1800","0900","1800","0900","1800","0900","1800","0900","1800","0900","C2200549","257","20","23362","37.54832384312941","129.10857781978137"
"대구광역시 수성구 동대구로 329, 2층 (범어동)","한성약국","053-215-5117","1830","0900","1830","0900","1830","0900","1830","0900","1300","0900","C1301482","420","19","23363","35.8599872063","128.6256113998"
"대구광역시 북구 칠곡중앙대로 461 (관음동)","운영시간보다 조금 더 할때가 많음","경대연합내과1층","한성약국","053-324-4884","1800","0900","1800","0900","1800","0900","1800","0900","1800","0900","1230","0900","C1300654","414","43","23364","35.9370119467475","128.54880600892338"
"서울특별시 서초구 신반포로 257 지하1층 (잠원동, 뉴타운)","반포역 6번 출구","한성약국","02-537-1840","2100","0830","2100","0830","2100","0830","2100","0830","2100","0830","1700","0830","1330","0900","1330","0900","C1102209","065","23","23365","37.5086202759588","127.011935946175"
"대구광역시 중구 중앙대로 386-1, 1층 (동성로3가)","-토요일 휴게시간: 18:00~21:00 -약국 사정에 따라 운영시간이 상이할 수 있으니 전화 후 방문 요망","중앙로구제일극장옆","한성약국","053-425-5575","2400","1000","2400","1000","2400","1000","2400","1000","2400","1000","2400","1000","2400","2100","2400","2100","C1301067","419","37","23366","35.86800885060375","128.59384242649233"
"경기도 김포시 양촌읍 양곡1로 38","양곡 개인 택시기사장 옆","한성약국","031-981-2065","2130","0700","2130","0700","2130","0700","2130","0700","2130","0700","2130","0700","2100","0900","C2100443","100","59","23367","37.65414227512842","126.6238969816194"
"전북특별자치도 전주시 덕진구 전주천동로 506 (금암동)","고보빌딩사거리한양내과건물","한성약국","063-278-6136","1800","0900","1800","0900","1800","0900","1800","0900","1800","0900","1300","0900","C2500267","549","33","23368","35.83700486470686","127.13146151705147"
"충청남도 천안시 서북구 두정로 244","9월 16일 9시 ~13시 근무 9월 18일 9시 ~ 13시 근무","두정웰빙사우나 건물안에 있음","한성약국","041-552-4985","2100","0900","2100","0900","2100","0900","2100","0900","2100","0900","1700","0900","1100","0900","1300","0900","C2400398","311","05","23369","36.833098157713614","127.14411192052262"
"서울특별시 양천구 목동로 203, (신정동,한성빌딩)","목동역 2번 출구 바로 앞","한성약국","02-2690-1965","1900","0900","1900","0900","1900","0900","1900","0900","1900","0900","1600","0900","C1104261","079","38","23370","37.5267062206829","126.86380676331"
"서울특별시 동대문구 답십리로 140, 세기프라자 106호 (답십리동)","한성약국","02-3394-5102","1900","0900","1900","0900","1900","0900","1900","0900","1900","0900","1500","0900","1330","0930","C1108187","025","98","23371","37.5724894025765","127.055597303756"
"경상북도 영주시 번영로 133 (하망동)","한성약국","054-631-2404","2100","0900","2100","0900","2100","0900","2100","0900","2100","0900","2100","0900","1900","0900","1900","0900","C2700806","360","85","23372","36.82340340839688","128.62636501860612"
"경기도 성남시 중원구 산성대로576번길 1","한성온누리약국","031-735-6690","2030","0900","2030","0900","2030","0900","2030","0900","2030","0900","1500","0900","C2103977","131","52","23373","37.46122306997326","127.16787048732436"
"경기도 구리시 체육관로 140, 일군타워 105호 (교문동)","우리동네 주치약사 한세약국입니다. 동물약국을 함께 운영합니다. https://blog.naver.com/ddingjjong","한세약국","031-554-9213","2000","0900","2000","0900","2000","0900","2000","0900","2000","0900","1500","0900","C2107588","119","33","23374","37.5971261992","127.1371066657"
"서울특별시 관악구 신림로 198, 1층 (신림동)","한소망약국","02-873-8707","2100","0900","2100","0900","2100","0900","2100","0900","2100","0900","1400","0900","C1108232","088","36","23375","37.4750584342666","126.93688000303"
"광주광역시 광산구 사암로 275, 1층 (월곡동)","한소망약국","062-959-8410","1830","0830","1830","0830","1830","0830","1830","0830","1830","0830","1300","0830","C1501187","506","825","23376","35.16894189756016","126.80877320155433"
"경기도 안양시 동안구 흥안대로 378, 101호 (평촌동, 서울안과빌딩)","한소망약국","031-421-8777","1600","0900","1600","0900","1600","0900","1600","0900","1600","0900","C2103213","140","64","23377","37.388138716224034","126.97337729356809"
"대전광역시 중구 중앙로 149 (은행동)","한솔 약국","042-255-2522","1830","0800","1830","0800","1830","0800","1830","0800","1830","0800","1400","0800","C1601032","348","32","23378","36.32906654350919","127.42602191183128"
"대전광역시 유성구 학하중앙로 13, 2층 201호 (덕명동, 누리빌)","한솔 한약국","042-822-9693","1900","1000","1900","1000","1900","1000","1900","1000","1900","1000","1600","1000","C1600674","341","59","23379","36.3512160566706","127.33964617354662"
"경상남도 사천시 동금로 3 (동금동)","일요일은 불규칙적으로 운영, 전화 확인 후 방문 요함","목전빌딩 앞","한솔약국","055-832-7778","1830","0800","1830","0800","1830","0800","1830","0800","1830","0800","1300","0800","C2800671","525","66","23380","34.93248427325641","128.07666603150696"
"대전광역시 동구 계족로 393-1 (성남동)","용전네거리에서대전역방향","한솔약국","042-635-7388","1800","0900","1800","0900","1800","0900","1800","0900","1800","0900","1230","0900","C1600100","345","80","23381","36.3467980858329","127.43203597693626"
"경상남도 창원시 마산회원구 내서읍 삼계로 9,","다이소 옆","한솔약국","055-232-2456","1830","0900","1830","0900","1830","0900","1830","0900","1830","0900","1530","0900","C2800628","630","850","23382","35.23180834306634","128.50376729451793"
"경상북도 포항시 남구 중앙로 69 (해도동)","한솔약국","054-277-6932","2100","0800","2100","0800","2100","0800","2100","0800","2100","0800","2000","0800","1800","0800","2000","0800","C2700700","378","15","23383","36.019300261993585","129.3692610374393"
"부산광역시 서구 대티로143번길 4, 협성르네상스아파트 118동 1층 (서대신동3가)","매주 토요일 정기 휴무","한솔약국","0512424272","1800","0830","1800","0830","1800","0830","1800","0830","1240","0830","1800","0830","C1203019","492","08","23384"
"충청남도 공주시 번영1로 161 (신관동)","국민은행맞은편","한솔약국","041-856-7186","2200","0830","2200","0830","2200","0830","2200","0830","2200","0830","1600","0830","C2400165","325","78","23385","36.47417677871983","127.13661552510919"
"경상남도 함양군 안의면 광풍로 138-1","한솔약국","055-963-8604","1300","0900","1300","0900","1300","0900","1300","0900","1300","0900","1600","0830","C2800995","500","12","23386","35.62859336473505","127.81268269265924"
"경상남도 통영시 무전5길 12-5","한솔약국","055-648-2128","1830","0900","1830","0900","1830","0900","1830","0900","1830","0900","1300","0900","C2800978","530","36","23387","34.86076075012724","128.42650886791523"
"경상남도 창원시 진해구 동진로 138 (덕산동, 송림타운 125호)","송림홈타운 1층","한솔약국","055-544-6001","2100","0830","2100","0830","2100","0830","2100","0830","2100","0830","1800","0830","C2800351","516","49","23388","35.14503293852174","128.70304574592353"
"경상남도 양산시 평산로 35 (평산동)","평산농협 맞은편","한솔약국","055-367-6555","2100","0900","2400","0900","2100","0900","2100","0900","2100","0900","2100","0900","C2801089","505","49","23389","35.381555536326516","129.15101326892002"
"충청남도 천안시 서북구 늘푸른6길 41 (두정동) 극동늘푸른아파트","토요일은 휴무인 경우도 있음","극동아프트상가내","한솔약국","041-553-8873","1900","0900","1900","0900","1900","0900","1900","0900","1900","0900","1500","1000","C2400735","310","99","23390","36.82862340817137","127.13287589608642"
"경상남도 남해군 남해읍 화전로 103, 주원빌딩","한솔약국","055-864-5992","1900","0800","1900","0800","1900","0800","1900","0800","1900","0800","C2801879","524","15","23391","34.8404395703","127.8936797505"
"경상남도 의령군 의령읍 의병로 218, 한솔약국","군청사거리 농협부근","한솔약국","055-573-1656","1600","0930","1600","0930","1600","0930","1600","0930","1600","0930","1700","0800","C2800965","521","49","23392","35.31950022287403","128.26053116053634"
"경상남도 고성군 고성읍 중앙로43번길 30","경남은행고성지점 부근","한솔약국","055-673-6973","1800","0900","1800","0900","1800","0900","1800","0900","1800","0900","1400","0900","C2800110","529","42","23393","34.97529374383991","128.32521524196417"
"서울특별시 구로구 경인로 215","오류1동주민센터 옆","한솔약국","02-2613-5613","2030","0900","2030","0900","2030","0900","2030","0900","2030","0900","1700","0900","C1100185","082","67","23394","37.4967128681506","126.844794853476"
"전북특별자치도 전주시 덕진구 가련산로 10, 1층 104호 (덕진동2가)","한솔약국","063-271-0030","2000","1000","2000","1000","2000","1000","2000","1000","2000","1000","1900","0800","1800","0900","1800","1000","C2501237","548","92","23395","35.8406679173","127.1105543248"
"인천광역시 부평구 세월천로 67 (산곡동, 명성빌딩)","산곡 볼링장 인근","한솔약국","032-518-8215","2030","0900","2030","0900","2030","0900","2030","0900","2030","0900","1800","0900","C1400067","213","09","23396","37.513054678873374","126.70181254410235"
"경기도 성남시 분당구 야탑로69번길 24-8 (야탑동)","한솔약국","031-705-3715","2000","0900","2000","0900","2000","0900","2000","0900","2000","0900","1800","0900","C2101552","134","97","23397","37.41175350089851","127.12758942300013"
"경기도 파주시 탄현면 사슴벌레로 28 (한사랑내과)","한솔약국","031-944-7107","2000","0900","2000","0900","2000","0900","2000","0900","2000","0900","1400","0900","C2106936","108","61","23398","37.775426211772284","126.70271418725546"
"대전광역시 유성구 송강로 24 (송강동)","한솔약국","042-933-5465","2200","0900","2200","0900","2200","0900","2200","0900","2200","0900","1800","0900","1800","0900","1800","0900","C1600505","340","09","23399","36.43294033912376","127.38526799997532"
"울산광역시 남구 번영로107번길 1 (달동)","한솔약국","052-267-2631","1800","0900","1800","0900","1800","0900","1800","0900","1800","0900","1300","0900","C1700567","447","27","23400","35.53480773743259","129.3288061221701"
"서울특별시 광진구 아차산로 621, 1층 (광장동)","한솔약국","02-2201-3581","1800","0830","1800","0830","1800","0830","1800","0830","1800","0830","1300","0900","C1100081","049","67","23401","37.548381686825","127.107037163653"
"서울특별시 성동구 고산자로 342 (마장동)","한솔약국","02-2295-5135","2000","0800","2000","0800","2000","0800","2000","0800","2000","0800","1700","0800","C1100790","047","48","23402","37.5699705800074","127.03783983985"
"울산광역시 울주군 웅촌면 삼동로 1621","한솔그린빌 아파트 입구에 맀습니다","한솔아파트(구 장백아파트) 입구","한솔약국","052-225-6888","1900","0900","1900","0900","1900","0900","1900","0900","1900","0900","1800","0900","C1700152","449","62","23403","35.48968879562256","129.21258376212748"
"서울특별시 성북구 동소문로 57-1 (동소문동4가)","먹는치료제 조제기관","먹는치료제 조제기관","성신여대역 4번 출구 전방 400m","한솔약국","02-926-6479","1810","0930","1810","0930","1810","0930","1810","0930","1810","0930","1810","0930","1810","0930","1810","0930","C1100254","028","32","23404","37.591413390183","127.011892768591"
"서울특별시 송파구 백제고분로45길 5 (송파동)","송파나루역 1번 출구","한솔약국","02-415-8087","2130","1000","2130","1000","1900","1000","2130","1000","2130","1000","2130","1000","C1102212","056","21","23405","37.5091471498198","127.110541835565"
"서울특별시 양천구 목동동로 63, 109호 (신정동, 대영프라자)","양천구청역 2번 출구/양천성당 옆 대영프라자 1층","한솔약국","02-2648-0507","1900","0900","1900","0900","1900","0900","1830","0900","2000","0900","1500","0900","C1100255","080","93","23406","37.5153165387272","126.86231084967"
"서울특별시 은평구 갈현로 14 (신사동)","홈플러스 익스프레스 신사점 맞은편에 위치","한솔약국","02-386-5917","1900","0900","1900","0900","1900","0900","1900","0900","1900","0900","2000","0900","C1102211","034","23","23407","37.5991079088502","126.91044639579"
"경기도 평택시 안중읍 안현로서6길 74, 1층 (안중읍)","한솔약국","031-681-3326","1400","0900","1400","0900","1400","0900","1400","0900","1400","0900","1400","0900","C2100536","179","32","23408","36.98482066406182","126.92114864850248"
"경기도 광주시 초월읍 경충대로 1260","한솔약국","031-766-6822","2200","0900","2200","0900","2200","0900","2200","0900","2200","0900","2200","0900","2000","0900","C2103263","127","35","23409","37.38723364818648","127.28766289010882"
"경기도 화성시 우정읍 조암남로33번길 1","한솔약국","031-351-1780","2100","0900","2100","0900","2100","0900","2100","0900","2100","0900","1700","0900","C2102412","185","67","23410","37.08410230792892","126.8187432213326"
"경기도 부천시 소사로 680 (작동)","수요일 운영시간 유동적임.","한솔약국","032-671-0171","1900","0900","1900","0900","1900","0900","1900","0900","1900","0900","1400","0900","1400","0900","C2107317","144","74","23411","37.5166208203","126.8043840645"
"경기도 안성시 중앙로 252 (석정동)","한솔약국","031-673-5311","2000","0900","2000","0900","2000","0900","2000","0900","1400","0900","C2107233","175","78","23412","37.0129630541","127.2568051961"
"충청남도 금산군 금산읍 비범로 31,","금산시외버스터미널옆","한솔약국","041-751-3449","1800","0800","1800","0800","1800","0800","1800","0800","1800","0800","1500","0800","1500","0800","C2400540","327","35","23413","36.105622762456285","127.49147279740815"
"경기도 수원시 장안구 정조로 941, 3층 319호 (영화동, 동성영화타운)","한솔약국","031-241-3632","1800","0830","1800","0830","1800","0830","1800","0830","1800","0830","1300","0830","C2104494","162","71","23414","37.29129239327348","127.01191498221993"
"경기도 용인시 기흥구 중부대로 364 (신갈동)","한솔약국","031-283-5582","1800","0800","1800","0800","1800","0800","1800","0800","1800","0800","1330","0800","C2101058","170","64","23415","37.271282122211375","127.1075115878341"
"경기도 안산시 단원구 원포공원1로 20, 110호 (초지동, 동의성병원&제이씨팜빌딩)","한솔약국","031-8040-5800","1600","0900","1930","0900","2000","0900","1930","0900","1930","0900","1600","0900","C2104585","154","57","23416","37.30019713536455","126.81353417808384"
"경기도 오산시 운암로 124, 씨월드프라자 101,102호 (부산동)","한솔약국","031-377-8676","2030","0900","2030","0900","2030","0900","2030","0900","2030","0900","1630","1000","C2101094","181","32","23417","37.15710252224348","127.07893780524138"
"대구광역시 달성군 현풍읍 현풍중앙로 28, 1층 (현풍읍)","일요일, 공휴일은 특별한 경우가 없을 시 운영","원조할매곰탕에서경찰서방면50m","한솔약국","053-611-3024","1930","0830","1930","0830","1930","0830","1930","0830","1930","0830","1800","0830","1700","1000","1700","1000","C1300783","430","05","23418","35.693750364421795","128.44569421865987"
"대구광역시 서구 국채보상로 438 (내당동)","토요일 전화확인 요망","(구)삼성예식장맞은편버스정류장","한솔약국","053-572-2531","1930","0840","1930","0840","1930","0840","1930","0840","1930","0840","1930","0840","1900","0900","1900","0900","C1300873","418","06","23419","35.87047942912503","128.57884608909015"
"대구광역시 달서구 달구벌대로 1634, 1층 (감삼동)","한솔약국","053-566-4553","1800","0900","1800","0900","1800","0900","1800","0900","1800","0900","C1301882","426","42","23420","35.8527218287118","128.545289030995"
"대구광역시 북구 칠곡중앙대로 428, (읍내동)","칠곡동아백화점과삼성병원사이","한솔약국","053-325-2888","1800","0900","1800","0900","1800","0900","1800","0900","1800","0900","1300","0900","C1300217","414","38","23421","35.933810306403245","128.54893115980388"
"강원특별자치도 태백시 연지로 21, (황지동)","국민은행사거리 류상우소아과옆","한솔약국","033-553-2427","1800","0830","1800","0830","1800","0830","1800","0830","1800","0830","1300","0830","C2200476","260","26","23422","37.17568730694027","128.98934556771476"
"전라남도 강진군 마량면 마량7길 14-2","터미널 앞.","한솔약국","061-434-0233","1400","0900","1400","0900","1400","0900","1400","0900","1400","0900","1300","0830","C2600703","592","69","23423","34.45109197579397","126.81746413297262"
"인천광역시 계양구 효서로 380 신현대타운","한솔약국","032-556-8215","2200","0900","2200","0900","2200","0900","2200","0900","2200","0900","2200","0900","2000","1000","C1401496","211","26","23424","37.52753892219809","126.7381965803672"
"세종특별자치시 누리로 106, 송원프라자 107호 (한솔동)","","한솔동","한솔약국","0448683699","1900","0900","1900","0900","1900","0900","1900","0900","1900","0900","1300","0900","1300","0900","C1800047","301","30","23425","36.47986334823472","127.25253982997023"
"경상북도 안동시 퇴계로 75 (대석동)","대석동, 서울신통의원 옆, 안경점 옆","한솔약국","054-854-1324","2000","0830","2000","0830","2000","0830","2000","0830","2000","0830","C2700491","366","96","23426","36.565826783540174","128.72670410031233"
"인천광역시 서구 가정로 382, (가정동)","가정동중앙시장입구","한솔약국","032-572-7633","2030","0900","2030","0900","2030","0900","2030","0900","2030","0900","2030","0900","C1400311","227","77","23427","37.51889073844714","126.67330741997978"
"부산광역시 해운대구 좌동순환로 173, 영풍프라자 104호 (좌동)","버스정류장:해운대교육청/영풍프라자402호","한솔약국","051-701-4111","1900","0900","1900","0900","1900","0900","1900","0900","1900","0900","1500","0900","C1200645","480","75","23428","35.17814965520096","129.17527221173995"
"인천광역시 남동구 만수로 47 (만수동)","공휴일 유동적","만수동롯데리아옆","한솔약국","032-468-3737","2000","0830","2000","0830","2000","0830","2000","0830","2000","0830","1500","0830","2000","1000","2000","1000","C1400435","215","24","23429","37.46053184481894","126.73357020406317"
"인천광역시 미추홀구 인하로 211 (주안동)","고려메디칼건물 1층","한솔약국","032-868-8066","1300","0900","1300","0900","1300","0900","1300","0900","1300","0900","1330","0900","C1400608","222","13","23430","37.44882268953591","126.67149791297918"
"전라남도 영광군 영광읍 중앙로3길 5-22 (영광읍)","동부농협 뒷편.","한솔약국","061-353-1600","1600","1000","1600","1000","1600","1000","1600","1000","1600","1000","1200","1000","C2600071","570","46","23431","35.27477401012319","126.5122970355767"
"광주광역시 북구 서하로 389, 1층 (문흥동)","광주북구문흥동999-5","한솔약국","062-269-0059","1830","0900","1830","0900","1830","0900","1830","0900","1830","0900","1300","0900","C1500584","611","29","23432","35.185400732949084","126.92270245962376"
"경상북도 김천시 자산로 152-8 (성내동)","약국","하나로마트건너편","한솔약국","054-439-1979","1800","0830","1800","0830","1800","0830","1800","0830","1800","0830","1300","0830","C2700416","395","86","23433","36.12354974512963","128.11816856341682"
"경상북도 경주시 용담로 32, 1층 (황성동)","월~금 20시~23시까지 공공심야약국 운영","한솔약국","054-746-4000","1800","0900","1800","0900","1800","0900","1800","0900","1800","0900","1300","0900","1800","1000","1800","1000","C2700959","380","87","23434","35.86189524900476","129.21775440212795"
"경상북도 구미시 구미중앙로 50-1 (원평동)","중앙시장맞은편버스출발점CGV옆","한솔약국","054-457-2222","2000","0900","2000","0900","2000","0900","2000","0900","2000","0900","1700","0900","2000","0900","1800","0900","C2700831","392","22","23435","36.12983344085845","128.3283426991201"
"경상북도 영주시 중앙로 70 (영주동)","현대자동차옆","한솔약국","054-635-4320","1830","0840","1800","0840","1800","0840","1800","0840","1800","0840","1300","0840","C2700291","361","00","23436","36.82180706448451","128.6239733052207"
"인천광역시 동구 동산로 86, (송림동)","송림우체국우측20m","한솔약국","032-766-7090","1800","0830","1800","0830","1800","0830","1800","0830","1800","0830","1300","0830","C1400564","225","58","23437","37.47499616985543","126.64565062656493"
"강원특별자치도 속초시 동해대로 4288, (교동)","만천삼거리 하우스토리정문앞 위치","한솔약국","033-632-7751","1830","0830","1830","0830","1830","0830","1830","0830","1830","0830","1830","0830","C2200175","248","51","23438","38.1987658160022","128.5725467144199"
"전라남도 나주시 남평읍 남평1로 55","강남주유소 앞.","한솔약국","061-331-7889","1730","0800","1730","0800","1730","0800","1730","0800","1730","0800","1300","0800","C2600585","582","27","23439","35.04765485735833","126.84357582783607"
"전북특별자치도 군산시 옥서면 옥구저수지로 202","토,일,굥휴일 휴무","한독의원옆","한솔약국","063-471-7211","1800","0900","1800","0900","1800","0900","1800","0900","1800","0900","C2500252","541","68","23440","35.925204005385034","126.64576867875031"
"제주특별자치도 제주시 일주동로 181 (화북일동)","한솔온누리약국","064-725-0270","1730","0900","1730","0900","1730","0900","1730","0900","1730","0900","1230","0900","1230","0900","C2900117","632","92","23441","33.51901916141372","126.56482365994586"
"전라남도 영암군 삼호읍 신항로 63-12,","삼호한마음회관 1층","한솔온누리약국","061-462-6337","1900","0900","1900","0900","1900","0900","1900","0900","1900","0900","1300","0830","C2600512","584","62","23442","34.74495183536439","126.37957809536121"
"서울특별시 강남구 역삼로 310 (역삼동)","공휴일은 운영여부 개인사정으로 변동될 수 있어 전화확인 후 방문부탁드립니다.","선릉역 3번 출구 이마트 2층","한솔인유로온누리약국","02-3453-8171","2000","0900","2000","0900","2000","0900","2000","0900","2000","0900","1900","0900","1300","1000","1300","1000","C1100257","062","17","23443","37.4992355425931","127.048420861876"
"인천광역시 연수구 독배로 41 (옥련동)","첫째주일요일당번","옥련동우리은행건너편","한솔프라자약국","032-833-5166","1800","0900","1800","0900","1800","0900","1800","0900","1800","0900","2100","0900","C1400264","219","57","23444","37.424427561624526","126.64433001879047"
"경기도 용인시 처인구 남사읍 한숲로 45, 한숲스퀘어엘로우 1층 132호","한숲다솜약국","031-339-4528","2100","0900","2100","0900","2100","0900","2100","0900","2100","0900","1600","0900","C2108294","171","17","23445","37.1528269491657","127.170189776888"
"경기도 군포시 산본천로 43-6, 205호 (산본동, 한숲스포츠센터)","한숲세계로약국","031-395-8275","1900","0830","1900","0830","1900","0830","1900","0830","1900","0830","1600","0830","C2103706","158","25","23446","37.36321755991881","126.92620596939558"
"경기도 용인시 처인구 남사읍 한숲로 60, 처인프라자 205호","한숲약국","031-339-3756","2000","0830","2000","0830","2000","0830","2000","0830","2000","0830","1500","0830","C2109062","171","17","23447","37.1532522947043","127.171657305278"
"경기도 용인시 처인구 남사읍 한숲로 60, 처인프라자 205호","한숲온누리약국","031-339-3756","2030","0830","2030","0830","2030","0830","2030","0830","2030","0830","1800","0830","C2107765","171","17","23448","37.15325094297088","127.17165741479418"
"대전광역시 대덕구 계족로489번길 82, (중리동)","한숲아파트정문앞","한숲온누리약국","042-622-9337","2050","0900","2050","0900","2050","0900","2050","0900","2050","0900","1700","0900","C1600466","344","28","23449","36.3556610063","127.4283192455"
"서울특별시 송파구 정의로8길 7, 한스 102호 (문정동)","올림픽훼밀리타운 아파트 맞은편 한스빌딩 1층","한스약국","070-7799-5938","1900","0830","1900","0830","1900","0830","1900","0830","1900","0830","1500","0900","C1107759","058","36","23450","37.4862139140168","127.115920525549"
"서울특별시 영등포구 영등포로 250-1 (영등포동3가)","영등포 중앙시장 앞","한시까지약국","02-2632-7700","2500","1100","2500","1100","2500","1100","2500","1100","2500","1100","2500","1100","2500","1100","2500","1100","C1101142","073","03","23451","37.5188555532674","126.909111788699"
"경상남도 창원시 마산합포구 3·15대로 328, 혜성메디컬 1층 101호 (서성동)","석전동마산태봉요양병원1층","한신당약국","055-295-3388","1900","0900","1900","0900","1900","0900","1900","0900","1900","0900","1700","0900","C2800259","517","31","23452","35.227491666666666","128.573649999999986"
"서울특별시 서초구 잠원로 94 (잠원동, 한신빌딩)","잠원동 한신공영빌딩 지하 1층","한신메디칼약국","02-534-8889","2000","0900","2000","0900","2000","0900","2000","0900","2000","0900","1700","0900","C1102213","065","20","23453","37.5127288106482","127.006845119825"
"경기도 성남시 수정구 산성대로 331 (신흥동)","2층 204호","한신메디칼약국","031-730-2370","1900","0900","1900","0900","1900","0900","1900","0900","1900","0900","C2100775","132","72","23454","37.44385045601768","127.15268947749406"
"대전광역시 서구 문정로 174 (둔산동)","한신약국","042-482-5898","1830","0900","1830","0900","1830","0900","1830","0900","1830","0900","1400","0900","C1600448","352","50","23455","36.34977509079703","127.39547451374882"
"부산광역시 부산진구 동천로 116 403호(전포동, 한신밴오피스텔)","버스정류장: 서면우체국/한신van 오피스텔 403호","한신약국","051-811-1472","1800","0930","1800","0930","1800","0930","1800","0930","1800","0930","1500","0930","C1200204","472","47","23456","35.15905745056742","129.06263420644527"
"서울특별시 동대문구 제기로 75, 1층 (청량리동)","토요일은 마지막 주 토요일만 운영합니다.","한신약국","02-6494-7756","1800","0900","1800","0900","1800","0900","1800","0900","1800","0900","1300","0900","C1109894","024","70","23457","37.5868422791404","127.041462841889"
"서울특별시 중랑구 동일로101길 63 (면목동, 면목한신아파트 상가)","한신약국","02-491-5651","2200","0900","2200","0900","2200","0900","2200","0900","2200","0900","2000","0900","C1100225","021","33","23458","37.5885435363865","127.076312487076"
"인천광역시 미추홀구 경원대로 717 (주안동)","한신약국","032-422-9578","1830","0930","1830","0930","1830","0930","1830","0930","1830","0930","C1401675","222","29","23459","37.447083208399995","126.68520450429999"
"서울특별시 서대문구 통일로 397, B419호 (홍제동, 인왕산 한신휴플러스)","한신약국","02-722-1822","2100","0800","2100","0800","2100","0800","2100","0800","2100","0800","1900","0800","1900","0800","1900","0900","C1110007","037","30","23460","37.5851683009936","126.947398082336"
"서울특별시 성동구 왕십리로 410, 상가L동 216호 (하왕십리동, 센트라스)","휴게시간 13:00~14:00(토요일 제외)","한신약국","02-2296-2551","1900","0900","1900","0900","1900","0900","1900","0900","1900","0900","1300","0900","C1103395","047","01","23461","37.5648335982248","127.02909769089783"
"경상남도 김해시 구산로27번길 4-2 (구산동)","구산동로타리 현대병원옆","한신온누리약국","055-339-3344","2000","0900","2000","0900","2000","0900","2000","0900","2000","0900","1700","0900","C2800422","621","060","23462","35.249044732191386","128.87174027390444"
"경기도 광주시 태전중앙로 20, 101호 (태전동)","한아람약국","031-8028-4059","2000","0900","2000","0900","2000","0900","2000","0900","2000","0900","1300","0900","C2107970","127","88","23463","37.38158291987539","127.23038457172494"
"강원특별자치도 원주시 남원로 528-31","단구동 신세계빌딩 1층","한아람약국","033-761-2847","1800","0900","1800","0900","1800","0900","1800","0900","1800","0900","1200","0900","C2200192","264","84","23464","37.329616670066834","127.94992441695257"
"대전광역시 대덕구 계족산로 1 (중리동)","중리동하나로크리닉1층","한아름 약국","042-637-2600","1840","0800","1840","0800","1840","0800","1840","0800","1840","0800","1600","0800","C1601005","344","11","23465","36.36182669496557","127.43186052118817"
"인천광역시 남동구 인하로 608","한아름수약국","032-465-4885","2130","0900","2130","0900","2130","0900","2130","0900","2130","0900","1700","0900","A1401315","215","83","23466","37.442666406181054","126.7142692660727"
"경기도 용인시 수지구 신봉2로 2, 센트럴500 326호 (신봉동)","한아름약국","031-261-0777","1900","0900","1900","0900","1900","0900","1900","0900","1900","0900","1400","0900","C2107204","168","15","23467","37.3231714831","127.0780291442"
"인천광역시 미추홀구 경원대로 869","르네상스빌딩503호","한아름약국","032-420-1245","1830","0830","1830","0830","1830","0830","1830","0830","1830","0830","1330","0830","C1400300","221","34","23468","37.46038684381621","126.68918663400363"
"충청남도 천안시 서북구 직산읍 봉주로 51,","JS메디컬건물 1층","한아름약국","041-583-0355","1900","0900","1900","0900","1900","0900","1900","0900","1900","0900","1300","0900","C2400355","330","816","23469","36.87748236585795","127.15223045684927"
"대전광역시 중구 대종로 187(석교동)","한아름약국","042-273-0055","2000","0900","2000","0900","2000","0900","2000","0900","2000","0900","1500","0900","C1600591","350","63","23470","36.308077777777775","127.444272222222224"
"경상남도 창원시 의창구 용동로57번길 18, 시그니처M 1층 106호 (사림동)","한아름약국","055-281-0300","1900","0900","1900","0900","1900","0900","1900","0900","1900","0900","1430","0900","C2802166","511","39","23471","35.23819842713","128.697757435585"
"경상북도 경주시 양정로 313","경주시보건소와롯데마트사이","한아름약국","054-777-7686","1900","0830","1900","0830","1900","0830","1900","0830","1900","0830","1300","0830","C2700150","380","96","23472","35.86076181147114","129.2240116189055"
"경상남도 진주시 진양호로 221, 117호 (평거동, 진주평거 우방아이유쉘 스카이팰리스)","한아름약국","070-8763-8273","1900","0900","1900","0900","1900","0900","1900","0900","1900","0900","1500","0900","C2802091","526","77","23473","35.173863197874105","128.06017778380743"
"세종특별자치시 한누리대로 169, 세종행복타워 116호 (나성동)","나성동","한아름약국","044-867-5399","2030","0900","2030","0900","2030","0900","2030","0900","2030","0900","1600","0900","1600","0900","C1800214","301","30","23474","36.480236270926774","127.2618118994402"
"인천광역시 계양구 장제로 718 (작전동)","한림병원 근처 건물 1층","한아름약국","032-547-5671","1330","0830","1330","0830","1330","0830","1330","0830","1330","0830","1300","0830","C1400095","210","79","23475","37.53182974834621","126.73428515307768"
"대구광역시 남구 대명로 135","일요일 공휴일은 병원 시간에 맞춰서 운영","남대구전화국","한아름약국","053-621-3522","1900","0900","1900","0900","1900","0900","1900","0900","1900","0900","1600","0900","C1300525","424","74","23476","35.83953909967323","128.5725554379141"
"부산광역시 남구 용호로 147 (용호동)","용호3동 부산은행 사거리 부근","한아름약국","051-611-5801","1900","0900","1900","0900","1900","0900","1900","0900","1900","0900","1600","0900","C1200577","485","85","23477","35.11909595861966","129.11209466482288"
"경기도 부천시 경인로438번길 21, 1층 (괴안동)","공휴일 운영시간 유동적","조공시장 쪽에 기업은행 맞은편","한아름약국","032-341-0444","2100","0900","2100","0900","2100","0900","2100","0900","2100","0900","2100","0900","1700","0900","C2100192","146","91","23478","37.48100895093658","126.80459817403235"
"충청남도 홍성군 홍성읍 문화로 99","한아름약국","041-631-8400","2200","0700","2200","0700","2200","0700","2200","0700","2200","0700","2200","0700","2100","1000","2200","0900","C2401669","322","37","23479","36.5963687856504","126.662139869516"
"인천광역시 부평구 세월천로 16, 101호 (청천동, 대우2차상가)","한아름온누리약국","032-524-5800","2200","0900","2200","0900","2200","0900","2200","0900","2200","0900","2200","0900","C1400378","213","12","23480","37.51319001238396","126.7064442169372"
"경상남도 창원시 의창구 도계로 63 (도계동, 중앙상가연립)","새마을금고","한약국","055-277-7732","1830","0900","1830","0900","1830","0900","1830","0900","1830","0900","1300","0900","C2800718","511","62","23481","35.2589449056","128.6382520566"
"대구광역시 달서구 월성로 36, 월성주공4단지 나동 115호 (월성동)","달서구청뒤","한약국","070-8654-7110","2100","0900","2100","0900","2100","0900","2100","0900","2100","0900","2100","0900","2100","0900","C1301050","427","28","23482","35.8319263443","128.5331408172"
"경기도 성남시 수정구 산성대로 249, (신흥동)","한약국","031-741-6444","1930","0900","1930","0900","1930","0900","1930","0900","1930","0900","1600","0900","C2103294","133","53","23483","37.4401839937","127.1448020951"
"서울특별시 서초구 강남대로 543, 1층 (반포동)","휴게시간 13:00-14:00(토요일 제외)","논현역 5번 출구 바로 앞","한약국","02-541-3838","2000","0900","2000","0900","2000","0900","2000","0900","2000","0900","1700","0900","C1100226","065","35","23484","37.510364123748","127.021248744999"
"경기도 성남시 분당구 판교로 700, 110호 (야탑동, 아파트형공장)","한약국","031-704-0738","1900","0800","1900","0800","1900","0800","1900","0800","1900","0800","1400","0800","C2101910","135","16","23485","37.4042139508","127.1516948018"
"경기도 수원시 팔달구 중부대로 80, 인계한양수자인 상가 3동 1층 30호 (인계동)","한양다온약국","031-891-0527","2000","0900","2000","0900","2000","0900","2000","0900","2000","0900","1500","0900","C2107956","164","71","23486","37.27579647498003","127.02480122948995"
"대전광역시 서구 문정로 134 (탄방동)","한양메디약국","042-471-6543","2100","0830","2100","0830","2100","0830","2100","0830","2100","0830","1800","0830","C1601096","352","55","23487","36.346481779197035","127.39424360396516"
"경기도 안산시 상록구 한양대학로 51, 1층 (사동)","한양봄약국","031-407-4399","1800","0900","1800","0900","1800","0900","1800","0900","1800","0900","1800","0900","C2109165","155","87","23488","37.3001153487639","126.838258112305"
"경기도 남양주시 오남읍 양지로 47-39","한양수약국","031-571-1988","1800","0900","1800","0900","1800","0900","1800","0900","1800","0900","1300","0900","C2108627","120","48","23489","37.6830920205467","127.204037150145"
"울산광역시 남구 산업로339번길 24, 한양상가 108호 (선암동)","변전소한양아파트입구","한양약국","052-275-4172","1830","0900","1830","0900","1830","0900","1830","0900","1830","0900","1400","0900","1400","0900","C1700340","447","71","23490","35.51735567181439","129.33907733280643"
"부산광역시 연제구 과정로 270-1 (연산동)","버스정류장: 한양류마디병원","한양약국","051-853-0990","1800","0900","1800","0900","1800","0900","1800","0900","1800","0900","1300","0900","C1202109","475","64","23491","35.18807040080734","129.09771241986183"
"제주특별자치도 서귀포시 안덕면 화순로 110,","안덕우체국맞은편","한양약국","064-792-7792","1900","0830","1900","0830","1900","0830","1900","0830","1900","0830","1300","0830","C2900077","635","30","23492","33.2465981667","126.3346297095"
"경상남도 의령군 의령읍 의병로 217","덕영내과 옆","한양약국","055-574-4271","1500","0800","1500","0800","1500","0800","1500","0800","1500","0800","1530","0800","C2800378","521","40","23493","35.319731676749505","128.26045117808135"
"경기도 안양시 동안구 관악대로 488, 인덕원 메트로빌 308호 (관양동)","한양약국","031-426-8304","1800","0900","1800","0900","1800","0900","1800","0900","1800","0900","1300","0900","C2109513","139","51","23494","37.4019937789913","126.975743522717"
"서울특별시 강남구 논현로176길 14, 3층 일부호 (신사동)","한양약국","02-514-5665","1730","0830","1730","0830","1730","0830","1730","0830","1730","0830","1700","0900","C1103232","060","22","23495","37.5269934647885","127.029718326693"
"대구광역시 북구 구암로 17","칠곡IC입구","한양온누리약국","053-322-2481","2100","0800","2000","0800","1900","0800","2000","0800","2000","0800","1800","0900","1300","0900","1800","0900","C1300176","414","46","23496","35.93411721931779","128.54350634228243"
"경기도 안산시 상록구 석호로 294, 1층 (본오동)","한양온누리약국","031-362-6551","2300","0830","2300","0830","2300","0830","2300","0830","2300","0830","2300","0830","2300","0900","2300","0900","C2109121","155","51","23497","37.2933337848127","126.863265793515"
"충청남도 천안시 서북구 동서대로 125-3, 103(성정동,천안크리닉)","하나은행건물 1층","한얼약국","041-621-7757","1930","0900","1830","0900","1830","0900","1830","0900","1830","0900","1400","0900","C2400534","311","08","23498","36.826307489925874","127.13689370976217"
"대구광역시 달성군 화원읍 사문진로 441","화원삼거리강동연합의원길건너편","한영약국","053-642-7668","1930","0900","1930","0900","1930","0900","1930","0900","1930","0900","1300","0900","C1300734","429","55","23499","35.80406589571543","128.49598229714317"
"부산광역시 서구 구덕로165번길 34","아미시장 안","한영약국","051-256-4765","1900","0830","1900","0830","1900","0830","1900","0830","1900","0830","1500","0830","C1200049","492","45","23500","35.09937102095679","129.0179088376552"
"대구광역시 수성구 청수로 133, 103호 (황금동)","전화는 10시부터, 업무는 09시부터","한영약국","053-765-0010","1900","0900","1900","0900","1900","0900","1900","0900","1900","0900","1500","0900","C1301529","421","49","23501","35.8403034196","128.6228898951"
"경기도 평택시 통복시장2로 10, (통복동)","한영약국","031-652-7600","1900","0900","1900","0900","1900","0900","1900","0900","1900","0900","1700","0900","C2100910","178","93","23502","36.995961284720664","127.08337343138228"
"서울특별시 서초구 방배로 36, (방배동)","방배역 1번 출구 남부순환로 방면 400m 이삭빌딩 101호","한영온누리약국","02-523-3820","2100","0900","2100","0900","2100","0900","2100","0900","2100","0900","1800","0900","C1104671","067","05","23503","37.4781138583437","127.000159183738"
"서울특별시 강서구 까치산로 151, 104호 (화곡동)","한우리약국","02-2699-0456","1910","0900","1910","0900","1910","0900","1910","0900","1910","0900","1500","0900","C1100229","076","57","23504","37.5509620055299","126.852103435952"
"서울특별시 마포구 망원로 73, 1층 (망원동)","한우리약국","02-3142-6796","2000","0900","2000","0900","2000","0900","2000","0900","2000","0900","1800","0900","C1104343","039","64","23505","37.5575139951347","126.905048901976"
"서울특별시 영등포구 의사당대로 97","여의도역 4번 출구 바로 앞 교보증권빌딩 지하 1층","한우리약국","02-785-7648","2000","0900","2000","0900","2000","0900","2000","0900","2000","0900","1430","0900","C1100228","073","27","23506","37.522516139033","126.924586046016"
"부산광역시 기장군 기장읍 읍내로 107","버스정류장: 기장시장","한우리약국","051-723-2307","1830","0900","1830","0900","1830","0900","1830","0900","1830","0900","1330","0900","1400","0900","C1200450","460","61","23507","35.2452908628433","129.2160141935725"
"충청남도 논산시 해월로 151(반월동)","반월초등학교 맞은편","한우리약국","041-736-4927","1900","0900","1900","0900","1900","0900","1900","0900","1900","0900","1400","0900","1300","0900","C2400520","329","51","23508","36.20434672310455","127.08374467366538"
"강원특별자치도 횡성군 횡성읍 문정로 42","한우리약국","033-343-7857","1830","0900","1830","0900","1830","0900","1830","0900","1830","0900","1600","0900","1700","0900","1600","0900","C2200215","252","31","23509","37.48886679502665","127.98777209191884"
"강원특별자치도 원주시 봉화로 12, 1층 (단계동)","단계SKT건물 옆 / 아름다운산부인과 옆건물","한우리약국","033-766-4600","1900","0900","1900","0900","1900","1000","1900","0900","1900","0900","1600","0900","C2200302","264","36","23510","37.345374999999997","127.928561111111108"
"대전광역시 대덕구 계족산로 2, 1층 102,103호 (중리동, 조은크리닉)","한우리약국","042-673-4927","2100","0850","2100","0850","2100","0850","2100","0850","2100","0850","1800","0900","1700","0930","1700","0900","C1600356","344","22","23511","36.361317731672536","127.4320493675076"
"경상북도 구미시 인동북길 105 (인의동)","한우리약국","054-475-8762","2100","0900","2300","0900","2100","0900","2300","0900","2100","0900","1900","0900","1900","1300","1900","1300","C2701347","394","39","23512","36.09813698515238","128.42784295658652"
"전라남도 광양시 중마중앙로 142, (중동)","미래여성의원","한우리약국","061-793-7714","1830","0900","1830","0900","1830","0900","1830","0900","1830","0900","1600","0900","C2600575","577","86","23513","34.942907700826105","127.69830962476042"
"대전광역시 동구 동서대로 1689 (용전동)","복합터미널 이마트 5층(서관)/ 대형마트 휴무일에 맞춰 휴무함","한우리약국","042-633-7812","2000","1100","2000","1100","2000","1100","2000","1100","2000","1100","1330","0930","C1600570","345","51","23514","36.35032193823571","127.43674642373591"
"강원특별자치도 춘천시 후석로 247 (후평동)","한신아파트 입구","한우리약국","033-252-8270","2030","0900","2030","0900","2030","0900","2030","0900","2030","0900","1800","0900","C2200073","242","84","23515","37.873573295351825","127.7522805852075"
"대구광역시 북구 침산로 144, 1층 (침산동)","한우리약국","053-355-0023","2030","0900","2030","0900","2030","0900","2030","0900","2030","0900","1300","0900","C1300347","415","60","23516","35.8892587873","128.5915122833"
"경기도 성남시 분당구 장미로 139","야탑역1번출구100M우회전후500M매화마을2단지","한우리약국","031-708-3399","2100","0800","2100","0800","2100","0800","2100","0800","2100","0800","2100","0800","2130","0830","C2100684","135","00","23517","37.41359293345523","127.13615476867173"
"경기도 의왕시 부곡시장길 40, (삼동)","의왕역2번출구도보7분","한우리약국","031-462-5453","1600","0900","1600","0900","1600","0900","1600","0900","1600","0900","1600","0900","1600","0900","C2101660","160","94","23518","37.3183294593","126.9528876779"
"경기도 수원시 권선구 덕영대로 1085 (세류동)","한우리약국","031-225-9522","2030","0900","2030","0900","2030","0900","2030","0900","2030","0900","1600","0900","C2101301","165","87","23519","37.2544294539","127.0109565309"
"경기도 하남시 신평로 49 (신장동)","한우리약국","031-796-5062","2200","0900","2200","0900","2200","0900","2200","0900","2200","0900","2200","0900","2100","1100","C2106560","129","68","23520","37.538269360155525","127.20453869011545"
"서울특별시 중랑구 망우로 412, 4층 (망우동, 기성빌딩)","기성빌딩 4층","한우리약국","02-495-1357","1830","0900","1830","0900","1830","0900","1830","0900","1830","0900","1500","0900","C1102205","021","64","23521","37.5990279049671","127.097942388734"
"제주특별자치도 제주시 연신로 51","한마음병원앞","한우리약국","064-723-8484","1830","0900","1830","0900","1830","0900","1830","0900","1830","0900","1300","0900","C2900135","632","28","23522","33.49697031614968","126.54683206620408"
"경기도 부천시 오정로220번길 35 (오정동)","한우리약국","032-678-9463","2200","0930","2200","0930","2200","0930","2200","0930","2200","0930","2200","0930","C2100360","144","37","23523","37.52680759516333","126.78556721890808"
"경기도 수원시 영통구 영통로 151 (망포동)","한우리약국","031-205-4194","2200","0900","2200","0900","2200","0900","2200","0900","2200","0900","2200","0900","2200","0900","2200","0900","C2100072","166","88","23524","37.2409446437","127.0552687776"
"서울특별시 강동구 진황도로61길 25 (둔촌동)","중앙보훈병원역 1번 출구 선린초등학교 옆, 삼익상가 101호","한우리유공약국","02-473-6262","1800","0900","1800","0900","1800","0900","1800","0900","1800","0900","C1100173","053","67","23525","37.5290242363151","127.144671477452"
"대전광역시 대덕구 비래동로 40","공휴일 전화후 방문요망(추석과 설명절은 휴무) 09:00~21:00","비래동금성백조아파트105동앞","한울명천약국","042-673-2773","2100","0900","2100","0900","2100","0900","2100","0900","2100","0900","2100","0900","C1600468","344","18","23526","36.3574526209854","127.4511717148192"
"서울특별시 양천구 오목로 299","목동트라팰리스웨스텐에비뉴","한울약국","02-2651-8647","1900","0900","1900","0900","1900","0900","1900","0900","1900","0900","1300","0900","1300","0900","1300","0900","C1106990","080","01","23527","37.5260837006075","126.87035534357"
"서울특별시 관악구 난곡로 50, 자연빌딩 1층 (신림동)","한울약국","02-857-7755","1830","0830","1830","0830","1300","0830","1830","0830","1830","0830","1300","0830","C1109008","088","61","23528","37.4604788982933","126.920180427488"
"인천광역시 연수구 새말로 32, (연수동)","동남스포피아 앞","한울약국","032-818-5578","2200","0900","2200","0900","2200","0900","2200","0900","2200","0900","1700","0900","C1400475","219","19","23529","37.422244623224465","126.67475242094065"
"서울특별시 금천구 독산로 133, 1층 (시흥동)","한울약국","02-809-3323","1800","0800","1800","0800","1800","0800","1800","0800","1800","0800","1400","0800","C1102206","086","22","23530","37.4591802926417","126.904873735784"
"경기도 고양시 덕양구 화중로 60, 302호 (화정동, 화정종합상가)","한울약국","031-973-2335","1900","0830","2100","0830","1900","0830","2100","0830","1900","0830","1300","0900","C2106833","105","00","23531","37.63241768803993","126.83080373900864"
"서울특별시 중랑구 망우로 353, 지하1층 (상봉동, 상봉 프레미어스 엠코)","한울약국","02-432-6745","2100","1000","2100","1000","2100","1000","2100","1000","2100","1000","2100","1000","2100","1000","2100","1000","C1108285","020","87","23532","37.5983328190955","127.091624142481"
"인천광역시 부평구 경인로1104번길 23 (일신동)","일신시장부근연세안경원옆안쪽길따라서","한울약국","032-512-2706","2100","0900","2100","0900","2100","0900","2100","0900","2100","0900","2000","0900","C1400430","214","19","23533","37.48459148112976","126.74218626127589"
"충청남도 천안시 동남구 남부대로 322, 1층 (청당동)","한울약국","041-563-5005","1900","0900","1900","0900","1800","0900","1900","0900","1900","0900","1300","0900","C2401572","312","11","23534","36.78133342532238","127.15285112465352"
"서울특별시 동대문구 한천로 89 (답십리동)","한유약국","02-2213-3831","2000","0900","2000","0900","2000","0900","2000","0900","2000","0900","1800","0900","1900","1300","C1100175","026","10","23535","37.569580706757","127.063984681811"
"경기도 남양주시 오남읍 양지로 47-37, 라동동","한유약국","031-573-6402","1930","0830","1930","0830","1930","0830","1930","0830","1930","0830","1600","0830","C2100129","120","48","23536","37.682796985962014","127.20489944621133"
"서울특별시 마포구 백범로 95, 다나빌딩 1층 (대흥동)","대흥역 2번 출구 앞","한유약국","02-716-8330","1900","0840","1900","0840","1900","0840","1900","0840","1900","0840","1330","0840","C1100174","041","36","23537","37.54764048458302","126.94204772766722"
"경기도 남양주시 도농로 24, 108호 (다산동, 부영애시앙)","도농역근처,부영아파트단지,이마트,주상복합상가1층","한인희온누리약국","031-568-1207","2100","0900","2100","0900","2100","0900","2100","0900","2100","0900","1900","0900","2100","0900","C2102685","122","56","23538","37.608754245828166","127.15802384092783"
"부산광역시 중구 광복로 31 (창선동2가)","추석, 설날 휴무","버스정류장:국제시장사거리","한일사약국","051-242-9954","2200","0800","2200","0800","2200","0800","2200","0800","2200","0800","2200","0800","2200","0800","2200","0800","C1200280","489","46","23539","35.09948055555556","129.02851111111235"
"충청남도 천안시 동남구 버들로 23, (문화동)","매월 1,3주 토요일 휴무","하나은행 천안중앙지점 옆","한일섭약국","041-554-2442","1830","0900","1830","0900","1830","0900","1830","0900","1830","0900","1300","0900","C2400385","311","28","23540","36.80838782160765","127.15048880150881"
"충청북도 제천시 명륜로 77 (의림동)","신화의원, 김태웅산부인과 옆","한일약국","043-646-3271","1800","0830","1800","0830","1800","0830","1800","0830","1800","0830","1330","0830","C2300184","271","65","23541","37.142076373818746","128.20920764166266"
"경기도 안양시 만안구 충훈로 87 (석수동)","전화확인후 방문할 것","한일약국","031-471-3892","1930","0830","1930","0830","1930","0830","1930","0830","1930","0830","1500","0830","C2104480","139","74","23542","37.4075223944913","126.89875121147675"
"대구광역시 달성군 현풍면 현풍중앙로 42","한일약국","053-611-5700","1830","0900","1830","0900","1830","0900","1830","0900","1830","0900","1400","0900","C1300620","430","05","23543","35.69334133350651","128.44607518940398"
"부산광역시 사상구 사상로 517, (모라동)","2호선 모라역 3번출구","한일약국","051-302-0267","1900","0900","1900","0900","1900","0900","1900","0900","1900","0900","1600","0900","C1201015","469","17","23544","35.190634093399574","128.98890806491363"
"전북특별자치도 전주시 덕진구 기린대로 696","전북은행옆","한일약국","063-212-0946","2000","0900","2000","0900","2000","0900","2000","0900","2000","0900","2000","0900","C2500288","548","45","23545","35.85358577659788","127.10576902040722"
"인천광역시 남동구 남촌동로15번길 12 (남촌동)","풍림1차 아파트와 풍림 2차아파트 사이","한일약국","032-463-6387","2200","0930","2200","0930","2200","0930","2200","0930","2200","0930","2200","0930","2200","0830","C1400348","216","25","23546","37.43138500482709","126.71696960223002"
"대구광역시 중구 국채보상로 598, (동성로2가)","전화통화 필수","한일극장에서2.28공원방향으로아주조금만내려오세요.","한일약국","053-424-4664","2400","0930","2400","0930","2400","0930","2400","0930","2400","0930","2400","0930","2400","0930","2400","0930","C1300168","419","38","23547","35.870559050876295","128.59593546778282"
"대전광역시 동구 우암로147번길 3, (삼성동)","한일약국","042-631-1119","1800","0900","1800","0900","1800","0900","1800","0900","1800","0900","1300","0900","C1600606","346","11","23548","36.34001368935447","127.434123796779"
"전라남도 여수시 신월로 805, (서교동)","중앙연합의원 근처","한일약국","061-643-5115","1930","0800","1930","0800","1930","0800","1930","0800","1930","0800","1800","0800","C2600320","597","55","23549","34.740084715316385","127.72661778551637"
"경상북도 청송군 청송읍 강변로 43","한일약국","054-872-1213","1900","0850","2300","0850","1900","0850","2300","0850","1900","0850","1300","0850","C2700802","374","31","23550","36.43594810573442","129.05146535214897"
"강원특별자치도 원주시 옛시청길 1-1, (일산동)","교보빌딩 앞","한일약국","033-742-7311","1830","0800","1830","0800","1830","0800","1830","0800","1830","0800","1500","0800","C2200161","264","17","23551","37.352602063420285","127.94633933154617"
"강원특별자치도 속초시 청학로 27, (청학동)","청학사거리 이병호 내과 지하","한일약국","033-633-4176","1700","0830","1700","0830","1300","0830","1700","0830","1700","0830","1200","0830","C2200285","248","35","23552","38.20158884894881","128.5832613509382"
"전라남도 목포시 호남로 73, (호남동)","한국전기 안전공사 전남 서부지사","한일약국","061-244-2244","1900","0800","1900","0800","1900","0800","1900","0800","1900","0800","1600","0800","C2600699","587","22","23553","34.79412730641228","126.38662162296617"
"충청북도 청주시 상당구 수영로 228 (금천동)","금천동구종점","한일약국","043-253-4838","1830","0900","1830","0900","1830","0900","1230","0900","1830","0900","1230","0900","C2300389","287","32","23554","36.6246449816746","127.50410505143725"
"경기도 수원시 영통구 효원로 397, 중앙프라자 107호 (매탄동)","영통구청옆, 삼성프라자Ⅱ 106호","한일약국","031-217-6869","2000","0830","2000","0830","2000","0830","2000","0830","2000","0830","1600","0830","C2100923","165","45","23555","37.25965123394824","127.04540900198391"
"경기도 평택시 평택2로 34 (평택동)","박애병원옆대로변","한일약국","031-655-5982","1830","0900","1830","0900","1830","0900","1830","0900","1830","0900","1400","0900","C2103269","179","09","23556","36.993524385955","127.08885273174893"
"경기도 성남시 중원구 광명로 124, (성남동)","한일약국","031-754-6773","1830","0900","1830","0900","1830","0900","1830","0900","1830","0900","1400","0900","C2103381","133","60","23557","37.436590233455256","127.14224943544657"
"서울특별시 관악구 보라매로 12, 2층 (봉천동, 관악농협)","관악농협 건물","한일약국","02-889-8517","1830","0830","1830","0830","1830","0830","1830","0830","1830","0830","1500","0830","C1107690","087","22","23558","37.4904986754072","126.927785485261"
"서울특별시 중구 서소문로 109","시청역 10번 출구 직진 40m 신문가판대 앞","한일약국","02-753-9779","2130","0830","2130","0830","2130","0830","2130","0830","2130","0830","1430","0930","C1102207","045","15","23559","37.5630615400711","126.97327976746"
"강원특별자치도 철원군 갈말읍 삼부연로8번길 4-2","신철원 시장 앞, 신철원 터미널","한일약국","033-452-2321","1900","0900","1900","0900","1900","0900","1900","0900","1900","0900","2000","0900","2000","0900","2000","0900","C2200138","240","48","23560","38.14475360202516","127.30884000242935"
"전북특별자치도 무주군 설천면 무설로 1582-5","설천신협건너편","한일약국","063-324-7303","1730","0900","1730","0900","1730","0900","1730","0900","1730","0900","1300","0900","C2500507","555","48","23561","36.00941380019161","127.78696874107628"
"전북특별자치도 정읍시 벚꽃로 380 (시기동)","구시장 천변 주차장 옆 위치.","한일약국","063-535-2673","1930","0800","1930","0800","1930","0800","1930","0800","1930","0800","1400","0800","C2500453","561","64","23562","35.562488888888886","126.853994444444439"
"경상남도 진주시 동진로 176","자유시장맞은편","한일약국","055-761-8532","1400","0900","1400","0900","1400","0900","1400","0900","1400","0900","1900","0900","C2800301","527","96","23563","35.17944429969029","128.11030750049395"
"강원특별자치도 춘천시 후석로 376 (후평동)","춘천우체국 아래","한일온누리약국","033-254-3288","1800","0900","1800","0900","1230","0900","1800","0900","1800","0900","1230","0900","C2200125","242","34","23564","37.88423748078126","127.74762844759918"
"제주특별자치도 제주시 평전1길 20, 1층 (삼도일동)","한일온누리약국","064-725-2651","1730","0830","1730","0830","1730","0830","1730","0830","1730","0830","1330","0830","C2900524","631","83","23565","33.500580251758954","126.51712804755653"
"전라남도 담양군 대전면 추성1로 190,","대전면 대치우체국 앞.","한재약국","061-383-2896","1730","0830","1730","0830","1730","0830","1730","0830","1730","0830","1300","0830","C2600435","573","28","23566","35.276326515784774","126.88711506042745"
"경기도 시흥시 정왕시장길 62 (정왕동)","한중약국","031-499-9185","2200","0900","2200","0900","2200","0900","2200","0900","2200","0900","2200","0900","2200","1000","C2103388","150","52","23567","37.34607992692985","126.7492842325197"
"서울특별시 영등포구 도림로 144, 88월드타워 104호 (대림동)","한중약국","02-849-5400","2100","0900","2100","0900","2100","0900","2100","0900","2100","0900","2100","0900","2100","0900","2100","0900","C1107058","074","17","23568","37.493335973391","126.89821279355"
"서울특별시 금천구 독산로 136, 103호 (시흥동)","한중약국","02-804-6985","2000","0830","2000","0830","2000","0830","2000","0830","2000","0830","1600","0830","C1109021","085","68","23569","37.4595006193821","126.905231291478"
"서울특별시 구로구 구로동로 8 (가리봉동)","한중약국","02-863-8575","2130","1000","2130","1000","2130","1000","2130","1000","2130","1000","2130","1000","2130","1000","2130","1000","C1108474","083","86","23570","37.482440112266","126.887318909305"
"강원특별자치도 철원군 동송읍 금학로 224-1, 한중약국 (동송읍)","2018년 추석연휴(휴무)","롯데리아 건너편에서 서울방향 50m.","한중약국","033-455-2785","2000","0830","2000","0830","2000","0830","2000","0830","2000","0830","1500","0830","1800","0900","C2200113","240","15","23571","38.208746783720756","127.21793164346377"
"서울특별시 중구 서소문로 120 (서소문동)","시청역 9번 출구","한중약국","02-752-2326","2030","0730","2030","0730","2030","0730","2030","0730","2030","0800","1600","0900","C1100196","045","14","23572","37.5628683143675","126.974678797888"
"충청남도 당진시 송악읍 한진포구길 13, 104호","한진바다약국","050-71382-5535","2100","0830","2100","0830","2100","0830","2100","0830","2100","0830","1600","0830","C2401923","317","20","23573","36.9678568731641","126.77983190401402"
"경상남도 통영시 데메4길 5","고려당빵집","한진약국","055-645-4523","1830","0900","1830","0900","1830","0900","1830","0900","1830","0900","1330","0900","C2800271","530","75","23574","34.829171145727905","128.4237957827084"
"경기도 안성시 중앙로 380","일요일과 공휴일은 매우 불규칙적으로 운영됨","한진약국","031-675-5659","2030","0830","2030","0830","2030","0830","2030","0830","2030","0830","1700","0830","1300","0900","C2102095","175","81","23575","37.007545574905485","127.2689667705793"
"서울특별시 강서구 우현로 26, 101동 B202호 (화곡동, 우장산에스케이뷰)","우장산역 2번 출구 300m 우장산동주민센터 옆 우장산에스케이뷰 상가","한진약국","02-2605-6916","2000","0930","2000","0930","2000","0930","2000","0930","2000","0930","1930","1000","1930","1000","C1104191","076","90","23576","37.5483426494332","126.842913138805"
"경기도 파주시 문산읍 문향로 64-1","경기솔로몬저축은행맞은편","한진약국","031-952-2277","1900","0900","1900","0900","1900","0900","1900","0900","1900","0900","1900","0900","2200","0900","C2102837","108","24","23577","37.85764568566518","126.78511930491143"
"경기도 평택시 중앙로 205 (비전동)","한진약국","031-651-2929","1830","0830","1830","0830","1830","0830","1830","0830","1830","0830","1400","0830","C2100641","178","99","23578","36.9913082663","127.1057942915"
"인천광역시 남동구 경인로524번길 16 (간석동, 한진아파트)","한진아파트 상가","한진약국","032-422-9983","1700","1100","1700","1100","1700","1100","1700","1100","1700","1100","1600","1100","C1400680","215","52","23579","37.4586564112","126.6964677303"
"서울특별시 성동구 행당로 82","한진종합상가 309-1호, 행당역 3번 출구 롯데마트 건물 3층","한진약국","02-3395-5368","1900","0900","1900","0900","1900","0900","1900","0900","1900","0900","1700","0900","C1103964","047","17","23580","37.55654445686518","127.0289784630743"
"울산광역시 남구 대학로33번길 17, (무거동)","울산대학교후문쪽","한창약국","052-247-6498","1930","0900","1930","0900","1930","0900","1930","0900","1930","0900","1900","1000","C1700121","446","17","23581","35.5397147147","129.2543110876"
"경상남도 김해시 가락로 102, (서상동)","공휴일은 전화문의 후 방문","김해시농협중앙회앞","한창약국","055-334-5989","1900","0900","1900","0900","1900","0900","1900","0900","1900","0900","1900","0900","1900","0900","C2800450","509","15","23582","35.235527777777776","128.881272222222236"
"경기도 가평군 가평읍 가화로 118","한천당약국","031-582-4994","2100","0900","2100","0900","2100","0900","2100","0900","2100","0900","1800","0900","C2102571","124","19","23583","37.83021668763205","127.5137748564716"
"서울특별시 강남구 선릉로 301, 1층 (역삼동)","한티365약국","02-591-0365","2200","0830","2200","0830","2200","0830","2200","0830","2200","0830","2200","0830","2110","0900","2200","0830","C1110473","062","18","23584","37.4964706995569","127.052465006347"
"서울특별시 강남구 선릉로 314, 2층 201-2호 (대치동)","휴게시간 13:00~14:00(토요일 제외)","한티미소약국","02-6471-5400","1900","0900","1900","0900","1900","0900","1900","0900","1900","0900","1400","0900","C1109707","062","05","23585","37.4978192727985","127.052381926669"
"서울특별시 강남구 선릉로 225, 도곡렉슬상가 지하1층 133-1호 (도곡동)","도곡렉슬상가 지하 1층 133","한티약국","02-574-2575","2030","0900","2030","0900","2030","0900","2000","0900","2030","0900","1930","0900","C1100198","062","76","23586","37.4953648706654","127.052720025644"
"서울특별시 강남구 도곡로 323, 다른빌딩 1층 (역삼동)","한티역 7번 출구 버스정류장 바로 앞 위치","한티역약국","02-3453-9982","1930","0830","1930","0830","1930","0830","1930","0830","1930","0830","1500","0830","C1109590","062","18","23587","37.4960980886032","127.051336283187"
"서울특별시 강남구 선릉로 305, 한티KR타워 1층 101호 (역삼동)","365일 오픈합니다.","코로나 치료제 지정약국 : 팍스로이드, 라게브리오","한티역 8번 출구에서 47m","한티참약국","02-538-4567","2000","0900","2100","0900","2000","0900","2100","0900","2000","0900","2000","0900","2100","0900","2100","0900","C1109568","062","18","23588","37.4966557888844","127.052414134692"
"강원특별자치도 강릉시 성덕로 328-18, 주영프라자 1층 105호 (입암동)","Breaktime 12:30-14:30","함께가는거북이약국","033-651-8862","1900","0830","1900","0830","1900","0830","1900","0830","1900","0830","1800","0900","C2201058","256","16","23589","37.7546697498791","128.919936979103"
"충청북도 청주시 서원구 청남로 2124, 리드빌딩 1층 (모충동)","청주농협 남부지점 북쪽으로 100m, 청주교대 대로변 북쪽 500m Sk주유소 맞은편","함께약국","043-283-0003","2000","0900","2000","0900","2000","0900","2000","0900","2000","0900","1400","0900","C2301252","287","04","23590","36.6216903569939","127.488115943476"
"인천광역시 서구 서곶로 823, 1층 (당하동)","당하동삼성디지탈프라자옆","함께약국","032-567-3828","1800","0900","1800","0900","1800","0900","1800","0900","1800","0900","1800","0830","1800","1200","1800","0900","C1401456","226","75","23591","37.59069090638597","126.67296550460665"
"강원특별자치도 원주시 소초면 송황유사길 3, 1층 100호","함께약국","033-734-7589","1900","0830","1900","0830","1900","0830","1900","0830","1900","0830","1500","0900","C2201107","263","10","23592","37.38161382785201","127.974196286448"
"서울특별시 은평구 수색로 264-1 (수색동)","수색역 맞은편","함께하는약국","02-375-1846","1900","0930","1900","0930","1900","0930","1900","0930","1900","0930","1600","0930","C1102200","034","89","23593","37.5826687054056","126.895056464137"
"경기도 시흥시 수인로 3330, 연세더바로병원 1층 102호 (대야동)","함께하는약국","031-8042-6337","1800","0900","1800","0900","1800","0900","1800","0900","1800","0900","1300","0900","C2109404","149","11","23594","37.4394224430171","126.788780919886"
"경기도 성남시 분당구 야탑로 64, 1층 (야탑동, 야탑시장)","함께하는약국","031-702-7100","1900","0900","1900","0900","1900","0900","1900","0900","1900","0900","C2106439","135","20","23595","37.40956437013351","127.12557519880025"
"경상북도 구미시 인동중앙로 15 (황상동)","함께하는약국","054-474-7586","1930","0900","1930","0900","1930","0900","1930","0900","1930","0900","1330","0900","C2701290","394","30","23596","36.10698451390129","128.42070050719914"
"전북특별자치도 전주시 완산구 평화로 141 (평화동2가)","마지막주 토요일 휴무","신성초교근처,평화2치안센터근처,송호신내과 1층","함께하는약국","063-229-8300","2030","0830","2030","0830","2030","0830","2030","0830","2030","0830","1600","0830","C2500845","551","23","23597","35.78996640806541","127.13539495147418"
"제주특별자치도 제주시 조천읍 함와로 40","함덕하나로마트 1층","함덕하나로약국","064-784-8434","1900","0830","1900","0830","1900","0830","1900","0830","1900","0830","1400","0830","C2900212","633","34","23598","33.536728099704305","126.67410710478296"
"경기도 평택시 함박산8길 31, 106호 (고덕동)","함박약국","031-000-0000","1800","0900","1800","0900","1800","0900","1800","0900","1800","0900","1300","0900","C2109710","180","17","23599","37.0386036746729","127.031551372208"
"경기도 용인시 처인구 명지로40번길 15-15, 106호 (역북동)","함박약국","031-333-6339","2100","0800","2100","0800","2100","0800","2100","0800","2100","0800","C2108182","170","56","23600","37.2312919695892","127.186717295977"
"경상남도 함안군 가야읍 가야로 45","일요일 공휴일 장날 운영, 전화 확인 필요","가야사거리-시외버스터미널 사이(안경이야기맞은편)","함안약국","055-583-2047","2000","0830","2000","0830","2000","0830","2000","0830","2000","0830","2000","0830","C2800058","520","41","23601","35.27765805545804","128.4060834863829"
"강원특별자치도 인제군 북면 원통로 218","함약국","033-462-7570","1830","0830","1830","0830","1830","0830","1830","0830","1830","0830","1230","0830","C2201115","246","16","23602","38.1242467745864","128.20732435274203"
"경기도 성남시 수정구 남문로69번길 5-8 (태평동)","함약국","031-756-5635","2100","1000","2100","1000","2100","1000","2100","1000","2100","1000","2100","1000","2000","1000","C2101278","132","87","23603","37.44687814796498","127.13443789612313"
"경상남도 함양군 함양읍 용평중앙길 5, 1층","함양약국","055-962-0907","2000","0830","2000","0830","2000","0830","2000","0830","2000","0830","1330","0830","C2802205","500","40","23604","35.5186345159995","127.727204932452"
"경상남도 함양군 함양읍 함양로 1174, 104호","함양온누리약국","055-963-2147","1830","0830","1830","0830","1830","0830","1830","0830","1830","0830","1330","0830","C2802337","500","33","23605","35.5232464514478","127.728819976487"
"전북특별자치도 익산시 함열읍 함열3길 22","한독의원 앞","함열건강약국","063-862-2433","1800","0830","1800","0830","1800","0830","1800","0830","1800","0830","1300","0900","C2500090","545","11","23606","36.0806476493489","126.96095059669237"
"전북특별자치도 익산시 함열읍 함열중앙로 3","함열지구대에서 30m정도 위치.","함열보령약국","063-861-9944","2000","0800","2000","0800","2000","0800","2000","0800","2000","0800","1800","0800","C2500639","545","11","23607","36.0795009616394","126.95803669520677"
"전북특별자치도 익산시 함열읍 함열로 57 (함열읍)","함열사랑약국","063-862-7142","1730","0800","1730","0800","1730","0800","1730","0800","1730","0800","1230","0800","C2501302","545","11","23608","36.07889450256518","126.95750595562019"
"전북특별자치도 익산시 함열읍 함열중앙로 11, 가동 103호","함열온누리약국","063-862-7300","1200","0900","1200","0900","1200","0900","1200","0900","1200","0900","C2501165","545","11","23609","36.07869331407222","126.95760194467988"
"전북특별자치도 익산시 함열읍 함열로 54","함열유명종로약국","063-862-6275","1800","0700","2300","0700","1800","0700","2300","0700","1800","0700","1800","0700","C2501516","545","11","23610","36.0786429503624","126.957957053053"
"전북특별자치도 익산시 함열읍 함열1길 42","함열시장입구","함열태평양약국","063-862-5005","1900","0900","1900","0900","1900","0900","1900","0900","1900","0900","1330","0900","C2500638","545","11","23611","36.07945780434523","126.9583164896211"
"울산광역시 중구 학성로 166, 1층 (학성동)","구 역전시장 바로앞","함제약국","052-243-6868","1830","0830","1830","0830","1830","0830","1830","0830","1830","0830","1830","0830","1830","0830","C1700069","445","20","23612","35.55662139865254","129.32913352119215"
"울산광역시 중구 화진길 26 (태화동)","5일 10일(장날은 일요일도 운영) 09:00~19:00","태화루 건너편 태화시장 간판 있는 골목안, 결핵의원 아래쪽","함지약국","052-244-5556","1900","0900","1900","0900","1900","0900","1900","0900","1900","0900","1500","0900","1300","0900","C1700068","444","52","23613","35.554168725606985","129.3076673656771"
"경상북도 상주시 함창읍 함창중앙로 99, 1층","함창약국","054-541-8922","2000","0800","2000","0800","2000","0800","2000","0800","2000","0800","1300","0800","C2701740","371","18","23614","36.5683472818944","128.175646801876"
"서울특별시 종로구 대학로 93, 대한성공회 대학로교회 1,2층 (연건동)","대학로 서울대학교병원 입구 함춘회관 옆","함춘약국","02-741-0370","1800","0900","1800","0900","1800","0900","1800","0900","1800","0900","1300","0900","C1100199","030","82","23615","37.5795988930013","127.001825396509"
"전라남도 함평군 함평읍 광남길 71, 102호 (광주은행(함평지점))","함평약국(17년 6월 개설)","함평읍 광남길 71, 광주은행 함평지점 건물","함평약국","061-322-1310","1300","0800","1300","0800","1300","0800","1300","0800","1300","0800","1230","0800","C2601115","571","51","23616","35.0638644721","126.5196494596"
"충청남도 당진시 합덕읍 합우로 188-1, 1층","합덕약국","041-970-0081","1830","0830","1830","0830","1830","0830","1830","0830","1830","0830","1300","0800","C2401908","318","12","23617","36.8076611072829","126.775930272815"
"대구광역시 수성구 청수로4길 1","합동약국","053-763-2705","1830","0830","1830","0830","1830","0830","1830","0830","1830","0830","1330","0830","C1300259","421","56","23618","35.84058502229005","128.61037306320074"
"대구광역시 달서구 와룡로 19-1","본리네거리에서본리공원삼거리방향으로200m","합동약국","053-623-6910","1800","0900","1800","0900","1800","0900","1800","0900","1800","0900","1500","0900","C1300297","427","29","23619","35.83435911403467","128.53687676460967"
"경상남도 창원시 마산회원구 3·15대로 744, (합성동)","송아빌딩안","합성동우리약국","055-251-6191","2000","0900","2000","0900","2000","0900","2000","0900","2000","0900","1500","0900","C2800933","513","62","23620","35.23832205061477","128.5828779533855"
"서울특별시 마포구 독막로 14, 1층 (합정동)","합정365약국","02-6012-3031","2200","0900","2200","0900","2200","0900","2200","0900","2200","0900","2200","0900","2200","0900","2100","1000","C1108807","040","72","23621","37.5484287443146","126.914924028909"
"서울특별시 마포구 독막로 22, 청명빌딩 1층 (합정동)","합정녹십자약국","02-3142-6002","2000","0900","2000","0900","2000","0900","2000","0900","2000","0900","1600","0900","C1108901","040","72","23622","37.5482366441113","126.915793674144"
"서울특별시 마포구 양화로 45, C-17호 (서교동, 홈플러스합정점)","매달 2,4번째 일요일 정기 휴무","합정동산약국","02-338-0026","2130","1000","2130","1000","2130","1000","2130","1000","2130","1000","2130","1000","2130","1000","2130","1000","C1108902","040","36","23623","37.5515008030203","126.91395024016"
"서울특별시 마포구 양화로 지하45, 합정역 B1층 109호 (합정동)","합정역 8번출구 밑 지하1층 (합정역사 내에 위치)","합정스타약국","02-323-0202","2200","0830","2200","0830","2200","0830","2200","0830","2200","0830","2100","0900","2100","0900","2100","0900","C1109786","040","27","23624","37.5492591944858","126.913190884167"
"경기도 평택시 조개터로42번길 60-1 (합정동)","한전사거리성세병원정문앞","합정약국","031-651-3241","2300","0900","2300","0900","2300","0900","2300","0900","2300","0900","2300","0900","2300","0900","2300","0900","C2101190","179","04","23625","36.99013294091871","127.10612518053861"
"전북특별자치도 군산시 구시장로 50, 항도약국 1층 (신영동)","구시장 안쪽","항도약국","063-445-3620","1800","0830","1800","0830","1800","0830","1800","0830","1800","0830","1500","0830","C2500172","540","27","23626","35.98462490520508","126.71953095608372"
"경상북도 포항시 북구 삼호로 123-1","학산동","항도약국","054-247-5345","2000","0900","2000","0900","2000","0900","2000","0900","2000","0900","2000","0900","C2700312","377","17","23627","36.051519328037486","129.3718193642875"
"서울특별시 구로구 항동로3길 6, 가온 프라자 105호 (항동)","가온프라자 1층","항동푸른약국","02-2615-8279","2000","0830","2000","0830","2000","0830","2000","0830","2000","0830","1400","0830","1400","0900","C1108629","083","68","23628","37.4808405838883","126.824294637379"
"경기도 평택시 포승읍 평택항로 1-6","항만약국","031-686-6466","2000","0930","2000","0930","2000","0930","2000","0930","2000","0930","1900","0930","1800","1000","C2104618","179","62","23629","36.961846746748485","126.85379561604345"
"서울특별시 동작구 서달로 150, 2층 209호 (흑석동, 이랜드해가든)","해가든상가 202호","해가든약국","02-821-8531","1830","0900","1830","0900","1830","0900","1830","0900","1830","0900","1300","0800","C1104074","069","80","23630","37.5066265781961","126.962183786625"
"울산광역시 중구 곽남5길 22, (남외동)","약사중학교 인근 선우시장 입구","해강약국","052-281-7172","1900","0930","1900","0930","1900","0930","1900","1400","1900","0930","1400","0930","1300","0930","C1700206","444","91","23631","35.570833333333333","129.341780555555545"
"서울특별시 영등포구 여의대방로69길 28 (여의도동)","해경아는약국","02-783-5816","1915","0830","1915","0830","1915","0830","1915","0830","1915","0830","1400","0930","1800","0900","C1104566","073","33","23632","37.521398852831","126.930233423328"
"서울특별시 영등포구 여의대방로 375, 아일렉스타워 108호 (여의도동)","해그린약국","02-783-1017","1900","0930","1900","0930","1900","0930","1900","0930","1900","0930","1400","1000","C1107967","073","33","23633","37.5188985287759","126.930776116511"
"서울특별시 서대문구 통일로 356, 1층 (홍제동)","무악재역 2번 출구 바로앞","해그린약국","02-723-9887","1900","0850","1900","0850","1900","0850","1900","0850","1900","0850","1400","0850","C1107913","036","35","23634","37.5821896841513","126.950683378786"
"경기도 안양시 동안구 경수대로 609, 203호 (호계동)","해그린약국","031-452-7999","1900","0900","1900","0900","1900","0900","1900","0900","1900","0900","1400","0900","C2107478","141","14","23635","37.3767135624","126.9554841115"
"강원특별자치도 정선군 정선읍 정선로 1348","해나온최약국","0335630557","1730","0830","1730","0830","1730","0830","1730","0830","1730","0830","1230","0830","1230","0830","C2201173","261","30","23636","37.379485958391","128.663745208081"
"충청남도 청양군 정산면 정현길 43","토요일, 일요일, 공휴일 같은 경우 운영시간 내 1~2시간씩 비우는경우도 있음.","공휴일마다 다름","형제슈퍼","해남약국","041-942-0025","2000","0800","2000","0800","2000","0800","2000","0800","2000","0800","1900","0800","1800","0900","1800","0800","C2400118","333","51","23637","36.41208080684427","126.94714818506016"
"전라남도 해남군 해남읍 남부순환로 152, 1층","1,.6장날만 일요일 영업","해남약국","061-535-4961","1900","0800","1900","0800","1900","0800","1900","0800","1900","0800","1500","0800","C2600124","590","42","23638","34.566094020570496","126.59478613371311"
"전라남도 해남군 해남읍 중앙1로 2-14, 103호 (해남읍)","해남온누리약국","061-535-7506","2400","0800","2400","0800","1830","0800","1830","0800","1830","0800","1400","0800","C2601100","590","27","23639","34.5718020278","126.6075867458"
"전라남도 해남군 해남읍 중앙2로 94,","호남철물점 맞은편.","해남종로약국","061-535-2420","1830","0800","1830","0800","1830","0800","1830","0800","1830","0800","1230","0800","C2600365","590","41","23640","34.568191666666664","126.596519444444439"
"충청남도 아산시 탕정면 한들물빛6로 14, 원윤타워 104호","해누리약국","041-549-8081","1830","0830","1830","0830","1830","0830","1830","0830","1830","0830","1400","0830","C2401782","314","65","23641","36.7873902614144","127.084599968264"
"충청남도 천안시 동남구 방죽안3길 19 (신부동)","일요일 전화 확인 필요","동아태조아파트 정문 앞","해누리약국","041-555-5705","0930","0900","0930","0900","0930","0900","0930","0900","0930","0900","1300","0900","1800","1400","C2401243","311","18","23642","36.82283667600488","127.15435935020736"
"부산광역시 중구 대청로 105, 1층 (대청동2가)","일요일 공휴일 방문시 전화문의 요망","1호선 중앙역 7번출구","해님약국","051-442-3650","1830","0900","1830","0900","1830","0900","1830","0900","1830","0900","1300","0900","1300","0900","1300","0900","C1202559","489","33","23643","35.1032098722493","129.031318419995"
"경상남도 창원시 의창구 북면 감계로110번길 54-39","2018.05.23 개업","화진빌딩 4층","해님약국","055-291-5550","1900","0900","1900","0900","1900","0900","1900","0900","1900","0900","1300","0900","C2801977","511","12","23644","35.3015558358","128.5955594563"
"광주광역시 북구 하서로 428, 1층 108호 (용두동)","핸드폰 번호만 있음","해담약국","062-000-0000","1900","0800","2000","0800","1900","0800","1900","0800","1900","0800","1400","0800","C1501389","610","23","23645","35.2129042976444","126.87519064934"
"강원특별자치도 강릉시 선수촌로 64-3, 1층 (홍제동)","일요일: 약사님 개인 사정 있을때는 운영 안함/ 전화확인 후 방문","점심시간- 1300:~14:00","해담은유진약국","033-642-5581","1830","0830","1830","0830","1830","0830","1830","0830","1830","0830","1400","0830","1500","1100","1600","1000","C2201002","255","22","23646","37.756868150100004","128.87069355960065"
"서울특별시 동대문구 한천로 186, 1층 (장안동)","배봉초 사거리","해동그랜드약국","02-2212-9838","2100","0800","2100","0800","2100","0800","2100","0800","2100","0800","1830","0800","C1100215","025","25","23647","37.5774874101017","127.068284018089"
"부산광역시 부산진구 가야대로 486, (개금동)","신한은행옆 해동메디칼빌딩1층","해동약국","051-898-0340","1900","0900","1900","0900","1900","0900","1900","0900","1900","0900","1330","0900","C1200108","473","24","23648","35.152841666666667","129.025258333333340"
"경상남도 진주시 서장대로 263 1층 (이현동)","우체국옆건너편","해동약국","055-746-1736","1400","0900","1400","0900","1400","0900","1400","0900","1400","0900","C2800951","526","68","23649","35.1918362848","128.0621108433"
"대구광역시 북구 동북로 156, 1층 101호 (산격동)","해동약국","053-953-3640","1800","0900","1800","0900","1800","0900","1800","0900","1800","0900","C1301881","415","35","23650","35.8994832032747","128.609669437128"
"경상북도 경주시 화랑로 145","경주역삼거리시장코너(기업은행앞)","해동약국","054-772-4209","2000","0800","2000","0800","2000","0800","2000","0800","2000","0800","2000","0800","2000","0800","2000","0800","C2701001","381","46","23651","35.84458495055769","129.21674981144164"
"부산광역시 사하구 장림번영로 40, 1층 (장림동)","버스정류장: 장림시장","해동온누리약국","051-264-2576","2000","0900","2000","0900","1900","0900","2000","0900","2000","0900","1330","0830","1300","0900","C1201347","494","82","23652","35.08045266498157","128.96974114180207"
"서울특별시 광진구 용마산로 57 (중곡동)","중곡사거리 국민은행옆","해동온누리약국","02-457-4110","2000","0900","1900","0900","2000","0900","1900","0900","2000","0900","1400","0900","C1100155","049","23","23653","37.5587719514123","127.087508501501"
"인천광역시 연수구 먼우금로 189, 2층 (청학동, 소망글로벌)","소망빌딩 2층","해든소망약국","032-814-2600","1900","0900","1900","0900","1900","0900","1900","0900","1900","0900","C1400062","219","26","23654","37.41463229011869","126.67586072569635"
"서울특별시 양천구 목동동로 293, 1층 5호(목동,현대41타워)","목동현대백화점 옆 현대41타워빌딩 1층 5호","해든아침약국","02-2168-3308","2030","0900","2030","0900","2030","0900","2030","0900","2030","0900","1830","0900","2100","0830","C1102201","079","97","23655","37.5281783139269","126.875771989415"
"대전광역시 서구 둔산로 25, 1층 (둔산동)","해든약국","042-472-1898","2130","0930","2130","0930","2130","0930","2130","0930","2130","0930","2130","0930","2000","1200","2000","1200","C1601237","352","29","23656","36.35214664752743","127.37690173607892"
"서울특별시 송파구 백제고분로48길 38, 101호 (방이동, 은석빌딩)","해든약국","02-3432-0105","1830","0930","1830","0930","1830","0930","1830","0930","1830","0930","1330","0930","C1109402","056","43","23657","37.5103309711889","127.117004712908"
"경기도 시흥시 비둘기공원1길 23, 유영빌딩 103호 (대야동)","내과","해든약국","031-314-7764","1830","0900","1830","0900","1830","0900","1830","0900","1830","0900","1400","0900","C2107693","149","12","23658","37.4415585204","126.7910872638"
"인천광역시 남동구 소래역남로 12","해든약국","032-432-7560","1900","0900","1900","0900","1900","0900","1900","0900","1900","0900","1700","0900","C1401595","216","74","23659","37.3978048955","126.7351881832"
"대구광역시 달서구 달구벌대로 1726, 1층 103호 (두류동)","해든약국","053-622-2300","1800","0900","1800","0900","1800","0900","1800","0900","1800","0900","C1301767","426","46","23660","35.8562995914681","128.554250026774"
"충청북도 청주시 흥덕구 강서로 122, 103호 (강서동)","23.10.03 개천절 휴무","강서동 해든약국 입니다. 친절히 상담하고 성실히 설명해드리겠습니다.","해든약국","043-908-8020","2000","0900","2030","0900","2000","0900","2030","0900","2000","0900","1600","0900","1800","0900","C2301176","283","78","23661","36.6248620796825","127.430064581763"
"경기도 화성시 향남읍 발안로 116, 110호 (중앙프라자)","향남읍향남신도시하나은행건물","해든약국","031-366-5031","2100","0900","2100","0900","2100","0900","2100","0900","2100","0900","2100","0900","1900","0900","C2102037","186","00","23662","37.1309352404903","126.92301560047532"
"인천광역시 부평구 동수로 36, 상가3동 지하1층 223~225호 (부평동, 부평역해링턴플레이스)","해든약국","032-511-0010","1800","0830","1800","0830","1800","0830","1800","0830","1800","0830","1300","0830","C1402177","214","30","23663","37.4847251078475","126.723036651917"
"서울특별시 강동구 양재대로 1499, 에이동 1층 102호 (길동)","해든약국","02-470-9088","1900","0900","1900","0900","1900","0900","1900","0900","1900","0900","1400","0900","C1110892","053","42","23664","37.5395668653995","127.140318738444"
"경기도 남양주시 다산중앙로82번길 80, 1층 105호 (다산동)","해든약국","031-557-7588","1800","0900","1800","0900","1800","0900","1800","0900","1800","0900","1300","0900","C2109826","122","49","23665","37.6197724489272","127.163568178059"
"경상남도 창원시 성산구 가양로124번길 15, 1층 102호 (대방동, 대암빌딩)","해든약국","055-287-1612","2000","0900","2000","0900","2000","0900","2000","0900","2000","0900","1530","0900","C2801927","514","65","23666","35.2080412344","128.707557295"
"경기도 포천시 영북면 영북로 187-5, 1층 (영북면)","해든엄마약국","031-535-8863","2000","0830","2000","0830","2000","0830","2000","0830","2000","0830","C2107798","111","06","23667","38.09088214937558","127.27426006518701"
"경기도 화성시 봉담읍 와우로 79, 103호 (남수원타운)","해든우리약국","031-225-0948","2100","0830","2100","0830","2100","0830","2100","0830","2100","0830","1500","0830","C2100127","183","21","23668","37.21387630632771","126.97457323212211"
"서울특별시 서대문구 충정로 70, 웨스트게이트타워 2층 (미근동)","해든우리약국","02-313-8763","2000","0930","2000","0930","2000","0930","2000","0930","2000","0930","1330","0930","C1109190","037","38","23669","37.5653076216965","126.963771603317"
"서울특별시 양천구 목동동로 435, 103,104호 (목동)","이대목동병원 바로앞","해든이화약국","02-6925-0788","1900","0800","1900","0800","1900","0800","1900","0800","1900","0800","1400","0830","C1107141","079","84","23670","37.5373858477879","126.884868815732"
"경기도 의왕시 포일로 81, 삼우상가 109호 (포일동)","해든현송약국","031-000-0000","1800","0900","1800","0900","1800","0900","1800","0900","1800","0900","1300","0900","C2110256","160","18","23671","37.3915315919586","126.981366228346"
"서울특별시 영등포구 국제금융로 78, 홍우빌딩 306A호 (여의도동)","해듬약국","02-761-5596","1830","0900","1830","0900","1830","0900","1830","0900","1830","0900","1300","0900","C1110082","073","33","23672","37.5208724804701","126.931298156696"
"서울특별시 동작구 양녕로 281 (상도동, 상도빌딩)","상도역 4번출구","해뜨는약국","02-816-3869","2000","0900","2000","0900","2000","0900","2000","0900","2000","0900","1300","0900","C1100216","069","19","23673","37.5045837476165","126.949464059054"
"경상남도 양산시 서창로 210-1 (삼호동)","해뜨는약국","055-389-2388","1900","0900","1900","0900","1900","0900","1900","0900","1900","0900","1400","0900","C2802062","505","27","23674","35.41743875069144","129.17408570863182"
"경기도 고양시 덕양구 혜음로 45, 1층 (고양동, 고양메디칼빌딩)","고양동농협건너편","해뜨는약국","031-964-8008","2000","0900","2000","0900","2000","0900","2000","0900","2000","0900","1600","0900","C2102950","102","74","23675","37.70463342497713","126.90195002224187"
"대구광역시 북구 동천로 121, 1층 (동천동)","해뜨는약국","053-322-9954","1900","0900","1900","0900","1900","0900","1900","0900","1900","0900","1300","0900","1300","0900","C1301313","414","23","23676","35.94236997693607","128.56036042833318"
"광주광역시 북구 설죽로 351, 1층 (매곡동)","엔탑이비인후과와고려고사이","해뜨는약국","062-575-1725","1800","0900","1800","0900","1800","0900","1800","0900","1800","0900","1500","0900","C1500323","610","62","23677","35.190747222222221","126.898877777777784"
"경상남도 사천시 사천읍 선평길 17","양지사우나 근처","해뜨는약국","055-855-0717","2300","0900","2300","0900","2300","0900","2300","0900","1800","0900","1800","0900","1800","0900","1800","0900","C2800239","525","17","23678","35.08015858608502","128.09143267268828"
"전북특별자치도 군산시 월명로 328 (서흥남동)","마지막 주 토요일 휴무","흥남동 수협사거리","해뜨는창대약국","063-445-0815","1800","0900","1800","0900","1800","0900","1800","0900","1800","0900","1200","0900","C2500406","540","83","23679","35.9733090678","126.7158087018"
"대전광역시 대덕구 비래동로7번길 1, (비래동)","해뜰약국","042-622-7714","2100","0900","2100","0900","2100","0900","2100","0900","2100","0900","2100","0900","C1600285","344","17","23680","36.3547118406223","127.44923676152162"
"서울특별시 용산구 청파로47길 53","숙명여대정문옆","해란약국","02-713-6590","1900","0900","1900","0900","1900","0900","1900","0900","1900","0900","1800","1000","1800","1000","C1100217","043","13","23681","37.5446987175505","126.967398645491"
"서울특별시 강서구 양천로67길 15, 한희빌딩 1층 (염창동)","해리약국","070-4647-0075","2000","0900","2000","0900","1900","0900","2000","0900","1900","0900","1400","0900","C1110742","075","45","23682","37.5550477712524","126.867519664511"
"전북특별자치도 고창군 해리면 해리중앙로 87,","매월 4일,9일 장날 운영(일요일/토요일)","일요일 장날만(4, 9일), 토요일 장날은15시까지","해리우체국 반대편 10m아래방향","해리약국","063-561-5885","1830","0830","1830","0830","1830","0830","1830","0830","1830","0830","1400","0830","C2500206","564","02","23683","35.4600108807761","126.54009743110548"
"경기도 남양주시 금곡로 13-1 (금곡동)","해림온누리약국","031-591-0826","2100","0800","2100","0800","2100","0800","2100","0800","2100","0800","C2108286","122","34","23684","37.6341039570265","127.204636923603"
"서울특별시 강남구 테헤란로 152 (역삼동)","토요일: 격주운영함(연락후 방문필요)","역삼역 2번출구 바로앞","해림온누리약국","02-2112-2911","2030","0900","2030","0900","2030","0900","2030","0900","2030","0900","1600","0930","C1104457","062","36","23685","37.5000242405515","127.036508620542"
"서울특별시 노원구 공릉로34길 86, 상가동 207호 (공릉동, 태릉해링턴플레이스)","해링턴원약국","050-71478-1071","1900","0900","1900","0900","1900","0900","1900","0900","1900","0900","1430","0900","C1109689","018","17","23686","37.6257613188734","127.081597642805"
"인천광역시 중구 하늘별빛로 75, 1층 (중산동)","인천광역시 경제자유구역청 관리약국","해마루약국","032-752-5275","1530","0900","1530","0900","1530","0900","1530","0900","1530","0900","1530","0900","C1401539","223","97","23687","37.48978706487811","126.56281093598478"
"충청북도 청주시 상당구 청남로 2197, 1층 (석교동)","석교원사거리 부근","해맑은 미소약국","043-258-5522","1830","0830","1830","0830","1830","0830","1830","0830","1830","0830","C2300958","285","34","23688","36.62783842474631","127.49076560252243"
"충청남도 천안시 서북구 충무로 174 (쌍용동)","이마트 대각선 맞은편","해맑은 약국","041-578-3375","2300","0830","2300","0830","2300","0830","2300","0830","2300","0830","1800","0830","1800","0900","1800","0900","C2400716","311","75","23689","36.794113062840886","127.12673009261233"
"대전광역시 서구 도안동로11번길 10, 1층 103,105호 (도안동)","해맑은약국","042-541-8277","1900","0830","1900","0830","1900","0830","1900","0830","1900","0830","1500","0830","C1601167","353","68","23690","36.3064024764","127.3521953663"
"서울특별시 마포구 마포대로 115-12, 공덕삼성아파트 상가동 211호 (공덕동)","공덕역 3번출구 바로앞","해맑은약국","02-707-3913","1830","0930","1830","0930","1530","0930","1830","0930","1830","0930","1330","0930","C1107333","041","45","23691","37.5456898892221","126.951150675917"
"전라남도 순천시 이수로 321, 1층 (조례동)","해맑은약국","061-726-8878","1300","0800","1300","0800","1300","0800","1300","0800","1300","0800","C2601128","579","49","23692","34.9540699531","127.5189863841"
"강원특별자치도 동해시 중앙로 249, (천곡동)","천곡동 국민은행 건너편, 던킨도넛 옆","해맑은약국","033-535-3316","1830","0900","1830","0900","1830","0900","1830","0900","1830","0900","1500","0900","2000","1700","1200","0900","C2200170","257","68","23693","37.5227380776","129.113491721"
"인천광역시 계양구 경명대로1114번길 21 (계산동)","안남초등학교 근처 건물 1층(팬더2차 아파트와 가까움)","해맑은약국","032-541-8429","1930","0900","1930","0900","1930","0900","1930","0900","1930","0900","1530","0900","C1400191","210","57","23694","37.541628266026834","126.73236300519963"
"대구광역시 달서구 비슬로 2716","달서구대곡동지하철대곡역3번출구앞","해맑은약국","053-639-8275","1830","0900","1830","0900","1830","0900","1830","0900","1830","0900","1330","0900","1300","0900","C1301013","427","69","23695","35.809066792395164","128.51231656290787"
"대구광역시 북구 학정로 431","해맑은약국","053-321-6636","1800","0830","1830","0830","1830","0830","1800","0830","1830","0830","1300","0830","C1300278","414","23","23696","35.94329980441974","128.56315745287606"
"대구광역시 달성군 유가읍 테크노상업로 110, 107호","해맑은약국","053-611-3589","1900","0830","1900","0830","1900","0830","1900","0830","1900","0830","1230","0830","C1301685","430","18","23697","35.6932351981101","128.461555370987"
"대구광역시 수성구 명덕로 385","해맑은약국","053-751-6066","1830","0900","1830","0900","1830","0900","1830","0900","1830","0900","1300","0900","C1300132","421","26","23698","35.854867933814035","128.61213163466496"
"서울특별시 서초구 남부순환로350길 4, 2층(양재동,대진빌딩)","양재역 5번출구 바로앞","해맑은약국","02-579-7715","1900","0900","1900","0900","1900","0900","1900","0900","1900","0900","1600","0900","C1103167","067","36","23699","37.484338107457","127.035178453308"
"부산광역시 금정구 식물원로39번길 26, 1층 (장전동)","","1호선 온천장역 5번 출구","해맑은약국","051-516-8855","1800","0840","1800","0840","1230","0840","1800","0840","1800","0840","1230","0840","C1202394","463","00","23700","35.2236499823","129.08360489"
"부산광역시 해운대구 해운대로161번길 43","공휴일 가장 문이 잘 열려있는약국입니다 필요하시면 전화로 확인해주세요","재송동 농협 건너편","해맑은약국","051-784-0298","1900","0900","1900","0900","1900","0900","1900","0900","1900","0900","1800","0900","1800","0900","C1201112","480","55","23701","35.18554582111869","129.12512666117462"
"충청북도 청주시 서원구 서부로1465번길 6-1","충북대병원 장례식장 쪽 세종약국 옆","해맑은약국","043-271-0122","1830","0900","1830","0900","1830","0900","1830","0900","1830","0900","1300","0900","C2300126","286","46","23702","36.621727873649895","127.46016502336214"
"울산광역시 동구 동진로 6(방어동)","구방어진버스종점앞","해맑은약국","052-236-1454","1900","0900","1900","0900","1900","0900","1900","0900","1900","0900","1500","0900","C1700163","441","10","23703","35.48664867908377","129.4259293570895"
"경기도 하남시 신장로 152, 3층 (덕풍동)","3층","해맑은약국","031-795-3439","1900","0800","1900","0800","1900","0800","1900","0800","1900","0800","1600","0800","1300","0830","C2102085","129","69","23704","37.5395402255895","127.20217736544745"
"울산광역시 남구 번영로 113 (달동)","번영사거리에서 야음동방향 100미터 지점 록키레스토랑 옆","해맑은약국","052-257-4403","1900","0900","1900","0900","1830","0900","1900","0900","1900","0900","1330","0930","C1700225","447","26","23705","35.535427555824654","129.32844147106795"
"서울특별시 은평구 응암로 188-1 (응암동)","일요일 운영시간은 매주 다르니 약국에 확인 바랍니다.","응암오거리 인근","해맑은약국","02-306-7555","1900","0900","1900","0900","1900","0900","1900","0900","1900","0900","1500","0900","1900","1000","C1100219","034","78","23706","37.5887248206543","126.917146281605"
"서울특별시 강남구 남부순환로363길 13","양재역 4번출구/언주초등학교 정문 옆","해맑은약국","02-571-0029","2200","0900","2200","0900","2200","0900","2200","0900","2200","0900","2200","0900","2200","0900","2200","0900","C1100125","062","68","23707","37.4861006032548","127.037699467091"
"인천광역시 부평구 이규보로 91, 주공단지상가 103호 (십정동)","정원아파트 가동 뒷골목","해맑은약국","032-203-1793","2000","0900","2000","0900","2000","0900","2000","0900","2000","0900","1600","0900","C1400558","214","41","23708","37.48073461048277","126.700674752147"
"경상북도 영주시 대동로31번길 10 (가흥동, 해맑은약국)","해맑은약국","054-631-1199","1900","0900","1900","0900","1900","0900","1900","0900","1900","0900","1300","0900","C2700004","361","36","23709","36.815729184942725","128.60602721369779"
"경기도 안산시 단원구 광덕3로 168, 208-1호 (고잔동,월드타운)","13:00~14:00 점심시간으로 휴진","월드타운 2층 / 홈플러스 사거리","해맑은약국","031-486-7358","1900","0900","1900","0900","1900","0900","1900","0900","1900","0900","1600","0900","C2103135","154","62","23710","37.31205385855381","126.83077757257857"
"경기도 안양시 동안구 엘에스로 45, 110호 (호계동, 대영골든타워)","호계동구군포사거리","해맑은약국","031-456-3134","2230","0800","2230","0800","2230","0800","2230","0800","2230","0800","2230","0800","C2103636","141","21","23711","37.3674399469","126.9547987021"
"경상남도 진주시 내동로 356, 1층 (가좌동)","해맑은약국","055-755-2336","1900","0900","1900","0900","1900","0900","1900","0900","1900","0900","1300","0900","C2800050","528","29","23712","35.1505519986","128.1029628155"
"충청남도 서천군 서천읍 군청로 7","공휴일은 휴무입니다.","하나은행 옆","해맑은약국","041-951-7576","1800","0800","1800","0800","1800","0800","1800","0800","1800","0800","1200","0800","C2400619","336","42","23713","36.075589836826104","126.69016089231829"
"경상남도 김해시 내외중앙로 74","김해시내동밝은메디칼빌딩1층","해맑은약국","055-326-8392","1900","0900","1900","0900","1900","0900","1900","0900","1900","0900","1800","0900","1700","0900","1800","0900","C2800191","509","48","23714","35.236382116009516","128.86725359673238"
"전북특별자치도 군산시 문화로 37, 1층 (문화동, 대한빌딩)","공휴일 전화 후 방문, 신정휴업","나운 주공4단지정문앞","해맑은약국","063-466-8275","2500","0830","2500","0830","2500","0830","2500","0830","2500","0830","2500","0830","2500","2200","2500","2200","C2500511","541","23","23715","35.97000192307728","126.70986663553953"
"전북특별자치도 익산시 궁동로 83, (영등동)","원할머니보쌈 옆.복음내과1층","해맑은약국","063-838-2800","1200","0900","1200","0900","1200","0900","1200","0900","1200","0900","C2500333","545","41","23716","35.962140600145325","126.98057797005435"
"전북특별자치도 완주군 봉동읍 둔산3로 70","해맑은약국","063-261-7585","1900","0830","1900","0830","1900","0830","1900","0830","1900","0830","1300","0830","C2500337","553","19","23717","35.96113764622489","127.1269681239213"
"경기도 부천시 조종로 8, 성원빌딩 1층 (원미동)","해명약국","032-655-5013","2100","0900","2100","0900","2100","0900","2100","0900","2100","0900","1600","0900","1300","0900","1300","0900","C2107635","145","70","23718","37.4932595217","126.7856512344"
"제주특별자치도 제주시 연삼로 305, 101호 (도남동)","해모로약국","064-901-7378","1900","0900","1900","0900","1900","0900","1900","0900","1900","0900","1900","0900","C2900504","632","04","23719","33.492385186202526","126.52516648536859"
"충청남도 서산시 해미면 남문5로 13","해미농협 옆","해미약국","041-688-5658","2030","0830","2030","0830","2030","0830","2030","0830","2030","0830","1800","0830","C2400323","319","60","23720","36.71227599701009","126.54428509627942"
"인천광역시 서구 가정로 123, 명성프라자 107호 (가좌동)","해미약국","032-710-3550","2100","0900","2100","0900","2100","0900","2100","0900","2100","0900","1800","0900","1800","1000","1800","1000","C1401851","228","35","23721","37.4957206339203","126.671273921491"
"대구광역시 북구 대천로 88, 1층 (동천동)","해민약국","053-323-6767","1900","0900","1900","0900","1900","0900","1900","0900","1900","0900","1300","0900","C1301554","414","30","23722","35.93671743875369","128.5587423115665"
"세종특별자치시 갈매로 740, 해밀리프라자 A101호 (해밀동)","일요일 및 공휴일 휴무 휴게시간 없음","일요일 및 공휴일 휴무 휴게시간 없음","해밀동","해밀리약국","044-862-0784","1930","0900","1930","0900","1930","0900","1930","0900","1930","0900","1600","0900","C1800365","300","95","23723","36.5261233774908","127.2717534882"
"경기도 남양주시 진접읍 해밀예당3로 57, 102호 (진접읍)","해밀약국","031-527-3275","2200","0900","2200","0900","2200","0900","2200","0900","2200","0900","2100","0900","2100","0900","2100","0900","C2107192","120","65","23724","37.7147945117","127.1979050509"
"경기도 성남시 중원구 양현로 469, 103호 (여수동, 가람빌딩)","해밀약국","031-722-4727","2100","0900","2100","0900","2100","0900","2100","0900","2100","0900","C2106430","134","33","23725","37.417058524192925","127.134294809736"
"경기도 수원시 권선구 금곡로 112, 이수프라자 3층 303호 (금곡동)","해바라기약국","031-298-3055","2300","0900","2300","0900","2300","0900","2300","0900","2300","0900","1800","0900","1800","0900","1800","0900","C2107713","163","88","23726","37.2739362292","126.9426144631"
"전북특별자치도 전주시 완산구 백제대로 54","안행지구사거리 세창짜임아파트 대각선 방향.","해바라기약국","063-228-4100","1800","0830","1800","0830","1800","0830","1800","0830","1800","0830","1230","0830","C2500526","551","04","23727","35.799379746885776","127.12925326584096"
"경기도 안산시 상록구 샘골로 124, 101호 (본오동,동보프라자)","해바라기약국","031-415-0470","2000","0900","2000","0900","2000","0900","2000","0900","2000","0900","1600","0900","1400","0900","1300","0900","C2100560","155","41","23728","37.29640277777778","126.86332222222222"
"충청북도 청주시 서원구 1순환로1107번길 20, 115호 해바라기약국 (분평동)","청주시분평동1370해피존상가","해바라기약국","043-296-4771","1900","0900","1900","0900","1900","0900","1900","0900","1900","0900","1300","0900","C2300206","288","00","23729","36.607158333333331","127.489813888888889"
"서울특별시 강서구 양천로57길 9-14, 가양제일프라자 1층 107호 (가양동)","해바라기약국","02-3663-3033","1900","0900","1900","0900","1900","0900","1900","0900","1900","0900","1500","0900","C1109295","075","27","23730","37.5638389666009","126.851464062702"
"대구광역시 수성구 청수로 156, 1층 (지산동)","황금네거리안견안과1층","해바라기약국","053-766-8271","1900","0900","1900","0900","1900","0900","1900","0900","1900","0900","1500","0900","C1300642","421","76","23731","35.83924304113098","128.62465787627016"
"울산광역시 남구 삼산로 231, 울산 센트럴 자이 1층 106호 (달동)","해바라기약국","052-257-1267","2000","0900","2000","0900","2000","0900","2000","0900","2000","0900","1500","0900","C1700714","447","07","23732","35.5388581736082","129.33266484326"
"경기도 용인시 기흥구 죽전로 2 (보정동)","해바라기약국","031-898-0064","1900","0900","1900","0900","1900","0900","1900","0900","1900","0900","1600","0900","C2100505","168","97","23733","37.32016345770234","127.10899268441709"
"경기도 화성시 동탄순환대로18길 16, 센타프라자 110호 (목동)","해바라기약국","031-372-5916","2030","0830","2030","0830","2030","0830","2030","0830","2030","0830","1800","0900","1800","0900","1800","0900","C2108034","184","84","23734","37.183120571203645","127.12434095085182"
"충청남도 보령시 머드로 118(신흑동)","대천해수욕장 머드광장 스타벅스 옆에 위치한 약국으로 주말, 설날, 추석등 모든 휴일에 영업합니다. 정기휴무일은 수요일입니다. 수요일이 공휴일인 경우 운영합니다. 근무 외 시간에도 네이버 문의하기로 연락주시면 구매하실 수 있도록 도와드리겠습니다.","해변약국","041-933-7131","2000","0900","2000","0900","2000","0900","2100","0900","2200","0900","2000","0900","2100","0900","C2401764","334","89","23735","36.3151667327566","126.511928734128"
"전라남도 여수시 웅천로 126, 웅천오션빌딩 1층 104-106호 해변약국 (웅천동)","해변약국","061-682-8805","2000","0830","2000","0830","2000","0830","2000","0830","2000","0830","1400","0830","C2601238","597","92","23736","34.7407312805524","127.676629113658"
"인천광역시 부평구 마장로324번길 8-15, 102호 (산곡동)","새봄여성병원 건물 뒷편 1층에 위치","해봄약국","032-330-8776","1730","0900","1730","0900","1730","0900","1730","0900","1730","0900","1300","0900","1330","0900","C1400379","213","62","23737","37.506246139319444","126.70396530244932"
"인천광역시 서구 장고개로337번길 7, 103호 (가좌동)","해봄약국","032-571-3857","1300","0900","1300","0900","1300","0900","1300","0900","1300","0900","1300","0900","C1401740","228","15","23738","37.49277725726092","126.68602148525312"
"부산광역시 사하구 사하로 189, 106호 (괴정동, 괴정어반푸르지오)","해봄약국","051-203-8886","1800","0900","1800","0900","1800","0900","1800","0900","1800","0900","1300","0900","C1202790","493","81","23739","35.0984712132069","128.993446662412"
"서울특별시 서대문구 통일로 135, 충정빌딩 3층 (충정로2가)","서대문역 2번출구","해봄약국","02-363-2385","1930","0900","1930","0900","1930","0900","1930","0900","2030","0900","1530","0900","C1108946","037","35","23740","37.5664280652901","126.965458383486"
"경기도 고양시 일산동구 숲속마을1로 29-30, 106호(풍동,라고크리닉)","풍동성당 맞은편","단풍마을성원아파트201동뒷편(주공101동건너편)","해봄약국","031-907-3621","1900","0900","1900","0900","1900","0900","1900","0900","1900","0900","1900","0900","C2102566","103","07","23741","37.66410115790612","126.79734703856263"
"대구광역시 달서구 송현로7길 26, 정원빌딩 101호 (상인동)","해봄약국","053-637-0794","2100","0900","2100","0900","2100","0900","2100","0900","2100","0900","1600","0900","C1301670","428","04","23742","35.8203992240487","128.546248763438"
"경기도 용인시 수지구 정평로 40-1, 302호 (풍덕천동, 거묵상가)","풍덕천2동사무소옆신정마을우성아파트601동건너편3층건물","해봄약국","031-265-4292","1830","0830","1830","0830","1830","0830","1830","0830","1830","0830","1300","0830","C2103172","168","44","23743","37.31992106462537","127.08758497586333"
"서울특별시 영등포구 여의대방로 386, 진주상가 4층 405-2호 (여의도동)","해빛약국","050-71348-2689","1830","0800","1830","0800","1830","0800","1830","0800","1830","0800","1330","0800","C1110516","073","43","23744","37.5188979456571","126.931943269754"
"경기도 광명시 새빛공원로 67, A동 328,329호 (일직동)","해빛약국","02-899-7996","1800","0900","1800","0900","1800","0900","1800","0900","1800","0900","1300","0900","C2110058","143","48","23745","37.4196749262281","126.888385454014"
"서울특별시 영등포구 영신로34길 10, 1층 108호 (영등포동4가, 영남빌딩)","김안과병원 인근","해빛온누리약국","02-2069-3828","1800","0830","1800","0830","1800","0830","1800","0830","1800","0830","1430","0830","C1107960","073","01","23746","37.5197849027015","126.90197033653"
"대구광역시 남구 두류공원로17길 16 (대명동)","가톨릭대학병원 응급실앞","해성대학약국","053-655-1600","1750","0840","1750","0840","1750","0840","1750","0840","1750","0840","C1300846","424","71","23747","35.8439110646","128.5689303725"
"서울특별시 강남구 테헤란로 504, 지하1층 (대치동,해성빌딩)","해성빌딩 지하 1층","해성약국","02-528-3528","2100","0900","2100","0900","2100","0900","2100","0900","2100","0900","1800","0900","C1100221","061","78","23748","37.5066268201681","127.057346932213"
"서울특별시 송파구 가락로 111 (석촌동)","송파역 4번출구 인근","해성약국","02-414-5567","1900","0830","1900","0830","1900","0830","1900","0830","1900","0830","1500","0830","C1100220","056","87","23749","37.5015526358242","127.108341744476"
"부산광역시 서구 충무대로 207-16, 2층 (남부민동)","송도아랫길 부산공동어시장 정문 건너편","해성약국","051-254-8400","2100","0830","2100","0830","2100","0830","2100","0830","2100","0830","1800","0830","C1201349","492","56","23750","35.08866506266446","129.02418400053455"
"경기도 성남시 중원구 산성대로 366, 벽산프라자 2층 201호 (중앙동)","해성약국","031-742-7952","1900","0900","1900","0900","1900","0900","1900","0900","1900","0900","1600","0900","C2102210","132","49","23751","37.44466161054062","127.15913992693582"
"경기도 하남시 신장로 151, 110호 (덕풍동, 대동피렌체상가)","피렌체상가110호","해성약국","031-791-1686","2200","0900","2200","0900","2200","0900","2200","0900","2200","0900","2100","0900","2100","0900","2100","0900","C2106411","129","76","23752","37.5394816898054","127.2016363343619"
"경기도 이천시 설봉로 48, 1층 2호 (관고동)","아침 8시 30분 부터 저녁 10시까지 365일 하는 약국입니다.","이천 초등학교 옆 성모의원 정문 앞에 있습니다.","해성약국","031-633-0672","1900","0900","1900","0900","1900","0900","1900","0900","1900","0900","1900","0900","1900","0900","1900","0900","C2101424","173","68","23753","37.282129803613515","127.44154643677916"
"부산광역시 해운대구 구남로 3 (우동)","* 공공심야약국(22시~익일 새벽1시까지)","해운대구 공공심야약국 365일 연중 무휴 동물의약품취급 해운대역 3번출구 앞","2호선 해운대역 3번출구","해성약국","051-743-0400","2000","0900","2000","0900","2000","0900","2000","0900","2000","0900","2000","0900","2200","0900","2200","0900","C1201097","480","95","23754","35.1634571708135","129.159272429547"
"대전광역시 서구 제비네4길 129, (도마동)","공휴일 전화후 방문요망","도마동신원상가뒤","해성약국","042-535-5231","2030","0900","2030","0900","2030","0900","2030","0900","2030","0900","2030","0900","1800","0900","1800","0900","C1600150","353","35","23755","36.311609340346436","127.37534364064837"
"울산광역시 남구 번영로 90-1 (달동)","항사랑외과옆","해성약국","052-261-8981","1800","0830","1800","0830","1800","0830","1800","0830","1800","0830","1230","0830","C1700049","447","21","23756","35.53366156810423","129.3300186407997"
"경기도 광명시 광명로 896, 103호 (광명동, 해솔빌딩)","해솔동네약국","02-890-4200","2100","0900","2100","0900","2100","0900","2100","0900","2100","0900","1900","0900","C2106907","142","62","23757","37.47887618677999","126.85450824460314"
"인천광역시 부평구 부평대로167번길 42, 동아타운 1층 111호 (청천동)","해솔약국","032-505-5705","1900","0840","1900","0840","1900","0840","1900","0840","1900","0840","1500","0840","C1402155","213","64","23758","37.5063599742164","126.718331678694"
"서울특별시 관악구 남부순환로 1733(봉천동)","해솔약국","02-2625-0026","1900","0900","1900","0900","1900","0900","1900","0900","1900","0900","1400","0900","C1108279","087","57","23759","37.4825535910402","126.942759661044"
"강원특별자치도 춘천시 안마산로 199 (퇴계동)","해솔약국","033-263-9631","1800","0900","1800","0900","1800","0900","1300","0900","1800","0900","1300","0900","1300","1000","C2200907","244","22","23760","37.850544678583745","127.7364441400157"
"경상남도 진주시 동진로 140, 1층 101호 (상대동)","해솔약국","055-920-5224","1900","0840","1900","0840","1900","0840","1900","0840","1900","0840","1300","0840","C2802454","527","94","23761","35.1792023387789","128.10653786372"
"부산광역시 부산진구 중앙대로666번길 50, 상가동 B107-2호 (부전동, 더샵 센트럴스타)","13:00 - 14:00 휴게시간","해솔약국","051-987-8281","1900","0930","1900","0930","1900","0930","2100","0930","1900","0930","1700","0930","C1203005","473","00","23762","35.15184313053601","129.06030335976035"
"서울특별시 강동구 양재대로 1539, 104호 (천호동)","해솔약국","02-473-9738","1930","0930","1930","0930","1930","0930","1930","0930","1930","0930","1400","0915","C1110490","053","15","23763","37.5431519297569","127.141761277035"
"충청북도 청주시 서원구 산남로 38","해솔약국","070-7768-3219","1930","0900","1930","0900","1930","0900","1930","0900","1930","0900","1400","0900","C2300406","286","26","23764","36.611551204980174","127.46973097954728"
"대구광역시 수성구 달구벌대로 2401 (범어동)","범어로타리","해솔약국","053-751-8616","1830","0900","1830","0900","1830","0900","1830","0900","1830","0900","1300","0900","C1300262","420","19","23765","35.85976612435009","128.62527994460282"
"서울특별시 구로구 구일로4길 30, 신영상가 102호 (구로동)","해솔온누리약국","02-830-5366","2000","0800","2000","0800","2000","0800","2000","0800","2000","0800","1700","0800","C1108925","083","25","23766","37.4918751361412","126.876446827824"
"경기도 파주시 미래로 620, 106호 (와동동, 해솔프라자)","해솔유명약국","031-945-8280","2030","0900","2030","0900","2030","0900","2030","0900","2030","0900","1600","0900","1300","0900","C2103443","108","95","23767","37.732425354372644","126.75109444238055"
"광주광역시 북구 동문대로 69, 1층 103호 (우산동)","해송약국","062-251-0321","1830","0830","1830","0830","1300","0830","1830","0830","1830","0830","1300","0830","C1500566","612","09","23768","35.166764148930156","126.8916009071761"
"경상북도 포항시 북구 중흥로 256 (죽도동)","죽도파출소부근, GS슈퍼 옆","해송약국","054-277-0667","1900","0900","1900","0900","1900","0900","1900","0900","1900","0900","1400","0900","C2700883","377","76","23769","36.02559746458482","129.36063646929773"
"경기도 시흥시 정왕대로 174, 305호 (정왕동, 광개토빌딩)","48블럭국민은행건물3층","해수약국","031-432-5721","2030","0900","2030","0900","2030","0900","2030","0900","2030","0900","1800","0900","C2101463","150","36","23770","37.348092766819406","126.73351430670064"
"부산광역시 사하구 낙동대로 466 (하단동)","하단지하철9번출구","해승약국","051-203-7316","1900","0900","1900","0900","1900","0900","1900","0900","1900","0900","1430","0900","C1201162","493","25","23771","35.10641824122312","128.96865186620772"
"제주특별자치도 제주시 서광로 263 (삼도일동)","점심시간 13:00~14:00","해약국","064-725-2283","1730","0830","1730","0830","1730","0830","1730","0830","1730","0830","1300","0900","C2900465","631","82","23772","33.5002232424","126.5245942274"
"부산광역시 중구 충장대로9번길 52","1호선 중앙동 12,14번 출구/마린센터 빌딩 102호","해양약국","051-469-4389","1800","0900","1800","0900","1800","0900","1800","0900","1800","0900","1300","0900","C1200940","489","39","23773","35.109662251658186","129.03903836429294"
"부산광역시 영도구 태종로 416, 1층, 일부층 (청학동)","버스정류장: 영도구청앞","해양약국","051-465-5654","1830","0900","1830","0900","1830","0900","1830","0900","1830","0900","1300","0900","C1200276","490","88","23774","35.08999770178147","129.06653737853395"
"경기도 남양주시 화도읍 마석중앙로 56-5","신한은행","해양약국","031-594-1424","1900","0900","1900","0900","1900","0900","1900","0900","1900","0900","1600","0900","1300","0900","1300","0830","C2102868","121","79","23775","37.652517169782534","127.30592989882149"
"경상남도 양산시 소주회야1길 3, 1층 (소주동)","농협맞은편 / 1,3째주 토요일 운영","해오름명성약국","055-364-7439","2100","0830","2100","0830","2100","0830","2100","0830","2100","0830","2000","0830","C2800912","505","14","23776","35.40734683473534","129.1587928016948"
"전라남도 해남군 해남읍 남부순환로 5, 정하메디컬센터 1층 101호","터미널 근처(로터리 옆)","해오름약국","061-530-3700","2100","0800","2100","0800","2100","0800","2400","0800","2100","0800","1300","0800","C2600479","590","38","23777","34.570573698920164","126.60729214155502"
"서울특별시 송파구 올림픽로35길 124, 4층 7호 (신천동, 장미아파트 에이상가)","잠실중학교 옆","해오름약국","02-422-7254","1830","0830","1830","0830","1700","0900","1830","0830","1830","0830","1330","0800","C1107289","055","04","23778","37.5173394829102","127.10071613049"
"서울특별시 성북구 솔샘로25길 20, 211호 (정릉동, 풍림아파트상가)","풍림아파트상가 211호","해오름약국","02-912-2302","2030","0900","2030","0900","2030","0900","2030","0900","2030","0900","2000","0900","C1103397","027","02","23779","37.6169493934888","127.00812256797"
"서울특별시 마포구 대흥로 34, (용강동)","신석초등학교 맞은편","해오름약국","02-719-7942","1830","0900","1830","0900","1830","0900","1830","0900","1830","0900","1330","0900","C1100290","041","59","23780","37.5438168735873","126.938569090514"
"서울특별시 강남구 봉은사로73길 5, 1층 (삼성동)","해오름약국","02-545-7617","2100","0900","2100","0900","2100","0900","2100","0900","2100","0900","1900","0900","C1103313","060","96","23781","37.5128095890593","127.050678800952"
"경기도 용인시 기흥구 동백죽전대로 331, 106호 (중동)","해오름약국","031-274-1601","1830","0900","1830","0900","1830","0900","1830","0900","1830","0900","1300","0900","C2109088","169","95","23782","37.2696730115485","127.15128128964"
"대전광역시 중구 계백로 1690 (문화동, 홈플러스)","마트휴일(2,4째주 일요일) 휴무","처방조제 불가하며 일반의약품 판매함.","문화동홈플러스지하1층","해오름약국","042-222-3435","2200","1000","2200","1000","2200","1000","2200","1000","2200","1000","2200","1000","2200","1000","2200","1000","C1600664","349","56","23783","36.32029169941265","127.40769765772566"
"대전광역시 동구 계족로 75, (신흥동)","해오름약국","042-282-8300","1830","0830","1830","0830","1830","0830","1830","0830","1830","0830","1300","0830","C1600443","346","39","23784","36.32141343795377","127.44393183988495"
"제주특별자치도 제주시 동광로 107 (일도이동)","해오름약국","064-722-3755","2000","0830","2000","0830","2000","0830","2000","0830","2000","0830","1330","0830","C2900536","632","73","23785","33.5063922715212","126.538755973917"
"광주광역시 동구 밤실로 26-1, (지산동)","공휴일 - 신정, 크리스마스 운영 안함","법원 뒤 삼성아파트 입구","해오름약국","062-225-6513","1830","0830","1830","0830","1830","0830","1830","0830","1830","0830","1300","0830","1300","0830","C1500055","614","43","23786","35.15000327316238","126.93712364043676"
"충청남도 서산시 인지면 무학로 1735","해오름약국","041-664-4243","1900","0900","1900","0900","1900","0900","1900","0900","1900","0900","1930","0800","1930","0800","C2401438","320","15","23787","36.7576612926","126.4278168392"
"대구광역시 달성군 화원읍 비슬로 2490","일요일 공휴일은 랜덤으로 운영","해오름약국","053-632-7757","1930","0830","1930","0830","1930","0830","1930","0830","1930","0830","1500","0830","C1301479","429","56","23788","35.7993250175","128.4908068113"
"대구광역시 북구 중앙대로 556, 1층 (침산동)","해오름약국","053-422-0307","1830","0830","1830","0830","1830","0830","1830","0830","1830","0830","1330","0830","C1300002","415","79","23789","35.8780639560389","128.595495068778"
"대구광역시 서구 평리로 243 (중리동)","해오름약국","053-521-4563","1830","0900","1830","0900","1830","0900","1830","0900","1830","0900","1300","0900","C1300041","418","38","23790","35.862743560069376","128.5499292869961"
"경기도 이천시 이섭대천로 1203 (중리동, 하나빌딩)","해오름약국","031-631-8071","1600","0900","1600","0900","1600","0900","1600","0900","1600","0900","1300","0900","C2107696","173","74","23791","37.2777610498","127.4465001744"
"울산광역시 동구 방어진순환도로 633, 세인트에스타워 (일산동)","세인트에스타워 1층 102호","해오름약국","052-201-5975","1900","0900","1900","0900","1900","0900","1900","0900","1900","0900","1300","0900","C1700189","440","68","23792","35.49839783852244","129.42774133810812"
"세종특별자치시 아름서1길 13-12, 세종 제이디빌딩 105호 (아름동)","일요일 및 공휴일 휴무","일요일 및 공휴일 휴무","아름동","해오름약국","044-999-4761","2100","0850","2100","0850","1900","0850","2100","0850","2100","0850","1600","0900","C1800333","301","00","23793","36.5116594398975","127.243190312209"
"인천광역시 중구 흰바위로 41","인천광역시 경제자유구역청 관리약국","영종에어포트","해오름약국","032-862-1911","1600","0900","1600","0900","1600","0900","1600","0900","1600","0900","1600","0900","C1400788","223","71","23794","37.49273875276546","126.4894801697863"
"서울특별시 은평구 응암로 215 (응암동) 명남더블레스아파트2차","응암오거리 인근","해오름온누리약국","02-303-8077","2030","0900","2030","0900","2030","0900","2030","0900","2030","0900","2030","0900","2030","0900","C1107018","034","57","23795","37.5912237488191","126.917055760123"
"광주광역시 남구 양림로 38 (양림동)","광주기독병원 앞","해오름온누리약국","062-654-9933","2400","0800","2400","0800","2400","0800","2400","0800","2400","0800","2400","0800","2400","0800","2359","0830","C1500306","616","64","23796","35.13652891253739","126.91320034615579"
"세종특별자치시 조치원읍 조치원10길 9, 2동 1호 (조치원읍)","조치원읍 상리","해오름온누리약국","044-868-2375","2100","0830","2100","0830","2100","0830","2100","0830","2100","0830","2100","0830","2000","0830","C1800248","300","26","23797","36.6020270013","127.3034416588"
"울산광역시 남구 돋질로 60 (신정동)","울산시청맞은편울들병원1층","해오름우리들약국","052-269-7277","1900","0900","1900","0900","1900","0900","1900","0900","1900","0900","1300","0900","C1700300","446","76","23798","35.53773162596643","129.312466021196"
"경기도 안양시 동안구 엘에스로 37, 1층 102호 (호계동)","해온약국","031-429-0102","1900","0900","2010","0900","1900","0900","2010","0900","1900","0900","1500","0900","C2109415","141","21","23799","37.3672159053294","126.955150037319"
"부산광역시 해운대구 좌동순환로 247","버스정류장: 해운대백병원 정문 옆/부흥고등학교맞은편","해운대신대학약국","051-702-2486","1830","0900","1830","0900","1830","0900","1830","0900","1830","0900","1300","0900","C1201424","481","08","23800","35.17376701662093","129.18116294411936"
"부산광역시 해운대구 중동1로 36, 1층 (중동)","일요일 운영여부 변동있을 수 있어 전화 후 방문 요망","해운대시장입구 / 2호선 해운대역 2,3번 출구","해운대약국","051-731-2384","2100","0900","2100","0900","2100","0900","2100","0900","2100","0900","2100","0900","1900","1400","C1201316","480","95","23801","35.162372222222224","129.16291111111303"
"부산광역시 해운대구 해운대로 580, 1층 (우동)","해운대역 7번 출구에서 391m","해운대온누리약국","051-731-6550","1800","0900","1800","0900","1800","0900","1800","0900","1800","0900","1300","0900","C1203050","480","94","23802","35.1612114444996","129.155098519912"
"부산광역시 해운대구 해운대로 602, 102호 (우동)","2호선 해운대역 7번출구","해운메디약국","051-746-8831","1900","0900","1900","0900","1900","0900","1900","0900","1900","0900","1500","0900","C1202608","480","94","23803","35.1622240272164","129.157215782294"
"경기도 남양주시 진접읍 해밀예당1로 50-88","해울한약국","031-529-2827","1900","1000","1900","1000","1900","1000","1900","1000","1900","1000","1600","1000","C2106790","120","66","23804","37.71260164554868","127.18793259057101"
"대구광역시 동구 아양로50길 114, 1층(효목동)","효목시장내","해인당약국","053-953-3087","2000","0830","2000","0830","2000","0830","2000","0830","2000","0830","1900","0830","C1300748","411","73","23805","35.8824941745","128.6422912112"
"경상남도 창원시 진해구 만금로 19, 116호 (용원동, 그린피아)","강서삼성병원근처","해인약국","055-551-4088","1930","0900","1930","0900","1930","0900","1930","0900","1930","0900","1430","0900","C2800195","516","04","23806","35.09974444108628","128.82239023899"
"부산광역시 부산진구 황령대로 12 (범천동)","버스정류장: 상공회의소","해인약국","051-632-5100","1815","0815","1815","0815","1815","0815","1815","0815","1815","0815","1330","0830","C1202268","473","54","23807","35.14760188875823","129.06115127609985"
"충청남도 보령시 천북면 하궁길 7","파출소 맞은편","해인약국","041-641-7895","1830","0830","1830","0830","1830","0830","1830","0830","1830","0830","1230","0830","C2400395","334","02","23808","36.48071888578353","126.52730657619527"
"부산광역시 금정구 수림로 55, 1층 (장전동)","1호선 장전역 3번출구","해인약국","051-517-5597","1900","0900","1900","0900","1400","0900","1900","0900","1900","0900","1300","0900","C1202456","462","82","23809","35.2398131817","129.0863118462"
"경기도 고양시 덕양구 중앙로 550, 303-A호 (행신동, 삼일프라자)","해인약국","031-970-9734","1830","0900","1830","0900","1830","0900","1830","0900","1830","0900","1500","0900","C2102337","104","95","23810","37.623477777777779","126.836116666666669"
"경상남도 양산시 번영로 13 (덕계동)","해인온누리약국","055-362-0789","1900","0830","1900","0830","1900","0830","1900","0830","1900","0830","1500","0830","C2801653","505","54","23811","35.37394405964855","129.15133643665916"
"부산광역시 강서구 녹산산단321로 24-4, 102호 (송정동, 한마음빌딩)","공휴일 문의","버스정류장: 갑을녹산병원","해인온누리약국","051-973-1616","1930","0830","1930","0830","1930","0830","1930","0830","1930","0830","1530","0830","1230","0830","C1201396","467","54","23812","35.09076781001883","128.85303022650902"
"경기도 김포시 북변중로 38-1 (북변동)","해정약국","031-982-0634","1800","0900","1800","0900","1800","0900","1800","0900","1800","0900","1300","0900","C2109362","100","98","23813","37.6253083282417","126.712150066868"
"서울특별시 광진구 군자로 93","군자동새마을금고옆","해정약국","02-467-2282","1900","0930","1900","0930","1900","0930","1900","0930","1900","0930","1700","0930","C1100292","050","01","23814","37.5514835976765","127.07100629272"
"부산광역시 동구 중앙대로 233, (초량동,해정빌딩)","1호선 초량역 1번출구/흥국생명빌딩 건너편","해정약국","051-464-9921","1900","0900","1900","0900","1900","0900","1900","0900","1900","0900","1400","0900","1400","0900","C1201334","488","15","23815","35.11815","129.04063888889146"
"전라남도 무안군 해제면 현해로 1690-5","면사무소 앞.","해제약국","061-452-4952","1600","0730","1600","0730","1100","0730","1600","0730","1600","0730","1100","0730","C2600047","585","02","23816","35.11082628616701","126.29417097171509"
"서울특별시 동작구 보라매로3길 29, 1층 29호 (신대방동, 해태보라매타워)","보라매병원역 2번출구","해태보라매약국","02-833-0853","1920","0900","1920","0900","1920","0900","1920","0900","1920","0900","1500","0900","C1100293","070","71","23817","37.4912113425285","126.924990343437"
"서울특별시 동작구 보라매로3길 29, 3층 306호 (신대방동, 해태보라매타워)","보라매병원역 2번출구","해태사랑약국","070-4189-7273","1900","0900","1900","0900","1900","0900","1900","0900","1900","0900","1500","0900","C1108009","070","71","23818","37.4912113425285","126.924990343437"
"광주광역시 북구 경열로 220, 1층 (유동)","해피1번약국","062-513-5757","1830","0900","1830","0900","1830","0900","1830","0900","1830","0900","1300","0900","C1500318","612","39","23819","35.158858333333335","126.906597222222217"
"세종특별자치시 보듬3로 100 , 1동 117호 (아름동, 해피라움1)","아름동","해피라움약국","044-868-3770","2000","0900","2000","0900","2000","0900","1900","0900","2000","0900","1700","0900","C1800180","301","00","23820","36.51131400171317","127.24958006903887"
"대전광역시 서구 청사서로 46(월평동)","2024년 6월부터 일요일은 휴무입니다. 공휴일 영업합니다.","종합병원, 지역의원등 처방전약 조제/일반의약품/상비약품/ 건강상담/건강기능식품/동물약품/폐의약품수거(환영)","해피백약국","042-487-1236","2130","0900","2130","0900","2130","0900","2130","0900","2130","0900","2130","0900","2130","1100","C1601335","352","14","23821","36.3620132340515","127.376961341679"
"서울특별시 용산구 서빙고로 17 용산센트럴파크해링턴스퀘어 상가동 2층 108호 (한강로3가)","휴게시간 13:00-14:00","해피약국","02-6953-8785","1900","0800","1900","0800","1900","0800","1900","0800","1900","0800","1500","0800","C1109454","043","87","23822","37.5269056148241","126.966566172294"
"서울특별시 관악구 남부순환로 1952, 1층 (봉천동)","해피약국","02-587-3477","2040","0900","2040","0900","2040","0900","2040","0900","2040","0900","1430","0900","C1110152","087","93","23823","37.475948792064","126.965674284011"
"서울특별시 서초구 강남대로 365, 대우도씨에빛 1층 (서초동)","해피약국","02-582-2590","2100","0900","2100","0900","2100","0900","2100","0900","2100","0900","1800","0900","C1108882","066","21","23824","37.495323407006","127.028348895147"
"경기도 수원시 팔달구 중부대로 53, 103호 (지동)","해피약국","031-258-9937","1800","0900","1800","0900","1800","0900","1800","0900","1800","0900","1300","0900","C2110021","162","45","23825","37.2756835760706","127.022540829214"
"경기도 성남시 분당구 판교역로 178, 서건타워 1층 109호 (삼평동)","해피약국","031-8039-6652","1800","0900","1800","0900","1800","0900","1800","0900","1800","0900","1300","0900","C2109703","135","24","23826","37.3965078380505","127.110054106871"
"경기도 구리시 이문안로 70, 107호 (수택동,동진타워)","해피온누리약국","031-553-9088","1500","0900","1500","0900","1500","0900","1500","0900","1500","0900","1400","0900","C2103526","119","40","23827","37.592146916143996","127.1389952455935"
"경기도 고양시 일산동구 위시티2로11번길 6-31, 203호 (식사동, KS프라자)","해피팜약국","031-969-8586","1800","0900","1800","0900","1800","0900","1800","0900","1800","0900","C2106918","103","23","23828","37.67640314178931","126.81375481282154"
"서울특별시 송파구 오금로 512, 207호 (거여동, 거여역2차쌍용아파트 207호)","거여역 5번출구","해피홈약국","02-449-0113","1830","0840","1830","0840","1830","0840","1830","0840","1830","0840","1400","0840","1300","0900","1300","0900","C1104593","057","73","23829","37.4927296497634","127.145547345253"
"경기도 수원시 장안구 이목로 24-9, 1층 105호 (정자동)","햇님약국","031-271-2722","1800","0900","1800","0900","1800","0900","1800","0900","1800","0900","1300","0900","C2106949","163","36","23830","37.309334733270006","126.98487080456698"
"서울특별시 광진구 천호대로111길 19 (중곡동)","군자역 4번출구에서 용마초등학교 방향","햇님약국","02-777-0012","2100","0900","2100","0900","2100","0900","2100","0900","2100","0900","1400","0900","C1107830","049","29","23831","37.5573510457504","127.082292359325"
"서울특별시 성북구 길음로 33, 상가A동 지하1층 2호 (길음동, 길음뉴타운)","먹는치료제 조제기관","햇님약국","02-3292-1734","1930","0900","1930","0900","1930","0900","1930","0900","1930","0900","1600","0900","C1109239","027","20","23832","37.6050832927232","127.022078590713"
"부산광역시 기장군 일광읍 해빛6로 85-10, 101호","2월오픈 일요일은 문의바람","365 운영약국","햇님약국","051-723-5119","2000","0900","2000","0900","2000","0900","2000","0900","2000","0900","1700","0900","1700","1000","1700","1000","C1203013","460","48","23833","35.2654926093821","129.226293476648"
"충청남도 아산시 탕정면 한들물빛5로 33, 108~9호","햇님약국","041-549-9993","1800","0900","1800","0900","1800","0900","1800","0900","1800","0900","1400","0900","1300","0900","C2401844","314","65","23834","36.7877657073527","127.086793561922"
"경상남도 창원시 진해구 충장로 133 (여좌동)","진해도서관근처","햇님약국","055-542-5311","1900","0900","1900","0900","1900","0900","1900","0900","1900","0900","1700","0900","1500","1030","C2800356","516","94","23835","35.152494444444443","128.666630555555543"
"경상남도 김해시 분성로 444 (삼정동)","활천고개목화웨딩홀맞은편굿모닝병원1층","햇님약국","055-327-0066","1830","0830","1830","0830","1830","0830","1830","0830","1830","0830","1400","0830","1200","0830","1200","0830","C2800060","509","28","23836","35.2347576119","128.894708236"
"부산광역시 해운대구 좌동순환로 502, 이룸제이타워 109호 (중동)","2호선 중동역 3,5번출구/이룸제이타워 109호","햇님약국","051-747-0881","1800","0900","1800","0900","1800","0900","1800","0900","1800","0900","1330","0900","C1201174","481","01","23837","35.166091868980665","129.16907359101455"
"부산광역시 금정구 중앙대로1685번길 15, 1층 (부곡동)","부곡동 화창한병원 맞은편 약국","버스정류장: 경남한신아파트 앞","햇님약국","051-582-6119","2000","0900","2000","0900","2000","0900","2000","0900","2000","0900","2000","1000","2000","1000","2000","1000","C1202601","462","78","23838","35.2348299091221","129.09090680316655"
"충청북도 음성군 맹동면 원중로 1438, 1층 (맹동면)","공휴일은 전화후방문요망","햇님약국","043-882-6008","1900","0830","2100","0830","1900","0830","2100","0830","1900","0830","1330","0830","1330","0830","C2301145","277","38","23839","36.9096953170934","127.540762734161"
"경기도 성남시 분당구 판교로 442","일요일,공휴일 전화 후 방문","햇님약국","031-709-3267","1900","0900","1900","0900","1900","0900","1900","0900","1900","0900","1300","1000","C2101152","135","23","23840","37.40511256589604","127.1228752288286"
"경기도 안산시 단원구 석수로5길 13, 1층 (선부동)","석수초등학교근방","햇님약국","031-411-1356","2030","0830","2030","0830","2030","0830","2030","0830","2030","0830","2100","0830","C2103406","152","22","23841","37.34298551838198","126.80620993246069"
"제주특별자치도 제주시 중앙로 560, 1층 (아라일동)","햇님온누리약국","064-726-1923","1820","0840","1820","0840","1820","0840","1820","0840","1820","0840","1300","0840","C2900539","632","37","23842","33.4736791675227","126.545316121542"
"서울특별시 영등포구 의사당대로 108, 304호(여의도동, 아일렉스상가)","여의도역 6번 출구 바로앞","햇님온누리약국","02-761-5520","2000","0900","1900","0900","1900","0900","2000","0900","1900","0900","1500","0900","C1104086","073","22","23843","37.5210144173791","126.923991634451"
"경기도 부천시 원미구 신흥로 201, 105호 (중동, 트리플타워B)","햇빛약국","032-223-8424","2100","0900","2100","0900","2100","0900","2100","0900","2100","0900","1800","0900","C2108103","145","48","23844","37.5015930027132","126.776080995052"
"경기도 평택시 포승읍 여술로 21, 1층 (선구빌딩)","햇빛약국","070-7778-8868","2100","0830","2100","0830","2100","0830","2100","0830","2100","0830","1800","0900","1500","0900","C2102145","179","55","23845","36.988298718219596","126.84505537086795"
"경기도 수원시 장안구 정자로 165, 동신프라자 1층 (정자동)","햇빛약국","031-309-7800","1800","0900","1800","0900","1800","0900","1800","0900","1800","0900","1300","0900","C2109922","163","37","23846","37.3055792632474","126.993117641267"
"경기도 고양시 일산동구 중산로 247","햇빛약국","031-975-1313","1930","0900","1930","0900","1930","0900","1930","0900","1930","0900","1500","0900","C2102400","103","36","23847","37.69410291340563","126.78044336108178"
"서울특별시 강서구 등촌로 59-1, 1층 (화곡동)","목동역 2번출구에서 등촌동 방향","햇빛약국","02-2062-7159","2100","0930","1830","0930","1830","0930","1830","0930","1830","0930","1500","0930","C1103032","077","41","23848","37.5353838443451","126.863179446271"
"서울특별시 강남구 자곡로 120, 107호 (자곡동, 세곡드림프라자)","햇빛약국","02-459-3353","1900","0900","1900","0900","1900","0900","1900","0900","1900","0900","1500","1000","1300","1000","1300","1000","C1107484","063","73","23849","37.4721456267663","127.096502429368"
"울산광역시 중구 함월6길 66, 104호 (성안동)","햇빛약국","052-246-6355","1930","0930","1930","0930","1930","0930","1930","0930","1930","0930","1300","0930","C1700253","444","25","23850","35.575132479355","129.30817097139538"
"서울특별시 도봉구 도당로13길 16 (방학동)","도깨비시장 입구","햇빛약국","02-6081-5255","1900","0900","1900","0900","1900","0900","1900","0900","1900","0900","1400","0900","C1102539","013","55","23851","37.6655545838399","127.035579342152"
"서울특별시 마포구 마포대로 68, 408-2호 (도화동, 마포아크로타워)","마포역과 공덕역 사이 / 마포아크로타워 4층","햇빛약국","02-711-5982","1900","0800","1900","0800","1900","0800","1900","0800","1900","0800","1400","0800","1400","0900","1400","0800","C1100322","041","68","23852","37.5413421541668","126.948897374412"
"강원특별자치도 강릉시 성산면 구산길 31-2","유선전화 없음 0507-1389-0892","햇빛약국","033-645-0887","1900","0930","1900","0930","1900","0930","1900","0930","1900","0930","1900","0930","1900","0930","C2201166","254","50","23853","37.717595555351","128.832100554107"
"전라남도 목포시 북항로 54-10 (죽교동)","홍인 연합의원 근처","햇빛약국","061-245-2323","2000","0900","2000","0900","2000","0900","2000","0900","2000","0900","2000","0900","C2600470","587","18","23854","34.79915773459027","126.37830981580093"
"강원특별자치도 춘천시 후석로250번길 1 (후평동)","햇빛약국","033-251-9097","2100","0900","2100","0900","1630","0900","2100","0900","2100","0900","1500","0900","C2200915","243","12","23855","37.873868940261865","127.7528200282352"
"경상북도 청도군 청도읍 청화로 154","햇빛약국","054-373-9557","1830","0830","1830","0830","1830","0830","1830","0830","1830","0830","1400","0830","1300","0830","C2701576","383","44","23856","35.64369168456437","128.74264366769603"
"인천광역시 남동구 호구포로 920, 309호 (만수동, 벽산아파트상가)","벽산아파트상가 309","햇빛약국","032-463-7248","1900","0900","1900","0900","1900","0900","1900","0900","1900","0900","1500","0830","1800","0830","C1400859","215","18","23857","37.4643287886","126.7211814865"
"부산광역시 연제구 월드컵대로 142-1, 동해메디컬 1층 101호 (연산동)","햇빛약국","051-868-5999","2000","1300","1900","0900","1900","0900","1900","0900","1900","0900","C1202540","475","24","23858","35.186612238267","129.080820987788"
"경기도 안산시 상록구 도매시장로 100, 1층 (일동)","햇빛온누리약국","031-409-0075","2000","0830","2000","0830","2000","0830","2000","0830","2000","0830","1700","0830","C2107066","153","23","23859","37.31423835282692","126.86389611752376"
"서울특별시 중랑구 사가정로 384, 1층 101호 (면목동)","사가정역 3번출구","햇살 온누리약국","02-434-5102","2000","0900","2000","0900","2000","0900","1430","0900","2000","0900","1430","0900","C1108716","022","38","23860","37.5805476991971","127.087203744311"
"경기도 수원시 팔달구 권광로 200 (인계동)","안녕하세요! 수원 인계동에 위치한 햇살가득약국입니다. ^^ 저희약국은 &quot;수원시청역&quot;에서 걸어서 4분 거리에 위치하고 있으며, 전문약 조제 / 일반의약품 상담 / 영양제 상담 / 동물의약품 상담을 하고 있습니다.","햇살가득약국","031-211-0393","2030","0900","2100","0900","2030","0900","2100","0900","2030","0900","1800","0900","C2108670","164","88","23861","37.2651242756443","127.033564193032"
"경기도 평택시 자유로3번길 15 (평택동)","햇살가득한약국","031-651-0898","1300","0830","1300","0830","1300","0830","1300","0830","1300","0830","1400","0830","C2103076","179","09","23862","36.99278455767699","127.08924037711262"
"부산광역시 동래구 중앙대로 1325","7/7 약사보수교육관계로휴무","1,4호선 동래역 7번출구","햇살가득한약국","051-552-7500","2030","0900","2030","0900","2030","0900","2030","0900","2030","0900","1900","0900","1900","1100","1900","1100","C1200648","477","34","23863","35.20525727971501","129.07765614364735"
"전북특별자치도 전주시 덕진구 건지로 8 (금암동)","햇살가득한약국","063-275-5453","2000","0730","2000","0730","2000","0730","2000","0730","2000","0730","1300","0900","C2501180","549","07","23864","35.84440102485668","127.14293035307275"
"대전광역시 서구 둔산북로 175, 104호 (둔산동, 햇님아파트)","한약국","햇살가득한약국","042-477-7233","1900","1000","1900","1000","1900","1000","1900","1000","1900","1000","1900","1000","C1601212","352","43","23865","36.35599034139344","127.39059380184574"
"경기도 부천시 경인로 190","부천 남부역쪽 심곡고가사거리에 위치한 라비앙로제건물 1층","햇살가득한약국","032-656-1919","2000","0900","2000","0900","2000","0900","2000","0900","2000","0900","C2100312","147","11","23866","37.48345996329815","126.77650222805711"
"서울특별시 동작구 사당로 301, 사당동빌딩 3층 (사당동)","햇살담은약국","02-914-3396","1800","0900","1800","0900","1800","0900","1800","0900","1800","0900","1400","0800","C1103975","070","08","23867","37.4853017183316","126.980796622285"
"서울특별시 양천구 목동중앙북로 95 (목동)","염창역 4번출구","햇살애약국","02-2642-6415","2000","0840","2000","0840","2000","0840","2000","0840","2000","0840","1600","0840","C1104155","079","68","23868","37.5463373712854","126.873850852633"
"경상북도 경산시 백양로35길 1-3","햇살약국","053-294-7586","1900","0900","1900","0900","1900","0900","1900","0900","1900","0900","1400","0900","1300","0900","C2700808","385","97","23869","35.811408597717445","128.75920644521076"
"전라남도 나주시 빛가람로 676, 104호 (빛가람동, 씨티원빌딩)","공휴일: 명절 당일만 휴무","햇살약국","061-334-2755","1900","0830","1900","0830","1900","0830","1900","0830","1900","0830","1300","0900","1300","0900","C2601114","583","25","23870","35.0207975632","126.7855479082"
"강원특별자치도 원주시 서원대로 184, 1층 (단계동)","햇살약국","033-734-7288","1800","0900","1800","0900","1800","0900","1800","0900","1800","0900","C2200941","263","82","23871","37.34376596941448","127.93170111476236"
"강원특별자치도 강릉시 주문진읍 주문로 111-2, 103호","햇살약국","033-662-1333","1800","0900","1800","0900","1800","0900","1800","0900","1800","0900","1600","0900","C2201123","254","10","23872","37.89371718038471","128.82741912915552"
"인천광역시 남동구 남동대로733번길 3, 1층 2호 (구월동)","햇살약국","032-438-8881","2100","0900","2100","0900","2100","0900","2100","0900","2100","0900","1600","0900","C1401854","215","72","23873","37.4478213538933","126.707051674132"
"인천광역시 서구 원당대로 860, 보람프라자 105호 (당하동)","햇살약국","070-7774-8586","1300","0900","1300","0900","1300","0900","1300","0900","1300","0900","1400","0900","C1401522","226","82","23874","37.59328109797204","126.69687291451899"
"대구광역시 수성구 달구벌대로 2362, 1층 (수성동3가)","햇살약국","053-753-5879","1800","0900","1800","0900","1800","0900","1800","0900","1800","0900","C1301809","421","15","23875","35.8590741071985","128.62084820592"
"대구광역시 남구 대명로 65, 세아타워 1층 (대명동)","햇살약국","053-622-2255","1900","0900","1900","0900","1900","0900","1900","0900","1900","0900","1230","0900","C1301490","424","80","23876","35.8396053295","128.5646488592"
"제주특별자치도 제주시 노형8길 3, 1층 (노형동)","햇살약국","064-745-0555","1400","0800","1400","0800","1400","0800","1400","0800","1900","0800","1400","0800","C2900592","630","83","23877","33.4844444517438","126.477797252714"
"부산광역시 동래구 중앙대로 1325, 107호(온천동,이센타워)","1,4호선 동래역 7번출구","햇살약국","051-555-0272","2100","0900","2100","0900","2100","0900","2100","0900","2100","0900","1900","0900","C1200855","477","34","23878","35.2053096286","129.0775322273"
"대구광역시 달서구 용산로24길 87 (감삼동)","공휴일은 램덤으로 운영","햇살약국","053-556-7511","1900","0900","1900","0900","1900","0900","1900","0900","1900","0900","1500","0900","1300","0900","C1301368","426","88","23879","35.8492160277204","128.53499814368024"
"부산광역시 사상구 학감대로222번길 10(감전동)","햇살약국","051-911-7365","1830","0830","1830","0830","1830","0830","1830","0830","1830","0830","1330","0830","C1202815","469","85","23880","35.1507410785721","128.990375694224"
"부산광역시 부산진구 중앙대로 669, 한성빌딩 1층 (부전동)","22년 1월 30~31일, 2월 1~2일 설 연휴 휴무입니다","햇살약국","051-802-2050","2000","0900","2000","0900","2000","0900","2000","0900","2000","0900","1400","0900","1400","0900","C1202587","472","89","23881","35.152439496456","129.058831542379"
"대구광역시 중구 달구벌대로 1943, 102동 1층 103호 (대신동, 대신e편한세상)","햇살약국","053-253-8879","1930","0900","1930","0900","1930","0900","1930","0900","1930","0900","1330","0900","1330","0900","C1301574","419","30","23882","35.86369648905528","128.5769280296388"
"부산광역시 금정구 금강로321번길 2, (장전동)","장전중앙교회 옆","햇살약국","051-514-3251","1930","0900","1930","0900","1930","0900","1930","0900","1930","0900","1530","0900","C1201145","462","82","23883","35.23681052914529","129.0864172645656"
"부산광역시 기장군 정관읍 정관4로 40, 이인 메디컬 빌딩","이인메디칼빌딩1층","햇살약국","051-728-0882","1930","0900","1930","0900","1930","0900","1930","0900","1930","0900","1300","0900","C1201177","460","15","23884","35.32617046521524","129.17112752691014"
"충청남도 천안시 서북구 미라3길 12-2 (쌍용동)","혜성산부인과 앞","햇살약국","041-575-3570","1900","0900","1900","0900","1900","0900","1900","0900","1900","0900","1500","0900","C2400587","311","55","23885","36.800432073288334","127.13089645987753"
"충청남도 계룡시 두마면 대실남북1길 7","하나로마트 안으로 들어오시면 됩니다.","햇살약국","042-551-0806","1800","0900","1800","0900","1800","0900","1800","0900","1800","0900","1800","0900","1500","0900","1800","0900","C2401793","328","44","23886","36.266747688765","127.259018663533"
"경기도 수원시 권선구 매곡로 88, 1층 (금곡동, 민경빌딩)","햇살약국","031-227-3733","1930","0900","1930","0900","1930","0900","1930","0900","1930","0900","1500","0900","1300","0900","C2107573","163","96","23887","37.2716352082","126.9557625266"
"충청북도 청주시 서원구 신화로 50","햇살약국","043-232-1960","1900","0900","1900","0900","1900","0900","1900","0900","1900","0900","1300","0900","1300","0900","C2300916","286","37","23888","36.619133007291154","127.45548806280894"
"경기도 성남시 분당구 미금로 39, 로얄프라자 3층 304-1호 (구미동)","햇살약국","031-715-4456","1800","0900","1800","0900","1800","0900","1800","0900","1800","0900","1700","0900","1200","0900","C2101353","136","25","23889","37.336829496797094","127.1159495355866"
"경기도 김포시 솔터로 22, 301동 1층 148호 (구래동, 메트로타워 예미지)","햇살약국","031-998-6230","2040","0900","2040","0900","2040","0900","2040","0900","2040","0900","1500","0900","C2109145","100","66","23890","37.6454292192719","126.630857571038"
"경기도 오산시 성호대로 121, 월드타워 405호 (오산동)","햇살약국","031-373-9390","1900","1000","1900","1000","1900","1000","1900","1000","1900","1000","1500","1000","A2115402","181","33","23891","37.197559689500004","127.09658838260002"
"경기도 부천시 부흥로 197","상지초교 건너편 농협옆","햇살약국","032-611-6161","2100","0900","2100","0900","2100","0900","2100","0900","2100","0900","2100","0900","C2100411","146","18","23892","37.496303224446116","126.76473474443716"
"경기도 안산시 단원구 선부광장1로 56, 307,307-1호 (선부동)","햇살약국","031-487-8925","2100","0900","2100","0900","2100","0900","2100","0900","2100","0900","1700","0900","1400","0900","C2106490","152","39","23893","37.33659372872038","126.81072429678117"
"경기도 용인시 기흥구 중부대로788번길 3 (상하동)","햇살약국","031-282-9541","2130","0900","2130","0900","2130","0900","2130","0900","2130","0900","2000","0900","2100","0900","C2100499","170","77","23894","37.25797874193335","127.14254617538583"
"경기도 안성시 공도읍 공도로 132 (공도읍)","골드1번가 상가","햇살약국","031-618-0171","2000","0900","2000","0900","1900","0900","2000","0900","2000","0900","1400","0900","1300","0900","C2100070","175","59","23895","37.00147737274726","127.17507376531692"
"경기도 화성시 효행로 1073, 603호 (진안동, 거성프라자)","진안동11단지앞","햇살약국","031-222-0306","2000","0900","2000","0900","2000","0900","2000","0900","2000","0900","1500","0900","1300","0900","C2100538","183","98","23896","37.21539927227181","127.04393424467342"
"경기도 안양시 동안구 달안로 61 (비산동)","햇살약국","031-388-8675","1830","0900","1830","0900","1830","0900","1830","0900","1830","0900","1530","0900","C2107083","140","43","23897","37.39651542148245","126.94896289035434"
"전북특별자치도 전주시 덕진구 편운로 10, 1층 (여의동2가)","햇살약국","063-717-1175","1800","0830","1800","0830","1800","0830","1230","0830","1800","0830","1230","0900","C2501526","548","48","23898","35.8710015364571","127.077520941306"
"서울특별시 종로구 자하문로 58, 1층 (창성동)","경복궁역 3번출구에서 신교동교차로 방향","햇살약국","02-723-5489","1830","0840","1830","0840","1330","0840","1830","0840","1830","0840","1330","0840","C1104011","030","43","23899","37.5812527890293","126.971269860764"
"서울특별시 노원구 섬밭로 134, 114동 105-5호 (공릉동, 풍림아파트)","풍림아파트상가 114동 105호","햇살약국","02-973-5589","1800","0900","1800","0900","1800","0900","1800","0900","1800","0900","1300","0900","C1100436","018","51","23900","37.6283837344084","127.069334929029"
"서울특별시 은평구 진관4로 17, 820동 1층 113호 (진관동, 은평뉴타운상림마을)","휴게시간 13:00-14:00","상림마을 820동 상가113호","햇살약국","02-387-5358","1900","0900","1900","0900","1900","0900","1900","0900","1900","0900","1400","0900","C1103672","033","02","23901","37.6436459287601","126.922900461734"
"서울특별시 강동구 동남로71길 32, 환타지아 103호 (명일동)","햇살약국","024417716","2000","0900","2000","0900","2000","0900","2000","0900","2000","0900","1500","0900","C1108917","052","69","23902","37.5520049235939","127.154500056801"
"서울특별시 동대문구 장한로 22, 2층 (장안동)","장한평역 3번출구","햇살약국","02-2217-1190","1800","0930","1800","0930","1800","0930","1800","0930","1800","0930","1300","0930","C1102540","026","44","23903","37.56321714445","127.066126699769"
"서울특별시 성동구 마장로 291, 3층 (마장동)","마장역 1번 출구 바로앞","햇살약국","02-2298-2825","1900","0900","1900","0900","1800","0900","1900","0900","1900","0900","1400","0900","C1107899","047","56","23904","37.5658522754099","127.041939050117"
"서울특별시 송파구 위례성대로20길 31, 1층 (오금동)","방이역 1번 출구","햇살약국","02-406-5258","2000","0900","2000","0900","2000","0900","2000","0900","2000","0900","1500","0900","C1104319","056","57","23905","37.5086959814967","127.127228338968"
"경기도 고양시 덕양구 행신로 276, 105호 (행신동, 명일프라자)","햇살약국","031-973-3200","2000","0830","2000","0830","2000","0830","2000","0830","2000","0830","2000","0830","C2107598","104","86","23906","37.6195315522","126.8450642273"
"경기도 하남시 미사강변북로 65-1, 204호 (선동, 미사강변더샵리버포레 근린생활시설)","햇살약국","070-7744-9380","1900","0900","1900","0900","1900","0900","1900","0900","1900","0900","1400","0900","C2107197","129","04","23907","37.5737722118","127.1848708714"
"경기도 평택시 현촌4길 2-41, 103호 (용이동, 한국마트 주차빌딩)","일요일 운영주 유동적임","햇살약국","031-657-4576","1930","0900","1930","0900","1930","0900","1930","0900","1930","0900","1700","0900","1300","0900","C2106658","178","70","23908","36.999127300819225","127.13320344728331"
"경기도 광주시 태봉로 51, 313호 (태전동, 성원프라자)","햇살약국","031-797-2184","1830","0830","1830","0830","1830","0830","1830","0830","1830","0830","1400","0830","1300","1000","C2102413","127","84","23909","37.38868659398712","127.22938309983756"
"경기도 파주시 청석로 266, 스타프라자 106호 (동패동)","교하상업지구농협건물","햇살약국","031-941-3345","1930","0900","1930","0900","1930","0900","1930","0900","1930","0900","1330","0900","C2104254","108","74","23910","37.72547756766314","126.71771560989121"
"대전광역시 중구 대흥로 42 (대흥동)","햇살약국","042-226-9395","1600","0850","1600","0850","1600","0850","1600","0850","1600","0850","C1601247","349","43","23911","36.32298163186846","127.41789928344058"
"울산광역시 북구 매곡1로 46, 2층 202호(매곡동,대우프라자)","대우프라자 2층 202호","햇살약국","052-293-7282","1830","0830","1830","0830","1230","0830","1830","0830","1830","0830","1230","0830","C1700302","442","15","23912","35.6447088523","129.3512595639"
"경기도 성남시 수정구 수정로 106, 207호 (수진동, SR프라자)","SR프라자","햇살약국","031-751-7576","1830","0830","1830","0830","1830","0830","1830","0830","1830","0830","1330","0830","C2106422","133","27","23913","37.440728535311635","127.13221943362242"
"대전광역시 유성구 도안대로 575, 1층 102호 (봉명동)","햇살약국","042-825-8763","1930","0900","1930","0900","1930","0900","1930","0900","1930","0900","1430","0900","C1601122","341","79","23914","36.332574849","127.3390056546"
"서울특별시 강북구 한천로 1038, 천지빌딩,유료주차장 1층 (수유동)","햇살약국","02-991-4047","1930","0900","1930","0900","1930","0900","1930","0900","1930","0900","1330","0900","C1108548","010","54","23915","37.6401812161408","127.027026777635"
"대전광역시 서구 관저북로13번길 23-24, 승암빌딩 102호 (관저동)","햇살약국","042-546-7890","1830","0900","1830","0900","1830","0900","1830","0900","1830","0900","1330","0900","C1601266","353","63","23916","36.30194329936731","127.33585898661398"
"서울특별시 양천구 목동중앙로 71, 2층 (목동)","영도초등학교 맞은편","햇살약국","02-2653-3698","2000","0900","2000","0900","2000","0900","2000","0900","2000","0900","1800","0800","C1104041","079","61","23917","37.5360244453731","126.870194217249"
"서울특별시 마포구 백범로 13, 신촌르메이에르타운II 3층 309호 (노고산동)","햇살약국","02-6956-8457","1930","1000","2030","1000","1930","1000","1930","1300","1930","1000","1430","0900","C1109845","041","01","23918","37.5534277936917","126.937479181431"
"서울특별시 서대문구 수색로 100, 101동 104호 (북가좌동, DMC래미안e편한세상)","DMC래미안e편한세상 101동 104호","햇살약국","02-309-2656","1830","0830","1830","0830","1830","0830","1330","0830","1830","0830","1330","0830","C1100105","037","09","23919","37.5747334832097","126.907916083955"
"부산광역시 동래구 석사로 5, 1층 일부 (사직동)","일요일 문의","2호선 수정역 2번출구","햇살약국","0515033452","1900","0900","1900","0900","1900","0900","1900","0900","1900","0900","1300","0900","1300","0900","C1201250","478","59","23920","35.22250376064482","129.01133976884205"
"서울특별시 강서구 곰달래로 223, 화곡동상가 104호 (화곡동)","24시간 영업 / 연중무휴","남부골목시장 인근","햇살약국","02-722-7585","2000","0900","2000","0900","2000","0900","2000","0900","2000","0900","1500","0900","C1109040","077","49","23921","37.5318084319088","126.857787393658"
"충청남도 아산시 둔포면 아산밸리중앙로 80-13, 101-102호","기관 번호(010-3225-0245)","햇살약국","041-000-0000","1900","0900","1900","0900","1900","0900","1900","0900","1900","0900","1400","0900","C2401921","314","06","23922","36.9221811651245","127.057014350205"
"경상남도 진주시 남강로 705, 1층 (장대동)","설/추석 당일 휴무로 공휴일 방문 시 전화 확인 필요","햇살약국","055-742-7288","1830","0900","1730","0900","1730","0900","1730","0900","1730","0900","1400","0900","1700","1000","1700","1000","C2802389","527","58","23923","35.1917705862458","128.088559670964"
"경상남도 김해시 율하7로 9, 더 카이로스 108호 (장유동)","햇살약국","055-326-3630","1900","0900","1900","0900","1900","0900","1900","0900","1900","0900","1500","0900","1400","0900","C2802360","510","20","23924","35.1722778766567","128.824877164441"
"경상남도 밀양시 미리벌중앙로 67 삼문타워1층 (삼문동)","25년7월부터 부분 심야운영합니다. (화목 밤11시까지, 토18시까지)","미르아이병원1층 약국","햇살약국","055-355-6331","1800","0900","2300","0900","1800","0900","2300","0900","1800","0900","1800","0900","1300","0900","C2801762","504","38","23925","35.48366608325669","128.74853216232714"
"경상남도 양산시 물금읍 화합1길 8","양산부산대병원 근처","햇살약국","055-364-3440","1830","0830","1830","0830","1830","0830","1830","0830","1830","0830","C2800606","506","10","23926","35.32919281789358","129.00873947279007"
"경상남도 창원시 의창구 의창대로 41 (소계동)","햇살약국","055-253-5625","1745","0830","1745","0830","1745","0830","1745","0830","1745","0830","1300","0830","C2802417","511","87","23927","35.2557781068745","128.605676807016"
"대구광역시 중구 태평로 50, A02동 210호 (도원동, 힐스테이트 도원 센트럴)","햇살약국","070-8998-2545","1800","0900","1800","0900","1800","0900","1800","0900","1800","0900","C1301905","419","15","23928","35.8770264457908","128.582563587051"
"서울특별시 구로구 경인로67길 23 (신도림동,대우푸르지오2차 101동 311호)","신도림역 6번출구/대우푸르지오2차 101동 311호","햇살약국","02-2631-4959","2000","0930","2000","0930","2000","0930","2000","0930","2000","0930","1600","0930","C1104206","082","08","23929","37.5104826397728","126.889481191271"
"충청북도 진천군 광혜원면 광혜원산단1길 117-3","햇살약국","043-535-9390","1800","0900","1800","0900","1800","0900","1800","0900","1800","0900","1300","0900","C2301017","278","04","23930","36.98938732748604","127.44181154908993"
"광주광역시 서구 상무중앙로 95 (치평동)","햇살약국","062-381-3331","1900","0700","1900","0700","1900","0700","1900","0700","1900","0700","1900","0800","C1501134","619","50","23931","35.1554912284","126.8477707013"
"경상남도 김해시 활천로 22 (삼정동)","■ 공휴일 설, 추석명절 제외 운영 ■ 운영시간은 전화 확인 요망","햇살약국","055-322-2994","2100","0850","2100","0850","2100","0850","2100","0850","2100","0850","1700","0850","1230","0850","1700","0850","C2800970","509","34","23932","35.22956705985271","128.89408503698243"
"전북특별자치도 전주시 완산구 평화18길 31, (평화동1가)","햇살약국","063-226-3678","2000","0900","2000","0900","2000","0900","2000","0900","2000","0900","1700","0900","C2501495","551","22","23933","35.7948355751756","127.132974694236"
"광주광역시 북구 양일로 58, 103호 (연제동)","햇살약국","062-571-3811","1800","0830","1800","0830","1800","0830","1300","0830","1800","0830","1300","0830","C1501390","610","91","23934","35.19749100281","126.871237767319"
"광주광역시 남구 서문대로 665, 1층 103호 (진월동)","햇살약국","062-674-1245","2200","0800","2200","0800","2200","0800","2200","0800","2200","0800","1600","0800","C1501145","617","27","23935","35.1190248429","126.8986219189"
"경상북도 포항시 북구 해동로 303 (동빈1가)","햇살약국","054-256-1423","1840","0900","1840","0900","1840","0900","1840","0900","1840","0900","1400","0900","C2701524","377","22","23936","36.04625912725345","129.3712163431613"
"세종특별자치시 장군면 장척로 401 (장군면)","장군면 도계리","햇살약국","044-881-9543","1900","0800","1900","0800","1900","0800","1900","0800","1900","0800","1300","0800","C1800225","300","53","23937","36.4971626608","127.2052002662"
"경기도 안양시 동안구 경수대로 544, 1층 2호 (호계동)","햇살약국","070-4001-1383","1800","0900","1800","0900","1800","0900","1800","0900","1800","0900","1300","0900","C2109757","141","12","23938","37.3711611983703","126.958269148133"
"경상북도 구미시 상사서로 73 (상모동)","상모사거리파리바게뜨옆","햇살약국","054-464-2552","2100","0900","2100","0900","2100","0900","2100","0900","2100","0900","2100","0900","2100","1100","2000","0900","C2700533","393","40","23939","36.0889662030886","128.354997320813"
"인천광역시 연수구 앵고개로104번길 4, 준빌딩 104호 (동춘동)","햇살온누리약국","070-7630-0620","1930","0930","1930","0930","1930","0930","1930","0930","1930","0930","1930","0930","C1401768","219","80","23940","37.412387966321155","126.65705169522536"
"경기도 의정부시 체육로 298-13 (녹양동)","햇살온누리약국","031-836-8251","2000","0900","2000","0900","2000","0900","2000","0900","2000","0900","1700","0900","C2102638","116","10","23941","37.76048472756909","127.04100952742243"
"서울특별시 강서구 화곡로 142, 114호 (화곡동, 메가박스)","햇살온누리약국","02-2699-6314","2040","0900","1910","0900","1910","0900","1910","0900","2040","0900","1410","0900","C1107583","077","15","23942","37.5405665780291","126.837581836675"
"경기도 구리시 이문안로 140 (토평동)","햇살온누리약국","031-568-8086","1600","0900","1600","0900","1600","0900","1600","0900","1600","0900","1600","0900","C2106580","119","46","23943","37.59090476320666","127.14691882108248"
"서울특별시 동작구 상도로 345, 1층 (상도동)","햇살온누리약국","02-401-6599","1930","0900","1930","0900","1930","0900","1930","0900","1930","0900","1600","0900","1600","0900","1600","0900","C1108667","069","71","23944","37.4978381627265","126.952667931095"
"경기도 양주시 옥정동로7가길 36, 옥정메인타워 111호 (옥정동)","햇살온누리약국","031-857-8883","2120","0900","2120","0900","2120","0900","2120","0900","2120","0900","2120","0900","1900","1500","2120","0900","C2109206","114","73","23945","37.8198372639068","127.094101424507"
"경기도 의정부시 상금로 33 (금오동)","햇살온누리약국","031-846-2199","2000","0900","2000","0900","2000","0900","2000","0900","2000","0900","1700","0900","C2102710","117","64","23946","37.75789555633514","127.07458918630323"
"경기도 포천시 소흘읍 솔모루로 55, 1층 (뉴스토리솔모루빌딩)","햇살온누리약국","070-4227-1122","1830","0900","1830","0900","1830","0900","1830","0900","1830","0900","C2106802","111","78","23947","37.82735187798232","127.144596651191"
"서울특별시 영등포구 당산로 223 (당산동5가)","당산역 11,12번출구 바로앞","햇살온누리약국","02-2069-0823","2000","0900","2000","0900","2000","0900","2000","0900","2000","0900","1400","0900","C1107088","072","13","23948","37.5337352481764","126.901161001392"
"경기도 화성시 10용사로 349-7, 세렌메디 304호 (능동)","햇살조은약국","031-613-3037","1900","0900","1900","0900","1900","0900","1900","0900","1900","0900","1600","0900","C2103169","184","29","23949","37.199814927666004","127.05618722762381"
"전라남도 순천시 중앙로 166, (매곡동)","순천의료원 인근","행림당약국","061-753-8553","2200","0900","2200","0900","2200","0900","2200","0900","2200","0900","2200","0900","C2600724","579","39","23950","34.96041659963186","127.4847256615561"
"경상북도 상주시 경상대로 3023-1 (무양동)","정규 운영시간외에는 사전전화문의해주세요. (특별한 사유가 없는 한 365일 22:00까지 약국 운영함.)","상주시 보건소 후문옆에 있습니다.","행림약국","054-533-5578","2030","0900","2030","0900","2030","0900","2030","0900","2030","0900","1300","0900","C2701459","371","83","23951","36.4170500406","128.1508783903"
"대전광역시 서구 도산로 351, 가톨릭병원 1층 (용문동)","행복가득가톨릭약국","042-534-0222","1930","0900","1930","0900","1930","0900","1930","0900","1930","0900","1530","0900","C1600151","353","01","23952","36.33647420721415","127.39032965482787"
"경기도 용인시 기흥구 흥덕중앙로 59, 104호 (영덕동, 용인흥덕노블레스)","행복가득약국","031-216-8886","2030","0840","2030","0840","2030","0840","2030","0840","2030","0840","1800","0840","C2102028","169","53","23953","37.27638587514226","127.07356195224546"
"서울특별시 강북구 노해로 81 (수유동)","수유동 광산사거리","행복가득약국","02-992-1037","2000","0900","2000","0900","2000","0900","2000","0900","2000","0900","1700","0900","C1103926","010","43","23954","37.6428484471923","127.022035262914"
"서울특별시 서대문구 신촌로 73, 1층 (창천동, 거화빌딩)","평일 점심시간 13:20~14:00","행복가득약국","02-336-3667","1900","0900","1900","0900","1900","0900","1900","0900","1900","0900","1400","0900","C1107915","037","89","23955","37.5563071297207","126.934520427944"
"경기도 고양시 일산서구 중앙로 1426, 일송노블레스 4층 408호 (주엽동)","행복가득약국","031-921-1008","1800","1000","1800","1000","1800","1000","1800","1000","1800","1000","C2108437","103","86","23956","37.6702585946513","126.761931356609"
"경기도 고양시 덕양구 무원로 62, 1층 (행신동)","명절 당일(설날, 추석)만 쉬고 363일 항상 운영하는 약국입니다.","일반의약품, 건강기능식품, 한약 등 약에 대한 모든 것 친절하게 상담해드립니다.","무원마을10단지입구앞","행복가득한약국","031-972-6985","2200","0900","2200","0900","2200","0900","2200","0900","2200","0900","2200","0900","2100","1000","2100","1000","C2104277","105","24","23957","37.61849813304164","126.83254340019306"
"경기도 화성시 영통로61번길 6 (반월동)","제일프라자 1층 117호","행복나눔약국","031-273-8939","2000","0900","2000","0900","2000","0900","2000","0900","2000","0900","2000","0900","2000","1500","2000","1500","C2101331","183","77","23958","37.23548573432731","127.06114938554722"
"제주특별자치도 제주시 월랑로 59","행복나눔약국","064-747-7227","2000","0830","2000","0830","2000","0830","2000","0830","2000","0830","1300","0830","C2900140","631","00","23959","33.49021994286531","126.4741754670276"
"서울특별시 서초구 잠원로 24, 406호 (반포동, 반포자이플라자)","행복나눔약국","02-533-3107","1900","0900","1900","0900","1900","0900","1900","0900","1900","0900","1500","0900","C1107107","065","44","23960","37.5071156980651","127.009873208557"
"경기도 수원시 권선구 삼천병마로 1582, 1층 (오목천동)","행복나눔약국","031-294-0052","1900","0900","1900","0900","1900","0900","1900","0900","1900","0900","1300","0900","C2101104","166","35","23961","37.243827777777781","126.963283333333337"
"충청남도 홍성군 홍성읍 조양로 221-1","행복나눔약국","041-634-2728","1800","0830","1800","0830","1800","0830","1800","0830","1800","0830","C2401480","322","20","23962","36.600021348","126.6741378679"
"서울특별시 강동구 천호대로157길 54, 1층 (천호동)","365일 새벽 1시까지 하는 공공야간약국입니다.","강동구공공야간약국/365일새벽1시근무","행복나무약국","02-487-8880","2500","1100","2500","1100","2500","1100","2500","1100","2500","1100","2500","1000","2500","1000","2500","1100","C1108817","053","35","23963","37.5400093989839","127.127978643189"
"경기도 고양시 일산서구 고양대로 666, A동 105호 (일산동, e편한세상 일산 어반스카이)","행복나무약국","031-000-0000","1800","0900","1800","0900","1800","0900","1800","0900","1800","0900","1300","0900","C2110138","103","53","23964","37.6835547426274","126.769264328922"
"서울특별시 강서구 강서로 193, 101호 (화곡동)","행복나무약국","02-2065-8864","1830","0900","1830","0900","1830","0900","1830","0900","1830","0900","1500","0900","C1108430","077","07","23965","37.543351477505","126.838305757944"
"전북특별자치도 전주시 덕진구 건지2길 11","대학병원 제2주차장 끝에 위치.","행복드리는약국","063-271-2336","1730","0830","1730","0830","1730","0830","1730","0830","1730","0830","C2500605","549","07","23966","35.84429580609919","127.14116482571552"
"경기도 이천시 중리천로 76, 3층 (중리동, 라온팰리스)","행복드림약국","031-638-8324","1300","0900","1300","0900","1300","0900","1300","0900","1300","0900","1400","1000","C2106706","173","74","23967","37.27844870894432","127.44573749273039"
"경기도 고양시 덕양구 호국로 819","우리은행맞은편","행복드림약국","031-967-2700","2000","0900","2000","0900","2000","0900","2000","0900","2000","0900","1400","0900","C2103159","104","62","23968","37.65881081870462","126.83841835793282"
"부산광역시 동구 중앙대로 531, 1층 (범일동)","버스정류장 : 범곡교차로","행복드림약국","051-633-7071","1830","0900","1830","0900","1830","0900","1830","0900","1830","0900","1400","0900","C1202592","487","22","23969","35.1406348089761","129.056225569651"
"충청북도 청주시 흥덕구 송화로150번길 21 (송절동)","리더스호텔 뒷편","행복미소약국","043-260-3080","1900","0830","2030","0830","1900","0830","1900","0830","1900","0830","1400","0830","C2301097","282","92","23970","36.66457686461288","127.45124125400682"
"서울특별시 구로구 디지털로31길 62, 아티스포럼 110호 (구로동)","2025 추석연휴 영업안내 (모두 영업) 10월3일(금)_한글날, 4일(토) 10월6일(월)_추석, 7일(화), 8일(수)_대체공휴일, 9일(목)_한글날 모두 영업합니다~ 영업시간은 오전9시~오후9시 입니다!","여러분~ 행복하.새요~ 행복을 부르는 약국 ( Sing & Call ) 행복새약국입니다","행복새약국","02-855-9569","2130","0840","2130","0830","2130","0830","2130","0830","2130","0830","1930","0900","2100","0900","C1110378","083","76","23971","37.4863155666722","126.892484748869"
"경기도 수원시 팔달구 중부대로 17, 1층 (영동)","행복수원제일약국","031-256-8066","1800","0900","1800","0900","1800","0900","1800","0900","1800","0900","1300","0900","C2109345","162","62","23972","37.2755140140452","127.018854546802"
"강원특별자치도 속초시 동해대로 4163, 1층 (조양동)","* 공공심야약국(21시~24시까지 운영) * 휴게시간: 월~금: 19:00~21:00, 토: 13:00~21:00","마트 오픈시 운영","행복약국","033-637-2825","2400","0900","2400","0900","2400","0900","2400","0900","2400","0900","2400","0900","2400","2100","2400","2100","C2200995","248","74","23973","38.1900439032","128.5800528611002"
"세종특별자치시 나성북로 30, 퍼스트원 636, 637호 (나성동)","나성동","행복약국","044-868-2439","1800","0900","1800","0900","1800","0900","1800","0900","1800","0900","1300","0900","C1800355","301","28","23974","36.4890737483121","127.260245278663"
"강원특별자치도 원주시 시청로 70","행복약국","033-742-5875","2000","0800","2000","0800","2000","0800","2000","0800","2000","0800","2000","0800","2000","0800","2000","0800","C2200918","263","88","23975","37.33736736928606","127.9263862272546"
"인천광역시 남동구 서창남로 35 (서창동)","행복약국","032-467-7088","1900","0900","1900","0900","1900","0900","1900","0900","1900","0900","1400","0900","C1401735","216","17","23976","37.4228434459","126.7505999521"
"인천광역시 미추홀구 한나루로 589, 102호 (도화동)","행복약국","032-861-9991","1800","0830","1800","0830","1800","0830","1800","0830","1800","0830","1300","0830","1230","0900","C1401310","221","52","23977","37.4586516866","126.671778159"
"인천광역시 계양구 장제로 1004, 107호 (박촌동, 계양한양수자인)","행복약국","032-552-2050","1900","0900","1900","0900","1900","0900","1900","0900","1900","0900","1400","0900","C1401947","210","22","23978","37.5550942100711","126.746032361568"
"부산광역시 동구 중앙대로 365, 부산일보 1층 (수정동)","공휴일 전화 후 방문요망","1호선 부산진역 7번 출구","행복약국","051-465-8993","1930","0840","1930","0840","1930","0840","1930","0840","1930","0840","1500","0840","1300","0900","C1202210","487","89","23979","35.1285362642","129.0480078397"
"대구광역시 남구 월배로 474","구.달성군청 인근/관문시장 옆 도로","행복약국","053-421-3955","2000","0900","2000","0900","2000","0900","2000","0900","2000","0900","1800","0900","C1300931","424","82","23980","35.83518382915328","128.556276932824"
"대구광역시 동구 동대구로85길 27","행복약국","053-754-6261","1800","0900","1800","0900","1800","0900","1800","0900","1800","0900","1300","0900","C1300430","412","56","23981","35.872815813501724","128.6243859132639"
"대구광역시 중구 남산로 83-1","행복약국","053-422-2198","1830","0830","1830","0830","1830","0830","1830","0830","1830","0830","1300","0830","1300","0830","C1301421","419","75","23982","35.8640036205","128.582079744"
"부산광역시 부산진구 가야대로 460, (개금동)","개금지하철1번출구 미래산부인과 1층","행복약국","051-894-1400","2000","0900","2000","0900","2000","0900","2000","0900","2000","0900","1500","0900","1300","0900","1300","0900","C1201069","473","23","23983","35.152791672543316","129.02239605650723"
"충청남도 논산시 중앙로480번길 12, 글로벌알디빌딩 1층 101호 (반월동)","행복약국","041-735-5779","2030","0800","2000","0800","2030","0800","2000","0800","2000","0800","2000","0800","2000","0800","2000","0800","C2401491","329","68","23984","36.2060939122","127.0853922687"
"경상남도 밀양시 노상하4길 5 (내이동)","일요일과 공휴일은 휴무 1/1 휴무","행복약국","070-4388-0013","1800","0850","1800","0850","1800","0850","1800","0850","1800","0850","1230","0850","1600","0900","1600","0900","C2801075","504","27","23985","35.49626185878609","128.74870791452275"
"경상북도 의성군 의성읍 동서2길 18","행복약국","050-71429-9868","2000","0800","2000","0800","2000","0800","2000","0800","2000","0800","1730","0800","C2701778","373","38","23986","36.350435684067","128.695941471337"
"전북특별자치도 익산시 익산대로16길 15 (창인동1가)","제일은행사거리","행복약국","063-841-7481","1830","0900","1830","0900","1830","0900","1830","0900","1830","0900","1200","0900","C2500519","545","93","23987","35.9405989612","126.9491307111"
"경상남도 함양군 함양읍 용평1길 6","토요일은 2,4주 운영 * 주말은 인근 약국 운영에 따라 탄력적으로 운영 함)","행복약국","055-963-2299","1800","0800","1800","0800","1800","0800","1800","0800","1800","0800","1800","0900","1800","0900","C2802154","500","40","23988","35.5203349479158","127.728895078128"
"경상남도 양산시 덕계로 20","기업은행 맞은편","행복약국","055-363-1650","1900","0900","1900","0900","1900","0900","1900","0900","1900","0900","1300","0900","1300","0900","C2800318","505","54","23989","35.37015725790409","129.14843579047243"
"충청남도 천안시 서북구 직산읍 삼은3길 4","한사랑내과 밑 노다지금은방 근처","행복약국","041-584-0341","1900","0830","1900","0830","1900","0830","1900","0830","1900","0830","1400","0830","C2401245","331","816","23990","36.87729312479739","127.1508392196147"
"경상남도 거제시 거제대로 3768","행복약국","055-687-8581","1900","0900","1900","0900","1900","0900","1900","0900","1900","0900","1300","0900","C2800025","532","28","23991","34.89237512675421","128.6886260088748"
"전북특별자치도 전주시 완산구 용리로 42","완산소방서옆 롯데슈퍼옆","행복약국","063-221-7964","1900","0900","1900","0900","1900","0900","1900","0900","1900","0900","1600","0900","C2500751","550","86","23992","35.79847521543704","127.11452504101902"
"경상남도 남해군 남해읍 망운로10번길 20","남해초등학교후문","행복약국","055-863-3105","1800","0800","1800","0800","1800","0800","1800","0800","1800","0800","1300","0800","C2800904","524","15","23993","34.8399677322","127.8931236468"
"부산광역시 남구 석포로 34 상가동104호","점심 13-14","버스정류장: 감만동 국제아파트 상가동 104호","행복약국","051-644-5862","2000","0900","2000","0900","2000","0900","2000","0900","2000","0900","1500","0900","C1201437","485","41","23994","35.12263546714487","129.08561728636982"
"대전광역시 대덕구 덕암로148번안길 21","대전시신탄진한일병원응급실옆","행복약국","042-933-0004","1810","0900","1810","0900","1810","0900","1810","0900","1810","0900","1330","0900","C1600585","343","32","23995","36.43367360524267","127.42326667764885"
"제주특별자치도 제주시 중앙로 337, 104호 (이도이동, 다우빌딩)","행복약국","064-727-1300","1900","0830","1900","0830","1900","0830","1900","0830","1900","0830","1700","0830","C2900472","632","07","23996","33.4915222483","126.537291778"
"경상남도 창원시 의창구 서상로 70, 서상빌딩 (서상동)","행복약국","055-252-1959","1900","0900","1900","0900","1300","0900","1900","0900","1900","0900","1300","0900","C2802358","511","95","23997","35.2633899342889","128.61865482304"
"대전광역시 동구 대전로542번길 80-57, 어울림타워 102호 (천동)","행복약국","042-274-8481","1900","0900","1900","0900","1900","0900","1900","0900","1900","0900","1300","0900","C1601191","346","84","23998","36.316172231","127.4468284996"
"대전광역시 중구 산성로 55, 1층 (산성동)","토요일 운영시간 확실히 정해지지 않았음","행복약국","042-584-5738","1900","0900","1900","0900","1900","0900","1900","0900","1900","0900","1300","0900","C1601379","350","11","23999","36.3075120254439","127.394769063666"
"경상북도 포항시 남구 오천읍 세계길 30","행복약국","054-292-8074","1830","0900","1830","0900","1830","0900","1830","0900","1830","0900","1300","0900","C2700262","790","906","24000","35.964757303375244","129.41575729777782"
"경상남도 김해시 분성로 30, 104동 지하1층 106호 (외동)","행복약국","055-311-0790","2100","0900","2100","0900","2100","0900","2100","0900","2100","0900","1500","0900","C2802260","509","59","24001","35.2324276937525","128.850739822002"
"경상북도 성주군 성주읍 심산로 110,","성주군청앞","행복약국","054-933-6416","1730","0830","1730","0830","1730","0830","1730","0830","1730","0830","1230","0830","C2700566","400","24","24002","35.918664190707396","128.28379961870968"
"경상북도 경주시 안강읍 비화원로 101-1","둘째 주,넷째 주 수요일 13:00까지입니다.","행복약국","054-763-7760","1800","0830","1800","0830","1800","0830","1800","0830","1800","0830","1300","0830","C2700660","380","21","24003","35.991044566223664","129.22120480490597"
"대전광역시 유성구 테크노중앙로 47, 1층 112호 (관평동)","13:00~14:00 점심","행복약국","042-671-0097","2000","0900","2000","0900","2000","0900","2000","0900","2000","0900","1300","0900","C1601385","340","14","24004","36.4269396731633","127.391040787882"
"서울특별시 마포구 연희로 5, 지하1층 (동교동)","홍대입구역 인근","행복약국","02-324-5615","1630","0830","1630","0830","1630","0830","1630","0830","1630","0830","1500","0930","C1104193","039","85","24005","37.5592303251822","126.926268135168"
"서울특별시 양천구 남부순환로59길 3, 1층 102호 (신월동, 우영아파트)","신월3동주민센터 인근","행복약국","02-2606-0783","1900","0900","1900","0900","1900","0900","1900","0900","1900","0900","1900","0900","C1108816","079","20","24006","37.532135959813","126.831560813715"
"서울특별시 동작구 등용로 115, 101호 (대방동, 엘리시아빌딩)","대방동현대2차아파트입구","행복약국","02-822-9095","2100","0900","2000","0900","2000","0900","2100","0900","2000","0900","1600","0900","C1107566","069","42","24007","37.5114464461348","126.931753795645"
"서울특별시 영등포구 양평로 127 (양평동5가)","선유도역 7,8번 출구 바로앞","행복약국","02-2631-6967","1800","0900","1800","0900","1800","0900","1800","0900","1800","0900","1400","0900","C1107548","072","07","24008","37.5377817354409","126.893497671952"
"서울특별시 관악구 관악로30길 12, 301호 (봉천동, 봉천우성아파트)","행복약국","050-71473-0376","1830","0900","1830","0900","1830","0900","1830","0900","1830","0900","1300","0900","C1110025","087","35","24009","37.4841357625535","126.960607343765"
"서울특별시 강동구 천호대로 1113 (길동)","행복약국","02-478-2111","1930","0830","2100","0830","2000","0830","1930","0830","1930","0830","1930","0830","1100","0900","C1109836","053","55","24010","37.535270160408","127.135394068183"
"서울특별시 송파구 양산로 42 (거여동)","운영시간이 유동적이므로 전화 확인 후 이용부탁드립니다.","거여역 6번 출구 바로앞","행복약국","02-403-4888","2030","0900","2030","0900","2030","0900","2030","0900","2030","0900","1800","0900","C1104592","057","73","24011","37.4926338265085","127.14448399601"
"경기도 성남시 수정구 수정로 181, 성남빌딩 1층 일부호 (태평동)","행복약국","031-722-4330","1800","0900","1800","0900","1800","0900","1800","0900","1800","0900","1300","0900","C2110222","132","90","24012","37.4435958811998","127.14000190695"
"경기도 의정부시 신곡로 47","신곡1동 주민센터 대각선 맞은편 우신프라자 1층","행복약국","031-873-1324","2100","0900","2100","0900","2100","0900","2100","0900","2100","0900","1800","0900","1800","0900","C2102624","117","29","24013","37.73077211520561","127.05632612313231"
"경기도 평택시 중앙로 268 (합정동)","행복약국","031-618-8933","1900","0830","1900","0830","1900","0830","1900","0830","1900","0830","1400","0830","C2100002","179","02","24014","36.9898743823336","127.11255654097526"
"경기도 고양시 일산서구 일산로 538, 103호 (일산동, 일신2조합)","행복약국","031-915-7717","1900","0900","1900","0900","1900","0900","1900","0900","1900","0900","1300","0900","C2103787","103","74","24015","37.67773201215082","126.76844205625562"
"경기도 이천시 장호원읍 샘재로145번길 30","연세병원앞","행복약국","031-642-5329","2200","0800","2200","0800","2200","0800","2200","0800","2200","0800","2200","0800","2200","1100","C2103424","174","18","24016","37.11904570412562","127.6293753447299"
"경기도 남양주시 미금로 235, 다산법조메디컬타워 106호 (다산동)","행복약국","031-568-2227","1800","1000","1800","1000","1800","1000","1800","1000","1800","1000","C2108385","122","49","24017","37.6114070586857","127.164405065947"
"울산광역시 동구 방어진순환도로 577 (화정동)","마디정형외과1층","행복약국","052-209-1005","1900","0900","1900","0900","1900","0900","1900","0900","1900","0900","1300","0900","C1700190","440","77","24018","35.49349986145375","129.42648342485631"
"경기도 광주시 오포읍 신현로 76","행복약국","031-719-9117","2000","0900","2000","0900","2000","0900","2000","0900","2000","0900","C2107035","127","71","24019","37.36010621598042","127.15512329728703"
"경기도 용인시 수지구 신봉1로 175, 102호 (신봉동, 진성프라자)","행복약국","031-266-6567","1930","0900","1930","0900","1930","0900","1930","0900","1930","0900","1500","0900","C2106573","168","11","24020","37.3283604696791","127.06789769755633"
"서울특별시 노원구 동일로 985 (공릉동) 1층","태릉입구역 2번출구 바로앞","행복약국","02-930-0300","1830","0830","1830","0830","1830","0830","1830","0830","1830","0830","1335","0830","C1107131","018","61","24021","37.6180588829415","127.075202938835"
"서울특별시 서초구 사임당로 151","무지개 쇼핑센터","행복약국","02-521-2829","1930","0910","1930","0910","1930","0910","1930","0910","1930","0910","1330","0910","C1100538","066","24","24022","37.4920676848724","127.025692827371"
"부산광역시 동래구 중앙대로1493번길 6, 1층 102호 (온천동)","1호선 온천장역 1번출구","행복약국","051-715-5538","1830","0900","1730","0900","1730","0900","1730","0900","1730","0900","1300","0900","C1202463","477","10","24023","35.21905855539999","129.0846031829015"
"부산광역시 해운대구 해운대로38번길 70, 1층 104호 (재송동)","동해선 재송역 1번출구","행복약국","051-784-7117","1900","0900","1900","0900","1900","0900","1900","0900","1900","0900","1400","0900","C1202703","480","47","24024","35.1910570160555","129.11759121949"
"부산광역시 부산진구 범일로 190","범내골 4번 출구/ 범내골 로타리 강남병원 옆","행복약국","051-636-3835","1900","0900","1900","0900","1900","0900","1900","0900","1900","0900","1500","0900","C1200058","473","57","24025","35.1469663693545","129.0599625974422"
"부산광역시 부산진구 새싹로 240-1, 1층 (초읍동)","행복약국","051-805-2032","1730","0900","1730","0900","1730","0900","1730","0900","1730","0900","1500","0900","C1202647","471","27","24026","35.1774936083705","129.048533950898"
"서울특별시 종로구 자하문로 1, 1층 1호 (내자동)","휴게시간 15:00-15:20(수요일 제외)","행복약국","070-7576-3340","2130","0900","2130","0900","2130","0800","2130","0900","2130","0900","2130","1000","C1110068","030","41","24027","37.5763198182948","126.972281883776"
"충청북도 청주시 상당구 중고개로 334 (금천동)","행복약국","043-286-0068","1900","0900","1900","0900","1900","0900","1900","0900","1900","0900","1300","0900","1300","0900","C2300363","287","44","24028","36.630670194646","127.50405876850391"
"부산광역시 연제구 월드컵대로 128, 행복한메디컬센타 1층 (연산동)","1호선 연산역 6, 8번 출구","행복약국","051-862-1185","1900","0900","1900","0900","1900","0900","1900","0900","1900","0900","1500","0900","C1200948","475","76","24029","35.185685997218044","129.08238734986514"
"경기도 김포시 김포한강8로 386, 김포센트럴프라자2 1층 110호 (구래동)","행복약국","031-997-2847","2000","0900","2000","0900","2000","0900","2000","0900","2000","0900","C2107451","100","71","24030","37.6434865862","126.6261834469"
"충청북도 충주시 중앙로 101-10, 1층 (성내동)","행복약국","043-843-6998","1800","0900","1800","0900","1800","0900","1800","0900","1800","0900","1300","0900","C2300554","273","89","24031","36.97290408885348","127.93481582645691"
"부산광역시 강서구 과학산단2로20번길 20, 행복메디컬빌딩 1층 103호 (지사동)","행복약국","051-941-9936","1930","0900","1930","0900","1930","0900","1930","0900","1930","0900","1600","0900","C1202842","467","43","24032","35.1504937260466","128.832700686257"
"경기도 화성시 효행로763번길 17 (안녕동, 화성삼성정형외과의원)","행복약국","031-222-2697","1900","0900","1900","0900","1900","0900","1900","0900","1900","0900","1400","0900","C2107147","183","62","24033","37.2047129736","127.0137204691"
"충청남도 보령시 주공로 22 (동대동)","행복약국","070-8861-7512","1830","0830","1830","0830","1230","0830","1830","0830","1830","0830","1230","0830","C2401479","334","69","24034","36.34428717","126.6026885065"
"충청북도 제천시 의병대로 225 (신백동)","행복약국","043-644-5646","2100","0830","2100","0830","2100","0830","2100","0830","2100","0830","1900","0830","C2300968","271","78","24035","37.132764825266655","128.22538605409798"
"경기도 오산시 대원로 10, (원동)","행복약국","031-376-2789","1900","0900","1900","0900","1900","0900","1900","0900","1900","0900","1500","0900","C2103333","181","41","24036","37.146230555555555","127.069419444444449"
"인천광역시 부평구 부흥로 264 (부평동, 동아웰빙타운302-2호)","행복약국","032-503-8477","1930","0830","1930","0830","1930","0830","1930","0830","1930","0830","C1401622","213","88","24037","37.4983288489","126.7210505975"
"서울특별시 은평구 은평로 52-3, 1층 (신사동, 홍인근생주택)","응암역 1번출구","행복약국","02-303-6637","1900","0900","1900","0900","1900","0900","1900","0900","1900","0900","1400","0900","C1107822","034","49","24038","37.5983190122198","126.913850263312"
"경상북도 포항시 북구 흥해읍 한동로 29","행복약국","054-262-9551","1800","0800","1800","0800","1800","0800","1800","0800","1800","0800","1300","0800","C2701339","375","38","24039","36.111055137183214","129.34494293232655"
"경상북도 문경시 문경읍 문희로 16, 103호 (행복약국)","행복약국","054-571-6571","1730","0800","1730","0800","1730","0800","1730","0800","1730","0800","1300","0800","C2701303","369","17","24040","36.733738935112875","128.10859637637182"
"경상북도 구미시 신시로 52 (형곡동)","형곡동구미현대병원옆","행복약국","054-451-0379","1800","0900","1800","0900","1800","0900","1800","0900","1800","0900","1300","0900","C2700249","392","95","24041","36.112514796875566","128.3395790486892"
"인천광역시 서구 솔빛로 24, 101, 102호 (청라동)","행복온누리약국","032-567-0523","2100","0900","2100","0900","2100","0900","2100","0900","2100","0900","2000","0900","1300","0900","1300","0900","C1401727","227","66","24042","37.5237024734","126.6240669351"
"대구광역시 동구 아양로 243-1, 1층 (신암동, 제생빌딩)","행복온누리약국","053-954-5279","1900","0900","1900","0900","1900","0900","1900","0900","1900","0900","1500","0900","C1301456","411","86","24043","35.8873094416","128.6394184574"
"부산광역시 북구 학사로 8, 크리스탈타워 1층 102호 (화명동)","2호선 수정역 3번출구","행복온누리약국","051-365-4577","1900","0900","1900","0900","1900","0900","1900","0900","1900","0900","1300","0900","C1202637","465","41","24044","35.2240810071698","129.008755219018"
"강원특별자치도 강릉시 연곡면 영진3길 8-9","행복온누리약국","033-661-1320","2000","0900","2000","0900","2000","0900","2000","0900","2000","0900","2000","0900","C2201167","254","30","24045","37.8700944583846","128.839244529614"
"제주특별자치도 서귀포시 신서로48번길 31, 명성 클리닉 빌딩 (강정동)","행복온누리약국","064-738-4831","1900","0800","1900","0800","1900","0800","1900","0800","1900","0800","1300","0800","C2900594","635","66","24046","33.2535774663368","126.508636272298"
"대전광역시 중구 선화로 20","행복온누리약국","042-223-9141","1800","0900","1800","0900","1800","0900","1800","0900","1800","0900","1230","0900","C1600317","348","68","24047","36.32560594942052","127.41164104284101"
"전라남도 여수시 쌍봉로 36 (학동)","신동아파밀리에아파트후문,이태승내과1층","행복온누리약국","061-685-0559","1900","0900","1900","0900","1900","0900","1900","0900","1900","0900","1400","0900","C2600349","596","73","24048","34.76630862268855","127.65987487853903"
"경기도 의정부시 가능로 50, (가능동)","행복온누리약국","031-872-6043","2000","0830","2000","0830","2000","0830","2000","0830","2000","0830","1600","0900","1300","0900","1300","0900","C2102639","116","62","24049","37.746562765469484","127.03667831425733"
"부산광역시 해운대구 반여로41번길 54, 꿈의메디컬 104호 (반여동)","행복온누리약국","051-521-1661","1830","0900","1830","0900","1830","0900","1830","0900","1830","0900","1300","0900","C1202707","480","39","24050","35.1975229288451","129.11897075744"
"서울특별시 성북구 고려대로 88, 1층 (안암동5가)","행복온누리약국","02-928-8276","1900","0830","1900","0830","1900","0830","1900","0830","1900","0830","1300","0900","1300","0900","C1110165","028","55","24051","37.5861368230603","127.029018009469"
"경기도 수원시 권선구 동수원로177번길 40 2층 (권선동, 수원아이파크시티8단지)","추석명절(2018.9.23) 일요일만 휴진","행복온누리약국","031-232-8646","1930","0900","1930","0900","1930","0900","1930","0900","1930","0900","C2107710","166","63","24052","37.2466843523","127.0301431551"
"서울특별시 강남구 개포로 231 (개포동) 1층일부","포이사거리 인근","행복온누리약국","02-574-8376","2100","0900","2100","0900","2100","0900","2100","0900","2100","0900","1600","0900","C1104748","063","06","24053","37.4790084728115","127.047948113823"
"경기도 고양시 일산동구 위시티로 81","식사동신한은행건물1층","행복온누리약국","031-978-7496","2100","0900","2100","0900","2100","0900","2100","0900","2100","0900","1900","0900","C2103197","103","25","24054","37.67919009615992","126.81146662589966"
"서울특별시 서초구 서래로5길 3 (반포동)","서래마을","행복을여는서래약국","02-537-6979","1900","0900","1900","0900","1900","0900","1900","0900","1900","0900","1900","0900","1800","1000","C1100454","137","806","24055","37.4977152719584","126.998119942326"
"광주광역시 북구 서하로 202, 1층(오치동)","북부경찰서와오치사거리사이(파리바게뜨건너편)","행복을여는약국","062-265-5007","2200","0830","2200","0830","2200","0830","2200","0830","2200","0830","2200","0830","2200","0830","2200","0830","C1500181","611","20","24056","35.187033840053395","126.90250987192516"
"강원특별자치도 홍천군 홍천읍 홍천로 328 (홍천읍)","운영시간 유동적 임","도미노피자 맞은편","행복을주는약국","033-435-3223","2000","0830","2000","0830","2000","0830","2000","0830","2000","0830","1900","0830","1800","0900","1800","0900","C2200084","251","39","24057","37.6883066168683","127.88182599626336"
"서울특별시 용산구 새창로 70, 212호 (도원동, 도원동삼성래미안)","휴게시간 13:00-13:50","도원삼성래미안아파트","행복을주는약국","02-3275-3723","1900","0900","1900","0900","1900","0900","1900","0900","1900","0900","1600","0900","C1107600","043","54","24058","37.5386030532321","126.954943490673"
"서울특별시 노원구 동일로 1036 (공릉동) 1층","공릉역과 태릉입구역 사이","행복을주는약국","02-977-4203","1900","0900","1900","0900","1900","0900","1900","0900","1900","0900","1600","0900","C1107136","018","45","24059","37.6226068845517","127.074354898622"
"서울특별시 강북구 도봉로 245, 1층 (미아동)","미아역 8번출구","행복이 가득한 수약국","02-984-6388","2000","0900","2000","0900","2000","0900","2000","0900","2000","0900","1430","0900","1300","0900","C1100555","011","18","24060","37.6303012518373","127.024256283393"
"경기도 고양시 일산서구 중앙로 1470","행복이가득한서울약국","031-915-5557","1800","0900","1800","0900","1800","0900","1300","0900","1800","0900","1300","0900","C2102498","103","79","24061","37.67244774710114","126.75697169970815"
"대구광역시 수성구 국채보상로 1032, 일해빌딩 1층 (만촌동)","(구)태백공사네거리농협건물","행복이가득한약국","053-742-8486","1800","0900","1800","0900","1800","0900","1800","0900","1800","0900","1300","0900","C1300140","420","49","24062","35.866104394438615","128.64327255931218"
"서울특별시 관악구 남부순환로 1443 (신림동)","공휴일은 전화확인하세요","난곡사거리에서 시흥IC 방향","행복이가득한약국","02-865-4703","2100","0900","2100","0900","2100","0900","2100","0900","2100","0900","2000","0900","1700","1030","1700","1030","C1103298","087","67","24063","37.4814233477412","126.911112887271"
"서울특별시 은평구 가좌로 271 (신사동)","새절역 4번출구에서 신사초등학교 방향","행복이꽃피는약국","02-308-7475","2100","0900","2000","0900","2000","0900","2000","0900","2000","0900","1600","0900","C1100036","034","42","24064","37.5928477862044","126.913416898807"
"서울특별시 동작구 상도로 301 (상도1동)","상도시장(시내방향)정류장 장대영정형외과 바로옆 / 7호선 상도역 5번출구에서 숭실대방향 150미터","행복이열리는건강약국","02-823-0700","2030","0900","2030","0900","2030","0900","2030","0900","2030","0900","1600","0900","C1103643","069","70","24065","37.500997865553","126.949958196071"
"서울특별시 성동구 성수이로 113 (성수동2가)","제강빌딩102호","행복이열리는건강약국","02-462-3685","2100","0800","2100","0800","2100","0800","2100","0800","2100","0800","1500","0900","C1103770","047","94","24066","37.5451422412538","127.057127702049"
"경기도 화성시 효행로 1073, 503호 (진안동, 거성프라자)","행복이열리는둘리약국","031-898-7060","2100","0900","2100","0900","2100","0900","2100","0900","2100","0900","1600","0900","1600","0900","1600","0900","C2101615","183","98","24067","37.2154071399289","127.0439547928294"
"서울특별시 성동구 독서당로 299-2, 1층 (금호동3가)","금호역 1번출구에서 금남시장방향","행복이열리는약국","02-2253-6060","2100","0900","2100","0900","2100","0900","2100","0900","2100","0900","2100","0900","C1100556","047","30","24068","37.5483589593448","127.022451128356"
"충청남도 아산시 서부북로 973, 115호 (배미동, 서진아파트상가)","서진아파트 상가1층","행복이열리는약국","041-548-4163","2000","0900","2000","0900","2000","0900","2000","0900","2000","0900","1500","0900","C2400307","315","30","24069","36.789341742941474","126.9669427614806"
"경기도 성남시 수정구 수정로 89, 1층 (태평동)","설날/추석 당일 빼고 모두 운영","곽여성병원근처","행복이열리는약국","031-757-5701","2200","0900","2200","0900","2200","0900","2200","0900","2200","0900","2200","0900","C2101310","133","10","24070","37.440672222222226","127.130158333333327"
"전북특별자치도 전주시 덕진구 백제대로 630-1 (금암동)","이노병원 옆","행복이열린약국","063-276-8576","1800","0900","1800","0900","1800","0900","1800","0900","1800","0900","1300","0900","C2500655","549","30","24071","35.84204778560694","127.1383425170965"
"전라남도 순천시 중앙로 67, (저전동)","남교오거리 제일신협 옆, 수이비인후과 1층","행복주는약국","061-746-8282","1800","0900","1800","0900","1800","0900","1800","0900","1800","0900","1300","0900","1200","0900","C2600154","579","57","24072","34.95163041759298","127.48347517077201"
"전북특별자치도 완주군 봉동읍 둔산3로 79,","둔산공원주차장맞은편","행복플러스약국","063-261-0832","1900","0800","1900","0800","1230","0800","1900","0800","1900","0800","1230","0800","C2500339","553","16","24073","35.96208083400531","127.12657132965006"
"경상남도 거제시 장평로 12 (장평동)","2.4주 일요일 마트와 동시휴무.","2, 4주 일요일 휴무","홈플러스 지하1층","행복플러스약국","055-680-0988","2200","1000","2200","1000","2200","1000","2200","1000","2200","1000","2200","1000","2200","1000","2130","1000","C2800552","532","67","24074","34.89102496820673","128.61658567874122"
"경기도 용인시 수지구 현암로 131, C.H리베로II 301호 (죽전동)","일요일, 공휴일 전화 확인 후 방문","죽전1동새터마을리베로23층301호","행복플러스약국","031-896-3959","1300","0900","1300","0900","1300","0900","1300","0900","1300","0900","1400","0900","1300","0900","1300","0900","C2101465","168","76","24075","37.33195277186459","127.12354730401302"
"대구광역시 동구 송라로11길 39 (신천동, 신천휴먼시아6단지아파트 상가103호)","둘째 넷째 수요일은 오후1시까지","행복한 미래약국","053-425-1237","1800","0900","1800","0900","1800","0900","1800","0900","1800","0900","1300","0900","C1301147","412","65","24076","35.8714483791","128.6166295422"
"서울특별시 서대문구 수색로 100, 4단지 상가1동 1-13호 (북가좌동, DMC래미안e편한세상)","점심시간 13:00~14:00","DMC래미안e편한세상 4단지상가","행복한 참약국","02-302-2764","1830","0900","1830","0900","1300","0900","1830","0900","1830","0900","1300","0900","C1100144","037","09","24077","37.5747334832097","126.907916083955"
"광주광역시 남구 효우2로26번길 10, 태광주차타워 111호 (행암동)","행복한 한약국","062-654-8894","1700","0830","1700","0830","1700","0830","1700","0830","1700","0830","C1501143","617","65","24078","35.1370747047","126.8954964839"
"경기도 의정부시 충의로 62","행복한2층약국","031-851-0813","1900","0900","1900","0900","1900","0900","1900","0900","1900","0900","1400","0900","C2102626","117","88","24079","37.73757206214334","127.08739803042225"
"서울특별시 구로구 구로중앙로 217, 이안과빌딩 1층 (구로동)","행복한리약국","070-4647-3187","1900","0830","1900","0830","1900","0830","1900","0830","1900","0830","1700","0830","C1109893","082","16","24080","37.504982957633","126.876608559959"
"서울특별시 양천구 남부순환로 356, 1층 (신월동)","신월사거리","행복한문약국","02-2606-2289","1930","0900","1930","0900","1930","0900","1930","0900","1930","0900","1430","0900","C1100038","079","10","24081","37.5352437556767","126.828353356767"
"서울특별시 강남구 언주로 707, 2층 일부호 (논현동)","공휴일은 전화확인하세요","관세청 사거리","행복한미래약국","02-515-3800","1830","0730","1830","0730","1830","0730","1830","0730","1830","0730","1700","0730","1230","0730","1200","0730","C1100654","060","53","24082","37.5162231391472","127.035010848828"
"경기도 고양시 덕양구 지도로 94, 1층 (토당동)","행복한미소약국","031-979-1011","1800","0900","1800","0900","1800","0900","1800","0900","1800","0900","1300","0900","C2109311","105","11","24083","37.6256286284805","126.824179021575"
"경기도 광주시 곤지암읍 평촌길 38-14","행복한세상우리들약국","031-762-0996","1900","0900","1900","0900","1900","0900","1900","0900","1900","0900","1300","0900","C2101949","128","00","24084","37.35653420453833","127.32541736602954"
"서울특별시 영등포구 영중로2길 1 1층 (영등포동3가)","영등포역 5번출구 바로앞","행복한수약국","02-2672-2340","1900","0900","1900","0900","1900","0900","1900","0900","1900","0900","1600","0900","1330","0930","C1108265","073","04","24085","37.516884708459806","126.906811269539"
"서울특별시 강남구 강남대로 446","신논현역 6번출구에서 강남역 방향","행복한수약국","02-558-7430","2130","0930","2130","0930","2130","0930","2130","0930","2130","0930","1830","0930","C1103028","061","23","24086","37.502390010064","127.025949353586"
"경상남도 김해시 가락로 88","국민은행 앞","행복한약국","055-336-2364","1900","0900","1900","0900","1900","0900","1900","0900","1900","0900","1600","0900","C2800568","509","15","24087","35.23427862231775","128.8815852592473"
"충청남도 청양군 청양읍 칠갑산로 220 (청양농협회관)","백미식당 앞","행복한약국","041-942-7077","1800","0800","1800","0800","1800","0800","1800","0800","1800","0800","1300","0800","C2401212","333","31","24088","36.4510152234","126.8007039864"
"광주광역시 남구 백양로 11, 1층 (백운동)","백운동 모아산부인과 옆","행복한약국","062-675-1127","1900","0900","1900","0900","1900","0900","1900","0900","1900","0900","1300","0900","C1500315","616","60","24089","35.1337902094394","126.90320208666722"
"경상북도 포항시 남구 포스코대로 140 (대잠동)","행복한약국","054-278-5212","1900","0900","1900","0900","1900","0900","1900","0900","1900","0900","1600","0900","C2700845","376","79","24090","36.02556513354881","129.34130266688567"
"광주광역시 북구 하서로 433, 1층 (용두동)","행복한약국","062-574-9677","1800","0900","1800","0900","1800","0900","1800","0900","1800","0900","1300","0900","C1500400","610","19","24091","35.213625000000000","126.874958333333339"
"울산광역시 중구 번영로 484, 1층 102호 (반구동)","홈플러스앞 사거리 하나은행 앞","행복한약국","070-8864-6263","1930","0830","1930","0830","1930","0830","1930","0830","1930","0830","1630","0830","1300","0900","1330","0900","C1700215","445","09","24092","35.564108333333330","129.336472222222227"
"광주광역시 광산구 첨단중앙로 102, 205호 (월계동, 컨벤션빌딩)","일요일,공휴일 휴진","엘씨타워 옆","행복한약국","062-973-4275","1800","0900","1800","0900","1800","0900","1800","0900","1800","0900","1300","0900","C1500129","622","76","24093","35.214294799998456","126.8433568934588"
"경기도 파주시 중앙로 213 (금촌동)","행복한약국","031-942-4155","1900","0815","1900","0815","1900","0815","1900","0815","1900","0815","1730","0900","1700","0930","1730","1000","C2106402","109","23","24094","37.75554085742411","126.78024875368045"
"대전광역시 유성구 유성대로 770, (장대동)","마감 30분전 반드시 전화 바랍니다.","행복한약국","042-825-7588","1900","0900","1900","0900","1900","0900","1900","0900","1900","0900","1300","0900","C1600260","341","71","24095","36.36076077671306","127.33619088402199"
"전라남도 여수시 덕양로 164, (화장동)","늘푸른가정의학의원입구","행복한약국","061-685-7585","1930","0800","1930","0800","1930","0800","1930","0800","1930","0800","1500","0830","C2600298","596","37","24096","34.773542142825","127.6380111399788"
"인천광역시 부평구 길주로 623, 328호 (삼산동, 대덕리치아노)","매월 2,4째 수요일 마트 휴무로 운영안함","롯데마트3 층","행복한약국","070-4156-1122","2000","0930","2000","0930","2000","0930","2000","0930","2000","0930","1630","0930","C1400724","213","44","24097","37.50788487213967","126.73204837272174"
"경기도 군포시 산본로323번길 16-15, 406호 (산본동, 광림빌딩)","행복한약국","031-393-7154","1900","0900","1900","0900","1900","0900","1900","0900","1900","0900","1600","0900","C2102098","158","65","24098","37.359406044571635","126.931586730476"
"서울특별시 강남구 테헤란로 222, 도원빌딩 지하1층 일부 (역삼동)","매주 목요일, 일요일 정기휴무","역삼역 1번 출구에서 선릉역 방향","행복한약국","02-3453-6795","1830","0940","2000","0940","1830","0940","2000","0940","2000","0940","1500","0940","C1101230","062","21","24099","37.5016580838661","127.040765750902"
"광주광역시 동구 남문로 671 (학동)","일요일,공휴일 휴진","해피뷰삼성병원 1층","행복한약국","062-710-9988","1800","0900","1800","0900","1800","0900","1800","0900","1800","0900","1300","0900","C1500495","614","64","24100","35.13226997037489","126.92835057024101"
"광주광역시 남구 천변좌로 566 (방림동)","행복한약국","062-682-1175","1900","0830","1900","0830","1900","0830","1900","0830","1900","0830","1500","0830","C1500866","616","79","24101","35.13124746436534","126.92332857987307"
"인천광역시 미추홀구 미추홀대로722번길 6, 1층 (주안동)","인천사랑병원 정문 앞. 지상 1층","행복한약국","032-421-3868","1730","0900","1730","0900","1730","0900","1730","0900","1730","0900","1300","0900","C1400448","221","35","24102","37.46171419604483","126.68065358747773"
"전라남도 목포시 백년대로 325","점심시간 : 13:00 ~ 14:00 접수마감시간 : 따로 정해지지 않았음.","행복한약국","061-285-0259","2000","0830","2000","0830","2000","0830","2000","0830","2000","0830","1800","0830","C2601054","586","64","24103","34.80534942073233","126.42286906075658"
"경상북도 예천군 예천읍 효자로 93","행복한약국","054-654-3602","2000","0900","2000","0900","2000","0900","2000","0900","2000","0900","2000","0900","2000","0900","C2701553","368","22","24104","36.6570967628747","128.45397910189342"
"경상북도 구미시 인동36길 6 (진평동)","행복한약국","054-474-8833","1900","0900","1900","0900","1900","0900","1900","0900","1900","0900","1500","0900","1300","0900","C2700730","394","11","24105","36.09409658239689","128.43244815667921"
"강원특별자치도 강릉시 구정면 범일로 439","구정면 구정열린약국 옆","행복한약국","033-644-0073","2300","0800","2300","0800","2300","0800","2300","0800","2300","0800","2300","0800","2300","0800","2300","0800","C2200534","256","22","24106","37.72707903388593","128.87906685670197"
"전라남도 나주시 노안면 금산로 23-1,","하나의원 근처","행복한약국","061-336-3364","1800","0820","1800","0820","1800","0820","1800","0820","1800","0820","1300","0820","C2600175","582","09","24107","35.0764718059035","126.730426342898"
"강원특별자치도 춘천시 동내면 춘천순환로 64, 102호 (동내면)","행복한약국","033-253-6410","1900","0830","1900","0830","1900","0830","1900","0830","1900","0830","1330","0830","C2200505","244","04","24108","37.863942370061764","127.73732930696829"
"인천광역시 서구 승학로 497, 검암프라자 109호 (검암동)","검암1지구서해아파트정문정우정형외과옆","행복한약국","070-7792-5502","2000","0900","2000","0900","2000","0900","2000","0900","2000","0900","1600","0900","C1400759","226","95","24109","37.56556273838761","126.67495733020309"
"인천광역시 서구 가정로 213, (석남동)","거북시장사거리에 있는 기업은행 옆건물 1층","행복한약국","032-576-5100","1930","0900","1500","1000","1500","1000","1930","0900","1930","0900","1500","0900","C1400644","227","92","24110","37.503787862282536","126.67189735213603"
"대구광역시 수성구 청수로 235, 2층 205-1호 (황금동, 캐슬골드파크 2단지)","행복한약국","053-765-5500","1800","0900","1800","0900","1800","0900","1800","0900","1800","0900","1400","0900","C1301501","421","13","24111","35.8414474511","128.6334272425"
"부산광역시 부산진구 신천대로 241, 1층 (부암동, 롯데마트)","일요일 운영 마트 휴무일과 동일/명절당일만 운영안함","버스정류장: 부암동 진양사거리/롯데키즈마트1층","행복한약국","051-807-5775","2200","1000","2200","1000","2200","1000","2200","1000","2200","1000","2200","1000","2200","1000","2200","1000","C1201193","471","87","24112","35.1633063828","129.0493140083"
"대구광역시 달성군 현풍읍 비슬로130길 97","현풍농협 옆","행복한약국","053-616-3737","1800","0830","1800","0830","1800","0830","1800","0830","1800","0830","1300","0830","C1300617","430","03","24113","35.69524918329999","128.4444828381001"
"인천광역시 남동구 경인로 770 (간석동)","부평삼거리역1번출구전방50M","행복한약국","032-515-8276","2000","1000","2000","1000","2000","1000","2000","1000","2000","1000","1400","0900","C1400746","215","13","24114","37.4781862767","126.7106835999"
"대구광역시 남구 중앙대로31길 203 (대명동)","행복한약국","053-624-7113","1800","0900","1800","0900","1800","0900","1800","0900","1800","0900","1300","0900","1230","0900","C1300745","424","13","24115","35.85238595985198","128.58298345673865"
"대구광역시 달서구 와룡로41길 11, 1층 (죽전동)","행복한약국","053-568-2326","1800","0900","1800","0900","1800","0900","1800","0900","1800","0900","1600","0900","C1301088","426","33","24116","35.85118352533953","128.53645727371264"
"부산광역시 해운대구 해운대로 313, 1층 (우동)","4호선 동해역 4번출구","행복한약국","051-746-3373","1900","0900","1900","0900","1900","0900","1900","0900","1900","0900","1400","0900","C1202542","480","61","24117","35.173023731031826","129.1326430609866"
"대구광역시 동구 동호로 75","각산역1번출구5M동호골들프라자3층","행복한약국","053-961-6636","1900","0900","1900","0900","1900","0900","1900","0900","1900","0900","1300","0900","1300","0900","C1301068","410","87","24118","35.86633414761943","128.72509030948032"
"대구광역시 북구 침산남로 155","11111111","행복한약국","053-352-4439","1900","0900","1900","0900","1900","0900","1900","0900","1900","0900","1400","0830","C1300423","415","61","24119","35.888146597220995","128.5928192601467"
"부산광역시 해운대구 구남로29번길 26, (중동)","병,의원 처방조제 / 일반의약품 상담 및 판매 / 동물의약품 취급","세이브존 맞은편 2호선 해운대역 3번 출구","행복한약국","051-731-0677","1830","0900","1830","0900","1830","0900","1830","0900","2100","0900","1400","0900","C1200547","480","95","24120","35.16229166666667","129.16191944444634"
"서울특별시 서초구 서초중앙로 49, 동양라디안루키 제1층 제102호 (서초동)","행복한약국","02-588-1185","1900","0900","1900","0900","1900","0900","1900","0900","1900","0900","1600","0900","C1109575","066","54","24121","37.4861258292985","127.015149284172"
"서울특별시 노원구 공릉로 187 (공릉동)","원자력병원 인근","행복한약국","02-979-5059","1900","0900","1900","0900","1900","0900","1900","0900","1900","0900","1400","0900","C1103031","018","34","24122","37.6264729309465","127.078659800067"
"부산광역시 사하구 장평로 291, 1층 (신평동)","버스정류장: 신평시장","행복한약국","051-204-1255","2000","0930","2000","0930","2000","0930","2000","0930","2000","0930","1300","0930","C1202506","494","18","24123","35.09228675908037","128.9728633721993"
"부산광역시 수영구 수영로 611","2호선 광안역 2번출구","행복한약국","051-753-1888","1900","0900","1900","0900","1900","0900","1900","0900","1900","0900","1330","0900","C1201418","482","54","24124","35.16029719272656","129.11344992414703"
"충청북도 음성군 음성읍 중앙로 119, 1층 (대성빌딩)","행복한약국","043-872-1731","1830","0830","1830","0830","1830","0830","1830","0830","1830","0830","1300","0830","C2301303","276","95","24125","36.934839561873","127.688883706646"
"경상남도 진주시 진양호로 72, 1층 (평거동)","행복한약국","055-747-0908","1930","0830","1930","0830","1930","0830","1930","0830","1930","0830","1930","0830","C2801804","526","50","24126","35.166834248688865","128.0476046140649"
"경상남도 창원시 마산합포구 오동동1길 11","농협 중앙회 부근","행복한약국","055-247-7582","1830","0830","1830","0830","1830","0830","1830","0830","1830","0830","1300","0830","C2800716","517","28","24127","35.205951824244536","128.57899521245304"
"충청남도 예산군 예산읍 금오대로 100","예산종합병원 앞","행복한약국","041-335-7555","1830","0830","1830","0830","1830","0830","1830","0830","1830","0830","1330","0830","C2400626","324","32","24128","36.69124094145719","126.83864974072772"
"경상남도 창원시 진해구 냉천로 91, 벚꽃메디칼상가 (석동)","자은동성원A맞은편","행복한약국","055-542-0927","1830","0900","1830","0900","1830","0900","1730","0900","1830","0900","1300","0900","C2800173","515","95","24129","35.15334446025679","128.70673021362597"
"충청남도 태안군 태안읍 동백로 296, 1층 2호","김내과 1층","행복한약국","041-673-9092","1830","0830","1830","0830","1830","0830","1830","0830","1830","0830","1300","0830","C2400267","321","44","24130","36.748352173513254","126.30260775928855"
"경상남도 양산시 물금읍 새실로 38, 103호","공휴일은 소아과 진료에 따라 운영 가능, 전화 확인 후 방문 필요","행복한약국","055-382-7649","1900","0900","1900","0900","1900","0900","1900","0900","1900","0900","1400","0900","C2801902","506","55","24131","35.3132937459","128.9944009352"
"경상남도 거창군 거창읍 거창대로 61,","박내과1층,이덕형한의원옆","행복한약국","055-943-1155","1800","0830","1800","0830","1800","0830","1800","0830","1800","0830","1200","0900","C2800962","501","38","24132","35.68700719875764","127.9159315856368"
"전북특별자치도 익산시 배산로 34-1 (송학동, 송학현대아파트)","행복한약국","063-851-6962","2000","0900","2000","0900","2000","0900","2000","0900","2000","0900","1900","0900","C2501359","546","64","24133","35.94020944393178","126.938010591044"
"충청남도 천안시 서북구 두정중2길 4","GS슈퍼마켓 옆 건물","행복한약국","041-552-6600","2100","0830","2100","0830","2100","0830","2100","0830","2100","0830","2100","0900","C2400343","311","01","24134","36.833820036549966","127.14022113441865"
"경상남도 창원시 성산구 반송로 150, 화성메디칼빌딩 (반림동)","트리비앙 아파트","행복한약국","055-261-8008","1850","0900","1850","0900","1850","0900","1850","0900","1850","0900","1250","0900","C2800894","514","26","24135","35.23601863799715","128.6718111455604"
"충청남도 당진시 시청1로 75 (읍내동)","행복한약국","041-357-5270","2000","1000","2000","1000","2000","1000","2000","1000","2000","1000","1700","1000","C2401376","317","74","24136","36.8908226742","126.6392373545"
"충청남도 계룡시 서금암로 17, 102호 (금암동, 은혜로빌딩)","공휴일 상황에 따라 진료시간 변경","중부고속터미널 맞은편","행복한약국","042-841-5382","1830","0900","1700","0900","1830","0900","1830","0900","1830","0900","1300","0900","C2400657","328","26","24137","36.27289510205168","127.2526832943278"
"부산광역시 남구 수영로 25 (문현동)","버스정류장: 문현로타리","행복한약국","051-647-3345","1900","0900","1900","0900","1900","0900","1900","0900","1900","0900","1600","0900","C1200798","484","15","24138","35.13721070879957","129.07041942727543"
"대전광역시 중구 계백로 1566 (유천동)","유천동서대전농협건너편","행복한약국","042-585-0153","1830","0830","1830","0830","1830","0830","1830","0830","1830","0830","1330","0830","C1600318","349","74","24139","36.317324999999997","127.394250000000000"
"서울특별시 마포구 굴레방로9길 8 (아현동)","아현역 4번출구 바로앞/국민은행 건물","행복한약국","02-393-1137","2000","0900","1800","0900","1800","0900","1800","0900","1800","0900","1500","0900","C1102537","041","16","24140","37.5569292285385","126.955288282738"
"서울특별시 영등포구 경인로 775","에이스하이테크시티","행복한약국","02-554-7455","1900","0830","1900","0830","1900","0830","1900","0830","1900","0830","1330","0830","C1106995","072","99","24141","37.5147464245043","126.897536835727"
"서울특별시 동대문구 답십리로66길 95, 1층 (장안동)","행복한약국","02-2245-2611","1900","0900","1900","0900","1900","0900","1900","0900","1900","0900","1500","0900","C1100421","026","25","24142","37.5686042343995","127.066224053999"
"서울특별시 성동구 독서당로 218, 상가동 (옥수동, 옥수삼성아파트)","옥수역 5번출구/옥수삼성아파트","행복한약국","02-2297-4487","1900","0900","1900","0900","1700","0900","1900","0900","1900","0900","1300","0900","C1102536","047","34","24143","37.5426294442931","127.015554372439"
"서울특별시 성북구 보문로34길 59, 1층(동선동1가)","구정 명절, 추석 명절 당일에만 12시 이후 오픈합니다.","성신여대 로데오거리에서 대학교 정문 방향","행복한약국","02-927-8253","2315","0900","2300","0900","2310","0900","2300","0900","2300","0900","2300","0930","2300","0930","2300","0930","C1104083","028","45","24144","37.5911110547847","127.01858128589"
"서울특별시 양천구 중앙로 275, (신정동)","신정네거리역 2번출구 바로앞","행복한약국","02-2606-8933","1900","0900","1900","0900","1900","0900","1900","0900","1900","0900","1600","0900","C1100284","080","58","24145","37.520781006605","126.852226262711"
"서울특별시 중구 다산로 230 (신당동)","신당역 6번출구에서 청구역 방향","행복한약국","02-2235-1145","1830","0830","1830","0830","1830","0830","1830","0830","1830","0830","1430","0830","C1100285","045","85","24146","37.5635029907452","127.015962217644"
"서울특별시 광진구 자양로15길 27, 1층 (자양동)","구의역 4번 출구","행복한약국","02-447-7114","2000","0900","2000","0900","2000","0900","2000","0900","1830","0900","1800","0900","1800","0900","C1103629","050","57","24147","37.5355602852928","127.082184343093"
"경기도 양주시 회정로 134, 두리테크 덕정타운 111호 (덕정동)","행복한약국","031-858-7749","2030","0900","2030","0900","2030","0900","2030","0900","2030","0900","1800","0900","C2107909","114","56","24148","37.837169143234945","127.06833865357167"
"경기도 과천시 별양상가1로 38 (별양동, 백두상가 302호 일부)","행복한약국","02-503-1116","1900","1400","1900","1400","1900","1400","1900","1400","1900","1400","1700","0900","C2100553","138","37","24149","37.42815925371533","126.99356005632268"
"경기도 의왕시 갈미2로 40","행복한약국","031-422-2540","1500","0900","1500","0900","1500","0900","1500","0900","1500","0900","2100","0900","C2101026","160","39","24150","37.379564191928445","126.97154687702204"
"경기도 구리시 체육관로 84, 106호 (수택동)","구리베스티안병원앞","행복한약국","031-555-3637","1800","0900","1800","0900","1800","0900","1800","0900","1800","0900","C2102267","119","40","24151","37.59211799236531","127.13811524555291"
"경기도 양주시 광적면 백은로 259, 103호","행복한약국","031-829-7783","1900","0900","1300","0900","1900","0900","C2106820","114","16","24152","37.81683758086035","126.98817042048773"
"경기도 광주시 중앙로 101, 클리닉빌딩 101호 (경안동)","광주클리닉1층","행복한약국","031-765-5250","2200","0900","2200","0900","2200","0900","2200","0900","2200","0900","C2101012","127","59","24153","37.40879708359117","127.25839870062991"
"경기도 안양시 동안구 흥안대로 458, 102호 (평촌동, 평촌메가타운)","인덕원 대우아파트 버스정류장앞","행복한약국","031-425-6520","2100","0900","2100","0900","2100","0900","2100","0900","2100","0900","1800","0900","C2102185","140","61","24154","37.39488056310415","126.97618502598453"
"경기도 평택시 세교공원로 66","행복한약국","031-618-3083","2030","0900","2030","0900","2030","0900","2030","0900","2030","0900","1400","0900","1300","0900","C2102066","178","36","24155","37.00348586308775","127.08403068793889"
"경기도 양평군 용문면 다문중앙1길 5, 새마을금고 복지회관 1층","행복한약국","031-775-3797","1800","0900","1800","0900","1800","0900","1800","0900","1800","0900","1300","0900","C2109430","125","21","24156","37.4843076566755","127.592393239042"
"경기도 의정부시 평화로 229-1, 1층 (호원동)","행복한약국","031-878-3211","1800","0900","1800","0900","1300","0900","1800","0900","1800","0900","1300","0900","1300","0900","C2102385","117","11","24157","37.7124563331923","127.04729044274653"
"경기도 용인시 수지구 용구대로 2797, 수창빌딩 102-2호 (죽전동)","행복한약국","031-896-3663","2000","0900","2000","0900","2000","0900","2000","0900","2000","0900","1600","0900","1300","0900","C2101873","168","65","24158","37.33543016645405","127.10866726909191"
"부산광역시 동래구 충렬대로 152, 1층 (온천동)","행복한약국","051-507-4014","1830","0900","1730","0900","1730","0900","1730","0900","1730","0900","1300","0900","C1202811","478","24","24159","35.2046130923837","129.076599575529"
"충청남도 보령시 중앙로 15, 105호 (명천동, 메디빌,인승빌딩)","명소아청소년과,성심정신건강의원,삼성치과 1층 위치한 매일 매일 행복한 약국 입니다","행복한약국","041-933-2638","1830","0830","1830","0830","1830","0830","1830","0830","1830","0830","1330","0830","C2401602","334","59","24160","36.34605817098547","126.59870039767225"
"충청북도 청주시 청원구 공항로 126, (율량동,우양메디타워 102호)","우양메디타워1층 속편한내과 강남비뇨기과 부근","율량동농협사거리하나은행옆","행복한약국","043-241-7575","1900","0830","1900","0830","1900","0830","1900","0830","1900","0830","1500","0830","C2300547","283","30","24161","36.66840817870684","127.48545247174363"
"서울특별시 중랑구 망우로 474, (망우동)","조앤조병원 1층","행복한약국","02-439-8591","1830","0900","1830","0900","1830","0900","1830","0900","1830","0900","1430","0900","C1100422","021","77","24162","37.6003063622164","127.10471509743"
"전북특별자치도 전주시 완산구 전라감영로 35 (중앙동4가)","전주시보건소옆","행복한약국","063-284-3400","1800","0900","1800","0900","1800","0900","1800","0900","1800","0900","1200","0900","C2500193","550","38","24163","35.81532611391446","127.14317589548651"
"충청북도 충주시 봉계1길 60, (칠금동)","주변의료기관:치항고려외과의원","롯데마트맞은편","행복한약국","043-856-5600","1930","0900","1930","0900","1930","0900","1930","0900","1930","0900","1300","0900","C2300219","273","61","24164","36.981594444444447","127.915961111111116"
"충청북도 제천시 의병대로 107 (남천동)","공휴일은 병원 진료시간에 따라 변동(전화 요망)","TTC영화관옆Buytheway건너편","행복한약국","043-647-0049","1930","0800","1930","0800","1930","0800","1930","0800","1930","0800","1600","0800","C2300395","271","74","24165","37.13555405587965","128.21300224943855"
"경기도 용인시 기흥구 동백중앙로 175 (중동, 우함빌딩)","행복한약국","031-693-7998","2000","0900","2000","0900","2000","0900","2000","0900","2000","0900","1500","0900","C2101973","170","06","24166","37.269971678047405","127.15416702069255"
"경기도 광명시 오리로 947, 1층 101호 (광명동)","행복한약국","02-2613-8276","1900","0800","1900","0800","1900","0800","1900","0800","1900","0800","1600","0800","C2100584","142","63","24167","37.47822763871341","126.85778237908497"
"경기도 용인시 처인구 모현면 백옥대로 2404,","행복한약국","031-321-6942","1900","0900","1900","0900","1900","0900","1900","0900","1900","0900","1300","0900","C2101404","449","850","24168","37.33805548094849","127.25023887671887"
"경기도 수원시 장안구 정조로 950, (영화동)","행복한약국","동성아울렛 옆 북수원 KT지사 길건너 맞은편 우리정형외과 1층","행복한약국","031-244-7275","1900","0900","1900","0900","1900","0900","1900","0900","1900","0900","1400","0900","C2103672","162","69","24169","37.29224422652481","127.01204016903507"
"경기도 하남시 덕풍북로 259, 1층 102호 (덕풍동)","행복한약국","031-792-7762","1900","0900","1900","0900","1900","0900","1900","0900","1900","0900","C2106750","129","33","24170","37.548019293004714","127.21005141898926"
"경기도 용인시 처인구 포곡읍 포곡로 83, 행복한약국","행복한약국","031-283-5787","2030","0800","2030","0800","2030","0800","2030","0800","2030","0800","2030","0900","2030","0900","2030","0900","C2109007","170","27","24171","37.2684594369785","127.214932919227"
"경기도 고양시 일산동구 강송로73번길 7-19, 1층 (백석동)","행복한약국","031-908-7733","1800","0900","1800","0900","1800","0900","1800","0900","1800","0900","C2102895","104","46","24172","37.64582962969957","126.79084622969228"
"경기도 성남시 수정구 수정로 348, 1층 (산성동)","토요일 폐문시간 유동적","8호선산성역2번출구에서50m거리","행복한약국","031-749-8543","2200","0900","2200","0900","2200","0900","2200","0900","2200","0900","1700","0900","1800","1100","1800","1100","C2101559","131","27","24173","37.45463327896405","127.15006510847877"
"서울특별시 중구 동호로 193, 3층 (신당동)","약수역 10번 출구 바로 앞","행복한약수약국","02-2253-2917","1800","0930","1800","0930","1800","0930","1800","0930","1800","0930","1300","0930","C1103429","045","98","24174","37.5551391550016","127.009941785934"
"서울특별시 양천구 목동동로8길 23, 메리트윈 상가동 105호 (신정동)","메리트윈상가 105호","행복한온누리약국","02-2644-4488","2000","0900","2000","0900","2000","0900","2000","0900","2000","0900","1630","0900","C1103412","080","17","24175","37.5168554302245","126.871486510512"
"서울특별시 강서구 수명로 82","일요일은 매달 첫째주만 운영","마곡역 5번 출구","행복한온누리약국","02-2667-8835","2000","0900","2000","0900","2000","0900","1900","0900","2000","0900","1800","0900","1800","1200","2000","0900","C1100423","076","35","24176","37.5534716764145","126.826445722129"
"경기도 남양주시 도농로 29, 부영프라자 308-1호 (다산동)","행복한온누리약국","031-557-2238","1900","0900","1900","0900","1900","0900","1900","0900","1900","0900","1500","0900","C2103370","122","55","24177","37.6084253015","127.15681086"
"서울특별시 강남구 도곡로 184","신호빌딩 107호","행복한온누리약국","02-578-8791","1820","0900","1820","0900","1820","0900","1820","0900","1820","0900","1300","0900","C1103624","062","61","24178","37.4917134802222","127.039748870748"
"경기도 가평군 청평면 청평중앙로 52","행복한온누리약국","031-585-6897","1800","0830","1800","0830","1800","0830","1800","0830","1800","0830","1300","0830","C2109079","124","52","24179","37.7379247377618","127.420310494167"
"강원특별자치도 원주시 원일로 24-1 (인동)","휴일 확인후 방문","성지병원 응급실 앞","행복한온누리약국","033-761-8526","1830","0900","1830","0900","1800","0900","1830","0900","1830","0900","1300","0900","1800","0900","C2200130","264","29","24180","37.34572413367467","127.9539326947355"
"인천광역시 계양구 오조산로 53, (계산동)","인천계양구계산4동1080-2연세차메디칼빌딩","행복한온누리약국","032-556-9721","1500","0900","1500","0900","1500","0900","1500","0900","1500","0900","1500","0900","C1400208","210","69","24181","37.53557595454908","126.73825449562625"
"인천광역시 부평구 동수로 54 (부평동)","인천성모병원 정문 바로 옆에 위치한 54평 규모의 쾌적한공간의 약국으로 정확. 신속하게 조제하며 친절상담으로 신뢰감을 주는 약국입니다.","부평역1번출구에서10분거리","행복한온누리약국","032-503-9339","1800","0900","1800","0900","1800","0900","1800","0900","1800","0900","1300","0900","C1400854","214","31","24182","37.485135575557976","126.7245685699595"
"전라남도 순천시 조례못등길 23 (조례동)","한국통신사거리롯데리아금당점옆","행복한온누리약국","061-725-1050","1830","0900","1830","0900","1830","0900","1830","0900","1830","0900","1300","0900","C2600500","579","74","24183","34.953679665317516","127.5271434812511"
"서울특별시 강동구 동남로73길 26, 203호 (명일동, 고덕복합빌딩)","행복한온누리약국","02-416-8173","1830","0900","1830","0900","1830","0900","1830","0900","1830","0900","1330","0900","C1108605","052","69","24184","37.5532988356176","127.154782936805"
"경기도 성남시 분당구 정자일로198번길 15, 109호 (정자동, 제나프라자)","행복한온누리약국","031-714-0288","2400","0900","2400","0900","2400","0900","2400","0900","2400","0900","2400","0900","2400","0900","2400","0900","C2103519","135","58","24185","37.367673480742845","127.10767965552523"
"경기도 안산시 단원구 광덕동로 55, 1층 108,109호 (고잔동, 21세기프라자)","행복한온누리약국","031-485-1995","1200","0900","1200","0900","1200","0900","1200","0900","1200","0900","1730","0830","1200","0930","C2100676","154","77","24186","37.309397938417476","126.83231770579482"
"부산광역시 북구 금곡대로13번길 14, 1층 (덕천동)","2호선 덕천역 7번 출구","행복한온누리약국","051-337-3788","1900","0900","1900","0900","1900","0900","1900","0900","1900","0900","1300","0900","C1202330","465","44","24187","35.2111867715","129.004114258"
"전라남도 고흥군 동강면 동강중촌길 22-14","행복한온누리약국","061-835-7090","1730","0800","1730","0800","1730","0800","1730","0800","1730","0800","1230","0800","C2600208","595","02","24188","34.77947159762806","127.33281863291324"
"대구광역시 수성구 범안로 62 (범물동)","행복한용지약국","053-242-5369","1900","0900","1900","0900","1900","0900","1900","0900","1900","0900","1400","0900","C1301573","422","42","24189","35.81769908606535","128.64463304362428"
"서울특별시 송파구 풍성로25길 41, 백원빌딩 (풍납동)","천호역 9번 출구","행복한우리약국","02-483-5139","1900","0900","1900","0900","1900","0900","1900","0900","1900","0900","1400","0900","C1100424","055","18","24190","37.5369983162325","127.121439350154"
"인천광역시 남동구 장승남로 46, 103호 (만수동, 조은빌딩)","만수6동 우체국앞 맞은편","행복한우리약국","032-466-9780","2200","0900","2200","0900","2200","0900","2200","0900","2200","0900","2200","0900","2200","0900","2200","0900","C1400637","215","96","24191","37.443235081639074","126.73724305475255"
"서울특별시 양천구 월정로 169, 105호 (신월동)","행복한우리약국","02-2699-7389","2000","0900","1900","0900","2000","0900","1900","0900","1900","0900","1300","0900","1300","0900","C1110189","079","19","24192","37.5337583506848","126.835883882156"
"인천광역시 연수구 앵고개로 256, 101호 (동춘동, 웅지프라자)","공휴일 유동적 운영","행복한우리약국","032-818-0301","1900","0900","1900","0900","1900","0900","1900","0900","1900","0900","1600","0900","1300","0900","C1400476","219","72","24193","37.407846103294794","126.672036094633"
"경기도 수원시 영통구 덕영대로1556번길 16, 디지털엠파이어빌딩 C동 218호 (영통동)","행복한우리약국","031-303-8090","1930","0930","1930","0930","1930","0930","1930","0930","1930","0930","1600","1030","C2100502","166","90","24194","37.24530043420315","127.05997144073683"
"서울특별시 금천구 금하로 717 (시흥동)","은행나무시장 인근","행복한우리약국","02-808-7911","2100","0900","2100","0900","2100","0900","2100","0900","2100","0900","2100","0900","C1104369","085","74","24195","37.4508526649728","126.909674107409"
"강원특별자치도 원주시 무실로 113, 원동프라자 1층 (원동)","행복한이화약국","033-762-6678","1930","0900","1930","0900","1930","0900","1930","0900","1930","0900","1600","0900","1830","0930","C2200992","264","38","24196","37.3440096118","127.9437024692"
"서울특별시 동대문구 이문로 188, 1층 (이문동)","행복한정약국","02-969-7700","1815","0800","1815","0800","1815","0800","1815","0800","1815","0800","1815","0800","1815","0800","1815","0800","C1110112","024","06","24197","37.6033702213214","127.062236443108"
"대전광역시 유성구 노은로 71, 1층 102, 103호 (노은동, 노은스타돔아파트)","한약국으로 폐업처리","행복한한약국","042-825-0822","1800","0900","1800","0900","1800","0900","1800","0900","1800","0900","1300","0900","C1600628","341","45","24198","36.364754446047364","127.31652607037175"
"경기도 고양시 덕양구 중앙로 547, 1층 (행신동, 비금빌딩)","행신더조은약국","031-974-0656","1930","0900","1930","0900","1930","0900","1930","0900","1930","0900","1330","0900","C2102429","105","18","24199","37.62277724205132","126.83598076730715"
"경기도 고양시 덕양구 화신로 31 (행신동)","행신삼보약국","031-971-3306","2200","0830","2200","0830","2200","0830","2200","0830","2200","0830","2100","0900","C2102631","105","28","24200","37.61567206123437","126.83842654374543"
"경기도 고양시 덕양구 행신로 153, 미호상가 1층 2호 (행신동)","행신도서관앞","행신약국","031-979-1119","2000","0900","2000","0900","2000","0900","1900","0900","2000","0900","1500","0900","1800","1400","1300","0900","C2102991","105","17","24201","37.61941424101512","126.82864145521864"
"울산광역시 남구 중앙로 14, 1층 (야음동)","야음동롯데 캐슬 1단지 101동 옆 도로","행운약국","052-260-8575","1900","0900","1900","0900","1900","0900","1900","0900","1900","0900","1300","0900","C1700091","447","55","24202","35.522732244534055","129.3190553605587"
"경상북도 경주시 원지길 12, (황성동)","행운약국","054-776-9700","2000","0900","2000","0900","2000","0900","2000","0900","2000","0900","1600","0900","C2700135","380","78","24203","35.86828532858199","129.2194170215067"
"서울특별시 강남구 논현로 836, 삼신빌딩 1층 102호 (신사동)","행운약국","02-543-8360","2000","0930","2000","0930","2000","0930","2000","0930","2100","0930","1800","0930","C1108580","060","25","24204","37.5230673531824","127.02860011812"
"서울특별시 성북구 종암로 110, 종암대평빌딩 1층 102호 (종암동)","행운약국","02-909-2870","1820","0830","1820","0830","1820","0830","1820","0830","1820","0830","1420","0830","C1110173","027","97","24205","37.6000941007838","127.034340544888"
"울산광역시 동구 방어진순환도로 1125 (서부동)","행운약국","052-252-3375","1830","0900","1830","0900","1830","0900","1830","0900","1830","0900","1300","0930","C1700304","440","16","24206","35.53922996472907","129.42555363350186"
"부산광역시 동래구 충렬대로 413 (안락동)","동해남부선 재송역 2번 출구 버스정류장 : 동래한전, 안락동 우체국","행운약국","051-532-9987","1900","0900","1900","0900","1900","0900","1900","0900","2000","0900","2000","0900","1300","0900","1500","0900","C1202420","477","96","24207","35.1968785069","129.1036168583"
"서울특별시 종로구 대명길 21-2(명륜4가)","행운약국","02-765-9997","2300","1200","2300","1200","2300","1200","2300","1200","2300","1200","2300","1100","2300","1100","2300","1100","C1109437","030","78","24208","37.5832382903004","127.000361043962"
"서울특별시 서대문구 증가로 138, 남가좌프라자 1층 102호 (남가좌동)","점심시간 13:10~14:00(토요일 제외)","행운약국","02-6405-7797","1900","0900","1900","0900","1900","0900","1900","0900","1900","0900","1400","0900","C1109269","036","65","24209","37.5777125608337","126.92223615963"
"인천광역시 부평구 경원대로 1409, 반석빌딩 1층 일부호 (부평동)","행운약국","032-515-7003","2000","0900","2000","0900","1900","0900","1900","0900","2000","0900","1600","0900","1600","1000","C1401898","213","95","24210","37.4915630983969","126.72569787794"
"대구 달성군 다사읍 달구벌대로 877","매곡사거리롯데리아옆(강창하이츠건너편)","행운약국","053-586-8866","2030","0900","2030","0900","2030","0900","2030","0900","2030","0900","2000","0900","C1301057","429","14","24211","35.862680608084816","128.45930107114367"
"경상북도 예천군 호명면 새움3로 26, 에비뉴타워 104호","행운약국","054-552-7700","2000","0800","2000","0800","2000","0800","2000","0800","2000","0800","1600","0800","C2701685","368","49","24212","36.5764394038808","128.489655709361"
"인천광역시 계양구 장제로 708, 302호 (작전동, 한샘프라자)","행운약국","032-289-2881","1800","0900","1800","0900","1800","0900","1800","0900","1800","0900","1500","0900","C1400815","210","79","24213","37.53100079103458","126.7342654460785"
"대구광역시 중구 태평로 160, 대구스테이션센터 1층 (북성로1가)","공휴일은 병원에 맞춰 운영","MB프라자","행운약국","053-255-7486","1900","0900","1900","0900","1900","0900","1900","0900","1900","0900","1700","0900","C1301027","419","10","24214","35.858083510980265","128.46534905111258"
"부산광역시 사상구 백양대로 900, 1층 (모라동)","13:00~14:00 점심","행운약국","051-323-2570","2000","0900","2000","0900","2000","0900","2000","0900","2000","0900","1300","0900","1300","0900","C1202820","469","28","24215","35.1866671781489","128.991154296161"
"경기도 파주시 경의로 1100, 연세프라자 107호 (야당동)","행운약국","031-8035-5801","1800","0900","1800","0900","1800","0900","1800","0900","1800","0900","1300","0900","C2110155","109","08","24216","37.7153170622741","126.760155769565"
"대구광역시 동구 안심로 356, 1층 (동호동)","행운약국","053-759-9882","1800","0900","1800","0900","1800","0900","1800","0900","1800","0900","C1301897","410","86","24217","35.867461930318","128.72341271004"
"전북특별자치도 고창군 고창읍 보릿골로 115, 106호","행운약국","063-562-2201","1830","0800","1830","0800","1830","0800","1830","0800","1830","0800","1330","0800","C2501406","564","36","24218","35.4356466063298","126.695378862161"
"경상남도 밀양시 삼랑진읍 천태로 48","금성의원 부근","행운약국","055-353-3770","1800","0900","1800","0900","1800","0900","1800","0900","1800","0900","1400","0900","C2800230","504","67","24219","35.3994828208","128.8412224391"
"경상남도 김해시 가락로 24, 1층 (부원동)","행운약국","055-328-3393","1830","0900","1830","0900","1830","0900","1830","0900","1830","0900","1300","0900","C2802316","509","25","24220","35.2286943032973","128.88258096147"
"경기도 의정부시 평화로 239, 욱은빌딩 1층 104호 (호원동)","행운약국","031-928-6791","1800","0900","1800","0900","1800","0900","1800","0900","1800","0900","1300","0900","C2109771","117","11","24221","37.7131448381539","127.047104862367"
"경상남도 창원시 마산회원구 3·15대로 605-3, 세효빌딩 (석전동)","행운약국","055-255-9860","1830","0900","1830","0900","1830","0900","1830","0900","1830","0900","1400","0900","C2802117","513","14","24222","35.2280612811746","128.574079083344"
"서울특별시 영등포구 도림로48길 4, 1층 5호 (대림동, 대림스타빌딩)","행운약국","02-848-1223","2000","0830","1900","0830","1900","0830","1900","0830","1900","0830","1400","0830","C1107468","074","22","24223","37.4949995789391","126.900631509092"
"부산광역시 서구 대영로 48 (서대신동1가)","공휴일은 전화 후 방문요망","1호선 동대신동 8번출구","향기약국","051-247-3063","1850","0900","1850","0900","1850","0900","1850","0900","1850","0900","1300","0900","C1202151","492","35","24224","35.109508071630465","129.01678990343367"
"경상남도 창원시 진해구 안골로 348, 용원그랜드쇼핑 119호 (용원동)","향기약국","055-552-9567","1930","0900","1930","0900","1930","0900","1930","0900","1930","0900","1500","0900","C2800826","516","05","24225","35.1020412132206","128.810296757787"
"경기도 화성시 향남읍 상신하길로298번길 11, 1동 1층 105호","향남대형약국","070-7630-7128","1800","0900","1800","0900","1800","0900","1800","0900","1800","0900","C2108915","186","11","24226","37.1147620118934","126.91104520565"
"경기도 화성시 향남읍 상신하길로298번길 7-21","향남메디컬약국","031-8059-4203","2030","0900","2030","0900","2030","0900","2030","0900","2030","0900","1600","0900","1400","0900","1400","0900","C2107230","186","11","24227","37.1151703587","126.9124770402"
"경기도 화성시 향남읍 행정중앙2로 63-3 (향남읍)","백성프라자 103,104호","향남사랑약국","031-8059-1338","2100","0900","2100","0900","2100","0900","2100","0900","2100","0900","C2101507","186","00","24228","37.12986406433169","126.92193186352202"
"경기도 화성시 향남읍 행정서로3길 34-6, 1층 (향남읍)","향남약국","031-352-9591","1900","0800","1900","0800","1900","0800","1900","0800","1900","0800","1300","0800","C2106817","185","98","24229","37.1307487804703","126.9187162026535"
"경기도 화성시 향남읍 상신하길로328번길 20, 104,105호호 (향남읍)","향남열린약국","031-354-7485","1800","0900","1800","0900","1800","0900","1800","0900","1800","0900","C2108261","186","06","24230","37.1165776103687","126.91292469994"
"경기도 화성시 향남읍 발안로 101, 정 메디 프라자 101호","향남중앙약국","031-000-0000","1800","0900","1800","0900","1800","0900","1800","0900","1800","0900","1300","0900","C2109851","185","91","24231","37.1318212843535","126.921614632189"
"경기도 화성시 향남읍 행정중앙2로 39 (태성메디컬프라자)","향남택지개발지구 태성메디칼101~3호/","향남태평양온누리약국","031-8059-1415","2130","0830","2130","0830","2130","0830","2130","0830","2130","0830","2000","0900","2000","0900","2000","0900","C2101566","185","98","24232","37.12990934055808","126.919613581511"
"경기도 화성시 향남읍 상신하길로298번길 7-1, 1층 104호 (센타프라자)","향남프라자약국","031-8059-3873","2100","0900","2100","0900","2100","0900","2100","0900","2100","0900","1500","0900","C2107034","186","11","24233","37.11502093583155","126.91027192824235"
"경상남도 통영시 미수로 107, 지상2층 (미수동)","향내약국","070-4103-6576","1800","0900","1800","0900","1300","0900","1800","0900","1800","0900","1300","0900","C2801656","530","69","24234","34.825023634404246","128.4011785625715"
"경기도 고양시 덕양구 향기로 60, 아주리센스타플라자 B103호 (향동동)","향동건강약국","02-2135-6611","1800","0900","1800","0900","1800","0900","1800","0900","1800","0900","1300","0900","C2109878","105","46","24235","37.5954002795297","126.892470444746"
"경기도 고양시 덕양구 꽃마을로 42, 향동 센트럴타워 1층 110호 (향동동)","향동달빛약국","031-000-0000","2130","0930","2130","0930","1800","0900","2130","0930","2130","0930","1830","0930","1830","0930","C2109961","105","45","24236","37.6009398353907","126.891480322993"
"경기도 고양시 덕양구 향기로 123, 센타프라자 1층 105호 (향동동)","향동밝은약국","02-3158-0366","1800","0900","1800","0900","1800","0900","1800","0900","1800","0900","1300","0900","C2109576","105","46","24237","37.6006763101675","126.894275739478"
"경기도 고양시 덕양구 꽃마을로 4, 퍼스트타워 1층 (향동동)","향동온누리약국","02-6371-0102","2100","0830","2100","0830","2100","0830","2100","0830","2100","0830","1800","0830","1800","0900","C2108678","105","46","24238","37.5989344545529","126.892413721709"
"경기도 고양시 덕양구 향기로 182, 115호 (향동동)","* 공공심야약국(22시~ 익일 새벽1시까지)","향동중앙약국","02-3159-7575","2500","2200","2500","2200","2500","2200","2500","2200","2500","2200","2500","2200","2500","2200","2500","2200","C2108440","105","46","24239","37.5951764134074","126.892305898978"
"경상남도 창원시 의창구 지귀로24번길 29, 1층 (봉곡동)","향림한약국","055-223-3406","1800","0900","1800","0900","1800","0900","1800","0900","1800","0900","1200","0900","C2802349","511","80","24240","35.2439432439452","128.652772056305"
"경기도 김포시 고촌읍 상미1로 4, 106호","향산우리약국","031-987-4460","1800","0900","1800","0900","1800","0900","1800","0900","1800","0900","1300","0900","C2109005","101","21","24241","37.6182001350516","126.747335319248"
"대전광역시 서구 둔산로 15, 109호 (둔산동, 향촌아파트상가)","향촌아파트상가","향촌약국","042-485-8874","2100","0900","2100","0900","2100","0900","2100","0900","2100","0900","2100","0900","C1600176","352","28","24242","36.35267101367193","127.37533472076738"
"인천광역시 남동구 만수서로 56","향촌휴먼시아정문건너편","향촌우리약국","070-8963-3740","1400","0830","1400","0830","1400","0830","1400","0830","1400","0830","1600","0800","1400","0830","C1400747","215","24","24243","37.46146578624914","126.73220598664987"
"전북특별자치도 정읍시 중앙로 65, (연지동)","시기농협 앞","향토약국","063-535-3828","1800","0900","1800","0900","1800","0900","1800","0900","1800","0900","1230","0900","C2500465","561","61","24244","35.570777777777778","126.848219444444439"
"경상남도 진주시 진주대로 872-10, 1층 (칠암동)","허니약국","055-757-0229","1900","0830","1900","0830","1900","0830","1900","0830","1900","0830","1500","0830","C2802078","527","26","24245","35.17817257340102","128.09250324184364"
"대전광역시 서구 도솔로 313, (괴정동)","괴정동주민센터사거리","허룡약국","042-525-5050","2230","1030","2230","1030","2230","1030","2230","1030","2230","1030","2230","1000","2230","1700","2230","1700","C1600177","352","93","24246","36.33644170492621","127.38233288931774"
"경기도 시흥시 공단1대로 263, 상가동 107호 (정왕동)","허브약국","031-506-3960","1800","0900","1800","0900","1800","0900","1800","0900","1800","0900","1300","0900","C2109766","150","79","24247","37.3355156983568","126.730532334243"
"전북특별자치도 군산시 월명로 255","신한은행1층","허브약국","063-466-5462","1900","0900","1900","0900","1900","0900","1900","0900","1900","0900","1300","0900","C2500408","540","90","24248","35.96675201853981","126.71507578084194"
"부산광역시 금정구 온천장로 131","1호선 온천장역 3, 5번 출구","허브약국","051-517-6920","1920","0900","1920","0900","1920","0900","1920","0900","2020","0900","1520","0900","C1200433","463","00","24249","35.22234325336235","129.08498343173096"
"서울특별시 영등포구 선유로49길 36, 1층 (양평동4가)","허브약국","050-71353-2309","2025","1030","2025","1030","2025","1030","2025","1030","2025","1030","1900","1130","1700","1200","C1109909","072","08","24250","37.537315554659","126.893994592884"
"울산광역시 중구 남외2길 36, 1층 (남외동, 맘스빌딩)","남외동 중구보건소 뒤편 맘스병원 1층","허브약국","052-294-7576","1800","0900","1800","0900","1800","0900","1800","0900","1800","0900","1300","0900","1300","0900","1300","0900","C1700301","444","95","24251","35.56668605372165","129.35095989052127"
"서울특별시 중구 다산로 82 (신당동)","임시공휴일은 08:00-13:00 오픈합니다.","허브약국","02-2235-0502","1900","0800","1900","0800","1900","0800","1900","0800","1900","0800","1500","0800","C1107350","045","97","24252","37.5516539447628","127.008394321577"
"서울특별시 관악구 남부순환로 1471, 1층 (신림동)","허브약국","02-813-0831","2000","0900","2000","0900","2000","0900","2000","0900","2000","0900","1900","0900","C1108746","087","67","24253","37.4821004377094","126.91425850439"
"서울특별시 성동구 금호로 158-2, 지1층 (금호동1가)","공휴일은 운영시간 변동 있어 전화 확인 후 방문 필요","신금호역 3번 출구 바로 앞","허브약국","02-2297-0999","1930","0830","1930","0830","1930","0830","1930","0830","1930","0830","1400","0830","C1107999","047","21","24254","37.5550435819643","127.020312584279"
"인천광역시 부평구 부평대로 171 (청천동)","부평세림병원옆","허브약국","032-507-8656","1300","0900","1300","0900","1300","0900","1300","0900","1300","0900","C1400040","213","64","24255","37.50663136446981","126.72057637862617"
"서울특별시 동대문구 경희대로 19-3, 1층 (회기동)","허브약국","02-6405-7771","1830","0830","1830","0830","1830","0830","1830","0830","1830","0830","1300","0900","C1110154","024","54","24256","37.593234995888","127.052354298261"
"서울특별시 강서구 마곡중앙4로 10, A동 104호 (마곡동)","마곡역 5번 출구","허브약국","02-2664-7507","1800","0900","1800","0900","1800","0900","1800","0900","1800","0900","C1109656","076","31","24257","37.5585909839084","126.827940700651"
"경상남도 창원시 의창구 평산로215번길 2, 1호 (서상동)","공휴일중 석가탄신일은 일요일이어서 휴무입니다","허브약국","055-295-7250","1900","0900","1900","0900","1900","0900","1900","0900","1900","0900","1900","0900","1900","0900","C2801944","513","70","24258","35.2608049032","128.6254337665"
"강원특별자치도 원주시 봉화로 1 (단계동, 롯데마트 지하2층)","롯데마트 휴무일(2,4주 일요일)에 휴무 공휴일 유동적운영(전화 후 방문)／수요일 휴무","롯데마트 지하 2층","허브약국","033-744-0379","2000","1000","2000","1000","2000","1000","2000","1000","2000","1000","2000","1000","C2200585","264","37","24259","37.345679451683935","127.92764611621952"
"세종특별자치시 해밀3로 51, 스카이허브 101,102호 (해밀동)","공휴일 및 일요일 휴무","공휴일 및 일요일 휴무","해밀동","허브약국","0448679685","2100","0900","2100","0900","2100","0900","2100","0900","2100","0900","1500","0900","C1800329","300","92","24260","36.5293327804604","127.267227522567"
"경기도 화성시 동탄순환대로 696, 경서프라자 102호 (영천동)","일요일/공휴일 휴무, 대체공휴일 정상 운영","안녕하세요. 동탄2 11자 상가 버스정류장 앞 허브약국입니다.","허브약국","031-373-1713","2000","0930","1900","0930","1900","0930","1900","0930","2000","0930","1400","0900","C2108133","184","66","24261","37.2069733647039","127.111239918512"
"서울특별시 마포구 마포대로 73, 104호(도화동,SK허브그린)","SK허브그린오피스텔 104호","허브약국","02-2130-3030","1900","0830","1900","0830","1900","0830","1900","0830","1900","0830","1900","0830","1900","0830","C1103684","041","57","24262","37.5423231972151","126.948977496421"
"경기도 안산시 단원구 산단로 342, 원곡유통상가 A동 101호 (원곡동)","허브약국","031-493-8777","2000","0800","2000","0800","2000","0800","2000","0800","2000","0800","1700","0900","1700","0900","C2107597","154","31","24263","37.3253223289","126.7886610183"
"충청남도 천안시 서북구 충무로 130, 104호 (쌍용동,환산빌딩)","예일병원 맞은편","허브약국","041-576-6131","1830","0900","1830","0900","1830","0900","1830","0900","1830","0900","1600","0900","C2400699","311","75","24264","36.79257887088712","127.12203528268685"
"경기도 수원시 장안구 서부로 2139 6019호 (율전동, SK허브블루)","허브약국","031-278-7954","1800","0930","1800","0930","1800","0930","1800","1400","1800","0930","1300","0930","C2106645","163","60","24265","37.29945335142544","126.97167199866356"
"서울특별시 강동구 천호대로 1092 (성내동) 에스케이허브진","허브온누리약국","070-8885-5264","1900","0900","1900","0900","1900","0900","1900","0900","1900","0900","1300","0900","C1107191","053","81","24266","37.5352477607977","127.132663780085"
"경기도 용인시 기흥구 중부대로 242, 오토허브 A동 2층 22호 (영덕동)","허브태평양약국","031-5182-5983","1800","0900","1800","0900","1800","0900","1800","0900","1800","0900","C2108216","170","95","24267","37.2694687630226","127.093243838833"
"대구광역시 동구 동촌로 212","허약국","053-982-5837","1830","0900","1830","0900","1830","0900","1830","0900","1830","0900","1300","0900","C1300080","411","60","24268","35.88212558146297","128.66344643419905"
"세종특별자치시 조치원읍 조치원로 42-2","조치원읍 상리","허약국","044-865-7900","2100","0800","2100","0800","2100","0800","2100","0800","2100","0800","2100","0800","2100","0900","2000","0900","C1800009","300","26","24269","36.60156635703281","127.30172317937608"
"충청남도 홍성군 광천읍 홍남로 664","삼성연합의원 옆 오른쪽건물","허약국","041-642-2001","1800","0800","1800","0800","1800","0800","1800","0800","1800","0800","1200","0800","C2400623","322","95","24270","36.50309330106472","126.62455275847176"
"경상남도 창원시 의창구 창이대로309번길 11, 쌍둥이상가 1층 101호 (봉곡동)","허약국","055-273-5666","1900","0900","1900","0900","1900","0900","1900","0900","1900","0900","1400","0900","C2802207","511","47","24271","35.2471281080936","128.670780636141"
"전북특별자치도 익산시 인북로8길 3-1, (인화동1가)","남부시장입구","허영근약국","063-855-4332","1800","0800","1800","0800","1800","0800","1800","0800","1800","0800","1200","0800","C2500280","546","04","24272","35.932730555555558","126.950694444444451"
"인천광역시 계양구 용마루6길 8, 1층 (용종동)","허준한약국","032-555-7188","1800","0900","1800","0900","1800","0900","1800","0900","1800","0900","1500","0900","C1401808","210","62","24273","37.543190731710716","126.74462787566424"
"서울특별시 강남구 테헤란로 532, 1층 105호 (대치동)","대체공휴일에 대체로 근무하오니 전화로 확인 후 방문 부탁드립니다.","삼성역에서 가장 가까운 약국. 병.의원 처방전 조제, 일반의약품, 건강기능식품, 동물의약품, 의약외품 등 다양한 품목을 취급합니다. 가족과 같은 마음으로 친절히 모시겠습니다! 자동차 이용 시 약국 앞에 잠시 깜빡이 켜고 이용 가능하십니다.","삼성역 4번 출구 앞으로 나오시면 좌측 첫 번째 건물 1층에 있습니다.","허지웅약국","02-553-0777","2030","0800","2030","0800","2030","0800","2030","0800","2030","0800","1700","0900","C1108549","061","81","24274","37.508206219332","127.062274636641"
"대구광역시 수성구 신매로4길 7, 1층 (신매동)","헤르메디한약국","053-791-7818","1800","0900","1800","0900","1800","0900","1800","0900","1800","0900","C1301702","422","83","24275","35.8326653377671","128.708542006347"
"서울특별시 영등포구 양평로 지하 40, 당산역 지하1층 (당산동6가)","대부분의 휴무일에 영업하지만 단축영업 하는 날이 있습니다.","일반의약품만 판매","헤르바당산역약국","02-2636-3398","2200","0800","2200","0800","2100","0800","2200","0800","2200","0800","2200","1000","2200","1000","2200","1000","C1108008","072","14","24276","37.5337405945415","126.902171452197"
"경상북도 포항시 북구 중흥로 212 (죽도동)","국민은행죽도동지점맞은편","헤세드온누리약국","054-282-7292","1830","0900","1830","0900","1830","0900","1830","0900","1830","0900","1300","0900","C2700592","377","80","24277","36.022036223018794","129.35814450386348"
"서울특별시 송파구 올림픽로12길 5, 정호빌딩 (잠실동)","잠실새내역 4번 출구","헬로팜약국","02-415-1121","2300","0900","2300","0900","2300","0900","2300","0900","2300","0900","2300","0900","2200","1300","2200","1300","C1103690","055","58","24278","37.5110669845906","127.08309038088"
"서울특별시 송파구 송파대로 345, 상가1A동 2층 2036호 (가락동, 헬리오시티)","송파역 4번 출구 앞 헬리오시티상가 2층","헬리오메디칼약국","02-400-3815","1930","0900","1930","0900","1930","0900","1930","0900","1930","0900","1400","0900","2000","1600","1300","0900","C1108495","056","98","24279","37.4976145695004","127.102531804188"
"서울특별시 송파구 송파대로 345, 1A동 1층 1002호 (가락동, 헬리오시티)","헬리오이화약국","02-409-3016","2100","0900","2100","0900","2100","0900","2100","0900","2100","0900","1800","0900","1400","0900","C1108304","056","98","24280","37.4976145695004","127.102531804188"
"인천광역시 연수구 센트럴로 160","풍림아이원아파트 2차 206동 맞은편","헬스원약국","032-832-9907","2000","0900","2000","0900","2000","0900","2000","0900","2000","0900","1500","0900","C1400545","219","95","24281","37.39268452257892","126.64437832417283"
"전북특별자치도 군산시 조촌로 157 (조촌동)","토요일 08:00~19:00 공휴일 08:00~19:00 일요일 10:00~20:00 변경입니다.","동군산병원장례식장 맞은편","헬스탑동군산약국","063-443-7700","2100","0800","2100","0800","2100","0800","2100","0800","2100","0800","2000","0800","2000","1000","1900","0800","C2500670","540","33","24282","35.97821722894979","126.73718624206788"
"경기도 의정부시 태평로 110, 1층 (의정부동)","헬스팜약국","031-844-5950","1830","0900","1830","0900","1830","0900","1830","0900","1830","0900","1600","0900","C2102417","116","93","24283","37.74236760999107","127.05174451383993"
"경상북도 포항시 북구 중흥로 319, 굿모닝메디칼센터 1층 (죽도동)","헬스플러스약국","054-282-4424","1830","0900","1830","0900","1830","0900","1830","0900","1830","0900","1300","0900","C2701278","377","45","24284","36.03074808654608","129.3640824242905"
"전북특별자치도 완주군 이서면 안전로 163","혁신대성약국","063-237-3366","2000","0830","2000","0830","2000","0830","2000","0830","2000","0830","1300","0830","C2501200","553","65","24285","35.838761590879365","127.05814479043732"
"충청북도 음성군 맹동면 대하로 295 104호","서울연합의원 1층","혁신미소약국","043-877-1132","1730","0830","1730","0830","1730","0830","1300","0830","1730","0830","1300","0830","C2301009","277","38","24286","36.91338381729844","127.54559095397421"
"전북특별자치도 전주시 덕진구 안전로 152 (중동)","혁신밝은약국","063-236-3618","1930","0900","1930","0900","1930","0900","1930","0900","1930","0900","1400","0900","C2501196","548","71","24287","35.83748499793351","127.05898947497597"
"전북특별자치도 전주시 덕진구 오공로 47, 청강빌딩 103호 (중동)","혁신사랑약국","063-222-3801","2000","0830","2000","0830","2000","0830","2000","0830","2000","0830","1500","0830","C2501111","548","71","24288","35.83635926073304","127.06092777567234"
"전북특별자치도 완주군 이서면 기지로 56","혁신약국","063-225-1150","1830","0830","1830","0830","1830","0830","1830","0830","1830","0830","1330","0830","C2501116","553","65","24289","35.83810183386215","127.05821957384589"
"전라남도 나주시 빛가람로 747, 빛가람메디칼빌딩 109호 (빛가람동)","혁신약국","061-336-7559","1800","0900","1800","0900","1800","0900","1800","0900","1800","0900","1300","0900","C2600679","582","17","24290","34.80854437739006","126.37094192372848"
"제주특별자치도 서귀포시 일주동로 9159, B101호 (법환동)","혁신온누리약국","064-739-7545","1800","0800","1800","0800","1800","0800","1300","0900","1800","0800","1330","0800","1330","0800","C2900583","635","72","24291","33.2476886538111","126.514233082812"
"경상남도 진주시 사들로 56, 109~110호 (충무공동)","혁신온누리약국","055-756-1233","1300","0900","1300","0900","1300","0900","1300","0900","1300","0900","C2801959","528","54","24292","35.1726845128","128.14909604"
"전북특별자치도 완주군 이서면 기지로 47","혁신온누리약국","063-236-2442","2100","0830","2100","0830","2100","0830","2100","0830","2100","0830","2000","0830","1800","0830","1800","0830","C2501115","553","65","24293","35.838661064626734","127.05728137903031"
"충청북도 음성군 맹동면 원중로 1416, 1층 111호 (맹동면)","일요일 공휴일 휴무","혁신우리약국","043-877-4683","1930","0900","1930","0900","1930","0900","1930","0900","1930","0900","1340","0900","C2301128","277","38","24294","36.90866729344881","127.54289127044339"
"충청북도 음성군 맹동면 대하2가길 31, (주)도시 메디컬타워 1층 106호","혁신제일약국","043-882-1175","2000","0830","2000","0830","2000","0830","2000","0830","2000","0830","1800","0800","C2301163","277","38","24295","36.9064198813355","127.543840429987"
"경상남도 진주시 사들로 97, 1층 106호 (충무공동)","혁신제일약국","055-759-8685","1900","0830","1900","0830","1830","0830","1900","0830","1900","0830","1330","0830","C2802398","528","52","24296","35.1762138286085","128.148561723357"
"강원특별자치도 원주시 혁신로 19, 지하1층 102호 (반곡동)","혁신중앙약국","033-733-1121","1930","0900","1930","0900","1930","0900","1930","0900","1930","0900","1530","0900","C2201034","264","60","24297","37.3238017464048","127.978997494652"
"전북특별자치도 전주시 덕진구 기지로 91, 108호 (장동)","혁신코끼리약국","063-715-1586","2100","0830","2100","0830","2100","0830","2100","0830","2100","0830","1400","0830","C2501409","548","66","24298","35.838648606996","127.061867465309"
"전북특별자치도 완주군 이서면 기지로 35","공휴일 운영 여부 확인 필요","혁신튼튼약국","063-228-1600","1930","0830","1930","0830","1930","0830","1930","0830","1930","0830","1330","0830","C2501173","553","65","24299","35.838704952783914","127.055948770078"
"제주특별자치도 서귀포시 동문로 5 (서귀동)","-","현강약국","064-762-6050","1815","0800","1815","0800","1815","0800","1815","0800","1815","0800","1300","0800","C2900426","635","90","24300","33.252345971127674","126.56207457403197"
"경상북도 경주시 현곡면 용담로 548, 2동 1호 (경주센트럴푸르지오)","현곡약국","054-054-0054","2030","0830","2030","0830","2030","0830","2030","0830","2030","0830","2030","0830","2030","0830","2030","0830","C2701781","380","48","24301","35.892248181656","129.174455964026"
"광주광역시 북구 설죽로 297","용봉동현대병원옆","현대1번약국","062-574-4869","1830","0830","1830","0830","1830","0830","1830","0830","1830","0830","1300","0830","C1500535","610","63","24302","35.18615250025018","126.89807010705705"
"경기도 부천시 범안로 120 (범박동)","범박동 주민센터 건너편","현대다사랑약국","032-344-4200","1800","0900","1800","0900","1800","0900","1800","0900","1800","0900","1800","0900","C2100245","147","77","24303","37.47107699149752","126.80892066531356"
"인천광역시 부평구 경원대로 1242","백운역 사거리 현대아파트 버스정류장 맞은편","현대메디칼약국","032-523-2233","2000","0900","2000","0900","2000","0900","2000","0900","2000","0900","1600","0900","1300","0900","C1400874","214","05","24304","37.487607679512685","126.70883339209678"
"인천광역시 미추홀구 낙섬서로 4 (용현동)","공휴일 휴무","금호2차아파트 건너편 우리은행 건물","현대메디칼약국","032-889-1891","1930","0830","2030","0830","1715","0830","1930","0830","2015","0830","1700","0830","C1400302","221","90","24305","37.450055886690315","126.63369843044583"
"부산광역시 남구 고동골로78번길 12","한양아파트 근처","현대메디칼약국","051-631-5892","1930","0900","1930","0900","1930","0900","1930","0900","1930","0900","1600","0900","C1200958","484","16","24306","35.1438122510768","129.07202154843824"
"울산광역시 북구 염포로 599 (양정동, 현대사원임대아파트, 현대자동차사택)","울산 현대자동차 4공장정문 맞은 편 현대자동차문화회관 내에 위치","현대문화약국","052-287-2840","1900","0930","1900","0930","1900","0930","1900","0930","1900","0930","1300","1000","1300","0930","C1700291","442","60","24307","35.53957436898167","129.3906136508147"
"울산광역시 동구 방어진순환도로 899 (서부동)","일요일과 백화점휴점일은 휴무입니다.","현대백화점 지하1층","현대백화점약국","052-251-7194","1900","0930","1900","0930","1900","0930","1900","0930","1900","0930","1900","1030","1900","1030","C1700247","440","33","24308","35.5216447865","129.4313257648"
"경기도 김포시 김포한강1로 230, 현대센트럴스퀘어 1층 112호 (운양동)","현대센트럴약국","031-8049-0339","1800","0900","1800","0900","1800","0900","1800","0900","1800","0900","C2108905","100","78","24309","37.6531675389813","126.682794727137"
"부산광역시 금정구 서동로 165, 1층 (서동)","버스정류장: 세웅종합병원맞은편","현대약국","051-521-2666","2000","0900","2000","0900","2000","0900","2000","0900","2000","0900","1530","0900","C1200309","463","20","24310","35.214761925594786","129.10459222322316"
"제주특별자치도 제주시 중앙로 77","현대약국","064-722-0392","2000","0900","2000","0900","2000","0900","2000","0900","2000","0900","1700","0900","C2900078","631","92","24311","33.51121053238008","126.52442686423188"
"대구광역시 북구 대현로 99","경대정문---->경북도청사이동대구시장입구","현대약국","053-952-8513","1900","0900","1900","0900","1900","0900","1900","0900","1900","0900","1500","0900","C1300731","415","69","24312","35.88255168676537","128.60991492617805"
"부산광역시 영도구 절영로 58, 영도메디칼타운 1층 (남항동2가)","전차 종점","현대약국","051-416-9947","2000","0900","2000","0900","2000","0900","2000","0900","2000","0900","1400","0900","C1200596","490","46","24313","35.08921213948307","129.03822682586298"
"서울특별시 종로구 통일로 246-10, 113호 (무악동)","독립문역 3-1번 출구","현대약국","02-725-6569","2000","0900","2000","0900","2000","0900","2000","0900","2000","0900","1800","0900","C1100535","030","25","24314","37.5743447023263","126.959103079359"
"부산광역시 금정구 중앙대로 2005, (남산동)","아람마트 옆","현대약국","051-512-7606","1900","0900","2030","0900","1300","0900","1900","0900","1900","0900","1400","0900","C1200830","462","27","24315","35.26330440719592","129.09172646126814"
"충청북도 충주시 예성로 392","굿모닝연합의원1층","현대약국","043-845-7579","2000","0900","2000","0900","2000","0900","2000","0900","2000","0900","1800","0900","1800","0900","C2300149","273","42","24316","36.99113450718441","127.93429717477125"
"충청남도 공주시 유구읍 중앙1길 96,","유구농협 맞은편","현대약국","041-841-2074","2100","0830","2100","0830","2100","0830","2100","0830","2100","0830","2100","0830","2100","0830","C2400124","325","06","24317","36.5532439403","126.95118494668229"
"충청남도 부여군 홍산면 홍산로 54-3 (홍산면)","현대약국","041-836-2882","1810","0830","1810","0830","1810","0830","1810","0830","1810","0830","1300","0830","C2401519","331","99","24318","36.21438404189929","126.76009101858325"
"대구광역시 중구 달구벌대로 2061-1 (계산동2가)","현대약국","0534257800","2000","0900","2000","0900","2000","0900","2000","0900","2000","0900","1300","0900","C1301871","419","33","24319","35.8667584477643","128.589319923707"
"경기도 용인시 처인구 백옥대로 1392","현대약국","031-335-0396","2100","0900","2100","0900","2100","0900","2100","0900","2100","0900","1630","0900","1300","0830","C2100919","170","41","24320","37.25932641408833","127.21295395436684"
"충청남도 보령시 해태로 11 (대천동, 현대약국)","웨딩캐슬 맞은편","현대약국","041-931-0338","1830","0800","1830","0800","1830","0800","1830","0800","1830","0800","1300","0800","1300","0800","1300","0800","C2401319","334","54","24321","36.352604244924834","126.59229434431847"
"경기도 부천시 소사구 범안로 117, 현대리치모아 405호 (범박동)","부천범박동리치모아빌딩4층","현대약국","032-348-2348","2000","0830","2000","0830","2000","0830","2000","0830","2000","0830","1300","0900","C2100256","147","82","24322","37.471217873852254","126.80958880397799"
"경기도 부천시 중동로 155, 태양프라자 1층 일부호 (중동)","현대약국","032-215-0525","1800","0900","1800","0900","1800","0900","1800","0900","1800","0900","1300","0900","C2109492","146","05","24323","37.4937602065889","126.766857605947"
"경기도 김포시 태장로 820","현대약국","031-981-2490","2030","0900","2030","0900","2030","0900","2030","0900","2030","0900","C2103153","100","89","24324","37.6368288846","126.6770142625"
"경기도 안성시 중앙로 408 (동본동)","현대약국","031-674-7662","1840","0830","1840","0830","1840","0830","1840","0830","1840","0830","1320","0830","C2100760","175","92","24325","37.00689330278287","127.27210140274904"
"경기도 안양시 동안구 경수대로 458, 140호 (호계동, 현대홈타운상가)","호계신사거리유한양행건너편","현대약국","031-454-5812","2100","0900","2100","0900","2100","0900","2100","0900","2100","0900","2100","0900","C2101403","141","25","24326","37.36407199546007","126.96004311586651"
"경기도 화성시 양감면 정문송산로 160-2, 102호","양감면송산3리","현대약국","031-366-1854","2100","0930","2100","0930","2100","0930","2100","0930","2100","0930","2100","0930","C2101198","186","29","24327","37.12281475408887","126.9955394867209"
"서울특별시 금천구 두산로 70, T-113호 (독산동, 현대지식산업센터)","현대지식산업센터","현대약국","02-2181-3677","2000","0800","2000","0800","2000","0800","2000","0800","2000","0800","1530","0830","1300","0830","C1106922","085","84","24328","37.4689627800606","126.895620657193"
"서울특별시 서대문구 거북골로14길 32","가재울아이파크상가 306호","현대약국","02-303-6600","1800","0900","1800","0900","1800","0900","1800","0900","1800","0900","1300","0900","C1100532","036","90","24329","37.576951075894","126.914595329134"
"서울특별시 성북구 삼양로 66, B01호 (길음동, 동부크리닉)","길음역 8번 출구에서 미아초등학교 방향","현대약국","02-980-9802","1830","0930","1830","0930","1830","0930","1830","0930","1830","0930","1230","0930","C1100534","027","26","24330","37.609002278777","127.023271412495"
"서울특별시 송파구 올림픽로 491, 1층 (풍납동, 세제빌딩)","현대약국","02-488-8847","1815","0900","1815","0900","1815","0900","1815","0900","1815","0900","C1100102","055","39","24331","37.5263655568908","127.11757028391"
"경기도 광주시 파발로 187, 1층 (탄벌동, 세양빌딩)","현대약국","031-765-6307","1900","0900","1900","0900","1900","0900","1900","0900","1900","0900","1330","0900","C2103762","127","51","24332","37.41558825952361","127.25031724959678"
"경기도 가평군 조종면 현창로 41-1 (현대약국)","현대약국","031-584-3524","2000","0900","2000","0900","2000","0900","2000","0900","2000","0900","2000","0900","2200","0800","C2102909","124","37","24333","37.818536111111108","127.347991666666672"
"서울특별시 중구 동호로 196, (신당동)","약수역 1번 출구 바로 앞","현대약국","02-2238-2767","1800","0900","1800","0900","1800","0900","1800","0900","1800","0900","1300","0900","C1102523","046","07","24334","37.5556464697381","127.010372365931"
"경기도 의정부시 청사로 45, 108호 (금오동, 플래티넘프라자)","현대약국","031-851-1688","2300","0900","2300","0900","2300","0900","2300","0900","2300","0900","2300","0900","2300","0900","C2102934","117","57","24335","37.75238831196489","127.06953654999391"
"경기도 구리시 이문안로 72, 1층(수택동,청림빌딩)","수택3동 체육공원앞","현대약국","031-551-1345","1300","0900","1300","0900","1300","0900","1300","0900","1300","0900","2000","0900","1800","1000","1300","0900","C2102984","119","40","24336","37.5921068133","127.139384678"
"경기도 이천시 대월면 사동로 171","사동리굴다리옆대월농협맞은편","현대약국","031-636-1750","2000","0900","2000","0900","2000","0900","2000","0900","2000","0900","1500","0900","C2103075","173","38","24337","37.24431594785802","127.49468273508087"
"울산광역시 동구 대학길 40, (화정동)","현대약국","052-235-8893","1900","0900","1900","0900","1900","0900","1900","0900","1900","0900","1500","0900","C1700248","440","74","24338","35.498480555555552","129.420022222222229"
"경기도 파주시 시청로 209 (아동동, 호수빌딩)","동문아파트501동입구","현대약국","031-944-5473","2030","0930","2030","0930","2030","0930","2030","0930","2030","0930","1700","0930","C2102322","108","52","24339","37.770704815796385","126.77585002958085"
"광주광역시 북구 설죽로 207, 1층 (용봉동)","현대자동차용봉지점맞은편","현대약국","062-525-6806","2130","0900","2130","0900","2130","0900","2130","0900","2130","0900","2100","0900","C1500272","611","10","24340","35.17816938509987","126.89718879133866"
"울산광역시 울주군 범서읍 점촌4길 37","현대상가 110호","현대약국","052-248-9570","1930","0900","1930","0900","1930","0900","1930","0900","1930","0900","1500","0900","C1700347","449","23","24341","35.57056257492773","129.2391338547544"
"인천광역시 부평구 마장로 334, 108호 (산곡동)","백마장 사거리 국민은행 옆건물 1층","현대약국","032-514-2277","2000","0900","2000","0900","2000","0900","2000","0900","2000","0900","1500","0900","C1400712","213","61","24342","37.50777647177064","126.70390555012534"
"서울특별시 영등포구 도림로 158","대림역 11번 출구","현대약국","02-848-1933","1830","0830","1830","0830","1830","0830","1830","0830","1830","0830","1530","0900","C1103483","074","17","24343","37.4941598571402","126.899373467262"
"서울특별시 동작구 장승배기로10길 47 (상도동)","장승배기역 1번 출구/동작구보건소 뒷편","현대약국","02-815-5650","1800","0830","1800","0830","1800","0830","1800","0830","1800","0830","C1100533","069","64","24344","37.5044472820365","126.941536664777"
"경상남도 사천시 사천읍 진삼로 1493","시외버스터미널 근처","현대약국","055-855-1815","2000","0900","2000","0900","2000","0900","2000","0900","2000","0900","1500","0900","C2800957","525","19","24345","35.08459087821428","128.0856407715308"
"전북특별자치도 김제시 동서3길 5","이명철정형외과 옆","현대약국","063-545-3307","1300","0900","1300","0900","1300","0900","1300","0900","1300","0900","1300","0900","C2500165","543","89","24346","35.79774578804316","126.88338023386208"
"전북특별자치도 부안군 부안읍 석정로 191, 태라빌딩","현대약국","063-581-4153","1800","0800","1800","0800","1800","0800","1800","0800","1800","0800","1300","0800","C2501471","563","07","24347","35.7285399653298","126.737407614843"
"경상남도 밀양시 삼문중앙로 37","농협 맞은편","현대약국","055-354-2040","2000","0900","2000","0900","2000","0900","2000","0900","2000","0900","2000","0900","C2800634","504","37","24348","35.48531900821145","128.75609545790405"
"충청남도 천안시 동남구 구성1길 1 (구성동)","현대약국입니다","충절오거리 주위","현대약국","041-551-2462","1700","0830","1700","0830","1700","0830","1700","0830","1700","0830","1500","0830","C2400036","311","92","24349","36.79457203257243","127.16005368685629"
"경상남도 거창군 거창읍 거창대로 58","현대약국","055-944-0388","1730","0900","1730","0900","1730","0900","1730","0900","1730","0900","1200","0900","C2802315","501","37","24350","35.6868194081968","127.916460687642"
"경상남도 양산시 물금읍 황산로 597, 1층","■ 일, 공휴일 확인 요망","부산대학교 양산캠퍼스근처","현대약국","055-365-4434","1900","0900","1900","0900","1900","0900","1900","0900","1900","0900","1300","0900","C2800514","505","99","24351","35.326145460211144","129.00043013639137"
"부산광역시 남구 용호로 90, (용호동)","이기대입구,참사랑의원 옆","현대약국","051-623-9510","2000","1000","2000","1000","2000","1000","2000","1000","2000","1000","1800","1000","1800","1000","C1200359","485","23","24352","35.124100835848615","129.11229582566761"
"충청남도 당진시 합덕읍 합덕시장로 176","합덕읍 유명치과 1층/ 택시정류장 앞","현대약국","041-363-6119","2030","0830","2030","0830","2030","0830","2030","0830","2030","0830","1900","0830","1230","0930","1800","0830","C2400366","318","12","24353","36.80826523510307","126.77428522744547"
"경상남도 창원시 의창구 천주로 24 (서상동)","흥한웰가아파트 근처","현대약국","055-256-1690","2000","0900","2000","0900","2000","0900","2000","0900","2000","0900","1300","0900","C2800273","511","95","24354","35.264074999999998","128.618291666666664"
"경상남도 거제시 중곡로3길 4 (고현동)","현대약국","055-637-7666","1900","0900","1900","0900","1900","0900","1900","0900","1900","0900","1400","0900","C2801733","532","49","24355","34.89417106236938","128.62993824134426"
"경상북도 포항시 남구 오천읍 세계길 46 (오천읍)","현대약국","054-292-2414","2130","0900","2130","0900","2130","0900","2130","0900","2130","0900","1900","0900","1900","0900","C2700841","379","12","24356","35.96625627750423","129.41596081036852"
"경상북도 경산시 중앙로 78","토요일 격주로 17:00 운영_2019.04.29 확인","경산시장 입구, 버스정류장 앞","현대약국","053-812-0568","1930","0830","1930","0830","1930","0830","1930","0830","1930","0830","1500","0830","C2700947","386","28","24357","35.822873193986936","128.73547571778116"
"전라남도 화순군 화순읍 대교로 85-1,","화순광덕지구국민은행사거리","현대약국","061-374-5522","2100","0900","2100","0900","2100","0900","2100","0900","2100","0900","2000","0900","C2600594","581","13","24358","35.06029041765986","126.99210491679145"
"광주광역시 서구 무진대로 904 (광천동)","광천터미널내","현대약국","062-365-7302","2100","0900","2100","0900","2100","0900","2100","0900","2100","0900","2100","0900","2100","0900","2100","0900","C1500398","619","37","24359","35.160573273517976","126.87987397408995"
"광주광역시 광산구 임방울대로 788, 1층 (월계동)","현대자동차 첨단대리점 건너편 위치","현대약국","062-972-3577","1830","0900","1830","0900","1830","0900","1830","0900","1830","0900","1500","0900","C1500197","622","76","24360","35.217197356632184","126.8444693098753"
"전라남도 무안군 무안읍 몽탄로 67 현대약국","현대약국","061-453-7513","1700","0830","1700","0830","1700","0830","1700","0830","1700","0830","1200","0830","C2601243","585","32","24361","34.9914426351954","126.48906127356"
"경상북도 영덕군 영해면 영덕로 1612-1","영덕아산병원 앞","현대약국","054-734-5498","1800","0830","1800","0830","1800","0830","1800","0830","1800","0830","C2701447","364","14","24362","36.5233894482","129.4031918623"
"전라남도 보성군 벌교읍 채동선로 247","농협 은행 벌교지점 근처","현대약국","061-858-1796","1800","0830","1800","0830","1800","0830","1800","0830","1800","0830","1300","0930","C2600083","594","25","24363","34.844059702081935","127.34420322005437"
"경상북도 경주시 산업로 3028(구정동)","불국사역에서 울산방면으로100M지점","현대약국","054-775-3633","1800","0900","1800","0900","1800","0900","1800","0900","1800","0900","1800","0900","1800","0900","1800","0900","C2700051","381","29","24364","35.77638962185522","129.29890435147456"
"전라남도 해남군 황산면 시등로 98","복음의원 옆","현대약국","061-535-0800","1900","0700","1900","0700","1900","0700","1900","0700","1900","0700","1300","0700","C2600366","590","07","24365","34.5761164175074","126.43359630685165"
"경상북도 의성군 안계면 안계길 171","안계오거리","현대약국","054-862-8089","1800","0800","1800","0800","1800","0800","1800","0800","1800","0800","1600","0800","C2700149","373","13","24366","36.38625983922826","128.43460543323016"
"강원특별자치도 삼척시 정상로 78, 1층 (교동, 삼척농협 교동지점)","교동 하나로 마트 1층","현대약국","033-573-8822","2000","0900","2000","0900","2000","0900","2000","0900","2000","0900","1800","0900","C2200468","259","24","24367","37.44884640515793","129.17537238820742"
"전라남도 구례군 구례읍 봉성로 110-1,","한양마취통증의학과 옆.","현대약국","061-783-2711","1200","0900","1200","0900","1200","0900","1200","0900","1200","0900","1300","0830","C2600288","576","44","24368","35.21209652613643","127.4647086283187"
"경상북도 안동시 길주길 93","안동시용상동 600-12번지 ,용상현대아파트 입구 좌측, 안형우가정의학과 건물","현대약국","054-821-1638","2030","0800","2030","0800","2030","0800","2030","0800","2030","0800","2000","0800","C2700563","367","22","24369","36.554706284982046","128.762083040344"
"세종특별자치시 전의면 읍내길 11","전의면 읍내리 / 전의농협뒤 전의의원맞은편","현대약국","044-863-2069","1800","0830","1800","0830","1800","0830","1800","0830","1800","0830","1800","0830","C1800031","300","04","24370","36.680246991880736","127.20439953899364"
"부산광역시 서구 대영로 33, (서대신동2가)","공휴일 운영 확인 후 방문요망","서대골목시장 서쪽끝 입구","현대약국","051-253-4988","2100","0900","2100","0900","2100","0900","2100","0900","2100","0900","2100","0900","2100","0900","2100","0900","C1200875","492","34","24371","35.10954444444445","129.01520555555675"
"인천광역시 남동구 구월로 306, 상가동 108호 (만수동)","만수5동 sk주유소 맞은편","현대약국","032-434-4343","1930","0900","1930","0900","1930","0900","1930","0900","1930","0900","1500","0900","2200","0900","C1400126","215","35","24372","37.45577967063623","126.72449768567807"
"부산광역시 동래구 금강공원로 3, 1층 (온천동)","1호선 온천장역 1번출구","현대약국","051-552-3194","2000","0800","2000","0800","2000","0800","2000","0800","2000","0800","1500","0900","1800","0800","C1200075","477","11","24373","35.218116536937245","129.08383676467082"
"대구광역시 중구 서성로14길 99 (향촌동)","월요일에 쉴때가 가끔 있음","현대약국","053-254-9285","1700","1100","1700","1100","1700","1100","1700","1100","1700","1100","1700","1100","1600","1200","1600","1200","C1300505","419","18","24374","35.8731600235904","128.59299601916356"
"부산광역시 수영구 수영로741번길 29, 르네상스빌딩 1층 (수영동)","현대약국","051-753-2533","1830","0900","1830","0900","1830","0900","1830","0900","1830","0900","1530","0900","C1202823","482","23","24375","35.1694536213237","129.1208345897"
"부산광역시 사하구 다대로 301, 상가동 101호 (장림동, 장림현대아파트)","버스정류장: 장림현대아파트/하나병원옆","현대약국","051-261-6527","1900","0900","1900","0900","1900","0900","1900","0900","1900","0900","1300","0900","C1200523","495","11","24376","35.075300879899316","128.97705930645986"
"서울특별시 용산구 이촌로 280 (이촌동)","강촌아파트 건너편, 한일마트 옆","현대온누리약국","02-795-9842","2100","0900","2100","0900","2100","0900","2100","0900","2100","0900","2100","0900","2100","0900","2100","0900","C1103465","044","26","24377","37.5184498411597","126.977869361091"
"서울특별시 종로구 율곡로 75","안국역 3번 출구 현대빌딩 지하1층","현대온누리약국","02-746-7750","1800","0900","1800","0900","1800","0900","1800","0900","1800","0900","C1103410","030","58","24378","37.5780170152303","126.987637853136"
"부산광역시 북구 시랑로 12-1, (구포동)","김호일 정형외과 앞","현대온누리약국","051-335-2031","1900","0900","1900","0900","1900","0900","1900","0900","1900","0900","1600","0900","1400","0900","C1200354","466","30","24379","35.20446026004107","129.00408334219583"
"경상북도 문경시 중앙로 133 (점촌동)","현대온누리약국","054-556-5757","1800","0900","1800","0900","1800","0900","1800","0900","1800","0900","1300","0900","C2700090","369","71","24380","36.596786515847114","128.20018021242115"
"전라남도 순천시 장선배기1길 4, (조례동)","순천현대병원 옆","현대온누리약국","061-725-0500","2100","0900","2100","0900","2100","0900","2100","0900","2100","0900","1600","0900","1300","0900","1300","0900","C2600630","579","68","24381","34.952981932486075","127.52267445901333"
"인천광역시 연수구 독배로40번길 29 (옥련동)","5째주 일요일만 운영, 휴일 사전 문의","옥련동재래시장입구","현대온누리약국","032-831-4822","2000","1400","2000","1400","2000","1400","2000","1400","2000","1400","1800","0900","1300","0900","C1400583","219","49","24382","37.424527777777776","126.646563888888892"
"대구광역시 동구 동촌로 230","정해진 시간보다 빨리 가는 경우가 많음 일요일은 한달에 한번이지만 정해진 날은 없음","방촌시장농협건너편","현대온누리약국","053-986-7600","2100","0830","2100","0830","2100","0830","2100","0830","2100","0830","1900","0830","1300","0830","C1301182","411","62","24383","35.88124269778783","128.66525278670122"
"경상북도 김천시 시청로 66","신음동이마트사거리(파리바게트 롯데리아 사이에 위치함)","현대온누리약국","054-435-7001","1900","0830","1900","0830","1900","0830","1900","0830","1900","0830","1300","0830","C2700428","395","50","24384","36.1341461833029","128.1178336810378"
"서울 구로구 개봉로20길 60 (개봉동)","현대온누리약국","02-2612-8477","2000","0900","1900","0900","1900","0900","2000","0900","1900","0900","1400","0900","C1110648","083","29","24385","37.4934362521241","126.857360822461"
"경상남도 창원시 진해구 용원서로 41 (용원동)","뉴 세명병원맞은편","현대온누리약국","055-552-3311","1930","0900","1930","0900","1930","0900","1930","0900","1930","0900","1400","0900","C2800245","516","05","24386","35.10136509148892","128.81304700476147"
"광주광역시 북구 동문대로 76, 103호 (두암동)","현대온누리약국","062-522-0998","2100","0845","2100","0845","2100","0845","2100","0845","2100","0845","1300","0845","C1501434","612","00","24387","35.1706972802097","126.922700774709"
"울산광역시 남구 대암로 69, 3층 312,313호 (야음동)","신정 구정은 휴무입니다","현대온누리약국","052-269-4978","1900","0900","1900","0900","1830","0900","1900","0900","1900","0900","1300","0900","C1700146","447","33","24388","35.53074418251737","129.32393772628913"
"경기도 의왕시 철도박물관로 37, 현대자동차그룹 의왕연구소 연구본관동 1층 105호 (삼동)","현대온누리약국","031-461-3330","1800","0900","1800","0900","1800","0900","1800","0900","1800","0900","1300","0900","C2109553","160","82","24389","37.3236736184027","126.952312658425"
"서울특별시 광진구 광나루로56길 85, 테크노-마트21 지하1층 D-12호 (구의동)","강변역 1번 출구/테크노마트21 지하 1층","현대온누리약국","02-3424-1120","2000","1000","2000","1000","2000","1000","2000","1000","2000","1000","2000","1000","2000","1000","2000","1000","C1104346","051","16","24390","37.535725176732","127.095692162256"
"경기도 화성시 영통로61번길 6, 310호 (반월동, 제일프라자)","현대온누리약국","031-273-0187","1900","0900","1900","0900","1900","0900","1900","0900","1900","0900","C2101987","183","77","24391","37.235511024645994","127.0610276976283"
"서울특별시 강동구 강동대로 155, 1층 102호 (성내동)","올림픽공원 북문에서 올림픽대교쪽으로 100미터","현대제이드약국","02-484-1511","1930","0900","1930","0900","1930","0900","1930","0900","1930","0900","1600","0900","C1100536","054","00","24392","37.5261400821816","127.124300653288"
"서울특별시 구로구 공원로 41","구로구 보건소 맞은편/현대파크빌 상가 101호","현대파크빌약국","02-868-5116","1900","0900","1900","0900","1900","0900","1900","0900","1900","0900","C1100420","082","98","24393","37.50036882384","126.889924711112"
"강원특별자치도 동해시 향로복개로 2, (발한동)","오형근정형외과 옆","현대프라자약국","033-531-3193","1730","0900","1730","0900","1730","0900","1730","0900","1730","0900","1200","0900","C2200539","257","31","24394","37.5416698367118","129.10221067823923"
"울산광역시 남구 삼산중로74번길 7 (삼산동)","현대프라자약국","052-261-1141","2040","0900","2020","0900","2040","0900","2020","0900","2040","0900","1850","0900","1700","1300","1700","1300","C1700268","447","05","24395","35.540409492493026","129.33622304063468"
"경기도 의왕시 모락로 16, 304호 (오전동)","3층 304호","현대프라자약국","031-427-1255","1300","0900","1300","0900","1300","0900","1300","0900","1300","0900","1500","0900","C2104222","160","53","24396","37.35947892202222","126.96707110424536"
"경기도 하남시 미사강변한강로 299, 1층 107호 (망월동)","현대한약국","031-000-0000","1800","0900","1800","0900","1800","0900","1800","0900","1800","0900","1300","0900","C2109895","129","22","24397","37.5638149614379","127.198736430756"
"경기도 평택시 현덕면 현덕로 1271, 1층 101호","현덕약국","070-7782-7745","2100","0900","2100","0900","2100","0900","2100","0900","2100","0900","2100","0900","2100","1800","2100","0900","C2109758","179","46","24398","36.9654120121723","126.919391799612"
"경상남도 창원시 마산합포구 현동1길 4-10, 102호 (현동)","현동미소약국","055-242-7032","1930","0900","1930","0900","1930","0900","1930","0900","1930","0900","C2801998","517","77","24399","35.1471775098","128.5579584663"
"경상남도 창원시 마산합포구 현동로 38 (우산동)","현동약국","055-245-5949","1900","0900","1900","0900","1900","0900","1900","0900","1900","0900","1400","0900","C2802006","517","78","24400","35.1518743218","128.5529432491"
"서울특별시 동작구 상도로15길 120(상도동)","장승배기역 4번 출구","현명약국","02-813-8600","2000","0830","2000","0830","2000","0830","2000","0830","2000","0830","1700","0830","C1100279","069","49","24401","37.5045833444076","126.937339433799"
"대구광역시 달서구 달구벌대로251길 33, 1층 (이곡동)","현샘약국","053-585-3606","1830","0930","1830","0930","1830","0930","1830","0930","1830","0930","1600","0930","C1301272","426","12","24402","35.85515708974529","128.50471437229788"
"대전광역시 중구 중앙로137번길 27 (선화동)","현약국","042-345-2345","1800","0900","1800","0900","1800","0900","1800","0900","1800","0900","1300","0900","C1601397","348","38","24403","36.3292880842151","127.423960149879"
"대구광역시 달서구 월배로 141 (진천동)","070-8869-5843","현약국","053-633-0912","2000","0900","2000","0900","2000","0900","2000","0900","2000","0900","1700","0900","C1301428","427","84","24404","35.8160789136","128.5295787634"
"충청남도 논산시 계백로 992","롯데리아 옆","현약국","041-734-3808","1900","0830","1900","0830","1900","0830","1900","0830","1900","0830","1400","0830","C2400730","329","74","24405","36.202791679057135","127.08764758507684"
"대구광역시 남구 월배로 470 (대명동)","전화확인 후 방문, 특별한 일 없으면 일요일 운영함","현약국","053-627-8575","2000","0900","1830","0900","1830","0900","2000","0900","1830","0900","1700","0900","C1300016","424","98","24406","35.83488232239048","128.5561780902564"
"서울특별시 광진구 광나루로 508","구의사거리","현약국","070-4240-1131","2000","0900","1830","0900","2000","0900","2000","0900","2000","0900","1430","0900","C1104778","050","31","24407","37.5447981575587","127.085963863525"
"울산광역시 동구 방어진순환도로 725 (전하동)","현약국","052-252-4874","1930","0930","1930","0930","1930","0930","1930","0930","1930","0930","1300","0930","C1700303","440","48","24408","35.50654017463769","129.42968333649787"
"경기도 구리시 갈매순환로 194 (갈매동, 신영프라자)","현약국","031-527-4990","2000","0830","2000","0830","2000","0830","2000","0830","2000","0830","1500","0900","1300","0900","1300","0900","C2107330","119","01","24409","37.6366531076","127.1217936211"
"경상북도 구미시 상사서로 139-3, 그린빌딩 1층 102호 (사곡동)","현약국","054-461-0627","1930","0900","1930","0900","2030","0900","1930","0900","1930","0900","1400","0900","C2701657","393","33","24410","36.0948433084934","128.355288865305"
"대구광역시 동구 율하동로 115","안심체육공원코너","현약국","053-964-2584","1830","0900","1830","0900","1830","0900","1830","0900","1830","0900","1230","0900","C1300875","411","19","24411","35.86997840776213","128.70207037421528"
"서울특별시 금천구 가산디지털1로 149, 1층 103호 (가산동, 신한이노플렉스)","현약국","02-830-4040","1910","0830","1910","0830","1910","0830","1910","0830","1910","0830","C1103845","085","06","24412","37.4787416385486","126.881862654269"
"경기도 시흥시 서울대학로278번길 67 (정왕동, 롯데마트(시흥배곧점))","롯데마트 배곧점 휴무일 참고","롯데마트 배곧점","현약국","070-4189-3311","2200","1000","2200","1000","2200","1000","2200","1000","2200","1000","2200","1000","2200","1000","C2107253","150","11","24413","37.3688950208","126.7313250535"
"경기도 부천시 부흥로 262, 1층 (중동)","현약국","032-611-5797","2000","0900","2130","0900","2000","0900","2000","0900","2130","0900","C2106975","146","10","24414","37.49489844537394","126.77170131426041"
"충청북도 청주시 흥덕구 사직대로 80, 1층 (복대동)","현약국","043-265-8780","1930","0900","1930","0900","1930","0900","1930","0900","1400","0900","C2301274","286","41","24415","36.6343943365419","127.456229060608"
"경기도 군포시 산본천로 208-1, 1층 (산본동)","현약국","031-392-5497","2100","0900","2100","0900","2100","0900","2100","0900","2100","0900","1700","0900","C2106525","158","11","24416","37.37074595733815","126.94083382809056"
"서울특별시 성북구 북악산로 844, 상가동 지하층 102-1호 (돈암동, 브라운스톤 돈암 아파트)","먹는치료제 조제기관","먹는치료제 조제기관","현약국","02-926-1860","1800","0900","1800","0900","1800","0900","1800","0900","1300","0900","C1107009","028","28","24417","37.5973859824567","127.019322962211"
"서울특별시 송파구 송파대로39길 1, 1층 102호 (석촌동)","현약국","02-425-0077","1830","0830","1830","0830","1300","0830","1830","0830","1830","0830","1300","0830","1240","0830","1300","0830","C1109789","056","87","24418","37.502690588738","127.108752335313"
"전라남도 여수시 새터로 104, (신기동)","서울연합의원 앞","현약국","061-681-7274","1830","0830","1830","0830","1830","0830","1830","0830","1830","0830","1600","0830","C2600114","596","83","24419","34.76399178575086","127.67731979681112"
"경상북도 영천시 호국로 95 (야사동)","일요일 휴업","현약국","054-338-8131","1930","0900","1930","0900","1930","0900","1930","0900","1930","0900","1600","0900","1300","0900","C2701306","388","59","24420","35.97523452709946","128.94772125996624"
"서울특별시 강남구 강남대로 560 지하1층 2호 (논현동)","논현역 9번 출구 바로 앞/삼익전자빌딩 지하1층","현온누리약국","02-3446-7012","1800","0900","1800","0900","1800","0900","1800","0900","1800","0900","1300","0900","C1104868","060","44","24421","37.5119288733596","127.021385822584"
"서울특별시 서대문구 연세로 29-1, 1층 (창천동)","일요일은 전화확인 후 방문","현우약국","02-334-3979","2200","0930","2200","0930","2200","0930","2200","0930","2200","0930","2200","0930","2200","0930","2200","0930","C1102185","037","88","24422","37.5583362186341","126.936748253264"
"경기도 수원시 장안구 장안로115번길 37, 송정빌딩 1층 (정자동)","현우약국","031-000-0000","1800","0900","1800","0900","1800","0900","1800","0900","1800","0900","1300","0900","C2108835","163","14","24423","37.2930727959868","126.998755933295"
"광주광역시 서구 화정로260번길 1, 1층 (화정동)","화정동광주은행건너편","현웅약국","062-369-9909","1800","0830","1800","0830","1800","0830","1800","0830","1800","0830","1230","0830","C1500169","620","47","24424","35.147857405917186","126.88523565762091"
"제주특별자치도 제주시 한림읍 한림로 650","심야약국(20~23시) - 저녁시간 휴식 (18시~20시) - 목요일, 토요일 휴식(13시~20시) - 토요일 2, 4째주 휴무 - 일요일유동적운영(전화확인 후 방문12~15시)","한림파출소앞","현재약국","064-796-9333","2300","0830","2300","0830","2300","0830","2300","0830","2300","0830","2300","0830","2300","0830","2300","0830","C2900074","695","932","24425","33.41380787059234","126.26273269570751"
"경기도 군포시 산본로323번길 23, 302호 (산본동, 동선빌딩)","현지약국","031-393-6268","1830","0900","1830","0900","1830","0900","1830","0900","1830","0900","1300","0900","C2101649","158","65","24426","37.358440130501854","126.93156503184784"
"경기도 용인시 수지구 만현로 92, 116호 (상현동, 아이티프라자)","용인시수지구상현동하나은행1층","현진약국","031-889-8727","2100","0900","2100","0900","2100","0900","2100","0900","2100","0900","2100","0900","C2106572","169","30","24427","37.308447776228064","127.08508923002654"
"경기도 평택시 안중읍 안현로서8길 17","현화메디컬약국","031-686-9111","2000","0900","2000","0900","2000","0900","2000","0900","2000","0900","1700","0900","C2104487","179","43","24428","36.97875151033384","126.92335724395596"
"경상북도 구미시 신시로 77, 101호 (형곡동)","형곡드림약국","054-715-2010","1830","0900","1830","0900","1830","0900","1830","0900","1830","0900","1330","0900","C2701701","392","94","24429","36.1148833101447","128.338709454021"
"경상북도 구미시 신시로 59 (형곡동)","형곡메디컬약국","054-456-0203","1930","0830","1930","0830","1930","0830","1930","0830","1930","0830","1630","0830","1330","0830","C2701454","392","94","24430","36.1132372215","128.338812006"
"충청남도 논산시 연무읍 연무로 186,","일요일은 당번제로 운영(09:00~21:00)","신협 맞은편","형약국","041-741-6225","2000","0900","2000","0900","2000","0900","2000","0900","2000","0900","1800","0900","1800","0900","2100","0800","C2400203","330","07","24431","36.13026975763516","127.0995165638346"
"대구광역시 북구 팔달로 189, 1층일부 (노원동2가)","365일 근무","365약국(연중무휴)","팔달시장금성예식장건너편","형우당약국","053-358-9696","2230","0830","2230","0830","2230","0830","2230","0830","2230","0830","2300","0830","2300","0900","2230","0900","C1300119","415","58","24432","35.88858017741944","128.57070940166932"
"경기도 의정부시 용민로 407, 한덕프라자 (낙양동)","형제약국","031-868-9092","1930","0900","1930","0900","1930","0900","1930","0900","1930","0900","1930","0900","C2107508","118","15","24433","37.8202062211","127.0940821306"
"서울특별시 금천구 금하로 707, (시흥동)","은행나무시장 카멜리아 맞은편","형제약국","02-803-4973","2130","0900","2130","0900","2130","0900","2130","0900","2130","0900","2130","0900","C1103688","085","74","24434","37.4512558633473","126.908729259558"
"서울특별시 은평구 가좌로 241 (응암동)","새절역 1번 출구에서 응암오거리 방향","형제약국","02-306-3025","2130","0900","2130","0900","2130","0900","2130","0900","2130","0900","2130","0900","C1100410","034","84","24435","37.5908524218878","126.915870233478"
"서울특별시 관악구 남부순환로172길 1, 1층 나호 (신림동)","신림역 4번 출구에서 봉림교 방향","형제약국","02-884-0710","2000","0900","2000","0900","2000","0900","2000","0900","2000","0900","1800","0900","C1102984","087","74","24436","37.4834313704433","126.925640555046"
"충청북도 청주시 상당구 단재로 117 (영운동)","형제약국","043-256-3385","1830","0800","1830","0800","1800","0800","1800","0800","1830","0800","1300","0800","C2300370","287","37","24437","36.61889826981778","127.49793940857509"
"경기도 광명시 하안로288번길 2, 101호 (하안동)","형제약국","02-806-5129","2030","0900","2030","0900","2030","0900","2030","0900","2030","0900","1500","0900","1400","0900","C2101455","143","06","24438","37.461522222222222","126.880872222222223"
"충청남도 천안시 서북구 백석4길 3 (백석동)","","농협건물 뒤편","혜광약국","041-554-1555","1900","0900","1900","0900","1900","0900","1900","0900","1900","0900","1400","0900","C2400550","311","58","24439","36.82256518503236","127.12460254649861"
"부산광역시 부산진구 서전로58번길 121, 2층 (전포동)","처방전 조제 안함","2호선 전포역 4번 출구","혜담한약국","051-804-1592","1800","0900","1800","0900","1800","0900","1800","0900","1800","0900","1300","0900","C1202574","473","05","24440","35.1523607629131","129.066285776164"
"경상북도 영천시 호국로 73, (야사동)","혜동약국","054-333-9032","1830","0900","1830","0900","1830","0900","1830","0900","1830","0900","1500","0900","C2700178","388","59","24441","35.9741956896","128.9455496096"
"서울특별시 중랑구 공릉로2길 7, 구산빌딩 (묵동)","혜령약국","02-973-2225","2100","0900","2100","0900","2100","0900","1830","0900","2100","0900","1830","0900","2100","1900","C1110108","020","34","24442","37.612235427568","127.07826300452"
"광주광역시 광산구 송도로 296, 세화산부인과 1층 (송정동)","혜림약국","062-942-9720","1900","0900","1900","0900","1900","0900","1900","0900","1900","0900","1400","0900","C1501208","624","32","24443","35.13935726921267","126.80079705544323"
"광주광역시 동구 지호로 69, (지산동)","광주광역시동구지산2동푸른맨션앞","혜림약국","062-222-8534","2100","0830","2100","0830","2100","0830","2100","0830","2100","0830","2100","0830","1930","1700","C1500417","614","44","24444","35.14777205322284","126.93645045041958"
"제주특별자치도 제주시 서광로2길 11-1, 1층 (오라일동)","제주 공항, 제주시외버스터미널, 제주시종합경기장 근처 약국입니다.","혜명한약국","064-759-1522","1800","1000","2000","1000","2000","1000","2000","1000","1800","1000","2000","1000","C2900552","631","88","24445","33.4992156607582","126.513157026035"
"전북특별자치도 전주시 완산구 풍남문2길 52","전동 풍남문 로타리 5미터 떨어진 곳에 위치","혜민당한약국","063-288-8589","1800","0930","1800","0930","1800","0930","1800","0930","1800","0930","1500","0930","C2500850","550","43","24446","35.813289940321276","127.14654554358276"
"대전광역시 중구 대종로 218","혜민약국","042-285-4008","1800","0900","1800","0900","1800","0900","1800","0900","1800","0900","1300","0900","C1600236","350","36","24447","36.30922938042041","127.44340789473112"
"서울특별시 도봉구 도봉로159길 17","도봉동 오일뱅크주유소 골목","혜민약국","02-954-1653","2030","1100","2030","1100","2030","1100","2030","1100","2030","1100","1900","1100","C1100419","013","09","24448","37.6743308037873","127.043266757355"
"경상남도 창원시 진해구 안청북로 33, 102호 (청안동, 풍림근린상가)","풍림아파트상가1층","혜민약국","055-552-4662","1900","0900","1900","0900","1900","0900","1900","0900","1900","0900","1300","0900","C2800743","516","07","24449","35.10434326597518","128.80654749264554"
"서울특별시 서대문구 세무서2길 60","홍제2동주민센터 옆","혜민약국","02-391-5166","2000","1000","2000","1000","2000","1000","2000","1000","2000","1000","1700","1000","C1100418","036","32","24450","37.5888076794664","126.948829614377"
"서울특별시 강북구 솔샘로67길 118, 1층 (미아동)","미아역 5번 출구에서 미아사거리역 방향","혜민약국","02-6406-1177","1930","0900","1930","0900","1930","0900","1930","0900","1930","0900","1400","0900","C1108699","011","75","24451","37.622313146374","127.026962650838"
"서울특별시 성동구 마조로 30","왕십리역 6번 출구에서 한양대 방향","혜민약국","02-2293-2729","1830","0830","1830","0830","1830","0830","1830","0830","1830","0830","1330","0830","1330","0830","C1100412","047","61","24452","37.5602929272489","127.041485814257"
"경기도 남양주시 진건읍 사릉로 403-1","일요일, 공휴일 변동가능성이 있으니 미리 전화하고 방문 요망","혜민약국","031-573-4422","1900","0900","1900","0900","1900","0900","1900","0900","1900","0900","1900","0900","1900","0900","C2103039","121","38","24453","37.656115388565226","127.17952869566051"
"서울특별시 강동구 천중로51길 56","길동 굽은다리역 근처 한전우성아파트 문 앞","혜민약국","02-487-0292","2100","0900","2100","0900","2100","0900","2100","0900","2100","0900","2100","0900","2100","0900","C1103682","053","01","24454","37.5432639481101","127.14493288005"
"서울특별시 동대문구 홍릉로 34-1 (청량리동)","청량리역 2번 출구에서 동대문경찰서 방향","혜민약국","02-960-2083","2000","0900","2000","0900","2000","0900","2000","0900","2000","0900","1500","0900","C1102520","024","84","24455","37.5833689706382","127.044382104526"
"경기도 수원시 영통구 중부대로 268","아주대삼거리초이스병원1층","혜민약국","031-211-7150","2100","0900","2100","0900","2100","0900","2100","0900","2100","0900","1630","0900","C2100866","165","31","24456","37.27403189302037","127.04501145088526"
"경기도 광명시 도덕로 36 (광명동)","혜민약국","02-2613-5785","2130","0900","2130","0900","2130","0900","2130","0900","2130","0900","2000","0900","1800","0900","C2100859","142","82","24457","37.46832027174201","126.85186433031194"
"충청북도 청주시 흥덕구 풍산로 42 (가경동)","서원초등학교시내버스정류소앞","혜민약국","043-235-4516","1900","0900","1900","0900","1900","0900","1900","0900","1900","0900","1400","0800","C2300093","283","99","24458","36.6267613194621","127.435345823791"
"부산광역시 동구 초량상로 91-1, 1층 (초량동, 삼보빌딩)","버스정류장: 초량2 치안센터","혜민약국","051-462-0090","1900","0900","1900","0900","1900","0900","1900","0900","1900","0900","1500","0900","1300","0900","C1202334","488","13","24459","35.1199261162","129.0387326878"
"대구광역시 중구 국채보상로 533 (수동)","곽병원옆","혜민약국","053-252-0082","1800","0900","1800","0900","1800","0900","1800","0900","1800","0900","1300","0900","1800","0900","1800","0900","C1300703","419","19","24460","35.87048710846739","128.58879472446873"
"전라남도 목포시 영산로 247-1","동부시장정문제일가까운약국","혜민약국","061-279-5639","1920","0800","1920","0800","1920","0800","1920","0800","1920","0800","1500","0800","C2600141","586","52","24461","34.80325080810919","126.39349816245142"
"경상북도 구미시 고아읍 문장로22길 40 (한누리상가 106호)","일요일, 공휴일 휴업","혜민약국","054-441-0320","2030","0900","2030","0900","2030","0900","2030","0900","2030","0900","1800","0900","C2700374","391","48","24462","36.15216845753916","128.33244340569627"
"경상북도 성주군 성주읍 성주읍3길 6-1","혜성병원앞","혜민약국","054-931-9100","2100","0830","2100","0830","2100","0830","2100","0830","2100","0830","2100","0830","2100","0830","C2700539","400","29","24463","35.91863381266798","128.28714156919116"
"대전광역시 유성구 엑스포로 477-1","유성구 전민동성당 건너편","혜민온누리약국","042-863-0675","2100","0900","2100","0900","2100","0900","2100","0900","2100","0900","1600","0900","C1600508","340","52","24464","36.399050752070345","127.40458853474985"
"충청남도 천안시 서북구 불당25로 178 (불당동)","양약은 취급하지 않고 한약조제만 하고 있습니다~","혜민원한약국","041-557-5210","1900","0930","1900","0930","1900","0930","1900","0930","1900","0930","1700","0930","C2400092","311","56","24465","36.81698049123383","127.10860327846"
"경상북도 구미시 신시로8길 7-11 (형곡동)","혜성약국","054-455-0070","1830","0900","1830","0900","1830","0900","1830","0900","1830","0900","1400","0900","C2700665","392","95","24466","36.114336329801","128.339868970488"
"경상북도 청도군 금천면 금천로 28","동곡삼거리","혜성약국","054-372-3219","2100","0800","2100","0800","2100","0800","2100","0800","2100","0800","2100","0800","C2701041","383","62","24467","35.69172436280614","128.89265871192865"
"대구광역시 동구 아양로 46","혜성약국","053-957-3639","1900","0900","1900","0900","1900","0900","1900","0900","1900","0900","1400","0900","C1300275","412","08","24468","35.88196535429345","128.61921768239918"
"경기도 연천군 전곡읍 온골로 37 (전곡읍)","전곡아디다스앞","혜성약국","031-832-8484","1900","0900","1900","0900","1900","0900","1900","0900","1900","0900","1300","0900","2200","0900","C2103927","110","28","24469","38.0242564171067","127.06820170461566"
"서울특별시 광진구 능동로3길 5 111호 (자양동)","자양역 1번 출구/한강현대아파트종합상가 111호","혜성약국","02-466-0021","1800","0900","1800","0900","1300","0900","1800","0900","1800","0900","1300","0900","C1102521","050","86","24470","37.5333271886535","127.067170490678"
"광주광역시 서구 무진대로 904","처방전으로 약품판매하는곳 아님.","광천터미널내","혜성약국","062-362-2429","2100","0730","2100","0730","2100","0730","2100","0730","2100","0730","2100","0730","2100","0730","2100","0730","C1500336","619","37","24471","35.16040326305422","126.87932105118995"
"서울특별시 서대문구 증가로20가길 89, 1층 (북가좌동)","은가어린이공원 앞","혜성약국","02-373-1190","1900","0900","1900","0900","1900","0900","1900","0900","1900","0900","1400","0900","C1104626","036","71","24472","37.5824313646713","126.919458749932"
"대전광역시 서구 둔산남로 30","둔산동 녹원아파트상가","혜성약국","042-485-6355","2030","0900","2030","0900","2030","0900","2030","0900","2030","0900","1600","0900","C1600452","352","35","24473","36.34880103883162","127.380596605041"
"경기도 안산시 상록구 일동로 24, 1층 (일동)","혜성온누리약국","031-408-8030","2000","0900","2000","0900","2000","0900","2000","0900","2000","0900","1300","0900","C2101692","153","26","24474","37.31002506162815","126.86909474075097"
"인천광역시 부평구 원적로 434 113호(산곡동, 혜성프라자)","산곡동 137-13호 혜성프라자 111호, 113호","혜성프라자약국","032-516-6881","1600","0900","1600","0900","1600","0900","1600","0900","1600","0900","C1401600","213","77","24475","37.503319434100014","126.7146082766"
"경상북도 봉화군 예봉로 1277-2 (상운면)","혜성한약국","054-674-2345","1700","1030","1700","1030","1700","1030","1700","1030","1700","1030","1700","1030","1700","1030","C2701305","362","44","24476","36.8334803736894","128.75538076151508"
"대구광역시 달서구 진천로 117, 119호 (대천동, 월배이타운)","혜안약국","053-631-8569","1930","0900","1930","0900","1930","0900","1930","0900","1930","0900","1400","0900","C1301377","427","60","24477","35.81889142863879","128.5212724287107"
"서울특별시 광진구 면목로 173","중곡역 4번 출구 인근","혜원약국","02-469-3151","2000","0900","2000","0900","2000","0900","2000","0900","2000","0900","1700","0900","C1103565","049","02","24478","37.5686097694919","127.082600970933"
"대구광역시 달서구 호산로 125, 105호 (파호동, 삼성명가타운상가)","혜율온누리약국","053-583-6623","1800","0900","1800","0900","1800","0900","1800","0900","1800","0900","1500","0900","C1301868","427","06","24479","35.8502375882305","128.473678952886"
"인천광역시 미추홀구 인하로262번길 6, 1층 (주안동)","혜은약국","032-872-8101","1400","0900","1400","0900","1400","0900","1400","0900","1400","0900","C1401668","222","16","24480","37.4479156268","126.6771456128"
"전북특별자치도 김제시 금구면 봉두로 91, 102호","금구면파출소 건너편","혜인당약국","063-547-5105","1800","0900","1800","0900","1800","0900","1800","0900","1800","0900","1300","0900","C2500430","543","50","24481","35.775589130055614","127.01097019471602"
"서울특별시 노원구 노원로34길 92, (상계동)","노원역 10번 출구에서 계상초등학교 방향","혜인약국","02-939-0144","2100","0730","2100","0730","2100","0730","2100","0730","2100","0730","2100","0730","C1103674","016","79","24482","37.6630611800078","127.066151813324"
"대구광역시 서구 서대구로62길 66 (비산동)","주말, 공휴일은 유동적으로 운영","만평시장입구","혜인약국","053-355-7582","2030","0830","2030","0830","2030","0830","2030","0830","2030","0830","1700","0830","2000","1500","2030","0830","C1300729","417","20","24483","35.8865214268145","128.5635693306063"
"경기도 의왕시 원골로 15, 국화아파트 (오전동)","의왕나자로마을 뉴서울아파트상가","혜인약국","031-453-7347","2000","0900","2000","0900","2000","0900","2000","0900","2000","0900","1700","0900","C2100659","160","53","24484","37.35874961361751","126.96768574934833"
"대구광역시 북구 산격로 50","목요일만 19시 운영","실내체육관동편산격초등입구5층건물1층","혜인약국","053-959-4805","2100","0900","2100","0900","2100","0900","1900","0900","2100","0900","1700","0900","1700","0900","C1300561","415","36","24485","35.89509826707946","128.60539325568982"
"경기도 부천시 원미로 97, (원미동)","풍림아파트 정문 앞","혜인약국","032-656-2801","2130","0900","2130","0900","2130","0900","2130","0900","2130","0900","2130","0900","2000","0900","C2100395","145","71","24486","37.49124606068365","126.7903338411538"
"경기도 남양주시 와부읍 덕소로97번길 15-3, 102일부호","공휴일 전화 후 방문.","혜인온누리약국","031-521-4646","1900","0900","1900","0900","1900","0900","1900","0900","1900","0900","1600","0900","C2102642","122","09","24487","37.58614448805166","127.21377362634833"
"경기도 안양시 동안구 흥안대로 519, 304호 (관양동,아이퍼스트타워)","혜전약국","031-423-7963","1930","0900","1930","0900","1930","0900","1930","0900","1930","0900","1530","0900","C2103523","139","51","24488","37.40033354932565","126.97614713955255"
"서울특별시 성북구 종암로21길 128 (종암동)","종암동아이파크1차아파트 정문 맞은편","혜조약국","02-922-5076","2000","1000","2000","1000","2000","1000","2000","1000","2000","1000","1800","1000","C1100551","028","02","24489","37.6035052291402","127.030482685132"
"경기도 성남시 분당구 판교역로 235, 에이치스퀘어 엔동 103호 (삼평동)","판교 테크노밸리 내 / 지역사회약료 / 스포츠약료 / 비타민, 건강기능식품 / 아로마테라피 / 동물의약품","혜준온누리약국","031-737-7963","1900","0830","1900","0830","1900","0830","1900","0830","1900","0830","1300","0900","C2109736","134","94","24490","37.402048486442","127.108690978068"
"서울특별시 동대문구 이문로 186, 1층 (이문동)","혜중약국","02-967-6692","1900","0800","1900","0800","2100","0800","1900","0800","1900","0800","1900","0800","1500","0800","1400","0800","C1110002","024","06","24491","37.6032482347083","127.062222299014"
"부산광역시 해운대구 구남로29번길 38, 3층 (중동, 혜천빌딩)","2호선 해운대역 1번출구/예천빌딩3층","혜천약국","051-744-2299","1800","0900","1800","0900","1800","0900","1800","0900","1800","0900","1400","0900","C1200506","480","95","24492","35.16260437658835","129.16232238483"
"서울특별시 종로구 창경궁로 234, 동화빌딩 103호 (명륜4가)","혜화수약국","02-762-0045","1900","0900","1900","0900","1900","0900","1900","0900","1900","0900","1400","0900","C1109451","030","79","24493","37.5824983858422","126.998527082015"
"서울특별시 종로구 혜화로 8, (혜화동)","혜화역 4번 출구/혜화동 로터리","혜화약국","02-762-0373","2000","0900","2000","0900","2000","0900","2000","0900","2000","0900","1800","0900","C1103571","030","76","24494","37.5864872710162","127.000513227786"
"대전광역시 유성구 도안대로 512-12, 101호 (봉명동)","혜화온누리약국","042-823-3777","1930","0900","1930","0900","1930","0900","1930","0900","2030","0900","1400","0900","C1601071","341","90","24495","36.34564384321009","127.34086692580398"
"울산광역시 북구 호계로 202, 1층 (호계동)","호계로약국","052-707-3380","2000","0900","2000","0900","2000","0900","2000","0900","2000","0900","1300","0900","C1700675","442","29","24496","35.6222850527025","129.355532707803"
"경기도 안양시 동안구 경수대로 527 (호계동)","호계약국","031-456-0200","2000","0900","2000","0900","2000","0900","2000","0900","2000","0900","C2100529","141","20","24497","37.369836033193224","126.95755652440074"
"울산광역시 북구 호계로 328 (신천동)","호계약국","070-7715-0399","2030","0900","2030","0900","2030","0900","2030","0900","2030","0900","1800","0900","1800","0900","C1700330","442","24","24498","35.6324670951533","129.3505223245902"
"경기도 안양시 동안구 경수대로 430, 22상가동 105호 (호계동, 호계이편안아파트상가)","경수대로유한킴벌리건너편","호계온누리약국","031-477-7551","2100","0900","2100","0900","2100","0900","2100","0900","2100","0900","1700","0900","C2102186","141","26","24499","37.362351881984594","126.96185039939603"
"경기도 안양시 동안구 경수대로 454, 유환프라자 102호 (호계동)","호계제일약국","031-687-8744","1800","0900","1800","0900","1800","0900","1800","0900","1800","0900","1300","0900","C2109867","141","25","24500","37.363739995535","126.960395718272"
"인천광역시 남동구 호구포로 220, 106호 (논현동, 명진프라자)","인천남동구논현동휴먼시아3단지앞명진프라자1층","호구포온누리약국","032-442-0233","1930","0900","1930","0900","1930","0900","1930","0900","1930","0900","1400","0900","C1400704","216","55","24501","37.40239439232007","126.71032616052818"
"전라남도 장흥군 중앙로1길 12 (장흥읍)","장흥종합병원 근처","호남약국","061-863-3334","1800","0830","1800","0830","1800","0830","1800","0830","1800","0830","1300","0830","C2600764","593","24","24502","34.67753807998692","126.91012536057695"
"전북특별자치도 익산시 황등면 황등로 172","황등면하고삼기갈라지는삼거리","호남약국","063-856-5781","1800","0900","1800","0900","1800","0900","1800","0900","1800","0900","1230","0900","C2500118","545","33","24503","36.00728947814573","126.94453092111662"
"전라남도 목포시 영산로 95-2 (명륜동)","목포역광장앞","호남약국","061-279-5111","1830","0800","1830","0800","1830","0800","1830","0800","1830","0800","1600","0800","1600","1000","1600","1000","C2600142","530","270","24504","34.791179553142","126.38564111269186"
"전라남도 순천시 중앙로 58, (장천동)","남교오거리,현대교복사옆,GS25맞은편","호남약국","061-741-3304","1930","0830","1930","0830","1930","0830","1930","0830","1930","0830","1700","0830","C2600688","579","56","24505","34.950927971962656","127.48422205557494"
"전라남도 광양시 광양읍 신재로 75 (광양읍)","호남약국","061-762-8844","1800","0900","1800","0900","1800","0900","1800","0900","1800","0900","1300","0900","1800","1000","C2601201","577","43","24506","34.9780932553839","127.588479645631"
"전라남도 여수시 좌수영로 3, 1층 (서교동)","호남약국","061-642-3105","1830","0830","1830","0830","1830","0830","1830","0830","1830","0830","1300","0830","C2600693","597","51","24507","34.74127131379326","127.72761422804817"
"전라남도 고흥군 과역면 고흥로 2972-1","설의원앞","호남약국","061-833-5555","1700","0800","1700","0800","1700","0800","1700","0800","1700","0800","1200","0800","C2600209","595","11","24508","34.678155624028044","127.36166320669707"
"광주광역시 동구 백서로137번길 1, 1층 (금동)","전남대병원 오거리 농협1층","호남온누리약국","062-233-9229","1830","0830","1830","0830","1830","0830","1830","0830","1830","0830","1300","0830","C1500343","614","87","24509","35.142514911567844","126.92004119988127"
"대구광역시 중구 달구벌대로 2207, 105호 (삼덕동2가)","운영여부 확인 전화 후 방문 필요 평일 휴게시간 19~21시, 토요일 휴게시간 16~21시","호두약국","053-213-3119","2400","0900","2400","0900","2400","0900","2400","0900","2400","0900","2400","0900","2400","2100","2400","2100","C1301746","419","48","24510","35.8630804032639","128.604835136662"
"경기도 광명시 하안로 294-9, 양정빌딩 105호 (하안동)","동물약 취급 중인 동물약국입니다. 정확한 조제와 친절한 상담으로 모시겠습니다.","호두약국","02-899-7705","1930","0830","1930","0830","1930","0830","1930","0830","1930","0830","1400","0900","C2108747","143","06","24511","37.4625420403455","126.88098761133"
"서울특별시 서초구 남부순환로 2449, 삼원빌딩 1층 (서초동)","남부터미널역 4번 출구에서 남부순환로 방향","호두온누리약국","02-522-5958","1820","0830","1820","0830","1800","0830","1820","0830","1820","0830","1400","0830","C1108827","067","25","24512","37.4825043283212","127.018247390396"
"경기도 수원시 팔달구 팔달로 53, 108호 (고등동)","호랑약국","031-256-2278","1800","0900","1800","0900","1800","0900","1800","0900","1800","0900","1300","0900","C2109267","164","52","24513","37.2734344577539","127.001849773878"
"경기도 남양주시 화도읍 비룡로 30, 하나클리닉 1층 103호","호랑이약국","031-591-5775","1300","0900","1300","0900","1300","0900","1300","0900","1300","0900","1430","0900","C2104241","121","74","24514","37.65492806917061","127.30126579868443"
"서울특별시 강동구 천호대로 1089, 지하1층 B19호 (천호동, 강동역 신동아 파밀리에)","휴게시간 13:00-14:00(토요일 제외)","호랑이약국","02-484-6960","2200","0900","2200","0900","2200","0900","2200","0900","2200","0900","1400","0900","C1107638","053","39","24515","37.5366048791746","127.133115595362"
"강원특별자치도 춘천시 스포츠타운길 494, 1층 101호 (온의동)","호랑이약국","033-910-8860","2000","0900","2000","0900","2000","0900","2000","0900","2000","0900","1400","0900","C2201159","244","31","24516","37.8667265259587","127.71132574756"
"인천광역시 연수구 인천타워대로 257, 아트포레 A동 1층 123호 (송도동)","호랑이약국","032-710-1454","2100","0930","2100","0930","2100","0930","2100","0930","2100","0930","C1401980","220","08","24517","37.3937818483729","126.633289319826"
"서울특별시 광진구 동일로30길 28 (화양동)","어린이대공원역 4번 출구에서 화양삼거리 방향","호림약국","02-468-1027","2300","1400","2300","1400","2300","1400","2300","1400","2300","1400","2300","1400","2200","1700","2200","1700","C1102181","050","08","24518","37.5474901175054","127.068851081754"
"경기도 수원시 권선구 금곡로 116","호매실약국","031-278-2922","1800","0900","1800","0900","1800","0900","1800","0900","1800","0900","1400","0900","C2100054","163","88","24519","37.27390291813816","126.94306314196153"
"경기도 수원시 권선구 금곡로 205, 해피라움 1층 111호 (금곡동)","호매실역약국","031-278-7545","2030","0900","2030","0900","2030","0900","2030","0900","2030","0900","1700","0900","1500","0900","1700","0900","C2107881","163","91","24520","37.274326437527606","126.95296021311677"
"경기도 수원시 권선구 호매실로218번길 126, 1층 (호매실동)","호매실온누리약국","031-296-3377","1900","0830","1900","0830","1900","0830","1900","0830","1900","0830","1400","0830","1400","0930","1400","0930","C2106952","164","02","24521","37.266093807616755","126.96089313289091"
"경기도 수원시 권선구 호매실로218번길 128 , 아트프라자 101호 (호매실동) (호매실동)","호매실우리약국","031-292-1215","1900","1000","1900","1000","1900","1000","1900","1000","1900","1000","1800","1000","C2107236","164","02","24522","37.265791123","126.9610917091"
"경기도 수원시 권선구 금곡로 204, 세종타운721 106호 (금곡동)","호매실착한약국","031-891-4653","1800","0900","1800","0900","1800","0900","1800","0900","1800","0900","1300","0900","C2110057","163","97","24523","37.2737062223236","126.953342371304"
"경기도 수원시 권선구 금호로 60, 1층 3호 (호매실동)","호매실하늘약국","031-292-8875","2100","0900","2100","0900","2100","0900","2100","0900","2100","0900","1400","0900","C2106963","163","95","24524","37.2697654923392","126.95808615432376"
"경상북도 예천군 호명읍 수변로 77, 예천농협 하나로마트 수변점 1층 109호","호명약국","054-054-0054","2100","1000","2100","1000","2100","1000","2100","1000","2100","1000","2100","1000","C2701795","368","49","24525","36.5747367610933","128.481748004455"
"서울특별시 강남구 테헤란로2길 21, 1층 (역삼동)","호박약국","050-71449-0953","1930","0800","1930","0800","1930","0800","1930","0800","1930","0800","1330","0800","C1110603","062","32","24526","37.4968281890058","127.029410765135"
"서울특별시 은평구 통일로 767, 401동 223호 (대조동, 베르디움STAY1)","호반약국","02-355-3183","1900","1000","2000","1000","1900","1000","2000","1000","1500","1000","C1109824","033","91","24527","37.6139964990436","126.926499742667"
"대전광역시 유성구 배울1로 122, 호반써밋프라자 Ⅰ 지상1층 103호 (용산동)","호반약국","042-933-8386","1800","0800","1800","0800","1800","0800","1800","0800","1800","0800","1330","0800","C1601439","340","40","24528","36.4167430245618","127.39312039582"
"경기도 화성시 동탄신리천로1길 73, 103호 (산척동)","호반약국","031-374-1176","1800","0900","1800","0900","1800","0900","1800","0900","1800","0900","C2108752","184","89","24529","37.179441394088","127.119338868475"
"서울특별시 강남구 언주로 871 (신사동)","호산나약국","02-543-6965","1800","0930","1800","0930","1800","0930","1800","0930","1800","0930","1700","0930","C1103758","060","23","24530","37.5285677154605","127.033354132164"
"경기도 고양시 덕양구 중앙로558번길 16-6, 1층(행신동,신일빌딩)","호산나약국","031-979-6878","1930","0830","1930","0830","1930","0830","1930","0830","1930","0830","1700","0830","C2102948","104","95","24531","37.624005555555556","126.836033333333333"
"인천광역시 부평구 안남로222번길 27, 4층 (산곡동,경남종합상가)","산곡동경남종합상가4층","호산나약국","032-502-8575","1900","0900","1900","0900","1900","0900","1900","0900","1900","0900","1630","0900","C1400495","213","77","24532","37.50369000535576","126.70917607361735"
"서울특별시 마포구 창전로 60","광흥창역 3번 출구 바로 앞","호산나약국","02-718-7221","2000","0900","2000","0900","2000","0900","2000","0900","2000","0900","1500","0900","C1100648","040","98","24533","37.5477970115354","126.932894608936"
"경상북도 구미시 상모로 55 (상모동)","호산나약국","054-462-7711","1950","0900","1950","0900","1950","0900","1950","0900","1950","0900","1450","0900","C2700489","393","35","24534","36.08990409322865","128.35602488478733"
"전라남도 영광군 염산면 천년로 19-5,","제일의원 옆.","호산나약국","061-352-9767","1700","0730","1700","0730","1700","0730","1700","0730","1700","0730","1200","0730","C2600072","570","66","24535","35.21786855119911","126.37389779560828"
"강원특별자치도 삼척시 원덕읍 호산중앙로 9","일요일, 공휴일 유동적 운영 전화확인후 방문","의약분업예외지역","원덕읍 호산리 장터위치(국제슈퍼 옆)","호산약국","033-572-5557","1900","0900","2000","0800","2000","0800","2000","0800","2000","0800","2000","0800","2000","0800","C2200405","259","61","24536","37.17485357531161","129.33591661351934"
"경상북도 칠곡군 약목면 약목로5길 3","호생약국","054-974-5086","1800","0830","1800","0830","1800","0830","1800","0830","1800","0830","1400","0830","C2700888","398","25","24537","36.0344759063806","128.36496164001141"
"경기도 화성시 효행로 1052, 씨네샤르망 A동 106호 (병점동)","호생약국","031-232-4524","1800","0900","1800","0900","1800","0900","1800","0900","1800","0900","1300","0900","C2109086","184","05","24538","37.2139462472317","127.04247013799"
"경기도 파주시 문산읍 봉미로 2,","호선약국","031-953-7249","1900","0900","1900","0900","1900","0900","1900","0900","1900","0900","1700","0900","1700","0900","C2102328","108","14","24539","37.861004039905396","126.78751117669367"
"전북특별자치도 전주시 덕진구 호성3길 22-4 (호성동1가)","호성백제약국","063-241-7569","2000","0900","2000","0900","2000","0900","2000","0900","2000","0900","1500","0900","C2501102","549","03","24540","35.86102216367352","127.15016111258957"
"인천광역시 계양구 계산로126번길 24","공휴일 유동적 운영","작전초등학교 맞은편","호성약국","032-544-7833","2130","0830","2130","0830","2130","0830","2130","0830","2130","0830","2100","0900","2100","0900","C1400454","210","88","24541","37.535242697623524","126.72583580074414"
"전북특별자치도 전주시 덕진구 호성1길 35, (호성동1가)","전북은행 옆","호성이화약국","063-242-0040","1830","0900","1830","0900","1230","0900","1830","0900","1830","0900","1500","0900","C2500050","549","05","24542","35.856744444444445","127.152577777777779"
"전북특별자치도 전주시 덕진구 호성3길 19, 진이비인후과 106호 (호성동1가)","초청교회옆","호성프라자약국","063-241-1093","2000","0830","2000","0830","2000","0830","2000","0830","2000","0830","1330","0830","C2500757","549","04","24543","35.860392562841376","127.15056515675572"
"경기도 구리시 장자대로 72, 미림프라자 108호 (수택동)","호수앞맑은약국","031-000-0000","1800","0900","1800","0900","1800","0900","1800","0900","1800","0900","1300","0900","C2109885","119","48","24544","37.5872628213618","127.138457645552"
"대전광역시 중구 대둔산로 397, (산성동)","호수약국","042-581-0030","2100","0900","2100","0900","2100","0900","2100","0900","2100","0900","2000","0900","2000","1500","2000","0900","C1600516","349","89","24545","36.30507954718035","127.3860454325465"
"인천광역시 연수구 아트센터대로 87, 커낼워크D4 WINTER 402동 153호 (송도동)","호수약국","050-71402-3509","1900","0900","1900","0900","1900","0900","1400","0900","1900","0900","1400","0900","C1402161","220","02","24546","37.4023784481142","126.640151020131"
"강원특별자치도 속초시 동해대로 4202, 속초농협 하나로마트 1층 1호-2호 (교동)","설 및 추석 당일만 휴무","호수약국","033-637-8130","2000","0900","2000","0900","2000","0900","2000","0900","2000","0900","2000","0900","2000","0900","2000","0900","C2201168","248","54","24547","38.1946191891215","128.579039851191"
"경기도 안산시 단원구 광덕1로 159, 대림프라자 108호 (고잔동)","365일 문 열린 친절한 약국","호수약국","031-487-7727","1930","0830","1930","0830","1930","0830","1930","0830","1930","0830","1930","0830","1930","1100","1930","1100","C2110061","154","76","24548","37.3081678690044","126.82733137589"
"경기도 파주시 탄현면 방촌로 1049, 103호","호수약국","070-8211-3677","2200","1000","2200","1000","2200","1000","2200","1000","2200","1000","1900","1000","1900","1000","2200","1000","C2109819","108","57","24549","37.7741463463843","126.905143246442"
"서울특별시 송파구 송파대로49길 52, A동 102호 (석촌동)","설, 추석 명절 당일만 휴무","호수약국","02-415-8852","2300","1000","2300","1000","2300","1000","2300","1000","2300","1000","2300","1000","2300","1000","2300","1000","C1108819","056","11","24550","37.5061875220992","127.098968471356"
"경기도 수원시 영통구 도청로17번길 10","호수약국","031-212-7579","2100","0900","2100","0900","2100","0900","2100","0900","2100","0900","1700","0900","1400","1000","C2106779","165","09","24551","37.2861126721","127.0539936769"
"경기도 양주시 옥정동로 193 (옥정동)","호수약국","031-867-5111","1800","0900","1800","0900","1800","0900","1800","0900","1800","0900","1300","0900","C2109434","114","74","24552","37.824136471871","127.098480826798"
"경기도 구리시 아차산로432번길 13, 지케이아이스쿨 2층 (교문동)","호수약국","031-516-0705","1800","0900","1800","0900","1800","0900","1800","0900","1800","0900","1300","0900","C2109577","119","35","24553","37.5937408147553","127.132131074871"
"경기도 고양시 일산동구 장백로 172, 금강프라자 101호 (장항동)","호수약국","031-904-2466","2000","0900","2000","0900","2000","0900","2000","0900","2000","0900","1600","0900","C2102767","104","14","24554","37.65026405261751","126.77787645311653"
"경기도 안양시 만안구 병목안로 69, 성원아파트 상가동 104호 (안양동)","호수약국","031-469-2029","2000","0900","2000","0900","2000","0900","2000","0900","2000","0900","1400","0900","2100","0900","C2101397","140","21","24555","37.39541216615512","126.91488967134777"
"경기도 용인시 처인구 원삼면 문촌로1번길 23, 1층","호수약국","031-526-7400","1800","0900","1800","0900","1800","0900","1800","0900","1800","0900","1300","0900","C2109794","171","68","24556","37.1645116511574","127.312563127377"
"서울특별시 종로구 삼봉로 57, 호수빌딩 지하1층 (수송동)","2025. 7.20 부터 일요일, 공휴일 휴무입니다","정확한 조제와 맞춤형 상담을 위해 항상 노력하겠습니다.","호수약국","02-733-5300","1900","0900","1900","0900","1900","0900","1900","0900","1900","0900","1300","0900","1300","0900","1300","0900","C1108691","031","51","24557","37.5725615164337","126.980473808393"
"인천광역시 서구 크리스탈로 78, 105호 (경서동, 엘림존)","호수약국","032-567-6756","2000","0900","2000","0900","2000","0900","2000","0900","2000","0900","1700","0900","C1401576","227","60","24558","37.5320498181","126.6369000756"
"경기도 용인시 수지구 대지로 39, 104호 (죽전동,양지프라자)","죽전길훈1차아파트와길훈2차아파트사이양지프라자1층","호수약국","031-264-6213","2100","0900","2100","0900","2100","0900","2100","0900","2100","0900","1900","0900","C2103125","168","72","24559","37.32836752867586","127.11383494889645"
"충청남도 천안시 동남구 천호지길 27, 1층 (안서동)","호수약국","041-554-5886","1930","0900","1930","0900","1930","0900","1930","0900","1930","0900","1500","0900","C2401464","311","16","24560","36.8360424637","127.1732822069"
"전북특별자치도 전주시 덕진구 세병서로 27, 106호 (송천동2가)","일/공휴일 전화후 방문","호수약국","063-226-2276","2100","0830","2100","0830","2100","0830","2100","0830","2100","0830","1700","0900","1700","0900","1700","0900","C2501123","551","49","24561","35.8721173606297","127.125185010935"
"충청남도 서산시 호수공원14로 36 (예천동)","현대아파트 정문","호수약국","041-669-2114","1900","0830","1900","0830","1900","0830","1900","0830","1900","0830","1400","0830","1400","0830","C2400766","319","97","24562","36.77436607097086","126.4456887192486"
"경상북도 구미시 고아읍 들성로7길 6-3","호수약국","054-458-8275","1900","0900","2300","0900","1900","0900","1900","0900","2300","0900","1400","0900","2300","2000","C2701461","391","46","24563","36.1614466146","128.3440898014"
"경기도 파주시 경의로 1204, 월드타워10차 105호 (와동동)","호수온누리약국","031-946-5112","1800","0900","1800","0900","1800","0900","1800","0900","1800","0900","1300","0900","C2109411","108","96","24564","37.7250451745055","126.761519826815"
"경기도 용인시 기흥구 동백5로 17","동백이마트뒷편버거킹옆골목4층","호수온누리약국","031-693-9870","1900","0930","1900","0930","1900","0930","1900","0930","1900","0930","1300","0930","C2103147","170","06","24565","37.276694307292324","127.15190807064596"
"경기도 김포시 김포한강4로420번길 80, 삼성프라자 108호 (구래동)","호수온누리약국","031-8049-6661","2100","0900","2100","0900","2100","0900","2100","0900","2100","0900","1400","0900","C2107796","100","63","24566","37.65072836570133","126.6335580943564"
"서울특별시 성북구 동소문로47길 12, 1층 (길음동)","미아사거리 현대백화점 맞은편","호수온누리약국","02-988-8979","1830","0900","1830","0900","1830","0900","1830","0900","1830","0900","1530","0900","C1104148","027","29","24567","37.6089389190979","127.029052234966"
"충청북도 충주시 호암수청2로 15, 1층 104호 (호암동)","조제약 및 건강기능식품","호암동 투썸플레이스 옆","호암장수약국","043-724-9555","2100","0800","2100","0800","2100","0800","2100","0800","2100","0800","1500","0800","C2301157","275","02","24568","36.9566187628818","127.923856575147"
"충청북도 충주시 사천개1길 2, 청보테라스타워 1층 108,109호 (호암동)","호암종로약국","043-853-1237","1930","0900","1930","0900","1930","0900","1930","0900","1930","0900","1330","0900","1330","0900","1330","0900","C2301131","274","80","24569","36.95577810749751","127.93562515032689"
"충청북도 충주시 호암수청1길 5, 1층 2호 (호암동)","송이소아청소년과건물","호암천사약국","043-851-9996","1800","0900","2000","1200","1300","0900","2000","1200","1800","0900","1300","0900","C2301134","275","02","24570","36.95613542929034","127.92266386382236"
"경기도 연천군 전곡읍 전곡로 185, 1층","호야약국","031-833-6123","1800","0900","1800","0900","1800","0900","1800","0900","1800","0900","1300","0900","C2109554","110","28","24571","38.0284068688578","127.066701310835"
"경기도 군포시 고산로 701, 1층 일부호 (산본동)","호약국","031-398-1117","2000","0900","1900","0900","1900","0900","2000","0900","1900","0900","1400","0900","C2108342","158","01","24572","37.3724596947291","126.935798140708"
"서울특별시 마포구 월드컵북로 402, 케이지아이티센터 305호 (상암동)","호약국","02-6393-5211","1810","0900","1810","0900","1810","0900","1810","0900","1810","0900","1300","0900","C1110635","039","25","24573","37.580189157859","126.888935582716"
"전북특별자치도 군산시 하나운로 38, 1층 104호 (나운동, 나운프라자)","호약국","063-466-4773","1930","0900","1930","0900","1930","0900","1930","0900","1930","0900","1700","0830","1800","1330","1800","1300","C2501243","541","40","24574","35.9621909526","126.7007809877"
"강원특별자치도 원주시 서원대로 383, 한신프라자 119호 (개운동)","원주의료원 정문","호약국","033-764-1932","1800","0800","1800","0800","1800","0800","1800","0800","1800","0800","C2200018","264","48","24575","37.3319910048","127.9485709192"
"부산광역시 사하구 다대낙조1길 53, 1층 (다대동)","1호선 다대포항역 3번 출구","호약국","051-262-5515","1830","0830","2100","1300","1830","0830","2100","1300","1830","0830","1330","0830","C1202495","495","03","24576","35.049853219250956","128.96965468781283"
"서울특별시 서초구 서초대로 320, 하림인터내셔날빌딩 102호 (서초동)","매달 넷째주 금요일은 19:30, 토요일은 14:00까지 영업합니다.","호약국","02-588-1204","2120","0920","2120","0920","2120","0920","2120","0920","2120","0920","1700","0930","C1109348","066","33","24577","37.4942200198785","127.01657607757"
"서울특별시 중구 세종대로11길 27, 1층 (서소문동)","호약국","070-8633-8119","2000","0800","2000","0800","2000","0800","2000","0800","1900","0800","C1109763","045","13","24578","37.5620492313405","126.974321528923"
"경기도 부천시 부흥로373번길 6, 1층 (심곡동)","호약국","032-675-2984","1800","0900","1800","0900","1800","0900","1800","0900","1800","0900","1300","0900","C2109458","145","78","24579","37.491805436681","126.783306779334"
"경기도 평택시 이충로35번길 24, 보람플러스2 104호 (이충동)","호약국","031-663-0258","1800","1000","1800","1000","1800","1000","1800","1000","1800","1000","C2108396","177","35","24580","37.0596292443199","127.066492230495"
"광주광역시 북구 동문대로249번길 7, 303동 104호 (각화동, 각화센트럴파크 3차)","호약국","070-7613-1463","2000","0830","2000","0830","2000","0830","2000","0830","2000","0830","1400","0830","C1501462","611","35","24581"
"경기도 성남시 분당구 성남대로926번길 6, 야탑 대덕프라자 603호 (야탑동)","호약국","031-707-0511","1900","0800","1900","0800","1900","0800","1900","0800","1900","0800","1400","0800","C2108799","135","06","24582","37.4121837084373","127.129849213472"
"서울특별시 송파구 송파대로45길 12 (석촌동)","석촌역 7, 8번 출구 인근","호원약국","02-415-2726","2130","1000","2130","1000","2130","1000","2130","1000","2130","1000","2130","1000","C1104560","056","09","24583","37.5060864693503","127.10446765184"
"서울특별시 강동구 성내로 66, 채원빌딩 (성내동)","강동경찰서 맞은편","호원엠약국","02-488-1512","2200","0900","2200","0900","2200","0900","2200","0900","2200","0900","1800","0900","C1104917","053","99","24584","37.5276730709425","127.127071180817"
"경기도 의정부시 평화로 232","호원프라자약국","031-874-0301","2030","0800","2030","0800","2030","0800","2030","0800","2030","0800","1800","0800","C2102997","117","10","24585","37.71283579401834","127.0477163299536"
"경기도 의정부시 신흥로 84, 1층 103호 (호원동)","공공심야 약국입니다. 밤 10시부터 새벽 1시 까지는 심야약국 운영됩니다.","호원플러스약국","070-4640-0099","1830","0900","1830","0900","1830","0900","1830","0900","1830","0900","1300","0900","C2108166","116","38","24586","37.7236070181913","127.044327492653"
"경기도 오산시 오산로 241-1 (오산동)","호이약국","031-373-4999","2100","0900","2100","0900","2100","0900","2100","0900","2100","0900","1900","0900","C2101006","181","37","24587","37.14852736345673","127.06832110157653"
"경기도 고양시 일산동구 성석로 30, 1(일부)층 (중산동)","호정약국","031-975-7589","2100","0900","2100","0900","2100","0900","2100","0900","2100","0900","1300","0830","1800","0900","1800","0900","C2106990","103","19","24588","37.68287706288763","126.790879404926"
"경상북도 경주시 충효중앙길 107","대우2차정문앞","호정약국","054-773-8356","2000","0900","2000","0900","2000","0900","2000","0900","2000","0900","1600","0900","C2700232","380","60","24589","35.844918920969455","129.1794930544288"
"서울특별시 용산구 효창원로93길 9, 한빛빌딩 2층 201호 (효창동)","호정약국","02-712-1276","2000","0900","2000","0900","1800","0900","2000","0900","2000","0900","1500","0900","C1109842","043","11","24590","37.5483556045368","126.962832298689"
"경기도 남양주시 늘을2로14번길 3, 에이스프라자 112호 (호평동)","호평 참약국","031-593-3315","1900","0930","1900","0930","1900","0930","1900","0930","2000","0930","1500","0930","C2109038","121","50","24591","37.6541054561142","127.244118468644"
"경기도 남양주시 늘을2로 27, 남양주 호평이마트 (호평동)","호평마트약국","031-593-9441","1800","0900","1800","0900","1800","0900","1800","0900","1800","0900","1300","0900","C2109156","121","49","24592","37.6550474690268","127.243052906438"
"경기도 남양주시 늘을2로 26, 메인시네마타워 5층 508-1호 (호평동)","이마트앞시네마건물5층","호평우리약국","031-559-6955","1800","0900","1800","0900","1800","0900","1800","0900","1800","0900","1500","0900","C2104076","121","50","24593","37.65506063211112","127.24409600536629"
"경기도 남양주시 호평로67번길 1 (호평동)","호평이화약국","031-559-0856","2030","0900","2030","0900","2030","0900","2030","0900","2030","0900","1800","0900","C2103302","121","47","24594","37.6562755803981","127.24735130438643"
"경기도 남양주시 늘을3로 65-12, 104호 (호평동, 금강프라자)","중흥S클레스1차,신명,대주아파트사거리의금강프라자1층","호평중앙약국","031-595-8475","2100","0830","2100","0830","2100","0830","2100","0830","2100","0830","2030","0830","C2102678","121","45","24595","37.66023074209707","127.24772689199074"
"대전광역시 유성구 은구비남로 41, 지상1층 (지족동)","호호약국","042-000-0000","2100","0830","2100","0830","2100","0830","2100","0830","2100","0830","2100","0830","2100","0900","C1601464","340","86","24596","36.3723893132186","127.320402401462"
"부산광역시 금정구 동현로16번길 65, 1층 4호 (부곡동, 부곡영화맨션)","1호선 온천장역 4번출구","호호약국","051-517-7501","2000","0930","2000","0930","2000","0930","2000","0930","2000","0930","1500","0930","C1202635","463","06","24597","35.2208134341426","129.088184541787"
"충청북도 청주시 청원구 상당로 233, 1층 (우암동)","호호약국","043-902-5213","1800","0830","1800","0830","1800","0830","1800","0830","1800","0830","1330","0830","C2301236","285","36","24598","36.6492135181051","127.48886295043"
"부산광역시 중구 구덕로 87-1, 2(L)층 (남포동6가)","13:00~14:00 점심","호호약국","051-245-3155","1800","0900","1800","0900","1800","0900","1800","0900","1800","0900","1300","0900","C1202774","489","82","24599","35.0968259529789","129.026408472568"
"경기도 안성시 공도읍 송원길 23, 1층 107호","매주 화요일은 휴무입니다.","친절함과 전문성을 겸비한 우리동네 단골 약국! 호호약국에서 몸도 마음도 힐링하고 가세요. 몸도 호~ 마음도 호~ 우리모두 호호하하!","호호약국","031-653-6396","2000","1000","2000","1000","2000","1000","2000","1000","2000","1000","2000","1000","2000","1000","C2108725","175","50","24600","37.0075166640898","127.172566758923"
"서울특별시 관악구 남부순환로 1595, 1층 (신림동)","신림역 5번출구 20m 관악농협 신림역점 옆건물","호호약국","02-882-2633","2200","0900","2200","1300","2200","0900","2200","0900","2200","0900","2200","0900","2200","1300","2200","1300","C1103930","087","59","24601","37.4842546424879","126.927706356919"
"서울특별시 은평구 서오릉로 139","구산역 2번출구 바로앞","호호약국","02-358-1236","2000","0900","2000","0900","2000","0900","2000","0900","2000","0900","1500","0900","1800","0900","C1100037","033","98","24602","37.6108381553336","126.917477157083"
"서울특별시 성북구 동소문로 63, 드림트리빌딩 1층 (동소문동4가)","설,추석,공휴일 모두 문 열어요.","성신여대입구 4번출구에서 한성대입구역방향으로 쭉 직진","호호약국","02-2039-1752","2100","0900","2100","0900","2100","0900","2100","0900","2100","0900","2100","0900","2100","0900","2100","0900","C1109831","028","32","24603","37.5916727536385","127.012207923918"
"인천광역시 부평구 부평대로51번길 7, 제이·원 부평메디피아 1층 101호 (부평동)","호호약국","032-330-8858","1900","0900","1900","0900","1900","0900","1900","0900","1900","0900","1400","0900","C1401817","213","88","24604","37.49589474921","126.72214321347"
"울산광역시 중구 종가6길 32, 201,202호 (우정동)","호호약국","052-246-4242","1930","0900","1930","0900","1930","0900","1930","0900","1930","0900","1600","0900","C1700650","445","42","24605","35.56297892259319","129.31071362635663"
"부산광역시 해운대구 좌동순환로433번길 30-1, 해운대힐스테이트위브 109호 (중동)","2호선 장산역 11번출구","호호약국","051-746-7501","1900","0900","1900","0900","1900","0900","1330","0900","1900","0900","1330","0900","C1202735","481","14","24606","35.1625239061394","129.179846027108"
"경상남도 진주시 동진로 22, 아주스타타워 101호 (칠암동)","호호약국","055-763-8765","2000","0900","2000","0900","2000","0900","2000","0900","2000","0900","1600","0900","C2802230","527","26","24607","35.1785236539218","128.093639065686"
"경상남도 양산시 물금읍 신주로 49, 104호 (물금빌딩)","신창아파트 후문 근처","호호약국","055-362-1296","2000","0900","2000","0900","2000","0900","2000","0900","2000","0900","1600","0900","1300","0900","C2800734","506","05","24608","35.33271840595479","129.01695103352384"
"울산광역시 울주군 언양읍 헌양길 37, 1층","호호약국","052-716-2366","1830","0830","1830","0830","1830","0830","1830","0830","1830","0830","1300","0830","C1700737","449","46","24609","35.5647536233906","129.125171703515"
"대구광역시 달성군 현풍읍 테크노상업로2길 8-7, 102호","호호약국","053-611-3168","1800","0900","1800","0900","1800","0900","1800","0900","1800","0900","C1301810","430","17","24610","35.691300683886986","128.4542892178891"
"경기도 과천시 중앙로 129, 고려빌딩 3층 304호 (중앙동)","호호온누리약국","02-507-8878","1800","0900","1800","0900","1800","0900","1800","0900","1800","0900","1300","0900","C2109424","138","07","24611","37.4283051416302","126.991003155267"
"경기도 남양주시 별내3로 320, 센트럴프라자 105호 (별내동)","호호온누리약국","031-575-6599","2000","0900","2000","0900","2000","0900","2000","0900","2000","0900","1600","0900","C2107345","120","97","24612","37.6660075522","127.1178157"
"서울특별시 강동구 양재대로 1360, 2층 2026, 2027호 (둔촌동)","호호호약국","02-2135-5897","1900","0900","1900","0900","1900","0900","1900","0900","1900","0900","1400","0900","C1110640","054","09","24613","37.5274758605763","127.137046059861"
"경기도 고양시 일산동구 백석로108번길 68-13, 1(일부)층 (백석동)","호호호약국","070-8119-1835","1830","0900","1830","0900","1830","0900","1830","0900","1830","0900","1300","0900","C2106992","104","45","24614","37.64625481168469","126.79130845779754"
"서울특별시 성북구 종암로 123, 104호 (종암동)","야간시간 변동적 운영가능, 방문 전 유선 문의 주세요.","홀리데이약국","02-927-0242","2000","0830","2000","0830","2000","0830","2000","0830","2000","0830","1430","0830","1500","1000","C1108212","028","03","24615","37.6010132669533","127.033166191324"
"경기도 하남시 하남대로 747, 지하3층 (신장동)","홈약국","031-794-7668","2200","1000","2200","1000","2200","1000","2200","1000","2200","1000","2200","1000","2200","1000","2300","1000","C2103100","129","61","24616","37.53799825991528","127.2126404116515"
"서울특별시 서초구 서초대로 24, 1층 (방배동)","이수역 5번출구","홈케어방배약국","02-585-7270","2000","0930","2000","0930","2000","0930","2000","0930","2000","0930","1500","0930","C1100649","066","75","24617","37.4854532514029","126.985045328064"
"경기도 수원시 권선구 세권로 157 , 2층 (권선동)","홈케어생명약국","031-236-8275","1800","0800","1800","0800","1800","0800","1230","0800","1800","0800","1230","0800","C2101056","165","65","24618","37.25651124749011","127.02161345536943"
"경기도 고양시 일산서구 중앙로 1547","홈케어웰빙약국","031-913-7800","1800","0830","1800","0830","1800","0830","1800","0830","1800","0830","1300","0830","C2102845","103","82","24619","37.674817934713836","126.74956875801517"
"부산광역시 연제구 아시아드대로 92","버스정류장: 연제우체국 앞 거제 11차 현대홈타운상가 107호","홈타운약국","051-507-9970","1930","0900","1930","0900","1930","0900","1930","0900","1930","0900","1500","0900","C1200497","475","08","24620","35.19276579539632","129.06742317198567"
"서울특별시 동대문구 장안벚꽃로 107, 2층 6호 (장안동, 현대홈타운제1상가동)","장안현대홈타운 상가동 2층6호","홈타운약국","02-2213-9847","1800","0900","1800","0900","1800","0900","1800","0900","1800","0900","1300","0900","C1102182","026","38","24621","37.5710568281709","127.075113657819"
"울산광역시 남구 대암로 69, 1층 124~5호 (야음동, 신정현대프라자)","신정현대홈타운 상가 1층에 홈타운약국입니다. 처방조제 일반의약품 건강기능식품 의약외품외 *동물약품*도 취급하고 있습니다 감사합니다 ^^","홈타운상가내 파리바게트앞^^","홈타운약국","052-227-7760","2000","0900","2000","0900","2000","0900","2000","0900","2000","0900","1800","0900","C1700265","447","33","24622","35.53074418251737","129.32393772628913"
"경기도 안양시 동안구 경수대로 462, 125호 (호계동, 호계2차현대홈타운상가)","홈타운약국","031-459-0777","2130","0900","2130","0900","2130","0900","2130","0900","2130","0900","2100","0900","C2103972","141","25","24623","37.36404516846269","126.96001175072189"
"부산광역시 연제구 종합운동장로 7 (거제동)","2주, 4주 일요일 휴진 마트 쉬는날 휴무","버스정류장: 홈플러스 아시아드점 내 3호선 종합운동장역 3번 출구","홈플러스삼성온누리약국","051-507-8411","2200","1000","2200","1000","2200","1000","2200","1000","2200","1000","2200","1000","2200","1000","2200","1000","C1200345","475","00","24624","35.19125436052001","129.06283583683293"
"대구광역시 달서구 신당로 63, (신당동)","홈플러스약국","053-586-7676","1900","0900","1900","0900","1900","0900","1900","0900","1900","0900","C1300186","426","13","24625","35.853835530570926","128.49956098585835"
"충청북도 청주시 흥덕구 서부로 1291 (가경동)","2, 4주 일요일만 휴무(마트 내 약국으로 마트 휴무일만 휴무)","2, 4주 일요일만 휴무(마트 내 약국으로 마트 휴무일만 휴무)","홈플러스준약국","043-234-7765","2230","1000","2230","1000","2230","1000","2230","1000","2230","1000","2230","1000","2230","1000","2230","1000","C2300946","284","13","24626","36.615434200507536","127.44224009581435"
"서울특별시 마포구 와우산로27길 43, 1층 (서교동)","명절당일 휴무","서교초등학교 옆","홍대365약국","02-3141-1084","2300","1100","2300","1100","2300","1100","2300","1100","2300","1100","2300","1100","2300","1100","2230","1130","C1107174","040","54","24627","37.5547020082202","126.926131923762"
"서울특별시 마포구 어울마당로 128, 1층 (서교동)","홍대어울림약국","02-332-9233","2300","1100","2300","1100","2300","1100","2300","1100","2300","1100","2300","1100","2300","1100","2300","1100","C1109438","040","55","24628","37.5557196028769","126.924295467517"
"서울특별시 마포구 어울마당로 62, 1층 (서교동)","홍대참신한약국","02-6368-5799","2330","1200","2330","1200","2330","1200","2330","1200","2335","1200","2355","1200","2310","1200","2310","1200","C1108903","040","49","24629","37.5506007838824","126.921429397327"
"경상남도 양산시 상북면 양산대로 1238","소토삼거리, 부산은행,농협사이","홍룡사약국","055-363-8869","1900","0900","1900","0900","1900","0900","1900","0900","1900","0900","1900","0900","C2801170","505","65","24630","35.37949996229958","129.0487905591178"
"서울특별시 동대문구 홍릉로 59, 1층 (청량리동)","홍릉종로약국","02-968-9988","1930","0800","1930","0800","1930","0800","1930","0800","1900","0900","1800","0900","1800","0900","C1107019","024","83","24631","37.5854566316203","127.043249910878"
"충청남도 부여군 홍산면 홍산로 49 (홍산면)","코로나19 끝날때까지 공휴일 휴무","홍산의원 옆","홍산예약국","041-8364520","1900","0830","1900","0830","1900","0830","1900","0830","1900","0830","1600","0830","1700","0800","C2401266","331","99","24632","36.213903473058316","126.75952753784911"
"충청남도 부여군 홍산면 홍산로 52-1","홍산서부여농협 맞은편","홍산종로약국","041-835-9139","1900","0800","1900","0800","1900","0800","1900","0800","1900","0800","1700","0800","1700","0800","1700","0900","C2401348","331","99","24633","36.21401274123038","126.76008770366844"
"부산광역시 북구 시랑로 163 (구포동)","새마을금고 옆","홍삼당약국","051-336-1374","2000","0900","2000","0900","2000","0900","2000","0900","2000","0900","1400","0900","C1200592","466","25","24634","35.19632058407363","129.01323697598323"
"서울특별시 양천구 중앙로 253 (신정동)","마지막주 일요일만 운영","신정네거리역1번출구 바로앞","홍삼약국","02-2698-1324","2100","0900","2100","0900","2100","0900","2100","0900","2100","0900","2000","0900","1900","1200","C1100651","080","73","24635","37.5189429073856","126.853121597623"
"서울특별시 중랑구 중랑역로 150, (묵동)","우성아파트상가","홍성백약국","02-973-5485","2000","0800","2000","0800","2000","0800","2000","0800","2000","0800","2000","0800","C1103647","020","10","24636","37.6067737700947","127.077369280232"
"충청남도 홍성군 홍성읍 조양로 231 (홍성읍)","홍성한방병원 바로 밑.","홍성종로약국","041-634-9321","1810","0820","1810","0820","1810","0820","1930","0820","1810","0820","1220","0900","C2400533","322","20","24637","36.59998447276394","126.67516177725369"
"충청남도 홍성군 홍성읍 조양로 158-1","국민은행 옆","홍성종합약국","041-631-3838","2000","0800","2000","0800","2000","0800","2000","0800","2000","0800","1700","0800","C2400333","322","31","24638","36.60118867659623","126.6674227089672"
"서울특별시 서대문구 통일로 468, 1층 (홍제동)","홍시약국","02-391-1220","1900","0830","1900","0830","1900","0830","1900","0830","1900","0830","1400","0830","C1109386","036","28","24639","37.5902681745389","126.942906325905"
"충청남도 아산시 탕정면 탕정면로 20, 104,105호 (JS 팰리스빌딩)","트라팰리스앞우리은행맞은편","홍시약국","041-424-8275","2000","0900","2000","0900","1900","1100","2000","0900","2000","0900","1400","0900","1400","0900","C2400830","314","56","24640","36.7985487725982","127.05940885847009"
"전북특별자치도 전주시 완산구 당산로 108, 1층일부층 (서신동)","홍시약국","063-278-8182","2000","0830","2000","0830","2000","0830","2000","0830","2000","0830","1400","0830","C2500071","549","50","24641","35.83385543539268","127.1001046675926"
"서울특별시 중구 남대문로9길 40, 센터플레이스(Center Place) 108-1호 (다동)","홍신약국","02-776-5117","2030","0830","2030","0830","2030","0830","2030","0830","2030","0830","1400","0930","C1103272","045","22","24642","37.5671421016237","126.980368823536"
"대구광역시 서구 국채보상로 294, 1층 (평리동)","홍약국","053-557-0112","1800","0900","1800","0900","1800","0900","1800","0900","1800","0900","C1301772","418","13","24643","35.8716110869961","128.56310519028"
"부산광역시 부산진구 당감서로 169","2,4주 토,일 휴무","매달 2,4주 일요일 휴무","당감주공(백양뜨란채) 3단지 상가","홍약국","051-894-6076","2100","0900","2100","0900","2100","0900","2100","0900","2100","0900","2100","0900","2100","0900","C1201394","471","56","24644","35.17136268397318","129.02746425304667"
"부산광역시 중구 흑교로 53-1","버스정류장: 중부산세무소 맞은편","홍약국","051-513-8911","2000","0900","2000","0900","2000","0900","2000","0900","2000","0900","1600","0900","C1202115","489","63","24645","35.104245335133676","129.02456444841124"
"강원특별자치도 원주시 원문로 143, 101호 (단계동)","정병원 맞은 편","홍약국","033-743-1915","1830","0900","1830","0900","1830","0900","1830","0900","1830","0900","1300","0900","C2200103","264","10","24646","37.35520170749439","127.93337860760127"
"경상북도 칠곡군 북삼읍 금오대로6길 4","홍약국","054-977-7980","1900","0900","1900","0900","1700","0900","1900","0900","1900","0900","1500","0800","C2701714","398","14","24647","36.0687302954824","128.347003260826"
"충청남도 홍성군 홍성읍 조양로 236 (홍성읍)","공휴일운영시간은 특별한 사유 발생시 조정될 수 있습니다.","홍성의료원옆 역전방향에 위치함","홍성의료원 옆","홍약국","041-633-8633","2000","0830","2000","0830","2000","0830","2000","0830","2000","0830","1800","1400","1800","1400","C2400518","322","33","24648","36.59948885155648","126.67555655747856"
"경상남도 창원시 마산합포구 진동면 삼진의거대로 618, 지상1층 102호","홍약국","055-271-1775","1800","0900","1800","0900","1800","0900","1800","0900","1800","0900","1300","0900","C2800005","517","92","24649","35.11531597288592","128.4859673956704"
"충청남도 논산시 시민로 217 (내동)","홍약국","041-735-5202","2200","0900","2200","0900","2200","0900","2200","0900","2200","0900","2200","0900","1800","1200","C2401430","329","88","24650","36.1861720721","127.0969947033"
"서울특별시 은평구 연서로 246, 203호 (불광동)","연신내역 3번출구","홍약국","02-382-5435","2030","0840","2030","0840","1830","0840","1830","0840","2030","0840","1530","0840","1300","0900","1300","0900","C1104657","033","50","24651","37.6190478329207","126.922607355291"
"경기도 성남시 중원구 도촌남로 37, 도촌프라자 1층 104호 (도촌동)","홍약국","031-759-9293","2030","0900","2030","0900","2030","0900","2030","0900","2030","0900","1400","0900","C2106690","134","26","24652","37.41462258383238","127.15164801405177"
"경기도 오산시 역광장로 55, 동일빌딩 1층 102,103호 (오산동)","홍약국","031-373-7763","2000","0900","2000","0900","2000","0900","2000","1400","2000","0900","C2107704","181","37","24653","37.1453582518","127.06745462"
"경기도 안산시 단원구 광덕3로 167, 신영프라자 1층 102호 (고잔동)","홍약국","031-403-4379","2030","0900","2030","0900","2030","0900","2030","0900","2030","0900","C2108365","154","62","24654","37.3126932384923","126.83159443091"
"부산광역시 부산진구 가야대로 745, (부전동)","버스정류장: 신동아오피스텔옆","홍약국","051-806-9721","1800","0900","1800","0900","1800","0900","1800","0900","1800","0900","1300","0900","C1200439","472","58","24655","35.15792458111143","129.0531468464037"
"서울특별시 중랑구 면목로 310, 3층 (면목동)","사가정역 4번출구","홍약국","02-432-7709","1900","0900","1900","0900","1900","0900","1900","0900","1900","0900","1400","0900","C1107359","022","49","24656","37.5796360424526","127.087974659533"
"서울특별시 동대문구 답십리로48가길 46 (답십리동)","답십리역 4번출구에서 답십리사거리 방향","홍약국","02-2212-7582","1800","0830","1800","0830","1800","0830","1800","0830","1800","0830","1300","0830","C1100652","026","06","24657","37.5710598481995","127.057920287959"
"서울특별시 서대문구 홍연길 87 (연희동)","연희동 홍연시장앞","홍연약국","02-337-0555","1900","0830","1900","0830","1900","0830","1900","0830","1900","0830","1500","0830","C1103322","036","96","24658","37.5768701260661","126.931228062773"
"충청남도 홍성군 홍북읍 청사로 146, 센텀시티 1동 2층 209호","홍예약국","041-631-1956","1900","0830","1900","0830","1900","0830","1900","0830","1900","0830","1300","0830","1300","0900","C2401537","322","56","24659","36.657044910816325","126.6793646457232"
"강원특별자치도 춘천시 지석로 89 (석사동)","투탑시티 맞은편 1층","홍온누리약국","033-261-0855","1830","0900","1830","0900","1830","0900","1830","0900","1830","0900","1830","0900","C2200545","244","15","24660","37.85105161530388","127.74522529361765"
"울산광역시 남구 수암로 105, 1층 (신정동)","공휴일이 월요일인 경우 09시~13시까지 영업","수암농협 옆 양이비인후과 건물 1층","수암농협 뒤편","홍은약국","052-265-6969","1900","0900","1900","0900","1900","0900","1900","0900","1900","0900","1400","0900","C1700269","447","39","24661","35.52919889143144","129.3192106515158"
"서울특별시 서대문구 가좌로 65, 1층 102호 (홍은동, 서강주상복합아파트)","대체공휴일 영업","홍은약국","02-309-2817","1900","0900","1900","0900","1900","0900","1900","0900","1900","0900","1400","0900","C1109391","036","63","24662","37.5790712056773","126.929014725311"
"경기도 안성시 금광면 종합운동장로 132 (금광면)","홍익골든빌아파트 상가","홍익사과약국","031-677-3566","2030","0900","2030","0900","2030","0900","2030","0900","2030","0900","1730","0900","C2103080","175","35","24663","37.009677792140245","127.32857780316972"
"서울특별시 마포구 양화로18길 7, 1층 (동교동)","홍익약국","02-337-5414","2330","0900","2330","0900","2330","0900","2330","0900","2330","0900","2330","0900","2330","0900","2300","1000","C1109283","040","51","24664","37.5568600167809","126.924610865605"
"경상남도 창원시 의창구 동읍 동읍로 9","농협근처","홍익약국","055-291-7481","1930","0830","1930","0830","1930","0830","1930","0830","1930","0830","1500","0830","1330","1030","1300","0900","C2800773","511","32","24665","35.27810331487398","128.68442989565438"
"대구광역시 북구 학정로 50","공휴일은 병원 시간에 맞춰서 운영","대구병원건너편올리브사우나1층","홍익약국","053-656-6689","1900","0900","1900","0900","1900","0900","1900","0900","1900","0900","1330","0900","C1300990","414","71","24666","35.913205379644246","128.5481339625112"
"서울특별시 마포구 양화로 192, 1층 102호 (동교동)","홍익플라자약국","02-336-2269","2100","0930","2100","0930","2100","0930","2030","0930","2100","0930","2000","0930","1900","1100","C1110484","040","56","24667","37.5583280533329","126.926246501876"
"서울특별시 양천구 목동중앙서로2길 9, 1층 (목동)","홍익병원 뒤","홍익후문약국","02-2654-0624","1800","0900","1700","0900","1700","0900","1700","0900","1700","0900","1300","0900","C1106991","079","66","24668","37.5320295781152","126.864567100541"
"서울특별시 서대문구 통일로34길 48, 216호 (홍제동)","인왕산현대아파트단지 상가 216호","홍인약국","02-379-4655","2100","1000","2100","1000","2100","1000","2100","1000","2100","1000","2000","1100","C1100653","036","33","24669","37.585994239515","126.950519644235"
"대전광역시 대덕구 한밭대로 1015, (오정동)","홍인약국","042-628-8288","1900","0900","1900","0900","1900","0900","1900","0900","1900","0900","1500","0900","C1600413","343","79","24670","36.358541666666667","127.411161111111113"
"서울특별시 양천구 목동로 229, 1층 (신정동)","365일약국 // 연중무휴 // 월화수목금토 (08:30 - 20:00) // 일요일, 공휴일, 명절 (09:00 - 18:00)","홍일태평양약국입니다. 항상 친절하고 정확한 조제로 환자분들의 건강을 책임집니다. 다양한 제품을 저렴한 가격으로 구매하실수 있도록 최선을 다합니다. 365일약국, 연중무휴, 저렴한약국, 동물의약품 공휴일 및 명절( 09:00 - 18:00)","목동역 2번출구/홍익병원신관 바로옆","홍일태평양약국","02-2692-0422","2000","0830","2000","0830","2000","0830","2000","0830","2000","0830","2000","0830","1800","0900","1800","0900","C1103622","079","37","24671","37.529064029497","126.863632210769"
"강원특별자치도 고성군 간성읍 간성로 60","간성읍 하리 한림의원 1F, 군청입구","홍제당약국","033-681-2061","1830","0830","1830","0830","1830","0830","1830","0830","1830","0830","1300","0830","C2200617","247","35","24672","38.37955071953556","128.46847236284046"
"부산광역시 금정구 금정로149번길 13, (장전동)","1호선 장전역 1,3번출구","홍제당약국","051-581-6566","1900","0900","1900","0900","1900","0900","1900","0900","1900","0900","1500","0900","1800","0830","C1200311","609","391","24673","35.2378358994082","129.08705203415315"
"서울특별시 서대문구 통일로 442, J여성병원TOWER 1층 101호 (홍제동)","홍제바른약국","0507-1305-2336","2100","0830","2100","0830","2100","0830","2100","0830","2100","0830","1700","0830","C1110760","036","29","24674"
"서울특별시 서대문구 통일로 440 (홍제동)","홍제역 2번출구 올레핸드폰에서 좌회전","홍제약국","02-396-1136","1900","0840","1900","0840","1900","0840","1900","0840","1900","0840","1500","0840","1300","0840","1900","0840","C1101323","036","29","24675","37.5883577541129","126.945087444151"
"서울특별시 서대문구 세무서길 12(홍제동)","홍제우리약국","02-720-3373","2000","0900","2000","0900","2000","0900","2000","0900","2000","0900","1900","0900","C1109795","036","30","24676","37.588523252875","126.945642117262"
"서울특별시 서대문구 통일로 425, 1층 (홍제동)","홍제제일약국","02-379-0345","2300","0900","2300","0900","2300","0900","2300","0900","2300","0900","1800","0900","1430","0900","2300","0900","C1109883","036","46","24677","37.5870345311416","126.945812691939"
"서울특별시 서대문구 통일로 450, 1층 (홍제동)","홍제역 1,2번출구 중간","홍제태양약국","02-391-0808","2000","0830","2000","0830","2000","0830","2000","0830","2000","0830","1800","0830","C1104038","036","29","24678","37.5889692455383","126.9442923883"
"서울특별시 서대문구 세무서길 8, 1층 2호 (홍제동)","홍제튼튼약국","027250266","1930","0900","1930","0900","1930","0900","1930","0900","1930","0900","1500","0900","2000","1300","C1109756","036","30","24679","37.5882912760387","126.945509022426"
"대구광역시 수성구 시지로 55","노변타운상가","홍조당약국","053-791-0959","1810","0900","1810","0900","1810","0900","1810","0900","1810","0900","1300","0900","C1300724","422","59","24680","35.83947458634741","128.69612893546167"
"충청남도 홍성군 홍성읍 내포로 2,","일요일, 공휴일 비정기적 운영으로 확인 필요","다비치안경점 옆","홍주약국","041-632-2300","1830","0830","1830","0830","1830","0830","1830","0830","1830","0830","1330","0830","1800","0830","C2400551","322","30","24681","36.60128302456103","126.66635831630408"
"서울특별시 용산구 이촌로 206, 3층 (이촌동, 국민은행PB센터)","이촌역 4번출구/국민은행PB센터 3층","홍주약국","02-793-5572","1800","0830","1800","0830","1800","0830","1800","0830","1800","0830","1400","0830","C1104216","044","27","24682","37.5208962732342","126.96985513634"
"충청남도 홍성군 홍성읍 의사로 49","한약만","농협동부지소 맞은편","홍주한약국","041-632-2303","1800","0900","1800","0900","1800","0900","1800","0900","1800","0900","1700","0900","C2400819","322","21","24683","36.60193746626944","126.6709736015252"
"강원특별자치도 홍천군 홍천읍 홍천로 356","읍사무소 앞","홍천시민온누리약국","033-433-2311","1800","0900","1800","0900","1800","0900","1800","0900","1800","0900","1300","0900","C2200573","250","805","24684","37.6887368393","127.8850100253"
"강원특별자치도 홍천군 홍천읍 홍천로8길 3","구)도민상호저축은행 건너편","홍천종로약국","033-435-3900","1830","0900","1830","0900","1830","0900","1830","0900","1830","0900","1200","0900","C2200320","251","37","24685","37.68980058629998","127.8868457384124"
"강원특별자치도 홍천군 홍천읍 산림공원1길 15","홍천아산병원 앞","홍천종합약국","033-435-0300","1900","0800","1900","0800","1900","0800","1900","0800","1900","0800","1500","0800","C2200250","251","31","24686","37.691326339955666","127.89488606164896"
"경상북도 문경시 문경읍 문희로 28","일요일 운영일(2,7일)","홍화약국","054-571-5809","1930","0830","1930","0830","1230","0900","1530","0830","1300","0830","1930","0830","C2700146","369","17","24687","36.73488800390156","128.10872009307764"
"경상남도 하동군 화개면 화개로 26","일요일, 공휴일 휴무","시외버스터미널 부근","화개약국","055-883-3232","1800","0900","1800","0900","1800","0900","1800","0900","1800","0900","1300","0900","C2800944","523","03","24688","35.18951044338172","127.62337029871038"
"서울특별시 강서구 화곡로 157, 1층 (화곡동)","화곡기쁨약국","02-2606-5959","2000","0900","2000","0900","2000","0900","2000","0900","2000","0900","1600","0900","C1109654","077","14","24689","37.5415777854068","126.839107538296"
"서울특별시 강서구 가로공원로76길 56","화곡중앙시장 인근","화곡메디칼약국","02-2605-4155","1900","0900","1900","0900","1900","0900","1900","0900","1900","0900","1400","0900","C1100514","077","61","24690","37.5345343516043","126.837818487511"
"서울특별시 강서구 화곡로 176-4 (화곡동)","화곡역 3번출구 바로앞","화곡명문약국","02-2604-4533","2100","0900","2100","0900","2100","0900","2100","0900","2100","0900","1530","0900","C1100734","077","27","24691","37.54165776434","126.841148635684"
"서울특별시 강서구 강서로 254 (화곡동, 우장산아이파크이편한세상)","우장산아이파크이편한세상상가 302호","화곡서울약국","02-2692-3800","1900","0800","1900","0800","1900","0800","1900","0800","1900","0800","1500","0800","C1103723","076","91","24692","37.5484347011443","126.836714122498"
"서울특별시 강서구 강서로 205, (화곡동)","화곡역 8번출구에서 우장산역 방향","화곡태평양약국","02-2693-1044","2100","0900","2100","0900","2100","0900","2100","0900","2100","0900","1900","0900","C1103242","077","07","24693","37.5441393622812","126.837621158964"
"경기도 남양주시 화도읍 묵현로 15","화도건강온누리약국","031-511-6525","1700","0900","1700","0900","1700","0900","1700","0900","1700","0900","1600","0900","C2102921","121","68","24694","37.65757140867354","127.28961216731136"
"경기도 남양주시 화도읍 경춘로 1896-8, 1층 (오월프라자)","화도약국","031-511-2005","1700","0900","1700","0900","1700","0900","1700","0900","1700","0900","C2107304","121","78","24695","37.652044516","127.2984023983"
"인천광역시 동구 화도진로 137","둘째주 넷째주 토요일 휴무","영풍아파트 건너편","화도진약국","032-772-5030","1900","0900","1900","0900","2200","0900","1900","0900","1900","0900","1300","0900","C1400763","225","10","24696","37.48297130615846","126.62660527216865"
"서울특별시 노원구 노원로1길 67 (공릉동)","대덕프라자 302호","화랑대약국","02-3296-1533","2100","0930","2100","0930","2100","0930","2100","0930","2100","0930","1800","0930","1800","0930","1800","0930","C1100515","018","27","24697","37.6208254563305","127.083635681247"
"경상북도 경주시 원화로 275 (성동동)","경주역맞은편(포항방면)","화랑약국","054-773-8929","1825","0830","1825","0830","1825","0830","1825","0830","1825","0830","1300","0830","C2700976","381","46","24698","35.845253848476716","129.21702518225467"
"대구광역시 수성구 화랑로 114, 1층 (만촌동)","화랑약국","053-755-9905","1800","0900","1800","0900","1800","0900","1800","0900","1800","0900","C1301877","420","37","24699","35.8729045526821","128.639429477933"
"전북특별자치도 전주시 덕진구 송천중앙로 157 (송천동1가)","GS마트박상배내과1층","화랑약국","063-274-5444","2000","0800","2000","0800","2000","0800","2000","0800","2000","0800","1500","0800","C2500292","548","34","24700","35.860983333333330","127.121077777777771"
"충청북도 증평군 증평읍 증평로 3, 1층 102호 (증평읍)","증평주공5단지 부근, 점심시간 12시~13시","화랑약국","043-838-0918","2000","0900","2000","0900","2000","0900","1300","0900","2000","0900","1500","0900","1300","0900","1300","0900","C2300984","279","23","24701","36.788038115659624","127.5879501656734"
"인천광역시 남동구 석산로 119 (간석동) 1층","화랑약국","032-423-4140","1800","0900","1800","0900","1800","0900","1800","0900","1800","0900","C1401467","215","50","24702","37.4604298194496","126.70509602343303"
"인천광역시 연수구 원인재로 312, 104호(연수동,경남아파트상가)","경남아파트상가104호,","화랑약국","032-813-0282","2100","0900","2100","0900","2100","0900","2100","0900","2100","0900","2100","0900","1700","0900","C1400020","219","37","24703","37.42104811178164","126.69400209184235"
"서울특별시 영등포구 신길로 42, 1층 (신길동)","썬프라자삼거리","화랑온누리약국","02-849-8474","1900","0800","1900","0800","1900","0800","1900","0800","1900","0800","1400","0800","C1100516","074","36","24704","37.4964707028524","126.908618171148"
"서울특별시 노원구 공릉로 150 (공릉동) 1층","화랑대역 3번출구","화랑온누리약국","02-975-4151","2230","0845","2230","0845","2230","0845","2230","0845","2200","0845","2200","0845","2230","1700","2230","1700","C1107137","018","19","24705","37.6233728320458","127.079575883266"
"경상남도 창원시 의창구 명지로103번길 45 (명서동)","화랑한약국","055-607-5525","1700","1000","1700","1000","1700","1000","1700","1000","1700","1000","1500","1000","C2802309","511","72","24706","35.2531379615303","128.643057908581"
"경상북도 상주시 화서면 화령북4길 1","화령약국","054-531-1053","1700","0830","1700","0830","1700","0830","1700","0830","1700","0830","1300","0830","C2700248","371","39","24707","36.4440899795319","127.948486226683"
"부산광역시 북구 화명신도시로 120, (화명동)","롯데마트사거리에서 화명 기차역 방면 부산은행 옆 / 2호선 화명역 1번 출구","화명메디칼약국","051-331-8525","2230","0900","2230","0900","2230","0900","2230","0900","2230","0900","2230","0900","2230","0900","2230","0900","C1200988","465","26","24708","35.23459857410824","129.01103753140544"
"부산광역시 북구 화명대로 47, 1층 (화명동, 롯데마트)","롯데마트(화명점) 휴무에 따라서 일요일 동시휴무","2호선 화명역 1번출구","화명새봄약국","051-365-7189","2100","1000","2100","1000","2100","1000","2100","1000","2100","1000","2100","1000","2100","1000","2100","1000","C1202227","465","25","24709","35.235168557635106","129.01301654931674"
"부산광역시 북구 금곡대로 287 3층 303호","2호선 화명역 1번 출구","화명수약국","051-364-5507","1900","0930","1900","0930","1900","0930","1900","0930","1900","0930","1400","0930","C1202322","465","26","24710","35.2341832365","129.0133085198"
"부산광역시 북구 금곡대로 312, 3층 (화명동)","롯데마트부근, 화명역6번출구","화명열린약국","051-363-8539","1830","0900","1830","0900","1830","0900","1830","0900","1830","0900","1300","0900","C1201254","465","31","24711","35.23612221050368","129.01414927898165"
"부산광역시 해운대구 세실로 64 (좌동, 2층)","2호선 장산역 2번 출구, 화목데파트상가 2층","화목2층약국","051-701-8608","1900","0900","1900","0900","1900","0900","1900","0900","1900","0900","1400","0900","C1202127","481","07","24712","35.17097511301613","129.17766868908544"
"부산광역시 동래구 충렬사로 45 (안락동)","충렬사 뒤 화목아파트 입구","화목약국","051-526-4245","1830","0900","1830","0900","1830","0900","1830","0900","1830","0900","1300","0900","C1201077","477","53","24713","35.203077124729425","129.09811380209464"
"대전광역시 중구 계룡로 945-1","대사동농협옆대전중앙교회맞은편","화목한 약국","042-222-9889","1900","0900","1900","0900","1900","0900","1900","0900","1900","0900","1300","0900","C1600615","349","46","24714","36.318995002772915","127.41713355248785"
"울산광역시 북구 상방로 106 (연암동)","화봉시장사거리농협맞은편","화봉금강산약국","052-288-5506","2100","0900","2100","0900","2100","0900","2100","0900","2100","0900","2100","0900","2100","0900","2100","0900","C1700238","442","42","24715","35.587778430971916","129.3658455522942"
"울산광역시 북구 화봉로 60 (연암동)","화봉시장 맞은편 버스정류장 뒤 위치합니다","화봉시장 앞, 104호","화봉약국","052-289-7658","2000","0900","2000","0900","2000","0900","2000","0900","2000","0900","1700","0900","C1700143","442","42","24716","35.58792571648531","129.36568663014606"
"제주특별자치도 제주시 일주동로 199 1층 (화북일동)","토요일 12시 이후 방문 전 전화 부탁드리겠습니다.","화북동 남문과 농협사이","화북약국","064-756-1428","1800","0830","1800","0830","1800","0830","1800","0830","1800","0830","1230","0830","C2900079","632","89","24717","33.51899020042351","126.56685010547798"
"대구광역시 동구 공항로 204","화산당한약국","053-983-8444","1730","0900","1730","0900","1730","0900","1730","0900","1730","0900","1500","0900","C1301207","410","40","24718","35.89879477410069","128.63652309725524"
"경상북도 청도군 청도읍 청화로 179","화산약국","054-373-0078","1900","0830","1900","0830","1900","0830","1900","0830","1900","0830","1700","0830","1800","0900","C2701059","383","38","24719","35.642598294848945","128.74471745903793"
"인천광역시 미추홀구 길파로 30 (주안동)","일요일 - 온누리동산약국, 화생당약국, 공단시장약국 교대로 운영(방문 전 전화)","주안5,6공단 방향","화생당약국","032-866-1892","2100","0900","2100","0900","2100","0900","2100","0900","2100","0900","2200","0800","2200","0900","C1400394","221","25","24720","37.46839045620229","126.67991076701594"
"부산광역시 영도구 절영로 96, (영선동3가)","영선동 우체국 옆","화생약국","051-417-4804","2100","0900","2100","0900","2100","0900","2100","0900","2100","0900","2100","0900","2100","0900","C1200776","490","47","24721","35.08610277777778","129.0398638888902"
"대구광역시 동구 반야월로 227","화생약국","053-963-2398","1900","0830","1900","0830","1900","0830","1900","0830","1900","0830","1300","0900","1300","0900","1300","0900","C1300840","411","26","24722","35.872206059053156","128.71322932671268"
"서울특별시 성동구 행당로 1, 103호 (금호동1가)","신금호역 3번출구 바로앞","화생약국","02-2293-4858","1930","0900","1930","0900","1930","0900","1930","0900","1930","0900","1400","0900","C1100518","047","21","24723","37.5548124720494","127.020335835064"
"인천광역시 계양구 계양대로 44, 103호,104호 (작전동, 덕용프라자)","화생약국","032-548-0009","2000","0900","2000","0900","2000","0900","2000","0900","2000","0900","1700","0900","C1400779","211","20","24724","37.5277272808123","126.72281913743124"
"경기도 수원시 장안구 대평로 27, 201동 216호 (정자동, 화서역 파크푸르지오)","화서드림약국","031-271-9511","1800","0900","1800","0900","1800","0900","1800","0900","1800","0900","1300","0900","C2110213","163","18","24725","37.2906870184418","126.994990959844"
"경기도 수원시 팔달구 덕영대로 693, 풍성프라자 1층 104호 (화서동)","화서메디칼약국","031-254-3173","2030","0930","2030","0930","2030","0930","2030","0930","2030","0930","1900","0930","C2101134","164","35","24726","37.28490219556276","126.99019986940868"
"경기도 화성시 매송면 매송고색로 380 (매송면)","화성메디팜약국","031-294-1152","1900","0900","1900","0900","1900","0900","1900","0900","1900","0900","1700","0900","C2101529","182","90","24727","37.24343540069963","126.94706738929261"
"경기도 화성시 효행구 봉담읍 삼천병마로 1013, 1동","화성백화점대형약국","031-000-0000","1800","0900","1800","0900","1800","0900","1800","0900","1800","0900","1300","0900","C2110237","183","32","24728","37.1981701197174","126.939695072478"
"경기도 고양시 일산서구 중앙로 1437, 309호 (주엽동,화성프라자)","화성삼층약국","031-918-0533","1900","0900","1900","0900","1900","0900","2100","0900","1900","0900","1400","0900","C2103800","103","87","24729","37.67005062073647","126.76049310280017"
"경기도 화성시 남양읍 남양성지로 151, 현대프라자 103호 (남양읍)","화성스마일약국","031-355-3712","1850","0830","1850","0830","1850","0830","1850","0830","1850","0830","C2106466","182","61","24730","37.20976241439714","126.81931492244277"
"경상북도 포항시 북구 흥해읍 흥해로 56","흥해새마을금고 본점 옆","화성약국","054-261-2714","1830","0800","1830","0800","1830","0800","1830","0800","1830","0800","1600","0800","1300","0900","C2700443","375","42","24731"
"대구광역시 군위군 군위읍 동서1길 17-9","화성약국","054-383-2050","1900","0900","1900","0900","1900","0900","1900","0900","1900","0900","1300","0900","C2700158","390","14","24732","36.23756177984904","128.56738868689663"
"대구광역시 동구 동대구로 590, 상가301동 103호 (신암동, 동대구역화성파크드림아파트)","화성약국","053-939-7273","1800","0900","1800","0900","1800","0900","1800","0900","1800","0900","C1301819","412","16","24733","35.8818481221842","128.626335709061"
"서울특별시 성북구 오패산로 73 (하월곡동)","명절당일 13:00-22:30","래미안월곡아파트 정문 인근/새마을금고 옆","화성약국","02-913-8936","2000","0900","2000","0900","2000","0900","2000","0900","2000","0900","1900","1000","1900","1000","2200","1030","C1103735","027","37","24734","37.6085791666761","127.035883564925"
"대구광역시 달서구 월성로 77, 나동 114호 (월성동,월성주공2단지상가)","화성약국","053-635-2120","1830","0900","1830","0900","1830","0900","1830","0900","1830","0900","1300","0900","1300","0900","C1300052","704","828","24735","35.830681384971754","128.52786934679702"
"경기도 화성시 향남읍 삼천병마로 189 (향남읍)","발안시내기업은행맞은편","화성약국","031-353-0001","2100","0830","2100","0830","2100","0830","2100","0830","2100","0830","1900","0830","1900","0830","C2100949","185","93","24736","37.130107485081375","126.9096561872561"
"경상북도 칠곡군 북삼읍 안산2길 13-7,","숭오리화성파크아파트정문앞","화성약국","054-975-3250","1930","0900","1930","0900","1930","0900","1930","0900","1930","0900","1300","0900","C2700172","398","07","24737","36.06503439269502","128.33385473204802"
"경기도 화성시 남양읍 남양로920번길 12, 이현빌딩 107호","화성제일약국","070-7576-2575","1930","0830","1930","0830","1930","0830","1930","0830","1930","0830","1500","0830","C2108107","182","56","24738","37.2187095121507","126.83240027634"
"경기도 화성시 남양읍 남양성지로 147, 104호 (아이리스프라자)","아이리스프라자 1층","화성프라자약국","031-355-8707","2100","0830","2100","0830","2100","0830","2100","0830","2100","0830","1700","0830","C2101087","182","61","24739","37.209630351442435","126.81921149456196"
"경기도 고양시 덕양구 화수로14번길 30","명지병원앞","화수약국","031-969-7724","1830","0830","1830","0830","1830","0830","1830","0830","1830","0830","1330","0830","C2102965","104","75","24740","37.64351187204457","126.83050227886777"
"제주특별자치도 서귀포시 안덕면 화순로 113, 화순약국","안덕의원 건너편","화순약국","064-792-2122","1800","0830","1800","0830","1800","0830","1800","0830","1800","0830","1300","0830","C2900137","635","30","24741","33.24623480903487","126.33412601007754"
"전남 화순군 화순읍 만연로 3","화순조은약국","061-374-6635","1830","0840","1830","0840","1830","0840","1830","0840","1830","0840","1800","0840","1800","0900","1800","0900","C2601267","581","24","24742","35.0558343260787","126.989894779756"
"전라남도 화순군 화순읍 자치샘로 42-2,","자치샘사거리","화순종로약국","061-372-0178","2100","0830","2100","0830","2100","0830","2100","0830","2100","0830","2100","0830","2100","0830","2100","0830","C2600082","581","19","24743","35.06147602488555","126.98556894394195"
"부산광역시 부산진구 당감서로80번길 22, 1층(당감동,광성빌딩)","버스정류장: 당감4치안센터","화승삼성약국","051-891-3044","1900","0900","1900","0900","1900","0900","1900","0900","1900","0900","1500","0900","C1201366","471","45","24744","35.167306656908416","129.03826009721808"
"전북특별자치도 김제시 동서로 151, (요촌동)","부안사거리 새마을금고건너편","화신약국","063-547-2454","1715","0830","1715","0830","1200","0830","1715","0830","1715","0830","1200","0830","C2500645","543","90","24745","35.798802777777780","126.885291666666660"
"전북특별자치도 고창군 흥덕면 문화1길 5","흥덕터미널옆","화신약국","063-562-6360","1900","0800","1900","0800","1900","0800","1900","0800","1900","0800","1500","0800","C2500213","564","15","24746","35.519035651396095","126.69971491811796"
"전라남도 목포시 북교길 35 (북교동)","*북교초등학교 옆","화신약국","061-243-3305","1800","0900","1800","0900","1800","0900","1800","0900","1800","0900","C2600396","587","25","24747","34.794337247720314","126.37913846824156"
"대구광역시 동구 효신로 24","동부정류장길건너버스정류장？","화신약국","053-754-2783","2130","0900","2130","0900","2130","0900","2130","0900","2130","0900","2100","0900","C1300821","412","36","24748","35.87414249246722","128.63474083502248"
"충청남도 천안시 동남구 순천향4길 60, 1층 (봉명동)","화신약국","041-572-5556","1800","0830","1800","0830","1800","0830","1800","0830","1800","0830","1300","0830","C2401714","311","51","24749","36.8027008376283","127.13691575827"
"전라남도 여수시 여문2로 69, 105호 (문수동)","전남여수시문수동452번지1-7호","화신약국","061-654-1155","1800","0900","1800","0900","1800","0900","1800","0900","1800","0900","1230","0910","C2600321","597","03","24750","34.754626121841156","127.69308528345843"
"강원특별자치도 원주시 능라동길 61, 118호(무실동, 정한타워)","법원 건너편","화신약국","033-748-0647","1830","0800","1830","0800","1830","0800","1830","0800","1830","0800","1400","0800","1300","0900","C2200007","263","92","24751","37.334150647278385","127.93122577396136"
"전라남도 고흥군 고흥읍 여산당촌길 19","주말 전화 후 방문","고흥 버스 터미널 입구","화신약국","061-832-2229","1700","0800","1700","0800","1700","0800","1700","0800","1700","0800","1200","0800","C2600486","595","40","24752","34.60739045860873","127.28109285326934"
"전북특별자치도 전주시 완산구 팔달로 248 (서노송동)","화신약국","063-286-8270","1800","0900","1800","0900","1800","0900","1800","0900","1800","0900","1300","0900","C2500878","549","95","24753","35.82434388896461","127.14489077072198"
"제주특별자치도 제주시 동광로 129","현용준내과 1층","화신온누리약국","064-722-2944","2000","0900","2000","0900","2000","0900","2000","0900","2000","0900","2000","0900","C2900081","632","53","24754","33.5077477488303","126.54044312209095"
"전북특별자치도 완주군 소양면 전진로 1062","화심순두부옆","화심약국","063-242-7582","1700","0900","1700","0900","1700","0900","1700","0900","1700","0900","1700","0900","1700","0900","1900","0800","C2500673","553","46","24755","35.8432916083799","127.27028453403217"
"서울특별시 광진구 광나루로 351, 1층 (군자동)","화양백화점약국","02-462-0095","1900","0840","1900","0840","1900","0840","1900","0840","1900","0840","1500","0840","C1108647","050","03","24756","37.5484223911201","127.068987734507"
"서울특별시 광진구 군자로 73, 1층 (군자동)","어린이대공원역 5번출구/장안초등학교 정문 앞","화양종로약국","02-463-0380","1900","0900","1900","0900","1900","0900","1900","0900","1900","0900","1330","0900","C1100527","050","02","24757","37.5496872541036","127.07059459317"
"전북특별자치도 전주시 완산구 장승배기로 290, (평화동1가)","평화동 장승백이 전북은행 옆","화영약국","063-288-3020","2030","0900","2030","0900","2030","0900","2030","0900","2030","0900","2030","0900","C2500056","551","19","24758","35.799294444444442","127.143613888888893"
"경상남도 창녕군 창녕읍 명덕로 66-1","명덕초등학교 건너편","화왕산약국","055-533-0990","1830","0840","1830","0840","1830","0840","1830","0840","1830","0840","1330","0840","C2800945","503","23","24759","35.542687746110246","128.49629917315912"
"대구광역시 달성군 화원읍 비슬로 2585 (화원읍)","화원읍사무소맞은편화원우체국바로옆","화원동산약국","053-637-3331","2200","0830","2200","0830","2200","0830","2200","0830","2200","0830","2200","0830","2200","1100","2200","0900","C1300161","429","55","24760","35.80412778587688","128.49940836872113"
"대구광역시 달성군 화원읍 비슬로 2582","대구화원초등후문도로변","화원약국","053-642-1641","1900","0900","1900","0900","1900","0900","1900","0900","1900","0900","1400","0900","C1300237","429","62","24761","35.80358177289973","128.49925651824174"
"서울특별시 강북구 삼양로 469, 1층 (수유동)","수유동우체국 맞은편","화원약국","02-993-5103","1940","0850","1940","0850","1940","0850","1940","0850","1940","0850","1730","0850","1800","0830","C1103569","010","29","24762","37.645123754812","127.015469662461"
"대구광역시 달성군 화원읍 비슬로 2595, 1층","약국 전화번호 010-2934-9055","약국 전화번호 010-2934-9055","화원우정약국","053-000-0000","2030","0900","2030","0900","2030","0900","2030","0900","2030","0900","1430","0900","1430","0900","1430","0900","C1301727","429","55","24763","35.65558933417921","128.4188341451101"
"부산광역시 해운대구 해운대로 814, 세종월드프라자 A동 501-5호 (좌동)","화이트약국","051-704-5901","1800","0900","1800","0900","1800","0900","1800","0900","1800","0900","1300","0900","C1202955","481","11","24764","35.1695768343535","129.177677812121"
"경상남도 사천시 벌리로 5 (벌리동)","화이트약국","055-832-1730","2000","0830","2000","0830","2000","0830","2000","0830","2000","0830","1330","0830","C2801747","525","59","24765","34.93886555961417","128.08037956382526"
"서울특별시 서대문구 통일로 413, 2층 205호 (홍제동)","점심시간 13:00~14:00 / 대체공휴일만 운영(08:30-19:00)","홍제역 3번출구에서 무악재역 방향","화인굿모닝약국","02-396-1333","1830","0830","1830","0830","1830","0830","1830","0830","1830","0830","1400","0830","1900","0830","C1109271","036","46","24766","37.5861817569167","126.946438736626"
"광주광역시 남구 백운로 110 (백운동)","대성사거리","화인약국","062-652-1547","2000","0830","2000","0830","2000","0830","2000","0830","2000","0830","1800","0830","C1500108","616","41","24767","35.142838090971786","126.90665568470396"
"서울특별시 송파구 중대로 80 (문정동, 롯데마트 3층)","가락시장역 7번출구/롯데마트 3층","화인약국","02-449-0895","1900","0900","1900","0900","1900","0900","1900","0900","1900","0900","1500","0900","C1100222","058","33","24768","37.4917620371568","127.117842816756"
"서울특별시 강동구 양재대로 1579, 2층 (천호동, 한영빌딩)","굽은다리역3번출구","화인약국","02-429-6520","1900","0900","1900","0900","1900","0900","1900","0900","1900","0900","1500","0900","C1102890","134","861","24769","37.5465618086041","127.142841394568"
"경기도 광주시 고불로 73-10, 타임빌딩 101호 (태전동)","화인약국","031-764-8813","1800","0900","1800","0900","1800","0900","1800","0900","1800","0900","1300","0900","C2109725","127","85","24770","37.392427864145","127.229793042292"
"경기도 부천시 옥산로 12 (중동)","연화건영아파트 내 상가건물 1층(원미구 보건소 정문앞)","화인약국","032-663-3368","1830","0900","1830","0900","1830","0900","1830","0900","1830","0900","1200","0900","C2100164","145","75","24771","37.49512507643323","126.78170515504875"
"부산광역시 북구 금곡대로285번길 5, 101호 (화명동, 레지던스라움)","2호선 화명역 1번출구","화인약국","051-363-7272","2000","0900","1930","0900","1930","0900","1930","0900","1930","0900","1430","0900","C1201272","465","26","24772","35.23367623404268","129.01318820987206"
"서울특별시 강남구 강남대로 372, 5층일부 (역삼동)","강남역 4번출구 후방","화인약국","02-501-7712","1900","0900","1900","0900","1900","0900","1900","0900","1900","0900","1500","0900","C1103959","062","41","24773","37.4960350270018","127.029070411585"
"서울특별시 성북구 종암로 167, 지하1층 700호 (하월곡동, 동일하이빌 뉴시티)","동일하이빌뉴시티상가 404-1호","화인온누리약국","02-941-3802","1800","0900","1800","0900","1800","0900","1800","0900","1800","0900","1400","0900","C1104078","027","34","24774","37.6050587642973","127.030990445726"
"부산광역시 해운대구 양운로 82","2호선 장산역 10번출구/화인크리닉센타 101호","화인크리닉약국","051-703-0801","1900","0900","1900","0900","1900","0900","1900","0900","1900","0900","1400","0900","C1200384","481","06","24775","35.170461929084155","129.17543185030357"
"대구광역시 북구 옥산로 95, 화인탑펠리스 109호 (칠성동2가)","화인탑약국","053-354-7707","1930","0900","1930","0900","1930","0900","1930","0900","1930","0900","1330","0900","C1301520","415","93","24776","35.884643136","128.5859274561"
"서울특별시 노원구 중계로 160, 204호 (중계동, 화인상가)","화인상가2층","화인팜약국","02-971-3008","1830","0900","1830","0900","1830","0900","1830","0900","1830","0900","1300","0900","C1103605","017","24","24777","37.6494069250537","127.08136593924"
"경기도 수원시 권선구 금호로 230 (탑동)","참클리닉1층","화일약국","031-292-3056","1930","0900","1930","0900","1930","0900","1930","0900","1930","0900","1630","0900","C2100893","166","04","24778","37.27525157821852","126.97530456324043"
"서울특별시 영등포구 도신로64길 10, 1층 (신길동)","화일온누리약국","02-842-6681","2000","0800","2000","0800","2000","0800","2000","0800","2000","0800","2000","0800","C1103212","073","51","24779","37.5121962707122","126.918414173918"
"부산광역시 기장군 일광읍 일광로 101, 화전약국","동해남부선역 일광역","화전약국","051-721-4440","1930","0820","1930","0820","1930","0820","1930","0820","1930","0820","1930","0820","2000","0800","2000","0800","C1200869","460","44","24780","35.26552373544153","129.2332124759272"
"경기도 고양시 덕양구 화신로272번길 58, 영프라자빌딩 317호 (화정동)","화정3층약국","031-994-3789","1900","0900","1900","0900","1900","0900","1900","0900","1900","0900","1600","0900","C2107867","105","00","24781","37.63365930340653","126.83210604476852"
"경기도 고양시 덕양구 중앙로 612, 아이씨티일산 104호 (화정동)","화정그린약국","031-972-1231","2100","0900","2100","0900","2100","0900","2100","0900","2100","0900","2100","0900","1900","0900","C2108584","105","03","24782","37.6269794166846","126.830668121371"
"경기도 고양시 덕양구 화중로 60","공휴일 유동적 운영","고양시화정롯데마트옆건물(고양경찰서방면)","화정녹십자약국","031-979-8777","2100","0830","2100","0830","2100","0830","2100","0830","2100","0830","2100","0830","1800","1030","C2102686","104","97","24783","37.632426719442066","126.8308222349814"
"경기도 고양시 덕양구 화정로 52, 지하2층 (화정동, 세이브존)","화정마더스약국","031-938-5939","2200","1000","2200","1000","2200","1000","2200","1000","2200","1000","2200","1000","2200","1000","2200","1000","C2106913","105","00","24784","37.63435022986022","126.83138394808746"
"경기도 고양시 덕양구 백양로 79, 이마트 1층 (화정동)","화정마트약국","031-974-5024","1800","0900","1800","0900","1800","0900","1800","0900","1800","0900","1300","0900","C2110153","105","00","24785","37.6326870819297","126.833399287992"
"경기도 고양시 덕양구 화중로 72, 101호(화정동,홀인원프라자)","화정메디칼약국","031-974-5353","2000","0900","2100","0900","2000","0900","2000","0900","2100","0900","1600","0900","C2103824","105","00","24786","37.63358921966573","126.83098010440562"
"광주광역시 서구 화운로 7, 1층 101호 (화정동)","공휴일(~절) 휴무이므로 연락 후 방문 요함","화정미래로약국","062-363-7566","1800","0900","1800","0900","1800","0900","1800","0900","1800","0900","1800","0900","C1501040","620","45","24787","35.1415361591241","126.88521543667858"
"경기도 고양시 덕양구 화중로 205, 화수빌딩 101-1호 (화정동)","화정봄약국","031-967-5554","2030","0830","2030","0830","2030","0830","2030","0830","2030","0830","C2108364","104","72","24788","37.6453159339824","126.833740814374"
"경기도 고양시 덕양구 화정로 53, 504-3호 (화정동)","화정스마일약국","0507-1347-6063","1800","0900","1800","0900","1800","0900","1800","0900","1800","0900","1300","0900","C2109865","104","97","24789","37.6352259858346","126.8318883939"
"광주광역시 서구 월드컵4강로 38, 102호 (화정동)","운영시간 변경 시 네이버 플레이스에 공지합니다. 참고 부탁드립니다. 감사합니다.","화정아빠약국","062-375-1449","2200","0900","2200","0900","1300","0900","2200","0900","2200","0900","1800","0900","2000","1000","2000","1000","C1501357","620","42","24790","35.1406361643086","126.876078833082"
"광주광역시 서구 월드컵4강로 112, 102호 (화정동)","화정조은약국","062-375-1100","1800","0900","1800","0900","1300","0900","1800","0900","1800","0900","1300","0900","C1501402","619","86","24791","35.1466623175619","126.872613240319"
"경기도 고양시 덕양구 화정로 53, 403호 (화정동,새롬프라자)","화정종로약국","031-966-7254","1900","0900","1900","0900","1900","0900","1900","0900","1900","0900","1500","0900","C2102894","104","97","24792","37.63520434060561","126.83200062463446"
"광주광역시 서구 화정로 248","화정농협건너편","화정종로온누리약국","062-368-8857","2200","0830","2200","0830","2200","0830","2200","0830","2200","0830","2200","0830","2200","1500","2200","0900","C1500639","620","47","24793","35.147131391581276","126.8838501127347"
"경기도 고양시 덕양구 화정로 47, 102호 (화정동, 동원텔)","화정태평양약국","031-966-3746","1800","0900","1800","0900","1800","0900","1800","0900","1800","0900","1300","0900","C2110096","104","97","24794","37.6351964680328","126.831407413753"
"경기도 고양시 덕양구 화중로 76, 대감빌딩 104호 (화정동)","화정플러스약국","031-979-0910","2000","0900","2100","0900","2000","0900","2000","0900","2000","0900","1600","0900","C2108573","105","00","24795","37.6339356817424","126.831128391342"
"경기도 고양시 덕양구 화정로 47, 304호 (화정동, 동원텔)","화정하나로약국","031-968-5113","2000","0900","2000","0900","2000","0900","2000","0900","2000","0900","1400","0900","C2102893","104","97","24796","37.635180967171095","126.83141865439778"
"경기도 고양시 덕양구 화신로260번길 51, 현창빌딩 104호 (화정동)","화정햇님약국","031-973-5573","2000","0830","2000","0830","2000","0830","2000","0830","2000","0830","1630","0830","C2104251","105","00","24797","37.625336111111110","126.816952777777772"
"경기도 고양시 덕양구 충장로152번길 47, 105-1호 (행신동, 햇빛마을20단지)","화정햇빛약국","031-978-4010","2000","0800","2000","0800","2000","0800","2000","0800","2000","0800","1700","0800","1400","0800","C2102311","104","94","24798","37.624713585882276","126.83791743501433"
"경기도 고양시 덕양구 호국로790번길 17","화진약국","031-966-4628","1830","0900","1830","0900","1830","0900","1830","0900","1830","0900","1530","0900","C2102755","104","63","24799","37.65628294923221","126.837308767567"
"경기도 이천시 이섭대천로 1233 (창전동)","화창약국","031-631-6777","1600","0900","1600","0900","1600","0900","1600","0900","1600","0900","1600","0900","C2100936","173","69","24800","37.280358333333332","127.446527777777774"
"대전광역시 중구 계룡로 942, 1,2층 (대사동)","화창한약국","042-242-8575","1830","0900","1830","0900","1830","0900","1830","0900","1830","0900","C1601194","349","64","24801","36.3185666899","127.4166285039"
"서울특별시 강서구 공항대로41길 65, 132호 (등촌동, 그랜드상가)","등현초등학교 인근","화창한약국","02-3661-1076","2000","0900","2000","0900","2000","0900","2000","0900","2000","0900","1600","0900","C1100176","075","86","24802","37.5607934244622","126.846120366466"
"강원특별자치도 화천군 화천읍 중앙로 23-1 (화천약국, 중앙방앗간)","화천시내버스터미널 앞","화천약국","033-442-0498","1830","0810","1830","0810","1830","0810","1830","0810","1830","0810","C2200117","241","24","24803","38.10411464293693","127.7067624741702"
"서울특별시 동작구 동작대로25길 6 (사당동)","총신대입구역 13번출구","화천약국","02-593-8540","1830","0930","2100","0930","2100","0930","1830","0930","2100","0930","1500","0930","C1103164","070","08","24804","37.4865149605751","126.981579881913"
"전북특별자치도 김제시 동서로 247 (요촌동)","김제직행버스터미널 옆 상가","화타약국","063-542-8155","2100","0820","2100","0820","2100","0820","2100","0820","2100","0820","2100","0820","2100","1430","2100","0830","C2500456","543","79","24805","35.80335044985263","126.8936609570865"
"경상남도 진주시 진주대로 880 1층 (칠암동)","화타팜덕인약국","055-743-4410","1900","0900","1900","0900","1900","0900","1900","0900","1900","0900","1700","0900","C2800162","527","25","24806","35.196097222222221","128.082922222222209"
"경상북도 영천시 옛군청1길 34-4, 우용빌 1층 (문내동)","영천시 보건소옆","화평당약국","054-334-2155","1800","0900","1800","0900","1800","0900","1800","0900","1800","0900","C2700787","388","49","24807","35.96811375950827","128.9323439916512"
"광주광역시 서구 상무중앙로 22 (치평동)","화평약국","062-385-2135","2000","0900","2000","0900","2000","0900","2000","0900","2000","0900","1600","0900","C1501004","619","63","24808","35.14870002566836","126.84892466625452"
"서울특별시 강서구 곰달래로 252 (화곡동, 웰피아)","화평약국","02-2647-9126","1830","0900","1830","0900","1830","0900","1830","0900","1830","0900","1430","0900","C1100177","077","85","24809","37.5318835977004","126.860984407951"
"경기도 김포시 고촌읍 인향로24번길 78, 1층 4호","힐스테이트 3단지 후문쪽","화평약국","031-986-5540","1900","0900","1900","0900","1900","0900","1900","0900","1900","0900","1600","0900","1300","0900","1300","0900","C2100432","101","29","24810","37.600251446287665","126.76771305893103"
"부산광역시 영도구 태종로 334","버스정류장: 청학성당","화혜약국","051-416-9763","1800","0900","1800","0900","1800","0900","1800","0900","1800","0900","1300","0900","C1200415","490","14","24811","35.096027245586264","129.06197921923828"
"경기도 포천시 소흘읍 솔모루로 52","우리은행건너편축협은행옆","환도약국","031-542-3900","1900","0930","1900","0930","1900","0930","1900","0930","1900","0930","1900","0930","2000","0930","C2102482","111","79","24812","37.8269380625745","127.14483098928203"
"서울특별시 송파구 잠실로 지하 156, 잠실광역환승센터 지하1층 101호 (신천동)","365일 연중무휴","환승센터약국","02-424-2365","2300","0800","2300","0800","2300","0800","2300","0800","2300","0800","2300","0900","2300","0900","2300","0900","C1108215","056","08","24813","37.5113200708735","127.101752694786"
"서울특별시 서초구 강남대로 221, 107호 (양재동, 양재역환승주차장)","양재역 10번출구 바로앞/환승주차장 내","환승약국","02-571-5622","2100","0900","2100","0900","2100","0900","2100","0900","2100","0900","1700","1000","C1100178","067","49","24814","37.4836850972087","127.034117823374"
"경상북도 포항시 북구 새천년대로 1273, 스타빌딩 102호 (장성동)","환호약국","054-244-2227","0901","0900","C2701802","375","85","24815"
"경기도 부천시 오정로 212, 102호 (오정동)","방송국 인근","환희약국","032-678-2169","2000","0900","2000","0900","2000","0900","2000","0900","2000","0900","1900","0900","2100","0900","C2100417","144","37","24816","37.527328107168195","126.78360343794216"
"부산광역시 동래구 아시아드대로 223","3호선 미남역 1번출구","활기약국","051-504-4010","1900","0900","1900","0900","1900","0900","1900","0900","1900","0900","1400","0900","C1200083","478","51","24817","35.20398505471562","129.06668175386454"
"충청남도 천안시 동남구 통정11로 61, 1층 101호 (신방동)","일요일 공휴일 통화 후 방문","신방통정지구 농협 회전교차로 맞은편 주커피2층","활기찬약국","041-572-2119","1900","0830","1900","0830","1900","0830","1900","0830","1900","0830","1500","0830","C2401200","312","05","24818","36.77451239036803","127.13301095905837"
"서울 노원구 한글비석로 357-2 (중계동)","활기찬약국","02-933-3373","2000","0830","1900","0830","1900","0830","2000","0830","1900","0830","1400","0900","1300","0900","1300","0900","C1107351","016","99","24819","37.6577079113637","127.074746647359"
"서울특별시 중랑구 동일로 887, 삼삼메디컬빌딩 (묵동)","활기찬약국","02-973-8279","1930","0900","1930","0900","1930","0900","1930","0900","1930","0900","1430","0900","C1107674","020","09","24820","37.6095063836351","127.077639279822"
"경기도 김포시 양촌읍 양곡2로 21, 103호 (양촌읍)","활기찬약국","031-985-2923","1900","0900","1900","0900","1900","0900","1900","0900","1900","0900","1500","0900","C2106340","100","59","24821","37.6532988243","126.6269365771"
"경기도 고양시 덕양구 삼송로 94-22, 105호 (삼송동, 신성프라자)","활기찬약국","070-4133-4846","1430","0830","1430","0830","1430","0830","1430","0830","1430","0830","1530","0830","1430","0830","C2106541","105","89","24822","37.650332363200405","126.88409013169418"
"서울특별시 서대문구 통일로 145-1, (냉천동)","일요일, 명절 당일 휴무","서대문역 2번출구","활명당약국","02-363-2606","2200","0900","2200","0900","2200","0900","2200","0900","2200","0900","2200","0900","2330","0900","C1100186","037","35","24823","37.5672097946619","126.964933155166"
"충북 청주시 상당구 가덕면 단재로 1408","일요일 매주 휴무, 9/17 추석 당일 휴무","고은삼거리","활명당약국","043-297-9105","2100","0900","2100","0900","2100","0900","2100","0900","2100","0900","2100","0900","2100","0900","C2300398","282","05","24824","36.57663856289554","127.57478411411333"
"광주광역시 북구 북문대로103번길 3","운암동주공3단지 맞은편 광주은행옆","활명약국","062-524-6932","2200","0900","2200","0900","2200","0900","2200","0900","2200","0900","2200","0900","2030","1500","2200","0900","C1500565","612","56","24825","35.1791339898212","126.87640357746598"
"경기도 수원시 영통구 영통로 509","영통동황골마을주공아파트앞","황골온누리약국","031-202-7106","2030","0900","2030","0900","2030","0900","2030","0900","2030","0900","1600","0900","1200","0900","1230","0900","C2101492","167","06","24826","37.264125700415434","127.0775726580124"
"서울특별시 구로구 디지털로32길 79","이마트 근처","황금당약국","02-861-7585","2000","0830","2000","0830","2000","0830","2000","0830","2000","0830","1600","0830","C1104129","083","91","24827","37.4835332463617","126.899752015371"
"대구광역시 수성구 청수로 152, 102호 (지산동)","황금스마일약국","053-767-1520","1600","0900","1600","0900","1600","0900","1600","0900","1600","0900","C1301939","421","76","24828"
"제주특별자치도 서귀포시 안덕면 신화역사로304번길 38, HB1-28","황금약국","064-909-2380","2100","1000","2100","1000","2100","1000","2100","1000","2100","1000","2100","1000","2100","1000","2100","1000","C2900596","635","22","24829","33.3049726791712","126.31635202613"
"경상북도 안동시 경북대로 407, 1층 (옥동)","공휴일 랜덤진료_전화 후 방문","옥동, 옥동약국 옆, 아이튼튼소아과 소아과 1층, 근처에 고려연합정형외과의원","황금약국","054-842-6374","2000","0800","2000","0800","2000","0800","2000","0800","2000","0800","1500","0800","C2700910","366","59","24830","36.56431663251793","128.70086442370723"
"경상남도 양산시 양산역로 101, 101호 (중부동)","황금약국","055-382-5654","2000","0900","2000","0900","2000","0900","2000","0900","2000","0900","1500","0900","1900","1100","1900","1100","C2802111","506","29","24831","35.3383561532746","129.029108264868"
"부산광역시 금정구 서동로 159-1 (서동)","서동역 1번 출구에서475m","황금약국","070-7720-2001","1830","0900","1830","0900","1830","0900","1830","0900","1830","0900","1300","0900","C1202890","463","20","24832","35.2149848627594","129.103821305362"
"경상북도 김천시 자산로 70","약국","김천시모암동삼각로타리대구은행맞은편","황금약국","054-434-5646","1730","0830","1730","0830","1730","0830","1730","0830","1730","0830","1200","0830","C2700025","395","89","24833","36.119601751586536","128.12405268234798"
"대구광역시 수성구 청수로35길 135","황금동캐슬골드파크1205동앞","황금약국","053-762-0108","1800","0900","1800","0900","1800","0900","1800","0900","1800","0900","1300","0900","C1300929","421","13","24834","35.84253934753309","128.63437147300098"
"대구광역시 수성구 청수로 127, 401동 105,106호 (황금동, 힐스테이트 황금역리저브 1단지)","황금역약국","053-287-4560","2100","0900","2100","0900","2100","0900","2100","0900","2100","0900","C1301937","421","49","24835"
"대구광역시 수성구 동대구로29길 28 (황금동, 천일빌딩)","황금효약국","053-763-6116","1800","0830","1800","0830","1300","0830","1800","0830","1800","0830","1300","0830","C1301287","421","47","24836","35.84353475457549","128.62303542330258"
"전북특별자치도 익산시 황등면 황등서로 4, 1층","황등바른약국","063-841-2348","1700","0700","1700","0700","1700","0700","1700","0700","1700","0700","1200","0700","C2501450","545","33","24837","36.0032142132423","126.943954546056"
"전북특별자치도 익산시 황등면 황등로 163-1","황등사랑약국","063-917-2400","1330","0730","1330","0730","1330","0730","1330","0730","1330","0730","C2501145","545","33","24838","36.006488121843795","126.94434110921972"
"전북특별자치도 익산시 황등면 황등로 125, 1층","황등솔약국","063-841-7767","1800","0900","1800","0900","1800","0900","1800","0900","1800","0900","C2501166","545","33","24839","36.004682152554544","126.9445597737286"
"전북특별자치도 익산시 황등면 황등로 169","황등 삼거리.","황등온누리약국","063-858-8070","1900","0800","1900","0800","1900","0800","1900","0800","1900","0800","1300","0800","C2500476","545","33","24840","36.00700102673301","126.94440689983824"
"전북특별자치도 익산시 황등면 황등서로 5","황등농협삼거리","황등종로약국","063-855-0072","1800","0800","1800","0800","1800","0800","1800","0800","1800","0800","1300","0800","C2500035","545","33","24841","36.002840740413866","126.94393962748077"
"경상남도 합천군 가회면 황매산로 43-1","황매산온누리약국","0559332346","1700","0900","1700","0900","1700","0900","1700","0900","1700","0900","1300","0900","C2802392","502","26","24842","35.4343888625267","128.033254115796"
"경상북도 경주시 원화로 391, 1층 (황성동)","공휴일은 유동적 운영.","경주우리은행옆","황성약국","054-749-6844","1850","0830","1850","0830","1850","0830","1850","0830","1850","0830","1400","0830","1400","0830","C2700858","380","88","24843","35.844716155656826","129.21307697607042"
"대구광역시 달서구 성서로 420 (이곡동)","황소약국","053-581-3328","1900","0900","1900","0900","1900","0900","1900","0900","1900","0900","1500","0900","C1301129","426","20","24844","35.854925291282655","128.5076781336758"
"대전광역시 서구 청사로 65, 115호 (월평동, 황실코아)","황실코아상가115호","황실약국","042-489-6733","1900","0900","1900","0900","1900","0900","1900","0900","1900","0900","1600","0900","C1600622","352","16","24845","36.360028051828564","127.37189370600281"
"강원특별자치도 원주시 원일로 125, 1층 (일산동)","황약국","033-900-8957","1800","0830","1800","0830","1800","0830","1800","0830","1800","0830","1300","0800","C2200980","264","27","24846","37.3505283056","127.9478741451"
"경기도 군포시 군포로753번길 46 (산본동)","황약국","031-394-0499","1830","0900","1830","0900","1830","0900","1830","0900","1830","0900","1300","0900","C2100778","158","06","24847","37.371220886624094","126.93925293121967"
"서울특별시 금천구 시흥대로 190, 이현빌딩 1층 (시흥동)","황약국","02-807-9977","1830","0900","1830","0900","1830","0900","1830","0900","1830","0900","1400","0900","C1109105","086","30","24848","37.4508934998315","126.902443206442"
"서울특별시 중랑구 망우로 402, 1층 (망우동)","황약국","02-435-3233","2000","0800","2000","0800","2000","0800","2000","0800","2000","0800","1400","0800","C1108855","021","63","24849","37.5988240212605","127.096947543466"
"인천광역시 부평구 마장로 82, 현대다섬프라자 103호 (십정동)","백운역 건너편 백운파출소 옆건물","황약국","032-524-9957","1500","0900","1500","0900","1500","0900","1500","0900","1500","0900","2100","1000","C1400125","214","05","24850","37.486034750851594","126.70819278339914"
"부산광역시 영도구 동삼로 18-1, 2층 (동삼동)","일요일, 공휴일 전화 후 방문요망","버스정류장: 태종대앞교차로","황원태약국","051-404-0172","1900","0900","1900","0900","1900","0900","1900","0900","1900","0900","1900","0900","1900","0900","1900","0900","C1200692","491","07","24851","35.0758144883","129.0728006117"
"서울특별시 노원구 초안산로1길 51 (월계동)","주공아파트 1단지 종합상가내 101호","황인재약국","02-995-8028","1830","0900","1830","0900","1830","0900","1830","0900","1830","0900","1600","0900","C1100187","018","81","24852","37.626568613006455","127.05155989323386"
"경기도 수원시 권선구 덕영대로 1088-1, 102, 103호 (세류동)","황정은약국","031-238-9567","2130","0850","2130","0850","2130","0850","2130","0850","2130","0850","2030","0850","C2102051","166","55","24853","37.25381307911089","127.01086829548916"
"울산광역시 중구 중앙길 85-1, (성남동)","성남동 국민은행옆","황제약국","052-252-8437","2000","0900","2000","0900","2000","0900","2000","0900","2000","0900","1900","0900","C1700309","445","29","24854","35.55558315336413","129.31802570019033"
"서울특별시 송파구 백제고분로 381, 우성빌딩 (송파동)","석촌역 2번출구 바로앞","황제약국","02-421-4170","1900","0800","1900","0800","1900","0800","1900","0800","1900","0800","1300","0800","1300","0900","1300","0900","C1100188","056","26","24855","37.506115066294","127.107936205516"
"부산광역시 사상구 사상로 287 (덕포동)","공휴일 운영 확인 후 방문요망","버스정류장: 덕포시장 입구","황제약국","051-303-1079","2000","0900","2000","0900","2000","0900","2000","0900","2000","0900","1800","0900","C1200367","469","50","24856","35.17056446077591","128.98251013614183"
"충청남도 논산시 연무읍 고내곡로 5 (연무읍)","월요일~금요일 09:00~18:00, 토요일,일요일 항시휴무,공휴일은 상황에따름(전화 확인요함)","황화우체국4거리에위치","황화농협 옆","황화약국","041-742-4178","1800","0900","1800","0900","1800","0900","1800","0900","1800","0900","C2400707","330","14","24857","36.08599500415771","127.09308916857597"
"전라남도 해남군 문내면 동영길 29-4 횃불약국","횃불약국","061-535-9245","1700","0800","1700","0800","1700","0800","1700","0800","1700","0800","1300","0800","C2601067","590","04","24858","34.597497006108455","126.31138081957927"
"대전광역시 대덕구 대전로 1358, 1층 (읍내동)","회덕건강약국","042-000-0000","1830","0850","1830","0850","1830","0850","1830","0850","1830","0850","1230","0850","C1601424","343","60","24859","36.3748367535225","127.420609636628"
"경기도 의정부시 외미로 100, 106호 (호원동, 회룡타운)","회룡초록약국","031-879-7971","2000","0800","2000","0800","2000","0800","2000","0800","2000","0800","C2106558","116","38","24860","37.7240476138963","127.04661040832017"
"경기도 의정부시 평화로 375","회룡역 1번출구 우리은행옆 1층","회룡프라자약국","031-837-3310","1800","0900","1800","0900","1800","0900","1800","0900","1800","0900","1700","0900","1700","0900","1700","0900","C2103007","116","46","24861","37.72540594198858","127.04801451730151"
"대전광역시 서구 문예로 65, 3층 (둔산동)","회복약국","042-484-8276","1800","0850","1800","0850","1800","0850","1800","0850","1800","0850","1500","0850","C1600475","352","40","24862","36.35255922183433","127.38986701854983"
"충청북도 청주시 흥덕구 사직대로 26, 1층 (복대동)","회복약국","043-260-0117","1830","0900","1830","0900","1830","0900","1830","0900","1830","0900","1600","0900","1600","0900","C2301233","285","94","24863","36.6339963372612","127.450347511718"
"광주광역시 남구 서문대로 830 (주월동)","남구 백운로타리","회생당약국","062-651-4942","1830","0830","1830","0830","1830","0830","1830","0830","1830","0830","1220","0830","C1500574","616","97","24864","35.13241640596646","126.90119703705412"
"전북특별자치도 익산시 무왕로26길 3","제일교회앞, 우남콤비타운근처","회생당약국","063-833-7665","2100","0900","2100","0900","2100","0900","2100","0900","2100","0900","1430","0900","C2500190","545","58","24865","35.96040652954493","126.99817322747815"
"전북특별자치도 전주시 덕진구 송천중앙로 147(송천동1가)","송천동 전라고 사거리 비사벌빌딩1층","회생약국","063-272-1988","2100","0830","2100","0830","2100","0830","2100","0830","2100","0830","1800","0830","2100","0830","C2500592","548","34","24866","35.859988888888886","127.120972222222221"
"경상남도 창원시 마산회원구 북성로 329, 1층 (회성동)","회성약국","055-297-6386","2130","0830","2130","0830","2130","0830","2130","0830","2130","0830","2130","0830","2130","0830","C2802240","513","11","24867","35.2332009353435","128.561487467446"
"경상남도 창원시 마산회원구 3.15대로 483","중앙자모의원 옆","회원약국","055-243-0511","1800","0900","1800","0900","1800","0900","1800","0900","1800","0900","1300","0900","C2800432","512","97","24868","35.217522566678134","128.5749229347276"
"경기도 양주시 덕계로 140, 진산메디프라자 103호 (덕계동)","일요일 격주근무합니다","회천메디칼약국","031-868-9936","2030","0830","2030","0830","2030","0830","2030","0830","2030","0830","1630","0900","1500","1000","1530","1000","C2109487","114","44","24869","37.8185395739292","127.05424967824"
"경기도 화성시 향남읍 평3길 19 (향남읍)","화성시향남읍평리118-10","회춘당약국","031-353-0039","2100","0900","2100","0900","2100","0900","2100","0900","2100","0900","2100","0900","2100","0900","C2100912","185","93","24870","37.131407447350625","126.90816911640178"
"서울특별시 중구 퇴계로 36, 삼선빌딩 302호 (남창동)","휴게시간 13:30-14:30","회현역 4번출구 바로앞","회현약국","02-3789-6399","1900","0900","1900","0900","1900","0900","1900","0900","1900","0900","1330","0900","C1103827","046","35","24871","37.5573005445419","126.977031916738"
"강원특별자치도 횡성군 횡성읍 태기로 35, 1층","횡성시장약국","033-344-4028","1830","0800","1830","0800","1830","0800","1830","0800","1830","0800","1530","0800","C2200055","252","21","24872","37.49112884915997","127.98748071267264"
"강원특별자치도 횡성군 횡성읍 횡성로 407,","횡성 시계탑 옆","횡성약국","033-343-0051","1730","0850","1730","0850","1730","0850","1730","0850","1730","0850","1230","0850","C2200061","252","33","24873","37.489266666666666","127.985797222222217"
"제주특별자치도 서귀포시 효돈로 158 (하효동)","효돈약국","070-8064-6812","2000","0800","2000","0800","2000","0800","2000","0800","2000","0800","2000","0800","2000","0800","C2900590","636","06","24874","33.263460873264","126.615621543942"
"대구광역시 북구 태전로 3 (태전동)","태전삼거리","효민약국","053-311-7097","1930","0830","1930","0830","1930","0830","1930","0830","1930","0830","1800","0830","C1300226","414","58","24875","35.9207172885961","128.545826892194"
"전북특별자치도 김제시 서암4길 42 (서암동)","우석병원 앞","효민약국","063-546-7766","1900","0830","1800","0830","1800","0830","1900","0830","1900","0830","1500","0830","C2500177","543","73","24876","35.806566447910015","126.88046476504354"
"서울특별시 성동구 마조로 64, 1층 (마장동)","매월 1,3,5주 토요일 휴무","마장역 4번출구에서 한양중고 방향","효민프라자약국","02-2281-1474","1800","0800","1800","0800","1800","0800","1800","0800","1800","0800","1300","0800","C1100191","047","58","24877","37.5632927273193","127.041933766957"
"광주광역시 남구 양림로 54 (양림동)","일요일,공휴일 휴진","광주은행양림동지점옆건물","효사랑 약국","062-654-2238","1830","0900","1830","0900","1830","0900","1830","0900","1830","0900","1230","0900","C1500473","616","63","24878","35.13689237685655","126.91477343453783"
"강원특별자치도 동해시 하평로 10, 효선약국 1층 (평릉동)","효선약국","033-532-4952","1900","0900","1900","0900","1900","0900","1900","0900","1900","0900","1300","0900","C2201121","257","51","24879","37.53089958805331","129.1061650220744"
"인천광역시 연수구 청능대로 93, 102호 (청학동, 두손빌딩)","청학동 롯데마트 인근","효성메디칼약국","032-811-7997","1930","0900","1930","0900","1930","0900","1930","0900","1930","0900","1500","0900","C1400123","219","26","24880","37.4142894746235","126.67570405877792"
"경상북도 구미시 신비로 4, (신평동)","신평시장앞","효성약국","054-463-6237","2030","0900","2030","0900","2030","0900","2030","0900","2030","0900","1630","0900","1500","0830","C2700663","392","52","24881","36.123051005601525","128.36314475324065"
"경상남도 진주시 진주대로 628, 1층 (가좌동)","효성약국","055-920-5466","1900","0900","1900","0900","1900","0900","1900","0900","1900","0900","1330","0900","C2800682","528","20","24882","35.16312194513437","128.106942556049"
"전북특별자치도 전주시 완산구 백제대로 46 (삼천동1가)","평화동사거리에서 새창짜임아파트 방향","효성약국","063-286-7909","1800","0830","1800","0830","1800","0830","1800","0830","1800","0830","1300","0830","C2500185","551","04","24883","35.79894305374502","127.12970835580958"
"경상북도 경주시 화랑로 107 (동부동)","효성약국","054-746-3703","1800","0900","1800","0900","1800","0900","1800","0900","1800","0900","1300","0900","C2700627","381","45","24884","35.844813281172385","129.21249978298033"
"경상북도 김천시 부곡중앙4길 33, 1층 (부곡동)","약국","부곡동 신협 맞은편","효성약국","054-439-4475","1800","0900","1800","0900","1230","0900","1800","0900","1800","0900","1230","0900","C2700144","396","27","24885","36.123626749342606","128.09734069428322"
"경상북도 포항시 북구 기계면 기계로56번길 1","기계면경대연합의원옆","효성약국","054-244-1611","1730","0900","1730","0900","1730","0900","1730","0900","1730","0900","1300","0900","C2700718","375","28","24886","36.07018331187491","129.2101873561856"
"경상북도 경산시 하양읍 하양로 46, 103,104호","효성약국","053-854-4487","2230","0900","2230","0900","2230","0900","2230","0900","2230","0900","1800","1000","C2700450","384","36","24887","35.90973745232085","128.81475936489116"
"울산광역시 중구 남외2길 50, 105호 (남외동, 트레져프라자)","트레져프라자 105호","효성약국","281-7715","2000","0900","2000","0900","2000","0900","2000","0900","2000","0900","1700","0900","C1700134","681","800","24888","35.56824537954673","129.35028640562678"
"대구광역시 동구 경안로 719 (서호동)","반야월지하철역1번출구","효성약국","053-965-7585","1900","0900","1900","0900","1900","0900","1900","0900","1900","0900","1300","0900","C1300843","411","17","24889","35.86624127595798","128.71343756570147"
"충청북도 청주시 흥덕구 가경로 9-19, 106호 (가경동)","효성약국","043-233-0987","1930","0900","1930","0900","1930","0900","1930","0900","1930","0900","1300","0900","C2300391","284","13","24890","36.6161623820307","127.44302469014609"
"서울 강동구 고덕로 262 효성해링턴타워더퍼스트 1층 115호 (명일동)","효성약국","02-422-5275","1900","0900","1900","0900","1900","0900","1900","0900","1900","0900","1300","0900","C1109676","052","69","24891","37.5546676606413","127.154622234195"
"충청북도 영동군 영동읍 중앙로 18-1, 약국","사정에 따라 변동 가능","주변 약국 운영 안할시 운영함 평일 운영X. 주말 운영O","효성약국","043-745-1004","1800","1400","1800","0800","1800","0800","C2300961","291","45","24892","36.17409838293791","127.77576029101492"
"인천광역시 미추홀구 한나루로 499-3, 1층 (용현동)","효성약국","032-547-4858","2100","0900","2100","0900","2100","0900","2100","0900","2100","0900","1800","0900","C1400983","222","09","24893","37.50249325996793","126.73114564366727"
"강원특별자치도 원주시 문막읍 문막시장1길 10,","문막새마을금고 앞/ 송광선내과 옆","효성약국","033-735-0802","1800","0830","1800","0830","1800","0830","1500","0830","1800","0830","1300","0830","C2200194","263","73","24894","37.308269444444441","127.817288888888882"
"대구광역시 북구 칠곡중앙대로 537, 1층 (읍내동)","칠곡초등학교와칠곡시장사이건너편","효성약국","053-321-3030","1900","0900","1900","0900","1900","0900","1900","0900","1900","0900","1300","0900","C1300560","414","42","24895","35.9436481395","128.5504607197"
"대구광역시 달성군 비슬로 2207 (옥포면) 효성약국","효성약국","053-611-5559","1830","0900","1830","0900","1830","0900","1830","0900","1830","0900","1300","0900","C1301229","429","70","24896","35.78884744373357","128.46312829776087"
"대구광역시 남구 신촌길 57, 401동 103호 (봉덕동, 앞산비스타동원)","효성타운상가1층(관리실옆)","효성약국","053-475-0005","1900","0930","1900","0930","1900","0930","1900","0930","1900","0930","1500","0930","1500","0900","C1300686","425","10","24897","35.83797808247134","128.60179890113207"
"대구광역시 서구 달서천로57길 56, 1층 (비산동)","만평네거리만평연합의원옆쪽","효성약국","053-352-0335","1900","0900","1900","0900","1900","0900","1900","0900","1900","0900","1400","0900","1300","0900","C1300184","417","14","24898","35.88881662447139","128.56322465356197"
"경기도 하남시 아리수로 570, 미사역 효성해링턴 타워 더 퍼스트 2층 2026호 (망월동)","효성약국","031-8027-6663","2100","0900","2100","0900","2100","0900","2100","0900","2100","0900","1400","0900","C2108003","129","13","24899","37.566814942608524","127.19040906067276"
"경상남도 사천시 곤양면 서삼로 8","곤양터미널 근처","효성약국","055-852-6384","1830","0800","1830","0800","1830","0800","1830","0800","1830","0800","1300","0800","C2800480","525","04","24900","35.05669355443589","127.96185072481771"
"울산광역시 남구 중앙로 282, 1층 (신정동)","건강한윌병원 1층에 위치한 효성약국입니다.","효성약국","052-261-9965","1830","0900","1830","0900","1830","0900","1830","0900","1830","0900","1300","0900","1300","0900","C1700333","446","79","24901","35.53398901469379","129.31310381691583"
"울산광역시 울주군 언양읍 동문길 65 (언양읍)","공휴일은 방문전 전화 확인 요망","구언양파출소앞","효성약국","052-263-0890","1830","0800","1830","0830","1830","0830","1830","0800","1830","0800","1300","0800","C1700034","449","41","24902","35.56544072751483","129.12500523555366"
"서울특별시 마포구 성미산로 91, (성산동)","경성고, 홍익디자인고 인근","효성약국","02-336-1680","2100","1200","2100","1200","2100","1200","2100","1200","2100","1200","2000","1200","C1100193","039","78","24903","37.5612666383139","126.917636669928"
"인천광역시 연수구 원인재로 88, 101호 (동춘동,대우삼환아파트상가)","토요일 약국 마감시간 유동적","효성약국","032-814-7997","2100","0930","2100","0930","2100","0930","2100","0930","2100","0930","2030","0930","C1400505","219","74","24904","37.40638492952423","126.67737588170706"
"서울특별시 종로구 창신길 95 (창신동)","창신2동 경로당 앞","효성약국","02-763-4386","2000","0800","2000","0800","2000","0800","2000","0800","2000","0800","2000","0800","C1100192","030","89","24905","37.5758606827301","127.010305208867"
"서울특별시 동작구 상도로 181 (상도동, 효성약국)","장승배기역 5번출구","효성약국","02-813-0467","1900","0900","1900","0900","1900","0900","1900","0900","1900","0900","1400","0900","C1103165","069","37","24906","37.5049579530291","126.938830531935"
"전라남도 순천시 우명길 41 (연향동)","순천한국병원 맞은편","효성온누리약국","061-745-0082","1800","0830","1800","0830","1800","0830","1800","0830","1800","0830","1300","0830","C2600502","579","91","24907","34.947714232187124","127.51283113781217"
"경기도 의왕시 경수대로 237, (고천동)","1번국도수원방향고천버스정류장앞","효성온누리약국","031-455-9955","1830","0900","1830","0900","1830","0900","1830","0900","1830","0900","1430","0900","C2101281","160","76","24908","37.347785224453","126.9737169684337"
"경기도 용인시 기흥구 구성로 110, 104호(언남동,용구프라자)","용구프라자 104","효성온누리약국","031-285-1053","2100","0900","2100","0900","2100","0900","2100","0900","2100","0900","1800","0900","C2103386","169","19","24909","37.29311199435674","127.12095455970183"
"인천광역시 계양구 안남로 548","효성일층약국","032-555-4927","1300","0900","1300","0900","1300","0900","1300","0900","1300","0900","1300","0900","C1400818","210","97","24910","37.531899209272225","126.71120824540746"
"인천광역시 계양구 안남로 548 (효성동)","일요일 - 능동적 운영(연락 후 방문)","천지수사우나 건물 1층","효성프라자약국","032-545-4927","2200","0930","2200","0930","2200","0930","2200","0930","2200","0930","2200","0930","2200","0830","2130","1000","C1400253","210","97","24911","37.5319230004","126.7110689952"
"인천광역시 계양구 새벌로 108, 상가동 110호 (효성동)","효성현대약국","032-546-5001","1730","1000","1730","1000","1730","1000","1730","1000","1730","1000","C1401997","211","11","24912","37.5265458489692","126.716838627857"
"부산광역시 영도구 태종로 98","버스정류장: 구)영도구청 옆/모닝아일랜드 402호","효승당약국","051-413-0322","2000","0900","2000","0900","2000","0900","2000","0900","2000","0900","1800","0900","C1200251","490","52","24913","35.0911977213396","129.04147772008514"
"서울특별시 관악구 남부순환로 1868, 1층 (봉천동)","일요일, 공휴일 휴무","효심당약국","02-875-7500","2000","0930","2000","0930","2000","0930","2000","0930","2000","0930","1700","1000","1700","1000","C1110026","087","89","24914","37.479367624495","126.956992200589"
"경상남도 양산시 물금읍 야리로 21, 102호","효심약국","070-4647-3738","2100","0900","2100","0900","2100","0900","2100","0900","2100","0900","2100","0900","2000","0900","2100","0900","C2802257","506","13","24915","35.3174497518737","129.00111424816"
"서울특별시 강동구 천호대로 1099, 정산타워빌딩 1층 101호 (천호동)","강동역 2번출구 앞","효약국","02-775-3065","1900","0900","1900","0900","1900","0900","1900","0900","1900","0900","1500","0900","C1102891","053","39","24916","37.5357610390815","127.1341185836"
"경기도 시흥시 은행로167번길 6 (대야동, 청송빌딩 101호)","시흥청소년수련관옆","효약국","031-311-1707","1800","0900","1800","0900","1800","0900","1800","0900","1800","0900","1300","0900","C2103724","149","14","24917","37.44563875748344","126.79796927102623"
"충청남도 논산시 강경읍 황산길 8 (강경읍)","대흥시장 내","효약국","041-745-8275","1800","0800","1800","0800","1800","0800","1800","0800","1800","0800","1230","0800","C2400732","329","30","24918","36.1562653707","127.0125442468"
"세종특별자치시 새롬중앙로 34, 크리스마스빌딩 103호 (새롬동)","수요일 오전 휴무 (14:00 ~ 19:00) 일요일 및 공휴일 휴무","수요일 오전 휴무 (14:00 ~ 19:00) 일요일 및 공휴일 휴무","새롬동","효약국","0448630728","1900","0900","1900","0900","1900","1400","1900","0900","1900","0900","1300","0900","C1800332","301","27","24919","36.4845919164256","127.252492570609"
"전라남도 여수시 문수로 96 (문수동)","임의원","효약국","061-655-2440","1800","0900","1900","0900","1800","0900","1800","0900","1800","0900","1300","0900","C2600113","597","13","24920","34.754686554645","127.70543996071096"
"인천광역시 연수구 청학로 5 (청학동, 행복빌딩)","효약국","032-833-5798","1900","0900","1900","0900","1900","0900","1900","0900","1900","0900","1400","0900","C1401631","219","03","24921","37.4275608449","126.6632506283"
"경기도 광명시 광명로 926, 1층 (광명동)","3호 / 동양연립 옆","효약국","02-2617-8255","1900","0830","1900","0830","1900","0830","1900","0830","1900","0830","1500","0830","C2103113","142","20","24922","37.48135690680054","126.85565084790701"
"충청남도 공주시 용당길 3-1 (산성동)","효약국","041-858-2111","1830","0830","1830","0830","1830","0830","1830","0830","1830","0830","1330","0830","C2401339","325","40","24923","36.45852782160935","127.12452186603991"
"경기도 이천시 부발읍 대산로 476-13, 1층 (덕원빌딩)","효양약국","031-635-4881","1300","0900","1300","0900","1300","0900","1300","0900","1300","0900","1600","0900","1300","0900","C2100942","173","27","24924","37.2598885617","127.4795684412"
"강원특별자치도 춘천시 서부대성로239번길 47-26 (후평동)","공휴일은 유동적","강원대학교병원 암센터노인보건의료센터입구","효온누리약국","033-255-2738","1930","0830","1930","0830","1930","0830","1930","0830","1930","0830","1330","0830","C2200518","242","80","24925","37.87601760233629","127.74617746455152"
"부산광역시 해운대구 재반로256번길 15, (반여동)","반여3동 골목시장내","효원약국","051-783-1180","2000","0900","2000","0900","2000","0900","2000","0900","2000","0900","2000","0900","2000","0900","C1200710","480","25","24926","35.20003611111112","129.13247500000176"
"경기도 김포시 사우중로 82, 사우프라자 1층 (사우동)","김포보건소 근처 사우프라자 1층","효원약국","031-983-1290","2000","0900","2000","0900","2000","0900","2000","0900","2000","0900","1630","0900","1300","0900","C2100378","101","11","24927","37.621675453321735","126.7210585613793"
"경기도 부천시 범안로 221, 1층 103호 (옥길동)","효원온누리약국","032-345-7676","2100","0900","2100","0900","2100","0900","2100","0900","2100","0900","1800","0900","1800","0900","C2107945","147","89","24928","37.462649668194","126.81274452871934"
"부산광역시 해운대구 삼어로 61","버스정류장: 우방신세계타운상가","효은약국","051-525-2420","1900","0900","1900","0900","1900","0900","1900","0900","1900","0900","1400","0900","C1200595","480","46","24929","35.20258612014392","129.11639200791575"
"경기도 부천시 중동로248번길 23, VIVANT 1층 101호 (중동)","미리내삼성아파트 맞은편 메트로팰리스건물1층 (조규학여성병원 맞은편)","효인약국","032-321-0733","2000","0900","2000","0900","2000","0900","2000","0900","2000","0900","1600","0900","C2100202","145","48","24930","37.50156425702872","126.76978912508937"
"전북특별자치도 전주시 완산구 서원로 355 (중화산동1가)","예수병원 응급실 밑에 위치.","효인약국","063-288-8724","1830","0900","1830","0900","1830","0900","1830","0900","1830","0900","1200","0900","C2500425","549","87","24931","35.813541666666666","127.132591666666670"
"전북특별자치도 전주시 완산구 호암로 63, 104호 (효자동2가)","효자 휴먼시아3단지 후문 상가","효자사랑약국","063-237-0048","2000","0900","2000","0900","2000","0900","2000","0900","2000","0900","1800","0900","1800","0900","C2500867","550","62","24932","35.80930842703989","127.10154428952363"
"전북특별자치도 전주시 완산구 백제대로 120, 미래내과 (효자동1가)","kt사거리 미래내과 옆","효자순약국","063-225-7863","1800","0830","1800","0830","1800","0830","1800","0830","1800","0830","1300","0830","C2500705","550","93","24933","35.80385836522359","127.12467571250176"
"전북특별자치도 전주시 완산구 쑥고개로 317 (효자동2가)","공휴일은 주말인 경우만 운영함","효자애플약국","063-221-1412","1800","0900","1800","0900","1800","0900","1800","0900","1800","0900","1200","0800","C2501106","550","65","24934","35.802550333372764","127.09990272688478"
"충청북도 제천시 의림대로18길 3, 1층 (중앙로2가)","효자약국","043-651-3216","1830","0900","1830","0900","1530","0900","1830","0900","1830","0900","1300","0900","1300","0900","C2300137","271","73","24935","37.1402579563472","128.21194190236355"
"전북특별자치도 전주시 완산구 우전로 225 (효자동2가)","효자우리약국","063-236-2282","1800","0900","1800","0900","1800","0900","1800","0900","1800","0900","1230","0900","C2501089","549","65","24936","35.81421993659798","127.10048156947937"
"경기도 안양시 만안구 병목안로 121, 1층 (안양동)","효자원한약국","031-444-1075","1800","0900","1800","0900","1800","0900","1800","0900","1800","0900","C2106893","140","20","24937","37.392790680949325","126.90986059012363"
"전북특별자치도 전주시 완산구 용머리로 32, 대일빌딩 202호 (효자동1가)","효자제일약국","063-229-7582","1830","0900","1830","0900","1830","0900","1830","0900","1830","0900","1400","0900","C2501431","550","80","24938","35.8056958395738","127.113881423182"
"전북특별자치도 전주시 완산구 효동2길 1 (효자동1가)","효자조은약국","063-223-1276","1930","0830","1930","0830","1930","0830","1930","0830","1930","0830","1400","0830","C2501100","550","94","24939","35.805858237456654","127.12812861011358"
"경상북도 포항시 남구 효자동길6번길 10, (효자동)","효자동사무소.효자파출소앞","효자한약국","054-272-0573","2000","0900","2000","0900","2000","0900","2000","0900","2000","0900","1800","0900","1800","0900","C2700310","376","64","24940","36.00823474883132","129.3311512627031"
"울산광역시 중구 성안로 200 (성안동)","효정약국","052-235-8568","1830","0900","1830","0900","1300","0900","1830","0900","1830","0900","1300","0900","C1700098","444","17","24941","35.57773403185781","129.31851655162262"
"경기도 가평군 설악면 미사리로 267-181, 1층","효정약국","031-585-7639","1830","0900","1830","0900","1830","0900","1830","0900","1830","0900","1400","0900","C2107875","124","61","24942","37.690448871265865","127.52189618280532"
"서울특별시 은평구 서오릉로 204","구산사거리","효제메디컬약국","02-389-3844","1830","0900","1830","0900","1830","0900","1830","0900","1830","0900","1530","0900","C1100194","033","25","24943","37.6141988951157","126.911337797744"
"서울특별시 서대문구 세검정로 32","홍제역 1번출구 골목","효제약국","02-391-7615","1800","0900","1800","0900","1800","0900","1800","0900","1800","0900","1300","0900","C1100195","036","24","24944","37.5915517291907","126.944996213528"
"서울특별시 용산구 백범로 259, 지층(효창동)","효창공원앞역 1번출구에서 공덕역 방향","효창약국","02-2611-2789","1830","0900","1830","0900","1830","0900","1830","0900","1830","0900","1400","0900","C1104619","043","18","24945","37.5407790604169","126.958386616227"
"광주광역시 남구 효천2로가길 9, 102호 (임암동)","효천약국","062-454-7969","1800","0830","1800","0830","1800","0830","1800","0830","1800","0830","1300","0900","C1501222","617","54","24946","35.10161267859446","126.87408418011393"
"광주광역시 남구 서문대로 351, 예솔빌딩 1층 101호 (임암동)","공휴일 전화 연락 후 방문 요함","효천온누리약국","062-676-8702","1830","0900","1830","0900","1830","0900","1830","0900","1830","0900","1300","0830","1300","0900","C1501388","617","54","24947","35.0997106306917","126.877266621914"
"대전광역시 동구 계족로382번길 35, (성남동)","일요일 공휴일은 변동 가능함","효촌아파트정문앞","효촌약국","042-628-6429","1900","0930","1900","0930","1900","0930","1900","0930","1900","0930","1900","0900","1900","0900","1900","0900","C1600512","345","79","24948","36.346456003074785","127.43491706036623"
"경기도 고양시 일산서구 일산로 547, 일신1조합상가 102호 (일산동)","후곡수약국","031-918-0957","1800","0900","1800","0900","1800","0900","1800","0900","1800","0900","C2108258","103","75","24949","37.6549065288016","126.771540271088"
"경기도 부천시 수도로 22 (약대동)","다니엘병원","후문소담약국","032-682-7575","1800","0900","1800","0900","1800","0900","1800","0900","1800","0900","1800","0900","C2100293","145","13","24950","37.512583873009234","126.76909451474465"
"경상북도 경주시 석현로 21, 1층 101호 (석장동)","후문약국","054-777-1533","1800","0830","1800","0830","1800","0830","1800","0830","1800","0830","1300","0830","C2701691","380","67","24951","35.8590437919123","129.193391919174"
"대구광역시 북구 호국로 807-9(학정동)","후문약국","053-311-8079","1800","0900","1800","0900","1800","0900","1800","0900","1800","0900","C1301780","414","04","24952","35.9567605896278","128.565873391396"
"서울특별시 성동구 마조로 22-3, (행당동)","한양대학교병원 후문 근처","후문약국","02-2299-7800","1900","0830","1900","0830","1900","0830","1900","0830","1900","0830","1330","0830","C1100707","047","62","24953","37.5598226320419","127.041414136941"
"경기도 구리시 동구릉로6번길 13 (교문동, 후문약국)","후문약국","031-563-9800","1800","0900","1800","0900","1800","0900","1800","0900","1800","0900","1300","0900","C2107273","119","23","24954","37.601557887","127.1318195513"
"부산광역시 서구 구덕로185번길 36 (아미동2가)","부산대학병원 후문","후문약국","051-231-2600","1730","0830","1730","0830","1730","0830","1730","0830","1730","0830","C1200048","492","41","24955","35.101430555555552","129.017813888888895"
"서울특별시 도봉구 도봉로109길 58, (쌍문동)","한일병원 후문 인근","후문약국","02-995-8588","1800","0900","1800","0900","1800","0900","1800","0900","1800","0900","1300","0900","C1103211","014","44","24956","37.6471800024959","127.030236734193"
"서울특별시 구로구 가마산로 222 (구로동)","고대구로병원후문","후문약국","02-851-2811","1830","0830","1830","0830","1830","0830","1830","0830","1830","0830","1300","0900","C1100213","083","08","24957","37.4934958067022","126.88578839021"
"서울특별시 노원구 공릉로59나길 64 (하계동)","하계역 3번 출구/을지병원모자모건센터옆","후문약국","02-971-0241","1830","0750","1830","0750","1830","0750","1830","0750","1830","0750","1300","0830","C1102193","018","30","24958","37.6358986511018","127.069683496473"
"서울특별시 도봉구 노해로40길 72 (쌍문동, 쌍문한양아파트)","한일병원 후문 쌍문한양아파트상가","후문한일약국","02-999-9101","1800","0900","1800","0900","1800","0900","1800","0900","1800","0900","1300","0900","1200","0900","C1100224","014","49","24959","37.646742794246","127.030083812739"
"경상북도 김천시 김천로 62 (평화동)","약국","박경욱내과","후생당약국","054-434-3775","1830","0900","1830","0900","1830","0900","1830","0900","1830","0900","1300","0900","C2700524","396","07","24960","36.12598273380665","128.10989124117225"
"서울특별시 송파구 마천로45길 15 (마천동)","마천역 2번출구/마천시장 옆","후생약국","02-400-0614","2130","0900","2130","0900","2130","0900","2130","0900","2130","0900","2130","0900","2130","0930","2130","0900","C1100162","057","56","24961","37.4973942103357","127.150043068724"
"서울특별시 노원구 동일로227길 26","마들역 8번출구/상계주공아파트15단지상가","후생약국","02-934-4861","1900","0900","1900","0900","1900","0900","1900","0900","1900","0900","1530","0900","C1100161","016","17","24962","37.6701880464645","127.054677638301"
"강원특별자치도 횡성군 횡성읍 읍상서로5번길 34","일요일 운영 유동적임. 전화 후 방문","후생약국","033-343-2652","1900","0830","1900","0830","1900","0830","1900","0830","1900","0830","1900","0830","1900","0900","1900","0900","C2200222","252","32","24963","37.4898531070406","127.98661366441482"
"서울특별시 영등포구 국제금융로 78","샛강역 2번출구","후생약국","02-783-1144","1900","0900","1900","0900","1900","0900","1900","0900","1900","0900","1800","0900","C1102194","073","33","24964","37.5208724804701","126.931298156696"
"경기도 김포시 양촌읍 양곡로 537 (양촌읍)","양곡사거리우체국건너편","후암사랑샘약국","031-982-4767","2100","0830","2100","0830","2100","0830","2100","0830","2100","0830","0900","0830","2100","0900","C2100381","100","59","24965","37.65487445631456","126.62376019063251"
"경상북도 울진군 후포면 후포삼율로 128","2021년 휴일지킴이약국 운영 - 2.21, 3.21, 4.18, 5.16, 6.20, 7.18, 8.15, 9.19, 10.17, 11.21, 12.19","삼율삼거리","후포백두산약국","054-788-5006","2000","0800","2000","0800","2000","0800","2000","0800","2000","0800","1500","0800","1800","0800","C2701038","363","70","24966","36.68135034155287","129.44308185150453"
"경상북도 울진군 후포면 울진대게로 20","후포농협옆","후포소망약국","054-787-7807","1830","0800","1830","0800","1830","0800","1830","0800","1830","0800","1300","0800","C2700929","363","70","24967","36.67735088325984","129.44324726164086"
"경상북도 울진군 후포면 후포삼율로 130, 후포약국","2021년 휴일지킴이약국 운영 - 2.28, 3.7, 3.14, 3.28, 4.4, 4.11, 4.25, 5.2, 5.9, 5.23, 5.30, 6.6, 6.13, 6.27, 7.4, 7.11, 7.25, 8.1, 8.8, 8.22, 8.29, 9.5, 9.12, 9.26, 10.3, 10.10, 10.24 10.31, 11.7, 11.14, 11.28, 12.5, 12.12, 12.26","후포면 삼율3거리 위치","후포약국","054-787-2577","2000","0800","2000","0800","2000","0800","2000","0800","2000","0800","2000","0800","1700","0800","C2700002","363","70","24968","36.6814766296963","129.443087078048"
"경기도 고양시 일산동구 숲속마을로 48, 105호 (풍동, 신성프라자)","훈민약국","031-901-1235","2100","0900","2100","0900","2100","0900","2100","0900","2100","0900","1500","0900","C2103108","103","06","24969","37.66745851798154","126.79794535942506"
"부산광역시 수영구 연수로 408, 지하1,1층 (광안동)","점심시간 13:00-14:00","망미중앙시장 부산은행 뒤 8층건물 메디플러스 102호, 유료주차타워 동물의약품도 취급합니다.","훈스약국","051-754-4997","1900","0900","1900","0900","1900","0900","1900","0900","1900","0900","1330","0900","C1202462","482","42","24970","35.1751897312","129.104440638"
"경상남도 김해시 장유로 469, 롯데 프리미엄 아울렛 김해점 1층 (신문동)","훈약국","055-000-0000","2000","1030","2000","1030","2000","1030","2000","1030","2100","1030","2100","1030","2100","1030","2100","1030","C2802336","510","11","24971","35.1850621204763","128.829596369018"
"충청북도 청주시 서원구 청남로 2010, 대동크리닉빌딩 1층 (분평동)","연중무휴","훈약국","043-283-1026","2100","0900","2100","0900","2100","0900","2100","0900","2100","0900","1800","0900","1800","1200","1800","1200","C2301311","287","90","24972","36.6116885446998","127.485419191824"
"경기도 하남시 미사강변동로 100-1, 미사역 파라곤 스퀘어 1층 1024호 (망월동)","훈약국","070-7622-0719","1900","0900","1900","0900","1900","0900","1900","0900","1900","0900","C2108920","129","12","24973","37.5639612578823","127.193600096193"
"경기도 평택시 평택로 95(통복동)","훈약국","031-653-5676","1800","1000","1800","1000","1800","1000","1800","1000","1800","1000","C2108580","179","18","24974","36.9948182717302","127.083254547262"
"경상북도 포항시 북구 양학로 61, 세븐스퀘어 112호 (득량동)","훈약국","054-284-0188","2000","0900","1900","0900","1900","0900","1900","0900","2000","0900","1400","0900","C2701760","376","96","24975","36.0284949375739","129.347504594711"
"경상남도 양산시 동면 금오13길 20, 센텀빌딩 103~104호","훈훈약국","055-385-0427","2000","0900","2000","0900","2000","0900","2000","0900","2000","0900","1600","0900","1400","0900","1400","0900","C2801742","506","50","24976","35.31712736594355","129.0257155139978"
"부산광역시 강서구 명지국제8로 230, 산양타워 104,105호 (명지동)","버스정류장: 명지국제신도시호반1차베르디움","훈훈약국","051-207-0427","2000","0900","2000","0900","2000","0900","2000","0900","2000","0900","1600","0900","C1202510","467","26","24977","35.09791661086561","128.9178877245911"
"경상북도 경주시 금성로 287 (성건동, 이룸프라자)","훈훈한약국","054-777-5718","2000","0800","2000","0800","2000","0800","2000","0800","2000","0800","1500","0800","1300","0900","1300","0900","C2701433","381","56","24978","35.8430812833","129.2066109308"
"경상남도 창원시 성산구 대정로 138 (대방동, 대방대동아파트)","대방초등학교위","훼미리약국","055-284-8310","1900","0900","1900","0900","1900","0900","1900","0900","1900","0900","1300","0900","C2800332","514","64","24979","35.21174512484588","128.70762135383123"
"서울특별시 구로구 고척로 139, (고척동)","세곡초교입구","훼미리약국","02-2683-3785","2030","0900","2030","0900","2030","0900","2030","0900","2030","0900","1900","0900","C1103361","082","46","24980","37.5027700975246","126.849279825906"
"인천광역시 남동구 독점로3번길 30-16","길병원 여성센터와 외각센터 사이에 위치","훼미리약국","032-462-0045","1900","0830","1900","0830","1900","0830","1900","0830","1900","0830","1500","0830","C1400076","215","65","24981","37.450851312414024","126.70917555980664"
"서울특별시 송파구 중대로 68 (문정동, 훼미리샤르망 106호)","가락시장역 8번출구 바로앞/훼미리샤르망 106호","훼미리약국","02-400-2112","2000","0900","2000","0900","2000","0900","2000","0900","2000","0900","1600","0900","C1100165","058","33","24982","37.4915653895479","127.116437188825"
"경기도 용인시 기흥구 마북로 152 (마북동)","마북동 주민센터앞","훼미리약국","031-286-2824","2030","0900","2030","0900","2030","0900","2030","0900","2030","0900","1830","0900","C2103383","169","10","24983","37.30347680123424","127.12348323082375"
"경기도 화성시 효행로 1051, 메인프라자 407-1호 및 407-2호 일부 (진안동)","훼미리약국","031-221-0340","1900","0900","1900","0900","1900","0900","1900","0900","1900","0900","C2100948","183","98","24984","37.21448159147519","127.04188581526803"
"경기도 성남시 분당구 미금로 39, 102호 (구미동, 로얄프라자)","훼밀리약국","031-717-4906","1900","0900","1900","0900","1900","0900","1900","0900","1900","0900","1700","0900","C2106703","136","25","24985","37.336857635009224","127.11602225387818"
"경상북도 구미시 산호대로27길 23, 1층 101호 (옥계동)","휘명약국","054-715-2100","2400","1400","2400","1400","2400","1400","2400","1400","2400","1400","2400","1400","2400","1400","2400","1400","C2701784","391","86","24986","36.1388988445587","128.417049961205"
"인천광역시 남동구 앵고개로847번길 64, 골든프라자 (논현동)","대체공휴일 08:40~19:00","소래휴먼시아아파트 3단지 앞 건물 1층","휴먼시아약국","032-425-2060","1900","0840","1900","0840","1900","0840","1900","0840","1900","0840","1400","0845","1300","0845","C1400780","216","79","24987","37.3987402772","126.7249799085"
"인천광역시 부평구 길주로494번길 25, 1층 일부호 (청천동)","휴베이스 가정약국","032-362-1017","1800","1000","1800","1000","1800","1000","1800","1000","1800","1000","C1402013","213","64","24988","37.5064747992958","126.717103104916"
"부산광역시 수영구 수영로 551, 1층 (광안동)","2호선 광안역 6번출구/자모여성병원 주차타워 앞","휴베이스 광안바다약국","051-753-7522","1900","0900","1830","0900","1830","0900","1830","0900","1830","0900","1600","0900","C1200732","482","61","24989","35.155062569","129.1122523403"
"서울특별시 중랑구 신내로 71 (신내동)","휴베이스 국제약국","02-3423-0828","2000","0900","2000","0900","2000","0900","2000","0900","2000","0900","1600","0900","C1104015","020","76","24990","37.60554852465","127.095110195174"
"경기도 남양주시 진접읍 해밀예당1로 40, 화성프라자 104호","휴베이스 범약국","031-528-7031","2000","0900","2000","0900","2000","0900","2000","0900","1900","0900","1400","0900","C2108292","120","66","24991","37.7122987492447","127.186905679814"
"경상남도 창원시 성산구 원이대로 578, 구트병원빌딩 (중앙동)","휴베이스 올리브약국","0552761041","1830","0900","1830","0900","1830","0900","1830","0900","1830","0900","1500","0900","C2801763","515","13","24992","35.242877261840455","128.65182303831114"
"전라남도 목포시 삼학로16번길 6, 1층 (상락동2가)","휴베이스 최약국","061-272-0058","1830","0800","1830","0800","1830","0800","1830","0800","1830","0800","1300","0800","C2601097","587","52","24993","34.79002063589999","126.38717265409998"
"서울특별시 강동구 고덕로 133 상가 125호 (암사동)","공휴일은 전화확인하세요","휴베이스 캐슬약국","02-442-9980","2000","0840","2000","0840","2000","0840","2000","0840","2000","0840","2000","0840","1200","0900","1800","0930","C1107257","052","36","24994","37.5552528493133","127.140347239304"
"경기도 파주시 금빛로 24-22, 굿닥터스빌딩 1층 104호 (금촌동)","휴베이스 튼튼약국","031-944-0142","2100","0900","2100","0900","2100","0900","2100","0900","2100","0900","1700","0900","1800","1200","C2108964","109","15","24995","37.7516520643314","126.767910265155"
"전라남도 여수시 망마로 42 (학동)","일요일 전화 후 방문","휴베이스 푸른약국","061-684-6118","1840","0900","1840","0900","1840","0900","1840","0900","1840","0900","1320","0900","C2600389","596","89","24996","34.759154366634924","127.66730643119365"
"전라남도 나주시 정보화길 52, 1층 102호 (빛가람동)","휴베이스 한빛약국","061-332-9930","2000","0800","2000","0800","2000","0800","2000","0800","2000","0800","1500","0800","C2601254","583","23","24997","35.0238561355022","126.799694463404"
"부산광역시 사상구 학감대로 232, 1층 (감전동, 사상와이드빌)","휴베이스건강약국","051-982-5688","1800","0830","1800","0830","1800","0830","1800","0830","1800","0830","1330","0830","C1202781","469","85","24998","35.1515821222881","128.990256505202"
"서울특별시 서초구 서초중앙로24길 10, 316 TOWER 1층 (서초동)","휴베이스교대365약국","02-599-8683","2000","0800","2000","0800","2000","0800","2000","0800","2000","0800","1800","0900","1800","0900","1800","0900","C1110573","066","06","24999","37.4944415356967","127.014858535596"
"경기도 용인시 기흥구 용구대로 2398, 연원마을벽산아파트 상가 208호 (마북동)","휴베이스구성약국","031-285-9369","2100","0900","2100","0900","2100","0900","2100","0900","2100","0900","2100","0900","C2109313","169","21","25000","37.3003041075341","127.107284192734"
